ply
format ascii 1.0
element vertex 3136
property float x
property float y
property float z
end_header
0.5279787182807922 0.3489851951599121 0.646605908870697
0.5350165367126465 0.0029246993362903595 0.6608847975730896
0.5412226319313049 -0.272125780582428 0.6318848133087158
0.5464165806770325 -0.47447189688682556 0.5643265843391418
0.5504679679870605 -0.6066652536392212 0.46518006920814514
0.5533037781715393 -0.6751741766929626 0.3430747091770172
0.5549066066741943 -0.6896583437919617 0.20758965611457825
0.5553087592124939 -0.6620163321495056 0.0685570165514946
0.55458003282547 -0.6053919196128845 -0.06451583653688431
0.5528146624565125 -0.5333027839660645 -0.18283770978450775
0.5501184463500977 -0.45898789167404175 -0.278521329164505
0.5465968251228333 -0.3950210511684418 -0.34458065032958984
0.5421192049980164 -0.3506371080875397 -0.3765358328819275
0.5356563925743103 -0.32443147897720337 -0.377273291349411
0.5259975790977478 -0.31252744793891907 -0.3513120412826538
0.5119765996932983 -0.3112087845802307 -0.3029545843601227
0.492461234331131 -0.31692615151405334 -0.23626457154750824
0.4663386642932892 -0.3262910842895508 -0.1550576388835907
0.43249961733818054 -0.33605992794036865 -0.06290655583143234
0.38981834053993225 -0.3431094288825989 0.036846451461315155
0.33713096380233765 -0.3444037437438965 0.14106668531894684
0.2732097804546356 -0.3369547426700592 0.2467990666627884
0.19673354923725128 -0.3177744746208191 0.3512341380119324
0.10708741843700409 -0.28464001417160034 0.4518687427043915
0.006857641972601414 -0.23850522935390472 0.5470305681228638
-0.10060209035873413 -0.1810452789068222 0.6351728439331055
-0.21194468438625336 -0.11387155950069427 0.7146491408348083
-0.3237806558609009 -0.038565412163734436 0.7837028503417969
-0.4326365292072296 0.043293073773384094 0.840457022190094
-0.5349224805831909 0.13010142743587494 0.8829106688499451
-0.6269019246101379 0.2202104926109314 0.9089337587356567
-0.7046732306480408 0.3119082450866699 0.9162687063217163
-0.7641558051109314 0.40340307354927063 0.9025359749794006
-0.8010838031768799 0.4928104281425476 0.8652424812316895
-0.8121462464332581 0.5782289505004883 0.8027928471565247
-0.7984622120857239 0.6580040454864502 0.7175297141075134
-0.7622998356819153 0.7305141687393188 0.6128368377685547
-0.7059610486030579 0.794086217880249 0.49216264486312866
-0.6317814588546753 0.8469878435134888 0.3590245544910431
-0.5421338081359863 0.8874175548553467 0.21701857447624207
-0.4394337832927704 0.91349196434021 0.06983330100774765
-0.3261444866657257 0.9232332706451416 -0.0787389799952507
-0.20478558540344238 0.9145527482032776 -0.22478130459785461
-0.07794339209794998 0.8852314352989197 -0.3642311096191406
0.051714930683374405 0.8328993320465088 -0.492852121591568
0.1818564087152481 0.7554271817207336 -0.6063370704650879
0.3115237355232239 0.6524069309234619 -0.7004856467247009
0.4394334554672241 0.5245097875595093 -0.7705999612808228
0.5634922981262207 0.37351924180984497 -0.8116779327392578
0.6808843016624451 0.20267395675182343 -0.8189759254455566
0.788274884223938 0.016859663650393486 -0.7887145280838013
0.8821479678153992 -0.17745520174503326 -0.7188332676887512
0.9592514038085938 -0.372612327337265 -0.6096239686012268
1.0170661211013794 -0.5604586601257324 -0.46405789256095886
1.0541964769363403 -0.7332333922386169 -0.2876695394515991
1.0705783367156982 -0.8844423890113831 -0.08798351138830185
0.7006900906562805 0.5754136443138123 0.5123778581619263
0.5811436772346497 0.25597089529037476 0.5148404836654663
0.4798199236392975 -0.003184676170349121 0.489080011844635
0.3976491689682007 -0.20127946138381958 0.4387567937374115
0.3346562087535858 -0.3404819369316101 0.3687775433063507
0.2899824380874634 -0.4257015287876129 0.2849767208099365
0.2619858980178833 -0.4641597270965576 0.1937461495399475
0.2483973354101181 -0.46481695771217346 0.10166812688112259
0.24650387465953827 -0.4377484917640686 0.015200575813651085
0.25333231687545776 -0.39356088638305664 -0.05955399572849274
0.2658097743988037 -0.3429124653339386 -0.11698036640882492
0.28088703751564026 -0.29617419838905334 -0.1519857943058014
0.2958366572856903 -0.26130586862564087 -0.1613250970840454
0.30891868472099304 -0.2381630837917328 -0.14750804007053375
0.31869417428970337 -0.22463387250900269 -0.11438310891389847
0.3237999975681305 -0.21865162253379822 -0.06567156314849854
0.32294026017189026 -0.21821728348731995 -0.004925573244690895
0.3148731589317322 -0.22141139209270477 0.06449537724256516
0.298392653465271 -0.22639726102352142 0.13943202793598175
0.2723068296909332 -0.2314165234565735 0.21692045032978058
0.2354121059179306 -0.23477792739868164 0.29417479038238525
0.18646453320980072 -0.23484055697917938 0.36856192350387573
0.12414593994617462 -0.22999148070812225 0.43756845593452454
0.047848235815763474 -0.21893417835235596 0.4991309940814972
-0.03988522291183472 -0.20160368084907532 0.5526745319366455
-0.13578742742538452 -0.17820671200752258 0.597919225692749
-0.23663735389709473 -0.14891402423381805 0.6345056295394897
-0.33921417593955994 -0.11386975646018982 0.6620003581047058
-0.4402608573436737 -0.07319973409175873 0.6799032092094421
-0.536455512046814 -0.02701868675649166 0.6876523494720459
-0.6243861317634583 0.024561244994401932 0.6846319437026978
-0.7005361318588257 0.08142467588186264 0.670179009437561
-0.7612745761871338 0.14344541728496552 0.6435925960540771
-0.8028534054756165 0.21047908067703247 0.6041437983512878
-0.8223565220832825 0.2819547653198242 0.5515151619911194
-0.8205737471580505 0.3556640148162842 0.48709797859191895
-0.7992321252822876 0.42896974086761475 0.4127136468887329
-0.7600563764572144 0.49920183420181274 0.33018630743026733
-0.7047640681266785 0.5636495351791382 0.24134184420108795
-0.6350605487823486 0.6195478439331055 0.14801058173179626
-0.5526395440101624 0.6640596389770508 0.05203357711434364
-0.4591810703277588 0.6942571401596069 -0.044732868671417236
-0.3563545346260071 0.7070950865745544 -0.14040662348270416
-0.2458212524652481 0.6993802785873413 -0.23306827247142792
-0.12924185395240784 0.6677349209785461 -0.320745050907135
-0.008188275620341301 0.6095497012138367 -0.4011872708797455
0.11594225466251373 0.5261386036872864 -0.4710979759693146
0.24129579961299896 0.42021918296813965 -0.5265675783157349
0.3653903007507324 0.29521259665489197 -0.5633977651596069
0.4851445257663727 0.1554303765296936 -0.577359139919281
0.5969889760017395 0.0061513581313192844 -0.5645498037338257
0.6970775127410889 -0.1464567631483078 -0.521832287311554
0.7815998792648315 -0.2956061065196991 -0.4472891688346863
0.8471565842628479 -0.43433064222335815 -0.340611070394516
0.8911416530609131 -0.5560563802719116 -0.20332381129264832
0.912055492401123 -0.6551970839500427 -0.03878180310130119
0.8127588033676147 0.773948073387146 0.36155155301094055
0.594170331954956 0.47757676243782043 0.3618246912956238
0.4099315404891968 0.23132063448429108 0.3448414206504822
0.26094695925712585 0.03555523604154587 0.31319448351860046
0.14677374064922333 -0.11132786422967911 0.27014651894569397
0.06565998494625092 -0.21282269060611725 0.21947167813777924
0.014676708728075027 -0.27408039569854736 0.16527289152145386
-0.010079720057547092 -0.3015870153903961 0.11179647594690323
-0.013243208639323711 -0.30279096961021423 0.06326493620872498
7.589462620671839e-05 -0.2857293486595154 0.0237435270100832
0.024527788162231445 -0.25868886709213257 -0.0029504597187042236
0.054722219705581665 -0.22993136942386627 -0.013292407616972923
0.08592493832111359 -0.2061019241809845 -0.005109364166855812
0.11574699729681015 -0.1880345344543457 0.019356878474354744
0.14246073365211487 -0.1751035451889038 0.056813109666109085
0.16444885730743408 -0.16666516661643982 0.10405668616294861
0.1802005171775818 -0.16207486391067505 0.15802276134490967
0.18829931318759918 -0.1607009470462799 0.21581219136714935
0.18740369379520416 -0.16193391382694244 0.274701327085495
0.17622211575508118 -0.1651921570301056 0.3321382999420166
0.1534833163022995 -0.16992440819740295 0.3857259750366211
0.11790245026350021 -0.17560981214046478 0.4331957697868347
0.06814207881689072 -0.18175527453422546 0.47237271070480347
0.0035889868158847094 -0.18779827654361725 0.5016341209411621
-0.07322853058576584 -0.1928228735923767 0.5213391780853271
-0.1590864360332489 -0.19583043456077576 0.5322596430778503
-0.2508366107940674 -0.1958228200674057 0.5350891351699829
-0.345363050699234 -0.19179454445838928 0.5304613709449768
-0.4395467936992645 -0.1827273666858673 0.5189653635025024
-0.5302401781082153 -0.1675868183374405 0.5011592507362366
-0.6142435073852539 -0.14532102644443512 0.477581262588501
-0.6882937550544739 -0.11486143618822098 0.4487600028514862
-0.7490557432174683 -0.07512614130973816 0.41522321105003357
-0.7931216955184937 -0.025025591254234314 0.37750571966171265
-0.8178299069404602 0.03577960655093193 0.33614012598991394
-0.8237236738204956 0.1046234667301178 0.2916046380996704
-0.812146008014679 0.17809252440929413 0.24435125291347504
-0.7844219207763672 0.25277310609817505 0.1948174685239792
-0.7418497204780579 0.3252449929714203 0.14342492818832397
-0.6856932640075684 0.39206647872924805 0.09057941287755966
-0.6171768307685852 0.4497547447681427 0.03667203709483147
-0.5374802350997925 0.4947611093521118 -0.017921218648552895
-0.4477360248565674 0.5234383940696716 -0.07283727824687958
-0.34902840852737427 0.5320005416870117 -0.12772443890571594
-0.2423934042453766 0.5164743065834045 -0.18223939836025238
-0.12898468971252441 0.474016398191452 -0.2355988472700119
-0.01072815340012312 0.40715402364730835 -0.2851438522338867
0.10988710820674896 0.3200291693210602 -0.32752105593681335
0.2298976480960846 0.21723629534244537 -0.35914602875709534
0.3458734154701233 0.10393712669610977 -0.376303106546402
0.4539828300476074 -0.014108799397945404 -0.37531009316444397
0.5501316785812378 -0.13061918318271637 -0.35274654626846313
0.6301825046539307 -0.23898959159851074 -0.3057299554347992
0.6902368664741516 -0.33260828256607056 -0.23220962285995483
0.7269557118415833 -0.4052664637565613 -0.1312331259250641
0.7378725409507751 -0.4516090452671051 -0.00313771516084671
0.8670217394828796 0.9422286748886108 0.19941990077495575
0.5773516297340393 0.6658199429512024 0.20620490610599518
0.3342439830303192 0.4300228953361511 0.2027393877506256
0.13807448744773865 0.2351810783147812 0.19072458148002625
-0.012241308577358723 0.08033876121044159 0.17222873866558075
-0.11921381950378418 -0.03673205152153969 0.14961311221122742
-0.18666279315948486 -0.11943025141954422 0.12544411420822144
-0.21953153610229492 -0.1721632331609726 0.10240033268928528
-0.22365300357341766 -0.20014114677906036 0.08318290114402771
-0.20549392700195312 -0.2091512382030487 0.0704367458820343
-0.17189893126487732 -0.20533180236816406 0.06668800115585327
-0.1298571527004242 -0.19496576488018036 0.07430141419172287
-0.08553652465343475 -0.1833852082490921 0.09464295208454132
-0.04188016429543495 -0.17213892936706543 0.12569032609462738
-0.0009273082832805812 -0.16180698573589325 0.16461679339408875
0.035425927489995956 -0.15292906761169434 0.20868125557899475
0.06542935222387314 -0.14600424468517303 0.25527217984199524
0.08746904134750366 -0.14149393141269684 0.30193203687667847
0.10004694014787674 -0.13982805609703064 0.3463638126850128
0.10175328701734543 -0.14141340553760529 0.38642415404319763
0.09123193472623825 -0.14664357900619507 0.4201031029224396
0.06714105606079102 -0.15591073036193848 0.44549524784088135
0.028108403086662292 -0.16961859166622162 0.46076253056526184
-0.026492074131965637 -0.1877884417772293 0.46468159556388855
-0.09411995857954025 -0.20885691046714783 0.458347886800766
-0.17155390977859497 -0.23091043531894684 0.4433438181877136
-0.2556714117527008 -0.2520725131034851 0.4211672842502594
-0.34340524673461914 -0.2704838812351227 0.3932580053806305
-0.43170908093452454 -0.28428733348846436 0.36101865768432617
-0.5175318717956543 -0.2916175425052643 0.32583165168762207
-0.597796618938446 -0.2905944287776947 0.2890735864639282
-0.6693898439407349 -0.27932092547416687 0.25212448835372925
-0.729154109954834 -0.25588491559028625 0.2163754254579544
-0.7738893032073975 -0.21836552023887634 0.18323327600955963
-0.8010899424552917 -0.16582386195659637 0.15376992523670197
-0.8111509084701538 -0.10124318301677704 0.12766194343566895
-0.8051852583885193 -0.02855786867439747 0.10422927141189575
-0.7842836976051331 0.04833177104592323 0.08278588205575943
-0.7495018243789673 0.12555502355098724 0.06263937056064606
-0.7018507719039917 0.19925686717033386 0.04308994859457016
-0.6422896981239319 0.26557594537734985 0.023428086191415787
-0.571716845035553 0.32061782479286194 0.002929866313934326
-0.4909661114215851 0.3604165315628052 -0.01914845034480095
-0.40080031752586365 0.3808884620666504 -0.04357811063528061
-0.301908940076828 0.3777754604816437 -0.07116713374853134
-0.1952587515115738 0.3481776714324951 -0.10217321664094925
-0.08328793942928314 0.2954341173171997 -0.1344488561153412
0.030917899683117867 0.2246178537607193 -0.16511189937591553
0.14390911161899567 0.1411035805940628 -0.19111672043800354
0.25186803936958313 0.05065375193953514 -0.20927637815475464
0.3506476879119873 -0.04056026041507721 -0.21632301807403564
0.4358658492565155 -0.12601380050182343 -0.2090112715959549
0.5030621290206909 -0.19897544384002686 -0.18426299095153809
0.5479100346565247 -0.2527388334274292 -0.13934575021266937
0.5664762258529663 -0.28093448281288147 -0.07207029312849045
0.5555018186569214 -0.2778932750225067 0.019014867022633553
0.8689462542533875 1.079553246498108 0.031443215906620026
0.5350109338760376 0.8203306794166565 0.05217298865318298
0.2555195689201355 0.592979907989502 0.0660710409283638
0.030259275808930397 0.39804983139038086 0.0742042288184166
-0.1423836350440979 0.23526912927627563 0.07786690443754196
-0.2654106914997101 0.10353000462055206 0.07854713499546051
-0.3431306779384613 0.0009140244219452143 0.07788340002298355
-0.38101568818092346 -0.07524364441633224 0.07761511951684952
-0.3855064809322357 -0.12825530767440796 0.07953063398599625
-0.36378416419029236 -0.16195812821388245 0.08541660010814667
-0.32352524995803833 -0.18057622015476227 0.09701209515333176
-0.27265891432762146 -0.18857897818088531 0.1159702017903328
-0.21825048327445984 -0.19003114104270935 0.14317728579044342
-0.16368050873279572 -0.18696223199367523 0.17683027684688568
-0.11129090934991837 -0.18088819086551666 0.2145041674375534
-0.06325271725654602 -0.17329365015029907 0.25386807322502136
-0.02155553549528122 -0.16560623049736023 0.2927212417125702
0.011986537836492062 -0.15918245911598206 0.32901063561439514
0.03571440279483795 -0.1553044617176056 0.36083149909973145
0.048093728721141815 -0.1551852822303772 0.38641542196273804
0.047675762325525284 -0.15998204052448273 0.4041064977645874
0.03305261582136154 -0.17081503570079803 0.41232994198799133
0.002806377597153187 -0.18879248201847076 0.40955257415771484
-0.04370717331767082 -0.21440216898918152 0.3948839604854584
-0.10391209274530411 -0.24564813077449799 0.36994534730911255
-0.174555242061615 -0.27999237179756165 0.3368854522705078
-0.25249993801116943 -0.3149645924568176 0.2977615296840668
-0.33468154072761536 -0.3481336236000061 0.25457116961479187
-0.41807207465171814 -0.3770861029624939 0.20927627384662628
-0.49965545535087585 -0.39941197633743286 0.1638215184211731
-0.5764061808586121 -0.4126947820186615 0.1201496347784996
-0.645279586315155 -0.4145084023475647 0.08020885288715363
-0.7032063007354736 -0.40241894125938416 0.04595870152115822
-0.7470930218696594 -0.37399184703826904 0.019370220601558685
-0.7745243310928345 -0.32791852951049805 0.001830239431001246
-0.7858450412750244 -0.26734402775764465 -0.0076361061073839664
-0.7820823788642883 -0.19647666811943054 -0.010587165132164955
-0.7642387747764587 -0.11946235597133636 -0.008568142540752888
-0.7332794666290283 -0.040387097746133804 -0.0031092334538698196
-0.6901200413703918 0.0367109477519989 0.0042729973793029785
-0.6356175541877747 0.10781879723072052 0.012070544995367527
-0.5705613493919373 0.16892047226428986 0.018775928765535355
-0.49566709995269775 0.21595630049705505 0.022870207205414772
-0.4115692973136902 0.24477285146713257 0.022807428613305092
-0.31881722807884216 0.25106191635131836 0.016995001584291458
-0.2183508723974228 0.23199644684791565 0.004448460415005684
-0.11305800080299377 0.19141119718551636 -0.013144374825060368
-0.006536529865115881 0.13492034375667572 -0.03336213156580925
0.09731879830360413 0.06835243105888367 -0.05368433892726898
0.19430430233478546 -0.002172760898247361 -0.07147733122110367
0.2799282670021057 -0.07021763920783997 -0.08400272578001022
0.3494758903980255 -0.1290591061115265 -0.08845217525959015
0.398125559091568 -0.17179030179977417 -0.0820106491446495
0.42111238837242126 -0.19149045646190643 -0.06194747984409332
0.4139392375946045 -0.18146392703056335 -0.025732893496751785
0.372623085975647 -0.13553622364997864 0.028826912865042686
0.8259701728820801 1.1867386102676392 -0.1371356099843979
0.47217631340026855 0.9421320557594299 -0.0964689627289772
0.17645873129367828 0.721505880355835 -0.062262002378702164
-0.06179576739668846 0.5257502794265747 -0.03382563963532448
-0.2444785237312317 0.35526660084724426 -0.010287286713719368
-0.3747723698616028 0.20992863178253174 0.009393973276019096
-0.4571079611778259 0.08906590193510056 0.02640407532453537
-0.4970637261867523 -0.008529765531420708 0.0420437715947628
-0.501213788986206 -0.08457321673631668 0.05769304186105728
-0.4769348204135895 -0.14123377203941345 0.0747726783156395
-0.43218332529067993 -0.18106448650360107 0.09470511972904205
-0.3752579092979431 -0.2069181203842163 0.11887720227241516
-0.31363585591316223 -0.2216806709766388 0.14804236590862274
-0.25100719928741455 -0.2276657521724701 0.180648073554039
-0.1899837851524353 -0.2270781695842743 0.2146259993314743
-0.1329859346151352 -0.2221207171678543 0.2480097860097885
-0.08222336322069168 -0.21494147181510925 0.2789624035358429
-0.03969714790582657 -0.2075996696949005 0.3057861030101776
-0.007219600956887007 -0.2020496129989624 0.3269175589084625
0.013553467579185963 -0.2001398205757141 0.34091147780418396
0.021079745143651962 -0.2036256194114685 0.3464144170284271
0.013880513608455658 -0.2141922265291214 0.3421315848827362
-0.009515471756458282 -0.23348750174045563 0.32678771018981934
-0.049775246530771255 -0.2623724341392517 0.2997489869594574
-0.10426950454711914 -0.2986225485801697 0.26295849680900574
-0.16968616843223572 -0.33934399485588074 0.2188999503850937
-0.2428429275751114 -0.3817315399646759 0.1699633151292801
-0.32064056396484375 -0.42303454875946045 0.1184784471988678
-0.40002739429473877 -0.4605320692062378 0.06674101203680038
-0.4779733121395111 -0.4915158748626709 0.01703054830431938
-0.551449179649353 -0.5132790803909302 -0.028375068679451942
-0.6174175143241882 -0.5231131315231323 -0.06719382107257843
-0.6728277802467346 -0.5183101892471313 -0.09713680297136307
-0.7146194577217102 -0.49617210030555725 -0.11591185629367828
-0.7404207587242126 -0.45519039034843445 -0.12198147177696228
-0.7506183385848999 -0.3985227346420288 -0.11680619418621063
-0.746279239654541 -0.33042922616004944 -0.10257303714752197
-0.7284450531005859 -0.25508996844291687 -0.08143521100282669
-0.6981173753738403 -0.17660340666770935 -0.05550757050514221
-0.6562443375587463 -0.09899743646383286 -0.026867948472499847
-0.603712260723114 -0.026251068338751793 0.0024358134251087904
-0.5413355231285095 0.0376778282225132 0.030375385656952858
-0.4698507785797119 0.08881108462810516 0.0549248605966568
-0.38991057872772217 0.12309960275888443 0.0740392729640007
-0.3020791709423065 0.13636088371276855 0.08562695980072021
-0.20738337934017181 0.12593433260917664 0.08821456879377365
-0.10908221453428268 0.09590514749288559 0.08304651826620102
-0.011187650263309479 0.052123747766017914 0.07206147164106369
0.08202425390481949 0.0006066111382097006 0.05724192038178444
0.16599580645561218 -0.05238925665616989 0.04064309597015381
0.2358984500169754 -0.10033358633518219 0.024408524855971336
0.2866819500923157 -0.1364385336637497 0.010769946500658989
0.3131672441959381 -0.15373019874095917 0.0020288557279855013
0.31018275022506714 -0.14517787098884583 0.0005192744429223239
0.2727464437484741 -0.10388404130935669 0.008550286293029785
0.1962878257036209 -0.02333075739443302 0.02832953631877899
0.7467655539512634 1.265856385231018 -0.30158424377441406
0.39422330260276794 1.0333877801895142 -0.23644667863845825
0.09959398955106735 0.8179352879524231 -0.17982041835784912
-0.13786306977272034 0.620790421962738 -0.1311882883310318
-0.32003992795944214 0.4429851770401001 -0.08983394503593445
-0.4500125050544739 0.2852438688278198 -0.054846689105033875
-0.5320260524749756 0.14794282615184784 -0.025135476142168045
-0.5714290738105774 0.031083254143595695 0.0005487440503202379
-0.5745559930801392 -0.06572061032056808 0.023582618683576584
-0.5485658645629883 -0.1432378739118576 0.04543397203087807
-0.5012426972389221 -0.20260031521320343 0.06762094795703888
-0.4407714009284973 -0.2452666163444519 0.09166939556598663
-0.374614953994751 -0.27307093143463135 0.1185266301035881
-0.3066444396972656 -0.28845664858818054 0.14693699777126312
-0.23969386518001556 -0.2941012978553772 0.17515811324119568
-0.17639252543449402 -0.2927204668521881 0.20154879987239838
-0.11913865804672241 -0.28699013590812683 0.22458875179290771
-0.07009685039520264 -0.27949291467666626 0.2428828626871109
-0.031217055395245552 -0.2726882994174957 0.2551526427268982
-0.0042677633464336395 -0.2689039409160614 0.2602178156375885
0.009117765352129936 -0.27034538984298706 0.2569698691368103
0.007387835066765547 -0.2791200280189514 0.24433961510658264
-0.010988465510308743 -0.2972743511199951 0.22125978767871857
-0.046706169843673706 -0.32596519589424133 0.1872803270816803
-0.0970708504319191 -0.36291685700416565 0.14448128640651703
-0.15869230031967163 -0.40510979294776917 0.09547515958547592
-0.22831909358501434 -0.44962364435195923 0.04278429225087166
-0.30278998613357544 -0.4936006963253021 -0.011125508695840836
-0.37899693846702576 -0.5342190265655518 -0.0638195052742958
-0.4538589417934418 -0.5686752200126648 -0.11287689208984375
-0.5243011713027954 -0.5941716432571411 -0.1558782160282135
-0.5872466564178467 -0.6079151630401611 -0.19040167331695557
-0.6396128535270691 -0.6071195602416992 -0.21402353048324585
-0.6783154606819153 -0.5890157222747803 -0.22432492673397064
-0.7009955048561096 -0.5520226359367371 -0.21974003314971924
-0.7081602811813354 -0.49918133020401 -0.2020512968301773
-0.7010226249694824 -0.4346195459365845 -0.17384199798107147
-0.6807671785354614 -0.3623761832714081 -0.13764432072639465
-0.6485348343849182 -0.2863980829715729 -0.09593261033296585
-0.6054092645645142 -0.210548534989357 -0.051124207675457
-0.5524082779884338 -0.1386265605688095 -0.005587439052760601
-0.49047550559043884 -0.07439416646957397 0.038346048444509506
-0.4204753041267395 -0.021615875884890556 0.07836121320724487
-0.3431887924671173 0.015892434865236282 0.11213386058807373
-0.25931161642074585 0.03420230746269226 0.1372978240251541
-0.17003926634788513 0.030885333195328712 0.15207542479038239
-0.0789245218038559 0.010090653784573078 0.1572730988264084
0.009702910669147968 -0.02232825569808483 0.15431982278823853
0.09125781059265137 -0.06037713214755058 0.14464323222637177
0.1608816236257553 -0.09785005450248718 0.12970468401908875
0.2134525030851364 -0.12829600274562836 0.11102531850337982
0.24363240599632263 -0.14502942562103271 0.09020361304283142
0.24595630168914795 -0.14119084179401398 0.06892088800668716
0.2149638533592224 -0.10985986143350601 0.04893516004085541
0.14537671208381653 -0.044223811477422714 0.032060764729976654
0.03231719881296158 0.06219947710633278 0.020133240148425102
0.6405414938926697 1.3199034929275513 -0.45785871148109436
0.30656763911247253 1.0971050262451172 -0.3650735914707184
0.027223166078329086 0.8853572607040405 -0.2846398949623108
-0.19811587035655975 0.6863589286804199 -0.21607908606529236
-0.37110960483551025 0.5017110705375671 -0.15865257382392883
-0.49449843168258667 0.3328632414340973 -0.11136006563901901
-0.572106122970581 0.18106041848659515 -0.07294847816228867
-0.6087943315505981 0.04729438200592995 -0.04193258658051491
-0.610370934009552 -0.06773632764816284 -0.016627322882413864
-0.5834516286849976 -0.16365638375282288 0.004810062702745199
-0.5352833271026611 -0.2404298186302185 0.024329565465450287
-0.4735378921031952 -0.2983618378639221 0.04393291473388672
-0.4053023159503937 -0.3383927643299103 0.06503760814666748
-0.33450764417648315 -0.3629841208457947 0.08673208206892014
-0.2641552984714508 -0.3751060366630554 0.1075795590877533
-0.19703727960586548 -0.3778097927570343 0.12623192369937897
-0.13570283353328705 -0.37412890791893005 0.14144401252269745
-0.08245228230953217 -0.36700868606567383 0.15207509696483612
-0.03935418277978897 -0.35926416516304016 0.15707927942276
-0.00827915221452713 -0.35356301069259644 0.1554879993200302
0.009052556939423084 -0.35243070125579834 0.14638561010360718
0.011014669202268124 -0.3582734167575836 0.12888021767139435
-0.003989466466009617 -0.3734164535999298 0.10207021236419678
-0.036688633263111115 -0.3992460072040558 0.06562796980142593
-0.08431806415319443 -0.433574378490448 0.021613378077745438
-0.14339768886566162 -0.4734378755092621 -0.027407312765717506
-0.21059121191501617 -0.5159733295440674 -0.07894884794950485
-0.28265589475631714 -0.5583820343017578 -0.13057488203048706
-0.3564041256904602 -0.5979018807411194 -0.17987465858459473
-0.428676962852478 -0.6317909359931946 -0.22444777190685272
-0.49632376432418823 -0.6573156714439392 -0.2618940472602844
-0.5561938881874084 -0.6717491745948792 -0.28981178998947144
-0.6051352620124817 -0.6723750233650208 -0.30580124258995056
-0.6399998068809509 -0.656498908996582 -0.3074741065502167
-0.6584199070930481 -0.6225595474243164 -0.2933298945426941
-0.6610860824584961 -0.5733828544616699 -0.2653224468231201
-0.6494399309158325 -0.5128238201141357 -0.22622448205947876
-0.624890148639679 -0.44464847445487976 -0.17874594032764435
-0.5887963175773621 -0.3725290596485138 -0.12552568316459656
-0.5424562096595764 -0.30004963278770447 -0.06913163512945175
-0.4870971441268921 -0.23072375357151031 -0.012069248594343662
-0.4238695800304413 -0.16801868379116058 0.04320590943098068
-0.3538452982902527 -0.11539213359355927 0.09426593035459518
-0.278015673160553 -0.07633806765079498 0.138683021068573
-0.19729411602020264 -0.05444360896945 0.17399407923221588
-0.11310234665870667 -0.05186275392770767 0.1982632279396057
-0.029218146577477455 -0.06451856344938278 0.21186991035938263
0.04979716241359711 -0.08672530204057693 0.2157193422317505
0.11912161111831665 -0.11267079412937164 0.21068020164966583
0.1736617535352707 -0.13635163009166718 0.19762301445007324
0.20807327330112457 -0.15154750645160675 0.17745359241962433
0.2168213278055191 -0.1518389731645584 0.15114156901836395
0.19428656995296478 -0.13067488372325897 0.11974257230758667
0.13491575419902802 -0.08149158209562302 0.08441320061683655
0.03341975063085556 0.002114133443683386 0.04641636461019516
-0.11498676240444183 0.12616068124771118 0.007116024848073721
0.5164772272109985 1.3524653911590576 -0.6026683449745178
0.21443627774715424 1.1368368864059448 -0.480241596698761
-0.03862006589770317 0.9273530840873718 -0.3752000331878662
-0.24303819239139557 0.7260918617248535 -0.28703999519348145
-0.4000927805900574 0.535148561000824 -0.2148992419242859
-0.5120339393615723 0.35657748579978943 -0.1575489193201065
-0.5820975303649902 0.19232916831970215 -0.11340143531560898
-0.6144722104072571 0.0441860668361187 -0.08053380250930786
-0.6142223477363586 -0.08629696816205978 -0.056728169322013855
-0.5871686935424805 -0.19784633815288544 -0.03952653706073761
-0.5397334098815918 -0.289512038230896 -0.026298245415091515
-0.47875460982322693 -0.360696017742157 -0.014315550215542316
-0.41064906120300293 -0.411624014377594 -0.0014850001316517591
-0.33930057287216187 -0.4447040855884552 0.011664561927318573
-0.26782408356666565 -0.4630579352378845 0.023989221081137657
-0.1991279125213623 -0.46992671489715576 0.03441062569618225
-0.13587531447410583 -0.46855777502059937 0.041927311569452286
-0.08047472685575485 -0.4621216952800751 0.04561580345034599
-0.0350954644382 -0.4536598026752472 0.04462289437651634
-0.0017001059604808688 -0.44605979323387146 0.03815126791596413
0.017907127737998962 -0.44205573201179504 0.025439586490392685
0.0220230370759964 -0.4442479610443115 0.005738497246056795
0.008979357779026031 -0.45514073967933655 -0.021717237308621407
-0.021993594244122505 -0.47629040479660034 -0.05717713013291359
-0.06806086003780365 -0.5056934952735901 -0.09872746467590332
-0.12564748525619507 -0.5405696630477905 -0.1439899057149887
-0.1913236528635025 -0.5782341957092285 -0.19065327942371368
-0.2617530822753906 -0.6160628199577332 -0.23644506931304932
-0.33365383744239807 -0.6514671444892883 -0.2791113555431366
-0.40377122163772583 -0.681877076625824 -0.31640395522117615
-0.46885809302330017 -0.7047312259674072 -0.3460732400417328
-0.5256676077842712 -0.7174754738807678 -0.36586853861808777
-0.5709525942802429 -0.7175672054290771 -0.3735431730747223
-0.6014745235443115 -0.7024877667427063 -0.3668667674064636
-0.6148422956466675 -0.6707609295845032 -0.3444772958755493
-0.6119749546051025 -0.6249342560768127 -0.3083702623844147
-0.5946006178855896 -0.5684981346130371 -0.2613312602043152
-0.5644095540046692 -0.5048604607582092 -0.20607787370681763
-0.5230363011360168 -0.4373391270637512 -0.1452498435974121
-0.4720473885536194 -0.3691665232181549 -0.08140882104635239
-0.4129343330860138 -0.3035042881965637 -0.017046494409441948
-0.3471095561981201 -0.2434643805027008 0.045402951538562775
-0.27590689063072205 -0.1921422779560089 0.10354024171829224
-0.2005852907896042 -0.15265806019306183 0.15497329831123352
-0.12233596295118332 -0.12820810079574585 0.19728119671344757
-0.04284510761499405 -0.12065157294273376 0.22848817706108093
0.03394153714179993 -0.12607598304748535 0.24857451021671295
0.10330415517091751 -0.1390795260667801 0.2579334080219269
0.16025210916996002 -0.15414400398731232 0.2568950355052948
0.19952897727489471 -0.16558116674423218 0.24576978385448456
0.21565525233745575 -0.1675207018852234 0.22488933801651
0.2030181735754013 -0.15394553542137146 0.1946476697921753
0.15601231157779694 -0.1187787875533104 0.15553948283195496
0.06923019140958786 -0.05602438002824783 0.10819564014673233
-0.062299203127622604 0.04004022479057312 0.053411781787872314
-0.24283355474472046 0.17462407052516937 -0.007831442169845104
0.38332441449165344 1.3674217462539673 -0.7334451675415039
0.12272299826145172 1.1564213037490845 -0.5803588628768921
-0.09616123139858246 0.9477663636207581 -0.4503593444824219
-0.2733325958251953 0.7438669800758362 -0.3429088294506073
-0.409608393907547 0.5472310185432434 -0.2569783627986908
-0.5066635012626648 0.3603992462158203 -0.19103647768497467
-0.5670418739318848 0.18587259948253632 -0.14305846393108368
-0.5941296815872192 0.026036078110337257 -0.11055830866098404
-0.5920901298522949 -0.11691588908433914 -0.09064321219921112
-0.5657607316970825 -0.24104931950569153 -0.08008762449026108
-0.5205190777778625 -0.3447496294975281 -0.07542399317026138
-0.4621245861053467 -0.4267665445804596 -0.07304390519857407
-0.3960966169834137 -0.4868006706237793 -0.07005221396684647
-0.32618382573127747 -0.5271716117858887 -0.06656993180513382
-0.2555665969848633 -0.5510490536689758 -0.06345419585704803
-0.1872284859418869 -0.561752200126648 -0.06152653694152832
-0.12391435354948044 -0.5626281499862671 -0.061562687158584595
-0.0681176632642746 -0.5569607615470886 -0.06429008394479752
-0.02209346741437912 -0.5479117631912231 -0.0703919380903244
0.012110783718526363 -0.5384898781776428 -0.08051673322916031
0.03260800987482071 -0.5315461158752441 -0.09529214352369308
0.037614621222019196 -0.5297902226448059 -0.11534245312213898
0.02538425661623478 -0.535824716091156 -0.1413094401359558
-0.004901108331978321 -0.5513246059417725 -0.17339061200618744
-0.050341520458459854 -0.5745214819908142 -0.2099127322435379
-0.10726800560951233 -0.6028903722763062 -0.2487937957048416
-0.1721549779176712 -0.6339934468269348 -0.2880023717880249
-0.2415674775838852 -0.6654477119445801 -0.32553428411483765
-0.31212174892425537 -0.6949019432067871 -0.3593962788581848
-0.3804582357406616 -0.7200216054916382 -0.38759684562683105
-0.4432224929332733 -0.7384802103042603 -0.40814104676246643
-0.4970587491989136 -0.7479578852653503 -0.4190332889556885
-0.5386112928390503 -0.7461462616920471 -0.4182834327220917
-0.5645350217819214 -0.7307608127593994 -0.4039202034473419
-0.5724078416824341 -0.7004500031471252 -0.37477782368659973
-0.5634019374847412 -0.657456636428833 -0.33278748393058777
-0.5395655035972595 -0.6048665642738342 -0.2806051969528198
-0.5029028654098511 -0.5456914305686951 -0.22081826627254486
-0.45535582304000854 -0.48286107182502747 -0.15593552589416504
-0.39879167079925537 -0.41922593116760254 -0.08838653564453125
-0.3349979519844055 -0.3575696051120758 -0.020529180765151978
-0.2656807601451874 -0.30062687397003174 0.0453382283449173
-0.19246917963027954 -0.2511124014854431 0.10695572197437286
-0.116923488676548 -0.2117571383714676 0.16207477450370789
-0.04054832085967064 -0.18535368144512177 0.20842356979846954
0.034684669226408005 -0.17346815764904022 0.2440827339887619
0.10470791161060333 -0.17240621149539948 0.2686863839626312
0.16470283269882202 -0.177115797996521 0.2821628153324127
0.20957157015800476 -0.18243996798992157 0.28435924649238586
0.23396627604961395 -0.1830763816833496 0.27509090304374695
0.23236529529094696 -0.17358429729938507 0.25419318675994873
0.19920504093170166 -0.14844226837158203 0.22157780826091766
0.12906967103481293 -0.10216112434864044 0.1772904247045517
0.01693430356681347 -0.02945108152925968 0.12156839668750763
-0.14154691994190216 0.07456180453300476 0.05489310249686241
-0.3497261106967926 0.2140815556049347 -0.021967504173517227
0.24918974936008453 1.368719220161438 -0.8482458591461182
0.03592917323112488 1.1597731113433838 -0.6642513871192932
-0.14385248720645905 0.9505167603492737 -0.5092695951461792
-0.28983137011528015 0.7436362504959106 -0.38275015354156494
-0.40236034989356995 0.5419653654098511 -0.2834944427013397
-0.48250865936279297 0.3484121561050415 -0.2096426784992218
-0.5320728421211243 0.165876567363739 -0.15868934988975525
-0.5535544157028198 -0.002836804371327162 -0.12752863764762878
-0.5501067638397217 -0.15510326623916626 -0.11252891272306442
-0.5254499912261963 -0.2885577082633972 -0.10963144153356552
-0.4837622046470642 -0.40116187930107117 -0.1144685372710228
-0.42955121397972107 -0.4912559986114502 -0.12249306589365005
-0.3672786056995392 -0.5582056641578674 -0.12996339797973633
-0.30049148201942444 -0.6042369604110718 -0.13658209145069122
-0.23239712417125702 -0.632501482963562 -0.14291906356811523
-0.16602185368537903 -0.6463181972503662 -0.14954034984111786
-0.10416726768016815 -0.6490499973297119 -0.15699853003025055
-0.04939449205994606 -0.6440107226371765 -0.16582819819450378
-0.0040346006862819195 -0.6344013214111328 -0.17654575407505035
0.029783649370074272 -0.6232758164405823 -0.18965326249599457
0.050088897347450256 -0.6135321855545044 -0.20564578473567963
0.05501232668757439 -0.6079248785972595 -0.225021630525589
0.04272273927927017 -0.6090953350067139 -0.24829557538032532
0.01234580110758543 -0.6187929511070251 -0.27562105655670166
-0.033162616193294525 -0.6354917287826538 -0.305629700422287
-0.09004589915275574 -0.6569401621818542 -0.3366130590438843
-0.15468573570251465 -0.6809635758399963 -0.36689555644989014
-0.223549947142601 -0.7054364681243896 -0.394817590713501
-0.29315295815467834 -0.7282607555389404 -0.4187236726284027
-0.3600296974182129 -0.7473539710044861 -0.4369564652442932
-0.4207165837287903 -0.7606400847434998 -0.44785451889038086
-0.4717472195625305 -0.7660502195358276 -0.4497561752796173
-0.5096542835235596 -0.7615262866020203 -0.44100651144981384
-0.5309827327728271 -0.7450320720672607 -0.4199700951576233
-0.5332760214805603 -0.7153549790382385 -0.3857210874557495
-0.5179652571678162 -0.6744444370269775 -0.34004688262939453
-0.48742616176605225 -0.6249929070472717 -0.2853657007217407
-0.44398462772369385 -0.5696272253990173 -0.22403010725975037
-0.3898976147174835 -0.5109015107154846 -0.1583181470632553
-0.3273412585258484 -0.45129767060279846 -0.09043210744857788
-0.2584080100059509 -0.39323705434799194 -0.022506127133965492
-0.18510672450065613 -0.3390944302082062 0.04338324815034866
-0.10937166213989258 -0.2912234961986542 0.10519703477621078
-0.033075444400310516 -0.251988023519516 0.16090944409370422
0.04195163771510124 -0.22380122542381287 0.20847555994987488
0.1134495884180069 -0.2079610973596573 0.24611078202724457
0.17726664245128632 -0.2010107934474945 0.27318674325942993
0.22853364050388336 -0.19826753437519073 0.2892574667930603
0.26209917664527893 -0.19495810568332672 0.2937849164009094
0.2725902497768402 -0.18619374930858612 0.2861960828304291
0.2545299232006073 -0.16699646413326263 0.2659466564655304
0.20252001285552979 -0.13238097727298737 0.23259465396404266
0.11148665845394135 -0.07749271392822266 0.18587790429592133
-0.02301996760070324 0.0022005692590028048 0.12579409778118134
-0.2044925093650818 0.11067549884319305 0.052673518657684326
-0.435127854347229 0.25109604001045227 -0.03276221454143524
0.12147700786590576 1.3602133989334106 -0.945608377456665
-0.04182356595993042 1.1507346630096436 -0.7310436367988586
-0.18031944334506989 0.9394633173942566 -0.5512769222259521
-0.2934165298938751 0.7293007969856262 -0.4057752192020416
-0.38103461265563965 0.5233150720596313 -0.29318851232528687
-0.4436418116092682 0.32465893030166626 -0.21133850514888763
-0.48226508498191833 0.13647760450839996 -0.15724480152130127
-0.4984762370586395 -0.038185395300388336 -0.12718835473060608
-0.49435263872146606 -0.19647866487503052 -0.11680982261896133
-0.4724152088165283 -0.33582553267478943 -0.12123572826385498
-0.43554797768592834 -0.45399174094200134 -0.13522517681121826
-0.38690462708473206 -0.5491346716880798 -0.15332648158073425
-0.32979437708854675 -0.6204661726951599 -0.17098303139209747
-0.26751917600631714 -0.6701406240463257 -0.18748155236244202
-0.20328553020954132 -0.7012583017349243 -0.20309709012508392
-0.14013993740081787 -0.717093288898468 -0.21812960505485535
-0.08092407137155533 -0.7209728360176086 -0.232895627617836
-0.02825654111802578 -0.7161855697631836 -0.24772195518016815
0.015460197813808918 -0.7059181332588196 -0.2629419267177582
0.048015620559453964 -0.6932188868522644 -0.27889400720596313
0.06735014915466309 -0.6809865236282349 -0.2959228456020355
0.07150345295667648 -0.6719783544540405 -0.31438225507736206
0.05855260416865349 -0.6688372492790222 -0.3346409201622009
0.027559049427509308 -0.6733530759811401 -0.35679981112480164
-0.018478091806173325 -0.6842070817947388 -0.37983253598213196
-0.07572527229785919 -0.6993870139122009 -0.402452290058136
-0.14048036932945251 -0.7169481515884399 -0.4233885109424591
-0.20912159979343414 -0.734988808631897 -0.44137582182884216
-0.2780691385269165 -0.7516323924064636 -0.45514753460884094
-0.3437598645687103 -0.7650161981582642 -0.46343308687210083
-0.40262967348098755 -0.7732845544815063 -0.46495768427848816
-0.45110994577407837 -0.7745888233184814 -0.4584474265575409
-0.4856305718421936 -0.7670905590057373 -0.4426358938217163
-0.5026348829269409 -0.748972475528717 -0.41627615690231323
-0.49963533878326416 -0.7191451191902161 -0.37871164083480835
-0.47830694913864136 -0.6793138384819031 -0.33153223991394043
-0.4413345158100128 -0.6318396925926208 -0.27684515714645386
-0.39134764671325684 -0.5790258646011353 -0.2166975885629654
-0.3309006690979004 -0.5231094360351562 -0.15306854248046875
-0.2624623775482178 -0.46626344323158264 -0.08786913752555847
-0.18841418623924255 -0.4106045961380005 -0.022948961704969406
-0.11105344444513321 -0.35820651054382324 0.039894215762615204
-0.03260583057999611 -0.3111213445663452 0.09889650344848633
0.044756799936294556 -0.2714068293571472 0.15230615437030792
0.11889097839593887 -0.24116069078445435 0.19835492968559265
0.18726466596126556 -0.22146333754062653 0.23545542359352112
0.24567505717277527 -0.2090831995010376 0.26283517479896545
0.28924232721328735 -0.19968168437480927 0.27981340885162354
0.31280744075775146 -0.18884743750095367 0.28561413288116455
0.31102830171585083 -0.17208601534366608 0.2794297933578491
0.2785426080226898 -0.14486445486545563 0.2604956328868866
0.21020397543907166 -0.10271409153938293 0.2281769961118698
0.10138291865587234 -0.04138939455151558 0.18206320703029633
-0.051682934165000916 0.04292351379990578 0.12206318229436874
-0.2515236437320709 0.1533670574426651 0.04849056899547577
-0.4990967810153961 0.29216593503952026 -0.037872545421123505
0.005747995804995298 1.3451224565505981 -1.0249043703079224
-0.10750124603509903 1.1326547861099243 -0.7804915904998779
-0.20469804108142853 0.9180744290351868 -0.5762906074523926
-0.28504106402397156 0.7044329047203064 -0.41180089116096497
-0.34805557131767273 0.4949361979961395 -0.285539835691452
-0.39362356066703796 0.29285502433776855 -0.1950376182794571
-0.42199772596359253 0.1014258861541748 -0.13687749207019806
-0.43379950523376465 -0.07624543458223343 -0.10678018629550934
-0.42999884486198425 -0.23727452754974365 -0.09972724318504333
-0.41187936067581177 -0.37907639145851135 -0.11011406779289246
-0.3809903562068939 -0.49942609667778015 -0.1319226324558258
-0.33909010887145996 -0.5964990258216858 -0.15890087187290192
-0.2882980406284332 -0.6695156097412109 -0.1857656091451645
-0.23164717853069305 -0.7205951809883118 -0.21140128374099731
-0.17232529819011688 -0.7527816891670227 -0.23577691614627838
-0.11338464915752411 -0.769286036491394 -0.2589086592197418
-0.05769682303071022 -0.7733749151229858 -0.28085389733314514
-0.00793277844786644 -0.768283486366272 -0.30170488357543945
0.03343464806675911 -0.7571547627449036 -0.3215823471546173
0.06411062926054001 -0.7430040836334229 -0.3406304121017456
0.08194229751825333 -0.728705883026123 -0.3590121567249298
0.08487151563167572 -0.7169997096061707 -0.3769063651561737
0.07087748497724533 -0.7105134725570679 -0.3945060968399048
0.03895038366317749 -0.711053192615509 -0.41184014081954956
-0.007882601581513882 -0.7174422144889832 -0.4282386302947998
-0.06572581082582474 -0.7278323769569397 -0.4428611695766449
-0.13080672919750214 -0.7404359579086304 -0.4548681378364563
-0.19942721724510193 -0.7535037994384766 -0.4634162485599518
-0.26792725920677185 -0.7653107047080994 -0.46765679121017456
-0.33266115188598633 -0.7741439938545227 -0.4667353332042694
-0.38998129963874817 -0.7782993912696838 -0.45979464054107666
-0.4362349510192871 -0.7760791778564453 -0.4459787905216217
-0.46776875853538513 -0.7657968401908875 -0.4244403839111328
-0.48094314336776733 -0.7457854747772217 -0.3943496346473694
-0.47324833273887634 -0.7150406837463379 -0.3553351163864136
-0.446572870016098 -0.6750989556312561 -0.30875784158706665
-0.40387049317359924 -0.6280929446220398 -0.25637176632881165
-0.3480341136455536 -0.5761008858680725 -0.19987738132476807
-0.2818770706653595 -0.5211410522460938 -0.14091604948043823
-0.20812250673770905 -0.46517062187194824 -0.0810706615447998
-0.12940478324890137 -0.4100956320762634 -0.021872134879231453
-0.04827406629920006 -0.3577800989151001 0.0351920984685421
0.0327867828309536 -0.3100667893886566 0.08866241574287415
0.11134059727191925 -0.2688007652759552 0.13708816468715668
0.18496479094028473 -0.2358604073524475 0.17900310456752777
0.25088930130004883 -0.21218116581439972 0.21306493878364563
0.30489227175712585 -0.1947210431098938 0.2385040819644928
0.34211745858192444 -0.1794254034757614 0.25458550453186035
0.35743698477745056 -0.1621868759393692 0.2604849338531494
0.34558239579200745 -0.13884639739990234 0.2553545832633972
0.3013521134853363 -0.10525301098823547 0.2384026199579239
0.21989741921424866 -0.05738288164138794 0.20898562669754028
0.09707284718751907 0.008487319573760033 0.16670842468738556
-0.07017442584037781 0.09556272625923157 0.11152274161577225
-0.28342336416244507 0.20629280805587769 0.04381103441119194
-0.5424579977989197 0.34214460849761963 -0.03555773198604584
-0.09758446365594864 1.3246397972106934 -1.0876197814941406
-0.1613006442785263 1.1073812246322632 -0.8141860365867615
-0.21774707734584808 0.8886792659759521 -0.5860688090324402
-0.26595205068588257 0.6716693639755249 -0.40278005599975586
-0.3050636351108551 0.4596024453639984 -0.26269638538360596
-0.334378719329834 0.2557474672794342 -0.1630636304616928
-0.3533652126789093 0.06329267472028732 -0.10005443543195724
-0.3616761863231659 -0.11474942415952682 -0.06887546926736832
-0.35915476083755493 -0.27562543749809265 -0.06391561776399612
-0.3458290696144104 -0.4169088304042816 -0.0789237767457962
-0.3218996524810791 -0.5365478992462158 -0.10720326006412506
-0.2877193093299866 -0.6328920722007751 -0.14180852472782135
-0.24420824646949768 -0.705294132232666 -0.17682233452796936
-0.19411718845367432 -0.7558678984642029 -0.21074973046779633
-0.14060069620609283 -0.7875967621803284 -0.24325282871723175
-0.08670400828123093 -0.8036177158355713 -0.27405622601509094
-0.03531878814101219 -0.8071194887161255 -0.30294397473335266
0.010838976129889488 -0.8012638688087463 -0.32975420355796814
0.04922995716333389 -0.7891301512718201 -0.3543718457221985
0.07747632265090942 -0.7736812829971313 -0.3767208755016327
0.09333110600709915 -0.7577508687973022 -0.3967558443546295
0.09463679045438766 -0.7440472841262817 -0.4144539535045624
0.07927297800779343 -0.735173225402832 -0.42980697751045227
0.046154893934726715 -0.7329326868057251 -0.4427531063556671
-0.001677362248301506 -0.7362284064292908 -0.45298436284065247
-0.06028258055448532 -0.7433047890663147 -0.4601198136806488
-0.12583310902118683 -0.7524605989456177 -0.46376633644104004
-0.19457010924816132 -0.762030303478241 -0.4635196924209595
-0.2627699673175812 -0.7703704237937927 -0.45896637439727783
-0.32672277092933655 -0.7758506536483765 -0.449686735868454
-0.3827170133590698 -0.7768492698669434 -0.4352585971355438
-0.4270375669002533 -0.7717522978782654 -0.4152623414993286
-0.4559698700904846 -0.758956789970398 -0.3892861604690552
-0.46581384539604187 -0.7368784546852112 -0.35693320631980896
-0.45404791831970215 -0.7045587301254272 -0.31812500953674316
-0.42274147272109985 -0.6634378433227539 -0.2739729583263397
-0.375073105096817 -0.6155179738998413 -0.22585083544254303
-0.3141559660434723 -0.5627491474151611 -0.17508666217327118
-0.24301935732364655 -0.5070229768753052 -0.12295957654714584
-0.16459983587265015 -0.45017313957214355 -0.07070162147283554
-0.08174406737089157 -0.39398348331451416 -0.019503846764564514
0.002783516189083457 -0.34019753336906433 0.029476013034582138
0.08628110587596893 -0.2905368506908417 0.07510030269622803
0.1660836935043335 -0.24672378599643707 0.1162356436252594
0.23952731490135193 -0.21050983667373657 0.15173278748989105
0.3036399781703949 -0.18275520205497742 0.1805332750082016
0.3542098104953766 -0.1605738401412964 0.20201237499713898
0.38643306493759155 -0.14013755321502686 0.21555836498737335
0.3952433168888092 -0.11758539825677872 0.22048500180244446
0.37547656893730164 -0.08903387188911438 0.21609431505203247
0.32211965322494507 -0.05064759775996208 0.2017517387866974
0.23064231872558594 0.0012299882946535945 0.17697295546531677
0.09738919883966446 0.06989343464374542 0.1415148675441742
-0.0800018459558487 0.15805421769618988 0.09546250849962234
-0.30221620202064514 0.26761117577552795 0.0392969585955143
-0.5679758191108704 0.39944717288017273 -0.02606770023703575
-0.18920454382896423 1.2994228601455688 -1.1355689764022827
-0.20409737527370453 1.0763437747955322 -0.8340280652046204
-0.22055009007453918 0.8532764911651611 -0.5827192068099976
-0.23742282390594482 0.6333698034286499 -0.38110968470573425
-0.25347673892974854 0.41982603073120117 -0.2273942530155182
-0.26740673184394836 0.21580304205417633 -0.11851441115140915
-0.2778767943382263 0.024318575859069824 -0.05023667961359024
-0.28355515003204346 -0.15183614194393158 -0.01728244498372078
-0.28314727544784546 -0.31016725301742554 -0.01349999476224184
-0.2754240930080414 -0.44853147864341736 -0.03206305578351021
-0.25924384593963623 -0.565167248249054 -0.06568200141191483
-0.2335667908191681 -0.6587052941322327 -0.1068117618560791
-0.1981256902217865 -0.7287133932113647 -0.14898473024368286
-0.1553819477558136 -0.7773156762123108 -0.1903572827577591
-0.10844413191080093 -0.8074297904968262 -0.23029689490795135
-0.06033777445554733 -0.8221080899238586 -0.2682419419288635
-0.013962477445602417 -0.8244479894638062 -0.30370205640792847
0.027931101620197296 -0.8175233006477356 -0.3362540602684021
0.06274574995040894 -0.8043344020843506 -0.36553525924682617
0.08802726864814758 -0.7877782583236694 -0.3912339508533478
0.10143968462944031 -0.7706352472305298 -0.41307878494262695
0.10072995722293854 -0.7555727958679199 -0.4308270514011383
0.0836823359131813 -0.7451609373092651 -0.44425225257873535
0.049137651920318604 -0.7411878705024719 -0.45318904519081116
0.00013397085422184318 -0.7425842881202698 -0.4576893746852875
-0.059359289705753326 -0.7476270794868469 -0.4578361213207245
-0.12547652423381805 -0.754642903804779 -0.4536890983581543
-0.19441528618335724 -0.761991560459137 -0.44529062509536743
-0.26240700483322144 -0.7680541276931763 -0.4326712191104889
-0.3256972134113312 -0.771224856376648 -0.41585391759872437
-0.38053226470947266 -0.7699074149131775 -0.39485985040664673
-0.423157274723053 -0.7625135779380798 -0.36971211433410645
-0.44982030987739563 -0.7474668622016907 -0.3404406011104584
-0.4567844569683075 -0.7232083082199097 -0.307086706161499
-0.4415278434753418 -0.6887910962104797 -0.26986536383628845
-0.4062694311141968 -0.6456212997436523 -0.22962644696235657
-0.3543696403503418 -0.5956542491912842 -0.1873481124639511
-0.28911954164505005 -0.5407928228378296 -0.14397203922271729
-0.21372228860855103 -0.482882022857666 -0.10040207207202911
-0.13128706812858582 -0.4237098693847656 -0.05750737339258194
-0.044833242893218994 -0.36501452326774597 -0.01612815633416176
0.042699072510004044 -0.308494508266449 0.022917602211236954
0.1284269541501999 -0.2558266818523407 0.058823250234127045
0.20949481427669525 -0.20868761837482452 0.09078104794025421
0.28303468227386475 -0.16878218948841095 0.1179661974310875
0.34590819478034973 -0.1369566172361374 0.13963459432125092
0.3939383625984192 -0.11045442521572113 0.15543414652347565
0.4223971664905548 -0.08562658727169037 0.16503892838954926
0.42630240321159363 -0.058810751885175705 0.16807213425636292
0.4006141424179077 -0.026346921920776367 0.16415932774543762
0.34052225947380066 0.015344379469752312 0.15298952162265778
0.24181818962097168 0.06962359696626663 0.13438214361667633
0.10132300853729248 0.1394432634115219 0.10835383832454681
-0.08267460018396378 0.22712714970111847 0.0751771554350853
-0.3100423216819763 0.33415111899375916 0.03541938215494156
-0.578562319278717 0.4609636962413788 -0.010047334246337414
-0.2696467339992523 1.2700871229171753 -1.1703906059265137
-0.23666037619113922 1.040924072265625 -0.84178626537323
-0.2141198217868805 0.8138153553009033 -0.5682495832443237
-0.20068059861660004 0.5918428301811218 -0.3491060733795166
-0.19467966258525848 0.3780672252178192 -0.18229569494724274
-0.19417686760425568 0.1754341721534729 -0.06441126018762589
-0.197007954120636 -0.013311472721397877 0.00920128170400858
-0.20084461569786072 -0.18569867312908173 0.044290848076343536
-0.203257218003273 -0.33958491683006287 0.0475093275308609
-0.20177556574344635 -0.47319167852401733 0.026197489351034164
-0.19394372403621674 -0.5851183533668518 -0.011836807243525982
-0.1773655265569687 -0.6743369102478027 -0.05853116512298584
-0.150616854429245 -0.7406734228134155 -0.10694264620542526
-0.11586807668209076 -0.7862660884857178 -0.15491601824760437
-0.07617005705833435 -0.8139607906341553 -0.2015475183725357
-0.034515053033828735 -0.8267165422439575 -0.2460067868232727
0.006203384138643742 -0.827530562877655 -0.2875398099422455
0.04321383312344551 -0.8193789124488831 -0.32546722888946533
0.07387419044971466 -0.805173397064209 -0.35917797684669495
0.09566589444875717 -0.7877359986305237 -0.3881204128265381
0.10617472976446152 -0.7697868943214417 -0.4117899537086487
0.10306229442358017 -0.7539457678794861 -0.42971545457839966
0.08402708917856216 -0.7427463531494141 -0.44144436717033386
0.047840896993875504 -0.7379491925239563 -0.44670069217681885
-0.002475019311532378 -0.738472044467926 -0.4458879232406616
-0.06294205039739609 -0.742576003074646 -0.43954649567604065
-0.12967495620250702 -0.7485678195953369 -0.4281858801841736
-0.19884726405143738 -0.7547852396965027 -0.4122934639453888
-0.2666656970977783 -0.7595869302749634 -0.3923417031764984
-0.329353392124176 -0.7613449692726135 -0.36879441142082214
-0.3831375241279602 -0.758441686630249 -0.34211257100105286
-0.42424824833869934 -0.7492681741714478 -0.31275779008865356
-0.4489211142063141 -0.7322273254394531 -0.2811962366104126
-0.45340749621391296 -0.7057386040687561 -0.24790127575397491
-0.435199111700058 -0.6688399910926819 -0.21337570250034332
-0.396633505821228 -0.6229539513587952 -0.17820316553115845
-0.34121179580688477 -0.5700579285621643 -0.14296366274356842
-0.2723607122898102 -0.5120754837989807 -0.10821012407541275
-0.1934165507555008 -0.45087093114852905 -0.07446981966495514
-0.10762031376361847 -0.388250470161438 -0.04224807396531105
-0.018124936148524284 -0.3259703814983368 -0.012033790349960327
0.07199274748563766 -0.2657474875450134 0.01569492183625698
0.1597064882516861 -0.20927725732326508 0.040462374687194824
0.24200797080993652 -0.15825580060482025 0.061785995960235596
0.31586331129074097 -0.11440907418727875 0.07916494458913803
0.3780026435852051 -0.07862196117639542 0.09219036996364594
0.42430537939071655 -0.04824749380350113 0.10089558362960815
0.4501368999481201 -0.019777953624725342 0.1053864061832428
0.4506146013736725 0.01029001735150814 0.10575083643198013
0.42083367705345154 0.04543761536478996 0.1020955964922905
0.3561888039112091 0.08904175460338593 0.09458170086145401
0.25278240442276 0.14423201978206635 0.08345730602741241
0.10788252204656601 0.2136991173028946 0.06908322870731354
-0.07962624728679657 0.2994762659072876 0.05194718390703201
-0.30888158082962036 0.4027309715747833 0.03266134485602379
-0.5768517851829529 0.5236074328422546 0.01194154191762209
-0.33931565284729004 1.237218976020813 -1.193585991859436
-0.25967246294021606 1.0024759769439697 -0.8391309380531311
-0.19941677153110504 0.772215723991394 -0.544596254825592
-0.15692150592803955 0.5493631958961487 -0.30902764201164246
-0.13003438711166382 0.33674439787864685 -0.13000606000423431
-0.11613383889198303 0.1370038092136383 -0.003709053620696068
-0.1122022494673729 -0.04746687039732933 0.07496737688779831
-0.11491215974092484 -0.2145845592021942 0.11223810166120529
-0.1207175999879837 -0.36261117458343506 0.11522302776575089
-0.125944122672081 -0.4901717007160187 0.09172464907169342
-0.12687177956104279 -0.5962522029876709 0.05000327527523041
-0.1198057159781456 -0.6801819205284119 -0.001433257246389985
-0.10221347957849503 -0.7420511841773987 -0.05523347854614258
-0.07597645372152328 -0.7840074896812439 -0.10897248238325119
-0.044075652956962585 -0.8088175654411316 -0.16150787472724915
-0.00945549737662077 -0.8193418383598328 -0.21176792681217194
0.025012899190187454 -0.8184714317321777 -0.25875675678253174
0.056554559618234634 -0.809079647064209 -0.30155476927757263
0.08250001072883606 -0.7939858436584473 -0.3393135070800781
0.10028339177370071 -0.7759326100349426 -0.3712475299835205
0.1074288934469223 -0.7575759887695312 -0.39662250876426697
0.1015285924077034 -0.741485595703125 -0.414741188287735
0.08021116256713867 -0.7301555871963501 -0.42492690682411194
0.04218893498182297 -0.7253121137619019 -0.4267928898334503
-0.009548095986247063 -0.7258275151252747 -0.4210781455039978
-0.07103260606527328 -0.7299098372459412 -0.40876466035842896
-0.1383804827928543 -0.7358085513114929 -0.3907979726791382
-0.20776274800300598 -0.7418031692504883 -0.36809802055358887
-0.27538400888442993 -0.7461930513381958 -0.34156689047813416
-0.3374687433242798 -0.747292697429657 -0.31209588050842285
-0.39025047421455383 -0.7434267997741699 -0.2805710732936859
-0.429970383644104 -0.732930600643158 -0.24787698686122894
-0.45287832617759705 -0.7141504883766174 -0.2148989588022232
-0.4552410840988159 -0.6854484677314758 -0.1825251430273056
-0.43457886576652527 -0.6458269357681274 -0.15153303742408752
-0.39331889152526855 -0.596764862537384 -0.12224411219358444
-0.33506181836128235 -0.5403168797492981 -0.09484909474849701
-0.2633296549320221 -0.4784802198410034 -0.06952210515737534
-0.18155105412006378 -0.41319018602371216 -0.046423930674791336
-0.09305926412343979 -0.34632235765457153 -0.02570643275976181
-0.0011009149020537734 -0.27970144152641296 -0.007517470046877861
0.09114904701709747 -0.21511276066303253 0.007994589395821095
0.18055975437164307 -0.15432128310203552 0.020675010979175568
0.26400893926620483 -0.09909547120332718 0.030356621369719505
0.33833566308021545 -0.05123740807175636 0.036852773278951645
0.40017443895339966 -0.011714598163962364 0.04010044038295746
0.4454784691333771 0.022025322541594505 0.04061419889330864
0.46971893310546875 0.05337836220860481 0.03905941918492317
0.4681214690208435 0.08572106063365936 0.03612632304430008
0.4359186291694641 0.12239392101764679 0.032542742788791656
0.36870166659355164 0.16661858558654785 0.029072854667901993
0.2628609538078308 0.22135315835475922 0.026500508189201355
0.11606959998607635 0.28910014033317566 0.025596367195248604
-0.07225809246301651 0.3716907501220703 0.02707166038453579
-0.3006243109703064 0.47008630633354187 0.031524091958999634
-0.5653089880943298 0.5842393040657043 0.03938506543636322
-0.398503839969635 1.2013884782791138 -1.206553339958191
-0.2737482488155365 0.9623422026634216 -0.8276634812355042
-0.1773652285337448 0.7303840517997742 -0.5136485695838928
-0.10732241719961166 0.5081826448440552 -0.2630934417247772
-0.06088767945766449 0.2982404828071594 -0.07308615744113922
-0.03470158576965332 0.10282769054174423 0.060696471482515335
-0.02487221173942089 -0.07607113569974899 0.14384911954402924
-0.027083927765488625 -0.23679465055465698 0.1830551028251648
-0.03671271353960037 -0.37802326679229736 0.18587522208690643
-0.048938948661088943 -0.4987823963165283 0.16052617132663727
-0.058851223438978195 -0.5984283685684204 0.11566181480884552
-0.061534784734249115 -0.6766220331192017 0.06017245352268219
-0.05341317504644394 -0.7336919903755188 0.0017590138595551252
-0.03608301654458046 -0.7717816233634949 -0.05692920461297035
-0.012442090548574924 -0.7935721278190613 -0.11455070972442627
0.014629476703703403 -0.801821231842041 -0.16982798278331757
0.04230187460780144 -0.7993128895759583 -0.22155430912971497
0.06781724840402603 -0.7888167500495911 -0.26859569549560547
0.0885004773736 -0.7730587124824524 -0.309887558221817
0.10176057368516922 -0.7547021508216858 -0.34442809224128723
0.10508229583501816 -0.7363381385803223 -0.3712676167488098
0.09601017832756042 -0.7204855680465698 -0.38949552178382874
0.07212460786104202 -0.7095984816551208 -0.3982241451740265
0.032093022018671036 -0.7053630948066711 -0.3969627320766449
-0.02114063873887062 -0.7065839171409607 -0.38676291704177856
-0.08364255726337433 -0.7113890647888184 -0.36902135610580444
-0.15155282616615295 -0.7179450392723083 -0.3450956344604492
-0.22106371819972992 -0.7244464159011841 -0.3163145184516907
-0.288402795791626 -0.7291085720062256 -0.2839861810207367
-0.3498220443725586 -0.7301626801490784 -0.24940453469753265
-0.401588499546051 -0.7258523106575012 -0.21385502815246582
-0.4399823546409607 -0.714431881904602 -0.17861726880073547
-0.4612964391708374 -0.6941673159599304 -0.14496751129627228
-0.46184104681015015 -0.6633393168449402 -0.11417984217405319
-0.43918201327323914 -0.6209002733230591 -0.08728638291358948
-0.39580821990966797 -0.5684165954589844 -0.06435836851596832
-0.3353806436061859 -0.5080602169036865 -0.045218102633953094
-0.2614765763282776 -0.44194114208221436 -0.02968231588602066
-0.17757734656333923 -0.37210366129875183 -0.017566971480846405
-0.08706878125667572 -0.3005298674106598 -0.00869198888540268
0.00674790982156992 -0.2291497439146042 -0.0028853467665612698
0.10063906759023666 -0.15985406935214996 1.3606158972834237e-05
0.1914086490869522 -0.09451550245285034 0.00015081367746461183
0.2758600413799286 -0.035014208406209946 -0.0023454315960407257
0.3507463037967682 0.01672903634607792 -0.007367348298430443
0.4126419723033905 0.059630218893289566 -0.014633427374064922
0.4575883746147156 0.09615745395421982 -0.02307061292231083
0.48116928339004517 0.12961743772029877 -0.031346939504146576
0.47872111201286316 0.16328559815883636 -0.038052864372730255
0.4456078112125397 0.20039381086826324 -0.041719041764736176
0.3775997459888458 0.2440500110387802 -0.040865346789360046
0.27134233713150024 0.29709434509277344 -0.03408228978514671
0.12486117333173752 0.36190804839134216 -0.020139293745160103
-0.06197388470172882 0.44020015001296997 0.0018935184925794601
-0.2871277630329132 0.5328161716461182 0.03253063187003136
-0.5463132262229919 0.6396127939224243 0.07178809493780136
-0.4474038779735565 1.1631591320037842 -1.210613489151001
-0.27944931387901306 0.9218697547912598 -0.8089398145675659
-0.14886650443077087 0.6902258992195129 -0.4772677719593048
-0.053050972521305084 0.4705375134944916 -0.2134966403245926
0.01142309233546257 0.26490581035614014 -0.014060935005545616
0.048713527619838715 0.07517509907484055 0.12596407532691956
0.06359901279211044 -0.09710124135017395 0.21271157264709473
0.061354320496320724 -0.25068119168281555 0.2533387243747711
0.047620806843042374 -0.3846389353275299 0.25582215189933777
0.028280677273869514 -0.49835729598999023 0.2287483513355255
0.009341959841549397 -0.5915072560310364 0.18111108243465424
-0.003159261541441083 -0.6640186309814453 0.12212786823511124
-0.004681308288127184 -0.7164026498794556 0.05979742482304573
0.0034592945594340563 -0.7507790923118591 -0.0030536188278347254
0.018463747575879097 -0.7697378993034363 -0.06492939591407776
0.03753510117530823 -0.7759333848953247 -0.12438861280679703
0.057906605303287506 -0.7720422744750977 -0.1800520271062851
0.07686170190572739 -0.7607330679893494 -0.23060600459575653
0.09174550324678421 -0.7446408867835999 -0.27480074763298035
0.09996894747018814 -0.7263517379760742 -0.31144601106643677
0.09900490194559097 -0.708393394947052 -0.3394019603729248
0.08637812733650208 -0.6932345032691956 -0.35756880044937134
0.059648241847753525 -0.6832891702651978 -0.36487218737602234
0.017456676810979843 -0.6802000403404236 -0.3607312738895416
-0.03731369227170944 -0.6826908588409424 -0.34648093581199646
-0.10078679025173187 -0.6887942552566528 -0.32389479875564575
-0.16915248334407806 -0.6965782046318054 -0.2947068214416504
-0.23865070939064026 -0.704137921333313 -0.2606199085712433
-0.30555960536003113 -0.7095909118652344 -0.22331300377845764
-0.36618706583976746 -0.711071789264679 -0.18444645404815674
-0.4168625473976135 -0.7067292332649231 -0.14566703140735626
-0.45393505692481995 -0.694724977016449 -0.10861071199178696
-0.4737706184387207 -0.6732325553894043 -0.07490480691194534
-0.47275304794311523 -0.6404383182525635 -0.046169426292181015
-0.4485127627849579 -0.5952394008636475 -0.023663876578211784
-0.40357330441474915 -0.5393096804618835 -0.007228958420455456
-0.341617614030838 -0.47496435046195984 0.003649126272648573
-0.2662396728992462 -0.4044511318206787 0.009478201158344746
-0.18093478679656982 -0.32994717359542847 0.010754338465631008
-0.08910252898931503 -0.2535644471645355 0.007957106456160545
0.005940557457506657 -0.17736144363880157 0.0015464362222701311
0.10094167292118073 -0.10335791856050491 -0.008039405569434166
0.19267961382865906 -0.03355859965085983 -0.020384712144732475
0.2779245972633362 0.030018553137779236 -0.03509635478258133
0.35338571667671204 0.0853056088089943 -0.051802732050418854
0.4156150221824646 0.13107821345329285 -0.06989200413227081
0.4607519209384918 0.16972756385803223 -0.0876765102148056
0.4844941794872284 0.20448727905750275 -0.10307418555021286
0.48228517174720764 0.2385517656803131 -0.11386262625455856
0.4496074318885803 0.27507108449935913 -0.11773284524679184
0.38238438963890076 0.3170756995677948 -0.1123962551355362
0.27747467160224915 0.3673357367515564 -0.0957450419664383
0.13319596648216248 0.42817094922065735 -0.0660519003868103
-0.050206419080495834 0.501239001750946 -0.022181643173098564
-0.2702590823173523 0.5873481035232544 0.03622633218765259
-0.5222225785255432 0.6863390207290649 0.10864850878715515
-0.4861210286617279 1.1230961084365845 -1.2070354223251343
-0.27729734778404236 0.8824201226234436 -0.7844909429550171
-0.11480993777513504 0.6536523699760437 -0.4373016953468323
0.004727782215923071 0.43865102529525757 -0.16241377592086792
0.0855666771531105 0.2390570193529129 0.044576551765203476
0.13272245228290558 0.056266117841005325 0.18930619955062866
0.15185831487178802 -0.10858914256095886 0.2784973382949829
0.14915764331817627 -0.2546468675136566 0.31978610157966614
0.1311936229467392 -0.3813123404979706 0.3215391933917999
0.10480418801307678 -0.48824581503868103 0.2926700711250305
0.07697735726833344 -0.5753423571586609 0.24246299266815186
0.05475323647260666 -0.6427051424980164 0.18041455745697021
0.043547265231609344 -0.6909459829330444 0.11477714031934738
0.04231885075569153 -0.7221364974975586 0.048507045954465866
0.04838760942220688 -0.7387717366218567 -0.01679372787475586
0.05906181409955025 -0.7434012293815613 -0.07956665754318237
0.07166274636983871 -0.7385981678962708 -0.1383046805858612
0.0835428312420845 -0.7269334197044373 -0.19155669212341309
0.09209754317998886 -0.7109553217887878 -0.23792769014835358
0.09477144479751587 -0.6931760907173157 -0.2760765552520752
0.08905833214521408 -0.676062285900116 -0.3047097623348236
0.07249635457992554 -0.6620332598686218 -0.3225734233856201
0.04265763610601425 -0.653462827205658 -0.32844218611717224
-0.0018193600699305534 -0.6519481539726257 -0.32166677713394165
-0.05812816694378853 -0.656128466129303 -0.3038288950920105
-0.12247736752033234 -0.6639372706413269 -0.2770306169986725
-0.1911344975233078 -0.6733402013778687 -0.2433352768421173
-0.2604166269302368 -0.6823307275772095 -0.20477326214313507
-0.32668229937553406 -0.6889257431030273 -0.16334736347198486
-0.38632601499557495 -0.6911619305610657 -0.121036097407341
-0.4357709288597107 -0.6870930194854736 -0.07979876548051834
-0.4714660048484802 -0.6747871041297913 -0.04157717525959015
-0.48988184332847595 -0.6523252129554749 -0.008298881351947784
-0.48750773072242737 -0.6177998781204224 0.0181207787245512
-0.46205833554267883 -0.570054829120636 0.036229901015758514
-0.4160670042037964 -0.5108821392059326 0.04639067128300667
-0.35320132970809937 -0.44275200366973877 0.0494094043970108
-0.27703455090522766 -0.3680602014064789 0.04607483744621277
-0.191038578748703 -0.2891268730163574 0.037151556462049484
-0.09858837723731995 -0.20820334553718567 0.02337557077407837
-0.002977197989821434 -0.12748588621616364 0.005452238954603672
0.09256251901388168 -0.04913291335105896 -0.015944508835673332
0.18482504785060883 0.024708330631256104 -0.04017084464430809
0.2705896198749542 0.09187020361423492 -0.06661038100719452
0.34656524658203125 0.15012353658676147 -0.09466969966888428
0.4093192219734192 0.19809137284755707 -0.1234348714351654
0.45509544014930725 0.23809291422367096 -0.1505708247423172
0.4797013998031616 0.2733001112937927 -0.17318876087665558
0.4786777198314667 0.3068419396877289 -0.18818706274032593
0.44760534167289734 0.34180906414985657 -0.19234487414360046
0.3825278580188751 0.3811860978603363 -0.18249575793743134
0.2804674804210663 0.4277152717113495 -0.155779168009758
0.139967143535614 0.4837076961994171 -0.10994651913642883
-0.03843579813838005 0.5508314967155457 -0.04367504641413689
-0.2519272267818451 0.6299230456352234 0.04317618906497955
-0.4954221248626709 0.7208717465400696 0.149435356259346
-0.5146822929382324 1.0817759037017822 -1.197055459022522
-0.26778584718704224 0.8453779220581055 -0.7558391690254211
-0.07608222961425781 0.6225853562355042 -0.39559635519981384
0.06484568864107132 0.4147326648235321 -0.11201012134552002
0.160215824842453 0.22297365963459015 0.10036353021860123
0.21595260500907898 0.048268597573041916 0.24798911809921265
0.23858197033405304 -0.10862279683351517 0.33822619915008545
0.23512011766433716 -0.24714240431785583 0.37919145822525024
0.2129606455564499 -0.3669285178184509 0.3796137273311615
0.17976592481136322 -0.46780624985694885 0.34869104623794556
0.14336612820625305 -0.549773097038269 0.29595285654067993
0.11167038232088089 -0.612981379032135 0.23113420605659485
0.09086476266384125 -0.6580376029014587 0.16270479559898376
0.08018264919519424 -0.6869372129440308 0.09370363503694534
0.07708565145730972 -0.7020752429962158 0.02578837051987648
0.07901334762573242 -0.7058983445167542 -0.03941540792584419
0.08340377360582352 -0.7008787989616394 -0.10032246261835098
0.0877099484205246 -0.6894944310188293 -0.15539321303367615
0.08941175043582916 -0.6742112040519714 -0.20313547551631927
0.08602368086576462 -0.6574699878692627 -0.242104634642601
0.07509822398424149 -0.6416786909103394 -0.2709002196788788
0.054225433617830276 -0.62920743227005 -0.2881607711315155
0.021028174087405205 -0.6223876476287842 -0.29255667328834534
-0.025830920785665512 -0.6227706074714661 -0.2833995521068573
-0.08363835513591766 -0.6289170384407043 -0.26247498393058777
-0.14871647953987122 -0.6386691927909851 -0.23215357959270477
-0.217441588640213 -0.649900496006012 -0.19476939737796783
-0.28623974323272705 -0.6605116724967957 -0.15262193977832794
-0.3515826165676117 -0.668429434299469 -0.10797875374555588
-0.40998420119285583 -0.6716039180755615 -0.06307714432477951
-0.4579939842224121 -0.6680046319961548 -0.02012825757265091
-0.49219396710395813 -0.655619204044342 0.01868116483092308
-0.5091915130615234 -0.6324483156204224 0.051184896379709244
-0.5056145191192627 -0.596503734588623 0.07523366063833237
-0.47928372025489807 -0.5465861558914185 0.08922453224658966
-0.4327174723148346 -0.48460641503334045 0.0936874970793724
-0.3695324659347534 -0.41318702697753906 0.08966711908578873
-0.2932455539703369 -0.33486875891685486 0.07817882299423218
-0.20726856589317322 -0.2521105706691742 0.060202036052942276
-0.11491511017084122 -0.16729864478111267 0.03667612001299858
-0.019417202100157738 -0.08276256173849106 0.00849931314587593
0.07605226337909698 -0.0007950160070322454 -0.02347094938158989
0.1683439016342163 0.07631814479827881 -0.0584147609770298
0.25428852438926697 0.14626218378543854 -0.09554498642683029
0.33064034581184387 0.2066478431224823 -0.13409991562366486
0.3940204083919525 0.2559453845024109 -0.1729065328836441
0.44077885150909424 0.2964060306549072 -0.20897510647773743
0.46682319045066833 0.3311476707458496 -0.2385837435722351
0.46777504682540894 0.36324623227119446 -0.25771650671958923
0.43928784132003784 0.3957521617412567 -0.26219895482063293
0.3774852752685547 0.4316319525241852 -0.24794380366802216
0.2794971764087677 0.47363704442977905 -0.21130406856536865
0.144020676612854 0.5241159200668335 -0.14949724078178406
-0.02820007875561714 0.5847986936569214 -0.06103185936808586
-0.23410405218601227 0.6566029787063599 0.05395858734846115
-0.4683571755886078 0.7395145297050476 0.19356922805309296
-0.5330455303192139 1.0397922992706299 -1.1818971633911133
-0.2513909339904785 0.8121575713157654 -0.72451251745224
-0.03357500955462456 0.5989569425582886 -0.35400256514549255
0.12612873315811157 0.40097305178642273 -0.06444112956523895
0.23404760658740997 0.2188909351825714 0.15087001025676727
0.297049343585968 0.05329224094748497 0.29933634400367737
0.3224762976169586 -0.09534809738397598 0.3889969289302826
0.3180740773677826 -0.22666390240192413 0.4284437596797943
0.2919185757637024 -0.34039726853370667 0.426736980676651
0.25234144926071167 -0.4363974332809448 0.39331749081611633
0.2078569233417511 -0.5146169662475586 0.33791935443878174
0.16709131002426147 -0.5751070380210876 0.2704840898513794
0.1368873417377472 -0.6183426380157471 0.19967161118984222
0.11675333231687546 -0.6462096571922302 0.12855809926986694
0.10432203859090805 -0.6609992384910583 0.05880498141050339
0.09719488024711609 -0.6650545597076416 -0.007948226295411587
0.09295976161956787 -0.6607500910758972 -0.0700920894742012
0.08920587599277496 -0.6504740118980408 -0.12605363130569458
0.08353595435619354 -0.636612594127655 -0.17429934442043304
0.07357510179281235 -0.621537983417511 -0.21333782374858856
0.05697684735059738 -0.6075990200042725 -0.24171854555606842
0.03142629563808441 -0.5971148014068604 -0.2580302655696869
-0.005359869450330734 -0.5923715829849243 -0.2608968913555145
-0.05466470122337341 -0.5948734283447266 -0.24962753057479858
-0.11388542503118515 -0.6031194925308228 -0.22616156935691833
-0.1794901192188263 -0.6148831248283386 -0.1930675059556961
-0.2479977160692215 -0.6279666423797607 -0.15287938714027405
-0.3159780204296112 -0.6402016878128052 -0.10809536278247833
-0.3800510764122009 -0.6494482755661011 -0.061177048832178116
-0.43688496947288513 -0.6535935401916504 -0.014549552462995052
-0.48319023847579956 -0.6505481004714966 0.029395367950201035
-0.5157153606414795 -0.6382431983947754 0.06829749792814255
-0.5312386155128479 -0.6146249175071716 0.0998234823346138
-0.5265594720840454 -0.5776494741439819 0.1216612458229065
-0.49962759017944336 -0.5260941982269287 0.1321050375699997
-0.452923446893692 -0.46197909116744995 0.13180987536907196
-0.38997843861579895 -0.3880622684955597 0.12199359387159348
-0.31421858072280884 -0.30701181292533875 0.10383407771587372
-0.22896087169647217 -0.22140797972679138 0.07846222072839737
-0.13742205500602722 -0.13375337421894073 0.04695819318294525
-0.04273612052202225 -0.046492621302604675 0.010351229459047318
0.052021872252225876 0.037965644150972366 -0.0303794015198946
0.14379927515983582 0.11721501499414444 -0.07429962605237961
0.2295212745666504 0.18881122767925262 -0.120514415204525
0.3060331642627716 0.25022128224372864 -0.16815848648548126
0.3700481951236725 0.29977554082870483 -0.21585753560066223
0.41801974177360535 0.3396610617637634 -0.25998756289482117
0.4459395110607147 0.3729470670223236 -0.2960006296634674
0.44948825240135193 0.40266698598861694 -0.31896716356277466
0.4243592619895935 0.4318484365940094 -0.323752224445343
0.36671051383018494 0.46346473693847656 -0.30533623695373535
0.27371910214424133 0.5003095865249634 -0.25927573442459106
0.14416144788265228 0.5448077321052551 -0.18225397169589996
-0.02109554409980774 0.5987928509712219 -0.07262848317623138
-0.21883195638656616 0.663303554058075 0.06915494799613953
-0.44354867935180664 0.7384525537490845 0.2404061108827591
-0.541107177734375 0.9977638721466064 -1.1627870798110962
-0.22858047485351562 0.7842060327529907 -0.6920546293258667
0.011810462921857834 0.584705650806427 -0.3143795430660248
0.1873965859413147 0.399535208940506 -0.021849414333701134
0.3057457208633423 0.22899021208286285 0.19370512664318085
0.3746790289878845 0.07338164746761322 0.34073495864868164
0.4022790789604187 -0.06697137653827667 0.4279894232749939
0.3968891203403473 -0.191750630736351 0.4645233750343323
0.36710280179977417 -0.30064716935157776 0.45969346165657043
0.32174327969551086 -0.39337125420570374 0.42314398288726807
0.26983121037483215 -0.4696621000766754 0.3647797703742981
0.2205423265695572 -0.5292978286743164 0.2947273850440979
0.18125151097774506 -0.572475016117096 0.2218209058046341
0.15174652636051178 -0.600931704044342 0.14913077652454376
0.1298666000366211 -0.6168487668037415 0.07826916128396988
0.11341112852096558 -0.6224640011787415 0.010833857581019402
0.10015573352575302 -0.6200547814369202 -0.051600132137537
0.08786618709564209 -0.6119205951690674 -0.10748753696680069
0.0743107795715332 -0.6003687977790833 -0.1553173065185547
0.05727020278573036 -0.5877019762992859 -0.19361676275730133
0.03454563021659851 -0.5762076377868652 -0.2209528237581253
0.0039645167998969555 -0.5681498050689697 -0.23593264818191528
-0.036615949124097824 -0.5657631158828735 -0.23720239102840424
-0.08839181810617447 -0.5705051422119141 -0.2241121232509613
-0.14889058470726013 -0.5808407068252563 -0.19869829714298248
-0.21476106345653534 -0.5945096611976624 -0.16364465653896332
-0.2827014923095703 -0.6092801094055176 -0.12160302698612213
-0.34946319460868835 -0.6229511499404907 -0.07518750429153442
-0.41185155510902405 -0.6333532929420471 -0.026971563696861267
-0.4667256474494934 -0.6383481621742249 0.020513955503702164
-0.5109924077987671 -0.6358247995376587 0.06477824598550797
-0.541601836681366 -0.6236957907676697 0.10336895287036896
-0.5555368065834045 -0.5998905301094055 0.13386617600917816
-0.5498026013374329 -0.5623488426208496 0.15387578308582306
-0.5225011110305786 -0.5098512172698975 0.1616431176662445
-0.4760526716709137 -0.44450801610946655 0.15789766609668732
-0.413870632648468 -0.36918145418167114 0.14395491778850555
-0.3392573297023773 -0.2866361141204834 0.12108130753040314
-0.25540241599082947 -0.199541375041008 0.09048668295145035
-0.16539140045642853 -0.11048535257577896 0.0533207468688488
-0.07222535461187363 -0.021995488554239273 0.010673167183995247
0.02115537039935589 0.06343551725149155 -0.036425068974494934
0.1118340715765953 0.14331254363059998 -0.08699648827314377
0.19687239825725555 0.2150939255952835 -0.14011025428771973
0.27325257658958435 0.2761346399784088 -0.19487252831459045
0.33781781792640686 0.32465100288391113 -0.24977976083755493
0.3871162235736847 0.36277055740356445 -0.30062270164489746
0.41720181703567505 0.3935183584690094 -0.34207120537757874
0.423785924911499 0.4198959171772003 -0.36832231283187866
0.4025638699531555 0.4449250102043152 -0.37331390380859375
0.3496766984462738 0.4716097116470337 -0.3511189818382263
0.2622843384742737 0.5028156042098999 -0.2965150475502014
0.139166921377182 0.5410766005516052 -0.20566532015800476
-0.018767226487398148 0.5883620381355286 -0.07679075747728348
-0.20821893215179443 0.6458562016487122 0.08933510631322861
-0.42359331250190735 0.7138113975524902 0.289225310087204
-0.538973331451416 0.9561912417411804 -1.1408156156539917
-0.19993717968463898 0.7625705599784851 -0.6597733497619629
0.05916424095630646 0.5811218023300171 -0.27821120619773865
0.2475568652153015 0.4117479920387268 0.014155666343867779
0.3741550147533417 0.25450804829597473 0.22716853022575378
0.4477125108242035 0.10960196703672409 0.3704074025154114
0.4769485890865326 -0.022645393386483192 0.45334571599960327
0.47064894437789917 -0.14180032908916473 0.48547765612602234
0.43774184584617615 -0.2473372519016266 0.4764188230037689
0.38734883069992065 -0.3386582136154175 0.4359801709651947
0.32880717515945435 -0.41511449217796326 0.3742116689682007
0.2716631293296814 -0.47603052854537964 0.30141517519950867
0.22369246184825897 -0.5211673378944397 0.2265954613685608
0.18496988713741302 -0.5520722270011902 0.15277843177318573
0.15358148515224457 -0.5708072781562805 0.08147501945495605
0.12756557762622833 -0.5795007944107056 0.014184853062033653
0.104927659034729 -0.5803301334381104 -0.047612231224775314
0.08365408331155777 -0.5755049586296082 -0.10246364772319794
0.061724673956632614 -0.5672518610954285 -0.1489495486021042
0.03712347522377968 -0.557800829410553 -0.18568801879882812
0.007848135195672512 -0.5493733286857605 -0.21133743226528168
-0.028082480654120445 -0.5441722273826599 -0.2245989441871643
-0.07262270897626877 -0.544373631477356 -0.22421666979789734
-0.12684881687164307 -0.551389217376709 -0.20962916314601898
-0.18843990564346313 -0.5636857748031616 -0.18290746212005615
-0.25426235795021057 -0.5790157914161682 -0.14676015079021454
-0.32123246788978577 -0.5951601266860962 -0.10386525839567184
-0.3863216042518616 -0.6099323630332947 -0.05686205253005028
-0.4465588629245758 -0.6211808323860168 -0.00834524817764759
-0.4990309476852417 -0.6267884373664856 0.0391378328204155
-0.5408768057823181 -0.6246691346168518 0.08308565616607666
-0.5692816376686096 -0.6127632260322571 0.1210407167673111
-0.5814662575721741 -0.5890303254127502 0.15058307349681854
-0.5746744275093079 -0.5514400005340576 0.16932213306427002
-0.5471826791763306 -0.4988095760345459 0.17551158368587494
-0.5013310313224792 -0.4333125650882721 0.16989877820014954
-0.4403839409351349 -0.35787367820739746 0.1538139432668686
-0.3674904406070709 -0.2753123939037323 0.12853150069713593
-0.28568223118782043 -0.1883470118045807 0.09526200592517853
-0.19788341224193573 -0.09960966557264328 0.05514826625585556
-0.10692993551492691 -0.011670178733766079 0.009265161119401455
-0.015593800693750381 0.07293560355901718 -0.041379380971193314
0.07338014245033264 0.15166547894477844 -0.09583970159292221
0.15722928941249847 0.22192174196243286 -0.1532263606786728
0.23311559855937958 0.28098973631858826 -0.21269719302654266
0.2980474531650543 0.32700642943382263 -0.2727015018463135
0.3486563265323639 0.36204856634140015 -0.328518807888031
0.3810332417488098 0.3891039192676544 -0.3741137683391571
0.39089012145996094 0.4111565053462982 -0.4028882086277008
0.373884916305542 0.4312437176704407 -0.4079255759716034
0.3260911703109741 0.45242777466773987 -0.3824522793292999
0.24458889663219452 0.4776766300201416 -0.32051223516464233
0.12809085845947266 0.5096643567085266 -0.21777667105197906
-0.022527595981955528 0.550520658493042 -0.07233959436416626
-0.2039564847946167 0.6015879511833191 0.11470719426870346
-0.41055983304977417 0.6632543802261353 0.33911293745040894
-0.5277740955352783 0.9150098562240601 -1.1164828538894653
-0.16650791466236115 0.7465843558311462 -0.627959132194519
0.10759323835372925 0.5869012475013733 -0.24544604122638702
0.3059026300907135 0.43573951721191406 0.044044945389032364
0.43875035643577576 0.293137788772583 0.2521718442440033
0.5157790184020996 0.15937210619449615 0.38968342542648315
0.5462315082550049 0.03493746370077133 0.46676260232925415
0.5391826629638672 -0.07946977019309998 0.49330541491508484
0.5037213563919067 -0.1829698085784912 0.4791446030139923
0.44908571243286133 -0.27452147006988525 0.4342227876186371
0.38475075364112854 -0.3529488742351532 0.36871418356895447
0.32046401500701904 -0.41697558760643005 0.2930920124053955
0.2642771899700165 -0.46579456329345703 0.21653366088867188
0.21655891835689545 -0.500727117061615 0.14199133217334747
0.17568112909793854 -0.5237094163894653 0.07083147764205933
0.13996067643165588 -0.5367569327354431 0.00440729595720768
0.10767379403114319 -0.5419458746910095 -0.05595001205801964
0.07706961035728455 -0.5413951277732849 -0.10893887281417847
0.04638299718499184 -0.5372498035430908 -0.15329299867153168
0.013845582492649555 -0.5316657423973083 -0.18778671324253082
-0.022303909063339233 -0.5267961025238037 -0.21123778820037842
-0.0638112723827362 -0.5247791409492493 -0.2225099354982376
-0.11240018159151077 -0.5277287364006042 -0.22051337361335754
-0.16899925470352173 -0.5370137095451355 -0.20481686294078827
-0.23146000504493713 -0.5511351227760315 -0.17746613919734955
-0.29690128564834595 -0.5678983926773071 -0.14110809564590454
-0.36249276995658875 -0.5851380825042725 -0.09836025536060333
-0.4254611134529114 -0.6007235050201416 -0.05180040001869202
-0.4830929934978485 -0.6125614047050476 -0.003959689289331436
-0.532735288143158 -0.6185959577560425 0.04268170893192291
-0.5717889070510864 -0.6168054938316345 0.0856931284070015
-0.5977029800415039 -0.6051970720291138 0.12269186973571777
-0.6079636216163635 -0.5817990303039551 0.15133658051490784
-0.6000800728797913 -0.5446507334709167 0.16931821405887604
-0.5725217461585999 -0.49263322353363037 0.17495004832744598
-0.5275312662124634 -0.42795899510383606 0.16894322633743286
-0.4681999385356903 -0.35357940196990967 0.15256524085998535
-0.3974991738796234 -0.27233320474624634 0.12702377140522003
-0.3182799518108368 -0.1869528889656067 0.09345828741788864
-0.23328137397766113 -0.1000804677605629 0.05293521657586098
-0.14515045285224915 -0.014293881133198738 0.0064467862248420715
-0.056465670466423035 0.06786198914051056 -0.045089296996593475
0.0302270594984293 0.14383165538311005 -0.10082656145095825
0.11237044632434845 0.21099618077278137 -0.15998609364032745
0.18733957409858704 0.26660606265068054 -0.22185003757476807
0.252336323261261 0.30875030159950256 -0.284897118806839
0.3040706217288971 0.33947139978408813 -0.3439771831035614
0.3386574387550354 0.3617407977581024 -0.39243990182876587
0.3517937660217285 0.3785541355609894 -0.4229867458343506
0.33907851576805115 0.393000990152359 -0.427937388420105
0.2964865565299988 0.40824389457702637 -0.39975079894065857
0.22097593545913696 0.4273976683616638 -0.33179616928100586
0.11114007979631424 0.4533163011074066 -0.21928586065769196
-0.03223581612110138 0.48831844329833984 -0.060190580785274506
-0.20588725805282593 0.5339149236679077 0.1441081017255783
-0.4041847586631775 0.5906139016151428 0.38865840435028076
-0.5089118480682373 0.8740221858024597 -1.0901498794555664
-0.12946128845214844 0.7351461052894592 -0.5966472029685974
0.15622270107269287 0.60009765625 -0.21564245223999023
0.3618524670600891 0.46887311339378357 0.06881043314933777
0.49919939041137695 0.34175288677215576 0.2702648639678955
0.5787296891212463 0.21928974986076355 0.4006331264972687
0.6100947856903076 0.10230223834514618 0.47076714038848877
0.6025168895721436 -0.008129543624818325 0.49091577529907227
0.5650895833969116 -0.11066985875368118 0.4710848331451416
0.5070065855979919 -0.2037394940853119 0.42131686210632324
0.43771979212760925 -0.28553810715675354 0.35189351439476013
0.3670242726802826 -0.35408011078834534 0.2734582722187042
0.303132027387619 -0.40788930654525757 0.19536665081977844
0.24671019613742828 -0.4480338394641876 0.1204761266708374
0.19645151495933533 -0.47632071375846863 0.049975305795669556
0.15098759531974792 -0.49465125799179077 -0.014968657866120338
0.10890300571918488 -0.5050013065338135 -0.07321817427873611
0.0687481090426445 -0.5094010233879089 -0.12367242574691772
0.029051797464489937 -0.5099160671234131 -0.16527210175991058
-0.011667645536363125 -0.5086303949356079 -0.19700399041175842
-0.05489211902022362 -0.5076303482055664 -0.2179029881954193
-0.10209527611732483 -0.508991539478302 -0.22705325484275818
-0.1547357141971588 -0.5147666335105896 -0.22358806431293488
-0.21357280015945435 -0.5262883901596069 -0.20723910629749298
-0.27665022015571594 -0.5421168208122253 -0.17997081577777863
-0.3413698971271515 -0.5601403713226318 -0.14428949356079102
-0.4051857590675354 -0.5782780647277832 -0.10267307609319687
-0.4656098186969757 -0.5944851636886597 -0.05755983293056488
-0.5202145576477051 -0.6067565083503723 -0.011340891942381859
-0.5666329264640808 -0.6131262183189392 0.0336446650326252
-0.6025519967079163 -0.611664891242981 0.07510897517204285
-0.6257071495056152 -0.6004741191864014 0.11081389337778091
-0.6338701844215393 -0.577677845954895 0.13856440782546997
-0.6248357892036438 -0.5414127707481384 0.1561998575925827
-0.5972800850868225 -0.4906429350376129 0.16213655471801758
-0.5533349514007568 -0.42760103940963745 0.1569998562335968
-0.495900422334671 -0.3552381098270416 0.1419249325990677
-0.42775416374206543 -0.27638688683509827 0.11798693239688873
-0.35155004262924194 -0.19376875460147858 0.08619152009487152
-0.26982733607292175 -0.11001171171665192 0.04746880382299423
-0.1850288212299347 -0.02767839841544628 0.0026706040371209383
-0.09952361136674881 0.050700657069683075 -0.047432053834199905
-0.01564197987318039 0.12257986515760422 -0.1021483987569809
0.06428291648626328 0.18534192442893982 -0.16086742281913757
0.13786080479621887 0.2362256646156311 -0.22305622696876526
0.20250731706619263 0.2732955515384674 -0.2872902750968933
0.25501373410224915 0.29858630895614624 -0.34807154536247253
0.2915205657482147 0.3150885999202728 -0.3982312083244324
0.3077123463153839 0.32585445046424866 -0.42987382411956787
0.29912886023521423 0.33407920598983765 -0.4346582889556885
0.26163971424102783 0.34308457374572754 -0.4043674170970917
0.19206443428993225 0.35619112849235535 -0.3317650258541107
0.0888494923710823 0.3764840066432953 -0.21164211630821228
-0.04734783247113228 0.40650445222854614 -0.0418449230492115
-0.21335220336914062 0.4479386508464813 0.17599909007549286
-0.40358418226242065 0.5013900995254517 0.43632441759109497
-0.48381859064102173 0.833042562007904 -1.062195062637329
-0.08997534960508347 0.72714763879776 -0.5658747553825378
0.20419380068778992 0.6187763214111328 -0.18835318088531494
0.4148578941822052 0.5085597038269043 0.08944229781627655
0.5552089214324951 0.39731234312057495 0.282976895570755
0.6364514231681824 0.2860648036003113 0.40528202056884766
0.6685318350791931 0.17609690129756927 0.4678184986114502
0.6606920957565308 0.06896694004535675 0.481131911277771
0.6218958497047424 -0.03346364572644234 0.4553578197956085
0.5611532926559448 -0.12901847064495087 0.40060997009277344
0.48775312304496765 -0.21521078050136566 0.3272639811038971
0.4113999307155609 -0.2892727255821228 0.24613429605960846
0.340359628200531 -0.3489852547645569 0.1667604148387909
0.2755994498729706 -0.39514511823654175 0.0918910801410675
0.21616263687610626 -0.42942923307418823 0.0225114393979311
0.16102781891822815 -0.4536273181438446 -0.0404292568564415
0.10912138223648071 -0.46961888670921326 -0.0960242822766304
0.05932897701859474 -0.47935089468955994 -0.1434151530265808
0.010507524944841862 -0.4848158061504364 -0.18179422616958618
-0.03850489854812622 -0.48803240060806274 -0.21040749549865723
-0.08887925744056702 -0.49102744460105896 -0.22855401039123535
-0.14178764820098877 -0.4958204925060272 -0.23558515310287476
-0.19839708507061005 -0.5044110417366028 -0.230901837348938
-0.2592824697494507 -0.5181056261062622 -0.21442250907421112
-0.32269737124443054 -0.5355402827262878 -0.18797823786735535
-0.38635313510894775 -0.5547065138816833 -0.15386344492435455
-0.4480136036872864 -0.5736269950866699 -0.114345483481884
-0.5055001378059387 -0.5903622508049011 -0.07165370136499405
-0.5566932559013367 -0.6030131578445435 -0.027971796691417694
-0.5995317697525024 -0.6097214221954346 0.014567158184945583
-0.632006824016571 -0.608666181564331 0.05388016998767853
-0.6521555781364441 -0.5980589389801025 0.08793327212333679
-0.6580497622489929 -0.5761353969573975 0.11473551392555237
-0.6477833986282349 -0.5411449074745178 0.13233089447021484
-0.6202476024627686 -0.4921453595161438 0.13927382230758667
-0.5774554014205933 -0.4313766360282898 0.13605928421020508
-0.5221035480499268 -0.36177197098731995 0.12362831830978394
-0.45676568150520325 -0.2861418128013611 0.10286571085453033
-0.38389045000076294 -0.2071814388036728 0.07458926737308502
-0.3058094382286072 -0.12749069929122925 0.03954210504889488
-0.22475403547286987 -0.04960305988788605 -0.0016126068076118827
-0.14287744462490082 0.023977840319275856 -0.04829682037234306
-0.062286801636219025 0.09072884172201157 -0.1000208705663681
0.014917013235390186 0.14804640412330627 -0.15638796985149384
0.08658837527036667 0.1931694746017456 -0.21709847450256348
0.15036801993846893 0.22415323555469513 -0.28088098764419556
0.203138530254364 0.24306023120880127 -0.34197086095809937
0.24108029901981354 0.2529486417770386 -0.3927800953388214
0.2598845362663269 0.25698649883270264 -0.4249269366264343
0.25505223870277405 0.2585429847240448 -0.42952197790145874
0.22236521542072296 0.26117247343063354 -0.39777472615242004
0.15851421654224396 0.26847296953201294 -0.32192346453666687
0.061795689165592194 0.2838204503059387 -0.19638073444366455
-0.06727834045886993 0.31001514196395874 -0.018864121288061142
-0.22565296292304993 0.3489212095737457 0.2088104486465454
-0.4078391194343567 0.4012010097503662 0.4805730879306793
-0.45396995544433594 0.7918979525566101 -1.0330173969268799
-0.04923976585268974 0.7214727997779846 -0.5356807708740234
0.2506631910800934 0.6410174369812012 -0.1631270945072174
0.4644007384777069 0.5522659420967102 0.10692424327135086
0.6065191030502319 0.4568684995174408 0.291809618473053
0.6888601779937744 0.3565247356891632 0.40560397505760193
0.7215560078620911 0.25309276580810547 0.4603038430213928
0.7137581706047058 0.14867883920669556 0.46669280529022217
0.6741883158683777 0.045711781829595566 0.4349941909313202
0.6115576028823853 -0.05300459265708923 0.37536755204200745
0.5348725318908691 -0.14426521956920624 0.2982703149318695
0.4536260664463043 -0.22447635233402252 0.2146875262260437
0.376041442155838 -0.29062768816947937 0.13434571027755737
0.3033837378025055 -0.3432348370552063 0.05987582355737686
0.23507101833820343 -0.3838488757610321 -0.007959257811307907
0.1704559624195099 -0.41415417194366455 -0.06845301389694214
0.10883517563343048 -0.43594276905059814 -0.12095940858125687
0.0494585782289505 -0.45108872652053833 -0.16489553451538086
-0.008460654877126217 -0.4615230858325958 -0.19974106550216675
-0.06573805212974548 -0.4692116379737854 -0.22503747045993805
-0.12320911884307861 -0.47613438963890076 -0.2403840869665146
-0.1817227452993393 -0.4842683672904968 -0.2454339563846588
-0.24213577806949615 -0.49557381868362427 -0.2398880422115326
-0.30482885241508484 -0.511344313621521 -0.2238655537366867
-0.3682813048362732 -0.5303018093109131 -0.19901666045188904
-0.4305347800254822 -0.5505489706993103 -0.1673605740070343
-0.48968279361724854 -0.5702205896377563 -0.13089190423488617
-0.5438739657402039 -0.5874898433685303 -0.09157027304172516
-0.5913125872612 -0.6005702018737793 -0.05131363868713379
-0.6302569508552551 -0.6077165007591248 -0.011993498541414738
-0.6590137481689453 -0.6072213649749756 0.02456486225128174
-0.6759313344955444 -0.5974105000495911 0.05658181011676788
-0.6793900728225708 -0.5766348838806152 0.08231841772794724
-0.6677905321121216 -0.5432615280151367 0.10006967931985855
-0.6402443051338196 -0.4964439570903778 0.10855627804994583
-0.5986400842666626 -0.43842267990112305 0.10810224711894989
-0.545466423034668 -0.3721044957637787 0.09940051287412643
-0.4830895960330963 -0.30027076601982117 0.0830954983830452
-0.41375064849853516 -0.22558504343032837 0.05977118760347366
-0.33957284688949585 -0.15061388909816742 0.029941262677311897
-0.2625768482685089 -0.07785805314779282 -0.005958907306194305
-0.18470080196857452 -0.009790663607418537 -0.047581110149621964
-0.1078307181596756 0.05109001323580742 -0.09467228502035141
-0.03383681923151016 0.1021961197257042 -0.14708496630191803
0.035378988832235336 0.14076773822307587 -0.2047894150018692
0.09768512099981308 0.16485938429832458 -0.2667132318019867
0.15007081627845764 0.17660416662693024 -0.32690322399139404
0.18878228962421417 0.17918899655342102 -0.37745335698127747
0.20955133438110352 0.17596936225891113 -0.40960994362831116
0.20787981152534485 0.17056934535503387 -0.4140549898147583
0.17950232326984406 0.1668613702058792 -0.38153740763664246
0.12101589888334274 0.16880230605602264 -0.30385923385620117
0.03058929182589054 0.18012434244155884 -0.17510347068309784
-0.09140770882368088 0.20392319560050964 0.007146942429244518
-0.24205896258354187 0.2422366887331009 0.2409561276435852
-0.4160040020942688 0.29573750495910645 0.5198791027069092
-0.4208974540233612 0.7504269480705261 -1.0030404329299927
-0.008458956144750118 0.7169939875602722 -0.506105899810791
0.2948005497455597 0.6649160981178284 -0.13950973749160767
0.5099876523017883 0.5975154638290405 0.1222306489944458
0.6528956890106201 0.5175679326057434 0.2982335388660431
0.7358923554420471 0.42761218547821045 0.40351971983909607
0.7691941857337952 0.33017876744270325 0.45054030418395996
0.7617703080177307 0.22796885669231415 0.45025861263275146
0.722011923789978 0.12399770319461823 0.41294705867767334
0.6582409739494324 0.0217041727155447 0.3487873375415802
0.5790835618972778 -0.07498031854629517 0.26830628514289856
0.4937182366847992 -0.1616174429655075 0.18265341222286224
0.41023942828178406 -0.234380304813385 0.10173984616994858
0.33020371198654175 -0.2935032546520233 0.02807220257818699
0.2534219026565552 -0.3404211699962616 -0.037821587175130844
0.1796417087316513 -0.376725971698761 -0.09549586474895477
0.1085527315735817 -0.4041370749473572 -0.14458733797073364
0.039791833609342575 -0.42447224259376526 -0.1848132312297821
-0.027049968019127846 -0.43961888551712036 -0.21596603095531464
-0.09242213517427444 -0.4515087306499481 -0.23790790140628815
-0.15680785477161407 -0.4620944559574127 -0.25056254863739014
-0.22071874141693115 -0.47333046793937683 -0.2539065182209015
-0.28469040989875793 -0.4871578812599182 -0.24795988202095032
-0.34890490770339966 -0.5048741698265076 -0.23304753005504608
-0.41207972168922424 -0.5252885222434998 -0.21059592068195343
-0.4726020395755768 -0.5466118454933167 -0.18229471147060394
-0.5289084911346436 -0.567087709903717 -0.1498122364282608
-0.579486072063446 -0.5849972367286682 -0.11478711664676666
-0.6228721737861633 -0.5986618399620056 -0.07882235199213028
-0.6576520204544067 -0.6064431071281433 -0.043481357395648956
-0.6824528574943542 -0.6067403554916382 -0.010287686251103878
-0.6959386467933655 -0.5979862213134766 0.019274765625596046
-0.6968007683753967 -0.5786399841308594 0.04375816881656647
-0.6837490200996399 -0.5471789240837097 0.06174575909972191
-0.6561164855957031 -0.5028476119041443 0.07214600592851639
-0.6156680583953857 -0.44788527488708496 0.07507658749818802
-0.5646840929985046 -0.3851737380027771 0.07093562930822372
-0.5053260922431946 -0.31746721267700195 0.06008462980389595
-0.439631849527359 -0.2474008947610855 0.04283516854047775
-0.3695218861103058 -0.1775122880935669 0.019436858594417572
-0.29681336879730225 -0.1102740615606308 -0.009934003464877605
-0.22323815524578094 -0.04813457652926445 -0.045187368988990784
-0.1504705250263214 0.006426520645618439 -0.08633307367563248
-0.08016076683998108 0.05082979053258896 -0.13349826633930206
-0.013978433795273304 0.08230840414762497 -0.18694883584976196
0.046166617423295975 0.09891799837350845 -0.24584659934043884
0.09739060699939728 0.10291337221860886 -0.3041248321533203
0.1360413134098053 0.09768182784318924 -0.35365939140319824
0.15793845057487488 0.08684900403022766 -0.3854408264160156
0.15864190459251404 0.0743851587176323 -0.3898470103740692
0.13390161097049713 0.06457535922527313 -0.35728609561920166
0.0802806168794632 0.0618230476975441 -0.27922096848487854
-0.004133220762014389 0.07028449326753616 -0.149459570646286
-0.11908847838640213 0.09338391572237015 0.03455638512969017
-0.2618138790130615 0.13332074880599976 0.2708483338356018
-0.42711329460144043 0.1907162368297577 0.5527415871620178
-0.3861980736255646 0.7084806561470032 -0.9727151989936829
0.031146882101893425 0.712570071220398 -0.4771925210952759
0.33578696846961975 0.6885812282562256 -0.11704400926828384
0.5511462092399597 0.641886830329895 0.1363259255886078
0.6941247582435608 0.5766465067863464 0.3036887049674988
0.777499794960022 0.4963773488998413 0.40089887380599976
0.8114821314811707 0.40435197949409485 0.44077980518341064
0.8047864437103271 0.3038926124572754 0.4344189167022705
0.7654093503952026 0.19860322773456573 0.39210277795791626
0.701215922832489 0.09254861623048782 0.3240124583244324
0.6203782558441162 -0.009623176418244839 0.24072808027267456
0.5316756367683411 -0.1026313379406929 0.15354974567890167
0.4429987370967865 -0.18182800710201263 0.07255978882312775
0.3561856150627136 -0.2471766173839569 0.0001353155093966052
0.27145078778266907 -0.3000139892101288 -0.06343793869018555
0.18895111978054047 -0.3418598175048828 -0.11798649281263351
0.10878497362136841 -0.3743833899497986 -0.16344358026981354
0.030991744250059128 -0.3993702828884125 -0.19984126091003418
-0.04444548115134239 -0.4186898171901703 -0.22729931771755219
-0.11759816110134125 -0.4342653453350067 -0.2460138350725174
-0.18858787417411804 -0.4480486512184143 -0.2562437057495117
-0.25758257508277893 -0.46199777722358704 -0.25829747319221497
-0.32479265332221985 -0.47806107997894287 -0.25252029299736023
-0.3902016580104828 -0.4975597858428955 -0.23943856358528137
-0.452773779630661 -0.5193828344345093 -0.2202174961566925
-0.5112504959106445 -0.5418352484703064 -0.19617247581481934
-0.5644178986549377 -0.56325364112854 -0.16860203444957733
-0.6111062169075012 -0.582011342048645 -0.13878177106380463
-0.6501883864402771 -0.5965202450752258 -0.10795989632606506
-0.6805773377418518 -0.6052314043045044 -0.07735373079776764
-0.7012211084365845 -0.6066325306892395 -0.048149727284908295
-0.7110974192619324 -0.5992447733879089 -0.021502602845430374
-0.7092073559761047 -0.5816173553466797 0.0014621394220739603
-0.6945667862892151 -0.552320122718811 0.01964516006410122
-0.6667296886444092 -0.5106752514839172 0.032158635556697845
-0.6273407340049744 -0.4589262902736664 0.03888365253806114
-0.5784794092178345 -0.3999398946762085 0.03988444805145264
-0.522110641002655 -0.33645474910736084 0.035203952342271805
-0.4600786864757538 -0.27108970284461975 0.024849744513630867
-0.3941131830215454 -0.206365704536438 0.00877959094941616
-0.32584071159362793 -0.14474044740200043 -0.013113466091454029
-0.25680187344551086 -0.08865109086036682 -0.04101847484707832
-0.1884760856628418 -0.04057295620441437 -0.07522652298212051
-0.12231238931417465 -0.0030921688303351402 -0.11615598946809769
-0.059768758714199066 0.02100110612809658 -0.16438418626785278
-0.0025470866821706295 0.02976086549460888 -0.21933302283287048
0.04662032425403595 0.025622034445405006 -0.2748929560184479
0.0842277854681015 0.012254565954208374 -0.32281967997550964
0.10624212771654129 -0.006353737320750952 -0.353963166475296
0.10835456848144531 -0.02578667365014553 -0.3585233688354492
0.08641304075717926 -0.04124610126018524 -0.32669198513031006
0.03702970966696739 -0.04779117554426193 -0.2496957629919052
-0.04171798378229141 -0.04077526554465294 -0.12112626433372498
-0.1496533751487732 -0.016418345272541046 0.06172245368361473
-0.2841435968875885 0.027618180960416794 0.29691264033317566
-0.44019079208374023 0.09183067828416824 0.5776969790458679
-0.351541668176651 0.6659240126609802 -0.9425230026245117
0.06833798438310623 0.7070451974868774 -0.44898557662963867
0.3728103041648865 0.7101309299468994 -0.09527018666267395
0.5874176621437073 0.6830049157142639 0.15016582608222961
0.730003833770752 0.6314156651496887 0.3095884323120117
0.8136410117149353 0.5599614381790161 0.3995674252510071
0.8484575152397156 0.47269895672798157 0.43321895599365234
0.842862606048584 0.3735811412334442 0.4217049777507782
0.8044167160987854 0.26679012179374695 0.3752943277359009
0.7404855489730835 0.15699653327465057 0.3041445314884186
0.658735454082489 0.04954279959201813 0.2188672572374344
0.5674814581871033 -0.04946677386760712 0.1308867484331131
0.47434839606285095 -0.1345783770084381 0.05042949318885803
0.38144204020500183 -0.20550736784934998 -0.020262625068426132
0.2893837094306946 -0.263519823551178 -0.08114819973707199
0.19874624907970428 -0.3100932240486145 -0.13232988119125366
0.11004447191953659 -0.3468784689903259 -0.1740419566631317
0.02372785098850727 -0.37566205859184265 -0.2066352665424347
-0.059822458773851395 -0.3983283042907715 -0.23055912554264069
-0.1402961164712906 -0.4168260395526886 -0.24634318053722382
-0.21745170652866364 -0.4331388771533966 -0.25457876920700073
-0.29111433029174805 -0.44926130771636963 -0.255901038646698
-0.3611716032028198 -0.46718090772628784 -0.2509726583957672
-0.427412211894989 -0.48826509714126587 -0.24050870537757874
-0.4890510141849518 -0.5114667415618896 -0.22538243234157562
-0.5451855063438416 -0.5351582765579224 -0.20650050044059753
-0.5949507355690002 -0.5577428340911865 -0.18475854396820068
-0.6375173926353455 -0.5776577591896057 -0.16103707253932953
-0.6720901727676392 -0.5933769345283508 -0.13619866967201233
-0.6979049444198608 -0.6034114360809326 -0.11108547449111938
-0.7142245769500732 -0.6063082218170166 -0.08651890605688095
-0.720335066318512 -0.6006472706794739 -0.06329856812953949
-0.7155401706695557 -0.5850385427474976 -0.0422033928334713
-0.6991562843322754 -0.5581157207489014 -0.023993011564016342
-0.6709541082382202 -0.519258439540863 -0.009340127930045128
-0.6324676275253296 -0.47072529792785645 0.0013751137303188443
-0.5855883359909058 -0.4153880774974823 0.00785145815461874
-0.5320979952812195 -0.3559902012348175 0.009784651920199394
-0.47366321086883545 -0.29515451192855835 0.006852942984551191
-0.41183918714523315 -0.2354065328836441 -0.0012993508717045188
-0.34808090329170227 -0.17920970916748047 -0.015080416575074196
-0.28375813364982605 -0.12901097536087036 -0.03497305512428284
-0.22017863392829895 -0.08730266988277435 -0.06156124919652939
-0.15861593186855316 -0.05669957399368286 -0.09556373208761215
-0.10034551471471786 -0.040038276463747025 -0.13787662982940674
-0.04688217118382454 -0.03927312418818474 -0.18819938600063324
-0.0007777872961014509 -0.051722124218940735 -0.24044598639011383
0.03466188907623291 -0.07334063202142715 -0.2863464951515198
0.05562121793627739 -0.09967806190252304 -0.3167228698730469
0.05801061913371086 -0.12576645612716675 -0.3217225670814514
0.037877265363931656 -0.1461905539035797 -0.2914460301399231
-0.008012950420379639 -0.1553821861743927 -0.21699002385139465
-0.08150064945220947 -0.14814290404319763 -0.0917915627360344
-0.18242143094539642 -0.12031837552785873 0.08700890094041824
-0.30826273560523987 -0.06946408748626709 0.3176014721393585
-0.45425668358802795 0.004707242362201214 0.5933305621147156
-0.3186737298965454 0.6226364374160767 -0.9129758477210999
0.10185401886701584 0.6992453336715698 -0.421531617641449
0.40506088733673096 0.7276859879493713 -0.07372432202100754
0.6183511018753052 0.7185289859771729 0.16470077633857727
0.760336697101593 0.6792476773262024 0.31732580065727234
0.8442760705947876 0.6155776381492615 0.4013173580169678
0.8801568746566772 0.5323771834373474 0.4300123155117035
0.8760510683059692 0.43422409892082214 0.4146035313606262
0.8390644788742065 0.32586026191711426 0.36531442403793335
0.7760449051856995 0.21253539621829987 0.2922545373439789
0.6941229104995728 0.10025538504123688 0.20603719353675842
0.6011059880256653 -0.004084410611540079 0.11816943436861038
0.5043039917945862 -0.094257652759552 0.038977328687906265
0.4060732424259186 -0.169767826795578 -0.02943970449268818
0.30743780732154846 -0.23184950649738312 -0.08728130161762238
0.20938435196876526 -0.2819788455963135 -0.13492228090763092
0.11284318566322327 -0.32183077931404114 -0.17289236187934875
0.018672334030270576 -0.35323500633239746 -0.2018527239561081
-0.07235176116228104 -0.3781331181526184 -0.22257086634635925
-0.15954169631004333 -0.398540198802948 -0.23589560389518738
-0.2422993779182434 -0.41651150584220886 -0.2427331954240799
-0.3201148509979248 -0.43411654233932495 -0.24402600526809692
-0.3925611674785614 -0.45341941714286804 -0.24073375761508942
-0.4592382609844208 -0.4758581221103668 -0.23373883962631226
-0.5196103453636169 -0.5004246830940247 -0.22359968721866608
-0.5731251835823059 -0.525521457195282 -0.21079154312610626
-0.6192588210105896 -0.549579381942749 -0.19578486680984497
-0.6575133204460144 -0.5710605978965759 -0.17904335260391235
-0.6874145269393921 -0.5884611010551453 -0.16102255880832672
-0.7085109353065491 -0.6003115773200989 -0.14216837286949158
-0.7203693389892578 -0.6051771640777588 -0.12291675806045532
-0.7225738167762756 -0.6016564965248108 -0.10369274020195007
-0.7147210240364075 -0.5883793234825134 -0.08491043746471405
-0.6964178681373596 -0.5640040636062622 -0.06697340309619904
-0.6676474809646606 -0.527940034866333 -0.05033135414123535
-0.6298468708992004 -0.4824788570404053 -0.03564399853348732
-0.58473801612854 -0.43052616715431213 -0.02360192872583866
-0.5339398980140686 -0.374860018491745 -0.014878631569445133
-0.4789615273475647 -0.3181368410587311 -0.010144428350031376
-0.42120561003685 -0.2629152238368988 -0.010084564797580242
-0.36197900772094727 -0.21169286966323853 -0.015421174466609955
-0.3025064468383789 -0.1669543981552124 -0.026940125972032547
-0.24395246803760529 -0.13123686611652374 -0.045524343848228455
-0.18744711577892303 -0.10721170157194138 -0.07219596207141876
-0.13411977887153625 -0.09779062867164612 -0.10817019641399384
-0.0853249803185463 -0.10494542866945267 -0.1534339189529419
-0.04340026527643204 -0.1256713569164276 -0.20198720693588257
-0.011389392428100109 -0.15544672310352325 -0.24562473595142365
0.007190661039203405 -0.18924984335899353 -0.27524879574775696
0.008571048267185688 -0.22145040333271027 -0.2810758948326111
-0.010883674025535583 -0.24591146409511566 -0.2532389760017395
-0.05413005128502846 -0.2563513219356537 -0.18281075358390808
-0.12281470745801926 -0.24696652591228485 -0.06313671916723251
-0.21670600771903992 -0.21322081983089447 0.10880110412836075
-0.33338284492492676 -0.1526080220937729 0.33140829205513
-0.468336284160614 -0.06514236330986023 0.5982872843742371
-0.28941524028778076 0.5785133838653564 -0.8846167922019958
0.13041146099567413 0.6879773139953613 -0.39487913250923157
0.43172594904899597 0.7393613457679749 -0.05193735286593437
0.6434961557388306 0.746136486530304 0.18088068068027496
0.7849233746528625 0.7175506353378296 0.32828330993652344
0.8693592548370361 0.6604845523834229 0.4079211950302124
0.9066085815429688 0.5805889368057251 0.43328848481178284
0.9043960571289062 0.4830480217933655 0.4155740439891815
0.8693757057189941 0.37313953042030334 0.3649311065673828
0.8078801035881042 0.2566624581813812 0.2913941740989685
0.7264983654022217 0.14025035500526428 0.20553883910179138
0.6325074434280396 0.03154550865292549 0.11889613419771194
0.5328681468963623 -0.06250476837158203 0.04182766005396843
0.43016794323921204 -0.14124320447444916 -0.02371884137392044
0.32582056522369385 -0.20592492818832397 -0.07817501574754715
0.2212158739566803 -0.25807854533195496 -0.12217491120100021
0.11768892407417297 -0.2994564175605774 -0.15652623772621155
0.016495119780302048 -0.3319839537143707 -0.18217895925045013
-0.0812060758471489 -0.35771051049232483 -0.20019258558750153
-0.174363374710083 -0.37876588106155396 -0.21170563995838165
-0.26203620433807373 -0.39732301235198975 -0.2179071307182312
-0.34339335560798645 -0.4155695140361786 -0.22001303732395172
-0.41770651936531067 -0.4356885850429535 -0.2192469835281372
-0.48439455032348633 -0.4592148959636688 -0.21663029491901398
-0.5431641936302185 -0.48514652252197266 -0.21239255368709564
-0.5938001871109009 -0.511867344379425 -0.2065674066543579
-0.6361042261123657 -0.5377865433692932 -0.1991897076368332
-0.6698933839797974 -0.5613409876823425 -0.19029536843299866
-0.6949986815452576 -0.58099764585495 -0.17992080748081207
-0.7112646698951721 -0.595255434513092 -0.16810275614261627
-0.7185477614402771 -0.6026455760002136 -0.1548781841993332
-0.7167153358459473 -0.6017332077026367 -0.14028386771678925
-0.7056441903114319 -0.5911165475845337 -0.12435611337423325
-0.6852196455001831 -0.5694277286529541 -0.10713086277246475
-0.6556316614151001 -0.5360708832740784 -0.08882943540811539
-0.618239164352417 -0.49339425563812256 -0.07040242850780487
-0.5746204257011414 -0.44437721371650696 -0.05294572189450264
-0.5262560248374939 -0.39187097549438477 -0.03751730918884277
-0.47452351450920105 -0.3386039137840271 -0.02514968439936638
-0.4206997752189636 -0.28720515966415405 -0.01686873659491539
-0.3659716546535492 -0.24024230241775513 -0.013718699105083942
-0.3114490807056427 -0.20027244091033936 -0.01679341122508049
-0.25818657875061035 -0.16991111636161804 -0.02727627381682396
-0.2072080820798874 -0.15191976726055145 -0.04649082571268082
-0.15953955054283142 -0.14931872487068176 -0.07596573978662491
-0.1164066419005394 -0.164107546210289 -0.11597906798124313
-0.07989282160997391 -0.1928730458021164 -0.1606757938861847
-0.05270814895629883 -0.23050367832183838 -0.20200106501579285
-0.03797890618443489 -0.2712908387184143 -0.23103982210159302
-0.03903859853744507 -0.30882787704467773 -0.23819349706172943
-0.059071917086839676 -0.3361530601978302 -0.2137465924024582
-0.10061708092689514 -0.34619179368019104 -0.14885066449642181
-0.16499777138233185 -0.3324930667877197 -0.03682210296392441
-0.25182127952575684 -0.29014337062835693 0.12551924586296082
-0.3587191104888916 -0.21662908792495728 0.33687952160835266
-0.48146769404411316 -0.1123630702495575 0.5912819504737854
-0.265658438205719 0.5334692597389221 -0.8580193519592285
0.15270131826400757 0.6720266938209534 -0.3690793812274933
0.4519827365875244 0.7432554960250854 -0.029433341696858406
0.6623932123184204 0.7635022401809692 0.19966185092926025
0.803554356098175 0.7437414526939392 0.34384554624557495
0.8888328075408936 0.6919556260108948 0.42114877700805664
0.9278298020362854 0.6145516633987427 0.4451708197593689
0.9279316067695618 0.5172909498214722 0.4270688593387604
0.8953641057014465 0.40595993399620056 0.3769042491912842
0.8359694480895996 0.2868763208389282 0.30460625886917114
0.7558106184005737 0.1672610491514206 0.22066254913806915
0.6616339683532715 0.0554487481713295 0.13655084371566772
0.5600329637527466 -0.040962010622024536 0.06258415430784225
0.45380353927612305 -0.12122064083814621 0.0005475924699567258
0.3447290360927582 -0.1866694688796997 -0.05020643770694733
0.2345815747976303 -0.2389560341835022 -0.09054794162511826
0.12508046627044678 -0.27997520565986633 -0.12153250724077225
0.017857080325484276 -0.3118104338645935 -0.1443624645471573
-0.08556810766458511 -0.3366774618625641 -0.160348042845726
-0.1838017702102661 -0.356875479221344 -0.17087236046791077
-0.275581955909729 -0.37474629282951355 -0.17736048996448517
-0.3597760796546936 -0.3926442563533783 -0.1812550127506256
-0.4353712797164917 -0.41291719675064087 -0.18399816751480103
-0.501614511013031 -0.4372251331806183 -0.1867157369852066
-0.5584414601325989 -0.4645311236381531 -0.1893046796321869
-0.6059531569480896 -0.49314191937446594 -0.1913604736328125
-0.644254744052887 -0.5213857889175415 -0.19248469173908234
-0.6734551191329956 -0.5476140975952148 -0.1922852247953415
-0.6936686038970947 -0.5702032446861267 -0.1903771311044693
-0.7050153017044067 -0.5875577330589294 -0.18638302385807037
-0.7076213955879211 -0.5981118083000183 -0.17993400990962982
-0.7016205787658691 -0.6003328561782837 -0.17067015171051025
-0.6871541142463684 -0.5927245020866394 -0.15824143588542938
-0.6643714904785156 -0.5738293528556824 -0.14230859279632568
-0.6336637139320374 -0.543003499507904 -0.12286046892404556
-0.5963370203971863 -0.5026822686195374 -0.10114223510026932
-0.5538567900657654 -0.45596811175346375 -0.07866249233484268
-0.5075972080230713 -0.40583470463752747 -0.05687222629785538
-0.45883458852767944 -0.35513022541999817 -0.037174105644226074
-0.4087516963481903 -0.30660006403923035 -0.0209411159157753
-0.3584478795528412 -0.26292574405670166 -0.009543669410049915
-0.30895286798477173 -0.22677841782569885 -0.004384790547192097
-0.26124855875968933 -0.20089198648929596 -0.006946153938770294
-0.21629475057125092 -0.18815650045871735 -0.01884666085243225
-0.17506186664104462 -0.19173865020275116 -0.04191798344254494
-0.13868163526058197 -0.21367640793323517 -0.07672803103923798
-0.10893546044826508 -0.2500512897968292 -0.11762232333421707
-0.08811713755130768 -0.29503750801086426 -0.15677744150161743
-0.07885829359292984 -0.34211620688438416 -0.18555666506290436
-0.08392957597970963 -0.3839879333972931 -0.1946544200181961
-0.10591761767864227 -0.41276639699935913 -0.1746179610490799
-0.14678743481636047 -0.4205138385295868 -0.11677539348602295
-0.20739732682704926 -0.4001016318798065 -0.014473714865744114
-0.2870880663394928 -0.34625598788261414 0.13563156127929688
-0.3834972381591797 -0.25651782751083374 0.3326263129711151
-0.49270910024642944 -0.13179607689380646 0.5711082220077515
-0.24907328188419342 0.4871614873409271 -0.8333785533905029
0.1675688624382019 0.6501851081848145 -0.3441034257411957
0.4650931656360626 0.7376982569694519 -0.0059143854305148125
0.6746088266372681 0.7687128186225891 0.22159810364246368
0.8159990906715393 0.7557892203330994 0.36479857563972473
0.902586817741394 0.7079194784164429 0.44199806451797485
0.9437644481658936 0.6322088241577148 0.4668544828891754
0.9466059803962708 0.5349586009979248 0.45046985149383545
0.916949450969696 0.42243480682373047 0.4027925431728363
0.8601893186569214 0.3014431297779083 0.3336119055747986
0.7818989753723145 0.1797490417957306 0.25326818227767944
0.6883141398429871 0.06631529331207275 0.17309336364269257
0.5856584906578064 -0.030694324523210526 0.10325159877538681
0.4769132435321808 -0.11051615327596664 0.045354943722486496
0.36420226097106934 -0.1746559888124466 -0.0014367451658472419
0.2496504783630371 -0.2249549925327301 -0.038195911794900894
0.13533027470111847 -0.26352158188819885 -0.0661836788058281
0.02321782521903515 -0.2926635444164276 -0.08680524677038193
-0.0848364606499672 -0.31482404470443726 -0.10156702995300293
-0.18712712824344635 -0.33252760767936707 -0.11203920096158981
-0.2820988595485687 -0.34833621978759766 -0.11982458829879761
-0.3683422803878784 -0.364818811416626 -0.1265355348587036
-0.44458070397377014 -0.3845345675945282 -0.13377946615219116
-0.5098984241485596 -0.4092963933944702 -0.14274869859218597
-0.5644410848617554 -0.43798789381980896 -0.1530158370733261
-0.6085985898971558 -0.46877598762512207 -0.16375653445720673
-0.6427506804466248 -0.49984443187713623 -0.17415449023246765
-0.6672704219818115 -0.5293939709663391 -0.18340182304382324
-0.6825282573699951 -0.5556439161300659 -0.19069981575012207
-0.6888948678970337 -0.5768352150917053 -0.19526074826717377
-0.6867446899414062 -0.5912348031997681 -0.1963096559047699
-0.6764576435089111 -0.5971410274505615 -0.19308710098266602
-0.6584224104881287 -0.5928905010223389 -0.18485233187675476
-0.6330370306968689 -0.5768649578094482 -0.17088674008846283
-0.6008890271186829 -0.5483234524726868 -0.1509435474872589
-0.5632598996162415 -0.5098226070404053 -0.1265571415424347
-0.5215388536453247 -0.46464425325393677 -0.09964688867330551
-0.4770278036594391 -0.41594067215919495 -0.07205745577812195
-0.43093645572662354 -0.36673450469970703 -0.04556341841816902
-0.38438719511032104 -0.31993940472602844 -0.021886134520173073
-0.33842623233795166 -0.27839982509613037 -0.002721969736739993
-0.29403936862945557 -0.24494746327400208 0.010219539515674114
-0.25217485427856445 -0.22247788310050964 0.015164367854595184
-0.21377088129520416 -0.2140505462884903 0.010208219289779663
-0.17979156970977783 -0.22301743924617767 -0.006768380757421255
-0.15130895376205444 -0.2514636516571045 -0.036616891622543335
-0.1297471821308136 -0.2948606312274933 -0.07393531501293182
-0.11689253896474838 -0.34653812646865845 -0.11120685935020447
-0.11477070301771164 -0.3990427553653717 -0.14016017317771912
-0.1254560649394989 -0.4440705180168152 -0.15188013017177582
-0.15078634023666382 -0.47272202372550964 -0.137277290225029
-0.19199711084365845 -0.4761408269405365 -0.0879446268081665
-0.24933941662311554 -0.4465068280696869 0.0026853440795093775
-0.3217830955982208 -0.37821367383003235 0.13812153041362762
-0.4069252014160156 -0.26892033219337463 0.31789901852607727
-0.5011783838272095 -0.12011755257844925 0.5373259782791138
-0.24023029208183289 0.4381597638130188 -0.8092747330665588
0.17455877363681793 0.6213482618331909 -0.31960201263427734
0.4707026481628418 0.7220329642295837 0.018167130649089813
0.6798517107963562 0.7615675926208496 0.24558857083320618
0.8219926953315735 0.7539081573486328 0.38949349522590637
0.91034996509552 0.7089458107948303 0.4683453440666199
0.9541081190109253 0.6344199180603027 0.4957984983921051
0.9600603580474854 0.5371339917182922 0.4828658699989319
0.9337033033370972 0.42380622029304504 0.4393538534641266
0.8800371289253235 0.3017009198665619 0.374872624874115
0.8041924834251404 0.17908412218093872 0.29955193400382996
0.7119312286376953 0.06547782570123672 0.22448384761810303
0.6091188788414001 -0.030480334535241127 0.15958404541015625
0.49889642000198364 -0.10808796435594559 0.10628439486026764
0.3836936354637146 -0.1690799593925476 0.06358050554990768
0.2659505605697632 -0.21555264294147491 0.030236029997467995
0.14805391430854797 -0.24988417327404022 0.004831372760236263
0.03228497505187988 -0.2746566832065582 -0.014188278466463089
-0.07921432703733444 -0.2925851047039032 -0.028468256816267967
-0.18446309864521027 -0.30645787715911865 -0.039707109332084656
-0.2816459536552429 -0.3190920352935791 -0.04962724447250366
-0.3691061735153198 -0.33330342173576355 -0.059955380856990814
-0.4453273415565491 -0.35189369320869446 -0.07241284847259521
-0.5092425346374512 -0.37684759497642517 -0.08822574466466904
-0.5611850619316101 -0.40693390369415283 -0.10666453093290329
-0.601801872253418 -0.4401308596134186 -0.12651823461055756
-0.6317163109779358 -0.47442826628685 -0.146582692861557
-0.651535153388977 -0.5078250765800476 -0.165659099817276
-0.6618567109107971 -0.5383294224739075 -0.1825547218322754
-0.6632769107818604 -0.5639626979827881 -0.19608531892299652
-0.656395435333252 -0.5827649235725403 -0.2050788551568985
-0.6418193578720093 -0.5928035974502563 -0.20838110148906708
-0.6201673150062561 -0.5921849012374878 -0.20486263930797577
-0.592072606086731 -0.5790674686431885 -0.19342707097530365
-0.5583122372627258 -0.5525679588317871 -0.17359019815921783
-0.5201677680015564 -0.515393078327179 -0.14716021716594696
-0.4789820909500122 -0.471051424741745 -0.11645297706127167
-0.43601351976394653 -0.42292237281799316 -0.08369684964418411
-0.3924327492713928 -0.3742500841617584 -0.051030803471803665
-0.34932857751846313 -0.3281615078449249 -0.02051781304180622
-0.3077215254306793 -0.28770628571510315 0.005827221088111401
-0.2685810327529907 -0.2559150457382202 0.025997517630457878
-0.23285134136676788 -0.235880509018898 0.03793887048959732
-0.20148222148418427 -0.23086333274841309 0.03947794809937477
-0.17546798288822174 -0.2444288283586502 0.028229381889104843
-0.15584437549114227 -0.27871018648147583 0.00307204807177186
-0.14362531900405884 -0.3284754455089569 -0.03088916651904583
-0.14000765979290009 -0.3860999345779419 -0.06650921702384949
-0.1463150978088379 -0.44309747219085693 -0.09595592319965363
-0.16381657123565674 -0.4900802671909332 -0.11078674346208572
-0.19348306953907013 -0.517082691192627 -0.10236005485057831
-0.23570513725280762 -0.5143080949783325 -0.06260821223258972
-0.2900276482105255 -0.4732542932033539 0.014902927912771702
-0.35498279333114624 -0.38801538944244385 0.13384360074996948
-0.4281041622161865 -0.256413072347641 0.2942503094673157
-0.5061567425727844 -0.08056546002626419 0.4922465682029724
-0.23940321803092957 0.38478392362594604 -0.7838637232780457
0.17338691651821136 0.5844483971595764 -0.29515764117240906
0.4685325622558594 0.6958413124084473 0.042154937982559204
0.6778387427330017 0.7422521114349365 0.27011337876319885
0.8212321400642395 0.7388120293617249 0.4156852066516876
0.9117838740348816 0.6961913704872131 0.4973183870315552
0.958472490310669 0.622698187828064 0.528575599193573
0.967843770980835 0.5256007313728333 0.5203306078910828
0.9451038837432861 0.41204288601875305 0.48220911622047424
0.8949160575866699 0.289716511964798 0.4235974848270416
0.8220273852348328 0.16734036803245544 0.35435155034065247
0.7317737340927124 0.054920800030231476 0.28523361682891846
0.6296860575675964 -0.03852592781186104 0.22581912577152252
0.5190392732620239 -0.11242244392633438 0.17735840380191803
0.4025278091430664 -0.1687811315059662 0.13871526718139648
0.28286296129226685 -0.20999561250209808 0.10853108018636703
0.16269952058792114 -0.23874889314174652 0.0852765217423439
0.04457804188132286 -0.2579258978366852 0.06730061024427414
-0.06911274045705795 -0.2705354690551758 0.052874770015478134
-0.1761583685874939 -0.2796477973461151 0.04022791609168053
-0.2745213806629181 -0.2883492708206177 0.027572086080908775
-0.36233100295066833 -0.29971563816070557 0.013116981834173203
-0.4378591477870941 -0.3168048858642578 -0.00492637325078249
-0.49990159273147583 -0.3417811095714569 -0.027791230008006096
-0.548954963684082 -0.37327438592910767 -0.0544796921312809
-0.5858902335166931 -0.40904322266578674 -0.08344075083732605
-0.6115415692329407 -0.44685202836990356 -0.11312470585107803
-0.6267183423042297 -0.48446401953697205 -0.1419791281223297
-0.6322187185287476 -0.5196399092674255 -0.16844862699508667
-0.6288383603096008 -0.5501410961151123 -0.19097787141799927
-0.617379367351532 -0.5737367272377014 -0.20801711082458496
-0.5986567139625549 -0.5882168412208557 -0.21803200244903564
-0.5735026597976685 -0.5914081335067749 -0.21951545774936676
-0.5427700281143188 -0.5811947584152222 -0.21100257337093353
-0.5074190497398376 -0.5565154552459717 -0.19177396595478058
-0.4687480926513672 -0.5202455520629883 -0.1638854295015335
-0.42807480692863464 -0.47615617513656616 -0.1300215870141983
-0.3866341710090637 -0.4278900623321533 -0.09277239441871643
-0.34557634592056274 -0.37894904613494873 -0.05462248995900154
-0.3059749901294708 -0.3327080309391022 -0.017959725111722946
-0.26884251832962036 -0.29245394468307495 0.014898836612701416
-0.23515023291110992 -0.2614448666572571 0.041666578501462936
-0.20585718750953674 -0.24299564957618713 0.06002882495522499
-0.18194451928138733 -0.24058856070041656 0.06756701320409775
-0.1644592583179474 -0.2580176591873169 0.06165970116853714
-0.15441124141216278 -0.29745665192604065 0.04093795642256737
-0.15235570073127747 -0.3528936207294464 0.010173005983233452
-0.15883195400238037 -0.415667325258255 -0.02391616627573967
-0.1743878424167633 -0.4761942923069 -0.05399683117866516
-0.19940929114818573 -0.5239620208740234 -0.07216564565896988
-0.23392541706562042 -0.5479255318641663 -0.07029780000448227
-0.27741584181785583 -0.5373600125312805 -0.040727902203798294
-0.3286709487438202 -0.4831085503101349 0.022801002487540245
-0.38576027750968933 -0.37899404764175415 0.12410842627286911
-0.4461537003517151 -0.223013773560524 0.2637602686882019
-0.5069915652275085 -0.017903834581375122 0.4387631416320801
-0.2468203604221344 0.3254099488258362 -0.7552969455718994
0.1637771874666214 0.5384457111358643 -0.27036771178245544
0.45828717947006226 0.6586955189704895 0.06537186354398727
0.6682553887367249 0.7109079360961914 0.2936379909515381
0.8133772611618042 0.7111462354660034 0.441127747297287
0.9065125584602356 0.6707309484481812 0.5260601043701172
0.9564356207847595 0.5984716415405273 0.5617902278900146
0.969478964805603 0.5020636320114136 0.558983564376831
0.950611412525177 0.38904690742492676 0.527035117149353
0.9042231440544128 0.2675056755542755 0.4750572443008423
0.834743082523346 0.14655692875385284 0.4125693738460541
0.7471421957015991 0.03660746291279793 0.3499205708503723
0.6466507315635681 -0.053048260509967804 0.2962646484375
0.536649227142334 -0.1220097690820694 0.25267547369003296
0.4200505018234253 -0.17259711027145386 0.21792130172252655
0.2997862994670868 -0.20752279460430145 0.190565288066864
0.17872753739356995 -0.22978828847408295 0.1690172702074051
0.05962243676185608 -0.24258752167224884 0.15158216655254364
-0.0549430251121521 -0.24922430515289307 0.13650086522102356
-0.16256695985794067 -0.2530476152896881 0.12198139727115631
-0.2610315978527069 -0.2574083209037781 0.10621935874223709
-0.3482891917228699 -0.2656371295452118 0.0874067172408104
-0.4224317669868469 -0.2810448110103607 0.06372857838869095
-0.48213469982147217 -0.3059714436531067 0.03396657481789589
-0.5280330777168274 -0.3388954997062683 -0.0006559251924045384
-0.5611876845359802 -0.37734097242355347 -0.03830427676439285
-0.5826103687286377 -0.4188311696052551 -0.07713600248098373
-0.5932835340499878 -0.4608766734600067 -0.11529332399368286
-0.5941759943962097 -0.500970184803009 -0.15090085566043854
-0.5862579345703125 -0.5365893840789795 -0.18206922709941864
-0.5705117583274841 -0.5652045607566833 -0.20690256357192993
-0.5479395985603333 -0.5842959880828857 -0.22351253032684326
-0.5195700526237488 -0.591376006603241 -0.23003679513931274
-0.4864596426486969 -0.5840179324150085 -0.22466205060482025
-0.44974127411842346 -0.5609548687934875 -0.2064414769411087
-0.4107387959957123 -0.5252407193183899 -0.17764194309711456
-0.3707573413848877 -0.48093122243881226 -0.14127537608146667
-0.331019788980484 -0.43195709586143494 -0.10025764256715775
-0.29266637563705444 -0.38210299611091614 -0.05738796293735504
-0.2567650079727173 -0.33501553535461426 -0.015350849367678165
-0.2243291288614273 -0.294240802526474 0.0232610572129488
-0.1963406205177307 -0.263283371925354 0.05590786784887314
-0.17378178238868713 -0.2456946074962616 0.08004293590784073
-0.15767373144626617 -0.24518834054470062 0.09303434938192368
-0.14912448823451996 -0.2657909095287323 0.09206242114305496
-0.14911606907844543 -0.30970123410224915 0.07554025948047638
-0.15770234167575836 -0.3700697720050812 0.04787660017609596
-0.17471180856227875 -0.4371449947357178 0.01531992107629776
-0.19986560940742493 -0.5002158284187317 -0.015344207175076008
-0.23262248933315277 -0.547642171382904 -0.03680464252829552
-0.27203667163848877 -0.5673225522041321 -0.04150979965925217
-0.3166588544845581 -0.54764324426651 -0.02225142903625965
-0.36452242732048035 -0.4788303077220917 0.027005014941096306
-0.4132435619831085 -0.3544481694698334 0.11020194739103317
-0.4602431058883667 -0.17264211177825928 0.22843413054943085
-0.5030500292778015 0.06330419331789017 0.3796181380748749
-0.2626344561576843 0.25850918889045715 -0.7217541933059692
0.14548146724700928 0.4823516309261322 -0.244847372174263
0.43966445326805115 0.610172688961029 0.0871189534664154
0.6507609486579895 0.6676459312438965 0.31460416316986084
0.798050582408905 0.6714993119239807 0.4635547697544098
0.8941192626953125 0.6335687637329102 0.5517019033432007
0.9475362300872803 0.5630944967269897 0.5920465588569641
0.964454174041748 0.46815669536590576 0.5949569940567017
0.9496601819992065 0.35665857791900635 0.5695348978042603
0.9073390960693359 0.2370336800813675 0.524562656879425
0.8416748642921448 0.11873363703489304 0.4691605865955353
0.7573428750038147 0.012471267953515053 0.4131881892681122
0.6593169569969177 -0.07228673249483109 0.36530783772468567
0.5510523319244385 -0.13535593450069427 0.32642820477485657
0.4356277287006378 -0.1793745756149292 0.2952615022659302
0.3161390423774719 -0.20737454295158386 0.2703372538089752
0.19561587274074554 -0.22266730666160583 0.2500527501106262
0.07695764303207397 -0.22874099016189575 0.2327178418636322
-0.03710600361227989 -0.22917440533638 0.21659153699874878
-0.14403539896011353 -0.22757317125797272 0.199907585978508
-0.241477832198143 -0.2275296449661255 0.18088923394680023
-0.32724863290786743 -0.23260752856731415 0.15775157511234283
-0.3992958068847656 -0.24635089933872223 0.1286918669939041
-0.45619481801986694 -0.2712613642215729 0.0925254076719284
-0.49869441986083984 -0.3056621849536896 0.05065237358212471
-0.5280110239982605 -0.34684237837791443 0.005127365700900555
-0.5453024506568909 -0.39208343625068665 -0.04197525605559349
-0.551693320274353 -0.4386409819126129 -0.08854971826076508
-0.5482963919639587 -0.48373475670814514 -0.13245420157909393
-0.5362308025360107 -0.5245501399040222 -0.17151443660259247
-0.516635537147522 -0.5582467317581177 -0.20353268086910248
-0.49067947268486023 -0.5819788575172424 -0.22630681097507477
-0.459567129611969 -0.5929250121116638 -0.23765523731708527
-0.42454031109809875 -0.5883261561393738 -0.23544935882091522
-0.3868899941444397 -0.5666916966438293 -0.2185308337211609
-0.3479653298854828 -0.5312553644180298 -0.1893317550420761
-0.30906227231025696 -0.4863662123680115 -0.15113522112369537
-0.27139392495155334 -0.4362553060054779 -0.10713305324316025
-0.23609232902526855 -0.38500210642814636 -0.06039397791028023
-0.20422117412090302 -0.3365383446216583 -0.013858445920050144
-0.17679542303085327 -0.29468002915382385 0.02964373491704464
-0.15480764210224152 -0.2631872594356537 0.06735655665397644
-0.13926240801811218 -0.24585291743278503 0.09653925150632858
-0.13121819496154785 -0.24662171304225922 0.11438734829425812
-0.13183961808681488 -0.26974430680274963 0.11792914569377899
-0.142068013548851 -0.317423939704895 0.10539764165878296
-0.1614200919866562 -0.381935179233551 0.08081694692373276
-0.18897747993469238 -0.4524131715297699 0.04992946982383728
-0.22360894083976746 -0.5170233249664307 0.01893658936023712
-0.26383599638938904 -0.5630308985710144 -0.005484065506607294
-0.30774685740470886 -0.5773333311080933 -0.016401253640651703
-0.35298991203308105 -0.5474885106086731 -0.007114774081856012
-0.3968784809112549 -0.46314412355422974 0.028136514127254486
-0.43661078810691833 -0.31759577989578247 0.09337273985147476
-0.46957939863204956 -0.10906078666448593 0.19018489122390747
-0.4936992824077606 0.1587654948234558 0.31738507747650146
-0.28689226508140564 0.18269775807857513 -0.6814872622489929
0.11830081045627594 0.4152575433254242 -0.21823279559612274
0.412368506193161 0.5498721599578857 0.10667628049850464
0.6249923706054688 0.6125558018684387 0.3314225971698761
0.7748370170593262 0.6204130053520203 0.4806614816188812
0.8741427659988403 0.5856485366821289 0.571334719657898
0.9312670230865479 0.5178554654121399 0.6159130334854126
0.9522150754928589 0.4254520535469055 0.6243574023246765
0.9416489601135254 0.3166629374027252 0.6054002642631531
0.903618335723877 0.20021899044513702 0.5674301981925964
0.8421415686607361 0.0858311578631401 0.519105851650238
0.7616775631904602 -0.015587224625051022 0.4697268307209015
0.6669936180114746 -0.09450867772102356 0.42740389704704285
0.5615866780281067 -0.15098947286605835 0.3928980529308319
0.4486422538757324 -0.18797603249549866 0.3649064600467682
0.33135879039764404 -0.20879843831062317 0.34196969866752625
0.21286241710186005 -0.2170482575893402 0.3225181996822357
0.09614304453134537 -0.21647198498249054 0.30491212010383606
-0.01598331704735756 -0.21088427305221558 0.2874722182750702
-0.12089201807975769 -0.20410697162151337 0.2684994339942932
-0.216143399477005 -0.19993430376052856 0.24628348648548126
-0.2994597256183624 -0.20212528109550476 0.21909931302070618
-0.3686845600605011 -0.2144220471382141 0.18519145250320435
-0.42231836915016174 -0.23946253955364227 0.14342597126960754
-0.46119949221611023 -0.2754192054271698 0.09532777220010757
-0.48666635155677795 -0.31935808062553406 0.043103255331516266
-0.4999917447566986 -0.36833101511001587 -0.011008329689502716
-0.502413809299469 -0.41934934258461 -0.06471849977970123
-0.4951622188091278 -0.4693695604801178 -0.11568240076303482
-0.4794796109199524 -0.5152915716171265 -0.16150176525115967
-0.4566376209259033 -0.5539677143096924 -0.19973546266555786
-0.4279482662677765 -0.5822274088859558 -0.22792275249958038
-0.394769549369812 -0.596912682056427 -0.24361485242843628
-0.3585054278373718 -0.5949270725250244 -0.24441687762737274
-0.3205842673778534 -0.5745495557785034 -0.22898487746715546
-0.28237125277519226 -0.5391861200332642 -0.19986173510551453
-0.24514617025852203 -0.493474543094635 -0.1605311930179596
-0.21010561287403107 -0.44194287061691284 -0.11439534276723862
-0.17836683988571167 -0.3889664113521576 -0.06473268568515778
-0.15098214149475098 -0.33876198530197144 -0.014684388414025307
-0.12896080315113068 -0.2954161465167999 0.03273366019129753
-0.11329761892557144 -0.2629424035549164 0.07459840178489685
-0.1050095185637474 -0.24537009000778198 0.10802333056926727
-0.10517999529838562 -0.24686403572559357 0.13008174300193787
-0.11501394212245941 -0.2718810439109802 0.1377049684524536
-0.13538971543312073 -0.3226020932197571 0.12899133563041687
-0.16526088118553162 -0.3904106318950653 0.10756393522024155
-0.2029457986354828 -0.46333691477775574 0.0786309540271759
-0.24646271765232086 -0.5284613370895386 0.04778139293193817
-0.2934211790561676 -0.5720219016075134 0.021026644855737686
-0.340992271900177 -0.579998791217804 0.004637225531041622
-0.38598889112472534 -0.5391961932182312 0.0047547472640872
-0.4250735938549042 -0.4387158751487732 0.026806723326444626
-0.4550798237323761 -0.27154451608657837 0.07482429593801498
-0.4733901619911194 -0.035842448472976685 0.15082842111587524
-0.4782811999320984 0.2644883990287781 0.25447115302085876
-0.3195057213306427 0.09679271280765533 -0.6328749060630798
0.08210771530866623 0.336368590593338 -0.1901874989271164
0.37612250447273254 0.47743383049964905 0.12330599129199982
0.5905707478523254 0.5457186102867126 0.3424685001373291
0.7432842254638672 0.5583910942077637 0.4900873899459839
0.8460715413093567 0.5278623700141907 0.5819801092147827
0.9070658683776855 0.4639894366264343 0.6298838257789612
0.9321539998054504 0.3754708766937256 0.643221914768219
0.9259274005889893 0.2708001136779785 0.6302657723426819
0.8923758268356323 0.1589416116476059 0.5989390015602112
0.83543461561203 0.04977721348404884 0.5573725700378418
0.7594313025474548 -0.04569690302014351 0.5142390131950378
0.668984055519104 -0.11800778657197952 0.4770464599132538
0.5675933957099915 -0.1674615442752838 0.4464290738105774
0.45848730206489563 -0.19728121161460876 0.42111098766326904
0.3448995053768158 -0.21105167269706726 0.3996868133544922
0.22998522222042084 -0.2125936597585678 0.3806626796722412
0.11676089465618134 -0.20585617423057556 0.36248984932899475
0.008068566210567951 -0.19483232498168945 0.34358951449394226
-0.09343811869621277 -0.18350309133529663 0.32236579060554504
-0.18528370559215546 -0.1758095920085907 0.2972092032432556
-0.26514437794685364 -0.175653338432312 0.26648759841918945
-0.3308038115501404 -0.18692460656166077 0.2285260260105133
-0.3807167708873749 -0.21236123144626617 0.18225814402103424
-0.41578853130340576 -0.24999581277370453 0.12928003072738647
-0.43744659423828125 -0.2966943681240082 0.07187888026237488
-0.44704899191856384 -0.34930217266082764 0.012387615628540516
-0.44591987133026123 -0.4046095311641693 -0.04679451510310173
-0.4353793263435364 -0.4593319296836853 -0.10319213569164276
-0.4167676866054535 -0.5101054906845093 -0.1542559266090393
-0.3914638161659241 -0.5534955263137817 -0.1973738670349121
-0.3608965575695038 -0.5860243439674377 -0.2298983335494995
-0.32655027508735657 -0.6042134761810303 -0.24918301403522491
-0.28996285796165466 -0.6046428084373474 -0.25263360142707825
-0.25267210602760315 -0.5853667259216309 -0.2387591451406479
-0.2160392850637436 -0.5499469041824341 -0.2101508378982544
-0.1813109815120697 -0.5032903552055359 -0.17040769755840302
-0.1496509462594986 -0.45020565390586853 -0.12306095659732819
-0.12214606255292892 -0.39534902572631836 -0.07152285426855087
-0.09982214868068695 -0.34320977330207825 -0.019064858555793762
-0.08366762101650238 -0.29813310503959656 0.031176717951893806
-0.07466325908899307 -0.26437315344810486 0.0761735662817955
-0.07382012158632278 -0.24617989361286163 0.11295350641012192
-0.08222518861293793 -0.24791787564754486 0.1385282427072525
-0.10109689086675644 -0.2742213308811188 0.1497962474822998
-0.13122086226940155 -0.3272193968296051 0.1447739154100418
-0.17097443342208862 -0.3974131941795349 0.12667152285575867
-0.2179194837808609 -0.4717704653739929 0.10013991594314575
-0.2692553400993347 -0.5363595485687256 0.07013411074876785
-0.3217402696609497 -0.5764908790588379 0.04197311773896217
-0.3717152178287506 -0.577334463596344 0.02123003825545311
-0.4152580201625824 -0.5250248312950134 0.01343566831201315
-0.44847482442855835 -0.408138632774353 0.02361268363893032
-0.467896044254303 -0.21927805244922638 0.05571410804986954
-0.4709034264087677 0.04363888502120972 0.11209121346473694
-0.45608431100845337 0.3767823874950409 0.19313982129096985
-0.3602279722690582 -0.0001323866454185918 -0.5744832158088684
0.036867525428533554 0.24503660202026367 -0.1604079157114029
0.3306832015514374 0.39255616068840027 0.136258065700531
0.5471071600914001 0.46721673011779785 0.34607994556427
0.7029005885124207 0.4859066605567932 0.4894007742404938
0.8093393445014954 0.4610583782196045 0.5805605053901672
0.87430739402771 0.4026854634284973 0.6303374767303467
0.9035969972610474 0.319692999124527 0.6474681496620178
0.9017838835716248 0.22077615559101105 0.6396560072898865
0.8728722929954529 0.11505339294672012 0.6142769455909729
0.8208017945289612 0.0124750891700387 0.578862726688385
0.7498589754104614 -0.07600897550582886 0.5413920283317566
0.6645733118057251 -0.14109936356544495 0.5087221264839172
0.5684068202972412 -0.1833430975675583 0.4813840091228485
0.46455901861190796 -0.20618554949760437 0.45817047357559204
0.3562259078025818 -0.213401198387146 0.4377707242965698
0.24652104079723358 -0.2089681178331375 0.4188053011894226
0.13841885328292847 -0.19696299731731415 0.3998526632785797
0.034723855555057526 -0.18148291110992432 0.37946775555610657
-0.061939943581819534 -0.16659532487392426 0.3561896085739136
-0.14911587536334991 -0.15631838142871857 0.32853963971138
-0.22448521852493286 -0.15462949872016907 0.29500919580459595
-0.2858211100101471 -0.1655023843050003 0.2540360987186432
-0.33156752586364746 -0.191726952791214 0.20463897287845612
-0.3626747727394104 -0.23121240735054016 0.14843115210533142
-0.3806277811527252 -0.2806573212146759 0.08770793676376343
-0.3868410885334015 -0.3367331326007843 0.024821287021040916
-0.38269785046577454 -0.3960431218147278 -0.037796441465616226
-0.36958256363868713 -0.4550967514514923 -0.09762049466371536
-0.3489065170288086 -0.5103022456169128 -0.1520347148180008
-0.3221277594566345 -0.5579742789268494 -0.19834348559379578
-0.29076239466667175 -0.5943649411201477 -0.23380082845687866
-0.25638875365257263 -0.6157106161117554 -0.25565147399902344
-0.22064343094825745 -0.6183011531829834 -0.2611877918243408
-0.18513724207878113 -0.599986732006073 -0.24882414937019348
-0.15119695663452148 -0.5644602179527283 -0.2211311012506485
-0.12000799924135208 -0.516862690448761 -0.1817229986190796
-0.09267539530992508 -0.4622505009174347 -0.1341629922389984
-0.07023116946220398 -0.40553078055381775 -0.08190430700778961
-0.053651463240385056 -0.35143840312957764 -0.028261831030249596
-0.043880775570869446 -0.30455198884010315 0.02358858473598957
-0.041862159967422485 -0.26934128999710083 0.0705893263220787
-0.04857500642538071 -0.25025060772895813 0.1097552552819252
-0.06507989764213562 -0.25181347131729126 0.13810785114765167
-0.09257295727729797 -0.27880334854125977 0.15258657932281494
-0.13171231746673584 -0.33326560258865356 0.1511855274438858
-0.1803026646375656 -0.4048556685447693 0.13669294118881226
-0.23518291115760803 -0.47955602407455444 0.11318228393793106
-0.2927969992160797 -0.5425307154655457 0.084957055747509
-0.3491470515727997 -0.5782915949821472 0.05662182718515396
-0.3998643457889557 -0.571325421333313 0.033017855137586594
-0.44042015075683594 -0.5071841478347778 0.019010256975889206
-0.4664739668369293 -0.37392523884773254 0.019134990870952606
-0.4743160903453827 -0.16365332901477814 0.037156686186790466
-0.4613216519355774 0.1262006014585495 0.07562541961669922
-0.42630735039711 0.49223682284355164 0.13554544746875763
-0.4086358845233917 -0.10869293659925461 -0.5051294565200806
-0.017340699210762978 0.14079716801643372 -0.12863212823867798
0.2758553922176361 0.2950179874897003 0.1447775512933731
0.49420973658561707 0.37714511156082153 0.3405589461326599
0.6531565189361572 0.4034103453159332 0.4760840833187103
0.7633177638053894 0.38604915142059326 0.5638666152954102
0.8322916030883789 0.33509790897369385 0.6134899258613586
0.8657914400100708 0.2595711648464203 0.6328366994857788
0.8684292435646057 0.1682782620191574 0.6289210915565491
0.8442983031272888 0.070393867790699 0.6084738373756409
0.7974318265914917 -0.024180686101317406 0.5783464312553406
0.7321684956550598 -0.10468339920043945 0.5457507967948914
0.6530128717422485 -0.16210809350013733 0.5168439149856567
0.5633409023284912 -0.19721493124961853 0.49207767844200134
0.4662454128265381 -0.21359334886074066 0.4703533351421356
0.3648070693016052 -0.2151200771331787 0.45049282908439636
0.26202160120010376 -0.20583835244178772 0.43126556277275085
0.16074970364570618 -0.1898597776889801 0.4114088714122772
0.06369119882583618 -0.1712942123413086 0.3896406888961792
-0.026621971279382706 -0.15420828759670258 0.3646623492240906
-0.10781018435955048 -0.14261344075202942 0.335153728723526
-0.17761582136154175 -0.14048224687576294 0.29975828528404236
-0.23385639488697052 -0.15179245173931122 0.2570590078830719
-0.2750056982040405 -0.17932628095149994 0.2061779946088791
-0.3020390272140503 -0.22089117765426636 0.1486918330192566
-0.3164668083190918 -0.2730591893196106 0.08682925999164581
-0.3197318911552429 -0.3323700726032257 0.02288326993584633
-0.31324976682662964 -0.3952839970588684 -0.04076394811272621
-0.29844218492507935 -0.4581511616706848 -0.1016274094581604
-0.27676331996917725 -0.5172020792961121 -0.15711991488933563
-0.2497192919254303 -0.5685545206069946 -0.20456355810165405
-0.218878835439682 -0.6082454323768616 -0.2412194311618805
-0.1858757734298706 -0.6322829127311707 -0.26433074474334717
-0.1524025797843933 -0.636722207069397 -0.2711827754974365
-0.12009754776954651 -0.6192453503608704 -0.2601621150970459
-0.09021110832691193 -0.5836432576179504 -0.23374322056770325
-0.06382931768894196 -0.5352404117584229 -0.19544252753257751
-0.04196261614561081 -0.479291170835495 -0.1487414538860321
-0.025554949417710304 -0.4209071397781372 -0.09702470898628235
-0.015501348301768303 -0.36502593755722046 -0.04354700446128845
-0.012671812437474728 -0.3164195716381073 0.00857352651655674
-0.017940720543265343 -0.2797359228134155 0.05634089931845665
-0.03222263976931572 -0.259575754404068 0.09684301167726517
-0.05651470273733139 -0.26060059666633606 0.12719464302062988
-0.09194701910018921 -0.28767600655555725 0.14445935189723969
-0.13901272416114807 -0.34273064136505127 0.146675243973732
-0.19496865570545197 -0.41464123129844666 0.13620001077651978
-0.25599467754364014 -0.4885194003582001 0.11650999635457993
-0.31787553429603577 -0.5487662553787231 0.09124162048101425
-0.375985324382782 -0.579251229763031 0.06426528841257095
-0.4253944754600525 -0.5639204978942871 0.039657775312662125
-0.4611153304576874 -0.4878315329551697 0.021561939269304276
-0.47847849130630493 -0.3385102152824402 0.013937252573668957
-0.4735904932022095 -0.10741288214921951 0.020231978967785835
-0.4437928795814514 0.2088230848312378 0.04303504154086113
-0.3880174160003662 0.6076734662055969 0.08378567546606064
-0.46412283182144165 -0.2291492372751236 -0.4239404499530792
-0.08030600845813751 0.023403162136673927 -0.09464683383703232
0.21150800585746765 0.18469856679439545 0.14811526238918304
0.43149155378341675 0.27562329173088074 0.32417550683021545
0.5934824347496033 0.311336874961853 0.4475195109844208
0.7073091268539429 0.3036189675331116 0.5285224914550781
0.7802304625511169 0.2623562216758728 0.5753396153450012
0.8178876638412476 0.19654445350170135 0.5948230624198914
0.8249761462211609 0.1149919256567955 0.5931585431098938
0.8057522177696228 0.0268099345266819 0.5763187408447266
0.7644317150115967 -0.05828479304909706 0.550377607345581
0.7055007219314575 -0.12986940145492554 0.5216942429542542
0.6335024237632751 -0.17935113608837128 0.4956667721271515
0.5516728758811951 -0.2076532542705536 0.4726897180080414
0.4629138708114624 -0.21840693056583405 0.4518120288848877
0.3701067268848419 -0.2154812216758728 0.43202269077301025
0.2760487496852875 -0.202872171998024 0.41227129101753235
0.18341070413589478 -0.18461577594280243 0.3914821147918701
0.09471646696329117 -0.16472792625427246 0.36856159567832947
0.012339386157691479 -0.14717209339141846 0.3423987030982971
-0.06148132309317589 -0.1358553022146225 0.311857134103775
-0.12461034953594208 -0.13465042412281036 0.27576085925102234
-0.17497174441814423 -0.14744460582733154 0.2328711450099945
-0.21111612021923065 -0.17694024741649628 0.18243353068828583
-0.23402376472949982 -0.22086893022060394 0.12593193352222443
-0.2451985478401184 -0.2757261097431183 0.06545116007328033
-0.24608257412910461 -0.33797070384025574 0.0031425366178154945
-0.2380957007408142 -0.4039735794067383 -0.058751244097948074
-0.2226681411266327 -0.46998488903045654 -0.11788298934698105
-0.20126545429229736 -0.5321221351623535 -0.17180106043815613
-0.17540661990642548 -0.5863763093948364 -0.21796013414859772
-0.1466728150844574 -0.6286448240280151 -0.2537499666213989
-0.11670788377523422 -0.6547858715057373 -0.27653783559799194
-0.08720893412828445 -0.6606984734535217 -0.28372660279273987
-0.05978718400001526 -0.6439489722251892 -0.2737567722797394
-0.035564545542001724 -0.6083859205245972 -0.24892567098140717
-0.015479158610105515 -0.5594491958618164 -0.21252496540546417
-0.00040183868259191513 -0.5025244951248169 -0.1678258627653122
0.008853468112647533 -0.44286343455314636 -0.1180184930562973
0.01151234470307827 -0.3855464458465576 -0.06617678701877594
0.006817400921136141 -0.33548402786254883 -0.015247439965605736
-0.0059988717548549175 -0.2974504828453064 0.03194165229797363
-0.027746262028813362 -0.27615272998809814 0.072651706635952
-0.059314627200365067 -0.27632927894592285 0.10418649017810822
-0.10171784460544586 -0.3028811812400818 0.12382733821868896
-0.15524651110172272 -0.35758867859840393 0.12972843647003174
-0.21666014194488525 -0.4286497235298157 0.12380679696798325
-0.281576931476593 -0.5004578828811646 0.10891993343830109
-0.34525197744369507 -0.5568262934684753 0.08802089840173721
-0.4025886058807373 -0.5811623334884644 0.0642281025648117
-0.44826650619506836 -0.5570269227027893 0.04082369804382324
-0.47699812054634094 -0.46906983852386475 0.021173402667045593
-0.4839012920856476 -0.30425572395324707 0.008567174896597862
-0.4649415910243988 -0.053204797208309174 0.005997820757329464
-0.41737475991249084 0.28860896825790405 0.015909871086478233
-0.3400954604148865 0.7200831174850464 0.03996779024600983
-0.5259019136428833 -0.3613757789134979 -0.3304036557674408
-0.1516711264848709 -0.10714423656463623 -0.05829577520489693
0.13758981227874756 0.06159944087266922 0.145539790391922
0.35857993364334106 0.16280660033226013 0.29517537355422974
0.5232707262039185 0.2101133018732071 0.4009774923324585
0.6405383944511414 0.21453170478343964 0.47094860672950745
0.7172335386276245 0.18557725846767426 0.5116075277328491
0.7589202523231506 0.13205520808696747 0.5285976529121399
0.7704182863235474 0.06262250989675522 0.5271225571632385
0.7562178373336792 -0.013820323161780834 0.5122624039649963
0.7208048105239868 -0.08789552748203278 0.48919281363487244
0.6689067482948303 -0.14968131482601166 0.4633113145828247
0.6051684617996216 -0.19111517071723938 0.43918049335479736
0.5326249003410339 -0.21321049332618713 0.41715559363365173
0.45389536023139954 -0.21951188147068024 0.3964701294898987
0.37157171964645386 -0.2137480229139328 0.3763130009174347
0.2881668210029602 -0.19973580539226532 0.35584262013435364
0.20608049631118774 -0.1813070923089981 0.33419570326805115
0.12758420407772064 -0.16226084530353546 0.31049156188964844
0.05482059717178345 -0.14634019136428833 0.2838301956653595
-0.010180741548538208 -0.13723523914813995 0.25328490138053894
-0.06547515839338303 -0.13860884308815002 0.21788917481899261
-0.10916300117969513 -0.15414667129516602 0.17661698162555695
-0.13992567360401154 -0.1863860785961151 0.12885835766792297
-0.15872852504253387 -0.23301361501216888 0.075944684445858
-0.1670343428850174 -0.290507435798645 0.019733022898435593
-0.16625292599201202 -0.3553057909011841 -0.037856243550777435
-0.15777739882469177 -0.42375555634498596 -0.09481765329837799
-0.14301379024982452 -0.4920785427093506 -0.14904916286468506
-0.1234029233455658 -0.5563589930534363 -0.19835211336612701
-0.10043554753065109 -0.6125493049621582 -0.24044153094291687
-0.07565851509571075 -0.6565030217170715 -0.2729719579219818
-0.05067260190844536 -0.6840287446975708 -0.2935754060745239
-0.027120808139443398 -0.6909710168838501 -0.29991447925567627
-0.006524099502712488 -0.6748502254486084 -0.2905770540237427
0.010185272432863712 -0.6395232081413269 -0.2675967514514923
0.022274425253272057 -0.5904622077941895 -0.23390163481235504
0.029065772891044617 -0.5330982804298401 -0.19241027534008026
0.029925523325800896 -0.47274118661880493 -0.1459769606590271
0.02424725890159607 -0.4145362973213196 -0.09735795110464096
0.011431943625211716 -0.36346080899238586 -0.0491987019777298
-0.009135572239756584 -0.3243490159511566 -0.0040366752073168755
-0.038113512098789215 -0.30195125937461853 0.035677626729011536
-0.07623423635959625 -0.30102038383483887 0.06754562258720398
-0.12433972209692001 -0.3264281451702118 0.08917073905467987
-0.18248291313648224 -0.37977612018585205 0.09890110790729523
-0.24700672924518585 -0.4487195611000061 0.0981987714767456
-0.31310123205184937 -0.517126739025116 0.08927585184574127
-0.37565356492996216 -0.5684293508529663 0.07438405603170395
-0.4292777180671692 -0.5857756733894348 0.05587352439761162
-0.4684467315673828 -0.5525069832801819 0.036206893622875214
-0.4877333641052246 -0.45295068621635437 0.017924517393112183
-0.48214855790138245 -0.2734660804271698 0.003559001488611102
-0.4475392997264862 -0.003616046393290162 -0.004493614658713341
-0.3809918165206909 0.36272409558296204 -0.004131231922656298
-0.28116706013679504 0.826539158821106 0.006293481215834618
-0.5925331711769104 -0.5033652186393738 -0.22555860877037048
-0.23047319054603577 -0.24911144375801086 -0.019476408138871193
0.05446864664554596 -0.07283827662467957 0.1372215896844864
0.2752910256385803 0.039958953857421875 0.25329113006591797
0.44187846779823303 0.10095323622226715 0.33556538820266724
0.5620031952857971 0.12004373222589493 0.3896105885505676
0.6420279145240784 0.10610489547252655 0.42018744349479675
0.6874235272407532 0.06753367930650711 0.43158847093582153
0.7031631469726562 0.012648011557757854 0.42788901925086975
0.6940295696258545 -0.05003621429204941 0.4131334125995636
0.6648538708686829 -0.11164719611406326 0.3914634585380554
0.6206859946250916 -0.16292576491832733 0.36718741059303284
0.5663250684738159 -0.19644322991371155 0.34394001960754395
0.5045384764671326 -0.21320798993110657 0.3220478892326355
0.4375682473182678 -0.21653003990650177 0.3009607195854187
0.36762547492980957 -0.2098495215177536 0.28009411692619324
0.29685142636299133 -0.19665946066379547 0.2588382065296173
0.22729229927062988 -0.18044878542423248 0.2365628480911255
0.16088901460170746 -0.16466732323169708 0.21261969208717346
0.09947874397039413 -0.15271201729774475 0.18633997440338135
0.04480911046266556 -0.14793452620506287 0.1570289134979248
-0.0014380719512701035 -0.15366828441619873 0.12395556271076202
-0.03761333227157593 -0.17327608168125153 0.08633831888437271
-0.06258662790060043 -0.20903673768043518 0.043729208409786224
-0.07728812098503113 -0.25862860679626465 -0.0027573038823902607
-0.0831034928560257 -0.31858083605766296 -0.051580194383859634
-0.08137651532888412 -0.3853815197944641 -0.10114399343729019
-0.07343993335962296 -0.4554290473461151 -0.1497822105884552
-0.060639869421720505 -0.5250005125999451 -0.19574882090091705
-0.04435323178768158 -0.5902403593063354 -0.2372194081544876
-0.025998711585998535 -0.6471655368804932 -0.272299587726593
-0.007039502263069153 -0.6916980743408203 -0.2990472614765167
0.011021571233868599 -0.7197154760360718 -0.31550291180610657
0.026655493304133415 -0.7271280288696289 -0.3197333514690399
0.03849456086754799 -0.7114949226379395 -0.31057053804397583
0.04585852846503258 -0.6766262054443359 -0.2896963953971863
0.04827900975942612 -0.6279309988021851 -0.2595342695713043
0.04532792046666145 -0.5707876682281494 -0.2225044220685959
0.03660522773861885 -0.5104663968086243 -0.18097896873950958
0.021723972633481026 -0.4520862400531769 -0.1372540295124054
0.00029372729477472603 -0.40060529112815857 -0.09353664517402649
-0.028098423033952713 -0.36083877086639404 -0.051943790167570114
-0.06390826404094696 -0.33750638365745544 -0.014515289105474949
-0.10765770077705383 -0.33530494570732117 0.016762785613536835
-0.15996025502681732 -0.35900643467903137 0.03992382436990738
-0.22060400247573853 -0.41000863909721375 0.05358722060918808
-0.2856297194957733 -0.4755932688713074 0.05874144658446312
-0.34996798634529114 -0.5393279790878296 0.056923069059848785
-0.4083250164985657 -0.584490954875946 0.049665771424770355
-0.4552193284034729 -0.5941828489303589 0.03854348510503769
-0.48509886860847473 -0.5516911745071411 0.025190044194459915
-0.49254128336906433 -0.4411006569862366 0.011294097639620304
-0.4725302755832672 -0.24811245501041412 -0.0014327210374176502
-0.42078256607055664 0.039005327969789505 -0.01131207961589098
-0.33408960700035095 0.42845550179481506 -0.016775501891970634
-0.21062502264976501 0.9240827560424805 -0.01645185612142086
-0.660799503326416 -0.6475316286087036 -0.1149054691195488
-0.31399211287498474 -0.3950497806072235 0.021964378654956818
-0.03616086393594742 -0.21196001768112183 0.12682843208312988
0.18215185403823853 -0.08730657398700714 0.2043067216873169
0.3487223982810974 -0.011624408885836601 0.2582889497280121
0.470157265663147 0.02360551431775093 0.29217660427093506
0.5522849559783936 0.02637038379907608 0.30906909704208374
0.600462794303894 0.004441422875970602 0.31190744042396545
0.619820773601532 -0.03439224883913994 0.3035862445831299
0.6154533624649048 -0.08216455578804016 0.28703710436820984
0.5925617814064026 -0.13065174221992493 0.2652833163738251
0.5565465688705444 -0.17137418687343597 0.24146541953086853
0.5123727917671204 -0.19759272038936615 0.21823328733444214
0.462479829788208 -0.21020814776420593 0.1958833783864975
0.40865573287010193 -0.21215832233428955 0.1740877330303192
0.35265782475471497 -0.20646245777606964 0.15249039232730865
0.2961868941783905 -0.19616428017616272 0.13071227073669434
0.24087007343769073 -0.18429216742515564 0.1083541214466095
0.18825583159923553 -0.173836350440979 0.0849977657198906
0.1398158073425293 -0.16774262487888336 0.0602048821747303
0.09695708006620407 -0.16892291605472565 0.0335138663649559
0.0610402412712574 -0.18028084933757782 0.004433974623680115
0.033404964953660965 -0.2047533392906189 -0.027563339099287987
0.014946620911359787 -0.24428322911262512 -0.06276533752679825
0.004784496501088142 -0.2965839207172394 -0.10033094137907028
0.0016373158432543278 -0.3583083748817444 -0.13910764455795288
0.004252875689417124 -0.42606931924819946 -0.17790113389492035
0.011384159326553345 -0.49639657139778137 -0.21546486020088196
0.02177109383046627 -0.5657098889350891 -0.25049537420272827
0.034128542989492416 -0.6303095817565918 -0.28163450956344604
0.04713994637131691 -0.6863837242126465 -0.3074764013290405
0.05945815145969391 -0.7300357222557068 -0.3265838623046875
0.06971265375614166 -0.7573326230049133 -0.33751121163368225
0.07652418315410614 -0.7643728852272034 -0.3388347327709198
0.07871507108211517 -0.7488417029380798 -0.32970014214515686
0.07589618116617203 -0.714454174041748 -0.31136852502822876
0.06790316849946976 -0.6664670705795288 -0.2856508493423462
0.05459696426987648 -0.610112190246582 -0.2543565630912781
0.035851024091243744 -0.5505272150039673 -0.21926261484622955
0.011538030579686165 -0.4927138686180115 -0.18209215998649597
-0.018483340740203857 -0.44152599573135376 -0.1445041000843048
-0.05438282713294029 -0.40168026089668274 -0.10808980464935303
-0.09637255221605301 -0.37779268622398376 -0.07437948137521744
-0.14472253620624542 -0.3744366765022278 -0.04485529288649559
-0.1997765749692917 -0.39622169733047485 -0.02097162976861
-0.2610528767108917 -0.44433093070983887 -0.003782882820814848
-0.3244319260120392 -0.505850613117218 0.007211202289909124
-0.3847714066505432 -0.5642684698104858 0.012854640372097492
-0.436784952878952 -0.6029157042503357 0.013965660706162453
-0.4750721752643585 -0.6050240397453308 0.011363145895302296
-0.49420225620269775 -0.553956151008606 0.005884077399969101
-0.4888564646244049 -0.4336124360561371 -0.0016076237661764026
-0.4540226459503174 -0.22899097204208374 -0.010222036391496658
-0.38523146510124207 0.07312866300344467 -0.019053736701607704
-0.2788149118423462 0.483440637588501 -0.02720176987349987
-0.1321634203195572 1.0093787908554077 -0.03379754349589348
-0.7277677059173584 -0.7865220904350281 -0.003853501519188285
-0.3995012044906616 -0.5369601249694824 0.06635431200265884
-0.1324116587638855 -0.3480718731880188 0.11886253207921982
0.07993797212839127 -0.21214348077774048 0.15563863515853882
0.24342866241931915 -0.12190639227628708 0.17851847410202026
0.3635771870613098 -0.07033731788396835 0.18926291167736053
0.44569599628448486 -0.05049693584442139 0.1896049827337265
0.495024174451828 -0.0554049126803875 0.1812877655029297
0.5168321132659912 -0.07795073837041855 0.1660938560962677
0.5164996981620789 -0.11084170639514923 0.14586539566516876
0.4995652437210083 -0.14659172296524048 0.12251404672861099
0.471743106842041 -0.17755337059497833 0.09802012890577316
0.43812769651412964 -0.19767427444458008 0.07405940443277359
0.40078192949295044 -0.20764783024787903 0.050883833318948746
0.3609912097454071 -0.20992642641067505 0.028362348675727844
0.32001420855522156 -0.20700491964817047 0.006338824518024921
0.27906835079193115 -0.2013840228319168 -0.015365025028586388
0.2393212765455246 -0.19554582238197327 -0.03694755211472511
0.20188875496387482 -0.19194142520427704 -0.058625418692827225
0.16783766448497772 -0.19299015402793884 -0.08063335716724396
0.13819468021392822 -0.20109069347381592 -0.10322433710098267
0.11395908892154694 -0.21864286065101624 -0.1266714632511139
0.09612009674310684 -0.24808046221733093 -0.1512710154056549
0.085306316614151 -0.29095542430877686 -0.17717432975769043
0.08069100975990295 -0.34506678581237793 -0.2038581222295761
0.08111035078763962 -0.4072682559490204 -0.23060916364192963
0.08541607111692429 -0.4743759036064148 -0.25668618083000183
0.09245894849300385 -0.5431339144706726 -0.28131556510925293
0.10107690840959549 -0.61019366979599 -0.3036905527114868
0.1100882738828659 -0.672107994556427 -0.3229736387729645
0.11828982084989548 -0.7253383994102478 -0.3383024334907532
0.12446059286594391 -0.7662806510925293 -0.34880000352859497
0.12737111747264862 -0.791305422782898 -0.35358884930610657
0.12579824030399323 -0.7968164682388306 -0.3518093526363373
0.11875960975885391 -0.7807106375694275 -0.34295520186424255
0.10616859793663025 -0.746568500995636 -0.32782289385795593
0.08817964047193527 -0.6994179487228394 -0.3075457513332367
0.06496011465787888 -0.6442631483078003 -0.28325578570365906
0.03667708858847618 -0.5860254764556885 -0.2560654282569885
0.003485465422272682 -0.5295069217681885 -0.22705437242984772
-0.03448235243558884 -0.4793776273727417 -0.19726279377937317
-0.0771271139383316 -0.4401814043521881 -0.167687326669693
-0.12439141422510147 -0.4163625240325928 -0.1392831951379776
-0.1762688159942627 -0.4123101234436035 -0.11296945065259933
-0.232811838388443 -0.43241947889328003 -0.08963824063539505
-0.29328542947769165 -0.477659672498703 -0.06998614966869354
-0.3535633385181427 -0.5350945591926575 -0.05399973317980766
-0.4086151421070099 -0.5883310437202454 -0.04151998832821846
-0.45333370566368103 -0.6209256052970886 -0.03241527080535889
-0.48254603147506714 -0.616376519203186 -0.026569869369268417
-0.49105358123779297 -0.5582165122032166 -0.023874016478657722
-0.4737054407596588 -0.4302072525024414 -0.02421429008245468
-0.4255029559135437 -0.21663184463977814 -0.027464797720313072
-0.34173208475112915 0.09732377529144287 -0.03347938880324364
-0.2181188315153122 0.5251167416572571 -0.04208511486649513
-0.051001835614442825 1.0783398151397705 -0.05307723954319954
-0.791297197341919 -0.9147128462791443 0.10353993624448776
-0.48479530215263367 -0.6678303480148315 0.1142311543226242
-0.23258139193058014 -0.47379618883132935 0.11777397990226746
-0.030474983155727386 -0.3275446891784668 0.1148260086774826
0.12593097984790802 -0.22374936938285828 0.10608524829149246
0.2412850260734558 -0.15681366622447968 0.09229160100221634
0.32048413157463074 -0.12087071686983109 0.07422719895839691
0.3686731457710266 -0.10979369282722473 0.05271540582180023
0.39123380184173584 -0.1172170341014862 0.02861812338232994
0.3937651515007019 -0.13656894862651825 0.002831601072102785
0.38205206394195557 -0.16111645102500916 -0.023719506338238716
0.3620237708091736 -0.18402181565761566 -0.050089772790670395
0.33882272243499756 -0.1998593658208847 -0.0754757896065712
0.3141053020954132 -0.2090272307395935 -0.09969399124383926
0.2886398136615753 -0.2134125679731369 -0.12273741513490677
0.26317480206489563 -0.21491917967796326 -0.14462238550186157
0.23843367397785187 -0.21544790267944336 -0.16538594663143158
0.2151123732328415 -0.2168845236301422 -0.1850835382938385
0.19387997686862946 -0.22109484672546387 -0.20378614962100983
0.17538192868232727 -0.22992739081382751 -0.22157859802246094
0.1602456122636795 -0.24522267282009125 -0.23855724930763245
0.1490882784128189 -0.26882943511009216 -0.2548287808895111
0.14252710342407227 -0.3026278018951416 -0.27050912380218506
0.14090457558631897 -0.34774670004844666 -0.28566282987594604
0.1434381753206253 -0.40212902426719666 -0.3001144826412201
0.1490749567747116 -0.46291056275367737 -0.31361544132232666
0.15676532685756683 -0.5271939039230347 -0.3259023129940033
0.16545267403125763 -0.5920237898826599 -0.3366970121860504
0.17406724393367767 -0.6543734669685364 -0.34570857882499695
0.18152394890785217 -0.7111430764198303 -0.3526359498500824
0.1867237091064453 -0.7591667175292969 -0.3571714758872986
0.18855980038642883 -0.7952356934547424 -0.3590060770511627
0.18592765927314758 -0.8161303997039795 -0.3578352630138397
0.177739679813385 -0.8186672329902649 -0.3533666431903839
0.1631861925125122 -0.8010345697402954 -0.34544122219085693
0.14246995747089386 -0.7666487097740173 -0.33437326550483704
0.11605631560087204 -0.7202450037002563 -0.3205980360507965
0.08441465348005295 -0.6665334701538086 -0.3045496940612793
0.048005037009716034 -0.6101489663124084 -0.2866535186767578
0.007267560809850693 -0.5556228756904602 -0.2673206925392151
-0.03738590329885483 -0.5073716044425964 -0.2469445765018463
-0.08557979017496109 -0.46969902515411377 -0.22589804232120514
-0.13697966933250427 -0.44681674242019653 -0.20453307032585144
-0.1912968009710312 -0.4428768455982208 -0.18318070471286774
-0.24829094111919403 -0.4620184600353241 -0.1621529906988144
-0.3070071041584015 -0.5050053000450134 -0.14177602529525757
-0.36346155405044556 -0.559036374092102 -0.12249477207660675
-0.41290193796157837 -0.6080071330070496 -0.10479387640953064
-0.4505452811717987 -0.6358339190483093 -0.08917016535997391
-0.4715627431869507 -0.6263800263404846 -0.07613281160593033
-0.4710736572742462 -0.5634164810180664 -0.06620336323976517
-0.4441498816013336 -0.4306182563304901 -0.059914421290159225
-0.3858311176300049 -0.21159353852272034 -0.057806916534900665
-0.2911505699157715 0.11004891991615295 -0.06042667478322983
-0.15517134964466095 0.550599217414856 -0.06831956654787064
0.026964079588651657 1.1261017322540283 -0.08202536404132843
-0.8498873114585876 -1.0277981758117676 0.2043556123971939
-0.5681620836257935 -0.781441330909729 0.1663811355829239
-0.33517301082611084 -0.5820322036743164 0.12798771262168884
-0.14810225367546082 -0.42639219760894775 0.08948180824518204
-0.003441889537498355 -0.3106735050678253 0.05116758868098259
0.10293316096067429 -0.23043623566627502 0.013341686688363552
0.1756817251443863 -0.18073490262031555 -0.023711448535323143
0.21990624070167542 -0.15621063113212585 -0.05972353368997574
0.24106021225452423 -0.1511843502521515 -0.09444545209407806
0.2448585480451584 -0.15974634885787964 -0.1276496797800064
0.23719274997711182 -0.17583929002285004 -0.15913152694702148
0.22405549883842468 -0.19333180785179138 -0.18870976567268372
0.21052028238773346 -0.20731188356876373 -0.21623648703098297
0.19783292710781097 -0.21781772375106812 -0.24162723124027252
0.1862715184688568 -0.22613495588302612 -0.2648301124572754
0.1761026680469513 -0.23355290293693542 -0.28581324219703674
0.16758206486701965 -0.2413570135831833 -0.3045615553855896
0.16095595061779022 -0.2508251368999481 -0.3210739195346832
0.1564633548259735 -0.26322704553604126 -0.3353595435619354
0.15433882176876068 -0.2798275947570801 -0.34743523597717285
0.15481583774089813 -0.30189329385757446 -0.35732200741767883
0.1581307351589203 -0.3307019770145416 -0.36504247784614563
0.16452747583389282 -0.36755630373954773 -0.37061768770217896
0.17405496537685394 -0.41315412521362305 -0.37409937381744385
0.18594476580619812 -0.46564778685569763 -0.3756714165210724
0.19922266900539398 -0.5225403904914856 -0.37554508447647095
0.21290811896324158 -0.5813075304031372 -0.37392696738243103
0.2260093241930008 -0.6393832564353943 -0.3710227906703949
0.23752093315124512 -0.6941531300544739 -0.36703938245773315
0.24642542004585266 -0.7429562211036682 -0.3621867597103119
0.25169652700424194 -0.7830926775932312 -0.3566795885562897
0.25230684876441956 -0.8118424415588379 -0.350737601518631
0.2472376972436905 -0.8264904022216797 -0.34458571672439575
0.23549272119998932 -0.8243593573570251 -0.3384532928466797
0.21638913452625275 -0.8040006160736084 -0.3324945867061615
0.19038622081279755 -0.7686431407928467 -0.3265511393547058
0.1582331657409668 -0.7226834297180176 -0.3203853368759155
0.12067726999521255 -0.6704847812652588 -0.3137596845626831
0.07845086604356766 -0.6163411736488342 -0.306437224149704
0.032261744141578674 -0.5644564032554626 -0.2981822192668915
-0.01721370965242386 -0.5189352631568909 -0.28875917196273804
-0.06933677941560745 -0.48378580808639526 -0.27793169021606445
-0.123508982360363 -0.46293553709983826 -0.265460729598999
-0.17917397618293762 -0.4602561295032501 -0.2511020302772522
-0.23581676185131073 -0.4795990288257599 -0.2346029281616211
-0.29230859875679016 -0.5215368270874023 -0.2159229964017868
-0.34494084119796753 -0.5735368132591248 -0.19590122997760773
-0.38937708735466003 -0.6199175119400024 -0.17558316886425018
-0.42127296328544617 -0.6450521945953369 -0.15600374341011047
-0.43623679876327515 -0.6332358121871948 -0.13819533586502075
-0.4297809898853302 -0.5685304403305054 -0.12319765985012054
-0.39726921916007996 -0.434590220451355 -0.1120690181851387
-0.333854079246521 -0.2144566774368286 -0.10589867830276489
-0.23440541326999664 0.10967730730772018 -0.10582184046506882
-0.09342531114816666 0.5567455887794495 -0.11303669214248657
0.09504948556423187 1.147130012512207 -0.12882451713085175
-0.9024854898452759 -1.1222478151321411 0.2965099513530731
-0.6483168601989746 -0.8720276951789856 0.22389696538448334
-0.438899427652359 -0.6658458113670349 0.15397271513938904
-0.27184295654296875 -0.5015276074409485 0.08722013235092163
-0.1438843011856079 -0.3760448098182678 0.02403869666159153
-0.051006413996219635 -0.28562963008880615 -0.03526117652654648
0.011427920311689377 -0.2259037047624588 -0.09045988321304321
0.048537999391555786 -0.19201195240020752 -0.14142657816410065
0.06579149514436722 -0.1787530779838562 -0.18811388313770294
0.06888435035943985 -0.1806974560022354 -0.2305503636598587
0.06363910436630249 -0.19228790700435638 -0.2688313126564026
0.05592648312449455 -0.2079181671142578 -0.3031085729598999
0.05061633884906769 -0.2230328768491745 -0.33354452252388
0.04857330024242401 -0.23727959394454956 -0.36018821597099304
0.049657899886369705 -0.25135666131973267 -0.3830694556236267
0.053727347403764725 -0.2659626305103302 -0.4022296071052551
0.060638196766376495 -0.28179529309272766 -0.41771918535232544
0.07024858146905899 -0.2995518147945404 -0.42959481477737427
0.08242026716470718 -0.3199295401573181 -0.4379163682460785
0.09702061861753464 -0.3436281681060791 -0.44274452328681946
0.1139240488409996 -0.3713527321815491 -0.4441380798816681
0.1330135613679886 -0.4038175940513611 -0.44215160608291626
0.15418210625648499 -0.4417518675327301 -0.43683311343193054
0.17718960344791412 -0.4854387938976288 -0.42832162976264954
0.20122621953487396 -0.5333113670349121 -0.41714832186698914
0.2253313809633255 -0.5833274126052856 -0.40394237637519836
0.2485334277153015 -0.6334249377250671 -0.38933587074279785
0.2698480784893036 -0.6815167665481567 -0.3739672005176544
0.2882790267467499 -0.7254898548126221 -0.3584822416305542
0.3028208911418915 -0.7632092237472534 -0.3435346782207489
0.3124642074108124 -0.7925263047218323 -0.32978543639183044
0.31620264053344727 -0.811292290687561 -0.3178994655609131
0.3130422830581665 -0.8173756003379822 -0.3085421323776245
0.3020130693912506 -0.8086845278739929 -0.30237385630607605
0.2824953496456146 -0.784191906452179 -0.29979759454727173
0.2551577687263489 -0.7469255328178406 -0.30022063851356506
0.22099167108535767 -0.7009084820747375 -0.3028010427951813
0.18098221719264984 -0.6501222848892212 -0.3067013621330261
0.13609573245048523 -0.5984814763069153 -0.31109410524368286
0.08727136254310608 -0.5498199462890625 -0.3151652216911316
0.035415198653936386 -0.5078878402709961 -0.3181152641773224
-0.01860484480857849 -0.4763549566268921 -0.3191589415073395
-0.07396009564399719 -0.45882534980773926 -0.31752264499664307
-0.12986138463020325 -0.4588586091995239 -0.3124399185180664
-0.18555662035942078 -0.47999900579452515 -0.3031461238861084
-0.23979943990707397 -0.5226462483406067 -0.2892546057701111
-0.2892680764198303 -0.5746417045593262 -0.2718941271305084
-0.33015090227127075 -0.6208254098892212 -0.2525421679019928
-0.35863322019577026 -0.6460908055305481 -0.23264659941196442
-0.37083902955055237 -0.6352035403251648 -0.21363794803619385
-0.36275601387023926 -0.5725601315498352 -0.1969476193189621
-0.330143004655838 -0.4418809711933136 -0.18403135240077972
-0.2684144079685211 -0.22581903636455536 -0.17639854550361633
-0.1724962443113327 0.09453112632036209 -0.17565032839775085
-0.03664274886250496 0.5402615666389465 -0.18352721631526947
0.14579690992832184 1.1354538202285767 -0.20197047293186188
-0.9482818245887756 -1.1946812868118286 0.37842363119125366
-0.7243165969848633 -0.9338162541389465 0.2882704436779022
-0.542675793170929 -0.7182959914207458 0.20035244524478912
-0.4004766047000885 -0.545847475528717 0.11555684357881546
-0.2940506637096405 -0.41335174441337585 0.034672025591135025
-0.21908675134181976 -0.31698378920555115 -0.04162362217903137
-0.17077799141407013 -0.2523597180843353 -0.11276630312204361
-0.14396223425865173 -0.21468184888362885 -0.17830584943294525
-0.13324791193008423 -0.198872372508049 -0.23789896070957184
-0.13311834633350372 -0.19968844950199127 -0.2912991940975189
-0.13801072537899017 -0.21181383728981018 -0.3383435308933258
-0.14236707985401154 -0.22992432117462158 -0.37893691658973694
-0.14164943993091583 -0.2496325671672821 -0.4130837917327881
-0.13530626893043518 -0.27020588517189026 -0.4410035014152527
-0.12377599626779556 -0.29182183742523193 -0.4629625082015991
-0.10749223828315735 -0.31465819478034973 -0.479223370552063
-0.08688414841890335 -0.33889320492744446 -0.4900451600551605
-0.06237630546092987 -0.3647059202194214 -0.4956830143928528
-0.03438925743103027 -0.3922761082649231 -0.49638816714286804
-0.00333944009616971 -0.42178502678871155 -0.4924083352088928
0.030360175296664238 -0.4534153938293457 -0.4839871823787689
0.0662999376654625 -0.48735150694847107 -0.4713648557662964
0.10407324880361557 -0.5237802863121033 -0.4547777771949768
0.14316998422145844 -0.5626108646392822 -0.43458014726638794
0.18265511095523834 -0.602632462978363 -0.41161057353019714
0.22147852182388306 -0.6423451900482178 -0.38683292269706726
0.25858020782470703 -0.6802389621734619 -0.3612169623374939
0.2928908169269562 -0.7147945165634155 -0.3357395827770233
0.3233342468738556 -0.7444859147071838 -0.3113836348056793
0.3488316237926483 -0.7677862644195557 -0.2891360819339752
0.36830586194992065 -0.7831735014915466 -0.2699851095676422
0.38068875670433044 -0.7891402244567871 -0.25491538643836975
0.384928435087204 -0.7842037081718445 -0.24490265548229218
0.37999826669692993 -0.7669183611869812 -0.2409069985151291
0.3652634620666504 -0.7367249131202698 -0.24348929524421692
0.3415455222129822 -0.6964408755302429 -0.2516882121562958
0.3100270926952362 -0.6496954560279846 -0.2641676366329193
0.27188023924827576 -0.6000662446022034 -0.27960404753685
0.22825466096401215 -0.5510638952255249 -0.296694278717041
0.1802699863910675 -0.5061264038085938 -0.314160019159317
0.12901097536087036 -0.4686208963394165 -0.33074891567230225
0.07552330195903778 -0.4418509602546692 -0.3452340066432953
0.02081361599266529 -0.4290724992752075 -0.35640957951545715
-0.03414963185787201 -0.43351536989212036 -0.36308521032333374
-0.08843225985765457 -0.4584110677242279 -0.3640773594379425
-0.14073672890663147 -0.5040109753608704 -0.358695924282074
-0.18822605907917023 -0.5586119890213013 -0.34821730852127075
-0.2277049422264099 -0.607642412185669 -0.33437496423721313
-0.25596946477890015 -0.6365503072738647 -0.31886720657348633
-0.2697434723377228 -0.6305907964706421 -0.30337148904800415
-0.2655949294567108 -0.5745312571525574 -0.2895672619342804
-0.23983046412467957 -0.45226168632507324 -0.27916836738586426
-0.18836084008216858 -0.24628828465938568 -0.2739656865596771
-0.10652657598257065 0.06293052434921265 -0.2758834660053253
0.011130884289741516 0.49786093831062317 -0.28705406188964844
0.17117486894130707 1.085068702697754 -0.30991777777671814
-0.9864962697029114 -1.2411171197891235 0.4486733675003052
-0.7954714298248291 -0.9604222774505615 0.3615443706512451
-0.6456091403961182 -0.7321986556053162 0.2720623314380646
-0.5326693654060364 -0.5524241328239441 0.1817866563796997
-0.45203301310539246 -0.41656559705734253 0.09222516417503357
-0.3988124132156372 -0.31970950961112976 0.00481785461306572
-0.36794909834861755 -0.2566814124584198 -0.07907280325889587
-0.35429462790489197 -0.22214911878108978 -0.15816561877727509
-0.3526729643344879 -0.21070773899555206 -0.23125851154327393
-0.3579227030277252 -0.21694378554821014 -0.2972215712070465
-0.3649207651615143 -0.2354794144630432 -0.35498547554016113
-0.36858606338500977 -0.2609957158565521 -0.4035258889198303
-0.36480680108070374 -0.2890680432319641 -0.4421306848526001
-0.35323771834373474 -0.31863442063331604 -0.47122636437416077
-0.3344569802284241 -0.349465936422348 -0.4914919435977936
-0.30902886390686035 -0.3813284635543823 -0.5035776495933533
-0.27751097083091736 -0.4139809310436249 -0.5081133842468262
-0.24046015739440918 -0.447174608707428 -0.5057160258293152
-0.19843778014183044 -0.4806511104106903 -0.49699535965919495
-0.15201424062252045 -0.5141426920890808 -0.48256048560142517
-0.10177287459373474 -0.547370970249176 -0.46302348375320435
-0.04831305518746376 -0.5800474286079407 -0.4390043318271637
0.007748036179691553 -0.6118739247322083 -0.4111330509185791
0.06566974520683289 -0.6424498558044434 -0.3801374137401581
0.12428111582994461 -0.6709967255592346 -0.3470950722694397
0.18229927122592926 -0.6966421008110046 -0.3131760358810425
0.2384376972913742 -0.7185158729553223 -0.27955448627471924
0.29140961170196533 -0.7357533574104309 -0.2474057376384735
0.3399321138858795 -0.7474979162216187 -0.21790273487567902
0.38273167610168457 -0.7529058456420898 -0.19221165776252747
0.41854798793792725 -0.75114905834198 -0.17148812115192413
0.44614076614379883 -0.7414197325706482 -0.1568717509508133
0.46429476141929626 -0.722934365272522 -0.1494813710451126
0.47182589769363403 -0.6949381232261658 -0.1504097878932953
0.4679938852787018 -0.657372236251831 -0.16026216745376587
0.4537111520767212 -0.6128397583961487 -0.17779958248138428
0.43029698729515076 -0.5645641088485718 -0.2013382613658905
0.39905497431755066 -0.5157074332237244 -0.22921955585479736
0.3612622022628784 -0.4693644940853119 -0.2598182260990143
0.3181610107421875 -0.4285629391670227 -0.29154619574546814
0.2709546685218811 -0.39627230167388916 -0.3228521943092346
0.2208045870065689 -0.37541669607162476 -0.3522200882434845
0.16883060336112976 -0.36889466643333435 -0.3781617283821106
0.11611328274011612 -0.37960508465766907 -0.39920827746391296
0.06369893997907639 -0.4104779064655304 -0.41389819979667664
0.012857317924499512 -0.46165210008621216 -0.42131176590919495
-0.03416149690747261 -0.5219470858573914 -0.42270350456237793
-0.07487843930721283 -0.5774258971214294 -0.4198455512523651
-0.10679872334003448 -0.614107072353363 -0.4144854247570038
-0.12735813856124878 -0.6177382469177246 -0.4083613157272339
-0.13385210931301117 -0.5734842419624329 -0.4032270908355713
-0.12334604561328888 -0.46551671624183655 -0.4008873403072357
-0.09256002306938171 -0.2764734625816345 -0.4032445251941681
-0.03771773725748062 0.0132543770596385 -0.4123627543449402
0.04565468430519104 0.4264797866344452 -0.43055281043052673
0.16300180554389954 0.9905223846435547 -0.46048861742019653
-1.0161226987838745 -1.255926489830017 0.5055811405181885
-0.8612508177757263 -0.9440191984176636 0.446557879447937
-0.7469788193702698 -0.6998093128204346 0.3745622932910919
-0.6669820547103882 -0.5146430730819702 0.2928403615951538
-0.6153838634490967 -0.38054943084716797 0.20445044338703156
-0.5866802334785461 -0.2901347875595093 0.11230180412530899
-0.5756719708442688 -0.23648951947689056 0.01918875426054001
-0.5774038434028625 -0.2131054550409317 -0.07217799127101898
-0.5871099233627319 -0.21380190551280975 -0.15914185345172882
-0.6001611948013306 -0.2326575517654419 -0.23907266557216644
-0.6120185256004333 -0.263947993516922 -0.30933988094329834
-0.6181845664978027 -0.3020862340927124 -0.3672851026058197
-0.6150119304656982 -0.3424017131328583 -0.4108891487121582
-0.602222204208374 -0.3835882246494293 -0.44082164764404297
-0.5803463459014893 -0.42515891790390015 -0.45835739374160767
-0.5498877763748169 -0.4666021168231964 -0.4647078812122345
-0.5113391876220703 -0.5073779821395874 -0.46104660630226135
-0.46519672870635986 -0.5469163656234741 -0.448530375957489
-0.41197413206100464 -0.5846149325370789 -0.4283170700073242
-0.3522142171859741 -0.6198409795761108 -0.4015806317329407
-0.2865004241466522 -0.6519328355789185 -0.36952242255210876
-0.2154659777879715 -0.6802050471305847 -0.3333795666694641
-0.1398010551929474 -0.7039546370506287 -0.294429212808609
-0.060406312346458435 -0.7225567102432251 -0.2539653480052948
0.02118179015815258 -0.7357397675514221 -0.21321220695972443
0.10326807200908661 -0.7433375120162964 -0.17337439954280853
0.18416129052639008 -0.7452039122581482 -0.13565132021903992
0.2621826231479645 -0.7412116527557373 -0.10123100131750107
0.3356741666793823 -0.7312526702880859 -0.07128475606441498
0.4030073583126068 -0.7152355909347534 -0.04696153849363327
0.46258753538131714 -0.6930863857269287 -0.029384618625044823
0.5128611326217651 -0.664745569229126 -0.019647467881441116
0.5523189306259155 -0.630167543888092 -0.018811507150530815
0.5794987082481384 -0.5893195271492004 -0.027904072776436806
0.5934516191482544 -0.5426634550094604 -0.04744110628962517
0.595115602016449 -0.49258556962013245 -0.07601798325777054
0.585892915725708 -0.44189682602882385 -0.11177981644868851
0.5671666264533997 -0.39333808422088623 -0.15291385352611542
0.5402883291244507 -0.34958136081695557 -0.19765770435333252
0.5065683126449585 -0.3132385313510895 -0.24430212378501892
0.4672706127166748 -0.28687751293182373 -0.29118868708610535
0.42360958456993103 -0.27304163575172424 -0.3367053270339966
0.3767508864402771 -0.27427807450294495 -0.3792766332626343
0.3278140127658844 -0.2931707203388214 -0.41735073924064636
0.2778785526752472 -0.33237943053245544 -0.449383020401001
0.22809140384197235 -0.39198607206344604 -0.4743441641330719
0.17997851967811584 -0.46140289306640625 -0.49328961968421936
0.1351562887430191 -0.5273724794387817 -0.5077835321426392
0.0952562615275383 -0.5764939188957214 -0.5193818211555481
0.06195707246661186 -0.5950003266334534 -0.5296511650085449
0.03702511638402939 -0.568467378616333 -0.5401905179023743
0.022365806624293327 -0.481443852186203 -0.552663266658783
0.020087391138076782 -0.31697550415992737 -0.5688376426696777
0.032584451138973236 -0.05598581209778786 -0.5906394124031067
0.06264705210924149 0.32354214787483215 -0.6202229261398315
0.11360680311918259 0.8476614952087402 -0.660065770149231
-1.0355571508407593 -1.2301095724105835 0.5466330647468567
-0.9211855530738831 -0.8741149306297302 0.5473572611808777
-0.8462190628051758 -0.6124114990234375 0.5141233205795288
-0.801887571811676 -0.4263564944267273 0.4551279842853546
-0.7811991572380066 -0.30147185921669006 0.37710195779800415
-0.7783640027046204 -0.22615833580493927 0.28582319617271423
-0.788401186466217 -0.19082044064998627 0.18647202849388123
-0.8068603277206421 -0.18725182116031647 0.08388494700193405
-0.8296217322349548 -0.20819279551506042 -0.017258498817682266
-0.8527469038963318 -0.24700215458869934 -0.11229614168405533
-0.8723682165145874 -0.29741042852401733 -0.196477010846138
-0.8846065402030945 -0.35333138704299927 -0.2648833692073822
-0.886247992515564 -0.4096478819847107 -0.31363973021507263
-0.8769230246543884 -0.46491333842277527 -0.34369367361068726
-0.8569194078445435 -0.5185478925704956 -0.3570882976055145
-0.8264735341072083 -0.5699059963226318 -0.35576245188713074
-0.7857968807220459 -0.618273913860321 -0.341603547334671
-0.7350997924804688 -0.6628690958023071 -0.31649157404899597
-0.6746168732643127 -0.702843189239502 -0.28233593702316284
-0.6046302318572998 -0.7372875809669495 -0.24110367894172668
-0.5254940390586853 -0.765243411064148 -0.1948406845331192
-0.4376569986343384 -0.7857168316841125 -0.14568351209163666
-0.34168314933776855 -0.7976987957954407 -0.09586095809936523
-0.23851707577705383 -0.8004427552223206 -0.04746747761964798
-0.13019347190856934 -0.7942522764205933 -0.0017670715460553765
-0.01902359165251255 -0.7797374129295349 0.04020699858665466
0.09268434345722198 -0.7575532793998718 0.07744869589805603
0.2026457041501999 -0.7283902764320374 0.10898502171039581
0.30861714482307434 -0.6929624080657959 0.1338803917169571
0.40841302275657654 -0.6519985198974609 0.15124008059501648
0.49991369247436523 -0.6062337756156921 0.16021054983139038
0.5810756683349609 -0.5564005970954895 0.15997977554798126
0.6499343514442444 -0.5032230019569397 0.1497751623392105
0.7046048641204834 -0.4474107623100281 0.1288607269525528
0.7438101768493652 -0.38995808362960815 0.0969613641500473
0.7684455513954163 -0.33303141593933105 0.055521391332149506
0.7799476385116577 -0.27902254462242126 0.006368525791913271
0.7797373533248901 -0.23024368286132812 -0.048733197152614594
0.7692016363143921 -0.18893785774707794 -0.10809242725372314
0.7496789693832397 -0.1572970151901245 -0.1700928807258606
0.7224512100219727 -0.13748757541179657 -0.23318946361541748
0.6887367963790894 -0.1316804587841034 -0.2959025800228119
0.6496902108192444 -0.1420896351337433 -0.3568054139614105
0.6064032316207886 -0.17101752758026123 -0.4145088493824005
0.5599097013473511 -0.22090789675712585 -0.4676414430141449
0.5111199617385864 -0.2918683886528015 -0.5152477025985718
0.46062496304512024 -0.37400391697883606 -0.55802983045578
0.4089326560497284 -0.45480453968048096 -0.5970869660377502
0.3565496802330017 -0.5214744806289673 -0.6335083246231079
0.30398818850517273 -0.5607222318649292 -0.668390691280365
0.25177472829818726 -0.5585238337516785 -0.7028563022613525
0.2004602700471878 -0.4998547434806824 -0.7380712032318115
0.15062963962554932 -0.3683764934539795 -0.7752686142921448
0.10291480273008347 -0.14606250822544098 -0.8157742023468018
0.058009207248687744 0.18725647032260895 -0.8610363006591797
0.016686713322997093 0.6544485092163086 -0.9126632809638977
-1.0419224500656128 -1.1479512453079224 0.5674467086791992
-0.9747508764266968 -0.7355856895446777 0.6699068546295166
-0.9428948163986206 -0.4597654640674591 0.6982132792472839
-0.9357908964157104 -0.28204530477523804 0.6743714213371277
-0.9462568163871765 -0.17716531455516815 0.6134248375892639
-0.9690324664115906 -0.12756331264972687 0.5264891982078552
-0.9999624490737915 -0.12032891064882278 0.4224541485309601
-1.0355082750320435 -0.14540331065654755 0.3090091049671173
-1.0724377632141113 -0.19445374608039856 0.1932973712682724
-1.107619047164917 -0.2601333260536194 0.08235575258731842
-1.137881875038147 -0.3355740010738373 -0.016583478078246117
-1.1599252223968506 -0.41403090953826904 -0.09589208662509918
-1.170873761177063 -0.48975569009780884 -0.14940428733825684
-1.1701087951660156 -0.5612661838531494 -0.17837540805339813
-1.1574912071228027 -0.6280511617660522 -0.18576081097126007
-1.13279128074646 -0.6894661784172058 -0.17436859011650085
-1.0957187414169312 -0.7447380423545837 -0.14695312082767487
-1.0459567308425903 -0.792972207069397 -0.10629254579544067
-0.9831985235214233 -0.8331631422042847 -0.055253248661756516
-0.9071869850158691 -0.8642107248306274 0.0031612529419362545
-0.8177592158317566 -0.88494473695755 0.0657762736082077
-0.7148924469947815 -0.8941561579704285 0.12923185527324677
-0.5987529158592224 -0.8906404972076416 0.18998996913433075
-0.4701504409313202 -0.8736433386802673 0.2448728233575821
-0.331729531288147 -0.8441015481948853 0.29267966747283936
-0.18662576377391815 -0.8034578561782837 0.33277201652526855
-0.03799576684832573 -0.7532389163970947 0.3645825982093811
0.1110248863697052 -0.6950260400772095 0.38761410117149353
0.25735870003700256 -0.6304298639297485 0.4014368951320648
0.3980185091495514 -0.5610654354095459 0.4056839644908905
0.5301257371902466 -0.48853325843811035 0.4000445008277893
0.6509296298027039 -0.4144013822078705 0.38425585627555847
0.7578125 -0.3401930630207062 0.35809525847435
0.8482900857925415 -0.267378032207489 0.32136985659599304
0.9206154942512512 -0.19748777151107788 0.2742147743701935
0.9755676984786987 -0.1324629932641983 0.2179822474718094
1.0145782232284546 -0.07426317036151886 0.1542629599571228
1.0390814542770386 -0.024756567552685738 0.08455677330493927
1.0504847764968872 0.014257189817726612 0.010261938907206059
1.0501434803009033 0.041015539318323135 -0.06732816249132156
1.039343237876892 0.05375482141971588 -0.14702178537845612
1.0192874670028687 0.05066603422164917 -0.22772490978240967
0.9910895824432373 0.029841462150216103 -0.3084299564361572
0.9557687044143677 -0.010787997394800186 -0.38820385932922363
0.914249062538147 -0.07352697104215622 -0.4661714434623718
0.8670743107795715 -0.15862902998924255 -0.5417194962501526
0.8135722279548645 -0.2570507228374481 -0.615104079246521
0.7527344822883606 -0.35715508460998535 -0.686723530292511
0.683504045009613 -0.446814626455307 -0.7568958401679993
0.6047765016555786 -0.5132125616073608 -0.8258657455444336
0.515406608581543 -0.5426792502403259 -0.8938063979148865
0.4142221212387085 -0.5205745100975037 -0.9608191251754761
0.300042062997818 -0.43122684955596924 -1.0269337892532349
0.1717047095298767 -0.25793957710266113 -1.0921049118041992
0.02810441516339779 0.01691686548292637 -1.1562095880508423
-0.13175971806049347 0.4117019474506378 -1.2190425395965576
