ply
format ascii 1.0
element vertex 4900
property float x
property float y
property float z
end_header
1.4991534948349 -1.4990705251693726 -1.503281831741333
1.4984805583953857 -0.43056586384773254 -1.464073657989502
1.4941579103469849 0.24931849539279938 -1.3647311925888062
1.4830124378204346 0.7037988305091858 -1.2198214530944824
1.461671233177185 1.0135610103607178 -1.0356940031051636
1.4261935949325562 1.2231587171554565 -0.8157776594161987
1.3719314336776733 1.3596687316894531 -0.5633055567741394
1.2936173677444458 1.4414615631103516 -0.2833825945854187
1.1857960224151611 1.482954502105713 0.015014136210083961
1.0437672138214111 1.4975064992904663 0.3171308636665344
0.865147590637207 1.4991295337677002 0.601219117641449
0.6542357802391052 1.4991295337677002 0.8457117080688477
0.4249599874019623 1.4991294145584106 1.0452244281768799
0.19195203483104706 1.4991294145584106 1.2005248069763184
-0.031942110508680344 1.4991294145584106 1.3152766227722168
-0.23622238636016846 1.4991294145584106 1.3950040340423584
-0.4127129912376404 1.4991291761398315 1.4461497068405151
-0.5551357269287109 1.4991294145584106 1.4753648042678833
-0.6584523916244507 1.4991296529769897 1.48907470703125
-0.718080461025238 1.4991294145584106 1.493293046951294
-0.7290768027305603 1.499129295349121 1.4936100244522095
-0.6901363730430603 1.4991294145584106 1.4927635192871094
-0.6070560216903687 1.4991295337677002 1.4887568950653076
-0.4854430854320526 1.4991295337677002 1.4789414405822754
-0.3305395245552063 1.4991294145584106 1.4603854417800903
-0.14784888923168182 1.4991294145584106 1.4298069477081299
0.05628393590450287 1.4991294145584106 1.3835537433624268
0.27412736415863037 1.4991294145584106 1.317649483680725
0.4960857331752777 1.499129295349121 1.2279386520385742
0.7103596329689026 1.499129295349121 1.1103562116622925
0.9030798077583313 1.4991294145584106 0.9614527225494385
1.0656535625457764 1.499129295349121 0.7821776270866394
1.1980832815170288 1.4991294145584106 0.5785685181617737
1.301859736442566 1.499129295349121 0.3575470447540283
1.3793712854385376 1.4991291761398315 0.12636518478393555
1.4337482452392578 1.499129295349121 -0.10767319798469543
1.4686917066574097 1.499129295349121 -0.3374505639076233
1.4883052110671997 1.4991294145584106 -0.5561988949775696
1.496943473815918 1.4991294145584106 -0.7575979232788086
1.4990938901901245 1.4991295337677002 -0.9358015060424805
1.4991536140441895 1.4991295337677002 -1.085553765296936
1.4991536140441895 1.4991295337677002 -1.2045317888259888
1.4991534948349 1.4991295337677002 -1.292665719985962
1.4991536140441895 1.4991296529769897 -1.3499515056610107
1.4991533756256104 1.4991297721862793 -1.3763846158981323
1.4991536140441895 1.4991298913955688 -1.371960163116455
1.4991534948349 1.4991297721862793 -1.336673617362976
1.4991533756256104 1.4991297721862793 -1.270523190498352
1.4991536140441895 1.4991298913955688 -1.1735085248947144
1.4991534948349 1.4991298913955688 -1.0456318855285645
1.4991534948349 1.4987030029296875 -0.8871683478355408
1.4991536140441895 1.4932328462600708 -0.7011491656303406
1.4991536140441895 1.4757686853408813 -0.4926360547542572
1.4991536140441895 1.4395116567611694 -0.26746049523353577
1.4991536140441895 1.3780720233917236 -0.03224547207355499
1.4991534948349 1.2857825756072998 0.20567341148853302
1.4991536140441895 1.1580588817596436 0.4384593069553375
1.4991536140441895 0.9917579889297485 0.6581092476844788
1.4991536140441895 0.7854767441749573 0.8568872213363647
1.499153733253479 0.5397293567657471 1.0278037786483765
1.499153733253479 0.26135197281837463 1.1657402515411377
1.4991538524627686 -0.01729532890021801 1.271563172340393
1.499153971672058 -0.26246824860572815 1.3497037887573242
1.4991540908813477 -0.448616087436676 1.4053045511245728
1.499153971672058 -0.5543203949928284 1.4432698488235474
1.4991540908813477 -0.5571738481521606 1.4678488969802856
1.499153971672058 -0.4270755648612976 1.482543706893921
1.4991538524627686 -0.11548396944999695 1.4901936054229736
1.499153733253479 0.46614450216293335 1.4931577444076538
1.4991534948349 1.499130368232727 1.4936199188232422
0.46673890948295593 -1.4990705251693726 -0.4322369694709778
0.55934077501297 -0.5224511623382568 -0.48404744267463684
0.639393150806427 0.11821375042200089 -0.4637974202632904
0.7090765833854675 0.5380649566650391 -0.3920607268810272
0.7681035399436951 0.8022371530532837 -0.2809489369392395
0.8144122958183289 0.9510834813117981 -0.13899914920330048
0.8444162011146545 1.012283205986023 0.026204010471701622
0.8531392216682434 1.007462501525879 0.2063090056180954
0.8344413042068481 0.9562591910362244 0.3909246325492859
0.781522274017334 0.878953754901886 0.5667561292648315
0.6878783702850342 0.797909677028656 0.7173922657966614
0.5525962710380554 0.7312667965888977 0.8295793533325195
0.38693201541900635 0.6808810830116272 0.9045630097389221
0.2042301595211029 0.645150363445282 0.9475169777870178
0.017236532643437386 0.6218929290771484 0.9646831750869751
-0.16248923540115356 0.6086107492446899 0.9627571702003479
-0.3247887194156647 0.6026991605758667 0.9484339356422424
-0.460807204246521 0.6015883088111877 0.9281383156776428
-0.5626630783081055 0.6028132438659668 0.9079300761222839
-0.6229402422904968 0.6040211319923401 0.893561065196991
-0.6341076493263245 0.6029350757598877 0.8906216621398926
-0.5938260555267334 0.5982394814491272 0.9012104272842407
-0.5093327164649963 0.5902789831161499 0.9212715029716492
-0.38823604583740234 0.5795243978500366 0.9461783766746521
-0.23800326883792877 0.5664370656013489 0.9711589217185974
-0.06645341962575912 0.5515024065971375 0.9911182522773743
0.11782540380954742 0.5352616310119629 1.000519871711731
0.3051393926143646 0.518336832523346 0.9933316707611084
0.4844602346420288 0.501451313495636 0.9630597829818726
0.6433472037315369 0.48543980717658997 0.9028939604759216
0.7683171629905701 0.47124531865119934 0.8061525225639343
0.8528432250022888 0.45987772941589355 0.671912670135498
0.9000999331474304 0.45234447717666626 0.5064247846603394
0.9146195650100708 0.4496259093284607 0.3169171214103699
0.9015791416168213 0.4526633322238922 0.11098043620586395
0.8666203022003174 0.46235352754592896 -0.10364096611738205
0.8156827688217163 0.4795496165752411 -0.3192313015460968
0.7548603415489197 0.505068838596344 -0.5282335877418518
0.6902874112129211 0.5397061705589294 -0.7233389019966125
0.6280608773231506 0.584253191947937 -0.8975250124931335
0.573981761932373 0.6393914222717285 -1.0442867279052734
0.5301181077957153 0.7036415934562683 -1.161315679550171
0.4954795837402344 0.7737185955047607 -1.2496752738952637
0.4689815938472748 0.8462908267974854 -1.310537338256836
0.44953930377960205 0.9180364012718201 -1.3450769186019897
0.43606865406036377 0.985642671585083 -1.354467511177063
0.4274870753288269 1.0458054542541504 -1.3398771286010742
0.42271411418914795 1.0952250957489014 -1.3024648427963257
0.420671284198761 1.1306051015853882 -1.243377685546875
0.42028188705444336 1.1486461162567139 -1.163747787475586
0.4206675589084625 1.1461774110794067 -1.0647797584533691
0.42288631200790405 1.121368169784546 -0.9485947489738464
0.4290876090526581 1.0732181072235107 -0.8180328607559204
0.4413985311985016 1.0009242296218872 -0.6762564182281494
0.46186336874961853 0.9040049314498901 -0.5267786383628845
0.49237555265426636 0.7824296355247498 -0.37345123291015625
0.534595251083374 0.6367363333702087 -0.22040928900241852
0.5898594260215759 0.46812325716018677 -0.07196453958749771
0.659095048904419 0.2785003185272217 0.06754402071237564
0.7427459955215454 0.07048654556274414 0.19393453001976013
0.8393018841743469 -0.14972734451293945 0.30407026410102844
0.9387547969818115 -0.359113872051239 0.39982256293296814
1.0299142599105835 -0.532706081867218 0.4857694208621979
1.1037153005599976 -0.6497824788093567 0.5672386884689331
1.152262806892395 -0.6911643147468567 0.6501907110214233
1.1674692630767822 -0.6354970932006836 0.7415527701377869
1.1391658782958984 -0.45398181676864624 0.8501191139221191
1.0521012544631958 -0.10170800238847733 0.9884071946144104
0.8802292346954346 0.499236136674881 1.1765639781951904
0.5737776160240173 1.498422384262085 1.451490044593811
-0.11479164659976959 -1.4990705251693726 0.24686366319656372
-0.004762106109410524 -0.5774767994880676 0.18333005905151367
0.10584088414907455 0.0365711934864521 0.17689287662506104
0.21547022461891174 0.4323423504829407 0.21131661534309387
0.32163360714912415 0.6655918955802917 0.27554771304130554
0.4207480549812317 0.7741440534591675 0.3608596622943878
0.5079705715179443 0.7863487601280212 0.45920318365097046
0.5770688056945801 0.7261762619018555 0.5621446967124939
0.6204231977462769 0.6165453195571899 0.6601787209510803
0.6292799115180969 0.48150816559791565 0.742395281791687
0.5943995118141174 0.34738123416900635 0.7966088056564331
0.5119112730026245 0.23520474135875702 0.8147018551826477
0.3917471170425415 0.1468447595834732 0.8012942671775818
0.2465188354253769 0.08014192432165146 0.7637653350830078
0.08873465657234192 0.03225502744317055 0.7098067402839661
-0.06970985233783722 -6.771805055905133e-05 0.6470231413841248
-0.21778956055641174 -0.020264573395252228 0.5826849341392517
-0.3453756868839264 -0.03179977089166641 0.5236274003982544
-0.44306984543800354 -0.03807041794061661 0.47628214955329895
-0.501873254776001 -0.04237687215209007 0.4468221068382263
-0.5127941370010376 -0.047936826944351196 0.441353976726532
-0.4729171395301819 -0.05669518560171127 0.46170851588249207
-0.3902997374534607 -0.06839045137166977 0.5020706057548523
-0.27371659874916077 -0.08255396783351898 0.5559916496276855
-0.13190504908561707 -0.09871099889278412 0.6169424057006836
0.02606935426592827 -0.11635689437389374 0.6781049370765686
0.1905238926410675 -0.13493689894676208 0.7322254180908203
0.3509536385536194 -0.1538301259279251 0.7715338468551636
0.4959280490875244 -0.17233902215957642 0.7877452969551086
0.6131125688552856 -0.18968604505062103 0.7721591591835022
0.6896901726722717 -0.2050093710422516 0.7160760164260864
0.7205978631973267 -0.21705061197280884 0.6175772547721863
0.7109131217002869 -0.22412191331386566 0.48325273394584656
0.6668994426727295 -0.2245241403579712 0.32066431641578674
0.5952714085578918 -0.2165895402431488 0.1376924216747284
0.5030385851860046 -0.19869257509708405 -0.05762540549039841
0.39736536145210266 -0.16925284266471863 -0.2572375535964966
0.2854592502117157 -0.1267312467098236 -0.4531802535057068
0.17448413372039795 -0.06961839646100998 -0.637654185295105
0.07150436192750931 0.003583502257242799 -0.8030626773834229
-0.016807034611701965 0.09416519105434418 -0.9423021078109741
-0.0883631482720375 0.1997654139995575 -1.0532124042510986
-0.14483006298542023 0.3150041103363037 -1.1376574039459229
-0.1879926472902298 0.4344545304775238 -1.197634220123291
-0.21963468194007874 0.5527385473251343 -1.2351398468017578
-0.241534024477005 0.6645241975784302 -1.2521618604660034
-0.2554590702056885 0.7645174860954285 -1.2506680488586426
-0.26316729187965393 0.8474488258361816 -1.2326023578643799
-0.26640570163726807 0.9080566763877869 -1.1998785734176636
-0.26691219210624695 0.9410630464553833 -1.1543784141540527
-0.26611781120300293 0.9416210055351257 -1.0979163646697998
-0.2624872922897339 0.9094849824905396 -1.0319600105285645
-0.25280243158340454 0.8470719456672668 -0.9578678607940674
-0.2338465303182602 0.7569689750671387 -0.8771297931671143
-0.20247332751750946 0.6420111060142517 -0.7913930416107178
-0.15568159520626068 0.5053621530532837 -0.7024698257446289
-0.09071227163076401 0.3505651354789734 -0.6123277544975281
-0.005161954555660486 0.18155479431152344 -0.5230615139007568
0.1028962954878807 0.0026283140759915113 -0.4368453323841095
0.2347961813211441 -0.18162943422794342 -0.3558662533760071
0.38887524604797363 -0.3645229935646057 -0.2814655601978302
0.5495336651802063 -0.5283481478691101 -0.20992472767829895
0.6983965039253235 -0.6538420915603638 -0.13522951304912567
0.8197552561759949 -0.7240301966667175 -0.05081794038414955
0.8993211984634399 -0.7221749424934387 0.05079203471541405
0.9222681522369385 -0.6288607120513916 0.17883621156215668
0.8703667521476746 -0.41771721839904785 0.34583359956741333
0.7173823118209839 -0.048340048640966415 0.5704209804534912
0.4205434322357178 0.5471791625022888 0.8830079436302185
-0.09782031923532486 1.4936482906341553 1.3383153676986694
-0.4264275133609772 -1.4990705251693726 0.6996859908103943
-0.32012563943862915 -0.6079378724098206 0.6484281420707703
-0.20043301582336426 -0.009792431257665157 0.6358944177627563
-0.0721830278635025 0.37117236852645874 0.650457501411438
0.0598752461373806 0.5854642987251282 0.6833811402320862
0.19047407805919647 0.6694496273994446 0.7272325158119202
0.31339967250823975 0.6518805027008057 0.7749274373054504
0.4212000370025635 0.5580571889877319 0.8191350698471069
0.505058765411377 0.4126362204551697 0.8519446849822998
0.554912805557251 0.24148845672607422 0.8647924065589905
0.5599257946014404 0.07264444231987 0.8487028479576111
0.5145655870437622 -0.07165588438510895 0.7988904118537903
0.42786428332328796 -0.1893801987171173 0.7217963337898254
0.3117537498474121 -0.2826254963874817 0.625986635684967
0.17827875912189484 -0.3541482985019684 0.5200332999229431
0.0391714908182621 -0.40713709592819214 0.4122281074523926
-0.09439414739608765 -0.44501787424087524 0.31042468547821045
-0.21187445521354675 -0.4713062345981598 0.22200362384319305
-0.3032749891281128 -0.489511102437973 0.15394465625286102
-0.35893118381500244 -0.5030883550643921 0.11299455910921097
-0.36924639344215393 -0.5154294967651367 0.10585977882146835
-0.33107712864875793 -0.5287013649940491 0.1342681646347046
-0.25281208753585815 -0.5429369211196899 0.1910371035337448
-0.14374500513076782 -0.5579384565353394 0.2682483494281769
-0.013177950866520405 -0.5734872221946716 0.3579353392124176
0.12930943071842194 -0.5893356204032898 0.45187854766845703
0.27366095781326294 -0.6052017211914062 0.5414605736732483
0.4092171788215637 -0.6207649111747742 0.6175864934921265
0.5246765613555908 -0.6356639862060547 0.6706785559654236
0.6081531047821045 -0.6494982838630676 0.6907559037208557
0.6475967764854431 -0.6618087887763977 0.6678376793861389
0.639029860496521 -0.6713246703147888 0.5994208455085754
0.5886878371238708 -0.6758118867874146 0.4923352301120758
0.5038499236106873 -0.6729852557182312 0.3543506860733032
0.3921126425266266 -0.6605859398841858 0.19350025057792664
0.26125848293304443 -0.6363964676856995 0.01794913224875927
0.11913874745368958 -0.5982475876808167 -0.16412150859832764
-0.026416856795549393 -0.5440192818641663 -0.34460046887397766
-0.16767048835754395 -0.4716334044933319 -0.5155119299888611
-0.2970212697982788 -0.3790404498577118 -0.6690536141395569
-0.40732112526893616 -0.26448148488998413 -0.7979199886322021
-0.4965318739414215 -0.1309022754430771 -0.9001758098602295
-0.5667951703071594 0.014908261597156525 -0.9782729744911194
-0.6203888654708862 0.16615237295627594 -1.0348074436187744
-0.6595854163169861 0.3161470293998718 -1.0723659992218018
-0.686641275882721 0.4583164155483246 -1.093513011932373
-0.7037897109985352 0.5861724615097046 -1.1007790565490723
-0.7132375240325928 0.6932827830314636 -1.0966556072235107
-0.7171669006347656 0.7732317447662354 -1.0835936069488525
-0.7177394032478333 0.8195654153823853 -1.0640071630477905
-0.7167412042617798 0.8264074921607971 -1.0401488542556763
-0.7123836278915405 0.7944187521934509 -1.0129871368408203
-0.7008345723152161 0.7279902696609497 -0.9827917218208313
-0.6782289743423462 0.6316421031951904 -0.9498696327209473
-0.6407333612442017 0.5101020932197571 -0.9145843386650085
-0.5846174955368042 0.3683900535106659 -0.8773645758628845
-0.5063537359237671 0.21186088025569916 -0.8387080430984497
-0.40274283289909363 0.04620223119854927 -0.7991822361946106
-0.27105534076690674 -0.12261982262134552 -0.7594169974327087
-0.10918136686086655 -0.28846561908721924 -0.720093846321106
0.0813506618142128 -0.44393980503082275 -0.6810935139656067
0.2814483344554901 -0.5747988224029541 -0.6371493339538574
0.4679059684276581 -0.6659011244773865 -0.5809455513954163
0.6202508807182312 -0.7033969759941101 -0.5047953724861145
0.7193957567214966 -0.6730461120605469 -0.40000370144844055
0.7453781962394714 -0.557819664478302 -0.25574809312820435
0.6739434003829956 -0.3343430757522583 -0.05719771608710289
0.4710238575935364 0.03298324719071388 0.21781601011753082
0.08267108350992203 0.6029847860336304 0.6052213311195374
-0.5859236121177673 1.480995535850525 1.1684508323669434
-0.5566012263298035 -1.4990705251693726 1.0079102516174316
-0.4583442509174347 -0.6207646131515503 0.9733822345733643
-0.33875322341918945 -0.029746826738119125 0.9617781043052673
-0.20437394082546234 0.34419453144073486 0.9649121165275574
-0.06117820367217064 0.5492384433746338 0.9761921167373657
0.08465161919593811 0.6209995150566101 0.9896973371505737
0.22618094086647034 0.5882593393325806 0.9996265172958374
0.35535115003585815 0.47671499848365784 0.9999762773513794
0.4627840220928192 0.31155142188072205 0.9844098687171936
0.5378204584121704 0.11916123330593109 0.9463198184967041
0.5688906311988831 -0.07196052372455597 0.8791192770004272
0.5495635867118835 -0.23914819955825806 0.780293345451355
0.4880160987377167 -0.37994521856307983 0.6573507189750671
0.3953689634799957 -0.49596136808395386 0.5195605158805847
0.28296878933906555 -0.5894388556480408 0.37607550621032715
0.162019282579422 -0.6630668044090271 0.23569835722446442
0.043351564556360245 -0.7198163866996765 0.10675949603319168
-0.0626680999994278 -0.7628065347671509 -0.002892908174544573
-0.14610451459884644 -0.7952079772949219 -0.08580964058637619
-0.19730165600776672 -0.8201836943626404 -0.13476774096488953
-0.206704244017601 -0.8408583998680115 -0.14258970320224762
-0.17120318114757538 -0.8593785762786865 -0.10759684443473816
-0.09914001822471619 -0.8761695623397827 -0.03793279081583023
0.00016686976596247405 -0.8914439082145691 0.05743524804711342
0.11737185716629028 -0.9053804278373718 0.16950881481170654
0.24289877712726593 -0.9181313514709473 0.2890649139881134
0.36679795384407043 -0.9298272132873535 0.40652012825012207
0.4786680340766907 -0.9405817985534668 0.5118574500083923
0.5676500797271729 -0.9504950046539307 0.5946219563484192
0.6224997043609619 -0.9596553444862366 0.6439934968948364
0.6319941282272339 -0.968105673789978 0.6491825580596924
0.5929995179176331 -0.9746459722518921 0.6072918772697449
0.5124284625053406 -0.9765762686729431 0.525217592716217
0.39812910556793213 -0.9711118340492249 0.4107648432254791
0.25817954540252686 -0.9554976224899292 0.2719598412513733
0.10077223926782608 -0.9270262718200684 0.1169348657131195
-0.06589040160179138 -0.8830500245094299 -0.04617283493280411
-0.23367448151111603 -0.8209848403930664 -0.20929840207099915
-0.3945770561695099 -0.7383086085319519 -0.3645097315311432
-0.5407676696777344 -0.632551908493042 -0.5040470957756042
-0.6649192571640015 -0.5016095638275146 -0.6206634640693665
-0.7651059627532959 -0.34883663058280945 -0.7126877903938293
-0.8438158631324768 -0.18199336528778076 -0.7830028533935547
-0.9036844372749329 -0.008783397264778614 -0.8346333503723145
-0.9473360180854797 0.16329076886177063 -0.8705832362174988
-0.9773655533790588 0.3269122838973999 -0.8938186764717102
-0.9963260293006897 0.4749166667461395 -0.9072585105895996
-1.0067251920700073 0.6002364754676819 -0.9137733578681946
-1.0110275745391846 0.6958339214324951 -0.9161928296089172
-1.0116630792617798 0.7546083331108093 -0.9173187017440796
-1.0106405019760132 0.7700892686843872 -0.9197407960891724
-1.0060125589370728 0.7434213757514954 -0.9240410327911377
-0.9935545921325684 0.680060863494873 -0.9296565055847168
-0.9689702987670898 0.5855513215065002 -0.9360002875328064
-0.927950382232666 0.4656287431716919 -0.9424696564674377
-0.8662424087524414 0.32633236050605774 -0.9484444260597229
-0.7797582149505615 0.1740650087594986 -0.9532921314239502
-0.6647158265113831 0.015595647506415844 -0.9563782215118408
-0.5178083181381226 -0.14200128614902496 -0.9570810794830322
-0.33639007806777954 -0.291471928358078 -0.9548129439353943
-0.12192804366350174 -0.4248553514480591 -0.9482268691062927
0.104056216776371 -0.5304310917854309 -0.931063711643219
0.3149805963039398 -0.5962929129600525 -0.8953105211257935
0.4870191514492035 -0.6113343238830566 -0.8327447772026062
0.5977004170417786 -0.5638012290000916 -0.7341521978378296
0.6234481930732727 -0.4392566978931427 -0.5880575180053711
0.5357944369316101 -0.21757003664970398 -0.3786768615245819
0.2952413260936737 0.13204480707645416 -0.08238023519515991
-0.15982933342456818 0.6602226495742798 0.3389991819858551
-0.935877799987793 1.4566025733947754 0.9522071480751038
-0.5538169741630554 -1.4990705251693726 1.2165310382843018
-0.4643699824810028 -0.6202638745307922 1.1961631774902344
-0.3502369821071625 -0.02934626303613186 1.1866629123687744
-0.2184477001428604 0.3438844680786133 1.1822799444198608
-0.07520647346973419 0.5474579334259033 1.1781057119369507
0.0732305645942688 0.6167406439781189 1.1695107221603394
0.21995282173156738 0.5801857113838196 1.151822805404663
0.35697364807128906 0.46310052275657654 1.120173454284668
0.4749841094017029 0.29024431109428406 1.0694894790649414
0.5633347034454346 0.08759334683418274 0.9946488738059998
0.6103403568267822 -0.11669610440731049 0.8908224701881409
0.609123945236206 -0.2999379336833954 0.7571253180503845
0.566913366317749 -0.4589894711971283 0.6017581224441528
0.4938397705554962 -0.5946438908576965 0.4344559609889984
0.4003402888774872 -0.7083296775817871 0.26478055119514465
0.2968168258666992 -0.8019575476646423 0.10189799219369888
0.19341057538986206 -0.8777761459350586 -0.04553159326314926
0.09989607334136963 -0.9382447004318237 -0.16935667395591736
0.02568577416241169 -0.9859340190887451 -0.26184484362602234
-0.020058872178196907 -1.0234546661376953 -0.31550532579421997
-0.028297344222664833 -1.0534090995788574 -0.32290881872177124
0.0038547322619706392 -1.07778000831604 -0.2824329733848572
0.06838686764240265 -1.0974371433258057 -0.2028050422668457
0.15632399916648865 -1.1130766868591309 -0.09362462162971497
0.25865665078163147 -1.1253492832183838 0.03548864275217056
0.3661787509918213 -1.1348791122436523 0.1747073382139206
0.46937990188598633 -1.1422778367996216 0.3138659596443176
0.5583946108818054 -1.1481564044952393 0.44239017367362976
0.6230149865150452 -1.153130292892456 0.5492957830429077
0.6527726054191589 -1.1578229665756226 0.6232580542564392
0.6373288631439209 -1.1628144979476929 0.6530060172080994
0.5742388963699341 -1.1670136451721191 0.6353349089622498
0.4707523584365845 -1.1673048734664917 0.5770147442817688
0.3349742889404297 -1.1604596376419067 0.48570385575294495
0.1751851737499237 -1.1432856321334839 0.3692578077316284
-0.0002674995921552181 -1.1126511096954346 0.2356230765581131
-0.18306864798069 -1.065500259399414 0.09274092316627502
-0.3650098443031311 -0.9988633394241333 -0.051526397466659546
-0.5380505323410034 -0.9098581075668335 -0.18945658206939697
-0.6943591833114624 -0.7956861257553101 -0.3135091960430145
-0.8266516923904419 -0.6539793610572815 -0.416673481464386
-0.9331598877906799 -0.488381028175354 -0.4975548982620239
-1.0166170597076416 -0.30732256174087524 -0.5593342185020447
-1.0799118280410767 -0.11909588426351547 -0.6053241491317749
-1.1259160041809082 0.06830660253763199 -0.6388025283813477
-1.157455325126648 0.2471684217453003 -0.6629942059516907
-1.1772953271865845 0.4099992513656616 -0.6810668706893921
-1.1881334781646729 0.549455463886261 -0.6961385011672974
-1.1926045417785645 0.6582417488098145 -0.7112953662872314
-1.1932942867279053 0.728979766368866 -0.729621946811676
-1.192335844039917 0.754915177822113 -0.7539756894111633
-1.1876709461212158 0.7374011278152466 -0.7846511006355286
-1.174811840057373 0.6823451519012451 -0.8204483389854431
-1.1491585969924927 0.5956980586051941 -0.8600905537605286
-1.106054663658142 0.4836001396179199 -0.9022105932235718
-1.0408610105514526 0.35252830386161804 -0.94533371925354
-0.9490779638290405 0.20938125252723694 -0.9878736734390259
-0.8265136480331421 0.06149569898843765 -1.0281462669372559
-0.6694931387901306 -0.08341746777296066 -1.0644001960754395
-0.475093811750412 -0.2174215018749237 -1.0948677062988281
-0.24490714073181152 -0.3322490453720093 -1.1171033382415771
-0.0022994244936853647 -0.41817256808280945 -1.1244001388549805
0.22374461591243744 -0.4659353196620941 -1.1087427139282227
0.4071323871612549 -0.4668649137020111 -1.0620909929275513
0.5232094526290894 -0.411590576171875 -0.975513219833374
0.5461295247077942 -0.2882855534553528 -0.837850034236908
0.4447650611400604 -0.0800928995013237 -0.6336227655410767
0.17607997357845306 0.2390974760055542 -0.3394807279109955
-0.32680875062942505 0.7124531865119934 0.0824570283293724
-1.1789559125900269 1.4163968563079834 0.6984796524047852
-0.4481639564037323 -1.4990705251693726 1.3527640104293823
-0.3701193630695343 -0.6094496250152588 1.3419212102890015
-0.2667466700077057 -0.013192840851843357 1.3333874940872192
-0.14491921663284302 0.3642220199108124 1.3231580257415771
-0.0104765510186553 0.5723684430122375 1.3075618743896484
0.13080830872058868 0.646755576133728 1.2829281091690063
0.2725719213485718 0.6152303814888 1.2454156875610352
0.4073905348777771 0.5020948052406311 1.190972089767456
0.5264807939529419 0.3309357166290283 1.1154210567474365
0.6196246147155762 0.12658017873764038 1.014702558517456
0.6754214763641357 -0.08376970142126083 0.885287344455719
0.6868037581443787 -0.2776968777179718 0.7275281548500061
0.6599329113960266 -0.4511505961418152 0.550116777420044
0.603788435459137 -0.6038342714309692 0.3631204068660736
0.5277267694473267 -0.7361180186271667 0.1763872653245926
0.4411475658416748 -0.8489161729812622 -0.000687045103404671
0.35326164960861206 -0.9435572028160095 -0.1592738777399063
0.2729714512825012 -1.0216606855392456 -0.29111137986183167
0.20885492861270905 -1.0850287675857544 -0.38840532302856445
0.16925033926963806 -1.1355582475662231 -0.44363805651664734
0.16236211359500885 -1.1751753091812134 -0.4493732750415802
0.1907227486371994 -1.2056190967559814 -0.4040836691856384
0.2468578964471817 -1.228246808052063 -0.3167566657066345
0.3223951458930969 -1.2442890405654907 -0.19725419580936432
0.40892699360847473 -1.2549177408218384 -0.05544717609882355
0.49787238240242004 -1.2612760066986084 0.0985935777425766
0.5803903341293335 -1.264501929283142 0.2544635236263275
0.6473460793495178 -1.2657455205917358 0.4013533890247345
0.6893349885940552 -1.2661771774291992 0.5280451774597168
0.6967703700065613 -1.2669906616210938 0.6229824423789978
0.6602588295936584 -1.2693331241607666 0.6746606230735779
0.5779414176940918 -1.272249460220337 0.6796101927757263
0.45714569091796875 -1.2722336053848267 0.6442904472351074
0.30599159002304077 -1.265636682510376 0.5760368704795837
0.13274383544921875 -1.2488534450531006 0.4823766350746155
-0.05429600551724434 -1.2183541059494019 0.3709252178668976
-0.24688845872879028 -1.1707051992416382 0.2492915689945221
-0.4369305372238159 -1.102584719657898 0.12500357627868652
-0.6165187954902649 -1.0107903480529785 0.005444249603897333
-0.7779936790466309 -0.892239511013031 -0.10219403356313705
-0.9142776131629944 -0.7443427443504333 -0.1912572681903839
-1.0237830877304077 -0.570935070514679 -0.2606181502342224
-1.1093955039978027 -0.3809027075767517 -0.3136349618434906
-1.1741636991500854 -0.18290257453918457 -0.35378298163414
-1.221113681793213 0.01481054536998272 -0.3844873011112213
-1.2532120943069458 0.20435334742069244 -0.40910860896110535
-1.27334463596344 0.3781479001045227 -0.43094584345817566
-1.2843091487884521 0.528818666934967 -0.4532538652420044
-1.2888214588165283 0.6490650177001953 -0.47927749156951904
-1.2895326614379883 0.7314928770065308 -0.5122998952865601
-1.2886226177215576 0.7692950963973999 -0.5553926825523376
-1.2839552164077759 0.7638450264930725 -0.6086558103561401
-1.2708724737167358 0.7210696935653687 -0.6704211831092834
-1.2445671558380127 0.6468881964683533 -0.7388858199119568
-1.2001359462738037 0.5474036335945129 -0.812069833278656
-1.1326618194580078 0.42908790707588196 -0.8877739906311035
-1.0373600721359253 0.29889681935310364 -0.9635618329048157
-0.9097846746444702 0.16430169343948364 -1.0367711782455444
-0.746087372303009 0.03322390466928482 -1.1045618057250977
-0.5433146357536316 -0.08613672852516174 -1.1640026569366455
-0.30339255928993225 -0.18550707399845123 -1.211614966392517
-0.051158174872398376 -0.25678423047065735 -1.2406996488571167
0.18272653222084045 -0.292868971824646 -1.2438682317733765
0.3707748353481293 -0.2871844470500946 -1.2139333486557007
0.48715516924858093 -0.23252497613430023 -1.1429824829101562
0.5048869252204895 -0.1195300742983818 -1.0210343599319458
0.39147964119911194 0.0655117779970169 -0.8339992165565491
0.1018780916929245 0.3442481756210327 -0.5602675676345825
-0.434244304895401 0.752900242805481 -0.1643410325050354
-1.3384437561035156 1.3560997247695923 0.41647112369537354
-0.2620512545108795 -1.4990705251693726 1.4348698854446411
-0.20214396715164185 -0.5907928347587585 1.4290039539337158
-0.116360142827034 0.014725621789693832 1.419690728187561
-0.011524348519742489 0.39983054995536804 1.404207468032837
0.10692986100912094 0.6169505715370178 1.3797639608383179
0.23383301496505737 0.7020577192306519 1.3433457612991333
0.36353760957717896 0.682222306728363 1.2916607856750488
0.48938095569610596 0.5803123116493225 1.2211863994598389
0.6033167243003845 0.4181850850582123 1.1283423900604248
0.6957661509513855 0.21893098950386047 1.009819507598877
0.7558072209358215 0.008262588642537594 0.8630918860435486
0.7762892842292786 -0.19195862114429474 0.689521074295044
0.7622194886207581 -0.3766179382801056 0.49815770983695984
0.7213112115859985 -0.5441051721572876 0.29929405450820923
0.6617226004600525 -0.693519115447998 0.10295141488313675
0.5917194485664368 -0.8245841860771179 -0.08138062804937363
0.5194339156150818 -0.9375401139259338 -0.2448699027299881
0.452729195356369 -1.0330199003219604 -0.37933841347694397
0.3991682529449463 -1.1119316816329956 -0.47714763879776
0.36607882380485535 -1.1753493547439575 -0.5309849977493286
0.36064577102661133 -1.2244226932525635 -0.5336383581161499
0.38498368859291077 -1.260608196258545 -0.4837299883365631
0.4322907328605652 -1.2858024835586548 -0.39025259017944336
0.4949645698070526 -1.3018267154693604 -0.2630341351032257
0.565369725227356 -1.3104240894317627 -0.1118958368897438
0.6357161402702332 -1.313305377960205 0.053145427256822586
0.6979855895042419 -1.3121827840805054 0.22173550724983215
0.743908703327179 -1.3087940216064453 0.383103609085083
0.7649962902069092 -1.304914116859436 0.5260537266731262
0.7526294589042664 -1.302356481552124 0.6390312910079956
0.6984185576438904 -1.3028833866119385 0.7105069756507874
0.6010134816169739 -1.3057016134262085 0.7367790937423706
0.467609167098999 -1.3069145679473877 0.7238388657569885
0.30613771080970764 -1.3024460077285767 0.6785427927970886
0.12465997785329819 -1.288267731666565 0.6079449653625488
-0.06874096393585205 -1.2604389190673828 0.5191975235939026
-0.26605966687202454 -1.2151358127593994 0.4194561839103699
-0.4594455361366272 -1.1486743688583374 0.3158036172389984
-0.6412686109542847 -1.0575252771377563 0.21518322825431824
-0.8041684031486511 -0.9383194446563721 0.12434760481119156
-0.9413871169090271 -0.7882449626922607 0.04951690509915352
-1.0515140295028687 -0.6112403869628906 -0.008421030826866627
-1.1374932527542114 -0.41648972034454346 -0.0528908297419548
-1.2024414539337158 -0.21286000311374664 -0.08741561323404312
-1.2494515180587769 -0.008716857992112637 -0.11545614898204803
-1.2815454006195068 0.18804040551185608 -0.14040152728557587
-1.3016486167907715 0.36989811062812805 -0.1655811071395874
-1.3125804662704468 0.5296058654785156 -0.19429488480091095
-1.3170610666275024 0.6600234508514404 -0.2298639565706253
-1.3177330493927002 0.7539212703704834 -0.2756999433040619
-1.3167576789855957 0.8046080470085144 -0.33504462242126465
-1.3119508028030396 0.8133480548858643 -0.407888799905777
-1.298569679260254 0.7857794165611267 -0.49224764108657837
-1.271689534187317 0.7274698615074158 -0.5859358310699463
-1.226255178451538 0.6441489458084106 -0.6864873170852661
-1.1571804285049438 0.5419313311576843 -0.7910817861557007
-1.0595216751098633 0.4274587035179138 -0.8965054154396057
-0.9287298917770386 0.3079516589641571 -0.9991595149040222
-0.7609704732894897 0.19114640355110168 -1.0951275825500488
-0.5534847974777222 0.08510677516460419 -1.1803086996078491
-0.3087207078933716 -0.002180785872042179 -1.2502321004867554
-0.052682213485240936 -0.06390246003866196 -1.2985526323318481
0.18289387226104736 -0.09461141377687454 -1.319003701210022
0.369854211807251 -0.08941217511892319 -1.3057775497436523
0.4820161759853363 -0.04292992129921913 -1.2525544166564941
0.49218282103538513 0.05200362950563431 -1.1511914730072021
0.3675362467765808 0.20619720220565796 -0.9898225665092468
0.0622246228158474 0.43709245324134827 -0.7497386932373047
-0.49600791931152344 0.7743222713470459 -0.3995720446109772
-1.4333243370056152 1.2713983058929443 0.1169341504573822
-0.016904417425394058 -1.4990705251693726 1.476942777633667
0.013362192548811436 -0.5667183995246887 1.472541332244873
0.07296387106180191 0.05046499893069267 1.4608678817749023
0.15402770042419434 0.44537878036499023 1.4401870965957642
0.25091201066970825 0.6742428541183472 1.4083425998687744
0.35869404673576355 0.773744523525238 1.3627662658691406
0.4722394049167633 0.7701213359832764 1.3005234003067017
0.5855433344841003 0.6845747232437134 1.2184405326843262
0.6912555694580078 0.5368767380714417 1.113356113433838
0.780426025390625 0.3479403853416443 0.9825461506843567
0.8425994515419006 0.14152106642723083 0.8243492841720581
0.8705124258995056 -0.061385322362184525 0.6410301327705383
0.8679786920547485 -0.25453293323516846 0.4418853223323822
0.8413975238800049 -0.4348381459712982 0.23731370270252228
0.7976764440536499 -0.5999545454978943 0.03738163411617279
0.7438910007476807 -0.7482481598854065 -0.1484726518392563
0.6870357990264893 -0.8787196278572083 -0.3115784227848053
0.6338761448860168 -0.9908905029296875 -0.4440222978591919
0.5909014344215393 -1.0846736431121826 -0.5385145545005798
0.5643723011016846 -1.1602391004562378 -0.5881455540657043
0.5604010224342346 -1.2178940773010254 -0.5861239433288574
0.580679178237915 -1.2587988376617432 -0.5312833786010742
0.6191530823707581 -1.2854588031768799 -0.43244701623916626
0.6690786480903625 -1.300355076789856 -0.2992044985294342
0.7236829996109009 -1.305867075920105 -0.14111605286598206
0.7760581970214844 -1.3043360710144043 0.03207211568951607
0.819097638130188 -1.2981127500534058 0.2102758139371872
0.8454815745353699 -1.289588451385498 0.38298290967941284
0.847710371017456 -1.2812113761901855 0.539235532283783
0.818194568157196 -1.2754852771759033 0.6676879525184631
0.7495872378349304 -1.274857759475708 0.7569745779037476
0.640979528427124 -1.2787281274795532 0.8032088875770569
0.49925270676612854 -1.2827857732772827 0.8118047118186951
0.3319700360298157 -1.2824923992156982 0.7890174984931946
0.14681938290596008 -1.273354411125183 0.7413109540939331
-0.04848939925432205 -1.2509709596633911 0.6752628684043884
-0.24632278084754944 -1.2110755443572998 0.5974761843681335
-0.4392014145851135 -1.149566888809204 0.5145013332366943
-0.6198703050613403 -1.0625344514846802 0.43276911973953247
-0.7813525199890137 -0.946272075176239 0.3585338592529297
-0.9172741770744324 -0.7977004051208496 0.29754191637039185
-1.026370882987976 -0.6207751631736755 0.25048118829727173
-1.1115471124649048 -0.42486584186553955 0.2139607071876526
-1.1758931875228882 -0.21895231306552887 0.18450890481472015
-1.22248113155365 -0.011423622258007526 0.1587246060371399
-1.2543082237243652 0.1898844838142395 0.13327918946743011
-1.2742650508880615 0.37760037183761597 0.10489462316036224
-1.2851227521896362 0.5446793437004089 0.07029997557401657
-1.2895405292510986 0.6842314600944519 0.026164105162024498
-1.2900887727737427 0.7892993688583374 -0.03099440038204193
-1.2888550758361816 0.8534178137779236 -0.10454820096492767
-1.2836402654647827 0.8776525259017944 -0.19445309042930603
-1.2697051763534546 0.8671392202377319 -0.29854094982147217
-1.2421000003814697 0.8268646597862244 -0.41436827182769775
-1.1957238912582397 0.7619343996047974 -0.5390938520431519
-1.1254394054412842 0.677823543548584 -0.6693664193153381
-1.026279091835022 0.5805482864379883 -0.8012605905532837
-0.8937488198280334 0.47673964500427246 -0.9302805066108704
-0.7242051362991333 0.373595267534256 -1.0514507293701172
-0.5152790546417236 0.27868884801864624 -1.159509539604187
-0.2700733542442322 0.19948336482048035 -1.2490395307540894
-0.015450826846063137 0.14187343418598175 -1.3142846822738647
0.21632283926010132 0.11021125316619873 -1.3504241704940796
0.3970366418361664 0.10820272564888 -1.353366494178772
0.5008038878440857 0.1398131549358368 -1.3187352418899536
0.500898003578186 0.21037931740283966 -1.2406291961669922
0.36494478583335876 0.32812464237213135 -1.109933853149414
0.04725165665149689 0.5065800547599792 -0.9116286635398865
-0.5250331163406372 0.769081711769104 -0.6197861433029175
-1.4806170463562012 1.1583040952682495 -0.18696986138820648
0.26171591877937317 -1.499070405960083 1.4919195175170898
0.24697193503379822 -0.5399678349494934 1.4867973327636719
0.27086764574050903 0.08971747010946274 1.4715701341629028
0.32221540808677673 0.49516168236732483 1.4453611373901367
0.3939010798931122 0.7368705868721008 1.4065254926681519
0.4804762303829193 0.8524078130722046 1.3528401851654053
0.5768147110939026 0.8672270178794861 1.2816511392593384
0.6772206425666809 0.8008320331573486 1.1900742053985596
0.7747820615768433 0.6707794070243835 1.0753297805786133
0.8609598278999329 0.4955614507198334 0.9352657198905945
0.9255441427230835 0.29663604497909546 0.7691052556037903
0.960981547832489 0.09383807331323624 0.5800207257270813
0.9699021577835083 -0.10549219697713852 0.3774423897266388
0.9574217796325684 -0.29673364758491516 0.17173385620117188
0.9292212128639221 -0.4759896695613861 -0.027144603431224823
0.8912159204483032 -0.6401501297950745 -0.2099630981683731
0.8493021130561829 -0.7868643999099731 -0.36837121844291687
0.8091979622840881 -0.9144477248191833 -0.49487945437431335
0.7763796448707581 -1.0217446088790894 -0.5827021598815918
0.7561087608337402 -1.1079657077789307 -0.6254853010177612
0.7534969449043274 -1.1725366115570068 -0.617009162902832
0.7698661088943481 -1.21632981300354 -0.5563852190971375
0.7999343276023865 -1.2425419092178345 -0.4521848261356354
0.8378348350524902 -1.2543984651565552 -0.31365975737571716
0.8776803612709045 -1.2549968957901 -0.15000374615192413
0.9134721755981445 -1.2473903894424438 0.029427357017993927
0.9390472173690796 -1.2346484661102295 0.21495597064495087
0.9480680227279663 -1.219897747039795 0.39648333191871643
0.9340560436248779 -1.206343173980713 0.5634607672691345
0.8904724717140198 -1.1972635984420776 0.7049312591552734
0.8110151886940002 -1.195877194404602 0.8098688721656799
0.6951393485069275 -1.2018073797225952 0.8742827773094177
0.549254834651947 -1.210289716720581 0.9029675722122192
0.3803938329219818 -1.2162714004516602 0.9015144109725952
0.1957172304391861 -1.2147279977798462 0.8757239580154419
0.0024241963401436806 -1.2007231712341309 0.8315268754959106
-0.19233950972557068 -1.1694585084915161 0.7749055027961731
-0.38155725598335266 -1.1163196563720703 0.7118226885795593
-0.5584138631820679 -1.036914348602295 0.6481546759605408
-0.7163563966751099 -0.9271015524864197 0.5896329879760742
-0.8494095206260681 -0.7834404706954956 0.541523814201355
-0.9563981890678406 -0.6098157167434692 0.5043603181838989
-1.0400859117507935 -0.4157109260559082 0.4748634397983551
-1.1034414768218994 -0.21017344295978546 0.4496888816356659
-1.1494314670562744 -0.0015905878972262144 0.4255651831626892
-1.1809535026550293 0.2022782266139984 0.3992878794670105
-1.2007956504821777 0.394209623336792 0.3676876425743103
-1.2116217613220215 0.5673713684082031 0.32757440209388733
-1.2159755229949951 0.7151391506195068 0.2756548523902893
-1.216302752494812 0.8308596611022949 0.20842333137989044
-1.2145740985870361 0.9083404541015625 0.12241200357675552
-1.2086137533187866 0.9483860731124878 0.017644664272665977
-1.193776249885559 0.9554957747459412 -0.10363003611564636
-1.1651896238327026 0.9339304566383362 -0.23880869150161743
-1.117822527885437 0.8880020380020142 -0.3847652077674866
-1.0466177463531494 0.8223437070846558 -0.5376976728439331
-0.946732759475708 0.7421092987060547 -0.6930365562438965
-0.8138858675956726 0.6530770659446716 -0.8454437851905823
-0.6447852253913879 0.5616298317909241 -0.9889330863952637
-0.4375971257686615 0.474589079618454 -1.1171339750289917
-0.1961294710636139 0.3987593650817871 -1.2237566709518433
0.05224303528666496 0.3395403325557709 -1.3037590980529785
0.2752286195755005 0.30078405141830444 -1.353902816772461
0.4450441002845764 0.28553566336631775 -1.371930480003357
0.5365501642227173 0.296807199716568 -1.3555141687393188
0.5239304900169373 0.33850058913230896 -1.3011107444763184
0.3757536709308624 0.41661593317985535 -1.2025365829467773
0.04718565568327904 0.5411282181739807 -1.0487946271896362
-0.5340340733528137 0.7294389605522156 -0.8200817108154297
-1.4968191385269165 1.0137054920196533 -0.4792782962322235
0.5400610566139221 -1.4990702867507935 1.4936184883117676
0.4636836647987366 -0.5138530135154724 1.4867274761199951
0.4431712031364441 0.12755200266838074 1.4669817686080933
0.46076491475105286 0.5428466796875 1.43441903591156
0.5061654448509216 0.7967665791511536 1.3879073858261108
0.5723810791969299 0.9277848601341248 1.3255701065063477
0.6536190509796143 0.9607035517692566 1.2450517416000366
0.7439935803413391 0.9134942889213562 1.1438076496124268
0.8366124033927917 0.8016250729560852 1.0195248126983643
0.9229478240013123 0.6411960124969482 0.8707529306411743
0.9925987720489502 0.4512678384780884 0.6977670192718506
1.0373815298080444 0.25032997131347656 0.5047587752342224
1.058795690536499 0.04667302966117859 0.30118656158447266
1.0607861280441284 -0.1536135971546173 0.09721836447715759
1.0479247570037842 -0.34509655833244324 -0.09745747596025467
1.025097131729126 -0.5231686234474182 -0.273978590965271
0.9972489476203918 -0.68409264087677 -0.4244592487812042
0.9692157506942749 -0.8249415755271912 -0.5419598817825317
0.9456396698951721 -0.9434632062911987 -0.6203097105026245
0.9309719204902649 -1.0378938913345337 -0.6538118124008179
0.9295127391815186 -1.1067707538604736 -0.6369214057922363
0.9423267245292664 -1.1507121324539185 -0.5691040754318237
0.964875340461731 -1.173693299293518 -0.4587002992630005
0.992129385471344 -1.17978036403656 -0.3146457076072693
1.0190505981445312 -1.172884464263916 -0.14577946066856384
1.0405186414718628 -1.156862497329712 0.03894240781664848
1.0512890815734863 -1.1355912685394287 0.23028935492038727
1.0459856986999512 -1.1130168437957764 0.4186535179615021
1.0191268920898438 -1.09317946434021 0.5940079689025879
0.9651894569396973 -1.0802109241485596 0.7459290623664856
0.878858745098114 -1.0781781673431396 0.8638914823532104
0.7598540186882019 -1.0869519710540771 0.9439219236373901
0.613982617855072 -1.101270079612732 0.9902474284172058
0.44760820269584656 -1.1155089139938354 1.0078116655349731
0.267234206199646 -1.1240448951721191 1.0017489194869995
0.07943607121706009 -1.1213160753250122 0.9773277640342712
-0.10921646654605865 -1.1018847227096558 0.9398931860923767
-0.29222723841667175 -1.06049644947052 0.894808292388916
-0.4632471799850464 -0.9921370148658752 0.8473939299583435
-0.6161408424377441 -0.8920831680297852 0.8028715252876282
-0.7452952861785889 -0.7563909888267517 0.7660569548606873
-0.8495469093322754 -0.5887784957885742 0.7373702526092529
-0.9314197301864624 -0.39881157875061035 0.7136873006820679
-0.99367356300354 -0.1956116110086441 0.69182950258255
-1.039091944694519 0.012400351464748383 0.6686878800392151
-1.070406198501587 0.21748530864715576 0.6412098407745361
-1.0902483463287354 0.4125012755393982 0.6063594222068787
-1.1011285781860352 0.5907580852508545 0.5610499978065491
-1.1054352521896362 0.7458319067955017 0.5020501017570496
-1.105453610420227 0.8713220357894897 0.42585858702659607
-1.1030076742172241 0.9612767100334167 0.3289429247379303
-1.0959875583648682 1.0161938667297363 0.21128197014331818
-1.079931616783142 1.039881944656372 0.07514844089746475
-1.050150990486145 1.0358186960220337 -0.07675059139728546
-1.001805305480957 1.0074478387832642 -0.24106264114379883
-0.930056095123291 0.9584640860557556 -0.4135991036891937
-0.8303335309028625 0.8930382132530212 -0.5892179608345032
-0.698713481426239 0.8159569501876831 -0.7618216872215271
-0.5323780179023743 0.7326503992080688 -0.9245122671127319
-0.330098956823349 0.6490743160247803 -1.0699304342269897
-0.09633360058069229 0.571382999420166 -1.191041350364685
0.14141260087490082 0.5049296021461487 -1.2835328578948975
0.35125288367271423 0.4536314904689789 -1.345686674118042
0.5061585903167725 0.420367032289505 -1.3769726753234863
0.5819666981697083 0.4076220691204071 -1.376965880393982
0.5539520978927612 0.4182516932487488 -1.3443043231964111
0.39185333251953125 0.45642590522766113 -1.275542974472046
0.05214187130331993 0.5290208458900452 -1.1635181903839111
-0.5358176231384277 0.6480953097343445 -0.9944113492965698
-1.4985865354537964 0.8360853791236877 -0.7415002584457397
0.7857701182365417 -1.4990702867507935 1.4929014444351196
0.6336584091186523 -0.49129533767700195 1.4837616682052612
0.5626485347747803 0.15982899069786072 1.4585527181625366
0.5449491143226624 0.5832579731941223 1.4183976650238037
0.5653635859489441 0.8474091291427612 1.3627537488937378
0.6143755912780762 0.9915784597396851 1.2901437282562256
0.6848738789558411 1.0400869846343994 1.198578953742981
0.7702742218971252 1.009674072265625 1.0859547853469849
0.8632398247718811 0.9140564203262329 0.9505755305290222
0.9547640681266785 0.7672358155250549 0.7918972969055176
1.0336893796920776 0.5860656499862671 0.6114998459815979
1.09075129032135 0.3876893222332001 0.4147689938545227
1.12639319896698 0.1811317652463913 0.21110519766807556
1.1435619592666626 -0.026249950751662254 0.010328961536288261
1.1459075212478638 -0.22763226926326752 -0.17829963564872742
1.1374917030334473 -0.41700980067253113 -0.3464270234107971
1.1225353479385376 -0.5893222689628601 -0.48674872517585754
1.1052337884902954 -0.7404415011405945 -0.5929657816886902
1.089650273323059 -0.8670497536659241 -0.6595922112464905
1.0796877145767212 -0.9664394855499268 -0.6816485524177551
1.0790985822677612 -1.0362980365753174 -0.6543310284614563
1.0888363122940063 -1.0770455598831177 -0.5775477290153503
1.1050493717193604 -1.0935198068618774 -0.45951804518699646
1.1234705448150635 -1.090721845626831 -0.3089776933193207
1.1398398876190186 -1.0734690427780151 -0.134515643119812
1.14984929561615 -1.0465062856674194 0.05523569881916046
1.149108648300171 -1.0145870447158813 0.2514565587043762
1.1331374645233154 -0.9825300574302673 0.4450397193431854
1.0973773002624512 -0.95525062084198 0.6265397071838379
1.037232518196106 -0.9377643465995789 0.7861697673797607
0.948262631893158 -0.935017466545105 0.9140413403511047
0.8303360939025879 -0.9471333026885986 1.0063512325286865
0.6885591745376587 -0.9683243632316589 1.0668920278549194
0.5285245776176453 -0.9923688769340515 1.1000566482543945
0.35598164796829224 -1.0130033493041992 1.1103800535202026
0.1767989993095398 -1.0239787101745605 1.102517008781433
-0.003089982783421874 -1.0191251039505005 1.0812121629714966
-0.17774248123168945 -0.9924248456954956 1.051261305809021
-0.3412749469280243 -0.9380903840065002 1.0174661874771118
-0.48793739080429077 -0.850645899772644 0.9845830202102661
-0.6124155521392822 -0.725469708442688 0.9570302367210388
-0.7134748101234436 -0.5660095810890198 0.9351449012756348
-0.7933179140090942 -0.3819015622138977 0.9159595966339111
-0.8544192910194397 -0.1823786497116089 0.8964577317237854
-0.8993147015571594 0.024028947576880455 0.8736854195594788
-0.9305167198181152 0.22950103878974915 0.8447338342666626
-0.9504580497741699 0.42685797810554504 0.8066911101341248
-0.9614628553390503 0.6094253659248352 0.7565691471099854
-0.9657390117645264 0.7708523869514465 0.6912003755569458
-0.965389609336853 0.9048713445663452 0.6071010231971741
-0.9620772004127502 1.0056711435317993 0.5007011890411377
-0.9538000822067261 1.0734052658081055 0.3719460368156433
-0.9363634586334229 1.1111972332000732 0.22313077747821808
-0.9053589105606079 1.1217560768127441 0.05705982819199562
-0.8562527894973755 1.1076730489730835 -0.12270770967006683
-0.7845534682273865 1.0717175006866455 -0.311638206243515
-0.6860945820808411 1.017085313796997 -0.5040898323059082
-0.557422935962677 0.9475817680358887 -0.693317174911499
-0.39626041054725647 0.867705225944519 -0.8716636896133423
-0.20197179913520813 0.7825968265533447 -1.030975103378296
0.02048589289188385 0.6978986263275146 -1.1636569499969482
0.24385249614715576 0.6193262934684753 -1.2660757303237915
0.4369761049747467 0.5513162016868591 -1.3378292322158813
0.5737506747245789 0.4969688057899475 -1.3798439502716064
0.6310282945632935 0.45859023928642273 -1.3932710886001587
0.5851553678512573 0.43833643198013306 -1.378547191619873
0.40706688165664673 0.43896302580833435 -1.3344950675964355
0.05478794500231743 0.46482717990875244 -1.2571682929992676
-0.539844274520874 0.5235491991043091 -1.1378554105758667
-1.4985864162445068 0.6293669939041138 -0.9588783979415894
0.992007315158844 -1.4990702867507935 1.4887686967849731
0.7543661594390869 -0.47275248169898987 1.4770289659500122
0.6293022036552429 0.18600882589817047 1.4456387758255005
0.5761145353317261 0.6157599687576294 1.396945595741272
0.5733834505081177 0.887982189655304 1.3310484886169434
0.6083479523658752 1.0426859855651855 1.2469096183776855
0.6721128225326538 1.1038650274276733 1.1429564952850342
0.7570291757583618 1.0873229503631592 1.0176035165786743
0.8549659848213196 1.0053901672363281 0.8698925375938416
0.9560469388961792 0.8703381419181824 0.7003523111343384
1.0478826761245728 0.6971229314804077 0.5120712518692017
1.1197391748428345 0.5016509890556335 0.3117731213569641
1.171067714691162 0.29346606135368347 0.10873813927173615
1.203969120979309 0.08095069229602814 -0.08767767250537872
1.2213395833969116 -0.12788556516170502 -0.2687641382217407
1.2266000509262085 -0.3257976174354553 -0.42678624391555786
1.2234447002410889 -0.5065194368362427 -0.55511075258255
1.2156401872634888 -0.6648073792457581 -0.6481489539146423
1.2068911790847778 -0.7963454723358154 -0.7011538743972778
1.2007790803909302 -0.897544264793396 -0.7099114060401917
1.200737714767456 -0.9653112292289734 -0.6704144477844238
1.207743525505066 -0.9999401569366455 -0.5830976366996765
1.2185944318771362 -1.0071948766708374 -0.45617666840553284
1.2297337055206299 -0.9930781126022339 -0.29830607771873474
1.2376288175582886 -0.9633728861808777 -0.11792667955160141
1.238730549812317 -0.9237509369850159 0.07657789438962936
1.2294459342956543 -0.8798569440841675 0.2767592668533325
1.206122636795044 -0.8373696804046631 0.4740106463432312
1.1650476455688477 -0.8020436763763428 0.6595076322555542
1.1024587154388428 -0.7797299027442932 0.8241761326789856
1.0146781206130981 -0.7762084603309631 0.9588706493377686
0.9016268253326416 -0.7918393611907959 1.060097575187683
0.76764315366745 -0.8203306794166565 1.131359338760376
0.6174829602241516 -0.8548983335494995 1.1766161918640137
0.4560752511024475 -0.8886698484420776 1.199897050857544
0.28851962089538574 -0.9147177338600159 1.2053154706954956
0.12005982547998428 -0.9261173009872437 1.1970711946487427
-0.04395335167646408 -0.916024923324585 1.1794393062591553
-0.1981223225593567 -0.8777779340744019 1.156743049621582
-0.3370792865753174 -0.8050118088722229 1.1333130598068237
-0.4557825028896332 -0.6922721266746521 1.1132128238677979
-0.5528748631477356 -0.5426244735717773 1.0967077016830444
-0.6301748156547546 -0.3657395839691162 1.080967664718628
-0.6898096203804016 -0.1709762066602707 1.0631157159805298
-0.7340103983879089 0.03297228738665581 1.0403310060501099
-0.7650214433670044 0.23812057077884674 1.0098257064819336
-0.7850369811058044 0.4371471107006073 0.9687948226928711
-0.7961625456809998 0.6232770085334778 0.9143375158309937
-0.80040043592453 0.7901120781898499 0.843348503112793
-0.7996513247489929 0.931398332118988 0.7523748278617859
-0.7954030632972717 1.041358470916748 0.6378411054611206
-0.7857993841171265 1.1197619438171387 0.4996918737888336
-0.7669844627380371 1.1690549850463867 0.34027260541915894
-0.734917402267456 1.1912035942077637 0.16250620782375336
-0.6854706406593323 1.1879857778549194 -0.02983826771378517
-0.6146078109741211 1.1612951755523682 -0.23190906643867493
-0.5186681151390076 1.1134159564971924 -0.4376348853111267
-0.3947465419769287 1.0472503900527954 -0.6397448778152466
-0.24113017320632935 0.966463565826416 -0.8300025463104248
-0.05772126093506813 0.8755051493644714 -0.9996854066848755
0.15020090341567993 0.7796818614006042 -1.1408569812774658
0.3559613823890686 0.6853986382484436 -1.250536322593689
0.5294100046157837 0.5979394316673279 -1.3294401168823242
0.645473837852478 0.5209044814109802 -1.3796848058700562
0.6820139288902283 0.4566793143749237 -1.4036767482757568
0.6163944005966187 0.4070143699645996 -1.4032702445983887
0.42073193192481995 0.3736502528190613 -1.379077672958374
0.054761674255132675 0.359046995639801 -1.3297063112258911
-0.5466068983078003 0.36744529008865356 -1.250525951385498
-1.4985862970352173 0.406840443611145 -1.131115436553955
1.158259630203247 -1.4990705251693726 1.478016972541809
0.8294666409492493 -0.45812925696372986 1.4634783267974854
0.6488680839538574 0.20630064606666565 1.4255214929580688
0.5608381628990173 0.6406172513961792 1.3677945137023926
0.5368603467941284 0.9187729954719543 1.291067361831665
0.5604718327522278 1.0813871622085571 1.1947633028030396
0.6207017302513123 1.152258038520813 1.0777571201324463
0.7086021304130554 1.1465219259262085 0.939032793045044
0.8150115013122559 1.0754743814468384 0.7784457802772522
0.9289098978042603 0.9500467777252197 0.5977039337158203
1.036330223083496 0.7836729288101196 0.401529997587204
1.1247825622558594 0.5912061929702759 0.19806918501853943
1.192783236503601 0.382517009973526 -0.0035602208226919174
1.2417125701904297 0.16675938665866852 -0.19454370439052582
1.2738449573516846 -0.047104090452194214 -0.3668009042739868
1.2921020984649658 -0.2507851719856262 -0.513288140296936
1.2998038530349731 -0.4369676113128662 -0.6281039118766785
1.3004493713378906 -0.5994145274162292 -0.7064180374145508
1.2975531816482544 -0.7329110503196716 -0.7442626953125
1.2945505380630493 -0.8330786228179932 -0.7382289171218872
1.2947372198104858 -0.8961460590362549 -0.6851524114608765
1.2992240190505981 -0.9223667979240417 -0.5860708951950073
1.3054417371749878 -0.9184677004814148 -0.4493047893047333
1.3105154037475586 -0.8914856314659119 -0.28352847695350647
1.3116074800491333 -0.8481847047805786 -0.09711495041847229
1.3058897256851196 -0.7951511144638062 0.10174749791622162
1.2905153036117554 -0.7388730049133301 0.3049558997154236
1.2625988721847534 -0.6858096122741699 0.5044060945510864
1.2191976308822632 -0.6424486637115479 0.6919215321540833
1.1572985649108887 -0.6153555512428284 0.8591902256011963
1.0738965272903442 -0.611030101776123 0.9978789687156677
0.968900740146637 -0.6300343871116638 1.1049102544784546
0.8458539843559265 -0.66563880443573 1.183626651763916
0.7086485624313354 -0.710589587688446 1.2376707792282104
0.5613613724708557 -0.7575005888938904 1.2706645727157593
0.4082840085029602 -0.7988464832305908 1.2862621545791626
0.25392451882362366 -0.8269978761672974 1.28818678855896
0.10299327969551086 -0.8342945575714111 1.2802462577819824
-0.03964485228061676 -0.81316077709198 1.266327977180481
-0.16904261708259583 -0.7562603950500488 1.250375509262085
-0.28045374155044556 -0.6571881771087646 1.2361310720443726
-0.37238964438438416 -0.51851487159729 1.2237905263900757
-0.4462467133998871 -0.3498806953430176 1.210634708404541
-0.5037599205970764 -0.1607511341571808 1.1938985586166382
-0.5468097925186157 0.039996352046728134 1.1708660125732422
-0.5773294568061829 0.24415794014930725 1.1388468742370605
-0.5972360968589783 0.4441941976547241 1.0951242446899414
-0.6083850860595703 0.6331377029418945 1.036873698234558
-0.612546443939209 0.804442286491394 0.9610537886619568
-0.6113977432250977 0.9517641067504883 0.8642600774765015
-0.6062384247779846 1.0692623853683472 0.7429484724998474
-0.59538733959198 1.1562855243682861 0.5971075892448425
-0.5753883123397827 1.2146106958389282 0.42917323112487793
-0.5426376461982727 1.245492696762085 0.24221888184547424
-0.4934917390346527 1.2499481439590454 0.040233634412288666
-0.4244476556777954 1.2290701866149902 -0.17163848876953125
-0.33241701126098633 1.1843287944793701 -0.38697153329849243
-0.21507921814918518 1.1178423166275024 -0.5981038808822632
-0.07127144187688828 1.0325820446014404 -0.7964147329330444
0.09865421056747437 0.9324601292610168 -0.9728567004203796
0.28927773237228394 0.8226198554039001 -1.1193835735321045
0.4747932553291321 0.7103878855705261 -1.2336667776107788
0.6262536644935608 0.602109432220459 -1.3173763751983643
0.7196870446205139 0.5020678639411926 -1.3735835552215576
0.7339382171630859 0.41291868686676025 -1.4056675434112549
0.6473287343978882 0.3362524211406708 -1.4165663719177246
0.4331250488758087 0.2731635272502899 -1.408263087272644
0.0528552383184433 0.224819153547287 -1.3813284635543823
-0.5551491975784302 0.19313758611679077 -1.3342679738998413
-1.4985865354537964 0.18186601996421814 -1.262203335762024
1.285934329032898 -1.4990702867507935 1.4573578834533691
0.864094614982605 -0.4472012519836426 1.440011978149414
0.6281558871269226 0.2210506647825241 1.395458459854126
0.5065026879310608 0.6582285165786743 1.328668236732483
0.4630841016769409 0.9402137398719788 1.2410905361175537
0.4775083065032959 1.108137845993042 1.1326180696487427
0.5365757346153259 1.1857166290283203 1.0025889873504639
0.6299068331718445 1.1876580715179443 0.8505820631980896
0.7471683621406555 1.1245518922805786 0.6773017644882202
0.8760255575180054 1.0063834190368652 0.48567676544189453
1.000716209411621 0.8454752564430237 0.2821049988269806
1.1068193912506104 0.6558712720870972 0.07616666704416275
1.19197678565979 0.4476054608821869 -0.12320828437805176
1.256947636604309 0.23035328090190887 -0.30778414011001587
1.303483247756958 0.013783324509859085 -0.4701479971408844
1.3341072797775269 -0.1929948627948761 -0.603980541229248
1.3518692255020142 -0.3818024694919586 -0.7041400074958801
1.3601109981536865 -0.5455634593963623 -0.7665780186653137
1.362276315689087 -0.6782963275909424 -0.7881299257278442
1.3617786169052124 -0.7749565839767456 -0.7662181854248047
1.36190927028656 -0.8312272429466248 -0.6985563039779663
1.3639997243881226 -0.8474172949790955 -0.5868495106697083
1.3661130666732788 -0.83122318983078 -0.4396198093891144
1.3660427331924438 -0.7907076478004456 -0.26564180850982666
1.3616271018981934 -0.7335832715034485 -0.07327570766210556
1.3507251739501953 -0.6672847270965576 0.12945444881916046
1.3311922550201416 -0.5990422964096069 0.3347806930541992
1.300850510597229 -0.5359602570533752 0.5351052284240723
1.257460355758667 -0.4850996732711792 0.7229138016700745
1.1986857652664185 -0.45356905460357666 0.8906780481338501
1.1221299171447754 -0.44842442870140076 1.030906319618225
1.027661681175232 -0.47038280963897705 1.1410045623779297
0.9180391430854797 -0.5123749375343323 1.2242590188980103
0.7963050603866577 -0.5668084621429443 1.2840958833694458
0.6656882166862488 -0.6259239912033081 1.3238238096237183
0.5296590924263 -0.6817324757575989 1.3467230796813965
0.391958624124527 -0.7260112762451172 1.3561121225357056
0.2566046118736267 -0.7503594160079956 1.3553929328918457
0.12786313891410828 -0.7463175654411316 1.3480682373046875
0.010186667554080486 -0.7055560350418091 1.3377342224121094
-0.09204623848199844 -0.6206502318382263 1.3278474807739258
-0.17724920809268951 -0.4935738146305084 1.3185375928878784
-0.24638955295085907 -0.3338482081890106 1.3071722984313965
-0.300787091255188 -0.1509961485862732 1.2910727262496948
-0.34194085001945496 0.04593238607048988 1.2676032781600952
-0.3714388608932495 0.24849455058574677 1.2341499328613281
-0.39088818430900574 0.4488861560821533 1.1880683898925781
-0.4018642008304596 0.6398826241493225 1.1266052722930908
-0.4058791697025299 0.8147121667861938 1.0467884540557861
-0.4043664336204529 0.9668579697608948 0.9452839493751526
-0.39842456579208374 1.090335488319397 0.8186225891113281
-0.3865683078765869 1.184041142463684 0.6668835878372192
-0.36578431725502014 1.249102234840393 0.4926340579986572
-0.33295467495918274 1.2861032485961914 0.29912659525871277
-0.2849695682525635 1.2953693866729736 0.0905747041106224
-0.21890278160572052 1.2772899866104126 -0.12762093544006348
-0.13226379454135895 1.2326453924179077 -0.34876811504364014
-0.02330942079424858 1.1629165410995483 -0.5649639368057251
0.10862725973129272 1.0705393552780151 -0.7674099206924438
0.2628546357154846 0.95904541015625 -0.9469826221466064
0.4339844882488251 0.8335577845573425 -1.0957571268081665
0.5972934365272522 0.7024587988853455 -1.2120742797851562
0.7251670360565186 0.5732623934745789 -1.2984187602996826
0.7947585582733154 0.45103761553764343 -1.3586149215698242
0.7858535647392273 0.33884260058403015 -1.3967760801315308
0.677664041519165 0.23830819129943848 -1.4166475534439087
0.44455644488334656 0.1502055525779724 -1.4212391376495361
0.0498591884970665 0.07494860142469406 -1.4126032590866089
-0.5645573139190674 0.013074423186480999 -1.3916094303131104
-1.4985865354537964 -0.03416447341442108 -1.35750150680542
1.3781789541244507 -1.4990702867507935 1.4235273599624634
0.8645586967468262 -0.4396325945854187 1.4035513401031494
0.5747745037078857 0.23072084784507751 1.3527239561080933
0.42106884717941284 0.6691057085990906 1.2773061990737915
0.3598058819770813 0.9528589248657227 1.1794129610061646
0.36662963032722473 1.1235426664352417 1.059403419494629
0.4260718822479248 1.204887866973877 0.917081892490387
0.5262697339057922 1.2113823890686035 0.7526221871376038
0.6556553840637207 1.1532135009765625 0.5675737857818604
0.8005028367042542 1.0397987365722656 0.3660651445388794
0.9431619644165039 0.8827758431434631 0.15612098574638367
1.0672205686569214 0.6956601738929749 -0.05130361393094063
1.1695115566253662 0.4885184168815613 -0.24748258292675018
1.2502508163452148 0.27131417393684387 -0.42476096749305725
1.3107331991195679 0.05417516082525253 -0.5763909220695496
1.3531436920166016 -0.15320377051830292 -0.6967718601226807
1.3803186416625977 -0.3419921100139618 -0.7815154194831848
1.395504355430603 -0.5044577717781067 -0.8273522853851318
1.4021400213241577 -0.6340143084526062 -0.8319230079650879
1.4036943912506104 -0.7251047492027283 -0.7934914231300354
1.4035389423370361 -0.7730258107185364 -0.7106667160987854
1.403290033340454 -0.7782414555549622 -0.5858700275421143
1.401652455329895 -0.7493869066238403 -0.4279046654701233
1.397087812423706 -0.695494532585144 -0.24570268392562866
1.388097882270813 -0.6251443028450012 -0.04764268547296524
1.3732035160064697 -0.5465046763420105 0.1584051102399826
1.3509187698364258 -0.4674014449119568 0.36500847339630127
1.3197212219238281 -0.3954114019870758 0.5650804042816162
1.2780137062072754 -0.3379782736301422 0.7517688870429993
1.2240816354751587 -0.3025554418563843 0.9183232188224792
1.1560957431793213 -0.2965657114982605 1.0580840110778809
1.0738887786865234 -0.32082799077033997 1.1689684391021729
0.9794764518737793 -0.36804890632629395 1.2542790174484253
0.8750989437103271 -0.4304453730583191 1.3173048496246338
0.7631740570068359 -0.5000471472740173 1.3611236810684204
0.6463674306869507 -0.5685665011405945 1.388720154762268
0.5276385545730591 -0.627343475818634 1.4030832052230835
0.41026774048805237 -0.6673663258552551 1.4072726964950562
0.2978467047214508 -0.6793853640556335 1.404462218284607
0.19423340260982513 -0.6541224718093872 1.3979508876800537
0.1033264771103859 -0.5831268429756165 1.39094877243042
0.026735039427876472 -0.4676968455314636 1.3835304975509644
-0.036103446036577225 -0.31713441014289856 1.3731389045715332
-0.0860963687300682 -0.1409461796283722 1.3571646213531494
-0.12434917688369751 0.05168702453374863 1.3330378532409668
-0.15208424627780914 0.25209441781044006 1.2982076406478882
-0.1705736219882965 0.4521919786930084 1.2500951290130615
-0.1810871660709381 0.6444620490074158 1.1860182285308838
-0.18485620617866516 0.8218584656715393 1.1030871868133545
-0.1830505132675171 0.9776312112808228 0.9980665445327759
-0.17655520141124725 1.1055938005447388 0.867608904838562
-0.16409087181091309 1.204176902770996 0.7119265198707581
-0.14310966432094574 1.2738877534866333 0.533747136592865
-0.11100277304649353 1.3146992921829224 0.33651721477508545
-0.06521239876747131 1.3263311386108398 0.12466085702180862
-0.0033943073358386755 1.3085857629776 -0.09621945023536682
0.07636060565710068 1.261694312095642 -0.319272518157959
0.17526569962501526 1.186658263206482 -0.5365163087844849
0.2935768663883209 1.0855361223220825 -0.7391872406005859
0.4303852915763855 0.9616193175315857 -0.9183262586593628
0.5804846286773682 0.820110559463501 -1.0663447380065918
0.7203706502914429 0.6704815626144409 -1.182278037071228
0.8238197565078735 0.5214266777038574 -1.2693147659301758
0.8690952062606812 0.3788318634033203 -1.3318675756454468
0.8368642926216125 0.246235653758049 -1.3745923042297363
0.7071543335914612 0.12546014785766602 -1.4018250703811646
0.4553596079349518 0.017214298248291016 -1.417341709136963
0.04654141142964363 -0.07840221375226974 -1.4243203401565552
-0.5739863514900208 -0.16148225963115692 -1.4254273176193237
-1.4985864162445068 -0.23190921545028687 -1.4229892492294312
1.4395817518234253 -1.4990702867507935 1.3733550310134888
0.8380134701728821 -0.4349987804889679 1.3510757684707642
0.4968635141849518 0.23586304485797882 1.2946285009384155
0.312860906124115 0.6738477945327759 1.211469292640686
0.2350584715604782 0.9573573470115662 1.1043422222137451
0.2352583110332489 1.1283231973648071 0.9740561842918396
0.2957744300365448 1.2105735540390015 0.8208671808242798
0.4032785892486572 1.2185602188110352 0.6455239057540894
0.5449745059013367 1.1623364686965942 0.45037469267845154
0.7057573795318604 1.051106333732605 0.24066710472106934
0.8661177754402161 0.8962416648864746 0.025918781757354736
1.007704496383667 0.7110293507575989 -0.18167495727539062
1.126613736152649 0.5054701566696167 -0.37360048294067383
1.222574234008789 0.28960686922073364 -0.5427564382553101
1.2964591979980469 0.07379014045000076 -0.683022677898407
1.3501336574554443 -0.13193942606449127 -0.7894766926765442
1.3862332105636597 -0.3183254897594452 -0.8584448099136353
1.407918095588684 -0.47718679904937744 -0.8874049782752991
1.4186409711837769 -0.6015200018882751 -0.8747802972793579
1.421951413154602 -0.6854344606399536 -0.8196632266044617
1.4213401079177856 -0.7240207195281982 -0.7215531468391418
1.4187464714050293 -0.7179921865463257 -0.5836117267608643
1.4135383367538452 -0.6768465638160706 -0.4149834215641022
1.40485680103302 -0.6104792356491089 -0.22479170560836792
1.391863465309143 -0.5282068848609924 -0.021442821249365807
1.3737208843231201 -0.43877673149108887 0.18735110759735107
1.3495672941207886 -0.350433349609375 0.3945005238056183
1.3184888362884521 -0.2710341215133667 0.5934282541275024
1.279482364654541 -0.2082056999206543 0.7779290676116943
1.231413722038269 -0.16954465210437775 0.9419987797737122
1.1730026006698608 -0.16264663636684418 1.0797679424285889
1.104070782661438 -0.18837803602218628 1.1896544694900513
1.0259560346603394 -0.23934228718280792 1.2750211954116821
0.9401675462722778 -0.3077128529548645 1.3390775918960571
0.8483734726905823 -0.3854714334011078 1.38473379611969
0.7524749040603638 -0.4642068147659302 1.4147485494613647
0.6546581387519836 -0.5349993109703064 1.431847333908081
0.5574347972869873 -0.588397204875946 1.4388142824172974
0.46364957094192505 -0.6145082116127014 1.438552975654602
0.37645435333251953 -0.6032189726829529 1.4341175556182861
0.29912811517715454 -0.5451163053512573 1.4285205602645874
0.2331952005624771 -0.4407840669155121 1.4218058586120605
0.17844443023204803 -0.2992040514945984 1.411494493484497
0.13435247540473938 -0.12977828085422516 1.395047664642334
0.10019850730895996 0.05824744328856468 1.3699603080749512
0.07513090968132019 0.256014883518219 1.3337458372116089
0.0582265742123127 0.4551776647567749 1.283894658088684
0.0485399030148983 0.6479219198226929 1.2178080081939697
0.045139990746974945 0.8269073367118835 1.1326984167099
0.0471380352973938 0.9851228594779968 1.0254639387130737
0.05387463793158531 1.116147756576538 0.8929280042648315
0.06642695516347885 1.2179551124572754 0.7354669570922852
0.08687718212604523 1.290480375289917 0.5559768080711365
0.11732945591211319 1.3331581354141235 0.3580875098705292
0.15980426967144012 1.3452072143554688 0.14639359712600708
0.2160951793193817 1.3259704113006592 -0.07338105142116547
0.2875839173793793 1.2752786874771118 -0.2943531572818756
0.3750337064266205 1.1938068866729736 -0.5086348652839661
0.47839367389678955 1.0833791494369507 -0.7077041268348694
0.5966582298278809 0.9471566081047058 -0.8829864263534546
0.7249205708503723 0.7904707193374634 -1.0274168252944946
0.8409571647644043 0.6238234639167786 -1.1407535076141357
0.9199305176734924 0.4570116698741913 -1.2268071174621582
0.941164493560791 0.2967022955417633 -1.2904553413391113
0.886134684085846 0.14693742990493774 -1.3367518186569214
0.735599935054779 0.00982549786567688 -1.3704705238342285
0.4658844470977783 -0.11380034685134888 -1.3959776163101196
0.0436382032930851 -0.223838210105896 -1.4173446893692017
-0.5826672911643982 -0.3204808533191681 -1.4386738538742065
-1.4985864162445068 -0.40382587909698486 -1.4647161960601807
1.4758129119873047 -1.4990705251693726 1.3037846088409424
0.7921486496925354 -0.4328106641769409 1.2796350717544556
0.4028557240962982 0.23709508776664734 1.2185217142105103
0.19038480520248413 0.6731180548667908 1.1289385557174683
0.09700588881969452 0.9544282555580139 1.0141921043395996
0.09092989563941956 1.1232861280441284 0.8755069375038147
0.1523825079202652 1.2036932706832886 0.7135602235794067
0.2666497528553009 1.210219383239746 0.5296276807785034
0.4197801649570465 1.1530203819274902 0.32677456736564636
0.5953884124755859 1.0414074659347534 0.11122838407754898
0.7722527384757996 0.8868824243545532 -0.10621337592601776
0.930243968963623 0.7028066515922546 -0.3123193085193634
1.064796805381775 0.4990449547767639 -0.49879395961761475
1.175184726715088 0.2855394184589386 -0.6590402126312256
1.2618626356124878 0.07264469563961029 -0.787501335144043
1.3263555765151978 -0.1294872760772705 -0.8798624873161316
1.3710628747940063 -0.31140944361686707 -0.9330959320068359
1.3990204334259033 -0.4647147059440613 -0.9453654885292053
1.4136592149734497 -0.58219313621521 -0.9158262014389038
1.418586015701294 -0.6578189730644226 -0.8443572521209717
1.4174004793167114 -0.6866694092750549 -0.7313114404678345
1.4123787879943848 -0.6697856187820435 -0.5805860757827759
1.4035871028900146 -0.6174015402793884 -0.40170180797576904
1.3908711671829224 -0.540115475654602 -0.20398510992527008
1.3740615844726562 -0.44780653715133667 0.004136574920266867
1.352952480316162 -0.3496142327785492 0.2151215523481369
1.327282428741455 -0.25400954484939575 0.4222286641597748
1.2967115640640259 -0.16893678903579712 0.6193793416023254
1.26079523563385 -0.10201497375965118 0.8009835481643677
1.2189537286758423 -0.060795821249485016 0.9617284536361694
1.1704537868499756 -0.05286384001374245 1.0964652299880981
1.1151455640792847 -0.0790836364030838 1.204075574874878
1.0537611246109009 -0.13207118213176727 1.2879998683929443
0.9871591329574585 -0.20409078896045685 1.3514025211334229
0.9163358807563782 -0.28722459077835083 1.3970731496810913
0.8424853682518005 -0.37310370802879333 1.4275976419448853
0.7670490145683289 -0.45273205637931824 1.4454972743988037
0.6917564868927002 -0.5164110660552979 1.4533381462097168
0.6186453700065613 -0.5537978410720825 1.4538112878799438
0.5500514507293701 -0.5541195273399353 1.4497809410095215
0.488483726978302 -0.507141649723053 1.4441145658493042
0.43525347113609314 -0.4127441644668579 1.4368619918823242
0.3904256522655487 -0.2795011103153229 1.425646185874939
0.3538109064102173 -0.11661786586046219 1.4080206155776978
0.3250442147254944 0.06667812913656235 1.3815631866455078
0.30363404750823975 0.26140904426574707 1.3438706398010254
0.2890082597732544 0.4590144157409668 1.2925232648849487
0.2805560529232025 0.651415228843689 1.225028157234192
0.27766183018684387 0.8309937119483948 1.138731837272644
0.27973315119743347 0.9904823303222656 1.0307068824768066
0.2863498032093048 1.1232290267944336 0.8979977369308472
0.2984040677547455 1.2267829179763794 0.7411569952964783
0.31753599643707275 1.3005748987197876 0.5632263422012329
0.345376580953598 1.3435941934585571 0.3679763972759247
0.38345417380332947 1.3546720743179321 0.16009967029094696
0.4330742359161377 1.3328272104263306 -0.05466681346297264
0.49517348408699036 1.2776319980621338 -0.2695527672767639
0.5701648592948914 1.1895743608474731 -0.4769405722618103
0.6578001976013184 1.0703588724136353 -0.6687430143356323
0.7570832371711731 0.9230908751487732 -0.836958110332489
0.8634850978851318 0.7532305121421814 -0.9751946330070496
0.9560592770576477 0.5721642374992371 -1.0839661359786987
1.0112971067428589 0.3906306028366089 -1.1676534414291382
1.0095078945159912 0.21597647666931152 -1.2315160036087036
0.9328928589820862 0.052713051438331604 -1.2809163331985474
0.7628467679023743 -0.09673236310482025 -1.32097327709198
0.4764944612979889 -0.23129940032958984 -1.3565484285354614
0.041855040937662125 -0.35069575905799866 -1.3924931287765503
-0.5898982286453247 -0.45490339398384094 -1.434177041053772
-1.4985865354537964 -0.5437167286872864 -1.488465428352356
1.4932624101638794 -1.499070405960083 1.2118383646011353
0.7349182963371277 -0.4325363039970398 1.1863226890563965
0.30128172039985657 0.23507723212242126 1.1217724084854126
0.06218016520142555 0.6676204204559326 1.0274964570999146
-0.04617791250348091 0.944835364818573 0.9072651863098145
-0.058816827833652496 1.1092956066131592 0.7626628875732422
0.002600946929305792 1.1852432489395142 0.5947362184524536
0.1221170723438263 1.187497615814209 0.4052151143550873
0.2847658693790436 1.1265192031860352 0.19776290655136108
0.4730668365955353 1.012008786201477 -0.020604684948921204
0.6643491983413696 0.8559617400169373 -0.2380949854850769
0.8369714617729187 0.6721064448356628 -0.44070732593536377
0.9857785105705261 0.47012606263160706 -0.620370626449585
1.1095938682556152 0.2597092390060425 -0.770927369594574
1.2084238529205322 0.05101853609085083 -0.8873010277748108
1.2833925485610962 -0.1459088772535324 -0.9656910300254822
1.3365827798843384 -0.32167208194732666 -1.0036213397979736
1.370816707611084 -0.46787434816360474 -0.999851405620575
1.3894155025482178 -0.5773249864578247 -0.9541847109794617
1.39596688747406 -0.6440749168395996 -0.8672110438346863
1.3941184282302856 -0.6633834838867188 -0.7400614023208618
1.386474609375 -0.6366744041442871 -0.5773268938064575
1.3738514184951782 -0.574735701084137 -0.3889106810092926
1.356845498085022 -0.4886579215526581 -0.18433545529842377
1.335982322692871 -0.3886699974536896 0.02796686254441738
1.3116958141326904 -0.28409725427627563 0.2406373769044876
1.2843149900436401 -0.183441162109375 0.44728025794029236
1.2540556192398071 -0.0945511981844902 0.6422906517982483
1.2210125923156738 -0.02486846223473549 0.8206426501274109
1.1851495504379272 0.018263787031173706 0.9776427745819092
1.1462923288345337 0.027436761185526848 1.1087726354599
1.1043627262115479 0.0018309801816940308 1.2133196592330933
1.0595532655715942 -0.05128949508070946 1.294799566268921
1.0121526718139648 -0.12439411878585815 1.3563488721847534
0.9625637531280518 -0.20979072153568268 1.4006658792495728
0.9113399386405945 -0.2992994487285614 1.4302030801773071
0.8592186570167542 -0.38402143120765686 1.447321891784668
0.8071526288986206 -0.45421287417411804 1.4544191360473633
0.7563287019729614 -0.4993029534816742 1.4540233612060547
0.7081706523895264 -0.5080918669700623 1.4488600492477417
0.6642698645591736 -0.46974045038223267 1.4417011737823486
0.6255922913551331 -0.38349419832229614 1.4326509237289429
0.5923932194709778 -0.25745663046836853 1.4194785356521606
0.5647530555725098 -0.10054916888475418 1.3998725414276123
0.5426197648048401 0.07811211049556732 1.3715354204177856
0.5258376002311707 0.2695186138153076 1.3321855068206787
0.5141770839691162 0.4649752080440521 1.2795318365097046
0.507365345954895 0.656204879283905 1.2112270593643188
0.5051126480102539 0.8353668451309204 1.1247934103012085
0.507136881351471 0.9949824810028076 1.0175251960754395
0.5132725834846497 1.1282079219818115 0.8867372274398804
0.5242580771446228 1.2322310209274292 0.7331465482711792
0.5413362383842468 1.306067705154419 0.5598820447921753
0.5657200217247009 1.3483680486679077 0.3707747161388397
0.5985142588615417 1.3576973676681519 0.17050878703594208
0.6406213641166687 1.3328803777694702 -0.0352993942797184
0.6926310062408447 1.273361325263977 -0.2401508390903473
0.7547110319137573 1.1795541048049927 -0.4368690848350525
0.8265166282653809 1.0531271696090698 -0.6179710626602173
0.9071424603462219 0.8971679210662842 -0.7761774063110352
0.9924761056900024 0.7172247171401978 -0.905880331993103
1.0627905130386353 0.5253434777259827 -1.008383870124817
1.095813274383545 0.3329661786556244 -1.088620662689209
1.0727474689483643 0.1479533314704895 -1.1521943807601929
0.9764288663864136 -0.024810224771499634 -1.204735517501831
0.7887810468673706 -0.18261228501796722 -1.2516783475875854
0.48756685853004456 -0.32414838671684265 -1.298363447189331
0.041877005249261856 -0.44887199997901917 -1.3504222631454468
-0.5950231552124023 -0.556439995765686 -1.4145034551620483
-1.4985862970352173 -0.6461613774299622 -1.4995940923690796
1.4987273216247559 -1.499070405960083 1.0945340394973755
0.6743382811546326 -0.4336213767528534 1.0682226419448853
0.20063264667987823 0.2304919809103012 1.001731514930725
-0.06327900290489197 0.6580806970596313 0.9048997759819031
-0.18638963997364044 0.9293659925460815 0.7818291783332825
-0.20651376247406006 1.087244987487793 0.6343837976455688
-0.14693357050418854 1.156261682510376 0.463906854391098
-0.024646878242492676 1.1515941619873047 0.2724829912185669
0.14457938075065613 1.084176778793335 0.06421969830989838
0.3424456715583801 0.9643434882164001 -0.1533184051513672
0.5452122092247009 0.8049079179763794 -0.3676905333995819
0.7300912737846375 0.6202402710914612 -0.564448893070221
0.8914002180099487 0.4198147654533386 -0.7357553839683533
1.0274852514266968 0.21293962001800537 -0.8758195638656616
1.1378371715545654 0.009408663958311081 -0.9799503684043884
1.2230772972106934 -0.18106915056705475 -1.044752836227417
1.284842848777771 -0.34937596321105957 -1.0681859254837036
1.3256012201309204 -0.4873685836791992 -1.0494872331619263
1.3484208583831787 -0.5881110429763794 -0.9889910221099854
1.3567389249801636 -0.64594966173172 -0.8878801465034485
1.3541392087936401 -0.6565167307853699 -0.7479441165924072
1.3435211181640625 -0.6216402053833008 -0.5743815898895264
1.3265273571014404 -0.5524237155914307 -0.3774561583995819
1.304577112197876 -0.46018993854522705 -0.1668625921010971
1.2789418697357178 -0.3552752137184143 0.048982493579387665
1.250725507736206 -0.24697290360927582 0.26290786266326904
1.2208611965179443 -0.14362569153308868 0.46884575486183167
1.1901228427886963 -0.052825137972831726 0.6616218090057373
1.1591429710388184 0.01830940879881382 0.8367069363594055
1.128435492515564 0.06277991831302643 0.9899370074272156
1.0984076261520386 0.073496013879776 1.1173220872879028
1.0690929889678955 0.04971912503242493 1.2184836864471436
1.0401971340179443 -0.0015041760634630919 1.2969975471496582
1.0115032196044922 -0.07294264435768127 1.3559746742248535
0.9828901290893555 -0.15723039209842682 1.3980389833450317
0.9543341398239136 -0.24649903178215027 1.425533652305603
0.9259138107299805 -0.3321041762828827 1.4406919479370117
0.8978200554847717 -0.40445610880851746 1.4457767009735107
0.870363175868988 -0.4529992341995239 1.443192720413208
0.8439766764640808 -0.4663851857185364 1.4355661869049072
0.8192049860954285 -0.4334597587585449 1.4256175756454468
0.7965465188026428 -0.3529655337333679 1.4135581254959106
0.7763641476631165 -0.23250216245651245 1.3973654508590698
0.7589420676231384 -0.08063487708568573 1.3749266862869263
0.7444929480552673 0.09372737258672714 1.344132423400879
0.7331660389900208 0.2816518247127533 1.3028833866119385
0.7250599265098572 0.4744167625904083 1.2490750551223755
0.7202380299568176 0.6636503338813782 1.1805616617202759
0.7187446355819702 0.8413853645324707 1.0950950384140015
0.7206217050552368 1.0000187158584595 0.9902442693710327
0.7259775400161743 1.1325968503952026 0.8636400103569031
0.7354387640953064 1.2360405921936035 0.7161267399787903
0.7499117255210876 1.309059500694275 0.550822913646698
0.7702624797821045 1.350082278251648 0.37150314450263977
0.7972557544708252 1.3575310707092285 0.1827058047056198
0.8314844369888306 1.3301560878753662 -0.010228180326521397
0.8732909560203552 1.2673804759979248 -0.20123355090618134
0.9226939678192139 1.1696290969848633 -0.3837338984012604
0.9793323874473572 1.038584589958191 -0.5509899854660034
1.0424426794052124 0.8773230910301208 -0.6965531706809998
1.1083283424377441 0.6914089918136597 -0.8156703114509583
1.158388376235962 0.493252694606781 -0.9104763865470886
1.1714729070663452 0.29468798637390137 -0.9864717721939087
1.1295807361602783 0.1038583517074585 -1.0496090650558472
1.0160870552062988 -0.07413504272699356 -1.105798363685608
0.8133241534233093 -0.23639778792858124 -1.1608192920684814
0.4994950294494629 -0.38144758343696594 -1.220555067062378
0.04438666254281998 -0.508533775806427 -1.2915318012237549
-0.5974036455154419 -0.6170416474342346 -1.3818740844726562
-1.4985864162445068 -0.7058752775192261 -1.503017783164978
1.4991536140441895 -1.4990702867507935 0.9487886428833008
0.6183231472969055 -0.4355078637599945 0.9223631620407104
0.10924268513917923 0.22402213513851166 0.8557118773460388
-0.17767906188964844 0.6452229619026184 0.7588719129562378
-0.31567850708961487 0.9088066220283508 0.6361144781112671
-0.34483811259269714 1.0580291748046875 0.4894809424877167
-0.28972500562667847 1.117793321609497 0.3205156624317169
-0.16810332238674164 1.1037249565124512 0.1315346211194992
0.0037488224916160107 1.027368187904358 -0.07309754937887192
0.2070833444595337 0.8998979330062866 -0.28554806113243103
0.41759151220321655 0.7352316379547119 -0.4931298494338989
0.6118024587631226 0.5486343502998352 -0.6813173890113831
0.7835527658462524 0.3493565022945404 -0.8425195217132568
0.9306464791297913 0.14621886610984802 -0.9712377786636353
1.0519503355026245 -0.05151263251900673 -1.0630671977996826
1.1474343538284302 -0.23466117680072784 -1.1148998737335205
1.2181130647659302 -0.3946261405944824 -1.1249964237213135
1.2659021615982056 -0.5237647294998169 -1.09292733669281
1.2934203147888184 -0.6156366467475891 -1.019404649734497
1.3037641048431396 -0.6651012301445007 -0.9060426950454712
1.300287127494812 -0.6683427095413208 -0.7551186680793762
1.286130666732788 -0.6275787949562073 -0.5723057389259338
1.263869047164917 -0.5539330244064331 -0.3681738078594208
1.235849142074585 -0.4586564898490906 -0.1525530070066452
1.2041723728179932 -0.35192567110061646 0.0661730170249939
1.1706721782684326 -0.2427797168493271 0.28101271390914917
1.1369267702102661 -0.13922369480133057 0.48619017004966736
1.1042964458465576 -0.04844887927174568 0.6768994331359863
1.0739740133285522 0.02286546863615513 0.8490231037139893
1.0470460653305054 0.06817874312400818 0.9988246560096741
1.024537444114685 0.08084315061569214 1.122731328010559
1.006627082824707 0.060229942202568054 1.2206196784973145
0.9925609230995178 0.013077263720333576 1.2961012125015259
0.9816581606864929 -0.05376150459051132 1.3522567749023438
0.9733220338821411 -0.13332609832286835 1.3916397094726562
0.9669992327690125 -0.21816058456897736 1.4164981842041016
0.9621478915214539 -0.30001476407051086 1.428956151008606
0.9582138657569885 -0.36964645981788635 1.4311646223068237
0.9546152353286743 -0.4167703092098236 1.4254286289215088
0.9507375359535217 -0.43020620942115784 1.4143011569976807
0.945972740650177 -0.39883971214294434 1.4004790782928467
0.9402542114257812 -0.3211002051830292 1.3843331336975098
0.9339872002601624 -0.20408350229263306 1.3641248941421509
0.9276052713394165 -0.055943701416254044 1.338020920753479
0.921543538570404 0.11471085995435715 1.3041819334030151
0.9162288308143616 0.29914307594299316 1.2607718706130981
0.9120740294456482 0.4887387752532959 1.2059494256973267
0.9094772934913635 0.675171434879303 1.1378403902053833
0.9088252782821655 0.8504844307899475 1.0544912815093994
0.9105004668235779 1.0070832967758179 0.9538044929504395
0.9149072170257568 1.1380283832550049 0.8337686061859131
0.9226095080375671 1.2400985956192017 0.6952924132347107
0.9342465400695801 1.3118255138397217 0.5413517355918884
0.9504141807556152 1.3515394926071167 0.37551549077033997
0.9716224670410156 1.3576366901397705 0.20201465487480164
0.9982438683509827 1.3288956880569458 0.025748640298843384
1.0304608345031738 1.2648019790649414 -0.1478109359741211
1.0682179927825928 1.165844202041626 -0.31282755732536316
1.1111894845962524 1.0337382555007935 -0.4634140729904175
1.15877103805542 0.8715335130691528 -0.5940224528312683
1.2076481580734253 0.6847158074378967 -0.70079106092453
1.2402324676513672 0.48570412397384644 -0.7867354154586792
1.2363770008087158 0.286344438791275 -0.8579705357551575
1.1787792444229126 0.09477352350950241 -0.9208433628082275
1.0512596368789673 -0.08390775322914124 -0.981602132320404
0.8364278674125671 -0.2467893362045288 -1.046462893486023
0.5126932263374329 -0.3923550546169281 -1.1219998598098755
0.050084710121154785 -0.51980060338974 -1.2158781290054321
-0.5963820815086365 -0.6284339427947998 -1.3381050825119019
-1.4985864162445068 -0.7170469760894775 -1.5032731294631958
1.499153733253479 -1.499070405960083 0.7745760083198547
0.5717843770980835 -0.43812456727027893 0.7488921880722046
0.03216125816106796 0.2157450020313263 0.6840442419052124
-0.27599817514419556 0.6291858553886414 0.5899394750595093
-0.42919084429740906 0.883436918258667 0.47085580229759216
-0.46921589970588684 1.022143840789795 0.32890620827674866
-0.4215613007545471 1.0706093311309814 0.16573578119277954
-0.3044552505016327 1.0449713468551636 -0.0162393506616354
-0.13436223566532135 0.9574919939041138 -0.21259263157844543
0.06993348896503448 0.820350706577301 -0.4155164361000061
0.2841049134731293 0.6488086581230164 -0.6124946475028992
0.48450252413749695 0.4592418372631073 -0.789310872554779
0.664516806602478 0.2606677711009979 -0.9386422634124756
0.8213256597518921 0.06132909283041954 -1.0552159547805786
0.953044056892395 -0.1301771104335785 -1.1348201036453247
1.058825135231018 -0.30539271235466003 -1.1745173931121826
1.1388614177703857 -0.4564529061317444 -1.1727313995361328
1.1942994594573975 -0.5764478445053101 -1.1292061805725098
1.2270824909210205 -0.6596593260765076 -1.044854998588562
1.2397515773773193 -0.7016587257385254 -0.9215316772460938
1.235236406326294 -0.6993356943130493 -0.761796772480011
1.2168530225753784 -0.6552528738975525 -0.5716308355331421
1.1882249116897583 -0.5802342295646667 -0.3618353605270386
1.152747631072998 -0.4851445257663727 -0.14233316481113434
1.1134510040283203 -0.37973594665527344 0.07853683084249496
1.0729751586914062 -0.272584468126297 0.2939416468143463
1.0336016416549683 -0.17120049893856049 0.49834710359573364
0.9973201155662537 -0.08225768804550171 0.6872408390045166
0.9659176468849182 -0.011901790276169777 0.8568246960639954
0.9410870671272278 0.03387352079153061 1.0036858320236206
0.9245080351829529 0.048967715352773666 1.1245603561401367
0.9165286421775818 0.032884661108255386 1.2195037603378296
0.9159420132637024 -0.008027732372283936 1.292136549949646
0.921622633934021 -0.06735873967409134 1.3454986810684204
0.932526707649231 -0.138615682721138 1.3820737600326538
0.947603166103363 -0.21483519673347473 1.4040207862854004
0.9657178521156311 -0.28828054666519165 1.4133648872375488
0.985589325428009 -0.3502325117588043 1.4121580123901367
1.005741000175476 -0.39092230796813965 1.4026185274124146
1.0244779586791992 -0.3996600806713104 1.3872383832931519
1.0399751663208008 -0.3657507300376892 1.3687061071395874
1.051537275314331 -0.28753194212913513 1.3475967645645142
1.0595693588256836 -0.1716223955154419 1.3225325345993042
1.0646157264709473 -0.025730658322572708 1.2920444011688232
1.0673019886016846 0.1419183909893036 1.2546507120132446
1.0683096647262573 0.32290276885032654 1.2088655233383179
1.0683529376983643 0.5088603496551514 1.1531927585601807
1.0681614875793457 0.6916674971580505 1.086105465888977
1.0684691667556763 0.863540530204773 1.00601065158844
1.070010781288147 1.017051100730896 0.9112004637718201
1.0735057592391968 1.145423173904419 0.800054669380188
1.079504370689392 1.245436668395996 0.6734697818756104
1.0884445905685425 1.315577745437622 0.5341335535049438
1.1007250547409058 1.354201078414917 0.38525083661079407
1.1166765689849854 1.359782099723816 0.2305828481912613
1.1365258693695068 1.3312128782272339 0.07442963123321533
1.1603620052337646 1.2680996656417847 -0.07847119867801666
1.1881057024002075 1.1710251569747925 -0.22313562035560608
1.2194920778274536 1.0417402982711792 -0.3546040654182434
1.2540676593780518 0.8832414746284485 -0.4682655930519104
1.2888513803482056 0.7008404731750488 -0.5611624717712402
1.307151198387146 0.506600558757782 -0.6372356414794922
1.289711594581604 0.31199023127555847 -0.7032713294029236
1.2198412418365479 0.12483899295330048 -0.7660718560218811
1.081716775894165 -0.04998421669006348 -0.8323051333427429
0.8580949902534485 -0.2097407579421997 -0.9087498784065247
0.527347981929779 -0.3530524671077728 -1.0028753280639648
0.05926632881164551 -0.47925153374671936 -1.123825192451477
-0.5916873812675476 -0.5878190398216248 -1.2840728759765625
-1.4985865354537964 -0.6778093576431274 -1.5024127960205078
1.4991534948349 -1.4990705251693726 0.5775868892669678
0.5344765782356262 -0.4422597289085388 0.5536311268806458
-0.031191563233733177 0.2046690136194229 0.4924696683883667
-0.35887837409973145 0.6090738773345947 0.4036208987236023
-0.5274141430854797 0.8526382446289062 0.29124197363853455
-0.5798085331916809 0.9793736934661865 0.1574341356754303
-0.5421459674835205 1.0149897336959839 0.003861593548208475
-0.4328565299510956 0.9761737585067749 -0.16707125306129456
-0.26831573247909546 0.8759790658950806 -0.35104653239250183
-0.06699281930923462 0.727709174156189 -0.540542483329773
0.14724329113960266 0.5481389164924622 -0.7235909700393677
0.3510076403617859 0.35490691661834717 -0.886639416217804
0.5372814536094666 0.15678715705871582 -1.0226656198501587
0.7025508284568787 -0.03862980008125305 -1.1265732049942017
0.8440812230110168 -0.22353096306324005 -1.1942692995071411
0.9600743055343628 -0.39032936096191406 -1.2228848934173584
1.0497397184371948 -0.5320752859115601 -1.2108784914016724
1.1132718324661255 -0.6427816152572632 -1.1580153703689575
1.1517479419708252 -0.7176332473754883 -1.065234661102295
1.1669665575027466 -0.7530686259269714 -0.9344382882118225
1.1612626314163208 -0.7467943429946899 -0.7682664394378662
1.138063669204712 -0.7016605138778687 -0.5728400945663452
1.1021318435668945 -0.627909243106842 -0.3591140806674957
1.058005928993225 -0.5357466340065002 -0.13706381618976593
1.0097228288650513 -0.4342789649963379 0.08502197265625
0.9607914686203003 -0.3314504623413086 0.3004424273967743
0.9142420291900635 -0.2341548651456833 0.5038527846336365
0.8727279901504517 -0.1484609842300415 0.6909632086753845
0.838656485080719 -0.07991303503513336 0.8582103252410889
0.8143479228019714 -0.03389205411076546 1.0024147033691406
0.8021579384803772 -0.0158695075660944 1.1205296516418457
0.8026146292686462 -0.026191696524620056 1.2127251625061035
0.8140625953674316 -0.05896681174635887 1.2826067209243774
0.8349447250366211 -0.1082761362195015 1.333162784576416
0.8637921214103699 -0.16813993453979492 1.3668066263198853
0.8990837931632996 -0.23214761912822723 1.3856120109558105
0.9391238689422607 -0.2931678593158722 1.391512393951416
0.981932520866394 -0.34314703941345215 1.3864697217941284
1.0251610279083252 -0.37303993105888367 1.372624158859253
1.0660440921783447 -0.37292683124542236 1.3524168729782104
1.1015297174453735 -0.33287158608436584 1.3285363912582397
1.1302704811096191 -0.25133001804351807 1.3017966747283936
1.1526415348052979 -0.1344841718673706 1.2712432146072388
1.169264793395996 0.01041816920042038 1.2358404397964478
1.180925726890564 0.17559704184532166 1.194537878036499
1.1885321140289307 0.3530455529689789 1.1462719440460205
1.1930761337280273 0.5347816944122314 1.0899596214294434
1.1956018209457397 0.7130292654037476 1.0244826078414917
1.1971791982650757 0.8803294897079468 0.9486609101295471
1.1988890171051025 1.02957022190094 0.8612161874771118
1.2017682790756226 1.1542803049087524 0.7609390616416931
1.2063908576965332 1.2513749599456787 0.6486433744430542
1.2130533456802368 1.319419503211975 0.5266030430793762
1.2220200300216675 1.356900691986084 0.3975270390510559
1.233504056930542 1.3624627590179443 0.26457473635673523
1.247645378112793 1.3351796865463257 0.13132484257221222
1.2644883394241333 1.2748230695724487 0.0016785761108621955
1.2839642763137817 1.1820915937423706 -0.12030647695064545
1.3058799505233765 1.0587700605392456 -0.23064024746418
1.3299214839935303 0.9077824354171753 -0.3256590962409973
1.353391408920288 0.7341964244842529 -0.40330183506011963
1.3603960275650024 0.5494294762611389 -0.4684561789035797
1.3324739933013916 0.36426663398742676 -0.5286124348640442
1.2534680366516113 0.1859983652830124 -0.5910676717758179
1.107837200164795 0.019088739529252052 -0.6629751920700073
0.8783727884292603 -0.13403098285198212 -0.7517879009246826
0.5432034730911255 -0.27224063873291016 -0.8660646677017212
0.07146875560283661 -0.39513784646987915 -1.0167721509933472
-0.5837704539299011 -0.5025456547737122 -1.2194710969924927
-1.4985864162445068 -0.5940383672714233 -1.498342514038086
1.4991534948349 -1.499070405960083 0.36409792304039
0.5056213140487671 -0.44879230856895447 0.3428879678249359
-0.08199618756771088 0.18968291580677032 0.287141352891922
-0.42758429050445557 0.5838637948036194 0.20578569173812866
-0.611441433429718 0.8156673908233643 0.10275936871767044
-0.677332878112793 0.9293863773345947 -0.019912593066692352
-0.6516605615615845 0.9511123895645142 -0.16061313450336456
-0.5528419613838196 0.8980938196182251 -0.3170434236526489
-0.39694342017173767 0.7842167019844055 -0.4851418733596802
-0.2018393874168396 0.6239816546440125 -0.6579016447067261
0.0094471275806427 0.43577563762664795 -0.8242365121841431
0.21416446566581726 0.23858150839805603 -0.9715778827667236
0.40492090582847595 0.04091202840209007 -1.093241572380066
0.5774677395820618 -0.15035384893417358 -1.1842739582061768
0.7281506061553955 -0.32827818393707275 -1.2406398057937622
0.8541250228881836 -0.486263632774353 -1.2594499588012695
0.9534960985183716 -0.6184122562408447 -1.2390799522399902
1.0253669023513794 -0.7198016047477722 -1.1791713237762451
1.0697991847991943 -0.7866524457931519 -1.080523133277893
1.0876985788345337 -0.8163782358169556 -0.9449012279510498
1.080666422843933 -0.8075742125511169 -0.7748313546180725
1.052180290222168 -0.7633152604103088 -0.5764143466949463
1.0081983804702759 -0.6930255889892578 -0.360678493976593
0.9544655680656433 -0.6060306429862976 -0.1376139223575592
0.8960797190666199 -0.5106135010719299 0.08454357087612152
0.8374599814414978 -0.41395482420921326 0.2991986870765686
0.7824192643165588 -0.32223910093307495 0.5011462569236755
0.7342967391014099 -0.24086537957191467 0.6862536668777466
0.6961361169815063 -0.17472630739212036 0.8511193990707397
0.6708950400352478 -0.12854057550430298 0.9927196502685547
0.6616105437278748 -0.10708676278591156 1.1081486940383911
0.6689940094947815 -0.11054825782775879 1.1976367235183716
0.6909454464912415 -0.13354381918907166 1.264751672744751
0.7254887223243713 -0.17068716883659363 1.3124221563339233
0.7707486748695374 -0.2165478765964508 1.342987060546875
0.8247612714767456 -0.2653162479400635 1.3584392070770264
0.8853021860122681 -0.31054097414016724 1.3606258630752563
0.949734091758728 -0.3449498116970062 1.3514268398284912
1.014880895614624 -0.3603917360305786 1.3329132795333862
1.0769542455673218 -0.3479521870613098 1.3074796199798584
1.1317195892333984 -0.29874271154403687 1.2778207063674927
1.1771870851516724 -0.21152210235595703 1.2450134754180908
1.2136813402175903 -0.09208036214113235 1.2085710763931274
1.24187433719635 0.05279809609055519 1.1679426431655884
1.2626776695251465 0.21582366526126862 1.1225605010986328
1.2771903276443481 0.3894854485988617 1.0718355178833008
1.2866482734680176 0.5662901401519775 1.015146255493164
1.2923768758773804 0.7389357686042786 0.9518260359764099
1.2957533597946167 0.9004230499267578 0.8811411261558533
1.2981774806976318 1.0440891981124878 0.8022662401199341
1.30098557472229 1.163894772529602 0.7144089937210083
1.3048018217086792 1.2570111751556396 0.6182448267936707
1.3098347187042236 1.3221927881240845 0.515542209148407
1.3162658214569092 1.3581515550613403 0.40841883420944214
1.3242422342300415 1.3637759685516357 0.2993405759334564
1.3338618278503418 1.3383774757385254 0.19108493626117706
1.3451613187789917 1.2819280624389648 0.08665493875741959
1.3581047058105469 1.19525945186615 -0.010856487788259983
1.3725781440734863 1.080193042755127 -0.09844212979078293
1.388390302658081 0.9395708441734314 -0.1733771413564682
1.4030892848968506 0.7781707048416138 -0.23447804152965546
1.4014925956726074 0.6065574884414673 -0.28758004307746887
1.3658491373062134 0.4346189498901367 -0.3408845365047455
1.2804707288742065 0.2689549922943115 -0.4022004008293152
1.1300368309020996 0.11352112144231796 -0.47920674085617065
0.8972883224487305 -0.029628410935401917 -0.5801171660423279
0.5599475502967834 -0.1596812903881073 -0.7147508263587952
0.0861654281616211 -0.2765437662601471 -0.8962215185165405
-0.5731188654899597 -0.38043421506881714 -1.1438114643096924
-1.4985862970352173 -0.4715345501899719 -1.4883825778961182
1.4991534948349 -1.499070405960083 0.14037933945655823
0.48443591594696045 -0.45860838890075684 0.12285783886909485
-0.12144673615694046 0.16965384781360626 0.07404837757349014
-0.4834080636501312 0.5524954795837402 0.002122003585100174
-0.68240886926651 0.7717282772064209 -0.08928141742944717
-0.7625636458396912 0.8717851638793945 -0.1982666254043579
-0.7503560185432434 0.8790832757949829 -0.32332077622413635
-0.6640214323997498 0.8114193677902222 -0.46233272552490234
-0.5191513895988464 0.6835256218910217 -0.6116275191307068
-0.3328152000904083 0.511124849319458 -0.7649153470993042
-0.12689238786697388 0.3142431974411011 -0.9122875928878784
0.0767902210354805 0.11321375519037247 -1.0424436330795288
0.2705020010471344 -0.08373875170946121 -1.1490763425827026
0.44923466444015503 -0.2704952657222748 -1.227349042892456
0.6083723306655884 -0.4410609304904938 -1.2732330560684204
0.7439633011817932 -0.589911937713623 -1.283738613128662
0.8529290556907654 -0.7122961282730103 -1.257049560546875
0.9331856369972229 -0.8044493198394775 -1.1925493478775024
0.9836726784706116 -0.8637107014656067 -1.090740442276001
1.0042911767959595 -0.8885312080383301 -0.9530802369117737
0.9958009123802185 -0.8784273266792297 -0.7818010449409485
0.9616733193397522 -0.8366348147392273 -0.5828331112861633
0.9090868830680847 -0.7715746164321899 -0.3671986758708954
0.8450232148170471 -0.691520094871521 -0.14486397802829742
0.7756673097610474 -0.6037952899932861 0.07599244266748428
0.7063729166984558 -0.514718770980835 0.288856565952301
0.6417514085769653 -0.42969685792922974 0.48861896991729736
0.5858413577079773 -0.353411465883255 0.6712475419044495
0.5423279404640198 -0.2900668978691101 0.8334391117095947
0.5148055553436279 -0.24368150532245636 0.972261369228363
0.5069845914840698 -0.21829155087471008 1.0848872661590576
0.5197548866271973 -0.2139090597629547 1.1715608835220337
0.5505824089050293 -0.22570928931236267 1.235791802406311
0.5970851182937622 -0.24887360632419586 1.28043794631958
0.6570018529891968 -0.27855393290519714 1.3077627420425415
0.7279525995254517 -0.30958297848701477 1.319678783416748
0.8072243928909302 -0.33625227212905884 1.3179539442062378
0.8915732502937317 -0.35216638445854187 1.3043924570083618
0.9770628213882446 -0.3502078652381897 1.2810026407241821
1.0589624643325806 -0.32265719771385193 1.2501386404037476
1.1319453716278076 -0.26190847158432007 1.2145023345947266
1.1934189796447754 -0.1671762317419052 1.1754461526870728
1.2436418533325195 -0.043900057673454285 1.1329768896102905
1.2833082675933838 0.10159643739461899 1.0870566368103027
1.3134186267852783 0.26254674792289734 1.0376300811767578
1.3352209329605103 0.4320008158683777 0.9846102595329285
1.3501479625701904 0.603043258190155 0.9278632402420044
1.3597577810287476 0.7689521908760071 0.8671936988830566
1.365685224533081 0.9233011603355408 0.8023289442062378
1.3696039915084839 1.059991478919983 0.7329037189483643
1.3731094598770142 1.1735204458236694 0.6585368514060974
1.3768930435180664 1.2614187002182007 0.5797308683395386
1.3811211585998535 1.322723627090454 0.4976988732814789
1.3859373331069946 1.3564504384994507 0.41391637921333313
1.3914639949798584 1.361793875694275 0.3301106095314026
1.3977941274642944 1.338348150253296 0.24822232127189636
1.4049845933914185 1.286317229270935 0.17033535242080688
1.4130499362945557 1.2066826820373535 0.09857269376516342
1.4219573736190796 1.1013089418411255 0.034968942403793335
1.4316284656524658 0.9729582667350769 -0.018668534234166145
1.4398235082626343 0.8260965347290039 -0.06200999394059181
1.4319957494735718 0.6703084707260132 -0.10182348638772964
1.3910298347473145 0.5144609212875366 -0.14700959622859955
1.3016514778137207 0.36438825726509094 -0.2058829516172409
1.148714542388916 0.2235034853219986 -0.28666213154792786
0.914847731590271 0.09348297119140625 -0.39837485551834106
0.5772499442100525 -0.02513981983065605 -0.5522288084030151
0.10282380878925323 -0.13252094388008118 -0.7637638449668884
-0.5602115392684937 -0.22917969524860382 -1.0565845966339111
-1.4985864162445068 -0.31576332449913025 -1.4695820808410645
1.4991536140441895 -1.4990702867507935 -0.08730551600456238
0.47014135122299194 -0.4726075530052185 -0.10037282109260559
-0.1507357805967331 0.1434142291545868 -0.1409757435321808
-0.52764892578125 0.5138528347015381 -0.2018498182296753
-0.7414727210998535 0.7199526429176331 -0.2797276973724365
-0.8363098502159119 0.8060885667800903 -0.37289512157440186
-0.838530957698822 0.7989173531532288 -0.4799973666667938
-0.7660620808601379 0.716749370098114 -0.5991880297660828
-0.633906900882721 0.5751462578773499 -0.7272974252700806
-0.45818769931793213 0.391032338142395 -0.8589335680007935
-0.25943318009376526 0.18602296710014343 -0.9856245517730713
-0.058334916830062866 -0.018270190805196762 -1.0975844860076904
0.137067973613739 -0.21394935250282288 -1.1889193058013916
0.320999413728714 -0.3956933915615082 -1.2548871040344238
0.4878668785095215 -0.5584952235221863 -1.2914174795150757
0.6325856447219849 -0.6979548335075378 -1.2953464984893799
0.7508546113967896 -0.8105148077011108 -1.2645659446716309
0.8393514752388 -0.8936136364936829 -1.1980767250061035
0.8958293795585632 -0.9457411170005798 -1.0959407091140747
0.9191149473190308 -0.9664024710655212 -0.9591524004936218
0.9090516567230225 -0.9560308456420898 -0.7894894480705261
0.86905437707901 -0.9179603457450867 -0.5925741195678711
0.8075119256973267 -0.8594743013381958 -0.37934377789497375
0.7326399683952332 -0.7876733541488647 -0.1597001552581787
0.6517113447189331 -0.7088284492492676 0.05824262648820877
0.5710152387619019 -0.6283276677131653 0.26803407073020935
0.4959636330604553 -0.5507523417472839 0.46462440490722656
0.43129271268844604 -0.480034738779068 0.644035279750824
0.38132452964782715 -0.41966521739959717 0.8030110001564026
0.35027703642845154 -0.3729349970817566 0.9386577606201172
0.3425113260746002 -0.34310218691825867 1.0481786727905273
0.3590874969959259 -0.33000391721725464 1.1317938566207886
0.3970540761947632 -0.3294103741645813 1.192932367324829
0.4536435008049011 -0.3371027112007141 1.2343714237213135
0.5262325406074524 -0.3488461375236511 1.2582954168319702
0.6120592951774597 -0.3601539731025696 1.266539216041565
0.70796799659729 -0.3661142587661743 1.2607955932617188
0.810173749923706 -0.36128637194633484 1.2428009510040283
0.9140666127204895 -0.33969587087631226 1.2145057916641235
1.0140868425369263 -0.2949644923210144 1.178227424621582
1.1039470434188843 -0.22094546258449554 1.1366716623306274
1.1805139780044556 -0.11742554605007172 1.091467261314392
1.2439641952514648 0.010471979156136513 1.0431206226348877
1.2949817180633545 0.15688061714172363 0.9921109676361084
1.3346138000488281 0.31558161973953247 0.9388993978500366
1.3642033338546753 0.4802355170249939 0.8839033246040344
1.3853195905685425 0.6445748805999756 0.827475905418396
1.3996890783309937 0.8025410771369934 0.7698908448219299
1.4091376066207886 0.9483704566955566 0.7113303542137146
1.415544867515564 1.076615810394287 0.6518781781196594
1.4207079410552979 1.1823941469192505 0.5915501117706299
1.4253911972045898 1.2636762857437134 0.5306676030158997
1.4297598600387573 1.319856882095337 0.46988412737846375
1.433959722518921 1.3503179550170898 0.41003307700157166
1.4381240606307983 1.3546093702316284 0.35210710763931274
1.4423717260360718 1.3326469659805298 0.2972216308116913
1.4468029737472534 1.2848942279815674 0.24656033515930176
1.4514975547790527 1.2125037908554077 0.20130282640457153
1.4565095901489258 1.1173992156982422 0.16254179179668427
1.4618666172027588 1.0022752285003662 0.1311979740858078
1.4655166864395142 0.8712871670722961 0.10677303373813629
1.4534817934036255 0.7329879403114319 0.08158747851848602
1.4092142581939697 0.5951821208000183 0.046067096292972565
1.3178070783615112 0.4629341661930084 -0.008583550341427326
1.1642543077468872 0.3391447067260742 -0.09110724180936813
0.9310364723205566 0.22517910599708557 -0.2113557606935501
0.5947551131248474 0.12140312790870667 -0.38199126720428467
0.12088223546743393 0.027585893869400024 -0.6211744546890259
-0.5455523133277893 -0.056815892457962036 -0.9573303461074829
-1.4985865354537964 -0.1324596256017685 -1.438657283782959
1.4991534948349 -1.4990702867507935 -0.31270089745521545
0.46196693181991577 -0.49171143770217896 -0.3208081126213074
-0.1710423231124878 0.1097416952252388 -0.35222357511520386
-0.5615968704223633 0.4667394757270813 -0.40074095129966736
-0.7897897958755493 0.6593734622001648 -0.46354469656944275
-0.8993945717811584 0.7317067980766296 -0.5391577482223511
-0.9165111184120178 0.7105206847190857 -0.6264421343803406
-0.8586692214012146 0.6145803928375244 -0.7238930463790894
-0.7402216196060181 0.46023106575012207 -0.8289589285850525
-0.5762700438499451 0.26552775502204895 -0.937308669090271
-0.3858763873577118 0.0535467304289341 -1.0421316623687744
-0.18846890330314636 -0.15297675132751465 -1.1353644132614136
0.0076291426084935665 -0.34652337431907654 -1.211551308631897
0.19588281214237213 -0.5225970149040222 -1.266021490097046
0.3697337508201599 -0.6771998405456543 -1.294616937637329
0.5229727625846863 -0.8070685267448425 -1.2939282655715942
0.6500784158706665 -0.9098453521728516 -1.261461853981018
0.7464818358421326 -0.9841645359992981 -1.1957238912582397
0.8087316155433655 -1.0296494960784912 -1.0962083339691162
0.8345482349395752 -1.046829104423523 -0.963309645652771
0.8228210210800171 -1.0370138883590698 -0.7982127070426941
0.7768641710281372 -1.0035736560821533 -0.6061103940010071
0.7062350511550903 -0.9525735974311829 -0.39777708053588867
0.6203470230102539 -0.8898714184761047 -0.18300744891166687
0.5275328755378723 -0.820631742477417 0.030162453651428223
0.43499571084976196 -0.7492740750312805 0.235335573554039
0.34893086552619934 -0.6795294284820557 0.4274959862232208
0.2747558653354645 -0.6145633459091187 0.6026841998100281
0.21740996837615967 -0.5571385622024536 0.7576520442962646
0.18170800805091858 -0.5098044872283936 0.889506459236145
0.1726233810186386 -0.475020170211792 0.9954437613487244
0.1913737803697586 -0.4524494409561157 1.0756298303604126
0.23461957275867462 -0.43848875164985657 1.1333911418914795
0.2992374897003174 -0.42954739928245544 1.171413779258728
0.3822757303714752 -0.4220322370529175 1.1917976140975952
0.48063337802886963 -0.4121718406677246 1.1963014602661133
0.590771496295929 -0.3958958089351654 1.186547875404358
0.7084448337554932 -0.36877894401550293 1.1642099618911743
0.828479528427124 -0.3260696530342102 1.1311860084533691
0.9446285367012024 -0.2628316283226013 1.0897550582885742
1.049812912940979 -0.17449459433555603 1.0426214933395386
1.1404354572296143 -0.061494532972574234 0.991676390171051
1.2165683507919312 0.07133755087852478 0.9379097819328308
1.278846025466919 0.21859031915664673 0.8822993040084839
1.3283071517944336 0.374610960483551 0.8257992267608643
1.3663252592086792 0.5337069630622864 0.7693067193031311
1.3945306539535522 0.6903085708618164 0.7136358618736267
1.414737582206726 0.8390799164772034 0.6595028042793274
1.428878903388977 0.9749820828437805 0.6075176000595093
1.4389549493789673 1.0932796001434326 0.5581860542297363
1.4468868970870972 1.1897623538970947 0.51189786195755
1.4535119533538818 1.2628984451293945 0.4688127040863037
1.4590328931808472 1.3124929666519165 0.4290710985660553
1.4636331796646118 1.33833909034729 0.3929152190685272
1.4674891233444214 1.3403806686401367 0.36065882444381714
1.4707728624343872 1.3188879489898682 0.3326512575149536
1.4736506938934326 1.274612307548523 0.30923596024513245
1.4762831926345825 1.2089046239852905 0.2907068133354187
1.4788196086883545 1.123773455619812 0.2772655487060547
1.481392741203308 1.0218720436096191 0.26898571848869324
1.4821252822875977 0.9070691466331482 0.2645665109157562
1.467544436454773 0.7869057655334473 0.2554384469985962
1.4216071367263794 0.6681571006774902 0.2313840389251709
1.3297322988510132 0.5551740527153015 0.18316666781902313
1.1770321130752563 0.4504305422306061 0.10156413912773132
0.9458228945732117 0.35510772466659546 -0.024057812988758087
0.6120771765708923 0.2695949673652649 -0.2077987939119339
0.13973307609558105 0.19388459622859955 -0.4705035090446472
-0.5296969413757324 0.1278974562883377 -0.8457212448120117
-1.4985862970352173 0.07181964069604874 -1.3919748067855835
1.4991534948349 -1.499070405960083 -0.5295565724372864
0.45915448665618896 -0.5168741345405579 -0.5325086116790771
-0.18352405726909637 0.06733730435371399 -0.5540626049041748
-0.5865219831466675 0.40984949469566345 -0.5892339944839478
-0.8285048604011536 0.588895320892334 -0.6357512474060059
-0.9526390433311462 0.6479160189628601 -0.6924436092376709
-0.9846305251121521 0.6136702299118042 -0.7584576606750488
-0.9415654540061951 0.505294919013977 -0.8327136635780334
-0.837131142616272 0.33983883261680603 -0.9133885502815247
-0.6854032874107361 0.13636448979377747 -0.9973607659339905
-0.503953218460083 -0.08080435544252396 -1.079671025276184
-0.31090232729911804 -0.2880493998527527 -1.1541409492492676
-0.11483895033597946 -0.47829383611679077 -1.215766191482544
0.07696918398141861 -0.6478807926177979 -1.2599163055419922
0.2570355236530304 -0.7938165664672852 -1.282296061515808
0.41807007789611816 -0.9139502644538879 -1.2791824340820312
0.553374171257019 -1.007081151008606 -1.247612476348877
0.6571682691574097 -1.072981834411621 -1.185496211051941
0.724820613861084 -1.112341284751892 -1.0916510820388794
0.7529572248458862 -1.1266374588012695 -0.9657554626464844
0.7395105361938477 -1.1179801225662231 -0.808288037776947
0.6876596808433533 -1.0897153615951538 -0.6239083409309387
0.6080561876296997 -1.0466618537902832 -0.4231517016887665
0.5112423300743103 -0.993415117263794 -0.21565964818000793
0.40655314922332764 -0.9340205788612366 -0.00937001034617424
0.302059531211853 -0.8719231486320496 0.18937331438064575
0.20470112562179565 -0.8100011348724365 0.375573992729187
0.12054195255041122 -0.7506537437438965 0.5452689528465271
0.05510157346725464 -0.6959167718887329 0.6951916813850403
0.013747867196798325 -0.6475969552993774 0.8224234580993652
0.0020096360240131617 -0.6073521375656128 0.9241330027580261
0.02124643325805664 -0.5746803283691406 1.0004075765609741
0.06777502596378326 -0.546626091003418 1.0544495582580566
0.1381605565547943 -0.5202492475509644 1.0888392925262451
0.22917038202285767 -0.4926227033138275 1.105588436126709
0.3374224901199341 -0.46071872115135193 1.1063792705535889
0.4590698182582855 -0.4213428199291229 1.0927659273147583
0.5895077586174011 -0.3711264133453369 1.066362977027893
0.7231313586235046 -0.3065893054008484 1.0290175676345825
0.8531760573387146 -0.22429145872592926 0.9829671382904053
0.9719717502593994 -0.12129543721675873 0.9309013485908508
1.0755442380905151 0.0012763404520228505 0.8749475479125977
1.1638256311416626 0.1388719528913498 0.8165411353111267
1.2373465299606323 0.286535382270813 0.7571132779121399
1.2970691919326782 0.43919244408607483 0.69806307554245
1.3443166017532349 0.5918202996253967 0.6407161355018616
1.3806921243667603 0.7395771741867065 0.5862963199615479
1.4080008268356323 0.8778828382492065 0.5359120965003967
1.4281831979751587 1.0024561882019043 0.4905543327331543
1.4432592391967773 1.1093026399612427 0.4511079788208008
1.4551825523376465 1.1949084997177124 0.41830506920814514
1.464855670928955 1.258265495300293 0.3921898603439331
1.472556471824646 1.2996197938919067 0.3724857270717621
1.4785405397415161 1.3192024230957031 0.3589455485343933
1.4830576181411743 1.317376971244812 0.3513108789920807
1.486358880996704 1.2947946786880493 0.3492715358734131
1.4887003898620605 1.2525266408920288 0.3524326682090759
1.4903407096862793 1.1921558380126953 0.36029282212257385
1.4915368556976318 1.1158143281936646 0.3722357153892517
1.492536187171936 1.0261567831039429 0.38753852248191833
1.491627812385559 0.9268134236335754 0.4041234254837036
1.4757881164550781 0.8243986964225769 0.4125458002090454
1.4294174909591675 0.7247576117515564 0.40197211503982544
1.3382225036621094 0.6316335797309875 0.362772136926651
1.1874185800552368 0.547203004360199 0.2853168845176697
0.9591596722602844 0.47263801097869873 0.1582881659269333
0.6287958025932312 0.40861213207244873 -0.03373144939541817
0.15870755910873413 0.3557567298412323 -0.3141575753688812
-0.5132768154144287 0.3151664137840271 -0.7216630578041077
-1.4985864162445068 0.2891852855682373 -1.3256018161773682
1.4991534948349 -1.499070405960083 -0.731628954410553
0.46095967292785645 -0.5490957498550415 -0.7295470237731934
-0.18931394815444946 0.014794168062508106 -0.7408667802810669
-0.6036681532859802 0.34172701835632324 -0.7620019316673279
-0.858741819858551 0.5072543025016785 -0.7913355231285095
-0.9968492984771729 0.553824245929718 -0.8280878663063049
-1.0432147979736328 0.5079904794692993 -0.8717730641365051
-1.0144697427749634 0.3891480267047882 -0.9218298196792603
-0.9236723780632019 0.21493177115917206 -0.9772762656211853
-0.7839350700378418 0.005228215362876654 -1.0363346338272095
-0.6114084124565125 -0.2146952599287033 -1.096049427986145
-0.4229475259780884 -0.4206666946411133 -1.1522423028945923
-0.22739140689373016 -0.6061260104179382 -1.200351357460022
-0.032695915549993515 -0.76825350522995 -1.2357473373413086
0.15279069542884827 -0.9050245881080627 -1.2539438009262085
0.32077693939208984 -1.0153354406356812 -1.250839114189148
0.4634706676006317 -1.0990519523620605 -1.222922682762146
0.5739611387252808 -1.156976342201233 -1.1674245595932007
0.6465040445327759 -1.190744400024414 -1.0823932886123657
0.6766836643218994 -1.2026640176773071 -0.9667019844055176
0.6615099906921387 -1.1955300569534302 -0.8200322985649109
0.6040029525756836 -1.1726043224334717 -0.6464258432388306
0.51580411195755 -1.1374833583831787 -0.45610499382019043
0.40848270058631897 -1.0935320854187012 -0.2585083842277527
0.29228875041007996 -1.0437064170837402 -0.0614483579993248
0.17608685791492462 -0.9905032515525818 0.12879443168640137
0.0674983337521553 -0.9359715580940247 0.307241290807724
-0.026824092492461205 -0.8817650079727173 0.4699160158634186
-0.10083789378404617 -0.8292111754417419 0.6135215163230896
-0.1486867517232895 -0.7793926000595093 0.7351020574569702
-0.16436462104320526 -0.7331836223602295 0.8317898511886597
-0.1463889181613922 -0.6899306178092957 0.9035776853561401
-0.09872334450483322 -0.6473368406295776 0.9535202383995056
-0.02505085989832878 -0.6031253933906555 0.9840777516365051
0.07118109613656998 -0.5550517439842224 0.9971666932106018
0.18638664484024048 -0.5008503198623657 0.9943898320198059
0.31650692224502563 -0.4382220208644867 0.9772347807884216
0.45670121908187866 -0.3648735284805298 0.9472569227218628
0.6010911464691162 -0.27861031889915466 0.9062500596046448
0.7425923347473145 -0.17749536037445068 0.8564023971557617
0.8731696009635925 -0.060219284147024155 0.8003686666488647
0.9885605573654175 0.07141008973121643 0.7404710054397583
1.0885045528411865 0.21311616897583008 0.6785298585891724
1.173354983329773 0.36040017008781433 0.6163616180419922
1.2439128160476685 0.5087729692459106 0.5557364225387573
1.301353931427002 0.6538903117179871 0.49833327531814575
1.3471498489379883 0.7916473746299744 0.4457109868526459
1.382988452911377 0.9182267189025879 0.3992992341518402
1.4107047319412231 1.0301076173782349 0.36040404438972473
1.432224988937378 1.1240328550338745 0.33023035526275635
1.4494318962097168 1.19717538356781 0.30981191992759705
1.4632818698883057 1.2490482330322266 0.29914864897727966
1.474166750907898 1.2803423404693604 0.2976858913898468
1.4824459552764893 1.2917321920394897 0.30483677983283997
1.4884724617004395 1.2840138673782349 0.3199252784252167
1.4926029443740845 1.2582415342330933 0.34213536977767944
1.4952058792114258 1.2158371210098267 0.3704786002635956
1.496659755706787 1.1586600542068481 0.40378445386886597
1.497348427772522 1.0890196561813354 0.44071829319000244
1.4976472854614258 1.0096309185028076 0.4798271358013153
1.496015191078186 0.923961877822876 0.5182855725288391
1.4798239469528198 0.8378494381904602 0.5457773208618164
1.4338581562042236 0.7563650608062744 0.5508671402931213
1.3440755605697632 0.6827898621559143 0.5235802531242371
1.1957826614379883 0.6191610097885132 0.45397648215293884
0.9709868431091309 0.566849946975708 0.33021068572998047
0.6444557309150696 0.5271251797676086 0.13578292727470398
0.17706868052482605 0.501768171787262 -0.154962956905365
-0.4970153570175171 0.49395889043807983 -0.5854107737541199
-1.4985865354537964 0.5099794268608093 -1.2354435920715332
1.4991534948349 -1.499070405960083 -0.9126777052879333
0.4666527807712555 -0.5894396305084229 -0.9059452414512634
-0.18952089548110962 -0.04943939670920372 -0.9069223403930664
-0.6142544746398926 0.2607187032699585 -0.9135993719100952
-0.8815994262695312 0.41296878457069397 -0.9251399040222168
-1.032807469367981 0.4483293890953064 -0.9412605166435242
-1.0925638675689697 0.3929237723350525 -0.9619426131248474
-1.0770741701126099 0.26625359058380127 -0.9872495532035828
-0.998855710029602 0.08637456595897675 -1.0171557664871216
-0.8701914548873901 -0.126255065202713 -1.0513468980789185
-0.7059748768806458 -0.3458261489868164 -1.0889811515808105
-0.5219196677207947 -0.5480332970619202 -1.127937912940979
-0.3271026611328125 -0.7269127368927002 -1.1640657186508179
-0.13010071218013763 -0.8804579973220825 -1.1926838159561157
0.05997248739004135 -1.0075441598892212 -1.2090575695037842
0.23394103348255157 -1.1080056428909302 -1.2086429595947266
0.38304421305656433 -1.1826337575912476 -1.1873152256011963
0.49936172366142273 -1.2331010103225708 -1.1415549516677856
0.5761469006538391 -1.2618221044540405 -1.068572998046875
0.6080344319343567 -1.27177095413208 -0.9663676023483276
0.5911850333213806 -1.2662757635116577 -0.8337615728378296
0.5284486413002014 -1.2484533786773682 -0.6741108894348145
0.4323221743106842 -1.2207536697387695 -0.49725309014320374
0.3152681887149811 -1.1853930950164795 -0.3123706877231598
0.18833357095718384 -1.144311547279358 -0.12711600959300995
0.061073996126651764 -1.0991188287734985 0.0523139163851738
-0.058297812938690186 -1.0510880947113037 0.2209676206111908
-0.1626233607530594 -1.0011720657348633 0.3748597502708435
-0.24541924893856049 -0.9500313401222229 0.5106634497642517
-0.3004297614097595 -0.8980638980865479 0.6253876686096191
-0.32127371430397034 -0.8454040288925171 0.7161335349082947
-0.30636778473854065 -0.7912680506706238 0.7827901840209961
-0.25987038016319275 -0.7340117692947388 0.8282394409179688
-0.1856265813112259 -0.6720213890075684 0.854806125164032
-0.08720953017473221 -0.6037381291389465 0.8643012642860413
0.03169173002243042 -0.5276617407798767 0.8582437634468079
0.16692735254764557 -0.4423889219760895 0.838051438331604
0.31356972455978394 -0.3466928005218506 0.8052172660827637
0.465650737285614 -0.23964202404022217 0.761474609375
0.6159880757331848 -0.12076009064912796 0.7089476585388184
0.7564302682876587 0.009698002599179745 0.6502305269241333
0.8825119733810425 0.14927567541599274 0.5877829194068909
0.9937033653259277 0.2939741909503937 0.5237277150154114
1.0900863409042358 0.4397535026073456 0.4601755142211914
1.1721943616867065 0.582707941532135 0.39917218685150146
1.2409441471099854 0.7191659808158875 0.3426530361175537
1.2975577116012573 0.8457475304603577 0.2924176752567291
1.34348464012146 0.9593779444694519 0.2501276135444641
1.3803341388702393 1.0572699308395386 0.21732158958911896
1.4098172187805176 1.1368680000305176 0.19545026123523712
1.4336323738098145 1.195987582206726 0.1857970952987671
1.452778697013855 1.2346293926239014 0.18840672075748444
1.4677985906600952 1.2539048194885254 0.2026226967573166
1.4791889190673828 1.2549159526824951 0.22770801186561584
1.4874322414398193 1.2388877868652344 0.2627668082714081
1.4930171966552734 1.2072904109954834 0.3066759705543518
1.4964486360549927 1.1619302034378052 0.3580418527126312
1.4982489347457886 1.1049939393997192 0.41519176959991455
1.4989510774612427 1.039038896560669 0.47620561718940735
1.4990819692611694 0.9669215083122253 0.5389896035194397
1.4972801208496094 0.8920530676841736 0.6000099778175354
1.4812647104263306 0.8197060227394104 0.6480677723884583
1.4361445903778076 0.7543863654136658 0.6711212992668152
1.348091959953308 0.6990881562232971 0.6588922739028931
1.2024937868118286 0.6558844447135925 0.6012414693832397
0.9812343120574951 0.6265673637390137 0.48600825667381287
0.6585687398910522 0.6133351922035217 0.29596540331840515
0.19400879740715027 0.6196876764297485 0.003790021874010563
-0.48173660039901733 0.6519429683685303 -0.43769729137420654
-1.4985864162445068 0.722478449344635 -1.117501139640808
1.4991534948349 -1.4990094900131226 -1.066529631614685
0.47552216053009033 -0.6389651894569397 -1.055672287940979
-0.1852233111858368 -0.12701328098773956 -1.0463899374008179
-0.6194671392440796 0.16500258445739746 -1.0384068489074707
-0.8981465101242065 0.3043591380119324 -1.0318022966384888
-1.0612648725509644 0.3301367461681366 -1.0269103050231934
-1.1329457759857178 0.2677500247955322 -1.0242998600006104
-1.1290397644042969 0.13660557568073273 -1.0247784852981567
-1.0616670846939087 -0.04504534602165222 -1.0293928384780884
-0.9424890279769897 -0.25650554895401 -1.0393916368484497
-0.7853990793228149 -0.47193002700805664 -1.0561059713363647
-0.6051734685897827 -0.667389452457428 -1.0794644355773926
-0.41111132502555847 -0.8375943303108215 -1.1056655645370483
-0.21231834590435028 -0.9812977910041809 -1.1299127340316772
-0.018543558195233345 -1.098166823387146 -1.1471610069274902
0.16030675172805786 -1.1888175010681152 -1.1523667573928833
0.31466811895370483 -1.254776954650879 -1.1407368183135986
0.4357735812664032 -1.2983779907226562 -1.1079508066177368
0.5160236954689026 -1.3225996494293213 -1.0503337383270264
0.5492352843284607 -1.3308748006820679 -0.964965283870697
0.5308301448822021 -1.3268781900405884 -0.8497695922851562
0.4634891152381897 -1.313518762588501 -0.7073662281036377
0.36040425300598145 -1.292223572731018 -0.5471372604370117
0.23476622998714447 -1.2641942501068115 -0.3779534101486206
0.09827034175395966 -1.230469822883606 -0.2072659730911255
-0.03896874934434891 -1.1918725967407227 -0.04115932062268257
-0.16826623678207397 -1.148983359336853 0.1154627725481987
-0.2820684313774109 -1.102127194404602 0.2586207687854767
-0.3735600709915161 -1.0513635873794556 0.3849712312221527
-0.4362013041973114 -0.9964718818664551 0.4915013015270233
-0.4633636474609375 -0.9369162917137146 0.5752981901168823
-0.45338842272758484 -0.8718113303184509 0.6361445188522339
-0.4105190336704254 -0.8001408576965332 0.6767235994338989
-0.3386511206626892 -0.7209348082542419 0.6992063522338867
-0.24136929214000702 -0.6333046555519104 0.705286979675293
-0.12233878672122955 -0.5364989042282104 0.6963919997215271
0.014346996322274208 -0.42998501658439636 0.6738629937171936
0.1638488918542862 -0.31356295943260193 0.6391223073005676
0.320317804813385 -0.18750260770320892 0.593830406665802
0.4767173230648041 -0.05269702151417732 0.5400267243385315
0.6250436902046204 0.08915343880653381 0.4802115559577942
0.7607051134109497 0.23501048982143402 0.4169108271598816
0.8828008770942688 0.38115885853767395 0.3524465262889862
0.9910228848457336 0.5240143537521362 0.289112389087677
1.0855125188827515 0.6602438688278198 0.2291160672903061
1.16679847240448 0.786825954914093 0.17453593015670776
1.2357250452041626 0.9010714888572693 0.12730292975902557
1.2933762073516846 1.0006035566329956 0.08920665830373764
1.3410096168518066 1.083311676979065 0.061922088265419006
1.379995584487915 1.1472744941711426 0.04705693945288658
1.411734700202942 1.1908751726150513 0.046079427003860474
1.4372550249099731 1.2145359516143799 0.05917808413505554
1.4572869539260864 1.2197355031967163 0.08579657226800919
1.4724940061569214 1.2079637050628662 0.1252671629190445
1.4835150241851807 1.1808521747589111 0.17670749127864838
1.4909932613372803 1.140289306640625 0.23892615735530853
1.4955928325653076 1.0884952545166016 0.31035730242729187
1.4980055093765259 1.0280451774597168 0.3890373110771179
1.4989402294158936 0.9618297815322876 0.47263434529304504
1.4991039037704468 0.8929529786109924 0.5585367679595947
1.4973326921463013 0.824910044670105 0.6425595283508301
1.4816497564315796 0.7626850605010986 0.7125967144966125
1.4374306201934814 0.7104778289794922 0.7559704184532166
1.35102117061615 0.6711915731430054 0.7621240019798279
1.207878589630127 0.6471160650253296 0.7208376526832581
0.9897918701171875 0.6406793594360352 0.619890570640564
0.6705963015556335 0.6553374528884888 0.441794216632843
0.2086462676525116 0.6968783736228943 0.1583772748708725
-0.4683606028556824 0.7758511304855347 -0.2798755466938019
-1.4985864162445068 0.9130544662475586 -0.9683699607849121
1.4991536140441895 -1.4968082904815674 -1.1891238689422607
0.48702964186668396 -0.6959168314933777 -1.1749237775802612
-0.177193745970726 -0.21663157641887665 -1.155730128288269
-0.6201756596565247 0.055551331490278244 -1.1331429481506348
-0.9092425107955933 0.18224604427814484 -1.1083084344863892
-1.0829777717590332 0.20006754994392395 -1.0823246240615845
-1.164932131767273 0.13341130316257477 -1.0564886331558228
-1.1706924438476562 0.0013502513756975532 -1.032487154006958
-1.1121506690979004 -0.17793695628643036 -1.012555718421936
-1.0005861520767212 -0.3838912546634674 -0.9995801448822021
-0.8491902947425842 -0.5911782383918762 -0.9970689415931702
-0.6720384955406189 -0.7767728567123413 -1.006923794746399
-0.4786335825920105 -0.9361246228218079 -1.0256006717681885
-0.278506338596344 -1.068677306175232 -1.0481107234954834
-0.08189855515956879 -1.1747640371322632 -1.0690351724624634
0.10072232037782669 -1.2556129693984985 -1.0827808380126953
0.2591676115989685 -1.3132861852645874 -1.0838465690612793
0.384000688791275 -1.3505584001541138 -1.067078948020935
0.46693381667137146 -1.3707540035247803 -1.0278897285461426
0.5011109709739685 -1.3775547742843628 -0.9624161124229431
0.48133906722068787 -1.374792218208313 -0.8676629662513733
0.4101378321647644 -1.365108847618103 -0.7454776763916016
0.3012251555919647 -1.349048137664795 -0.6047260165214539
0.16834618151187897 -1.3269422054290771 -0.45391717553138733
0.023686865344643593 -1.2990577220916748 -0.3002651631832123
-0.12221962213516235 -1.2655410766601562 -0.14971528947353363
-0.26034361124038696 -1.226375699043274 -0.007103725802153349
-0.38285404443740845 -1.1813431978225708 0.12361130118370056
-0.4827190339565277 -1.1299803256988525 0.2390838861465454
-0.5532338619232178 -1.0715253353118896 0.336294949054718
-0.5876527428627014 -1.0048577785491943 0.41233596205711365
-0.5842643976211548 -0.9290205240249634 0.46688181161880493
-0.5472827553749084 -0.843588650226593 0.5023950934410095
-0.4805379807949066 -0.7482029795646667 0.5208750367164612
-0.3875080943107605 -0.642615556716919 0.5238863825798035
-0.2717064321041107 -0.5267899036407471 0.5127543210983276
-0.1370241940021515 -0.4010181725025177 0.48873382806777954
0.011956186965107918 -0.26606258749961853 0.45316529273986816
0.16969947516918182 -0.12330260872840881 0.40761953592300415
0.32953688502311707 0.025123992934823036 0.3540269136428833
0.4838455319404602 0.1762269139289856 0.29475855827331543
0.6279631853103638 0.326471745967865 0.23233024775981903
0.7605125904083252 0.472432017326355 0.16915464401245117
0.8806795477867126 0.6109707951545715 0.10759548842906952
0.9880954623222351 0.7393046021461487 0.04990898817777634
1.0827867984771729 0.8550241589546204 -0.0017936107469722629
1.1651095151901245 0.9560768604278564 -0.04555581137537956
1.2356773614883423 1.0407156944274902 -0.0795595571398735
1.2952948808670044 1.1074258089065552 -0.10208770632743835
1.3448922634124756 1.1548278331756592 -0.11146467179059982
1.38547945022583 1.181772232055664 -0.10610724240541458
1.418104648590088 1.189015507698059 -0.08559232205152512
1.443719506263733 1.1783350706100464 -0.05018320307135582
1.4631783962249756 1.1515529155731201 -0.0002646009670570493
1.4772950410842896 1.1106739044189453 0.06352760642766953
1.4868841171264648 1.0579988956451416 0.1401805579662323
1.4927877187728882 0.9961904883384705 0.22820518910884857
1.4958857297897339 0.9282749891281128 0.32558175921440125
1.4970868825912476 0.8575735092163086 0.4297684133052826
1.4973033666610718 0.7875601053237915 0.5377852916717529
1.4955885410308838 0.7219759225845337 0.6448731422424316
1.4802316427230835 0.6658097505569458 0.7379896640777588
1.436821699142456 0.6232171058654785 0.8037689924240112
1.351841688156128 0.5971973538398743 0.8313776254653931
1.2108068466186523 0.590412437915802 0.8106150031089783
0.9954429864883423 0.6061052083969116 0.7294522523880005
0.6792715787887573 0.6492602825164795 0.5706321001052856
0.21974539756774902 0.7284395098686218 0.30604833364486694
-0.45786434412002563 0.859380841255188 -0.11441517621278763
-1.4985865354537964 1.0734139680862427 -0.7890307307243347
1.4991534948349 -1.4879658222198486 -1.2788420915603638
0.5008202791213989 -0.7549183368682861 -1.2624541521072388
-0.1658569574356079 -0.31303295493125916 -1.2340666055679321
-0.6168661713600159 -0.06277437508106232 -1.1972781419754028
-0.9154762625694275 0.051021020859479904 -1.1544668674468994
-1.0986762046813965 0.0620378702878952 -1.1076624393463135
-1.1894245147705078 -0.0066495658829808235 -1.0590500831604004
-1.2031227350234985 -0.13655099272727966 -1.011339783668518
-1.1515898704528809 -0.30983617901802063 -0.968063235282898
-1.0459424257278442 -0.506450891494751 -0.9337866306304932
-0.89894038438797 -0.7020683288574219 -0.9141398072242737
-0.724172830581665 -0.8750227689743042 -0.9128555655479431
-0.5313282608985901 -1.0215502977371216 -0.9265303015708923
-0.33026668429374695 -1.1417169570922852 -0.9498952627182007
-0.13159030675888062 -1.236413598060608 -0.9770972728729248
0.05382595583796501 -1.3073378801345825 -1.0019536018371582
0.21533313393592834 -1.3569225072860718 -1.0182329416275024
0.34298548102378845 -1.3882102966308594 -1.0199373960494995
0.4279557466506958 -1.4046964645385742 -1.001560091972351
0.4628455638885498 -1.4101473093032837 -0.9582908153533936
0.4419563114643097 -1.4084014892578125 -0.8862098455429077
0.36764922738075256 -1.4017888307571411 -0.7863711714744568
0.25401341915130615 -1.3900805711746216 -0.6670846343040466
0.1151905357837677 -1.3728556632995605 -0.5364682078361511
-0.03628287464380264 -1.34971284866333 -0.40147849917411804
-0.18957827985286713 -1.320212721824646 -0.2679094672203064
-0.33542969822883606 -1.2838214635849 -0.14052221179008484
-0.465827077627182 -1.2398477792739868 -0.023248491808772087
-0.5736147165298462 -1.1873747110366821 0.0805678442120552
-0.6520180106163025 -1.125171184539795 0.16790726780891418
-0.6942742466926575 -1.051609992980957 0.2358739674091339
-0.6986339688301086 -0.965691864490509 0.28403300046920776
-0.6691884398460388 -0.8675442337989807 0.3146092891693115
-0.6096094250679016 -0.7573838233947754 0.3294179439544678
-0.5231758952140808 -0.6355667114257812 0.3298839330673218
-0.41315168142318726 -0.5027284026145935 0.3172213137149811
-0.2831180989742279 -0.3599293828010559 0.29258811473846436
-0.1372794508934021 -0.2088163197040558 0.2572289705276489
0.01927916519343853 -0.05177276208996773 0.21260714530944824
0.18040749430656433 0.10795697569847107 0.16052044928073883
0.3390178978443146 0.26625940203666687 0.10317826271057129
0.4904076159000397 0.4191932678222656 0.0430196188390255
0.6326440572738647 0.5636219382286072 -0.01754513755440712
0.7643252611160278 0.696838915348053 -0.0761752501130104
0.8844962120056152 0.8165748715400696 -0.13065607845783234
0.9926117658615112 0.9209796786308289 -0.17892904579639435
1.0884779691696167 1.0085680484771729 -0.21909251809120178
1.172183632850647 1.0781382322311401 -0.24937644600868225
1.2440286874771118 1.1286746263504028 -0.2680951654911041
1.3044540882110596 1.1592339277267456 -0.27357831597328186
1.3540310859680176 1.1690212488174438 -0.26419055461883545
1.393829345703125 1.1590389013290405 -0.23921047151088715
1.4250431060791016 1.1312953233718872 -0.19846130907535553
1.4487338066101074 1.087890386581421 -0.14187681674957275
1.4659010171890259 1.031166911125183 -0.06965521723031998
1.477541208267212 0.9638307094573975 0.017582086846232414
1.4846835136413574 0.8890106678009033 0.11864897608757019
1.4884079694747925 0.8102447986602783 0.23169486224651337
1.489837408065796 0.7313798069953918 0.35417258739471436
1.490106225013733 0.6563825011253357 0.4828976094722748
1.488495111465454 0.5893968343734741 0.6126314401626587
1.4735286235809326 0.5356696248054504 0.7293769717216492
1.4309648275375366 0.499527245759964 0.8190211057662964
1.3473941087722778 0.484210729598999 0.8704315423965454
1.2083840370178223 0.4928653836250305 0.8734889626502991
0.9956328272819519 0.529669463634491 0.81655353307724
0.6824594140052795 0.6013215184211731 0.683016836643219
0.22568316757678986 0.7194992303848267 0.445651113986969
-0.4512205421924591 0.9058282971382141 0.055354103446006775
-1.4985864162445068 1.2037618160247803 -0.5855403542518616
1.4991534948349 -1.4678910970687866 -1.334147572517395
0.5165097117424011 -0.8100867867469788 -1.3168429136276245
-0.1516508013010025 -0.4102267920970917 -1.280245304107666
-0.6100086569786072 -0.1842874139547348 -1.230000615119934
-0.9173920750617981 -0.08407589048147202 -1.1698623895645142
-1.109028935432434 -0.0792142003774643 -1.1029584407806396
-1.2072581052780151 -0.1482309103012085 -1.0325244665145874
-1.227364182472229 -0.273470401763916 -0.9624277353286743
-1.1812320947647095 -0.4377292990684509 -0.8975784778594971
-1.0800111293792725 -0.6218035817146301 -0.8442184329032898
-0.9362668991088867 -0.8028042912483215 -0.8099737167358398
-0.7632883191108704 -0.9607920050621033 -0.8002012968063354
-0.570928156375885 -1.0928136110305786 -0.8115009665489197
-0.36928629875183105 -1.1994943618774414 -0.8382368087768555
-0.16920709609985352 -1.2821913957595825 -0.8740682005882263
0.018165122717618942 -1.3429616689682007 -0.9121994972229004
0.18186664581298828 -1.3844857215881348 -0.9456677436828613
0.31158557534217834 -1.409948706626892 -0.9676435589790344
0.39808526635169983 -1.422892689704895 -0.9717182517051697
0.43353837728500366 -1.42705237865448 -0.9521515965461731
0.41183289885520935 -1.426169753074646 -0.9041114449501038
0.33516889810562134 -1.4222317934036255 -0.8278555274009705
0.21786481142044067 -1.4143192768096924 -0.7311212420463562
0.07431864738464355 -1.4013444185256958 -0.6216257214546204
-0.0827038511633873 -1.3823134899139404 -0.5060651898384094
-0.24218279123306274 -1.356269121170044 -0.39008384943008423
-0.39470311999320984 -1.3222187757492065 -0.27837175130844116
-0.5321518182754517 -1.2790557146072388 -0.17483940720558167
-0.6473186612129211 -1.225464105606079 -0.08283326774835587
-0.7334262728691101 -1.159804105758667 -0.005376565270125866
-0.7837646007537842 -1.0800108909606934 0.054646510630846024
-0.7965528964996338 -0.985065758228302 0.09668663889169693
-0.7756898999214172 -0.875610888004303 0.12272203713655472
-0.7246226072311401 -0.7523995637893677 0.13437548279762268
-0.6463677287101746 -0.6163507103919983 0.13292434811592102
-0.5438750386238098 -0.4687211811542511 0.11946248263120651
-0.420348197221756 -0.31127479672431946 0.09504008293151855
-0.27954018115997314 -0.14645539224147797 0.0607922226190567
-0.12600702047348022 0.02246314100921154 0.018057068809866905
0.03470301628112793 0.19127434492111206 -0.03152148798108101
0.19611933827400208 0.3549094498157501 -0.08592221885919571
0.3535107672214508 0.50910484790802 -0.14283546805381775
0.50434410572052 0.6510053277015686 -0.19992484152317047
0.6465879082679749 0.778304934501648 -0.254940927028656
0.7786664366722107 0.8892004489898682 -0.30577391386032104
0.8994365930557251 0.9823340773582458 -0.3504757881164551
1.0081371068954468 1.0567065477371216 -0.3872537910938263
1.1043192148208618 1.111567735671997 -0.41443759202957153
1.1877704858779907 1.1462981700897217 -0.4304251968860626
1.2584335803985596 1.1602809429168701 -0.4336080253124237
1.3164317607879639 1.1529628038406372 -0.42235273122787476
1.3628602027893066 1.1255091428756714 -0.395605206489563
1.3991682529449463 1.0801008939743042 -0.352652370929718
1.4266321659088135 1.0190669298171997 -0.2928619086742401
1.4464441537857056 0.9450544714927673 -0.21585389971733093
1.4597876071929932 0.861160933971405 -0.12169070541858673
1.4678858518600464 0.7709977030754089 -0.011064175516366959
1.4720262289047241 0.6786636114120483 0.1145487129688263
1.4735541343688965 0.5886130332946777 0.2527958154678345
1.4738364219665527 0.5054168701171875 0.40046194195747375
1.4723858833312988 0.43376559019088745 0.5519474744796753
1.457937240600586 0.37937507033348083 0.692306637763977
1.4163850545883179 0.3469175696372986 0.8066283464431763
1.3344027996063232 0.33998778462409973 0.8834449648857117
1.1976115703582764 0.3622915744781494 0.912743866443634
0.9877223968505859 0.41901594400405884 0.8834109902381897
0.6779699921607971 0.5186818242073059 0.7798102498054504
0.2248222976922989 0.6762872934341431 0.5762578248977661
-0.4493779242038727 0.9197755455970764 0.2260434776544571
-1.4985865354537964 1.3057295083999634 -0.36479517817497253
1.4991534948349 -1.4321353435516357 -1.3536150455474854
0.53365558385849 -0.8552427887916565 -1.336534857749939
-0.13507747650146484 -0.5016350150108337 -1.2928738594055176
-0.6001140475273132 -0.3025592565536499 -1.230255126953125
-0.9155461192131042 -0.21700578927993774 -1.1538996696472168
-1.1146892309188843 -0.21816116571426392 -1.0681729316711426
-1.219233751296997 -0.28639981150627136 -0.9775013327598572
-1.2444062232971191 -0.40514305233955383 -0.8870149254798889
-1.202280044555664 -0.5580828785896301 -0.8030408024787903
-1.1042057275772095 -0.7271748781204224 -0.7334287166595459
-0.962756335735321 -0.8913150429725647 -0.687601625919342
-0.7910733819007874 -1.032554030418396 -0.6722718477249146
-0.5991489291191101 -1.1487529277801514 -0.6838998794555664
-0.3972410261631012 -1.2410410642623901 -0.716404378414154
-0.19632987678050995 -1.3111716508865356 -0.7629193663597107
-0.007707926910370588 -1.3614840507507324 -0.8160330057144165
0.15747305750846863 -1.394828200340271 -0.8680732250213623
0.2886585593223572 -1.4144545793533325 -0.9114163517951965
0.3763151466846466 -1.4238815307617188 -0.9387959837913513
0.41228213906288147 -1.4267468452453613 -0.9435824155807495
0.3901086449623108 -1.4266388416290283 -0.9200626611709595
0.3118232488632202 -1.4251892566680908 -0.8677166104316711
0.1918470412492752 -1.4208431243896484 -0.7937179207801819
0.044711094349622726 -1.4119008779525757 -0.7053931355476379
-0.116693414747715 -1.3968250751495361 -0.6091914772987366
-0.2812384068965912 -1.3741827011108398 -0.5106214284896851
-0.43942686915397644 -1.3425629138946533 -0.41431617736816406
-0.5830965042114258 -1.3004812002182007 -0.3241783678531647
-0.7050270438194275 -1.2462639808654785 -0.24356958270072937
-0.798479437828064 -1.17790949344635 -0.17552772164344788
-0.8568352460861206 -1.092971682548523 -0.12293466925621033
-0.878281831741333 -0.9904297590255737 -0.08645976334810257
-0.8664820790290833 -0.8714013695716858 -0.06437352299690247
-0.8246201276779175 -0.7371343970298767 -0.05524894967675209
-0.7554166913032532 -0.589064359664917 -0.05796142295002937
-0.6614769697189331 -0.429013192653656 -0.07154493778944016
-0.5455980896949768 -0.25937512516975403 -0.09506735950708389
-0.41105446219444275 -0.08329843729734421 -0.12751609086990356
-0.26184701919555664 0.09517083317041397 -0.1676933765411377
-0.1028982400894165 0.2710087299346924 -0.21412624418735504
0.05995829030871391 0.4383533298969269 -0.2649998962879181
0.22196592390537262 0.592691957950592 -0.31816959381103516
0.37998461723327637 0.7314282655715942 -0.3714199364185333
0.5313525199890137 0.8526127338409424 -0.42263439297676086
0.6738797426223755 0.9548450708389282 -0.4698437452316284
0.8058388233184814 1.0371826887130737 -0.5112418532371521
0.9259200692176819 1.0990227460861206 -0.5451732873916626
1.0331594944000244 1.139968752861023 -0.5700960755348206
1.1268565654754639 1.1596955060958862 -0.5845241546630859
1.206478238105774 1.1578048467636108 -0.5869496464729309
1.2717176675796509 1.1338800191879272 -0.5757856965065002
1.3237019777297974 1.0891821384429932 -0.5496369004249573
1.3641360998153687 1.0260207653045654 -0.507206380367279
1.394513487815857 0.946914792060852 -0.44723236560821533
1.4162228107452393 0.8547857999801636 -0.3686702847480774
1.4306384325027466 0.7531071901321411 -0.2709077298641205
1.4391835927963257 0.6459771394729614 -0.15399576723575592
1.4433592557907104 0.5380854606628418 -0.018866073340177536
1.444740891456604 0.4345538020133972 0.1325082629919052
1.4449342489242554 0.3406449258327484 0.29705849289894104
1.4436858892440796 0.2617134153842926 0.46896353363990784
1.4299236536026 0.20411193370819092 0.6323704123497009
1.3896554708480835 0.17299747467041016 0.7715409398078918
1.3096240758895874 0.17240627110004425 0.8746320009231567
1.1755099296569824 0.2066579908132553 0.9317344427108765
0.9690848588943481 0.28198641538619995 0.93233722448349
0.6636279225349426 0.4087795913219452 0.8619996905326843
0.2155490666627884 0.6054368615150452 0.6970774531364441
-0.45325061678886414 0.906394362449646 0.3943271040916443
-1.4985864162445068 1.3817851543426514 -0.1339917927980423
1.4991534948349 -1.3765257596969604 -1.3361287117004395
0.5517484545707703 -0.8840071558952332 -1.3200955390930176
-0.11672568321228027 -0.5801156759262085 -1.2705919742584229
-0.587766170501709 -0.41038987040519714 -1.1970213651657104
-0.9105433821678162 -0.3408769369125366 -1.106082558631897
-1.116339921951294 -0.34843575954437256 -1.003466010093689
-1.2261708974838257 -0.41546472907066345 -0.8948806524276733
-1.2552542686462402 -0.5266727805137634 -0.7867744565010071
-1.215955138206482 -0.6668834686279297 -0.686865508556366
-1.1199642419815063 -0.8194641470909119 -0.6044726967811584
-0.9800232648849487 -0.9653370380401611 -0.5505403280258179
-0.8092474937438965 -1.0886937379837036 -0.5328205823898315
-0.6177375912666321 -1.1881963014602661 -0.5474985837936401
-0.41583529114723206 -1.2654346227645874 -0.5879877805709839
-0.2145647406578064 -1.3225153684616089 -0.6468807458877563
-0.025263572111725807 -1.36202073097229 -0.7161698341369629
0.1408362239599228 -1.386936902999878 -0.7875207662582397
0.2730417847633362 -1.40055513381958 -0.8525795340538025
0.36161747574806213 -1.406351089477539 -0.9032910466194153
0.3981466591358185 -1.407853364944458 -0.9322010278701782
0.3758969306945801 -1.408488392829895 -0.9327706694602966
0.2967086732387543 -1.409539818763733 -0.9037426710128784
0.17499279975891113 -1.4088459014892578 -0.8517614006996155
0.025307530537247658 -1.4041212797164917 -0.783794641494751
-0.13941539824008942 -1.3933058977127075 -0.7060717940330505
-0.30800411105155945 -1.3745099306106567 -0.6239907741546631
-0.47092562913894653 -1.3459223508834839 -0.5421504378318787
-0.620000422000885 -1.3057008981704712 -0.46446579694747925
-0.7480196952819824 -1.2518385648727417 -0.39433157444000244
-0.8482967615127563 -1.1820038557052612 -0.3348175883293152
-0.9143151640892029 -1.093412160873413 -0.28882017731666565
-0.944225549697876 -0.9850501418113708 -0.25713440775871277
-0.9414381980895996 -0.8584696054458618 -0.23827439546585083
-0.9088651537895203 -0.7153691649436951 -0.23100730776786804
-0.8489282131195068 -0.5576506853103638 -0.23436349630355835
-0.7638915181159973 -0.38763919472694397 -0.24751032888889313
-0.6561549305915833 -0.20828251540660858 -0.2696422040462494
-0.5285295844078064 -0.02333620935678482 -0.2998795807361603
-0.3844839334487915 0.1625002771615982 -0.3371768593788147
-0.22834327816963196 0.34352535009384155 -0.38024258613586426
-0.06533624231815338 0.5132357478141785 -0.42747730016708374
0.09975726157426834 0.6669274568557739 -0.4769175052642822
0.2632259428501129 0.8022241592407227 -0.5264890193939209
0.421819269657135 0.9174718260765076 -0.5742228627204895
0.5727789998054504 1.0115973949432373 -0.6182997226715088
0.7138423323631287 1.0839860439300537 -0.6570616960525513
0.8432007431983948 1.134336233139038 -0.6889963746070862
0.9594252705574036 1.1625088453292847 -0.7126978635787964
1.0613754987716675 1.1683735847473145 -0.7268089652061462
1.1480895280838013 1.1516540050506592 -0.7299450635910034
1.2188684940338135 1.111977458000183 -0.7205970287322998
1.274876356124878 1.0506528615951538 -0.6970409750938416
1.3180640935897827 0.9700955152511597 -0.6573906540870667
1.3501384258270264 0.8729915618896484 -0.5997394919395447
1.3726850748062134 0.762515127658844 -0.522343635559082
1.3872753381729126 0.6424989700317383 -0.42385488748550415
1.3955376148223877 0.5175206065177917 -0.30359020829200745
1.3991960287094116 0.39286866784095764 -0.16180947422981262
1.4000614881515503 0.27435997128486633 4.734143294626847e-05
1.399983286857605 0.16800016164779663 0.1792248636484146
1.398942232131958 0.07988658547401428 0.36983510851860046
1.3860524892807007 0.0171268992125988 0.5552005767822266
1.3474262952804565 -0.014533024281263351 0.7187598347663879
1.2698707580566406 -0.010546266101300716 0.848263144493103
1.1391410827636719 0.034058183431625366 0.9338801503181458
0.9371259212493896 0.12657365202903748 0.9657268524169922
0.637286365032196 0.27924907207489014 0.9306808114051819
0.1962842345237732 0.5138610005378723 0.8074533939361572
-0.4637131690979004 0.8712859153747559 0.5570057034492493
-1.4985865354537964 1.435085415840149 0.09963276237249374
1.4991536140441895 -1.297329068183899 -1.281083345413208
0.5702101588249207 -0.8899933099746704 -1.266487956047058
-0.09728392213582993 -0.6381150484085083 -1.2123841047286987
-0.5736438035964966 -0.49991312623023987 -1.129632592201233
-0.9030672311782837 -0.4480222761631012 -1.0263272523880005
-1.1147276163101196 -0.46290162205696106 -0.9094901084899902
-1.2289466857910156 -0.5290547013282776 -0.7861342430114746
-1.260973334312439 -0.6326273679733276 -0.6640050411224365
-1.2235435247421265 -0.7597488164901733 -0.5521077513694763
-1.1287930011749268 -0.8953636288642883 -0.46101364493370056
-0.9897514581680298 -1.0225343704223633 -0.402849406003952
-0.8195939660072327 -1.1276218891143799 -0.3860606551170349
-0.6284976601600647 -1.210066556930542 -0.4064425826072693
-0.42682287096977234 -1.2718980312347412 -0.45687174797058105
-0.22556045651435852 -1.3155646324157715 -0.5294092297554016
-0.036008626222610474 -1.343893051147461 -0.6154962778091431
0.13060788810253143 -1.3600209951400757 -0.7062079906463623
0.2635428309440613 -1.3673057556152344 -0.7925475239753723
0.35293424129486084 -1.3692165613174438 -0.8657650947570801
0.39017048478126526 -1.3692121505737305 -0.9176713824272156
0.36827757954597473 -1.3705981969833374 -0.9409783482551575
0.2888852059841156 -1.3743394613265991 -0.9337576031684875
0.16629643738269806 -1.377672791481018 -0.9021851420402527
0.015008135698735714 -1.3777260780334473 -0.8529201149940491
-0.1520739048719406 -1.3719134330749512 -0.7920143008232117
-0.3237795829772949 -1.357882022857666 -0.724789559841156
-0.4905662536621094 -1.3334178924560547 -0.655839204788208
-0.6442475318908691 -1.2963221073150635 -0.5891159176826477
-0.7776253819465637 -1.2442618608474731 -0.5280707478523254
-0.884054958820343 -1.174591302871704 -0.47582748532295227
-0.9571045637130737 -1.0842145681381226 -0.4353196918964386
-0.9948795437812805 -0.9721254706382751 -0.4074738025665283
-1.000550389289856 -0.8402697443962097 -0.3910353481769562
-0.9767756462097168 -0.6907489895820618 -0.38495853543281555
-0.9257074594497681 -0.5258775353431702 -0.3884274959564209
-0.8493056297302246 -0.3484182059764862 -0.40074580907821655
-0.7496191263198853 -0.16179147362709045 -0.4212401211261749
-0.6290523409843445 0.029737643897533417 -0.4491712749004364
-0.49060723185539246 0.2209329456090927 -0.48365211486816406
-0.33808717131614685 0.4055482745170593 -0.523576557636261
-0.1761912852525711 0.5765768885612488 -0.5675585269927979
-0.009715422056615353 0.7291632890701294 -0.6138115525245667
0.15713754296302795 0.8610947132110596 -0.6603962779045105
0.32061272859573364 0.970935583114624 -0.7054793834686279
0.47746744751930237 1.0578514337539673 -0.7473764419555664
0.6249843835830688 1.1214590072631836 -0.7845615744590759
0.7609334588050842 1.1616621017456055 -0.8156505227088928
0.8834933638572693 1.1784822940826416 -0.8393626809120178
0.9911515712738037 1.1718933582305908 -0.8544658422470093
1.08258056640625 1.1416549682617188 -0.8597024083137512
1.1567466259002686 1.087362289428711 -0.8536586761474609
1.214850902557373 1.0103495121002197 -0.8343091607093811
1.259070634841919 0.9131398797035217 -0.7992078065872192
1.2913167476654053 0.7985841631889343 -0.7458279132843018
1.313370943069458 0.6701005101203918 -0.6717401146888733
1.3270050287246704 0.531867504119873 -0.5748535394668579
1.3340613842010498 0.3889252841472626 -0.45371589064598083
1.3364930152893066 0.24714450538158417 -0.3078434467315674
1.33635413646698 0.11302728205919266 -0.13803382217884064
1.3357380628585815 -0.0066746133379638195 0.053413134068250656
1.334859013557434 -0.10509474575519562 0.2607007622718811
1.323024868965149 -0.17430967092514038 0.466452032327652
1.2864590883255005 -0.2079167664051056 0.653327226638794
1.2120429277420044 -0.20080621540546417 0.8086572885513306
1.0856322050094604 -0.14732839167118073 0.9226555228233337
0.8892999887466431 -0.0391344353556633 0.9860424995422363
0.5968393683433533 0.13784010708332062 0.9870421886444092
0.1654873788356781 0.40863746404647827 0.9068615436553955
-0.48160114884376526 0.8203276991844177 0.7110573649406433
-1.4985864162445068 1.4693117141723633 0.32902273535728455
1.499153733253479 -1.1914361715316772 -1.1885653734207153
0.5884008407592773 -0.8670929670333862 -1.175363540649414
-0.07754207402467728 -0.6679595112800598 -1.1179136037826538
-0.5585309863090515 -0.562861979007721 -1.0281224250793457
-0.8938953876495361 -0.5302359461784363 -0.9152923226356506
-1.1106846332550049 -0.5538703203201294 -0.7876882553100586
-1.2285228967666626 -0.6203270554542542 -0.6535531878471375
-1.2627161741256714 -0.7172381281852722 -0.521815836429596
-1.2264236211776733 -0.8321160674095154 -0.4025786519050598
-1.132290005683899 -0.9515298008918762 -0.3073764145374298
-0.9937098026275635 -1.0606483221054077 -0.24913078546524048
-0.823971688747406 -1.1479039192199707 -0.23662863671779633
-0.6332970857620239 -1.2134946584701538 -0.265195369720459
-0.4320099353790283 -1.2598992586135864 -0.32717201113700867
-0.23100857436656952 -1.289934515953064 -0.4141257107257843
-0.04148602858185768 -1.3067165613174438 -0.5170157551765442
0.125407412648201 -1.313596487045288 -0.6264188289642334
0.25893786549568176 -1.3140753507614136 -0.7328041791915894
0.3491751253604889 -1.311700701713562 -0.8268414735794067
0.38735753297805786 -1.3099548816680908 -0.8997178673744202
0.36629319190979004 -1.3121122121810913 -0.943494975566864
0.2873741686344147 -1.3188706636428833 -0.9556626081466675
0.16471384465694427 -1.3268539905548096 -0.9420153498649597
0.012677052989602089 -1.3325788974761963 -0.908973217010498
-0.15590554475784302 -1.332905888557434 -0.862464964389801
-0.32989221811294556 -1.3249939680099487 -0.8077788352966309
-0.49973800778388977 -1.3062015771865845 -0.7495378255844116
-0.657240629196167 -1.2739547491073608 -0.6917619109153748
-0.7951900362968445 -1.2255840301513672 -0.63798588514328
-0.9069494009017944 -1.158129096031189 -0.5914143323898315
-0.9861288666725159 -1.0681917667388916 -0.5550469756126404
-1.0307778120040894 -0.9547644257545471 -0.5299469828605652
-1.0438659191131592 -0.8201425075531006 -0.515071451663971
-1.02785062789917 -0.6667817234992981 -0.509549617767334
-0.9846729040145874 -0.49735185503959656 -0.5127140283584595
-0.9160587787628174 -0.3149847984313965 -0.5240041613578796
-0.8237892389297485 -0.12349119037389755 -0.542881429195404
-0.7099570631980896 0.07245300710201263 -0.568749725818634
-0.5772055387496948 0.26718777418136597 -0.6008812785148621
-0.4289328157901764 0.45404669642448425 -0.6383507251739502
-0.26942178606987 0.6256421208381653 -0.6799725294113159
-0.10346823185682297 0.7769895792007446 -0.724112868309021
0.06435857713222504 0.9059644937515259 -0.7689341306686401
0.229926198720932 1.0112577676773071 -0.8127018809318542
0.38962823152542114 1.0921717882156372 -0.8538289666175842
0.5404049158096313 1.1484527587890625 -0.8908851146697998
0.6797068119049072 1.1801091432571411 -0.9225811958312988
0.8054129481315613 1.187231421470642 -0.9477340579032898
0.915723979473114 1.169814109802246 -0.9652149677276611
1.009027123451233 1.127579689025879 -0.9738815426826477
1.0840246677398682 1.0600345134735107 -0.972415030002594
1.1419527530670166 0.968540608882904 -0.958524763584137
1.185185194015503 0.8557605147361755 -0.9292606711387634
1.2158217430114746 0.7247317433357239 -0.8815345168113708
1.2358359098434448 0.5791264176368713 -0.812286913394928
1.2472023963928223 0.42346256971359253 -0.7187298536300659
1.2519820928573608 0.26321861147880554 -0.5986647605895996
1.252362608909607 0.10480726510286331 -0.45085564255714417
1.2506417036056519 -0.04463577643036842 -0.2754037380218506
1.2491527795791626 -0.17766417562961578 -0.07405070215463638
1.2483376264572144 -0.28667983412742615 0.14764712750911713
1.2377220392227173 -0.36294782161712646 0.37177515029907227
1.2036696672439575 -0.3993818759918213 0.5803070068359375
1.1331647634506226 -0.39027485251426697 0.7601677179336548
1.0122050046920776 -0.3292790353298187 0.9015762805938721
0.8231305480003357 -0.20700564980506897 0.9957987666130066
0.5402312874794006 -0.007649630308151245 1.0323477983474731
0.12165798246860504 0.2969149649143219 0.9948982000350952
-0.5077177882194519 0.7595459222793579 0.8536621332168579
-1.4985864162445068 1.4885131120681763 0.5474530458450317
1.4991533756256104 -1.0565482378005981 -1.0595052242279053
0.6056381464004517 -0.8098437190055847 -1.0473374128341675
-0.05837532505393028 -0.662295401096344 -0.9878590703010559
-0.5433098673820496 -0.5910162329673767 -0.8935688734054565
-0.8839014172554016 -0.5792015194892883 -0.7746988534927368
-1.1051361560821533 -0.6134997010231018 -0.6405594348907471
-1.2259535789489746 -0.682327926158905 -0.5004404187202454
-1.2617313861846924 -0.7747201323509216 -0.3642396032810211
-1.2260689735412598 -0.8795150518417358 -0.24288038909435272
-1.1321433782577515 -0.9848077893257141 -0.14851447939872742
-0.9937450289726257 -1.0776758193969727 -0.0944489985704422
-0.8243024349212646 -1.148402452468872 -0.08947843313217163
-0.6340511441230774 -1.1979349851608276 -0.12842103838920593
-0.43323826789855957 -1.2292492389678955 -0.20312006771564484
-0.23262685537338257 -1.245599389076233 -0.3047126233577728
-0.0432598814368248 -1.250480055809021 -0.4237641990184784
0.12383435666561127 -1.2475638389587402 -0.5504621863365173
0.2579815983772278 -1.2406187057495117 -0.6748651266098022
0.3492252230644226 -1.233406901359558 -0.7871932983398438
0.38868263363838196 -1.2295727729797363 -0.8781384229660034
0.3689537048339844 -1.2324970960617065 -0.9392285346984863
0.2911624014377594 -1.2426894903182983 -0.9674832224845886
0.1691676825284958 -1.256136178970337 -0.9684260487556458
0.017149057239294052 -1.2687008380889893 -0.9483253955841064
-0.152169331908226 -1.2766461372375488 -0.9130532741546631
-0.3276839256286621 -1.2765955924987793 -0.8679154515266418
-0.4998367726802826 -1.2654385566711426 -0.8176059722900391
-0.6603816151618958 -1.2401882410049438 -0.7662467956542969
-0.8020528554916382 -1.1978094577789307 -0.7174882292747498
-0.918165385723114 -1.1350083351135254 -0.674649178981781
-1.0023027658462524 -1.0480754375457764 -0.6408306956291199
-1.0524457693099976 -0.935981035232544 -0.6172387003898621
-1.0714325904846191 -0.8013243675231934 -0.6030156016349792
-1.0615993738174438 -0.6468634605407715 -0.5974476933479309
-1.024768352508545 -0.4755629301071167 -0.600006639957428
-0.9625363349914551 -0.2908526360988617 -0.6102639436721802
-0.8765342235565186 -0.09684862941503525 -0.6278142333030701
-0.7686782479286194 0.10145978629589081 -0.6522029638290405
-0.6413998603820801 0.2980976402759552 -0.6828559637069702
-0.49784865975379944 0.48609381914138794 -0.7190161347389221
-0.34204018115997314 0.657788872718811 -0.7596747279167175
-0.17874367535114288 0.8080735802650452 -0.8033061623573303
-0.012724124826490879 0.934819757938385 -0.8481165170669556
0.15167827904224396 1.0367364883422852 -0.892410397529602
0.3106515407562256 1.1131502389907837 -0.9346387982368469
0.4609367251396179 1.163825511932373 -0.9734113216400146
0.5997930765151978 1.1887739896774292 -1.0074838399887085
0.7249140739440918 1.1880642175674438 -1.0357266664505005
0.8343169093132019 1.1616352796554565 -1.0570769309997559
0.9262022972106934 1.1091116666793823 -1.0704766511917114
0.99909508228302 1.0298713445663452 -1.074683666229248
1.0542635917663574 0.9253378510475159 -1.0671827793121338
1.094238042831421 0.7983738780021667 -1.0445969104766846
1.1212852001190186 0.6522535681724548 -1.0033611059188843
1.1375607252120972 0.4909341037273407 -0.9398781657218933
1.1452388763427734 0.31927716732025146 -0.8507554531097412
1.1465977430343628 0.14317184686660767 -0.7331305146217346
1.1440540552139282 -0.03049044869840145 -0.5850693583488464
1.1401382684707642 -0.19403323531150818 -0.40598657727241516
1.1374067068099976 -0.3394261300563812 -0.19701382517814636
1.136515736579895 -0.45844635367393494 0.03666013479232788
1.1272501945495605 -0.5416234731674194 0.2767747640609741
1.096172571182251 -0.5812071561813354 0.5047526955604553
1.0304230451583862 -0.570880115032196 0.7071567177772522
0.9162054657936096 -0.5035861134529114 0.8741800785064697
0.7362276911735535 -0.3689211905002594 0.997545063495636
0.4654620885848999 -0.14943787455558777 1.0679203271865845
0.0633295476436615 0.18583489954471588 1.0712692737579346
-0.5428451299667358 0.695010781288147 0.9822109937667847
-1.4985865354537964 1.4969674348831177 0.748620331287384
1.4991536140441895 -0.891338050365448 -0.8957746028900146
0.6212280988693237 -0.7138382792472839 -0.8842071890830994
-0.04070919379591942 -0.6146461963653564 -0.8241987824440002
-0.5289326310157776 -0.5768184065818787 -0.7283881306648254
-0.8740339875221252 -0.5871047973632812 -0.6075841188430786
-1.0990819931030273 -0.634364902973175 -0.4718424379825592
-1.2223703861236572 -0.7085000872612 -0.33120959997177124
-1.259344458580017 -0.7997006177902222 -0.19624122977256775
-1.2240259647369385 -0.8979123830795288 -0.07833642512559891
-1.1301014423370361 -0.9924920797348022 0.010117096826434135
-0.9917470812797546 -1.0720597505569458 0.055829036980867386
-0.8225334286689758 -1.1284148693084717 0.050291143357753754
-0.6326857805252075 -1.1632673740386963 -0.0008170352666638792
-0.4323493242263794 -1.1801815032958984 -0.08891057223081589
-0.23212748765945435 -1.1829602718353271 -0.2047823965549469
-0.04288788139820099 -1.1756073236465454 -0.338705450296402
0.124491848051548 -1.1622669696807861 -0.48059627413749695
0.25942668318748474 -1.1471401453018188 -0.6202342510223389
0.35195937752723694 -1.1343791484832764 -0.747529149055481
0.3931023180484772 -1.1279735565185547 -0.8528169393539429
0.3752446174621582 -1.1315934658050537 -0.9272211790084839
0.2992100119590759 -1.145665168762207 -0.9674197435379028
0.17855481803417206 -1.1655086278915405 -0.9787968993186951
0.027238497510552406 -1.1862847805023193 -0.9675722122192383
-0.14213736355304718 -1.2035995721817017 -0.939638614654541
-0.3185005486011505 -1.2134820222854614 -0.9003804922103882
-0.49225229024887085 -1.2122912406921387 -0.8546109199523926
-0.6550560593605042 -1.196574091911316 -0.806596577167511
-0.7995274066925049 -1.1628812551498413 -0.7601428031921387
-0.9188535809516907 -1.1075446605682373 -0.7187239527702332
-1.0064984560012817 -1.0265169143676758 -0.6855876445770264
-1.0603594779968262 -0.9187113642692566 -0.6620909571647644
-1.083240270614624 -0.7869804501533508 -0.6475282311439514
-1.0774681568145752 -0.6343293190002441 -0.6413204669952393
-1.0448700189590454 -0.46395376324653625 -0.6430649161338806
-0.9870513677597046 -0.27950647473335266 -0.6524572372436523
-0.905651330947876 -0.0853227972984314 -0.6692205667495728
-0.8025816082954407 0.11339254677295685 -0.6930348873138428
-0.6802511811256409 0.3104558289051056 -0.7234684824943542
-0.5417594909667969 0.4986991584300995 -0.7599121332168579
-0.3910394608974457 0.6702884435653687 -0.8014997839927673
-0.23279787600040436 0.8199783563613892 -0.8467519283294678
-0.07177913188934326 0.9455294609069824 -0.8938363194465637
0.0876823365688324 1.0455448627471924 -0.9410140514373779
0.24176648259162903 1.1192500591278076 -0.9866948127746582
0.38719332218170166 1.166308879852295 -1.0294536352157593
0.5211880207061768 1.1866291761398315 -1.0680233240127563
0.641399085521698 1.180166482925415 -1.1012660264968872
0.7457876205444336 1.1467336416244507 -1.1281297206878662
0.8324874639511108 1.0858062505722046 -1.1475911140441895
0.8999561071395874 0.9966131448745728 -1.1584466695785522
0.9494905471801758 0.880700409412384 -1.157997965812683
0.9837287664413452 0.7412266135215759 -1.1425347328186035
1.00507390499115 0.5817816853523254 -1.108123779296875
1.0158449411392212 0.40666109323501587 -1.0507540702819824
1.0184011459350586 0.22108672559261322 -0.9665634036064148
1.0152208805084229 0.0313277542591095 -0.8521621227264404
1.0089271068572998 -0.15532876551151276 -0.7050362229347229
1.0022509098052979 -0.33079856634140015 -0.5239878296852112
0.997931182384491 -0.4866340756416321 -0.3095429539680481
0.9968087077140808 -0.6141642332077026 -0.06642834842205048
0.988990306854248 -0.7033336162567139 0.18695896863937378
0.9613303542137146 -0.7457998394966125 0.4316653907299042
0.901210367679596 -0.7346497774124146 0.6539658308029175
0.7951347231864929 -0.6621220111846924 0.8440045118331909
0.6263068914413452 -0.5168323516845703 0.9938494563102722
0.3705917298793793 -0.2798103392124176 1.0951274633407593
-0.01093945000320673 0.08247572928667068 1.1357749700546265
-0.5877598524093628 0.6327642798423767 1.0942966938018799
-1.4985865354537964 1.4990719556808472 0.9266653656959534
1.499153733253479 -0.6960482597351074 -0.7006076574325562
0.6345176696777344 -0.5766795873641968 -0.6894431114196777
-0.02544534020125866 -0.5206100940704346 -0.6307142376899719
-0.5163417458534241 -0.5146781802177429 -0.5367909073829651
-0.865233838558197 -0.5479324460029602 -0.4186621606349945
-1.0935087203979492 -0.6106682419776917 -0.2867487370967865
-1.2188773155212402 -0.6937467455863953 -0.15147681534290314
-1.2568353414535522 -0.7881049513816833 -0.02367878146469593
-1.22176992893219 -0.8844109177589417 0.08515636622905731
-1.1278127431869507 -0.972853422164917 0.16278693079948425
-0.9894788861274719 -1.0430760383605957 0.1963055431842804
-0.8204636573791504 -1.087963342666626 0.1777268648147583
-0.6309670805931091 -1.1100249290466309 0.11317786574363708
-0.43102288246154785 -1.113545536994934 0.011576707474887371
-0.2310686558485031 -1.1030237674713135 -0.11762373149394989
-0.04178900271654129 -1.0831384658813477 -0.26451194286346436
0.12610015273094177 -1.0586861371994019 -0.41885265707969666
0.2621173560619354 -1.0344953536987305 -0.570277214050293
0.3563182055950165 -1.0153168439865112 -0.7085249423980713
0.39961519837379456 -1.005700707435608 -0.8237173557281494
0.38417425751686096 -1.0098249912261963 -0.9067076444625854
0.3104879558086395 -1.0281668901443481 -0.9539694786071777
0.19177912175655365 -1.0553587675094604 -0.9708922505378723
0.041767418384552 -1.0858091115951538 -0.9637614488601685
-0.1270684450864792 -1.1144073009490967 -0.9385793805122375
-0.3036668300628662 -1.1365195512771606 -0.9008785486221313
-0.47834619879722595 -1.147904872894287 -0.8556495308876038
-0.6426162719726562 -1.144572377204895 -0.8073550462722778
-0.7888920307159424 -1.1225931644439697 -0.7600065469741821
-0.9101316332817078 -1.0778666734695435 -0.7172868251800537
-0.9995614290237427 -1.0059553384780884 -0.682648777961731
-1.0549777746200562 -0.9056665301322937 -0.6576141715049744
-1.0792728662490845 -0.78005051612854 -0.6415916681289673
-1.074905514717102 -0.6322982311248779 -0.6341090798377991
-1.0438623428344727 -0.4657682180404663 -0.6348727345466614
-0.987932562828064 -0.28425753116607666 -0.6436917781829834
-0.9089555740356445 -0.09223128110170364 -0.6604089140892029
-0.8090535402297974 0.10498927533626556 -0.6848283410072327
-0.6908436417579651 0.30111584067344666 -0.7166436910629272
-0.5576161742210388 0.48888811469078064 -0.7553666234016418
-0.41344645619392395 0.660385012626648 -0.8002316355705261
-0.26293662190437317 0.8102025389671326 -0.849726676940918
-0.11055242270231247 0.9358681440353394 -0.9018802046775818
0.03963436558842659 1.0357427597045898 -0.9548067450523376
0.18403469026088715 1.1088119745254517 -1.0067747831344604
0.31956350803375244 1.15450918674469 -1.0562310218811035
0.4436057209968567 1.1725242137908936 -1.1017974615097046
0.553937554359436 1.1626067161560059 -1.1422479152679443
0.6486222743988037 1.1243728399276733 -1.1764668226242065
0.7258785367012024 1.0571070909500122 -1.2033957242965698
0.7842352986335754 0.9598843455314636 -1.2218105792999268
0.825018584728241 0.8344637155532837 -1.228872299194336
0.8509138822555542 0.6844273209571838 -1.2206447124481201
0.8644199371337891 0.513789176940918 -1.1929558515548706
0.8679846525192261 0.3272564709186554 -1.1415328979492188
0.8641179800033569 0.13043831288814545 -1.0622186660766602
0.8554566502571106 -0.07004997134208679 -0.9512795805931091
0.8447763323783875 -0.26662716269493103 -0.8057947754859924
0.8349424600601196 -0.4509675204753876 -0.6240876913070679
0.8288019895553589 -0.6144207119941711 -0.40613898634910583
0.827325701713562 -0.7481025457382202 -0.15615706145763397
0.8210254311561584 -0.84159255027771 0.10753799974918365
0.7971788644790649 -0.8860812187194824 0.36581775546073914
0.743535578250885 -0.8741081953048706 0.6047685146331787
0.6470303535461426 -0.7972285151481628 0.8144718408584595
0.49152475595474243 -0.6431300640106201 0.9872156977653503
0.254016637802124 -0.39145907759666443 1.1153322458267212
-0.10236366838216782 -0.0064471932128071785 1.1882997751235962
-0.6431246399879456 0.5785646438598633 1.1877533197402954
-1.4985865354537964 1.4991302490234375 1.0762935876846313
1.4991534948349 -0.4796290099620819 -0.48428210616111755
0.6451767086982727 -0.40657007694244385 -0.47345879673957825
-0.013023143634200096 -0.38723868131637573 -0.41771507263183594
-0.5059143304824829 -0.4105381965637207 -0.3288302421569824
-0.8577446937561035 -0.46672457456588745 -0.2175973653793335
-1.0885261297225952 -0.5467879176139832 -0.09440872073173523
-1.2154814004898071 -0.6420004367828369 0.030322924256324768
-1.2541415691375732 -0.7435873746871948 0.14587067067623138
-1.2191917896270752 -0.8424997925758362 0.24101559817790985
-1.1251301765441895 -0.9292864799499512 0.3039878308773041
-0.9867562055587769 -0.9940747618675232 0.3225466012954712
-0.8178735375404358 -1.0304077863693237 0.28938746452331543
-0.6286484003067017 -1.0416293144226074 0.21100302040576935
-0.42900046706199646 -1.0328660011291504 0.09653687477111816
-0.22920335829257965 -1.0094459056854248 -0.04441570118069649
-0.039757177233695984 -0.9768657684326172 -0.20186421275138855
0.1287919133901596 -0.9407292008399963 -0.36553478240966797
0.26607927680015564 -0.9066592454910278 -0.5250335335731506
0.3621909022331238 -0.8801831007003784 -0.6700599193572998
0.4079524576663971 -0.86660236120224 -0.7906540036201477
0.3953060209751129 -0.8708047866821289 -0.8775258660316467
0.32439562678337097 -0.893460750579834 -0.9270689487457275
0.2080899477005005 -0.9285315275192261 -0.9447969198226929
0.05985419824719429 -0.9696624875068665 -0.9371524453163147
-0.10795654356479645 -1.0109987258911133 -0.9103181958198547
-0.28427404165267944 -1.0472004413604736 -0.8700312972068787
-0.4592953026294708 -1.0733712911605835 -0.8215097784996033
-0.6243181228637695 -1.0849210023880005 -0.7694603800773621
-0.7714769244194031 -1.077375054359436 -0.7181503176689148
-0.8934020400047302 -1.0461369752883911 -0.6715256571769714
-0.9829650521278381 -0.9863192439079285 -0.633306622505188
-1.0378413200378418 -0.8965646624565125 -0.605198323726654
-1.061130404472351 -0.780058741569519 -0.5866877436637878
-1.0555615425109863 -0.640114963054657 -0.5773839354515076
-1.0234349966049194 -0.48018601536750793 -0.5770838856697083
-0.9668952226638794 -0.30413639545440674 -0.5856974124908447
-0.8881744146347046 -0.11647484451532364 -0.6031740307807922
-0.789817750453949 0.07745446264743805 -0.6294277906417847
-0.6748796105384827 0.2713567018508911 -0.6642571687698364
-0.5470796823501587 0.4579756259918213 -0.7072635889053345
-0.4108578562736511 0.6293854713439941 -0.7577372193336487
-0.2706751227378845 0.7800033092498779 -0.8140592575073242
-0.13046778738498688 0.9070117473602295 -0.8740226030349731
0.0062075527384877205 1.00840163230896 -0.9354967474937439
0.13623222708702087 1.082788109779358 -0.9965113401412964
0.2569371461868286 1.1292502880096436 -1.0552895069122314
0.3660677969455719 1.1471515893936157 -1.110252857208252
0.46171197295188904 1.135947585105896 -1.1600011587142944
0.5422060489654541 1.094995141029358 -1.2032759189605713
0.6060180068016052 1.023353934288025 -1.2389047145843506
0.6518996357917786 0.9199522733688354 -1.2655792236328125
0.6812137365341187 0.786861777305603 -1.280354380607605
0.6966314911842346 0.6282196044921875 -1.2791768312454224
0.7006934285163879 0.44857197999954224 -1.2577663660049438
0.6959249973297119 0.25310954451560974 -1.2117475271224976
0.6849270462989807 0.04784800484776497 -1.1368499994277954
0.6704217791557312 -0.16029305756092072 -1.0291939973831177
0.6552489399909973 -0.36354708671569824 -0.8856448531150818
0.6423073410987854 -0.5535179972648621 -0.7042093873023987
0.6344441771507263 -0.7215697765350342 -0.48442113399505615
0.632681131362915 -0.8588435649871826 -0.22995691001415253
0.6280123591423035 -0.9547784924507141 0.041126057505607605
0.6082814931869507 -1.0002363920211792 0.3097199499607086
0.5617480874061584 -0.987273097038269 0.5618318319320679
0.4759235978126526 -0.9067981243133545 0.7874816656112671
0.3354963958263397 -0.7456328868865967 0.9790601134300232
0.11882878094911575 -0.4821877181529999 1.1293468475341797
-0.20852385461330414 -0.07878110557794571 1.2288988828659058
-0.7074540257453918 0.5344758033752441 1.2616455554962158
-1.4985865354537964 1.499130129814148 1.195162296295166
1.4991534948349 -0.2562411427497864 -0.26099109649658203
0.6532018184661865 -0.21882717311382294 -0.2506018579006195
-0.0034200081136077642 -0.22980532050132751 -0.19919872283935547
-0.49749326705932617 -0.278970330953598 -0.11776221543550491
-0.8511955142021179 -0.35699278116226196 -0.016590645536780357
-1.0835115909576416 -0.45498791337013245 0.09428620338439941
-1.211302638053894 -0.564194917678833 0.2048054188489914
-1.250136137008667 -0.6757419109344482 0.30466195940971375
-1.2149410247802734 -0.7804891467094421 0.3831866383552551
-1.1205145120620728 -0.8689478039741516 0.42931246757507324
-0.9819008111953735 -0.931287407875061 0.4316459894180298
-0.813007652759552 -0.9613614082336426 0.38364166021347046
-0.6239608526229858 -0.9633551239967346 0.2920617461204529
-0.4245654046535492 -0.9433111548423767 0.1661674827337265
-0.22493021190166473 -0.907464861869812 0.015597804449498653
-0.03536582365632057 -0.8622135519981384 -0.1496761292219162
0.1337643712759018 -0.8140567541122437 -0.3194443881511688
0.2722374200820923 -0.7695077657699585 -0.48339754343032837
0.37020108103752136 -0.734977662563324 -0.6313120126724243
0.41842758655548096 -0.7166408896446228 -0.7532658576965332
0.4086608588695526 -0.7202359437942505 -0.8399410247802734
0.3407004177570343 -0.7467526197433472 -0.8877471089363098
0.22704489529132843 -0.7895492911338806 -0.9023885726928711
0.0808870792388916 -0.8415557742118835 -0.8905108571052551
-0.0855536237359047 -0.8961982131004333 -0.8585086464881897
-0.2611998915672302 -0.9474332928657532 -0.8123515248298645
-0.43610793352127075 -0.9896911382675171 -0.7575116753578186
-0.6013240814208984 -1.0177470445632935 -0.6989709734916687
-0.7486449480056763 -1.0265357494354248 -0.6412897109985352
-0.8702937364578247 -1.0109108686447144 -0.588723361492157
-0.9586930871009827 -0.9654815793037415 -0.5453153848648071
-1.0113766193389893 -0.8886648416519165 -0.5129735469818115
-1.0317420959472656 -0.7837162613868713 -0.49123725295066833
-1.0228991508483887 -0.6540098190307617 -0.4797746241092682
-0.9875848293304443 -0.5030264854431152 -0.4784560203552246
-0.9284400343894958 -0.3346286714076996 -0.4872763752937317
-0.8482484817504883 -0.1532924473285675 -0.5062771439552307
-0.7501530051231384 0.03569822385907173 -0.5354629755020142
-0.637834906578064 0.226129949092865 -0.5747124552726746
-0.5156413316726685 0.4108380973339081 -0.623684823513031
-0.3885626792907715 0.5819701552391052 -0.6816837787628174
-0.26089537143707275 0.7337594628334045 -0.7469267249107361
-0.13584628701210022 0.86296147108078 -0.8169023394584656
-0.016248418018221855 0.967097818851471 -0.8891617059707642
0.09545387327671051 1.0443073511123657 -0.9614177346229553
0.19720247387886047 1.0932135581970215 -1.0315914154052734
0.28728750348091125 1.112760066986084 -1.097825527191162
0.36428117752075195 1.1020339727401733 -1.1584705114364624
0.42695724964141846 1.060080647468567 -1.212049961090088
0.47419285774230957 0.9857107400894165 -1.2572078704833984
0.5051098465919495 0.8777198195457458 -1.292489767074585
0.5211207866668701 0.7385785579681396 -1.3148760795593262
0.524821937084198 0.5730881690979004 -1.3202922344207764
0.5187349915504456 0.38641059398651123 -1.3044712543487549
0.5053927302360535 0.1842671036720276 -1.2630796432495117
0.48740363121032715 -0.02691938541829586 -1.1919019222259521
0.46747609972953796 -0.2399769127368927 -1.0870915651321411
0.44840008020401 -0.4470570981502533 -0.9454793930053711
0.43298467993736267 -0.63984215259552 -0.7649139165878296
0.42395269870758057 -0.8098897933959961 -0.5445939898490906
0.422282338142395 -0.9485594034194946 -0.2876909375190735
0.41949912905693054 -1.0453283786773682 -0.011864539235830307
0.40412893891334534 -1.090846061706543 0.26395946741104126
0.36506763100624084 -1.0767486095428467 0.5258092284202576
0.29053306579589844 -0.9933479428291321 0.7636551856994629
0.1661834716796875 -0.8266685009002686 0.9698953628540039
-0.02807663567364216 -0.554028332233429 1.1375277042388916
-0.32401043176651 -0.13612957298755646 1.2577540874481201
-0.7774694561958313 0.4995288550853729 1.3159980773925781
-1.4985864162445068 1.4991300106048584 1.283207654953003
1.499153733253479 -0.03778143227100372 -0.04262593388557434
0.6586939096450806 -0.027135536074638367 -0.03318028151988983
0.0035155746154487133 -0.06253736466169357 0.012678993865847588
-0.49082115292549133 -0.13394059240818024 0.08487667143344879
-0.8451631665229797 -0.2319210171699524 0.1738133728504181
-1.077838659286499 -0.34734299778938293 0.2700664699077606
-1.2054935693740845 -0.47110825777053833 0.3641708493232727
-1.24375319480896 -0.5939730405807495 0.4464688003063202
-1.2077479362487793 -0.7064307928085327 0.507026195526123
-1.112524390220642 -0.7986571788787842 0.5356164574623108
-0.9733463525772095 -0.8605329394340515 0.5217849612236023
-0.8042332530021667 -0.8859553337097168 0.45976242423057556
-0.6152658462524414 -0.8799297213554382 0.35648462176322937
-0.4161313772201538 -0.8494383692741394 0.22123099863529205
-0.2167714536190033 -0.8016507625579834 0.06359412521123886
-0.02729867585003376 -0.7438929080963135 -0.1065620630979538
0.14212650060653687 -0.6835885047912598 -0.2791828215122223
0.28145474195480347 -0.6281729936599731 -0.44414108991622925
0.3809397220611572 -0.5849810838699341 -0.5913937091827393
0.4313502311706543 -0.5611147284507751 -0.7111639380455017
0.42428046464920044 -0.5632397532463074 -0.7942089438438416
0.35920870304107666 -0.592766523361206 -0.8370264172554016
0.2482520341873169 -0.6425564289093018 -0.8455320596694946
0.1043093129992485 -0.7049165368080139 -0.8265771269798279
-0.06055552512407303 -0.7726255059242249 -0.7867668271064758
-0.23526789247989655 -0.8389816880226135 -0.7323023080825806
-0.40974071621894836 -0.897760272026062 -0.6689152121543884
-0.5747498869895935 -0.9430975317955017 -0.6018772125244141
-0.7217143774032593 -0.9693129062652588 -0.5360665321350098
-0.8423947691917419 -0.9706742763519287 -0.47608551383018494
-0.9286907911300659 -0.9412416219711304 -0.42634817957878113
-0.9779740571975708 -0.8791487216949463 -0.3889865279197693
-0.9940026998519897 -0.7876547574996948 -0.36357468366622925
-0.9803449511528015 -0.6701322197914124 -0.34982115030288696
-0.9402703046798706 -0.5300317406654358 -0.34765297174453735
-0.8770240545272827 -0.37115079164505005 -0.3571326434612274
-0.7940648198127747 -0.19786548614501953 -0.37837323546409607
-0.6952713131904602 -0.015326907858252525 -0.4114469289779663
-0.5851012468338013 0.17041096091270447 -0.4562839865684509
-0.4686873257160187 0.3523561656475067 -0.5125667452812195
-0.35172194242477417 0.522804319858551 -0.5795720815658569
-0.23832905292510986 0.6758174896240234 -0.6553146839141846
-0.13083887100219727 0.8076735734939575 -0.7369397282600403
-0.031198745593428612 0.9153555631637573 -0.8216308355331421
0.058988697826862335 0.9964482188224792 -0.9067287445068359
0.13844498991966248 1.0490370988845825 -0.9897911548614502
0.20617137849330902 1.0715714693069458 -1.0686168670654297
0.2613873779773712 1.0627071857452393 -1.1412407159805298
0.3034617006778717 1.0211341381072998 -1.2059037685394287
0.3318353593349457 0.9453956484794617 -1.2610036134719849
0.34613892436027527 0.8341708183288574 -1.304887056350708
0.34785035252571106 0.6904001832008362 -1.3344897031784058
0.3394303321838379 0.5196276903152466 -1.3458051681518555
0.32330891489982605 0.327687531709671 -1.3346909284591675
0.3019397556781769 0.120852530002594 -1.2969884872436523
0.2778366208076477 -0.09406546503305435 -1.2286850214004517
0.25357764959335327 -0.30970001220703125 -1.126123309135437
0.23177722096443176 -0.5182132720947266 -0.9862552285194397
0.21502484381198883 -0.7114844918251038 -0.8069131374359131
0.20579464733600616 -0.8813998699188232 -0.587075412273407
0.2049241065979004 -1.0196752548217773 -0.3294607400894165
0.20448532700538635 -1.1159570217132568 -0.05124981701374054
0.19376356899738312 -1.160775899887085 0.22893209755420685
0.16238343715667725 -1.1454154253005981 0.49721282720565796
0.09936830401420593 -1.0596485137939453 0.7435253858566284
-0.008551442064344883 -0.8887849450111389 0.9601949453353882
-0.17981760203838348 -0.6091931462287903 1.1402291059494019
-0.44337573647499084 -0.18023426830768585 1.275071620941162
-0.8498478531837463 0.47265785932540894 1.3508775234222412
-1.4985865354537964 1.499130129814148 1.3404289484024048
1.4991536140441895 0.16621902585029602 0.1612861305475235
0.6618067622184753 0.1569744199514389 0.16878367960453033
0.008004143834114075 0.10217686742544174 0.20794245600700378
-0.4855935275554657 0.012118074111640453 0.2696174383163452
-0.8392176032066345 -0.10341387242078781 0.3450187146663666
-1.0709155797958374 -0.2348398119211197 0.4254779517650604
-1.1972792148590088 -0.37256693840026855 0.5022777318954468
-1.2340267896652222 -0.5068293809890747 0.5665370225906372
-1.196466088294983 -0.6275884509086609 0.6091518998146057
-1.0998584032058716 -0.7244940996170044 0.6207908391952515
-0.9596787691116333 -0.786918580532074 0.591958224773407
-0.790077805519104 -0.8086156845092773 0.5176372528076172
-0.6010869145393372 -0.7953598499298096 0.4048459231853485
-0.40227052569389343 -0.7550534009933472 0.26279371976852417
-0.20339761674404144 -0.6957828998565674 0.10094613581895828
-0.014369695447385311 -0.6257842779159546 -0.07101946324110031
0.15488111972808838 -0.5533835887908936 -0.24328622221946716
0.2945183515548706 -0.4869158864021301 -0.4059973359107971
0.39495497941970825 -0.4346197843551636 -0.5493842363357544
0.44702085852622986 -0.4045169949531555 -0.6639133095741272
0.4422259032726288 -0.404215008020401 -0.7405115365982056
0.37976738810539246 -0.435613751411438 -0.7758175730705261
0.27137288451194763 -0.49120455980300903 -0.7759395241737366
0.12962409853935242 -0.562797486782074 -0.747902512550354
-0.033597927540540695 -0.6426305770874023 -0.6984902620315552
-0.2072446495294571 -0.7234252691268921 -0.634109377861023
-0.3810991644859314 -0.7983550429344177 -0.5607360005378723
-0.5456644892692566 -0.8609424233436584 -0.48392829298973083
-0.6919638514518738 -0.9048931002616882 -0.40889450907707214
-0.8112583160400391 -0.9238719940185547 -0.34060904383659363
-0.8948745131492615 -0.9113588929176331 -0.283895343542099
-0.9400006532669067 -0.8651520609855652 -0.24113087356090546
-0.9507890343666077 -0.7884495258331299 -0.2119128555059433
-0.9313180446624756 -0.6845654249191284 -0.19597524404525757
-0.8854519128799438 -0.5568657517433167 -0.19328364729881287
-0.8171163201332092 -0.4090293049812317 -0.20394667983055115
-0.7305329442024231 -0.24527575075626373 -0.22812408208847046
-0.6304144263267517 -0.07056078314781189 -0.2659252882003784
-0.5221037864685059 0.10928867757320404 -0.31729814410209656
-0.4116351008415222 0.28752610087394714 -0.38190963864326477
-0.3055169880390167 0.4566686153411865 -0.4589694142341614
-0.20770777761936188 0.6106357574462891 -0.5462673902511597
-0.11956679075956345 0.745209276676178 -0.6405932903289795
-0.042042288929224014 0.8567966818809509 -0.7387418746948242
0.024233030155301094 0.9423778653144836 -0.8376492857933044
0.07889899611473083 0.999442994594574 -0.9344677329063416
0.12181343138217926 1.0258899927139282 -1.0266038179397583
0.1529909074306488 1.0198925733566284 -1.11172354221344
0.17254243791103363 0.9797513484954834 -1.1877321004867554
0.18061523139476776 0.9037289023399353 -1.252729892730713
0.17747502028942108 0.7904031872749329 -1.3048266172409058
0.1646767556667328 0.6432318687438965 -1.3409432172775269
0.14448270201683044 0.46855100989341736 -1.3572262525558472
0.11914897710084915 0.2728920876979828 -1.3497626781463623
0.09095104038715363 0.06307512521743774 -1.3146860599517822
0.06219562143087387 -0.1537332683801651 -1.24831223487854
0.035210251808166504 -0.3700316846370697 -1.1473032236099243
0.0123108746483922 -0.5780702233314514 -1.008858561515808
-0.004251036327332258 -0.7700103521347046 -0.8309133648872375
-0.01235826127231121 -0.9381536245346069 -0.612332284450531
-0.01140100508928299 -1.0746593475341797 -0.3554529845714569
-0.008781974203884602 -1.1694267988204956 -0.07694361358880997
-0.014432071708142757 -1.2129427194595337 0.20494291186332703
-0.037953220307826996 -1.196204662322998 0.4764862060546875
-0.08946484327316284 -1.108517050743103 0.7275844216346741
-0.1811172366142273 -0.9345667958259583 0.950416088104248
-0.3296663165092468 -0.6499192714691162 1.1378086805343628
-0.5612367391586304 -0.21284931898117065 1.2810693979263306
-0.9212789535522461 0.4527936279773712 1.366358757019043
-1.498586654663086 1.4991302490234375 1.3668214082717896
1.4991536140441895 0.3482050895690918 0.343193382024765
0.6627105474472046 0.3240053653717041 0.3472946286201477
0.010294051840901375 0.25387755036354065 0.3786206841468811
-0.48148810863494873 0.14852872490882874 0.42891719937324524
-0.8329360485076904 0.01818941906094551 0.49023035168647766
-1.062186598777771 -0.12708434462547302 0.5547014474868774
-1.1859450340270996 -0.27718523144721985 0.6144191026687622
-1.2200710773468018 -0.42179498076438904 0.6613221168518066
-1.180042028427124 -0.5502884387969971 0.6871535181999207
-1.081316590309143 -0.6517040133476257 0.6834662556648254
-0.9395918846130371 -0.7147923111915588 0.6416921019554138
-0.7691793441772461 -0.7330478429794312 0.5575119256973267
-0.5800584554672241 -0.7129408717155457 0.4379425644874573
-0.38166317343711853 -0.6632375121116638 0.29204460978507996
-0.18357987701892853 -0.5928886532783508 0.1290816366672516
0.004519545007497072 -0.5109835863113403 -0.041529856622219086
0.1729612797498703 -0.4266888499259949 -0.21028828620910645
0.3121683597564697 -0.34917011857032776 -0.3676900565624237
0.412774920463562 -0.28750079870224 -0.5043298006057739
0.4657461643218994 -0.25055888295173645 -0.6110081076622009
0.46258944272994995 -0.24684903025627136 -0.6789135932922363
0.4022733271121979 -0.27879273891448975 -0.7048640847206116
0.29613053798675537 -0.33864569664001465 -0.695110023021698
0.15640023350715637 -0.4178653657436371 -0.6567894220352173
-0.005252097733318806 -0.5082815885543823 -0.5968062877655029
-0.1778380274772644 -0.6021488308906555 -0.5217239856719971
-0.3510373830795288 -0.6921221613883972 -0.43772682547569275
-0.5150957703590393 -0.7711651921272278 -0.3506389856338501
-0.6606407761573792 -0.8323983550071716 -0.26599398255348206
-0.7784189581871033 -0.8688883185386658 -0.18915016949176788
-0.8591564297676086 -0.8735235929489136 -0.12536637485027313
-0.8998386263847351 -0.8437246084213257 -0.07728279381990433
-0.90501868724823 -0.7825676798820496 -0.044513408094644547
-0.879305899143219 -0.693256139755249 -0.026803458109498024
-0.8271918892860413 -0.5790257453918457 -0.024136532098054886
-0.7533244490623474 -0.44339364767074585 -0.0366407111287117
-0.6627369523048401 -0.290376752614975 -0.06448931246995926
-0.5610330700874329 -0.12468636780977249 -0.10779106616973877
-0.45450282096862793 0.04813401773571968 -0.16646848618984222
-0.3501504361629486 0.22164632380008698 -0.2401282787322998
-0.25537118315696716 0.38865721225738525 -0.32786959409713745
-0.1739756464958191 0.5429887175559998 -0.4272496700286865
-0.1063111424446106 0.6799386739730835 -0.5347176194190979
-0.05226430669426918 0.7953349947929382 -0.6466849446296692
-0.011414814740419388 0.8855331540107727 -0.7596766352653503
0.016897186636924744 0.9473975300788879 -0.8704211711883545
0.03350159898400307 0.9782382249832153 -0.9759047627449036
0.03933204710483551 0.9757132530212402 -1.073390245437622
0.03536766394972801 0.9377086162567139 -1.1604115962982178
0.0225833710283041 0.8621982336044312 -1.2347378730773926
0.0019815913401544094 0.7476716637611389 -1.2942194938659668
-0.0247995313256979 0.5981265902519226 -1.3357998132705688
-0.05576012656092644 0.42070308327674866 -1.3558592796325684
-0.08890444040298462 0.22262422740459442 -1.35080885887146
-0.12223690748214722 0.011229810304939747 -1.3171770572662354
-0.15376734733581543 -0.20600496232509613 -1.2517101764678955
-0.18152880668640137 -0.42150023579597473 -1.1514889001846313
-0.20360714197158813 -0.6276519894599915 -1.0140559673309326
-0.21818062663078308 -0.8169564008712769 -0.8375438451766968
-0.22356680035591125 -0.9821738600730896 -0.6207981109619141
-0.21944968402385712 -1.1159446239471436 -0.3658587634563446
-0.21276885271072388 -1.208465576171875 -0.08888992667198181
-0.21270981431007385 -1.2502343654632568 0.19225606322288513
-0.22811684012413025 -1.2320271730422974 0.46403294801712036
-0.2682613432407379 -1.142758846282959 0.7162947654724121
-0.34419676661491394 -0.9665955901145935 0.9410008192062378
-0.471053808927536 -0.678445041179657 1.1306207180023193
-0.6722783446311951 -0.23573057353496552 1.275968313217163
-0.9884652495384216 0.4388663172721863 1.3625210523605347
-1.498586654663086 1.4991302490234375 1.3623790740966797
1.4991534948349 0.5020713210105896 0.49699297547340393
0.6615613698959351 0.46612122654914856 0.49592769145965576
0.010628173127770424 0.3838084638118744 0.5183464288711548
-0.4781869053840637 0.2662557065486908 0.5567905902862549
-0.825907289981842 0.1240684986114502 0.6040980219841003
-1.0511183738708496 -0.03231630101799965 0.6531981825828552
-1.170809030532837 -0.19237300753593445 0.6969677805900574
-1.2010385990142822 -0.3453074097633362 0.7281387448310852
-1.1574625968933105 -0.4799533486366272 0.7392591834068298
-1.055739402770996 -0.5847489237785339 0.7227082252502441
-0.9118173718452454 -0.6478058695793152 0.6707754135131836
-0.740213930606842 -0.6623117327690125 0.5797660946846008
-0.5508527755737305 -0.6353415846824646 0.4566158354282379
-0.3530269265174866 -0.5764409303665161 0.31016018986701965
-0.15612465143203735 -0.4953434467315674 0.14938810467720032
0.030435847118496895 -0.4019071161746979 -0.01661846786737442
0.1972772628068924 -0.30604317784309387 -0.17875035107135773
0.33513525128364563 -0.2176435887813568 -0.32793885469436646
0.4349338710308075 -0.14650414884090424 -0.45522797107696533
0.4878579378128052 -0.10224825143814087 -0.551843523979187
0.4855056405067444 -0.09417890757322311 -0.6093254089355469
0.42667990922927856 -0.12523101270198822 -0.6247007250785828
0.3223130702972412 -0.18755674362182617 -0.6042884588241577
0.18427471816539764 -0.2724125385284424 -0.5552541613578796
0.023976216092705727 -0.37136632204055786 -0.48454320430755615
-0.147696390748024 -0.47633683681488037 -0.39880579710006714
-0.32036006450653076 -0.5795687437057495 -0.30437782406806946
-0.4840344190597534 -0.6735489368438721 -0.20730943977832794
-0.6289710402488708 -0.7508679032325745 -0.11343646049499512
-0.745408833026886 -0.8040246367454529 -0.028494818136096
-0.8234702348709106 -0.8253272771835327 0.04181307181715965
-0.8599214553833008 -0.8117913603782654 0.0945742279291153
-0.859697163105011 -0.7663170099258423 0.13016217947006226
-0.8279298543930054 -0.691953182220459 0.14883580803871155
-0.7697383761405945 -0.5917694568634033 0.15061886608600616
-0.6904972195625305 -0.4690878689289093 0.13539838790893555
-0.5960598587989807 -0.3276917338371277 0.10303012281656265
-0.4929291903972626 -0.17201244831085205 0.05345555394887924
-0.3883526027202606 -0.007268682587891817 -0.01316896453499794
-0.29031670093536377 0.16046057641506195 -0.09633507579565048
-0.20712165534496307 0.32433223724365234 -0.1949828863143921
-0.14245183765888214 0.47812706232070923 -0.3064393103122711
-0.09565399587154388 0.6167013645172119 -0.4268522262573242
-0.06554519385099411 0.7353324890136719 -0.5522822737693787
-0.050620999187231064 0.8297661542892456 -0.6788649559020996
-0.049147747457027435 0.896240770816803 -0.8029148578643799
-0.059250663965940475 0.9314690828323364 -0.9209972023963928
-0.07899165153503418 0.9325799345970154 -1.0299640893936157
-0.10643359273672104 0.8970332145690918 -1.1269656419754028
-0.13968892395496368 0.8225119709968567 -1.209430456161499
-0.17695271968841553 0.7074262499809265 -1.274949073791504
-0.21650609374046326 0.5563064813613892 -1.320533037185669
-0.2566685676574707 0.37707117199897766 -1.342874526977539
-0.295784056186676 0.17759771645069122 -1.338792324066162
-0.33222711086273193 -0.03430255502462387 -1.305290937423706
-0.36441516876220703 -0.25089898705482483 -1.2396241426467896
-0.39082521200180054 -0.4645829498767853 -1.1393598318099976
-0.4100145399570465 -0.6679331660270691 -1.0024495124816895
-0.42064419388771057 -0.8538005948066711 -0.8272930979728699
-0.42150405049324036 -1.015409231185913 -0.6127983331680298
-0.4126109480857849 -1.145878791809082 -0.3607988953590393
-0.4005487561225891 -1.2357128858566284 -0.08699798583984375
-0.3938674330711365 -1.2754567861557007 0.19114351272583008
-0.4007399380207062 -1.2557276487350464 0.4602489471435547
-0.4296705424785614 -1.1651326417922974 0.7101044058799744
-0.4907185733318329 -0.9874230027198792 0.9323761463165283
-0.5975556373596191 -0.6969929337501526 1.11900794506073
-0.771248996257782 -0.2506284713745117 1.2599844932556152
-1.0481230020523071 0.4298068881034851 1.3394423723220825
-1.4985864162445068 1.4991300106048584 1.3270936012268066
1.499153733253479 0.6225753426551819 0.6174448728561401
0.658481776714325 0.5766344666481018 0.6092752814292908
0.00922349188476801 0.48449498414993286 0.6218358874320984
-0.475385457277298 0.35756632685661316 0.6483189463615417
-0.8177248239517212 0.20664925873279572 0.6822506785392761
-1.0371761322021484 0.04236488789319992 0.7172677516937256
-1.1511808633804321 -0.12453097850084305 0.7469606399536133
-1.1760659217834473 -0.2829321622848511 0.7647796869277954
-1.1276885271072388 -0.42126214504241943 0.763995885848999
-1.02193021774292 -0.5274547934532166 0.7377248406410217
-0.8750416040420532 -0.5890535116195679 0.6790211200714111
-0.7018067240715027 -0.5989530682563782 0.5847258567810059
-0.5120920538902283 -0.5647329688072205 0.4616105556488037
-0.315032958984375 -0.49661168456077576 0.31820744276046753
-0.11979767680168152 -0.40500393509864807 0.16315364837646484
0.06448245048522949 -0.30042657256126404 0.005117501597851515
0.2287725955247879 -0.19341504573822021 -0.14726515114307404
0.36418238282203674 -0.09445258229970932 -0.28544512391090393
0.4620036780834198 -0.013910194858908653 -0.4010039269924164
0.5137330889701843 0.037996500730514526 -0.4856843054294586
0.5111633539199829 0.05131378769874573 -0.5314702391624451
0.4530024826526642 0.02264089323580265 -0.535624623298645
0.3497750759124756 -0.04019138589501381 -0.5044416189193726
0.21295131742954254 -0.12838856875896454 -0.4450121223926544
0.053644150495529175 -0.2334083616733551 -0.3642251789569855
-0.11741441488265991 -0.34697726368904114 -0.26872962713241577
-0.2898302376270294 -0.46105721592903137 -0.16493743658065796
-0.4534447193145752 -0.5677638649940491 -0.059063732624053955
-0.5981729030609131 -0.6592393517494202 0.042797960340976715
-0.7137762904167175 -0.7274736762046814 0.13456276059150696
-0.7897965312004089 -0.7642318606376648 0.21010001003742218
-0.822769284248352 -0.7661156058311462 0.26622718572616577
-0.8179662823677063 -0.7358043789863586 0.3033105432987213
-0.7810049653053284 -0.6761587262153625 0.32163262367248535
-0.7175975441932678 -0.5900566577911377 0.3212571144104004
-0.6338114738464355 -0.4806067645549774 0.3021310269832611
-0.5362813472747803 -0.35134157538414 0.26419422030448914
-0.432365357875824 -0.2063937485218048 0.2075013816356659
-0.33021846413612366 -0.05063285306096077 0.13235488533973694
-0.2387559711933136 0.11025609076023102 0.03944462910294533
-0.16713708639144897 0.26982858777046204 -0.06995352357625961
-0.11893781274557114 0.4218885898590088 -0.19294534623622894
-0.09256655722856522 0.5609198808670044 -0.3254369795322418
-0.08582069724798203 0.6817120313644409 -0.463197261095047
-0.09614138305187225 0.779450535774231 -0.6020245552062988
-0.12072858214378357 0.8497846126556396 -0.7378626465797424
-0.156649649143219 0.8888515830039978 -0.8668892979621887
-0.2009342908859253 0.8932631015777588 -0.9855722188949585
-0.2506530284881592 0.8600602149963379 -1.0906996726989746
-0.3029749393463135 0.7866409420967102 -1.1793798208236694
-0.35527724027633667 0.6713405251502991 -1.2489726543426514
-0.4057687520980835 0.5191823244094849 -1.296613335609436
-0.45312559604644775 0.3387966454029083 -1.31937837600708
-0.4960865378379822 0.13864687085151672 -1.3145629167556763
-0.533456563949585 -0.07304994761943817 -1.279707908630371
-0.5641152262687683 -0.2883640229701996 -1.2126214504241943
-0.5870251655578613 -0.4996959865093231 -1.1113983392715454
-0.6012393236160278 -0.6998224854469299 -0.9744364023208618
-0.6059085726737976 -0.881940484046936 -0.8004508018493652
-0.6002874970436096 -1.0397104024887085 -0.5884827375411987
-0.5847362279891968 -1.1666975021362305 -0.3402552008628845
-0.5656411051750183 -1.2536925077438354 -0.07107994705438614
-0.5511060357093811 -1.2913087606430054 0.20193451642990112
-0.5487958192825317 -1.2700588703155518 0.46555420756340027
-0.5666073560714722 -1.1783260107040405 0.7094624638557434
-0.6137976050376892 -0.999553382396698 0.9249575734138489
-0.7028586864471436 -0.7077598571777344 1.1032978296279907
-0.8529460430145264 -0.25928306579589844 1.2333201169967651
-1.0969785451889038 0.42454826831817627 1.2971957921981812
-1.4985864162445068 1.4991300106048584 1.2609584331512451
1.4991536140441895 0.7047309875488281 0.6995648145675659
0.6535417437553406 0.6494226455688477 0.682356059551239
0.006254830863326788 0.5492149591445923 0.6843230724334717
-0.47279566526412964 0.41556355357170105 0.6991128921508789
-0.8079721927642822 0.25919514894485474 0.720791220664978
-1.0197906494140625 0.09064402431249619 0.7435786724090576
-1.1263121366500854 -0.07936061173677444 0.7616724371910095
-1.1442070007324219 -0.239631786942482 0.769136905670166
-1.0895739793777466 -0.3783826529979706 0.7598630785942078
-0.9785622954368591 -0.48321256041526794 0.7275974750518799
-0.8278023600578308 -0.5412461161613464 0.6660526394844055
-0.6524271368980408 -0.5451595187187195 0.5725042819976807
-0.46224328875541687 -0.5029325485229492 0.45346683263778687
-0.2662067115306854 -0.42533567547798157 0.3170793652534485
-0.07323338836431503 -0.3233450651168823 0.17153769731521606
0.10787589102983475 -0.2080085277557373 0.025007987394928932
0.2684870958328247 -0.0903427004814148 -0.11443738639354706
0.4001559317111969 0.018739107996225357 -0.23885932564735413
0.4946291148662567 0.10846750438213348 -0.34046995639801025
0.5438162088394165 0.16822455823421478 -0.41162410378456116
0.5398183465003967 0.18759799003601074 -0.4448486864566803
0.481323778629303 0.16280727088451385 -0.43766650557518005
0.3784385323524475 0.1015603169798851 -0.3962404131889343
0.242197647690773 0.012562026269733906 -0.32746994495391846
0.08336584270000458 -0.09568478167057037 -0.23807625472545624
-0.08753892034292221 -0.2148638367652893 -0.13460293412208557
-0.2601768970489502 -0.3367948830127716 -0.023443588986992836
-0.4242751896381378 -0.45334821939468384 0.08910395950078964
-0.5694719552993774 -0.5563240051269531 0.19675752520561218
-0.6851059198379517 -0.6372895836830139 0.29313984513282776
-0.760189414024353 -0.687534749507904 0.37173783779144287
-0.7910222411155701 -0.7032613158226013 0.4291225075721741
-0.7831436395645142 -0.686896026134491 0.46566370129585266
-0.7425870299339294 -0.6410880088806152 0.4816940426826477
-0.6755879521369934 -0.568511962890625 0.47736042737960815
-0.5888295769691467 -0.4720585346221924 0.45272746682167053
-0.4896390736103058 -0.3550088405609131 0.4078887104988098
-0.3861265778541565 -0.22119663655757904 0.34309011697769165
-0.28723570704460144 -0.0751364454627037 0.2588618993759155
-0.20268289744853973 0.0778966099023819 0.1561550498008728
-0.1423640251159668 0.23188966512680054 0.03652722388505936
-0.10975244641304016 0.3807370066642761 -0.09691831469535828
-0.10242901742458344 0.518642008304596 -0.23992207646369934
-0.11728262901306152 0.6400007009506226 -0.3880445659160614
-0.15079976618289948 0.7395269274711609 -0.5368309020996094
-0.19919750094413757 0.8123554587364197 -0.6819353699684143
-0.25855162739753723 0.8541089296340942 -0.8192237019538879
-0.32491156458854675 0.8609259128570557 -0.9448475241661072
-0.3943990468978882 0.8294583559036255 -1.055296540260315
-0.4632839560508728 0.756837785243988 -1.1474195718765259
-0.5281735062599182 0.6413254141807556 -1.2184044122695923
-0.5872138738632202 0.48836183547973633 -1.2655788660049438
-0.6394360661506653 0.307179719209671 -1.2864692211151123
-0.6839829683303833 0.10672973096370697 -1.2788987159729004
-0.7200993895530701 -0.10444558411836624 -1.2409778833389282
-0.7471274733543396 -0.31827250123023987 -1.1710891723632812
-0.7645017504692078 -0.5271863341331482 -1.0678647756576538
-0.7717423439025879 -0.7241548895835876 -0.9301644563674927
-0.768446147441864 -0.902685821056366 -0.7570492029190063
-0.7542808055877686 -1.0568228960037231 -0.5477570295333862
-0.7299335598945618 -1.1805187463760376 -0.30400028824806213
-0.7018119096755981 -1.2648073434829712 -0.04078780114650726
-0.6778488755226135 -1.3003736734390259 0.2250657081604004
-0.6654461026191711 -1.2776751518249512 0.4804280698299408
-0.6721354126930237 -1.184950590133667 0.714838445186615
-0.7066550850868225 -1.0054391622543335 0.9191533923149109
-0.7807149291038513 -0.7129122614860535 1.0837961435317993
-0.9121977686882019 -0.2634216547012329 1.1961567401885986
-1.1317654848098755 0.4220257103443146 1.235843539237976
-1.4985864162445068 1.499130129814148 1.1639683246612549
1.499153733253479 0.7431538701057434 0.7379710078239441
0.6467464566230774 0.6782836318016052 0.7099851369857788
0.0018457828555256128 0.5713914036750793 0.7009581327438354
-0.4701422452926636 0.433628648519516 0.7047446966171265
-0.7962021827697754 0.2753055691719055 0.7157663106918335
-0.9983177781105042 0.10654464364051819 0.7286837697029114
-1.0953361988067627 -0.062254492193460464 0.7381782531738281
-1.1043541431427002 -0.22010333836078644 0.7388185262680054
-1.0417683124542236 -0.3552590310573578 0.7250084280967712
-0.9240654706954956 -0.4552197754383087 0.6910163164138794
-0.7683663964271545 -0.5069148540496826 0.6311006546020508
-0.5902599692344666 -0.5029362440109253 0.542855978012085
-0.3994928002357483 -0.4515622556209564 0.4324265122413635
-0.20480938255786896 -0.3639836013317108 0.3074461817741394
-0.0148288169875741 -0.25160425901412964 0.1755608469247818
0.16203877329826355 -0.12585799396038055 0.04432803392410278
0.3176330327987671 0.0019214287167415023 -0.07884596288204193
0.4440433084964752 0.12057491391897202 -0.18673282861709595
0.5335700511932373 0.21914052963256836 -0.2722744047641754
0.578648030757904 0.2868202030658722 -0.3285382390022278
0.5718090534210205 0.3129757344722748 -0.34869855642318726
0.5118011236190796 0.2935696244239807 -0.33056366443634033
0.408293217420578 0.23609904944896698 -0.2800469994544983
0.27184244990348816 0.1490512192249298 -0.20372875034809113
0.1128072589635849 0.04074694216251373 -0.10803976655006409
-0.05857838690280914 -0.08060353249311447 0.0006995783187448978
-0.2321070283651352 -0.2068263739347458 0.11622566729784012
-0.39747312664985657 -0.3296879529953003 0.23226267099380493
-0.5441190004348755 -0.4407762587070465 0.3424367606639862
-0.661041259765625 -0.5313520431518555 0.4401683211326599
-0.7368038892745972 -0.5923312306404114 0.5186475515365601
-0.7674737572669983 -0.6195562481880188 0.5742498636245728
-0.758760929107666 -0.6151841282844543 0.6073698401451111
-0.7170127630233765 -0.5816431045532227 0.6184284687042236
-0.6488786935806274 -0.521406888961792 0.6077125072479248
-0.561533510684967 -0.4371590316295624 0.5754764676094055
-0.4628525972366333 -0.33194592595100403 0.5220532417297363
-0.36152881383895874 -0.20932020246982574 0.44797322154045105
-0.2671024203300476 -0.07345551997423172 0.35409045219421387
-0.1898791491985321 0.07077913731336594 0.24170736968517303
-0.14028435945510864 0.21781711280345917 0.11273614317178726
-0.12167511135339737 0.3617092967033386 -0.029524723067879677
-0.13096319139003754 0.49649009108543396 -0.18073877692222595
-0.16430407762527466 0.6162859797477722 -0.3363640010356903
-0.21740813553333282 0.7154644727706909 -0.4918089210987091
-0.28568345308303833 0.7887643575668335 -0.6425594687461853
-0.36437922716140747 0.8313954472541809 -0.7842915058135986
-0.44871848821640015 0.8391056656837463 -0.9129588007926941
-0.5340185761451721 0.8082168102264404 -1.0248643159866333
-0.6157875657081604 0.7356268167495728 -1.116700530052185
-0.6899868845939636 0.6195204854011536 -1.1855782270431519
-0.7547016143798828 0.4656444787979126 -1.2290983200073242
-0.8092548847198486 0.2836783826351166 -1.2452925443649292
-0.8531347513198853 0.08293204009532928 -1.2325429916381836
-0.8859620094299316 -0.12781976163387299 -1.1895383596420288
-0.907471776008606 -0.34041130542755127 -1.1152278184890747
-0.9174913167953491 -0.5473227500915527 -1.0087699890136719
-0.915920078754425 -0.74168461561203 -0.8694838881492615
-0.9027101397514343 -0.9172578454017639 -0.6967990398406982
-0.8778477311134338 -1.0683939456939697 -0.49020999670028687
-0.8423129320144653 -1.1893547773361206 -0.2515242397785187
-0.802823007106781 -1.2713536024093628 0.004453742410987616
-0.7675095796585083 -1.3051353693008423 0.26113560795783997
-0.7438409924507141 -1.2811439037322998 0.5054468512535095
-0.7393085360527039 -1.1875492334365845 0.7267422080039978
-0.7625065445899963 -1.007483959197998 0.9153712391853333
-0.8248751759529114 -0.7145881056785583 1.060785174369812
-0.9438333511352539 -0.2647593319416046 1.1486470699310303
-1.1492180824279785 0.42117688059806824 1.1554330587387085
-1.4985865354537964 1.4991302490234375 1.036121129989624
1.4991536140441895 0.7322022914886475 0.7273436784744263
0.6381474733352661 0.6572596430778503 0.6872221231460571
-0.003762324107810855 0.5450350642204285 0.6672309041023254
-0.4669758081436157 0.4059253931045532 0.6611379384994507
-0.7817563414573669 0.24943256378173828 0.6635196805000305
-0.9718815684318542 0.08492004871368408 0.6693316102027893
-1.0571435689926147 -0.07785990834236145 0.6736257672309875
-1.0551503896713257 -0.22841453552246094 0.6713786721229553
-0.9826682806015015 -0.3553297519683838 0.6574147939682007
-0.8566187024116516 -0.4462817907333374 0.6264275908470154
-0.6947569251060486 -0.48828935623168945 0.573111355304718
-0.5132664442062378 -0.4740506410598755 0.49524933099746704
-0.32183265686035156 -0.4120493233203888 0.39846929907798767
-0.12894520163536072 -0.3137591779232025 0.2897559106349945
0.057136815041303635 -0.19086746871471405 0.17606709897518158
0.2284732311964035 -0.05503242090344429 0.06422318518161774
0.3774711489677429 0.08227770775556564 -0.03915499895811081
0.4968571364879608 0.20986437797546387 -0.12765979766845703
0.5795992612838745 0.31680211424827576 -0.19506660103797913
0.6187780499458313 0.3923626244068146 -0.23525875806808472
0.6074860692024231 0.42594805359840393 -0.24216477572917938
0.5446100234985352 0.4134185314178467 -0.21390444040298462
0.4393538236618042 0.36198949813842773 -0.15601466596126556
0.3017450273036957 0.27981677651405334 -0.07462310791015625
0.1416698694229126 0.17490892112255096 0.024258332327008247
-0.03100181557238102 0.05522618070244789 0.13465829193592072
-0.2062857300043106 -0.07121513783931732 0.2505683898925781
-0.3739411532878876 -0.19623123109340668 0.36585965752601624
-0.5233165621757507 -0.3113488256931305 0.4741916358470917
-0.6431730389595032 -0.4076676666736603 0.5689096450805664
-0.7217357754707336 -0.4758685827255249 0.6430394649505615
-0.7548477053642273 -0.5115066170692444 0.6928490400314331
-0.748266875743866 -0.5164663195610046 0.7187936305999756
-0.7085179090499878 -0.49296048283576965 0.7214367985725403
-0.6425134539604187 -0.4432770013809204 0.701276957988739
-0.5577476024627686 -0.36991655826568604 0.658846914768219
-0.46244314312934875 -0.2757214903831482 0.5948175191879272
-0.36564335227012634 -0.1639958769083023 0.5101087689399719
-0.2772195637226105 -0.03860241547226906 0.40600183606147766
-0.20777538418769836 0.0959751084446907 0.2842448055744171
-0.16797636449337006 0.23461423814296722 0.14717690646648407
-0.16103050112724304 0.3715851306915283 -0.0017251172102987766
-0.18338294327259064 0.500878095626831 -0.1581452637910843
-0.23069392144680023 0.6164975166320801 -0.3175630569458008
-0.2981557548046112 0.7126234173774719 -0.4753948152065277
-0.3806370198726654 0.7837550640106201 -0.6271170973777771
-0.4728318750858307 0.824833869934082 -0.7683807611465454
-0.5694038271903992 0.8313373923301697 -0.895107626914978
-0.6651213765144348 0.7993457317352295 -1.003571629524231
-0.7549721598625183 0.7255746126174927 -1.0904542207717896
-0.8344755172729492 0.6081298589706421 -1.1529146432876587
-0.9016384482383728 0.4529153108596802 -1.1889158487319946
-0.9559367299079895 0.26986077427864075 -1.1970409154891968
-0.9970569610595703 0.0684785395860672 -1.1762415170669556
-1.0248479843139648 -0.1423283815383911 -1.1257716417312622
-1.0392870903015137 -0.35435059666633606 -1.0451219081878662
-1.0404460430145264 -0.56010901927948 -0.9339531064033508
-1.0284600257873535 -0.7528499364852905 -0.7920341491699219
-1.0034992694854736 -0.9265090823173523 -0.6191837191581726
-0.9657443761825562 -1.075654149055481 -0.41521716117858887
-0.9164240956306458 -1.1947637796401978 -0.18214848637580872
-0.8629307746887207 -1.2751473188400269 0.06532550603151321
-0.8140552043914795 -1.3075870275497437 0.3107825517654419
-0.7777392864227295 -1.2825466394424438 0.5411708354949951
-0.7618271708488464 -1.1881974935531616 0.7456334233283997
-0.7752162218093872 -1.0076593160629272 0.91396164894104
-0.8296804428100586 -0.7145441770553589 1.0345171689987183
-0.9431185126304626 -0.2647022306919098 1.0909788608551025
-1.1462010145187378 0.42113763093948364 1.0561480522155762
-1.498159646987915 1.4991300106048584 0.8776869177818298
1.499153733253479 0.6731550097465515 0.6724562048912048
0.628993809223175 0.5892332196235657 0.6188473701477051
-0.008644752204418182 0.4740147888660431 0.5878338813781738
-0.46111318469047546 0.3367588222026825 0.5727755427360535
-0.7624562978744507 0.18587487936019897 0.5682070851325989
-0.9384579658508301 0.02973834238946438 0.5692538022994995
-1.009941816329956 -0.12274898588657379 0.5712564587593079
-0.995073139667511 -0.26178786158561707 0.5695403218269348
-0.911038339138031 -0.37649697065353394 0.5592984557151794
-0.7752795815467834 -0.45495033264160156 0.5355885028839111
-0.6063244938850403 -0.48449885845184326 0.49345579743385315
-0.4210813343524933 -0.4581212103366852 0.4307444989681244
-0.229164719581604 -0.3844287097454071 0.3523930013179779
-0.03875352442264557 -0.2750523090362549 0.26456403732299805
0.14233015477657318 -0.14182259142398834 0.17336921393871307
0.306706964969635 0.003534924238920212 0.08475176244974136
0.447450190782547 0.1495949774980545 0.004428939428180456
0.5580247640609741 0.28531718254089355 -0.06211104616522789
0.632167398929596 0.40002843737602234 -0.10956059396266937
0.663707971572876 0.4833054840564728 -0.13269563019275665
0.6464061141014099 0.5248442888259888 -0.12627965211868286
0.5793490409851074 0.5205559134483337 -0.08875901252031326
0.4712439775466919 0.4773173928260803 -0.025186588987708092
0.3315408527851105 0.4028598964214325 0.05886970832943916
0.16959404945373535 0.3047683537006378 0.15791665017604828
-0.005164674017578363 0.1906241476535797 0.26643240451812744
-0.18306104838848114 0.06814129650592804 0.3787691295146942
-0.35401737689971924 -0.05470270290970802 0.489057719707489
-0.5073944926261902 -0.1695391982793808 0.5911142826080322
-0.6318294405937195 -0.26747798919677734 0.6783453226089478
-0.7153270244598389 -0.33913853764533997 0.7437637448310852
-0.7535168528556824 -0.3798852562904358 0.7836398482322693
-0.7520748376846313 -0.39133453369140625 0.7985436320304871
-0.7175530195236206 -0.37548691034317017 0.7892453670501709
-0.6569618582725525 -0.3344544470310211 0.75653475522995
-0.5779259204864502 -0.2705709636211395 0.7013115286827087
-0.4888001084327698 -0.1864946186542511 0.62468022108078
-0.3987313210964203 -0.08530337363481522 0.5280460715293884
-0.31764671206474304 0.029430223628878593 0.41320738196372986
-0.25614941120147705 0.1535920649766922 0.28243592381477356
-0.22484830021858215 0.28250154852867126 0.13855472207069397
-0.2267719954252243 0.4107016324996948 -0.014798249118030071
-0.2581145167350769 0.5322508215904236 -0.17341279983520508
-0.3142978250980377 0.641170859336853 -0.332902729511261
-0.3902817368507385 0.7316094040870667 -0.4888286292552948
-0.4807015359401703 0.7979872822761536 -0.636812686920166
-0.5800133347511292 0.8351295590400696 -0.7726477980613708
-0.682638943195343 0.8383761048316956 -0.8923932909965515
-0.7831057906150818 0.8036660552024841 -0.9924591183662415
-0.8761703968048096 0.7275928854942322 -1.0696667432785034
-0.9571470618247986 0.6081826090812683 -1.1213531494140625
-1.0239272117614746 0.4513404369354248 -1.1459306478500366
-1.075943946838379 0.26703712344169617 -1.1425765752792358
-1.1128766536712646 0.06482280045747757 -1.1108208894729614
-1.1345973014831543 -0.1463782638311386 -1.0504714250564575
-1.1411263942718506 -0.35836338996887207 -0.9615392684936523
-1.1325933933258057 -0.5636910200119019 -0.8441706895828247
-1.1091984510421753 -0.7556781768798828 -0.6985833644866943
-1.0711792707443237 -0.9283631443977356 -0.5250096321105957
-1.0187803506851196 -1.0764447450637817 -0.32364657521247864
-0.9534394145011902 -1.1945346593856812 -0.09680892527103424
-0.8835862874984741 -1.2739617824554443 0.1408543437719345
-0.8191214203834534 -1.3055239915847778 0.3730619549751282
-0.7688453197479248 -1.2797328233718872 0.5867742896080017
-0.741316020488739 -1.184828519821167 0.7709106802940369
-0.7461307644844055 -1.0040110349655151 0.9146661758422852
-0.7959215641021729 -0.7109852433204651 1.0052119493484497
-0.9098743200302124 -0.2617081105709076 1.0240169763565063
-1.1209051609039307 0.4229722321033478 0.9397358894348145
-1.4926923513412476 1.4991300106048584 0.6916936039924622
1.499153733253479 0.5707911849021912 0.5835862755775452
0.62127286195755 0.48168206214904785 0.5148044228553772
-0.00988698098808527 0.3673233091831207 0.4722606837749481
-0.4493877589702606 0.23568598926067352 0.4485626816749573
-0.7352858185768127 0.0940200537443161 0.4380132853984833
-0.895410418510437 -0.05032037943601608 0.4358033239841461
-0.9516025185585022 -0.1893143355846405 0.43751129508018494
-0.9225707650184631 -0.31390300393104553 0.43878957629203796
-0.8259350657463074 -0.41381365060806274 0.43518900871276855
-0.67971271276474 -0.47762730717658997 0.4221109449863434
-0.5033032298088074 -0.49317362904548645 0.3948984444141388
-0.31443074345588684 -0.4538218080997467 0.3513365387916565
-0.12261587381362915 -0.3682436943054199 0.29548534750938416
0.06434120982885361 -0.24811391532421112 0.232495978474617
0.2391408234834671 -0.10527700930833817 0.16746430099010468
0.3950575888156891 0.0486203134059906 0.10531807690858841
0.5259214639663696 0.2023552656173706 0.050765037536621094
0.6260194778442383 0.3452160954475403 0.008299523964524269
0.689931333065033 0.46696406602859497 -0.01773867756128311
0.7123035788536072 0.557675838470459 -0.023056505247950554
0.6876317858695984 0.6075533032417297 -0.003293334972113371
0.6152384281158447 0.6126896142959595 0.04277753084897995
0.5033071637153625 0.5795776844024658 0.11066584289073944
0.36067453026771545 0.515450656414032 0.19543103873729706
0.19611844420433044 0.4273807108402252 0.2921580970287323
0.018574951216578484 0.32246115803718567 0.3958362638950348
-0.1626645177602768 0.20797225832939148 0.5012488961219788
-0.33777227997779846 0.0915311872959137 0.6028720736503601
-0.4962201416492462 -0.018771883100271225 0.6947828531265259
-0.6266295909881592 -0.11424878984689713 0.7705752849578857
-0.7168965935707092 -0.18566201627254486 0.8234013915061951
-0.7624484300613403 -0.22830508649349213 0.8496540188789368
-0.7687519788742065 -0.24353045225143433 0.850081741809845
-0.7422388195991516 -0.2331218123435974 0.8257311582565308
-0.6898515820503235 -0.19901013374328613 0.777758002281189
-0.6191621422767639 -0.14335781335830688 0.7075087428092957
-0.5384520888328552 -0.06863544881343842 0.6165992617607117
-0.4567466676235199 0.022308016195893288 0.506992757320404
-0.38378381729125977 0.12619243562221527 0.38106757402420044
-0.32990556955337524 0.23927713930606842 0.24166885018348694
-0.3054112195968628 0.3573321998119354 0.09213591367006302
-0.3131398558616638 0.47521844506263733 -0.06374945491552353
-0.3492475748062134 0.587152361869812 -0.22194749116897583
-0.4091675281524658 0.6872876882553101 -0.3782936632633209
-0.48790493607521057 0.7698727250099182 -0.528601348400116
-0.5801615118980408 0.8293910622596741 -0.6687647104263306
-0.6804695129394531 0.8606913089752197 -0.7948575615882874
-0.7833271026611328 0.8591005802154541 -0.903221070766449
-0.8833326697349548 0.8205159306526184 -0.9905428290367126
-0.975304365158081 0.7414699196815491 -1.053913950920105
-1.0545891523361206 0.6199129819869995 -1.0909591913223267
-1.118910312652588 0.4616038501262665 -1.10061776638031
-1.1674360036849976 0.27635183930397034 -1.08270263671875
-1.1996073722839355 0.07358293235301971 -1.037340521812439
-1.2150875329971313 -0.13786906003952026 -0.9648945331573486
-1.2137209177017212 -0.349865198135376 -0.8658949732780457
-1.1954939365386963 -0.5550118684768677 -0.7409756779670715
-1.1604944467544556 -0.7466685175895691 -0.5908167362213135
-1.1088765859603882 -0.9189221262931824 -0.41609567403793335
-1.040829062461853 -1.0665371417999268 -0.21744568645954132
-0.9579616785049438 -1.1841914653778076 0.0024497651029378176
-0.8700501322746277 -1.2631744146347046 0.22898156940937042
-0.7884777784347534 -1.2942800521850586 0.44602933526039124
-0.7232099771499634 -1.2680941820144653 0.6405830383300781
-0.683788001537323 -1.1729867458343506 0.8013429641723633
-0.6807861924171448 -0.9923372268676758 0.9168825745582581
-0.7280415892601013 -0.7000938057899475 0.9731045365333557
-0.8465460538864136 -0.2525656521320343 0.9490968585014343
-1.0723425149917603 0.42883098125457764 0.809026837348938
-1.475236415863037 1.4991300106048584 0.48320072889328003
1.499153733253479 0.4294607937335968 0.47102248668670654
0.6170914769172668 0.3417414426803589 0.3848249018192291
-0.004470821004360914 0.2335868775844574 0.3296610116958618
-0.42856365442276 0.11186892539262772 0.29700279235839844
-0.6971827149391174 -0.017135949805378914 0.2807227671146393
-0.8400724530220032 -0.14693161845207214 0.27598026394844055
-0.8799819946289062 -0.2702507972717285 0.2785540521144867
-0.8360986709594727 -0.37869155406951904 0.284423291683197
-0.7264547944068909 -0.46255218982696533 0.28951162099838257
-0.5696619153022766 -0.5109289288520813 0.28956955671310425
-0.38604500889778137 -0.5121804475784302 0.28020599484443665
-0.1941847801208496 -0.4601050913333893 0.25903287529945374
-0.0034661306999623775 -0.3633641302585602 0.22903525829315186
0.17876748740673065 -0.23356634378433228 0.1941545009613037
0.34582921862602234 -0.08244343847036362 0.15830029547214508
0.4917364716529846 0.07857297360897064 0.12525255978107452
0.6111538410186768 0.23860393464565277 0.09861984103918076
0.699251115322113 0.3874095380306244 0.08185165375471115
0.7514949440956116 0.5153300166130066 0.07829879224300385
0.7633814215660095 0.6130931377410889 0.09131786972284317
0.7301722168922424 0.6715744137763977 0.1243857741355896
0.6514390110969543 0.6871531009674072 0.17841489613056183
0.5348192453384399 0.6658980250358582 0.24953104555606842
0.38851508498191833 0.614488422870636 0.3334575593471527
0.22070108354091644 0.5394148230552673 0.42588475346565247
0.03977735713124275 0.4471932649612427 0.5223425030708313
-0.14540418982505798 0.34455379843711853 0.6180872321128845
-0.32534003257751465 0.23860664665699005 0.7080019116401672
-0.4897029995918274 0.13698571920394897 0.7865107655525208
-0.6272002458572388 0.047969792038202286 0.8475117683410645
-0.7257258892059326 -0.019576629623770714 0.8844443559646606
-0.780515193939209 -0.061016593128442764 0.8939484357833862
-0.7967059016227722 -0.07744604349136353 0.8770201802253723
-0.7804630994796753 -0.07042094320058823 0.8350487351417542
-0.7385006546974182 -0.0416729710996151 0.7696227431297302
-0.6781603693962097 0.006830278784036636 0.6825980544090271
-0.6074604392051697 0.07283168286085129 0.5761575102806091
-0.5351032018661499 0.15373754501342773 0.45286881923675537
-0.4704277813434601 0.24658532440662384 0.3157244920730591
-0.42330077290534973 0.3480302691459656 0.16816449165344238
-0.4035078287124634 0.45431414246559143 0.014052608981728554
-0.41371461749076843 0.5606566071510315 -0.14270548522472382
-0.45025280117988586 0.6615042686462402 -0.2982886731624603
-0.5088090896606445 0.7512363791465759 -0.4488198161125183
-0.5846981406211853 0.8243120312690735 -0.5904470682144165
-0.6729717254638672 0.8753986954689026 -0.7194332480430603
-0.7685352563858032 0.8994908332824707 -0.832240104675293
-0.8662663102149963 0.8920163512229919 -0.9256022572517395
-0.961132287979126 0.8489235043525696 -0.9965938329696655
-1.0482964515686035 0.7667457461357117 -1.0426750183105469
-1.1233696937561035 0.6433682441711426 -1.061840534210205
-1.183847427368164 0.48426616191864014 -1.053614854812622
-1.2284045219421387 0.2988944947719574 -1.018484354019165
-1.2560023069381714 0.09639318287372589 -0.9571951031684875
-1.265855073928833 -0.11461243033409119 -0.8706836700439453
-1.2574025392532349 -0.32611945271492004 -0.7600170969963074
-1.2302775382995605 -0.5308101177215576 -0.6263390779495239
-1.1842732429504395 -0.722079336643219 -0.47082310914993286
-1.119309663772583 -0.8940293788909912 -0.2946321964263916
-1.0354024171829224 -1.0414437055587769 -0.09888599067926407
-0.9342992901802063 -1.1590160131454468 0.11331770569086075
-0.8273610472679138 -1.2379481792449951 0.3274461627006531
-0.7277415990829468 -1.2690099477767944 0.527597188949585
-0.6467965841293335 -1.2428797483444214 0.7008322477340698
-0.595229983329773 -1.148112416267395 0.8356528282165527
-0.584753155708313 -0.9683701395988464 0.92000412940979
-0.6305806636810303 -0.6780239939689636 0.9384766221046448
-0.755735456943512 -0.23406723141670227 0.8676887154579163
-0.9997217655181885 0.4408417046070099 0.6671746969223022
-1.4389946460723877 1.499130129814148 0.25803688168525696
1.4991536140441895 0.2539249360561371 0.3459184169769287
0.6187111735343933 0.17688024044036865 0.23912131786346436
0.010756907984614372 0.08162139356136322 0.1694190502166748
-0.3953174352645874 -0.02545344829559326 0.12669752538204193
-0.6450393199920654 -0.13857805728912354 0.10416774451732635
-0.7697668671607971 -0.25176453590393066 0.09684242308139801
-0.7929667234420776 -0.3582366406917572 0.10065564513206482
-0.7341939210891724 -0.4500572085380554 0.11191081255674362
-0.6118388772010803 -0.5179632902145386 0.126922607421875
-0.44508689641952515 -0.5514833331108093 0.1418045312166214
-0.2551785111427307 -0.5394557118415833 0.15240535140037537
-0.06152679771184921 -0.47606393694877625 0.15605492889881134
0.12668323516845703 -0.369870126247406 0.15447375178337097
0.30265012383461 -0.23230114579200745 0.15020358562469482
0.4603881239891052 -0.07484813034534454 0.14580821990966797
0.5947332978248596 0.09140105545520782 0.1438031792640686
0.7012408375740051 0.2560329735279083 0.14662830531597137
0.775994598865509 0.4093910753726959 0.15666069090366364
0.8153583407402039 0.5424988865852356 0.17626585066318512
0.8156737089157104 0.64683997631073 0.20788390934467316
0.7729625105857849 0.7140810489654541 0.25412604212760925
0.6870386004447937 0.740960419178009 0.31561100482940674
0.5649820566177368 0.7330856323242188 0.38911256194114685
0.4143560826778412 0.6965382695198059 0.47102922201156616
0.24272407591342926 0.6371769309043884 0.5576586723327637
0.057930443435907364 0.5608698725700378 0.6450773477554321
-0.13165119290351868 0.4736972451210022 0.7290339469909668
-0.31689977645874023 0.38212695717811584 0.8048593401908875
-0.4877673387527466 0.2931619882583618 0.8673948645591736
-0.6331417560577393 0.21445757150650024 0.9109460711479187
-0.741015613079071 0.15425905585289001 0.9293789267539978
-0.8064450025558472 0.11697819083929062 0.9197001457214355
-0.8341284394264221 0.10176417976617813 0.883217990398407
-0.8298271894454956 0.10730352997779846 0.8217210173606873
-0.7998706698417664 0.13209229707717896 0.7372803688049316
-0.7512056231498718 0.17439591884613037 0.632302463054657
-0.6914151310920715 0.2322147637605667 0.5095691084861755
-0.6287051439285278 0.3032560646533966 0.3722715675830841
-0.5718446969985962 0.3849183917045593 0.22402463853359222
-0.5300570130348206 0.47429099678993225 0.06886043399572372
-0.5124621391296387 0.5681184530258179 -0.08884349465370178
-0.5215973258018494 0.6620184779167175 -0.24507872760295868
-0.5541853904724121 0.7507274150848389 -0.3962780833244324
-0.6063995957374573 0.8289252519607544 -0.5388989448547363
-0.6741116046905518 0.89137202501297 -0.6694836616516113
-0.7529823184013367 0.9330189824104309 -0.784732460975647
-0.8385594487190247 0.9491109848022461 -0.8815701007843018
-0.9263728260993958 0.9352758526802063 -0.9572020769119263
-1.0120291709899902 0.8875980377197266 -1.009161353111267
-1.091296672821045 0.8026737570762634 -1.0353409051895142
-1.1602659225463867 0.6783398985862732 -1.0341527462005615
-1.216147541999817 0.5196682810783386 -1.0057399272918701
-1.256907343864441 0.3355787992477417 -0.9512877464294434
-1.280795693397522 0.13476550579071045 -0.8721864223480225
-1.2863446474075317 -0.07448232173919678 -0.7699733376502991
-1.2723612785339355 -0.28438788652420044 -0.6462855339050293
-1.2379131317138672 -0.487762451171875 -0.5028167366981506
-1.1823108196258545 -0.6780550479888916 -0.34127914905548096
-1.1050844192504883 -0.8493772745132446 -0.16336987912654877
-1.0059590339660645 -0.9965068101882935 0.029256880283355713
-0.8867716789245605 -1.1141189336776733 0.23306217789649963
-0.7606244683265686 -1.1932883262634277 0.43365809321403503
-0.6426359415054321 -1.2247381210327148 0.6154444217681885
-0.5456961989402771 -1.1992439031600952 0.7656099796295166
-0.4817691147327423 -1.105592131614685 0.8724902868270874
-0.4637566804885864 -0.9278312921524048 0.9234153628349304
-0.5082613229751587 -0.640963077545166 0.901668131351471
-0.6402798891067505 -0.20307661592960358 0.7814176082611084
-0.9025687575340271 0.4610489308834076 0.5176790952682495
-1.3775782585144043 1.499130129814148 0.02282429300248623
1.4991536140441895 0.05016805976629257 0.22093728184700012
0.6285372972488403 -0.00452088238671422 0.08892317861318588
0.039064254611730576 -0.07911951839923859 0.001612815191037953
-0.3462661802768707 -0.16659331321716309 -0.053247831761837006
-0.5757406949996948 -0.26095134019851685 -0.0834045335650444
-0.6818649172782898 -0.35620132088661194 -0.09415185451507568
-0.6885536313056946 -0.4456869065761566 -0.08948201686143875
-0.6155814528465271 -0.5216609239578247 -0.0727987140417099
-0.4816077947616577 -0.5750901699066162 -0.04740063101053238
-0.306318998336792 -0.5957678556442261 -0.016815103590488434
-0.11178138852119446 -0.5728631019592285 0.015010524541139603
0.08187197893857956 -0.5008035898208618 0.04501790925860405
0.2657442092895508 -0.3879334032535553 0.0735018402338028
0.433662086725235 -0.24536585807800293 0.10144488513469696
0.5804157257080078 -0.08421950042247772 0.12993410229682922
0.7017123699188232 0.08488103747367859 0.1601317971944809
0.7940194606781006 0.25208619236946106 0.1932644098997116
0.8543295860290527 0.40840035676956177 0.23063145577907562
0.8798743486404419 0.545590341091156 0.2736362814903259
0.8677995800971985 0.6559500098228455 0.3238396942615509
0.8148452639579773 0.732003390789032 0.38302141427993774
0.7210438847541809 0.7708831429481506 0.4515301287174225
0.5929220914840698 0.7776973247528076 0.5267986059188843
0.4374203383922577 0.7578951716423035 0.6058920621871948
0.26150456070899963 0.7166659832000732 0.6857001781463623
0.07246562838554382 0.6591764092445374 0.7628341317176819
-0.1218176931142807 0.590775191783905 0.8335384726524353
-0.31264781951904297 0.5171675086021423 0.8936165571212769
-0.4903204143047333 0.44456180930137634 0.9383811354637146
-0.643988311290741 0.3797801733016968 0.9626325964927673
-0.7618387341499329 0.33020085096359253 0.9607846736907959
-0.838767409324646 0.29984915256500244 0.9303140640258789
-0.8789401054382324 0.2881046533584595 0.8728912472724915
-0.8875893354415894 0.29391223192214966 0.7907399535179138
-0.8705202341079712 0.31603047251701355 0.686440646648407
-0.8341344594955444 0.3530053496360779 0.5629661083221436
-0.7854310274124146 0.4031502902507782 0.42370229959487915
-0.731975257396698 0.4645313620567322 0.2724599540233612
-0.681833028793335 0.5349633693695068 0.11346366256475449
-0.6434629559516907 0.6120171546936035 -0.04868072643876076
-0.6252174973487854 0.6929775476455688 -0.20910270512104034
-0.6295792460441589 0.7738984823226929 -0.36370983719825745
-0.6538787484169006 0.849856436252594 -0.5092116594314575
-0.6950002312660217 0.9158935546875 -0.6424323916435242
-0.7495989799499512 0.9671427607536316 -0.7603485584259033
-0.8141748905181885 0.9989197850227356 -0.8601431250572205
-0.8851485848426819 1.0068044662475586 -0.9392507076263428
-0.9589331746101379 0.9867088198661804 -0.9953911900520325
-1.0320038795471191 0.9349302649497986 -1.0265949964523315
-1.100956916809082 0.8481878638267517 -1.031213641166687
-1.1625516414642334 0.7242960333824158 -1.0080872774124146
-1.2136685848236084 0.5678256750106812 -0.9579814672470093
-1.251375675201416 0.38700050115585327 -0.8827877044677734
-1.2730119228363037 0.18991588056087494 -0.7845569849014282
-1.2762165069580078 -0.015611513517796993 -0.6654559373855591
-1.2589504718780518 -0.22214166820049286 -0.5277318358421326
-1.2195101976394653 -0.4226968288421631 -0.3736778497695923
-1.1565320491790771 -0.6108334064483643 -0.20559853315353394
-1.0689915418624878 -0.780697226524353 -0.025777848437428474
-0.9561935663223267 -0.9270644187927246 0.1635509729385376
-0.8199912309646606 -1.0445789098739624 0.35839441418647766
-0.6752782464027405 -1.1241594552993774 0.5445942282676697
-0.539226770401001 -1.1564528942108154 0.706942081451416
-0.4263290464878082 -1.1323250532150269 0.8328127861022949
-0.34983307123184204 -1.040826439857483 0.9104126691818237
-0.323796808719635 -0.8664973378181458 0.9264909625053406
-0.3660781979560852 -0.5851996541023254 0.8630847334861755
-0.503334641456604 -0.156601220369339 0.6920709609985352
-0.7808577418327332 0.4913475811481476 0.3643761873245239
-1.2853201627731323 1.499130129814148 -0.21510230004787445
1.4991534948349 -0.17389482259750366 0.11053396761417389
0.6490480899810791 -0.1927645057439804 -0.05324120447039604
0.08374414592981339 -0.23827312886714935 -0.16271688044071198
-0.2780596911907196 -0.30120527744293213 -0.23296980559825897
-0.4862612187862396 -0.37438809871673584 -0.27309009432792664
-0.5738887786865234 -0.4511905610561371 -0.2889138460159302
-0.5649704337120056 -0.5246298313140869 -0.28450432419776917
-0.4793129563331604 -0.5868145823478699 -0.26306143403053284
-0.33571550250053406 -0.6286712288856506 -0.22755423188209534
-0.15422800183296204 -0.6400148868560791 -0.18119929730892181
0.042453207075595856 -0.61009281873703 -0.12780845165252686
0.2336956262588501 -0.5333306789398193 -0.07093236595392227
0.41100314259529114 -0.4176930785179138 -0.011809557676315308
0.5689074993133545 -0.27382907271385193 0.0488816499710083
0.7030227780342102 -0.11234680563211441 0.11067158728837967
0.8099400401115417 0.05670061707496643 0.17332139611244202
0.8870168328285217 0.22410133481025696 0.2368304580450058
0.9321020245552063 0.3815595209598541 0.30143630504608154
0.943223237991333 0.5215996503829956 0.367616206407547
0.9182493090629578 0.6373291015625 0.4360966980457306
0.8545630574226379 0.7221407890319824 0.507867157459259
0.7523795962333679 0.7735590934753418 0.5830258131027222
0.6176965236663818 0.7961469888687134 0.6596551537513733
0.4568711221218109 0.7946889996528625 0.7354630827903748
0.27631139755249023 0.7736765742301941 0.8079034686088562
0.08278094977140427 0.7375341057777405 0.8741011619567871
-0.11633048206567764 0.690812885761261 0.9307884573936462
-0.3127681612968445 0.6383547782897949 0.9742553234100342
-0.49721893668174744 0.5854290127754211 1.0003234148025513
-0.659174919128418 0.5378328561782837 1.0043550729751587
-0.7871071696281433 0.5018463134765625 0.9814038872718811
-0.875781238079071 0.4809543192386627 0.9294902682304382
-0.9287608861923218 0.47475072741508484 0.8506690859794617
-0.9506478905677795 0.48245465755462646 0.7476072311401367
-0.9466016888618469 0.5031224489212036 0.6233896017074585
-0.9223530292510986 0.535630464553833 0.48154252767562866
-0.8841912746429443 0.5786635279655457 0.3260364532470703
-0.8389286398887634 0.6307078003883362 0.16127851605415344
-0.7938303351402283 0.690052330493927 -0.007921735756099224
-0.7565122246742249 0.7547992467880249 -0.1764085292816162
-0.7345055341720581 0.822812557220459 -0.3388388454914093
-0.7303365468978882 0.8906186819076538 -0.4910459816455841
-0.7421610951423645 0.9536788463592529 -0.6300264596939087
-0.7677873969078064 1.0074470043182373 -0.7529900074005127
-0.8048588037490845 1.0474853515625 -0.8573717474937439
-0.8509091734886169 1.0695360898971558 -0.9408631324768066
-0.9034189581871033 1.0695806741714478 -1.0014318227767944
-0.959864616394043 1.0438835620880127 -1.0373294353485107
-1.017764687538147 0.9890211224555969 -1.04708993434906
-1.0747162103652954 0.9018939733505249 -1.0295166969299316
-1.1283013820648193 0.780331015586853 -0.9838567972183228
-1.1750353574752808 0.6283320784568787 -0.9114698767662048
-1.2109439373016357 0.4532926380634308 -0.814937949180603
-1.2322977781295776 0.26256924867630005 -0.6969727277755737
-1.2356723546981812 0.06336832046508789 -0.5603874325752258
-1.2179985046386719 -0.13733650743961334 -0.40807202458381653
-1.1766092777252197 -0.33289119601249695 -0.2429640293121338
-1.109278917312622 -0.5170497894287109 -0.06801170855760574
-1.0142523050308228 -0.6840579509735107 0.11386510729789734
-0.8902644515037537 -0.8287287950515747 0.29981642961502075
-0.7390689253807068 -0.9456903338432312 0.4853897988796234
-0.577273964881897 -1.0256943702697754 0.6567359566688538
-0.4240802824497223 -1.0592819452285767 0.7991123795509338
-0.2955721318721771 -1.0373882055282593 0.9001225233078003
-0.20624852180480957 -0.9493512511253357 0.9478771090507507
-0.17121751606464386 -0.7803047895431519 0.928597629070282
-0.2093464434146881 -0.5072218775749207 0.82320237159729
-0.3484240770339966 -0.09188877791166306 0.6015895009040833
-0.635125458240509 0.5333992838859558 0.21138152480125427
-1.1576343774795532 1.4991300106048584 -0.44790518283843994
1.4991536140441895 -0.40792760252952576 0.03073246218264103
0.6826462745666504 -0.3766652047634125 -0.17358331382274628
0.14794868230819702 -0.38450366258621216 -0.31151846051216125
-0.187536358833313 -0.41825631260871887 -0.4017590284347534
-0.37381234765052795 -0.468492329120636 -0.4552242159843445
-0.44366273283958435 -0.5272436141967773 -0.47861480712890625
-0.4208306670188904 -0.5867121815681458 -0.47629421949386597
-0.3249284625053406 -0.6384891271591187 -0.451431006193161
-0.17471499741077423 -0.6731410026550293 -0.40680283308029175
0.009619326330721378 -0.6801901459693909 -0.3454377055168152
0.20507359504699707 -0.6486068367958069 -0.2711349427700043
0.3908650279045105 -0.5724587440490723 -0.18804188072681427
0.5590295791625977 -0.4591260850429535 -0.09895692020654678
0.7048562169075012 -0.3186219036579132 -0.0062334430404007435
0.8247876763343811 -0.16090278327465057 0.08809605985879898
0.9162572026252747 0.004645527806133032 0.18239954113960266
0.9774335026741028 0.16949455440044403 0.2754721939563751
1.0069164037704468 0.3260500431060791 0.36652472615242004
1.0034106969833374 0.46756383776664734 0.4551509916782379
0.9653884768486023 0.5879114270210266 0.5412871837615967
0.8907678723335266 0.6813125014305115 0.6251703500747681
0.7799026966094971 0.7456393837928772 0.7066583037376404
0.6383114457130432 0.7848525643348694 0.7844521999359131
0.4718368947505951 0.8030360341072083 0.8568649888038635
0.2863941490650177 0.803955614566803 0.9218801259994507
0.08827231079339981 0.7912606596946716 0.9771106243133545
-0.11559636890888214 0.7686526775360107 1.0197635889053345
-0.31739720702171326 0.7400301098823547 1.0466192960739136
-0.508237898349762 0.7096052765846252 1.0540317296981812
-0.6780111789703369 0.6819921135902405 1.0379652976989746
-0.8155561089515686 0.6621767282485962 0.994166910648346
-0.9155520796775818 0.6529737114906311 0.9212295413017273
-0.9809235334396362 0.6541774272918701 0.8215781450271606
-1.0155694484710693 0.665295422077179 0.6982917785644531
-1.0239123106002808 0.6857125163078308 0.5549198985099792
-1.010910153388977 0.7146792411804199 0.39549851417541504
-0.9820471405982971 0.7513036131858826 0.2245406061410904
-0.9432979226112366 0.7945464849472046 0.04701244831085205
-0.9010640978813171 0.843222975730896 -0.13171949982643127
-0.8620787858963013 0.8960114121437073 -0.30596813559532166
-0.8330410122871399 0.9513884782791138 -0.46992698311805725
-0.8166432976722717 1.0063875913619995 -0.6193499565124512
-0.8120810985565186 1.0568937063217163 -0.7515144944190979
-0.8182878494262695 1.0988129377365112 -0.8640216588973999
-0.8340738415718079 1.1281780004501343 -0.9547754526138306
-0.8581649661064148 1.1412029266357422 -1.0219861268997192
-0.8892390727996826 1.1343190670013428 -1.064159870147705
-0.9259582757949829 1.1041957139968872 -1.0800756216049194
-0.9669970870018005 1.0477418899536133 -1.0687541961669922
-1.011065125465393 0.9620962142944336 -1.0294190645217896
-1.056672215461731 0.845147967338562 -0.9616754651069641
-1.0999441146850586 0.7002904415130615 -0.8674243092536926
-1.135769009590149 0.5339955687522888 -0.7498965263366699
-1.1592469215393066 0.3527664542198181 -0.6124392151832581
-1.1657705307006836 0.1630687564611435 -0.45850446820259094
-1.1510998010635376 -0.028729306533932686 -0.2916356921195984
-1.1114422082901 -0.21643595397472382 -0.11543774604797363
-1.0435314178466797 -0.39413049817085266 0.06646545231342316
-0.9446998238563538 -0.5562658309936523 0.2504850924015045
-0.8129366040229797 -0.6977726817131042 0.43312954902648926
-0.6497238874435425 -0.8133138418197632 0.6094880104064941
-0.4731614291667938 -0.893497884273529 0.7660706639289856
-0.30432403087615967 -0.9287431836128235 0.888633131980896
-0.1608036756515503 -0.910031795501709 0.9650163650512695
-0.058266978710889816 -0.8270037174224854 0.9832518100738525
-0.012717760168015957 -0.6654898524284363 0.929103434085846
-0.043704185634851456 -0.4038408100605011 0.7825673222541809
-0.1794566810131073 -0.006539102643728256 0.5120412707328796
-0.4665645658969879 0.5885440707206726 0.06298661231994629
-0.9913768768310547 1.499130129814148 -0.6675798892974854
1.499153733253479 -0.639081597328186 -0.001757924910634756
0.7314386963844299 -0.5436978340148926 -0.25749683380126953
0.23444534838199615 -0.505689799785614 -0.43195009231567383
-0.07194528728723526 -0.5062018632888794 -0.5481690764427185
-0.2360450178384781 -0.5325006246566772 -0.6194365620613098
-0.2895033359527588 -0.5745875239372253 -0.6537179946899414
-0.25531986355781555 -0.6233485341072083 -0.6559973359107971
-0.15263521671295166 -0.6694543957710266 -0.6296834349632263
8.150064968504012e-05 -0.7027438879013062 -0.5776058435440063
0.18282833695411682 -0.7120598554611206 -0.5028242468833923
0.37277862429618835 -0.6856411695480347 -0.40932369232177734
0.5494873523712158 -0.6167412400245667 -0.301954060792923
0.7056593298912048 -0.5119147896766663 -0.1849953532218933
0.8373507857322693 -0.38035550713539124 -0.06237588822841644
0.9417774081230164 -0.2312287837266922 0.062398504465818405
1.0171059370040894 -0.07317203283309937 0.1863800436258316
1.0621715784072876 0.08598984777927399 0.30722492933273315
1.07616126537323 0.2393331378698349 0.42317095398902893
1.0582908391952515 0.3807688355445862 0.5329725742340088
1.0074788331985474 0.5048521757125854 0.6358110904693604
0.9220419526100159 0.6065405607223511 0.7311997413635254
0.80242520570755 0.6839693784713745 0.8187490701675415
0.653749942779541 0.7404226660728455 0.8977249264717102
0.481442391872406 0.7792351245880127 0.9669950604438782
0.29101869463920593 0.8034125566482544 1.0250341892242432
0.0883733332157135 0.8157956600189209 1.0699156522750854
-0.11996256560087204 0.8191950917243958 1.0993068218231201
-0.326588898897171 0.8165055513381958 1.110474944114685
-0.523044764995575 0.8107979893684387 1.1003124713897705
-0.6996711492538452 0.8053897023200989 1.065395474433899
-0.845753014087677 0.8038324117660522 1.002168893814087
-0.9559445977210999 0.8081797957420349 0.9097732305526733
-1.0325320959091187 0.8184217810630798 0.7909438610076904
-1.078676462173462 0.8343654274940491 0.6490972638130188
-1.0980044603347778 0.8557464480400085 0.48816898465156555
-1.0946335792541504 0.882220447063446 0.31262996792793274
-1.0731737613677979 0.913354754447937 0.12747254967689514
-1.0387076139450073 0.9486234188079834 -0.06182263419032097
-0.9967397451400757 0.9874054193496704 -0.2493574619293213
-0.9531155228614807 1.028988003730774 -0.4289184510707855
-0.9137318134307861 1.0724859237670898 -0.5942251682281494
-0.8815882205963135 1.1154680252075195 -0.7409235835075378
-0.8571298122406006 1.1542766094207764 -0.8665473461151123
-0.8406001329421997 1.1852996349334717 -0.9690776467323303
-0.8321300745010376 1.2050691843032837 -1.0468844175338745
-0.8317550420761108 1.210297703742981 -1.09869384765625
-0.8394357562065125 1.1978975534439087 -1.1235419511795044
-0.8550801277160645 1.1649771928787231 -1.1207165718078613
-0.8785635232925415 1.1088200807571411 -1.0896928310394287
-0.9097505807876587 1.0268529653549194 -1.0300672054290771
-0.9481241703033447 0.9170793294906616 -0.941739022731781
-0.9894016981124878 0.7822856307029724 -0.8270798921585083
-1.0272859334945679 0.6279704570770264 -0.6899051070213318
-1.0556617975234985 0.4597061276435852 -0.5341432094573975
-1.0686805248260498 0.2831089496612549 -0.3638438880443573
-1.0608452558517456 0.10380782932043076 -0.1831747442483902
-1.027119517326355 -0.07261855900287628 0.0036071748472750187
-0.9630445241928101 -0.24072982370853424 0.19220779836177826
-0.864858865737915 -0.3953315317630768 0.378368079662323
-0.7296090722084045 -0.5315949320793152 0.5579525828361511
-0.5582696795463562 -0.6443127989768982 0.7255969643592834
-0.37004736065864563 -0.724031925201416 0.8681716322898865
-0.18759587407112122 -0.7610699534416199 0.9718970060348511
-0.029847871512174606 -0.7464488744735718 1.0248074531555176
0.0864887535572052 -0.6701322793960571 1.0148440599441528
0.14470107853412628 -0.5187579989433289 0.9273931980133057
0.1249363124370575 -0.2723323106765747 0.7417907118797302
-0.0006972046103328466 0.10137511789798737 0.42557385563850403
-0.277072548866272 0.6577126383781433 -0.07648995518684387
-0.7851423025131226 1.499130129814148 -0.8663879632949829
1.4991536140441895 -0.8525059819221497 0.028850575909018517
0.7969518899917603 -0.680544912815094 -0.29045581817626953
0.3453120291233063 -0.5894020795822144 -0.5109062790870667
0.0707792118191719 -0.5533865690231323 -0.6603504419326782
-0.07129252701997757 -0.5556311011314392 -0.754889190196991
-0.1104394793510437 -0.5834860801696777 -0.8041754961013794
-0.06839391589164734 -0.626023530960083 -0.8142056465148926
0.03652297332882881 -0.6725561618804932 -0.7890024185180664
0.18647544085979462 -0.7117655277252197 -0.7318047881126404
0.36210861802101135 -0.7313505411148071 -0.6460383534431458
0.5414144992828369 -0.7182724475860596 -0.5361586809158325
0.7049078941345215 -0.6644381284713745 -0.4078260362148285
0.8460831642150879 -0.5753247141838074 -0.2666037082672119
0.9617128372192383 -0.45912885665893555 -0.11776375025510788
1.0496554374694824 -0.3240968883037567 0.033913977444171906
1.108627438545227 -0.17805324494838715 0.18432265520095825
1.1379164457321167 -0.028117217123508453 0.33009248971939087
1.1370760202407837 0.11940503120422363 0.46856236457824707
1.1056205034255981 0.25898993015289307 0.5976911187171936
1.0427231788635254 0.38575467467308044 0.7159293293952942
0.9469388127326965 0.4952678382396698 0.8220801949501038
0.8187556266784668 0.5858063697814941 0.9154800772666931
0.6630133986473083 0.6598796844482422 0.9958788752555847
0.48485302925109863 0.7200040817260742 1.0626356601715088
0.2895144522190094 0.7683745622634888 1.1146725416183472
0.08260232210159302 0.8069822192192078 1.150496244430542
-0.12967343628406525 0.8377086520195007 1.1682170629501343
-0.3402802348136902 0.8624035716056824 1.1655781269073486
-0.5411812663078308 0.8829479813575745 1.1399967670440674
-0.7231996059417725 0.9013031721115112 1.0886374711990356
-0.8761362433433533 0.9195165634155273 1.0085930824279785
-0.994697093963623 0.9388425350189209 0.8994688987731934
-1.0805716514587402 0.9594762921333313 0.764203667640686
-1.1361881494522095 0.9815353155136108 0.6064331531524658
-1.1643577814102173 1.0051182508468628 0.4303610324859619
-1.1683213710784912 1.0302982330322266 0.24078799784183502
-1.1517775058746338 1.0571171045303345 0.04310329258441925
-1.1188888549804688 1.0855783224105835 -0.15675045549869537
-1.0742580890655518 1.1156426668167114 -0.3523615598678589
-1.0228700637817383 1.1472219228744507 -0.5369777083396912
-0.9698889851570129 1.1800816059112549 -0.7038087844848633
-0.9187812805175781 1.212347149848938 -0.8483359813690186
-0.871440052986145 1.2408422231674194 -0.9682976603507996
-0.8295872807502747 1.262454867362976 -1.0620238780975342
-0.7947969436645508 1.2742277383804321 -1.128330945968628
-0.7684898972511292 1.2733839750289917 -1.1664451360702515
-0.7519413828849792 1.2573267221450806 -1.175912857055664
-0.746300458908081 1.2236195802688599 -1.1565011739730835
-0.7526181936264038 1.1699482202529907 -1.1081002950668335
-0.7718831300735474 1.0940673351287842 -1.0306251049041748
-0.8045312166213989 0.99415123462677 -0.9242027401924133
-0.8458484411239624 0.8724138140678406 -0.7915979027748108
-0.888344943523407 0.7333808541297913 -0.6371305584907532
-0.9246976375579834 0.5816618800163269 -0.46522945165634155
-0.9478180408477783 0.4219551086425781 -0.28046169877052307
-0.9509318470954895 0.2590409815311432 -0.08754327148199081
-0.9276977181434631 0.0977441743016243 0.10868604481220245
-0.8723556399345398 -0.05713791772723198 0.3033207356929779
-0.7798907160758972 -0.2009318768978119 0.4914783239364624
-0.646198570728302 -0.32920578122138977 0.6684129238128662
-0.4714510440826416 -0.4370252788066864 0.8283191919326782
-0.2754116952419281 -0.5150434970855713 0.9583691358566284
-0.0818614512681961 -0.5535760521888733 1.0451321601867676
0.08918878436088562 -0.5437271595001221 1.0767244100570679
0.2201656550168991 -0.47583478689193726 1.0409468412399292
0.2938552796840668 -0.3374710977077484 0.9228853583335876
0.2904891073703766 -0.1105853021144867 0.7015359997749329
0.1833048015832901 0.23319266736507416 0.34434962272644043
-0.06925148516893387 0.7413538098335266 -0.2028847187757492
-0.5394425988197327 1.499130129814148 -1.037336826324463
1.4975351095199585 -1.033861756324768 0.13159719109535217
0.8773831725120544 -0.775900661945343 -0.2623431086540222
0.4787605404853821 -0.6258002519607544 -0.538317859172821
0.23872022330760956 -0.5508748292922974 -0.7286515235900879
0.11816375702619553 -0.5297149419784546 -0.8524086475372314
0.09065067023038864 -0.5465589761734009 -0.9212492108345032
0.1362914741039276 -0.58819979429245 -0.9425777792930603
0.2380148321390152 -0.6421226263046265 -0.921466052532196
0.3790697455406189 -0.6953675150871277 -0.8620105981826782
0.5413326025009155 -0.7339689135551453 -0.7684310078620911
0.7043874263763428 -0.7430288791656494 -0.6460076570510864
0.8504056334495544 -0.7125777006149292 -0.5013145804405212
0.9737427234649658 -0.6468027234077454 -0.34088757634162903
1.0717612504959106 -0.5527635812759399 -0.17098718881607056
1.1427602767944336 -0.4376852214336395 0.0026379371993243694
1.1857569217681885 -0.3085268437862396 0.17495857179164886
1.200225591659546 -0.1717042177915573 0.3417432904243469
1.185824990272522 -0.032956067472696304 0.49953222274780273
1.1421265602111816 0.10266929119825363 0.6455390453338623
1.068347454071045 0.23073160648345947 0.7775022387504578
0.9631049633026123 0.34727203845977783 0.8935199975967407
0.8268904685974121 0.45056629180908203 0.9926116466522217
0.6644039750099182 0.5422274470329285 1.0749011039733887
0.48065605759620667 0.6238600015640259 1.1401599645614624
0.2807515263557434 0.6967763900756836 1.1877063512802124
0.07012657076120377 0.7620654702186584 1.216447353363037
-0.14523658156394958 0.8206429481506348 1.2249138355255127
-0.35861390829086304 0.8732926249504089 1.2113007307052612
-0.5623728632926941 0.9206981062889099 1.1735165119171143
-0.7478402853012085 0.9634689092636108 1.1092529296875
-0.9053927063941956 1.0021611452102661 1.0161515474319458
-1.0298744440078735 1.0372552871704102 0.8941484689712524
-1.1224539279937744 1.069178819656372 0.7462457418441772
-1.184869408607483 1.0983706712722778 0.5761473774909973
-1.2191323041915894 1.1252905130386353 0.3881781995296478
-1.2276054620742798 1.1504204273223877 0.18733778595924377
-1.2130675315856934 1.1742643117904663 -0.020688267424702644
-1.178760290145874 1.1973447799682617 -0.22955742478370667
-1.1284044981002808 1.220193862915039 -0.4323633015155792
-1.0661808252334595 1.243341326713562 -0.6217929720878601
-0.996627151966095 1.2671990394592285 -0.7904960513114929
-0.9238446354866028 1.2904562950134277 -0.9337092041969299
-0.8513551950454712 1.310431718826294 -1.049301266670227
-0.7824989557266235 1.324517846107483 -1.135901927947998
-0.7203797101974487 1.3302661180496216 -1.1927399635314941
-0.6678303480148315 1.325402021408081 -1.2195152044296265
-0.6274133324623108 1.307812213897705 -1.2162549495697021
-0.6014502048492432 1.2755134105682373 -1.1831722259521484
-0.5920719504356384 1.2266007661819458 -1.120527982711792
-0.6012886166572571 1.159184217453003 -1.0285046100616455
-0.6304011344909668 1.0716595649719238 -0.9073943495750427
-0.6742361187934875 0.9657285213470459 -0.7602784633636475
-0.7241376638412476 0.8449907898902893 -0.5918883085250854
-0.7716302871704102 0.7131140828132629 -0.4070470929145813
-0.8084474205970764 0.573860764503479 -0.2107221931219101
-0.8265835642814636 0.43110451102256775 -0.008052406832575798
-0.8184046745300293 0.28881487250328064 0.19566570222377777
-0.7768072485923767 0.15101200342178345 0.3950352966785431
-0.6954129338264465 0.021690910682082176 0.5846540331840515
-0.5687801837921143 -0.09527640789747238 0.7592442035675049
-0.39595523476600647 -0.19540317356586456 0.9125910401344299
-0.19657544791698456 -0.26971620321273804 1.032064437866211
0.0050499821081757545 -0.30873769521713257 1.1044032573699951
0.18819981813430786 -0.30377909541130066 1.1176384687423706
0.3346651494503021 -0.2456570416688919 1.0593454837799072
0.4269466996192932 -0.12302683293819427 0.9143882393836975
0.4457041323184967 0.07995414733886719 0.661784291267395
0.36596742272377014 0.3873346745967865 0.269765168428421
0.15077348053455353 0.8380199670791626 -0.31304338574409485
-0.2611114978790283 1.499130129814148 -1.1753044128417969
1.48300039768219 -1.178491473197937 0.28961876034736633
0.9555590152740479 -0.8312384486198425 -0.1836029589176178
0.6151453852653503 -0.6193296909332275 -0.5205703377723694
0.4112289845943451 -0.5042266249656677 -0.756809651851654
0.31135040521621704 -0.4602476954460144 -0.9139635562896729
0.29283958673477173 -0.4684184193611145 -1.00572669506073
0.33813127875328064 -0.5129850506782532 -1.0411500930786133
0.43183180689811707 -0.5792657136917114 -1.0267043113708496
0.55874103307724 -0.65229332447052 -0.9677457809448242
0.7025272846221924 -0.716073751449585 -0.8696818351745605
0.8450390100479126 -0.7534953951835632 -0.7389395236968994
0.9706458449363708 -0.7524349093437195 -0.5830676555633545
1.0745397806167603 -0.7157023549079895 -0.409216046333313
1.1544983386993408 -0.6491540670394897 -0.22422705590724945
1.2090433835983276 -0.558926522731781 -0.0344601608812809
1.2372570037841797 -0.4510589838027954 0.15442024171352386
1.23856520652771 -0.3312287926673889 0.337531179189682
1.2125120162963867 -0.2045994997024536 0.510753870010376
1.158530592918396 -0.07576458901166916 0.6706410646438599
1.0757160186767578 0.051227983087301254 0.814267635345459
0.9626170992851257 0.1728120744228363 0.9390613436698914
0.8197035789489746 0.28715601563453674 1.0436930656433105
0.6516542434692383 0.3948725461959839 1.1285361051559448
0.4634709358215332 0.4965668320655823 1.1936789751052856
0.2602309286594391 0.592602550983429 1.2387710809707642
0.047290150076150894 0.6831244230270386 1.263071894645691
-0.1695314645767212 0.7680708169937134 1.265491008758545
-0.38377976417541504 0.8471800684928894 1.2446283102035522
-0.5882170796394348 0.9199950098991394 1.198819875717163
-0.7746951580047607 0.98586505651474 1.1261934041976929
-0.9342171549797058 1.0439752340316772 1.0248067378997803
-1.0618422031402588 1.09412682056427 0.8947875499725342
-1.158291220664978 1.1370035409927368 0.7390780448913574
-1.224669337272644 1.173359990119934 0.5613222718238831
-1.2622265815734863 1.2039884328842163 0.36583441495895386
-1.2724711894989014 1.2297362089157104 0.1576901525259018
-1.2572780847549438 1.2515184879302979 -0.05723566934466362
-1.218983769416809 1.2703207731246948 -0.27228131890296936
-1.1604593992233276 1.2871955633163452 -0.4800974726676941
-1.0851441621780396 1.3032429218292236 -0.6728349924087524
-0.9970570802688599 1.3194793462753296 -0.8425859212875366
-0.9010746479034424 1.3351515531539917 -0.9843153953552246
-0.8024717569351196 1.3480886220932007 -1.095987319946289
-0.7062861919403076 1.3561919927597046 -1.1765085458755493
-0.6171706318855286 1.3575143814086914 -1.225503921508789
-0.539328932762146 1.3502674102783203 -1.243125557899475
-0.4765160083770752 1.3328003883361816 -1.2298545837402344
-0.4320918321609497 1.3035632371902466 -1.1863114833831787
-0.40911152958869934 1.261048674583435 -1.113081932067871
-0.41044750809669495 1.2037262916564941 -1.0105617046356201
-0.4381341338157654 1.1302437782287598 -0.8791489005088806
-0.48653754591941833 1.041852355003357 -0.7221399545669556
-0.5459319949150085 0.9412981271743774 -0.5445461869239807
-0.6068134903907776 0.8313682675361633 -0.35144031047821045
-0.6598723530769348 0.7149307131767273 -0.14803378283977509
-0.6960000991821289 0.5949646234512329 0.06027504801750183
-0.7063702344894409 0.47456416487693787 0.26789867877960205
-0.6825876832008362 0.35691630840301514 0.46910610795021057
-0.6168946027755737 0.24525272846221924 0.658113956451416
-0.5024139881134033 0.14277774095535278 0.8292204141616821
-0.33681681752204895 0.053387150168418884 0.9758592844009399
-0.13897022604942322 -0.014591221697628498 1.085548758506775
0.06690264493227005 -0.052134692668914795 1.145086407661438
0.25977444648742676 -0.050929080694913864 1.142320990562439
0.4210423231124878 -0.002381032332777977 1.064587116241455
0.5330768823623657 0.10368727892637253 0.8966755270957947
0.5771200656890869 0.28084254264831543 0.6180480122566223
0.5302251577377319 0.5487992763519287 0.1985883116722107
0.36035212874412537 0.9381240010261536 -0.4086485803127289
0.017496759071946144 1.499130129814148 -1.2811552286148071
1.4414973258972168 -1.288556456565857 0.478900671005249
1.0103585720062256 -0.8539249300956726 -0.07154030352830887
0.7301677465438843 -0.5799235701560974 -0.4701879918575287
0.5627190470695496 -0.4240987002849579 -0.7539821267127991
0.48240649700164795 -0.35728639364242554 -0.9463691115379333
0.4706258177757263 -0.35753005743026733 -1.062836766242981
0.512464702129364 -0.40648922324180603 -1.1141325235366821
0.594570517539978 -0.48715806007385254 -1.1083382368087769
0.7036980390548706 -0.5823824405670166 -1.0523569583892822
0.8257489800453186 -0.6739994883537292 -0.9530766606330872
0.945294201374054 -0.742619514465332 -0.8183027505874634
1.0492039918899536 -0.7739766240119934 -0.6565712094306946
1.1334095001220703 -0.7695336937904358 -0.47529441118240356
1.1959244012832642 -0.7339383959770203 -0.28149932622909546
1.2353119850158691 -0.6722010970115662 -0.081794373691082
1.250544548034668 -0.5893779397010803 0.11782708764076233
1.2408403158187866 -0.49033382534980774 0.3120746910572052
1.2054861783981323 -0.37958383560180664 0.4963549077510834
1.1436567306518555 -0.2612079381942749 0.6666947603225708
1.0542278289794922 -0.13882747292518616 0.8196079730987549
0.9356073141098022 -0.015616737306118011 0.9519403576850891
0.7882330417633057 0.10644425451755524 1.0620152950286865
0.6168252229690552 0.22690686583518982 1.1503164768218994
0.42643770575523376 0.3453195095062256 1.2171326875686646
0.22216860949993134 0.461056113243103 1.2623538970947266
0.0093275411054492 0.5733015537261963 1.2855151891708374
-0.20640826225280762 0.6810342669487 1.285831332206726
-0.41885054111480713 0.7830057144165039 1.262229084968567
-0.6211676597595215 0.8777213096618652 1.2133783102035522
-0.8057640790939331 0.9634200930595398 1.1377288103103638
-0.9643152356147766 1.0381051301956177 1.0336132049560547
-1.0921483039855957 1.1010260581970215 0.9012322425842285
-1.1895869970321655 1.1531354188919067 0.743398904800415
-1.2571519613265991 1.1954810619354248 0.5636175274848938
-1.2953776121139526 1.2291440963745117 0.36610162258148193
-1.3049588203430176 1.2552765607833862 0.15590167045593262
-1.286900520324707 1.2751336097717285 -0.061024248600006104
-1.2426706552505493 1.2900890111923218 -0.2778053879737854
-1.1743333339691162 1.3016380071640015 -0.48675742745399475
-1.0846511125564575 1.3113794326782227 -0.6796011924743652
-0.9772213697433472 1.320866346359253 -0.8479732871055603
-0.8577905893325806 1.3298834562301636 -0.9866295456886292
-0.7334362864494324 1.336780071258545 -1.0936505794525146
-0.6108930706977844 1.339963674545288 -1.1682308912277222
-0.49630406498908997 1.3379720449447632 -1.2103848457336426
-0.39513078331947327 1.3294726610183716 -1.2206913232803345
-0.31216615438461304 1.3132412433624268 -1.200041651725769
-0.2516282796859741 1.2881215810775757 -1.1494065523147583
-0.21730849146842957 1.252973198890686 -1.0696325302124023
-0.21276143193244934 1.2066075801849365 -0.9612646698951721
-0.2406134307384491 1.147931456565857 -0.8247419595718384
-0.29482302069664 1.0778008699417114 -0.6634517312049866
-0.36476749181747437 0.9981897473335266 -0.48252105712890625
-0.44010692834854126 0.9110910296440125 -0.2871054708957672
-0.5106890797615051 0.8185586929321289 -0.08248985558748245
-0.5664952397346497 0.7227439284324646 0.12583981454372406
-0.5976773500442505 0.6259106397628784 0.33217427134513855
-0.5946800112724304 0.5304323434829712 0.5306086540222168
-0.5484379529953003 0.43876609206199646 0.7151218056678772
-0.4506359100341797 0.35340747237205505 0.8797040581703186
-0.29742276668548584 0.2775783836841583 1.0175203084945679
-0.10635886341333389 0.21877577900886536 1.1163033246994019
0.098993681371212 0.18537366390228271 1.1629509925842285
0.2977210283279419 0.18517400324344635 1.1451818943023682
0.47108879685401917 0.22611375153064728 1.0502076148986816
0.6014651656150818 0.31722643971443176 0.8629975914955139
0.6706926822662354 0.4699617028236389 0.5639320015907288
0.6577369570732117 0.7001317739486694 0.1253417730331421
0.5350825786590576 1.031056523323059 -0.49409759044647217
0.26263976097106934 1.499130129814148 -1.3593188524246216
1.3596020936965942 -1.3686561584472656 0.6798979640007019
1.0225400924682617 -0.8516029119491577 0.0586894191801548
0.8016904592514038 -0.5167849063873291 -0.39875414967536926
0.6697853803634644 -0.31993886828422546 -0.7290564179420471
0.6076457500457764 -0.22945751249790192 -0.9565858244895935
0.6007120609283447 -0.22086279094219208 -1.0982433557510376
0.6368938684463501 -0.2733883261680603 -1.1663933992385864
0.7051399946212769 -0.36773481965065 -1.1708178520202637
0.7944546937942505 -0.4845740795135498 -1.1201350688934326
0.8932540416717529 -0.6036457419395447 -1.022892951965332
0.9890609979629517 -0.703458309173584 -0.8884159922599792
1.0713330507278442 -0.7678275108337402 -0.7261995077133179
1.1366139650344849 -0.7969608902931213 -0.5435953140258789
1.1830132007598877 -0.7943228483200073 -0.3474500775337219
1.2090164422988892 -0.7637721300125122 -0.14427608251571655
1.213389277458191 -0.7093134522438049 0.05991654843091965
1.195063829421997 -0.6348978281021118 0.2597009539604187
1.1530096530914307 -0.5442748665809631 0.4502388536930084
1.0860967636108398 -0.4408922791481018 0.627225399017334
0.9929496645927429 -0.3278423249721527 0.7867811322212219
0.871817409992218 -0.20783643424510956 0.9253268837928772
0.7231011390686035 -0.08297514170408249 1.040876865386963
0.5515590906143188 0.04522836580872536 1.1338701248168945
0.3622867465019226 0.1752547025680542 1.2046464681625366
0.1603856384754181 0.3054843246936798 1.2532083988189697
-0.04890301823616028 0.4341590404510498 1.2792495489120483
-0.26007360219955444 0.5593435168266296 1.2821770906448364
-0.46723514795303345 0.678885817527771 1.2611281871795654
-0.6639969348907471 0.7903792262077332 1.2149840593338013
-0.8433544039726257 0.8911226391792297 1.1423827409744263
-0.9976993799209595 0.9781451225280762 1.0417886972427368
-1.1226587295532227 1.0502740144729614 0.9133926630020142
-1.2181743383407593 1.1087216138839722 0.7598645687103271
-1.2842150926589966 1.1547967195510864 0.5845449566841125
-1.3206437826156616 1.1898221969604492 0.39149922132492065
-1.327390193939209 1.215198040008545 0.1856776475906372
-1.304644227027893 1.2324522733688354 -0.026986395940184593
-1.2530580759048462 1.2432749271392822 -0.23955243825912476
-1.1739487648010254 1.249529242515564 -0.44417431950569153
-1.0694688558578491 1.2532325983047485 -0.6323415637016296
-0.9428762793540955 1.2563998699188232 -0.7954514026641846
-0.8008301854133606 1.2593189477920532 -0.9282029867172241
-0.6521791219711304 1.2608519792556763 -1.0288633108139038
-0.50527024269104 1.2598899602890015 -1.096939206123352
-0.3676009178161621 1.2554165124893188 -1.1328176259994507
-0.24571558833122253 1.246506929397583 -1.1374526023864746
-0.1452481895685196 1.2323057651519775 -1.1120685338974
-0.07107386738061905 1.2119958400726318 -1.0578967332839966
-0.027528010308742523 1.1847540140151978 -0.975953996181488
-0.018677374348044395 1.1497001647949219 -0.8668556213378906
-0.04762047529220581 1.1059906482696533 -0.7310122847557068
-0.10802257061004639 1.0541366338729858 -0.5717649459838867
-0.18860921263694763 0.9954269528388977 -0.3941824436187744
-0.2784568965435028 0.9311568140983582 -0.20333632826805115
-0.3668208718299866 0.8626658916473389 -0.0044241598807275295
-0.4430125653743744 0.79137122631073 0.197136789560318
-0.49638089537620544 0.7187893390655518 0.39566490054130554
-0.5163931846618652 0.6465418934822083 0.5852226614952087
-0.4928111433982849 0.5763484835624695 0.7596781849861145
-0.4159509539604187 0.5100018382072449 0.9128228425979614
-0.28038156032562256 0.450025737285614 1.0376571416854858
-0.10191458463668823 0.40304118394851685 1.1223256587982178
0.09708736091852188 0.37671324610710144 1.154056429862976
0.2962683141231537 0.3782937824726105 1.120676040649414
0.4770754873752594 0.41509121656417847 1.0095560550689697
0.622040867805481 0.49513930082321167 0.8062224388122559
0.7136078476905823 0.6281153559684753 0.4924975335597992
0.7324233651161194 0.8266541361808777 0.04385991767048836
0.6548101902008057 1.1083601713180542 -0.5746080279350281
0.44876551628112793 1.4991300106048584 -1.4149374961853027
1.2228440046310425 -1.4242368936538696 0.8779957890510559
0.9730774760246277 -0.8312389850616455 0.19467489421367645
0.8080953359603882 -0.43770724534988403 -0.31634217500686646
0.7095528244972229 -0.19941595196723938 -0.6901177167892456
0.663871169090271 -0.08340419083833694 -0.9512006640434265
0.6602683067321777 -0.06329316645860672 -1.1175273656845093
0.6894780397415161 -0.1162499412894249 -1.2029348611831665
0.7428718209266663 -0.22092394530773163 -1.2188999652862549
0.811848521232605 -0.3560400605201721 -1.1758170127868652
0.8874386548995972 -0.499523401260376 -1.0839709043502808
0.960124135017395 -0.6281614899635315 -0.9542624950408936
1.0218600034713745 -0.7242242693901062 -0.7970902323722839
1.0696897506713867 -0.7867664694786072 -0.6194502711296082
1.1017415523529053 -0.8180858492851257 -0.4276747405529022
1.1163803339004517 -0.8208591341972351 -0.2278510481119156
1.1121522188186646 -0.7979620695114136 -0.025689436122775078
1.087708592414856 -0.7523130178451538 0.17354716360569
1.041719675064087 -0.6867479085922241 0.3650553822517395
0.9727769494056702 -0.6039227247238159 0.5444586277008057
0.8792843222618103 -0.5062450170516968 0.7077289819717407
0.7593666315078735 -0.3958289921283722 0.8510980010032654
0.6133829355239868 -0.2747959792613983 0.9723538756370544
0.44604870676994324 -0.14565537869930267 1.0717114210128784
0.2624129354953766 -0.010944233275949955 1.1493723392486572
0.06749386340379715 0.12677206099033356 1.2052757740020752
-0.13362029194831848 0.2648496627807617 1.239106297492981
-0.3356728255748749 0.4005160927772522 1.2503010034561157
-0.5331405401229858 0.530819296836853 1.2380485534667969
-0.7201355695724487 0.6525757908821106 1.2012839317321777
-0.8902983069419861 0.7623136639595032 1.1386784315109253
-1.0367908477783203 0.8562919497489929 1.0486842393875122
-1.1555508375167847 0.9330226182937622 0.9314253926277161
-1.2461186647415161 0.9939442276954651 0.7894693613052368
-1.3079184293746948 1.0405815839767456 0.6260167360305786
-1.340175986289978 1.0744552612304688 0.4449765086174011
-1.3421117067337036 1.0971640348434448 0.2511453926563263
-1.3131645917892456 1.1104562282562256 0.05032411217689514
-1.253244161605835 1.116278886795044 -0.15064916014671326
-1.1629903316497803 1.1167957782745361 -0.34400078654289246
-1.0440144538879395 1.1143674850463867 -0.5212810635566711
-0.899289071559906 1.1113853454589844 -0.6739712953567505
-0.7363673448562622 1.1085864305496216 -0.7969489693641663
-0.56575608253479 1.1053096055984497 -0.8887669444084167
-0.3972449004650116 1.1008771657943726 -0.949264645576477
-0.23947831988334656 1.0946540832519531 -0.9791560173034668
-0.09985993802547455 1.0860483646392822 -0.979678750038147
0.01535495463758707 1.0745002031326294 -0.9522716999053955
0.1008361428976059 1.0594618320465088 -0.8983020782470703
0.15187720954418182 1.0403683185577393 -0.818842351436615
0.16403937339782715 1.0166045427322388 -0.7144873738288879
0.13383197784423828 0.9875591397285461 -0.5855512619018555
0.06770291179418564 0.9534488320350647 -0.4351954162120819
-0.0227355919778347 0.914971113204956 -0.26826515793800354
-0.1262844353914261 0.8728266358375549 -0.08959847688674927
-0.23190250992774963 0.8277468085289001 0.09583093225955963
-0.32851073145866394 0.7805203199386597 0.28280001878738403
-0.4049097001552582 0.7320120334625244 0.4657731354236603
-0.4498109817504883 0.683173656463623 0.6388899087905884
-0.45197930932044983 0.6350463032722473 0.7960101366043091
-0.40048542618751526 0.5887517333030701 0.9308202266693115
-0.28832578659057617 0.5461388230323792 1.0362777709960938
-0.1291905790567398 0.5130836963653564 1.1012859344482422
0.05627524480223656 0.4966813325881958 1.1138496398925781
0.24875421822071075 0.5037645697593689 1.0623687505722046
0.4302648603916168 0.5411938428878784 0.9348689317703247
0.5837591290473938 0.6162984371185303 0.7179774045944214
0.692359209060669 0.7374914288520813 0.395565927028656
0.7382065653800964 0.915131688117981 -0.053106639534235
0.7007918357849121 1.1627790927886963 -0.6560916304588318
0.5544536709785461 1.499130129814148 -1.452915906906128
1.0128350257873535 -1.4606133699417114 1.0626254081726074
0.8401126861572266 -0.7987238168716431 0.3264281153678894
0.7252411842346191 -0.3488808274269104 -0.2315806895494461
0.6566543579101562 -0.06825118511915207 -0.6443780660629272
0.6253539323806763 0.07646447420120239 -0.936277449131012
0.6238860487937927 0.11279911547899246 -1.1259849071502686
0.6456446647644043 0.06507608294487 -1.2286666631698608
0.6843814849853516 -0.04379791393876076 -1.2574286460876465
0.7338607311248779 -0.19108222424983978 -1.224414348602295
0.7876386046409607 -0.35340267419815063 -1.1416336297988892
0.8389643430709839 -0.5064069032669067 -1.021557331085205
0.8820657134056091 -0.6313055157661438 -0.8754059076309204
0.9144178032875061 -0.7260658740997314 -0.7095363140106201
0.9341682195663452 -0.7917921543121338 -0.5294437408447266
0.9396036267280579 -0.8299193978309631 -0.34046125411987305
0.9291180372238159 -0.8420925140380859 -0.14766289293766022
0.9011685848236084 -0.8300575017929077 0.04419223219156265
0.8542213439941406 -0.7955639362335205 0.2306763380765915
0.7866852283477783 -0.7402822971343994 0.40767839550971985
0.696837306022644 -0.6657343506813049 0.571356475353241
0.5827634334564209 -0.5732439160346985 0.7180821299552917
0.4447719156742096 -0.4647776186466217 0.8455518484115601
0.2873696982860565 -0.343687504529953 0.9535452723503113
0.11538371443748474 -0.2134014219045639 1.041885256767273
-0.0664159432053566 -0.07731738686561584 1.1102104187011719
-0.25324422121047974 0.061144813895225525 1.1579676866531372
-0.4402275085449219 0.19849072396755219 1.1844021081924438
-0.6223254203796387 0.3310951292514801 1.1885396242141724
-0.7942491173744202 0.45514291524887085 1.1691659688949585
-0.9503675103187561 0.5665609836578369 1.1247979402542114
-1.0846861600875854 0.6610316634178162 1.0537091493606567
-1.1934559345245361 0.7368350625038147 0.9559178948402405
-1.275753378868103 0.795569121837616 0.8339669704437256
-1.3304388523101807 0.838916003704071 0.6909764409065247
-1.3561205863952637 0.8685441017150879 0.5307161211967468
-1.3513615131378174 0.8862072825431824 0.35778844356536865
-1.31492280960083 0.8938283324241638 0.17774598300457
-1.2460534572601318 0.8935553431510925 -0.0028765450697392225
-1.1447945833206177 0.8877821564674377 -0.17666836082935333
-1.0122705698013306 0.8791227340698242 -0.3356076180934906
-0.8511860966682434 0.8702352643013 -0.4716683328151703
-0.6698998212814331 0.862216591835022 -0.580193281173706
-0.4803774952888489 0.8548061847686768 -0.6601241827011108
-0.29360106587409973 0.8476706743240356 -0.7116261124610901
-0.11909378319978714 0.8404625058174133 -0.735653817653656
0.03513925522565842 0.8328308463096619 -0.7335903644561768
0.16244909167289734 0.8244249224662781 -0.7069317102432251
0.257236510515213 0.8148906826972961 -0.6570283770561218
0.3145662844181061 0.803861141204834 -0.5848807096481323
0.32972779870033264 0.7909408807754517 -0.4909733831882477
0.29887276887893677 0.7757298350334167 -0.3754712641239166
0.22831608355045319 0.7582128643989563 -0.2412465512752533
0.12962469458580017 0.7386025190353394 -0.0927845910191536
0.013906964100897312 0.717117190361023 0.06542450189590454
-0.10784785449504852 0.6939942240715027 0.2287282645702362
-0.22449542582035065 0.6695040464401245 0.39218470454216003
-0.32458528876304626 0.6439622640609741 0.550481915473938
-0.3963331878185272 0.6177391409873962 0.6979113221168518
-0.42772236466407776 0.5912651419639587 0.8283988833427429
-0.40673935413360596 0.565032422542572 0.93560391664505
-0.32486051321029663 0.540277361869812 1.012588620185852
-0.19331064820289612 0.5224615931510925 1.049541711807251
-0.030489269644021988 0.5185025334358215 1.0359586477279663
0.14586573839187622 0.5351836085319519 0.9615647792816162
0.318839430809021 0.5793159008026123 0.8158150911331177
0.4721968173980713 0.6580153107643127 0.5872178077697754
0.5899694561958313 0.7791074514389038 0.2624499201774597
0.6557691097259521 0.9516884684562683 -0.17481441795825958
0.6517786383628845 1.1869128942489624 -0.7455120086669922
0.5572967529296875 1.499130129814148 -1.4775034189224243
0.7025425434112549 -1.4825085401535034 1.2257325649261475
0.5940032601356506 -0.7588454484939575 0.4454781711101532
0.521508514881134 -0.2549826204776764 -0.1521860659122467
0.47831082344055176 0.06976649910211563 -0.5984764695167542
0.4589320421218872 0.24816402792930603 -0.917509138584137
0.45867180824279785 0.3080286383628845 -1.1287000179290771
0.4732618033885956 0.27433568239212036 -1.2484569549560547
0.49861574172973633 0.17073316872119904 -1.291419506072998
0.5306528210639954 0.020621048286557198 -1.2713865041732788
0.5651848316192627 -0.15213710069656372 -1.2020108699798584
0.597866952419281 -0.3228740692138672 -1.0972758531570435
0.6248798966407776 -0.4723512828350067 -0.9691218137741089
0.6441274285316467 -0.5974385738372803 -0.8229577541351318
0.6538675427436829 -0.6979337930679321 -0.6630932092666626
0.6524325609207153 -0.7739017605781555 -0.493742436170578
0.6382147669792175 -0.8256049156188965 -0.3189581036567688
0.6096419095993042 -0.8534346222877502 -0.14259038865566254
0.5651451945304871 -0.8578437566757202 0.03173113614320755
0.5031180381774902 -0.8392815589904785 0.20059709250926971
0.4218680262565613 -0.7981334924697876 0.3607949912548065
0.3195839524269104 -0.7346770763397217 0.5092823505401611
0.1965084820985794 -0.6504642963409424 0.6438597440719604
0.05667892098426819 -0.5494368076324463 0.7636190056800842
-0.09557376801967621 -0.4356892704963684 0.8676962852478027
-0.25598227977752686 -0.31325316429138184 0.955119788646698
-0.4202949106693268 -0.18614228069782257 1.0247907638549805
-0.584223747253418 -0.05840052664279938 1.0754598379135132
-0.7433862090110779 0.06584317237138748 1.1056994199752808
-0.8932424783706665 0.182315856218338 1.1138720512390137
-1.0290195941925049 0.2865304946899414 1.0980879068374634
-1.1456854343414307 0.3738003969192505 1.0562255382537842
-1.2398051023483276 0.4422404170036316 0.9881407022476196
-1.309885025024414 0.4935010075569153 0.8964452743530273
-1.3541662693023682 0.5293341279029846 0.7842504382133484
-1.3706392049789429 0.5514878034591675 0.6552090048789978
-1.3572477102279663 0.5618091225624084 0.5136829018592834
-1.312148094177246 0.5623273253440857 0.36484527587890625
-1.2340086698532104 0.5553058981895447 0.21469777822494507
-1.1223411560058594 0.5432553291320801 0.06996101140975952
-0.9778129458427429 0.5288940072059631 -0.06217857450246811
-0.8028186559677124 0.5149694681167603 -0.17462773621082306
-0.6063557863235474 0.5027852058410645 -0.2634832561016083
-0.4015662372112274 0.49236029386520386 -0.32814231514930725
-0.2002992331981659 0.4835851192474365 -0.36903834342956543
-0.01263814140111208 0.47628679871559143 -0.3872266113758087
0.15308956801891327 0.4702552258968353 -0.3840562701225281
0.29006412625312805 0.4652637541294098 -0.3608951270580292
0.39258038997650146 0.4610832929611206 -0.3189143240451813
0.4555823802947998 0.4574897289276123 -0.2589203119277954
0.47414854168891907 0.45426657795906067 -0.1812187135219574
0.44406479597091675 0.45120716094970703 -0.08580808341503143
0.3712025284767151 0.44814392924308777 0.024787090718746185
0.26662805676460266 0.4449385404586792 0.14651978015899658
0.1409199982881546 0.441459983587265 0.27530181407928467
0.004596055019646883 0.43758147954940796 0.40684038400650024
-0.1315319687128067 0.4331800639629364 0.5365027785301208
-0.25612902641296387 0.4281371831893921 0.6592270135879517
-0.35723912715911865 0.422341525554657 0.769486129283905
-0.4223327934741974 0.41569313406944275 0.8613158464431763
-0.4385167360305786 0.4081093668937683 0.928419291973114
-0.39582496881484985 0.4003186821937561 0.9641574025154114
-0.30264922976493835 0.3979291021823883 0.9607853293418884
-0.17455017566680908 0.4083886742591858 0.9103702306747437
-0.02703845128417015 0.439119815826416 0.8051138520240784
0.12468533962965012 0.4975840449333191 0.6370704770088196
0.26578542590141296 0.5914445519447327 0.3977627754211426
0.38165706396102905 0.728826642036438 0.07768820971250534
0.4576072096824646 0.9186901450157166 -0.33431223034858704
0.4783386290073395 1.1713403463363647 -0.8518734574317932
0.4271988868713379 1.499130129814148 -1.4922033548355103
0.24758762121200562 -1.4939457178115845 1.3598088026046753
0.18856346607208252 -0.7154902815818787 0.5434413552284241
0.14913980662822723 -0.15939520299434662 -0.08596030622720718
0.1257735788822174 0.21278175711631775 -0.5591604709625244
0.11550905555486679 0.4325546622276306 -0.9006913304328918
0.11575424671173096 0.5270034670829773 -1.1309113502502441
0.12411953508853912 0.5205742120742798 -1.2674891948699951
0.13829998672008514 0.436405211687088 -1.3265033960342407
0.15599195659160614 0.2972913980484009 -1.3232688903808594
0.1748398095369339 0.12634295225143433 -1.2729419469833374
0.19241318106651306 -0.052662838250398636 -1.1909230947494507
0.2064690887928009 -0.2208542376756668 -1.0897327661514282
0.21541787683963776 -0.37387675046920776 -0.9734422564506531
0.2178112417459488 -0.5099582672119141 -0.8447332978248596
0.21223807334899902 -0.6275355219841003 -0.7062391042709351
0.19731870293617249 -0.7252265810966492 -0.5605040788650513
0.1716923713684082 -0.8017938733100891 -0.4099518358707428
0.13399924337863922 -0.8561028838157654 -0.2568679749965668
0.08285598456859589 -0.8870747089385986 -0.10339073836803436
0.016826655715703964 -0.893634557723999 0.0484861359000206
-0.06559319794178009 -0.8746790885925293 0.1969040036201477
-0.1642438769340515 -0.830986499786377 0.3400458097457886
-0.2759266793727875 -0.7667132019996643 0.4760069251060486
-0.3971954584121704 -0.6862707734107971 0.6028463840484619
-0.5246496200561523 -0.5940033793449402 0.718575656414032
-0.6549041271209717 -0.4942226707935333 0.8211337924003601
-0.7845566868782043 -0.3912491798400879 0.9083603620529175
-0.9101502895355225 -0.2894567847251892 0.9779627919197083
-1.0281320810317993 -0.19332349300384521 1.027480125427246
-1.1348048448562622 -0.10748980194330215 1.0542393922805786
-1.226301908493042 -0.036733854562044144 1.0553853511810303
-1.2995195388793945 0.016968101263046265 1.0304783582687378
-1.352234125137329 0.055147506296634674 0.9822690486907959
-1.3819656372070312 0.07947538793087006 0.9139066338539124
-1.3860466480255127 0.0916464701294899 0.8289225101470947
-1.3618183135986328 0.0934654027223587 0.731364369392395
-1.3068780899047852 0.08691051602363586 0.6258703470230103
-1.219374656677246 0.07416646927595139 0.5176653265953064
-1.0983257293701172 0.05761837214231491 0.4124566912651062
-0.9439171552658081 0.03980014845728874 0.31621816754341125
-0.7581138610839844 0.023226674646139145 0.23472949862480164
-0.550294816493988 0.00915922224521637 0.17093385756015778
-0.3344126343727112 -0.0022670880425721407 0.1250000298023224
-0.1227933019399643 -0.011074777692556381 0.09636240452528
0.07427684217691422 -0.017371779307723045 0.08406154811382294
0.24843746423721313 -0.021311644464731216 0.08699318766593933
0.39291059970855713 -0.023060563951730728 0.10410735011100769
0.5020245313644409 -0.022771786898374557 0.13455906510353088
0.570682168006897 -0.020566416904330254 0.17782431840896606
0.593782365322113 -0.01651819981634617 0.23379740118980408
0.566706120967865 -0.010664408095180988 0.3026001453399658
0.49450892210006714 -0.00321880797855556 0.38202333450317383
0.38721513748168945 0.005502954591065645 0.46843215823173523
0.2543373107910156 0.01518996525555849 0.5580899119377136
0.10538807511329651 0.025517398491501808 0.6469980478286743
-0.04967649281024933 0.03613031283020973 0.7307619452476501
-0.20013554394245148 0.04663114249706268 0.8045048713684082
-0.3343120217323303 0.05657146871089935 0.8628378510475159
-0.43953871726989746 0.06544944643974304 0.8999049067497253
-0.5023190379142761 0.07271468639373779 0.9095215201377869
-0.5113356113433838 0.07877977937459946 0.8856421113014221
-0.47167664766311646 0.09025932103395462 0.8237793445587158
-0.3953082859516144 0.11625733971595764 0.7202268838882446
-0.2946682572364807 0.16596205532550812 0.5714318156242371
-0.18235552310943604 0.24861590564250946 0.3738335371017456
-0.07094236463308334 0.3735784590244293 0.1236647367477417
0.027094319462776184 0.5504793524742126 -0.18328562378883362
0.09932028502225876 0.789466917514801 -0.5519514679908752
0.13316844403743744 1.101561188697815 -0.9883231520652771
0.11563422530889511 1.499130129814148 -1.499855875968933
-0.43221619725227356 -1.4983806610107422 1.4550312757492065
-0.4567014276981354 -0.6720196604728699 0.6096535921096802
-0.4729446470737457 -0.06445655226707458 -0.04258264973759651
-0.4824693202972412 0.3611321449279785 -0.5345925688743591
-0.48654705286026 0.6344611048698425 -0.8926980495452881
-0.48629501461982727 0.780616819858551 -1.138830304145813
-0.48274528980255127 0.8218458294868469 -1.2921050786972046
-0.4768955409526825 0.7788817286491394 -1.3699827194213867
-0.4697447121143341 0.671926736831665 -1.3891245126724243
-0.4623151421546936 0.5213547945022583 -1.366010069847107
-0.4556616544723511 0.34813806414604187 -1.3173233270645142
-0.45081961154937744 0.16953082382678986 -1.255948543548584
-0.4487057626247406 -0.008589766919612885 -1.1840308904647827
-0.45020201802253723 -0.18234744668006897 -1.1019636392593384
-0.45617273449897766 -0.3480343520641327 -1.0101256370544434
-0.46746739745140076 -0.5021237134933472 -0.9088577628135681
-0.48492613434791565 -0.6412665843963623 -0.7984400391578674
-0.5093898177146912 -0.7622723579406738 -0.6790733337402344
-0.5417129993438721 -0.862076461315155 -0.5508582592010498
-0.5827805399894714 -0.9376934766769409 -0.4137793779373169
-0.6335161328315735 -0.9861885905265808 -0.2677006125450134
-0.6938536167144775 -1.0070886611938477 -0.1136576309800148
-0.7619157433509827 -1.0042390823364258 0.045072056353092194
-0.8356614112854004 -0.9818406701087952 0.20497845113277435
-0.9130582213401794 -0.9440327882766724 0.36252498626708984
-0.9920668601989746 -0.8949276208877563 0.514120876789093
-1.0706243515014648 -0.8386427164077759 0.6560927629470825
-1.1466277837753296 -0.779333233833313 0.7846559286117554
-1.217917799949646 -0.7212250232696533 0.8958845138549805
-1.2822617292404175 -0.6686485409736633 0.9856805205345154
-1.3373277187347412 -0.6259950399398804 1.049841046333313
-1.3804172277450562 -0.5952103734016418 1.0872920751571655
-1.4083412885665894 -0.5751996636390686 1.100884199142456
-1.4177201986312866 -0.5646952390670776 1.0937652587890625
-1.4051215648651123 -0.562384307384491 1.0692723989486694
-1.3672317266464233 -0.5668638348579407 1.0310238599777222
-1.3010753393173218 -0.5766158103942871 0.9829617738723755
-1.2042715549468994 -0.5900028944015503 0.929336428642273
-1.075299620628357 -0.6052912473678589 0.8746236562728882
-0.9137440919876099 -0.6206987500190735 0.8233747482299805
-0.7209063768386841 -0.6345121264457703 0.7798933982849121
-0.5061895251274109 -0.6458811163902283 0.7461631894111633
-0.28391197323799133 -0.6547207236289978 0.7220929861068726
-0.0664299875497818 -0.6610699892044067 0.7072248458862305
0.13615037500858307 -0.665028989315033 0.7009428143501282
0.3157294690608978 -0.66672283411026 0.702604353427887
0.4657716155052185 -0.6662713289260864 0.7116400003433228
0.5807632803916931 -0.6637654900550842 0.7276262044906616
0.6556304097175598 -0.6592490077018738 0.750342845916748
0.6851139068603516 -0.6527007222175598 0.7798247337341309
0.6641385555267334 -0.6440465450286865 0.8161678314208984
0.5965132713317871 -0.6334268450737 0.8572939038276672
0.4905734062194824 -0.6211133003234863 0.8997722268104553
0.3540846109390259 -0.6073784232139587 0.9399749040603638
0.19483301043510437 -0.5925213098526001 0.9739309549331665
0.021163666620850563 -0.5768921375274658 0.9972091913223267
-0.1575770080089569 -0.5609139204025269 1.004857063293457
-0.3307095170021057 -0.5451013445854187 0.9914113283157349
-0.48604097962379456 -0.5300725698471069 0.951011598110199
-0.6099063158035278 -0.5165514945983887 0.8776437044143677
-0.68974369764328 -0.5040045976638794 0.7663529515266418
-0.7266294360160828 -0.48347628116607666 0.6178467869758606
-0.7278324365615845 -0.4424596428871155 0.43532100319862366
-0.7014880180358887 -0.3682122528553009 0.2223166972398758
-0.6562953591346741 -0.24792693555355072 -0.017493050545454025
-0.6012683510780334 -0.06878988444805145 -0.2804971933364868
-0.5455510020256042 0.1820736527442932 -0.5633120536804199
-0.49830707907676697 0.5177712440490723 -0.8629164099693298
-0.4686901867389679 0.9519338011741638 -1.1767557859420776
-0.46589669585227966 1.499130129814148 -1.502820611000061
-1.4985864162445068 -1.499070644378662 1.4936192035675049
-1.4985865354537964 -0.6319233179092407 0.6263091564178467
-1.4985864162445068 0.028317641466856003 -0.03735380619764328
-1.4985864162445068 0.518332839012146 -0.5371201038360596
-1.4985865354537964 0.8656157851219177 -0.9035897254943848
-1.4985864162445068 1.0916402339935303 -1.1614588499069214
-1.4985865354537964 1.2140470743179321 -1.3317326307296753
-1.4985865354537964 1.248228669166565 -1.4332847595214844
-1.4985865354537964 1.2085219621658325 -1.4839674234390259
-1.4985865354537964 1.109118103981018 -1.50137460231781
-1.4985864162445068 0.9647210240364075 -1.5032812356948853
-1.4985864162445068 0.7886584997177124 -1.5025228261947632
-1.4985865354537964 0.5888876914978027 -1.4982696771621704
-1.4985864162445068 0.37246766686439514 -1.4874714612960815
-1.4985865354537964 0.14634518325328827 -1.467108964920044
-1.4985864162445068 -0.08275043964385986 -1.4342011213302612
-1.4985862970352173 -0.30837222933769226 -1.3857944011688232
-1.4985864162445068 -0.5243785381317139 -1.3189356327056885
-1.4985864162445068 -0.7249237298965454 -1.2306286096572876
-1.4985865354537964 -0.9044080376625061 -1.1177732944488525
-1.4985864162445068 -1.0574389696121216 -0.9771257638931274
-1.4985864162445068 -1.181684970855713 -0.8083484768867493
-1.4985864162445068 -1.2799785137176514 -0.6165230870246887
-1.4985864162445068 -1.3555084466934204 -0.4073118567466736
-1.4985865354537964 -1.4113377332687378 -0.1864723414182663
-1.4985865354537964 -1.4504536390304565 0.04008418694138527
-1.4985865354537964 -1.4758098125457764 0.2662491500377655
-1.4985865354537964 -1.490358829498291 0.485690176486969
-1.4985865354537964 -1.4970760345458984 0.6918453574180603
-1.4985865354537964 -1.4989749193191528 0.8779357671737671
-1.4985257387161255 -1.4990712404251099 1.0371325016021729
-1.4963359832763672 -1.4990712404251099 1.1668543815612793
-1.487520456314087 -1.4990713596343994 1.269712209701538
-1.4674726724624634 -1.4990713596343994 1.3486188650131226
-1.431725025177002 -1.4990712404251099 1.4065525531768799
-1.3760911226272583 -1.4990713596343994 1.446601390838623
-1.296836256980896 -1.4990713596343994 1.4719815254211426
-1.190863847732544 -1.4990712404251099 1.4860180616378784
-1.0558934211730957 -1.4990712404251099 1.492095947265625
-0.8906136155128479 -1.4990712404251099 1.493579387664795
-0.6952686309814453 -1.4990713596343994 1.4936197996139526
-0.4788091778755188 -1.4990712404251099 1.493619680404663
-0.25540316104888916 -1.4990712404251099 1.4936197996139526
-0.03694874793291092 -1.4990712404251099 1.493619680404663
0.1670258343219757 -1.4990712404251099 1.4936197996139526
0.34897279739379883 -1.4990712404251099 1.4936197996139526
0.5027957558631897 -1.4990713596343994 1.4936197996139526
0.623262345790863 -1.4990712404251099 1.4936199188232422
0.7053960561752319 -1.4990712404251099 1.4936199188232422
0.7438211441040039 -1.4990711212158203 1.493619680404663
0.732978343963623 -1.4990712404251099 1.4934027194976807
0.6749494671821594 -1.4990713596343994 1.4905942678451538
0.5755976438522339 -1.4990711212158203 1.4814393520355225
0.44003960490226746 -1.4990712404251099 1.4618103504180908
0.27328720688819885 -1.4990712404251099 1.427079439163208
0.08087841421365738 -1.4990712404251099 1.3720388412475586
-0.1305195391178131 -1.4990712404251099 1.2909098863601685
-0.3525451123714447 -1.4990713596343994 1.1774790287017822
-0.5746633410453796 -1.4990711212158203 1.0254145860671997
-0.7838860154151917 -1.4990712404251099 0.8288180232048035
-0.9665738940238953 -1.497220516204834 0.5847187042236328
-1.1185779571533203 -1.4799275398254395 0.30247098207473755
-1.240615725517273 -1.4284329414367676 -0.003089830046519637
-1.3344910144805908 -1.3235186338424683 -0.31632551550865173
-1.4029229879379272 -1.145932674407959 -0.6214099526405334
-1.4493522644042969 -0.876612663269043 -0.9028109908103943
-1.4777414798736572 -0.49668604135513306 -1.1455997228622437
-1.4923944473266602 0.012762906029820442 -1.3355712890625
-1.497810959815979 0.6711583137512207 -1.4591782093048096
-1.4985865354537964 1.499130129814148 -1.5032826662063599
