ply
format ascii 1.0
element vertex 3600
property float x
property float y
property float z
end_header
1.4991543292999268 -0.9086282253265381 1.4936197996139526
1.4991543292999268 -0.7462573051452637 1.4529173374176025
1.4991544485092163 -0.6023480296134949 1.4167169332504272
1.4991542100906372 -0.4748768210411072 1.3845220804214478
1.4991542100906372 -0.36182188987731934 1.3558355569839478
1.4991542100906372 -0.2611631155014038 1.3301613330841064
1.4991540908813477 -0.1708815097808838 1.3070036172866821
1.4991543292999268 -0.08895918726921082 1.285866379737854
1.4991542100906372 -0.013378978706896305 1.2662543058395386
1.4991438388824463 0.057813867926597595 1.2476691007614136
1.4989361763000488 0.12553587555885315 1.2295671701431274
1.498198390007019 0.18984197080135345 1.2113670110702515
1.4965934753417969 0.25076040625572205 1.19248628616333
1.4937838315963745 0.30831921100616455 1.1723421812057495
1.4894322156906128 0.3625459372997284 1.1503525972366333
1.4832011461257935 0.41346806287765503 1.1259350776672363
1.4747533798217773 0.4611126482486725 1.0985071659088135
1.4637517929077148 0.5055069327354431 1.0674868822097778
1.450002670288086 0.546826183795929 1.0323801040649414
1.4337103366851807 0.5855821967124939 0.9929754734039307
1.4152008295059204 0.6222369074821472 0.9492419362068176
1.3948777914047241 0.6571456789970398 0.9013320207595825
1.3732290267944336 0.6905672550201416 0.8496088981628418
1.3508220911026 0.7226728796958923 0.794662356376648
1.328287959098816 0.7535539269447327 0.737304151058197
1.3062918186187744 0.7832343578338623 0.6785392165184021
1.285475254058838 0.8116596937179565 0.6195238828659058
1.2661943435668945 0.8385648727416992 0.5614724159240723
1.2485249042510986 0.8637489676475525 0.5052452087402344
1.2323992252349854 0.887210488319397 0.4512495696544647
1.2176512479782104 0.9090965390205383 0.3995242714881897
1.2040538787841797 0.9296551942825317 0.3498266041278839
1.1913424730300903 0.9492033123970032 0.30170220136642456
1.1792311668395996 0.9681042432785034 0.25453415513038635
1.167418360710144 0.9867605566978455 0.2075689435005188
1.1556953191757202 1.0054473876953125 0.1602833867073059
1.1440415382385254 1.024167776107788 0.11272592097520828
1.132459044456482 1.0428978204727173 0.0649939700961113
1.1209512948989868 1.0616146326065063 0.017177732661366463
1.1095242500305176 1.0802949666976929 -0.03063581883907318
1.0981866121292114 1.098914384841919 -0.07835904508829117
1.0869500637054443 1.1174449920654297 -0.1258983612060547
1.075829029083252 1.1358555555343628 -0.1731506735086441
1.0648115873336792 1.1541624069213867 -0.22013719379901886
1.0536936521530151 1.1726940870285034 -0.26770496368408203
1.0422165393829346 1.1918714046478271 -0.3169442117214203
1.0301415920257568 1.2120782136917114 -0.3688555657863617
1.0172555446624756 1.2336567640304565 -0.4243314862251282
1.003381609916687 1.256883978843689 -0.4841021001338959
0.9884002804756165 1.2819397449493408 -0.5486474633216858
0.9722775816917419 1.3088573217391968 -0.6180726289749146
0.9550973176956177 1.3374576568603516 -0.6919833421707153
0.936994731426239 1.3669989109039307 -0.7701483368873596
0.9180487394332886 1.3962228298187256 -0.8530840277671814
0.8983078598976135 1.4238473176956177 -0.9414988160133362
0.8777838945388794 1.4486521482467651 -1.0362632274627686
0.8564421534538269 1.4695208072662354 -1.138431191444397
0.83419269323349 1.4854586124420166 -1.2492676973342896
0.8108864426612854 1.4955894947052002 -1.3702820539474487
0.7863069176673889 1.4991300106048584 -1.5032826662063599
1.4951883554458618 -0.9177260398864746 1.3593462705612183
1.4722063541412354 -0.7605696320533752 1.3196921348571777
1.4512121677398682 -0.6199091672897339 1.2832412719726562
1.4322971105575562 -0.49549052119255066 1.2501620054244995
1.4154330492019653 -0.3862583041191101 1.2204184532165527
1.4004992246627808 -0.2905789315700531 1.1938164234161377
1.3873097896575928 -0.20644071698188782 1.170046329498291
1.375636100769043 -0.13161054253578186 1.1487213373184204
1.3652247190475464 -0.06374026089906693 1.1294069290161133
1.3558061122894287 -0.0004832164559047669 1.111629843711853
1.3470678329467773 0.059506673365831375 1.0947667360305786
1.338687777519226 0.11663626879453659 1.0781174898147583
1.3303672075271606 0.17116449773311615 1.0610235929489136
1.3218259811401367 0.22324560582637787 1.0428584814071655
1.31279718875885 0.27294185757637024 1.0230172872543335
1.3030235767364502 0.32023370265960693 1.0009132623672485
1.29225754737854 0.36502805352211 0.9759774208068848
1.2802619934082031 0.4071659445762634 0.9476622939109802
1.2669118642807007 0.446614533662796 0.9155875444412231
1.2523643970489502 0.4837647080421448 0.8797866106033325
1.2368500232696533 0.5190185904502869 0.8404296040534973
1.2206332683563232 0.5527164936065674 0.7977815866470337
1.2040126323699951 0.5851417183876038 0.7522147297859192
1.187318205833435 0.6165241599082947 0.7042147517204285
1.1709047555923462 0.6470413208007812 0.6543803811073303
1.155139684677124 0.6768207550048828 0.6034119725227356
1.1403675079345703 0.7059166431427002 0.5520860552787781
1.126684546470642 0.7341247797012329 0.5011131167411804
1.1140031814575195 0.7612074017524719 0.45097866654396057
1.1021825075149536 0.7870550751686096 0.4019434452056885
1.0910457372665405 0.8116666078567505 0.3540692925453186
1.0803909301757812 0.8351275324821472 0.30724912881851196
1.06999933719635 0.8575923442840576 0.26123303174972534
1.0596373081207275 0.8792685866355896 0.21564877033233643
1.0490570068359375 0.9004083275794983 0.1700143665075302
1.038096308708191 0.9212056398391724 0.1239916980266571
1.0267621278762817 0.9416952133178711 0.0776296928524971
1.0150713920593262 0.9618889689445496 0.031009724363684654
1.0030343532562256 0.9817920327186584 -0.01579311490058899
0.9906543493270874 1.0014045238494873 -0.06270792335271835
0.9779276251792908 1.0207198858261108 -0.1096661165356636
0.9648442268371582 1.0397262573242188 -0.1565980166196823
0.951386570930481 1.0584046840667725 -0.20343196392059326
0.9375259280204773 1.0767712593078613 -0.2501715421676636
0.9232129454612732 1.0950913429260254 -0.29730287194252014
0.9084083437919617 1.1137158870697021 -0.345458447933197
0.8930943608283997 1.1329854726791382 -0.39522862434387207
0.8772817254066467 1.1532362699508667 -0.447162926197052
0.8610159158706665 1.1747993230819702 -0.5017614364624023
0.8443847298622131 1.1979964971542358 -0.5594611167907715
0.8275282979011536 1.223131775856018 -0.6206086874008179
0.8106389045715332 1.250469446182251 -0.685445249080658
0.7936648726463318 1.2799901962280273 -0.7546961307525635
0.7761986255645752 1.3113062381744385 -0.8297894597053528
0.757797360420227 1.3438961505889893 -0.91217041015625
0.7380166053771973 1.3771111965179443 -1.003190040588379
0.7164270877838135 1.4101728200912476 -1.1040221452713013
0.6926374435424805 1.4421849250793457 -1.2155662775039673
0.6663221716880798 1.472158432006836 -1.3383393287658691
0.6372500061988831 1.4990522861480713 -1.4723800420761108
1.483849287033081 -0.9262986779212952 1.238450050354004
1.4414722919464111 -0.7730140089988708 1.1986334323883057
1.404112458229065 -0.6360982060432434 1.1630592346191406
1.371713638305664 -0.5155888199806213 1.1317578554153442
1.343931794166565 -0.41048136353492737 1.1044870615005493
1.3202354907989502 -0.3190743327140808 1.080820918083191
1.2999931573867798 -0.23925983905792236 1.060226321220398
1.28253173828125 -0.16873495280742645 1.0421195030212402
1.2671747207641602 -0.10513089597225189 1.0258983373641968
1.2532660961151123 -0.04612201452255249 1.010956883430481
1.240319013595581 0.009720539674162865 0.9966318011283875
1.2280198335647583 0.06295080482959747 0.9822604060173035
1.2161085605621338 0.11392521113157272 0.9672343730926514
1.2043626308441162 0.16285459697246552 0.9509817957878113
1.192589521408081 0.20982439815998077 0.9329577088356018
1.180620789527893 0.2548089623451233 0.9126371741294861
1.1683098077774048 0.29768210649490356 0.8895179629325867
1.155531644821167 0.33822640776634216 0.863125205039978
1.1422295570373535 0.37632375955581665 0.833173930644989
1.12848961353302 0.4122715890407562 0.7998179197311401
1.1144341230392456 0.4464033246040344 0.7633187174797058
1.100202202796936 0.4790171980857849 0.7239890694618225
1.0859493017196655 0.5103787183761597 0.6821982860565186
1.0718457698822021 0.5407229065895081 0.6383756399154663
1.0580742359161377 0.5702542662620544 0.5930107831954956
1.0448260307312012 0.5991474390029907 0.5466485023498535
1.032279372215271 0.6275245547294617 0.4998674988746643
1.0204492807388306 0.6552839279174805 0.4531179368495941
1.0092376470565796 0.682259738445282 0.4066806435585022
0.9985198378562927 0.708357572555542 0.36072033643722534
0.9881526827812195 0.7335482835769653 0.3152931034564972
0.9779782295227051 0.75785893201828 0.2703564167022705
0.9678255915641785 0.7813647389411926 0.2257775068283081
0.9575129747390747 0.804181694984436 0.1813417375087738
0.9468451738357544 0.8264613747596741 0.136757493019104
0.9356938600540161 0.8483285307884216 0.09181869775056839
0.9240643978118896 0.8698157072067261 0.04656551033258438
0.9119696617126465 0.8909406065940857 0.001058858586475253
0.8994166851043701 0.9117158055305481 -0.04464402422308922
0.8864070773124695 0.9321503639221191 -0.0904889777302742
0.8729360699653625 0.952248215675354 -0.1364241987466812
0.858993411064148 0.9720096588134766 -0.1823979914188385
0.844562292098999 0.9914305210113525 -0.22835902869701385
0.8296256065368652 1.0105305910110474 -0.27429673075675964
0.8142001032829285 1.0295038223266602 -0.320463091135025
0.7983176708221436 1.0486130714416504 -0.3672111928462982
0.7820121049880981 1.0681298971176147 -0.4149017930030823
0.7653213143348694 1.0883396863937378 -0.46391135454177856
0.7482879161834717 1.109548807144165 -0.5146376490592957
0.7309610843658447 1.1320898532867432 -0.5675100684165955
0.7133991122245789 1.1563317775726318 -0.6229971051216125
0.6956639289855957 1.1826859712600708 -0.681633710861206
0.6775847673416138 1.2115598917007446 -0.7445443272590637
0.6587040424346924 1.2432911396026611 -0.813528835773468
0.6385540962219238 1.2781496047973633 -0.8904243111610413
0.616686999797821 1.316300868988037 -0.9769955277442932
0.5926966667175293 1.357755184173584 -1.0748168230056763
0.5662543773651123 1.4023104906082153 -1.1851041316986084
0.5371544361114502 1.4494915008544922 -1.308495283126831
0.5053659081459045 1.4985076189041138 -1.444815754890442
1.466026782989502 -0.9344379901885986 1.128955364227295
1.4081181287765503 -0.7838749885559082 1.0895425081253052
1.3588453531265259 -0.6509600877761841 1.0562180280685425
1.317453145980835 -0.5348814725875854 1.0283609628677368
1.2829360961914062 -0.4340607821941376 1.0051918029785156
1.2541801929473877 -0.3464859426021576 0.9858713746070862
1.2300608158111572 -0.26995280385017395 0.9695639610290527
1.2094956636428833 -0.20221860706806183 0.9554712176322937
1.19146728515625 -0.14108115434646606 0.9428431391716003
1.1750396490097046 -0.08443945646286011 0.9309747219085693
1.159619927406311 -0.030941564589738846 0.9192265272140503
1.1449244022369385 0.02002236805856228 0.9070367217063904
1.1307367086410522 0.06885156035423279 0.8938880562782288
1.1168887615203857 0.11578739434480667 0.8792918920516968
1.1032508611679077 0.160936638712883 0.8627792596817017
1.0897265672683716 0.20428749918937683 0.8438981771469116
1.0762494802474976 0.24572069942951202 0.8222168684005737
1.0627820491790771 0.2850191593170166 0.7973315119743347
1.0493171215057373 0.32204100489616394 0.769027829170227
1.035876750946045 0.357017457485199 0.7375224232673645
1.0224940776824951 0.3902246057987213 0.7031198143959045
1.009210467338562 0.4219188392162323 0.6661514043807983
0.9960759878158569 0.4523388743400574 0.6269782781600952
0.9831485748291016 0.481706440448761 0.5859931111335754
0.9704926013946533 0.5102267861366272 0.5436198115348816
0.9581789374351501 0.538088858127594 0.5003126859664917
0.9462747573852539 0.5654474496841431 0.45653554797172546
0.9347677826881409 0.5922836065292358 0.41259390115737915
0.9235879778862 0.6185124516487122 0.3686543405056
0.9126518964767456 0.6440860033035278 0.32482361793518066
0.9018639922142029 0.66899174451828 0.28115084767341614
0.8911187052726746 0.6932485699653625 0.23763035237789154
0.8803005814552307 0.71690434217453 0.19420357048511505
0.8692842721939087 0.7400321364402771 0.15076223015785217
0.8579350709915161 0.7627286911010742 0.10715001076459885
0.8461622595787048 0.7850744724273682 0.06325627118349075
0.8339669108390808 0.8070937395095825 0.01911129243671894
0.8213560581207275 0.8288014531135559 -0.02524256333708763
0.8083337545394897 0.8502107858657837 -0.06976483017206192
0.7949007749557495 0.8713324069976807 -0.11441686004400253
0.7810544967651367 0.8921752572059631 -0.15916182100772858
0.7667891979217529 0.912746250629425 -0.20396310091018677
0.7520959973335266 0.9330506324768066 -0.24878528714179993
0.7369673848152161 0.9531083106994629 -0.2936115562915802
0.7214223742485046 0.9730433225631714 -0.33855512738227844
0.7054796814918518 0.9930349588394165 -0.3838089406490326
0.6891423463821411 1.0132840871810913 -0.429610013961792
0.6723968386650085 1.0340187549591064 -0.4762471914291382
0.6552104949951172 1.0555001497268677 -0.5240699052810669
0.6375290751457214 1.0780328512191772 -0.5735037922859192
0.6192724108695984 1.1019777059555054 -0.6250694394111633
0.6003257036209106 1.127773404121399 -0.6794235706329346
0.580446183681488 1.1560697555541992 -0.7378017902374268
0.5592739582061768 1.1877236366271973 -0.802065372467041
0.5364575982093811 1.2236379384994507 -0.8741853833198547
0.5116746425628662 1.264733910560608 -0.956186056137085
0.48465222120285034 1.3119138479232788 -1.0500774383544922
0.45520004630088806 1.3659923076629639 -1.1577301025390625
0.4232555627822876 1.427595853805542 -1.2806751728057861
0.3889364004135132 1.497029185295105 -1.4198378324508667
1.4427152872085571 -0.9422124028205872 1.0291712284088135
1.3732661008834839 -0.7934839725494385 0.9917340278625488
1.3160851001739502 -0.6646321415901184 0.9619648456573486
1.269216537475586 -0.5532085299491882 0.9384312033653259
1.230808973312378 -0.45670244097709656 0.9198178648948669
1.1991690397262573 -0.3726789355278015 0.9049480557441711
1.1727789640426636 -0.29885154962539673 0.8927828073501587
1.1502877473831177 -0.2331061065196991 0.8824065923690796
1.130489468574524 -0.17349296808242798 0.8730029463768005
1.1123120784759521 -0.11822551488876343 0.8638333082199097
1.095130443572998 -0.06610874831676483 0.854314386844635
1.0786962509155273 -0.016530824825167656 0.8439905047416687
1.0628339052200317 0.030918505042791367 0.8324354290962219
1.047417402267456 0.07649553567171097 0.8192386627197266
1.0323632955551147 0.12032588571310043 0.8040013909339905
1.017624855041504 0.16242049634456635 0.7863362431526184
1.0031893253326416 0.20268677175045013 0.7658720016479492
0.9890758395195007 0.24093793332576752 0.7422623038291931
0.9753066301345825 0.2770427465438843 0.7153431177139282
0.9618540406227112 0.3111887574195862 0.6853626370429993
0.948684573173523 0.34360864758491516 0.6526437401771545
0.9357694983482361 0.3745249807834625 0.6175228357315063
0.9230841398239136 0.40415096282958984 0.5803506970405579
0.9106079339981079 0.4326912760734558 0.5414936542510986
0.898324191570282 0.4603421092033386 0.5013338923454285
0.8862201571464539 0.48729169368743896 0.46026870608329773
0.8742849230766296 0.5137064456939697 0.4186910092830658
0.8624955415725708 0.5396232604980469 0.37682411074638367
0.8508148193359375 0.5650212168693542 0.33477088809013367
0.8391984701156616 0.5898967385292053 0.29260534048080444
0.8275951147079468 0.6142634749412537 0.25037243962287903
0.8159467577934265 0.6381509900093079 0.20808975398540497
0.8041887879371643 0.6616038680076599 0.1657467931509018
0.7922500371932983 0.6846799850463867 0.12330665439367294
0.7800531983375549 0.7074505686759949 0.08070597797632217
0.7675450444221497 0.7299729585647583 0.037900183349847794
0.754725456237793 0.7522640824317932 -0.005088478792458773
0.7415984272956848 0.7743360996246338 -0.048232413828372955
0.728166401386261 0.796200156211853 -0.09150484949350357
0.714430570602417 0.8178669214248657 -0.1348801553249359
0.7003904581069946 0.839346706867218 -0.1783341020345688
0.686044454574585 0.8606489896774292 -0.22184258699417114
0.6713892221450806 0.881783127784729 -0.2653827667236328
0.6564202308654785 0.9027654528617859 -0.30893856287002563
0.6411255598068237 0.9236663579940796 -0.35255318880081177
0.6254732608795166 0.9445990324020386 -0.3963389992713928
0.6094061136245728 0.9657087326049805 -0.4404720366001129
0.5928394794464111 0.9871751070022583 -0.48519816994667053
0.5756566524505615 1.009218692779541 -0.5308409333229065
0.5577024221420288 1.0321091413497925 -0.5778166651725769
0.5387740731239319 1.0561782121658325 -0.6266546845436096
0.518610417842865 1.0818467140197754 -0.6780393123626709
0.49694380164146423 1.1098897457122803 -0.7331627607345581
0.47355520725250244 1.1414955854415894 -0.7937713265419006
0.4482293426990509 1.1780072450637817 -0.8618026971817017
0.4207574427127838 1.2209364175796509 -0.9394019246101379
0.3909481167793274 1.2719913721084595 -1.028951644897461
0.358643501996994 1.3330947160720825 -1.1330842971801758
0.3237449824810028 1.4063780307769775 -1.2546586990356445
0.2862464487552643 1.4941504001617432 -1.3966964483261108
1.415041446685791 -0.9496681094169617 0.9376328587532043
1.3379440307617188 -0.8021949529647827 0.9041417241096497
1.2762207984924316 -0.6773151159286499 0.8789889216423035
1.2264779806137085 -0.5705154538154602 0.8601056337356567
1.186037302017212 -0.47821635007858276 0.8458575010299683
1.1527502536773682 -0.3975338339805603 0.8349286317825317
1.124860405921936 -0.3261045813560486 0.8262355923652649
1.1009029150009155 -0.26195666193962097 0.8188630938529968
1.0796258449554443 -0.2034093290567398 0.8120143413543701
1.0599502325057983 -0.14901170134544373 0.8049787878990173
1.0412743091583252 -0.09776389598846436 0.7972395420074463
1.0233834981918335 -0.049089882522821426 0.7884266376495361
1.0061320066452026 -0.002591923112049699 0.7781853079795837
0.9894227385520935 0.0419883131980896 0.7661675810813904
0.9732005596160889 0.08479084074497223 0.7520298361778259
0.9574471116065979 0.1258520931005478 0.7354353666305542
0.9421780109405518 0.1651153862476349 0.716059148311615
0.9274405837059021 0.20243985950946808 0.6935970783233643
0.9132680296897888 0.2377246916294098 0.6679171919822693
0.8995968103408813 0.271131306886673 0.639281153678894
0.886349081993103 0.3028620779514313 0.6080177426338196
0.8734485507011414 0.3331144154071808 0.5744608044624329
0.8608213663101196 0.3620816469192505 0.5389507412910461
0.8483951091766357 0.3899528682231903 0.5018346309661865
0.8360998630523682 0.41691356897354126 0.4634665846824646
0.8238672018051147 0.4431453347206116 0.4242073893547058
0.8116346001625061 0.46881628036499023 0.38440635800361633
0.7993737459182739 0.49399638175964355 0.34424009919166565
0.7870728373527527 0.5187070369720459 0.30377745628356934
0.7747170329093933 0.5429764986038208 0.26307451725006104
0.762287437915802 0.5668401122093201 0.22217492759227753
0.7497625946998596 0.5903404355049133 0.18111051619052887
0.7371168732643127 0.6135263442993164 0.1399005800485611
0.7243213653564453 0.6364526152610779 0.09855270385742188
0.7113437652587891 0.6591801047325134 0.05706239864230156
0.6981620788574219 0.6817551255226135 0.015427079983055592
0.6847772598266602 0.7041908502578735 -0.026336781680583954
0.6711919903755188 0.7264973521232605 -0.06821192055940628
0.6574086546897888 0.7486841082572937 -0.11018144339323044
0.6434289216995239 0.7707611322402954 -0.15222926437854767
0.6292537450790405 0.7927385568618774 -0.19434043765068054
0.6148837804794312 0.8146264553070068 -0.23650014400482178
0.6003190875053406 0.8364351987838745 -0.27869483828544617
0.5855526328086853 0.8581775426864624 -0.3209129869937897
0.5705319046974182 0.879892110824585 -0.36317548155784607
0.5551673769950867 0.901653528213501 -0.4055666923522949
0.5393422842025757 0.9235718250274658 -0.44823989272117615
0.5229085683822632 0.9457956552505493 -0.4914218783378601
0.5056822299957275 0.9685160517692566 -0.5354190468788147
0.4874345660209656 0.9919737577438354 -0.580630898475647
0.4678805470466614 1.0164700746536255 -0.6275674700737
0.4466681182384491 1.0423942804336548 -0.6768859624862671
0.42354634404182434 1.0705668926239014 -0.7296496629714966
0.39843451976776123 1.102353572845459 -0.7873956561088562
0.3712230622768402 1.1393626928329468 -0.8519335985183716
0.34175390005111694 1.1835131645202637 -0.9254313707351685
0.309808611869812 1.2371594905853271 -1.0105550289154053
0.2750903367996216 1.3032664060592651 -1.1106677055358887
0.2371978759765625 1.3856594562530518 -1.2301121950149536
0.19558411836624146 1.4894046783447266 -1.3746417760849
1.3842658996582031 -0.9568317532539368 0.8530658483505249
1.303053379058838 -0.8103672862052917 0.8254327774047852
1.239406943321228 -0.6892501711845398 0.805640697479248
1.1885817050933838 -0.5868266820907593 0.7913902401924133
1.1472498178482056 -0.49848994612693787 0.7810338139533997
1.1129801273345947 -0.420937716960907 0.7733309268951416
1.083927035331726 -0.35173094272613525 0.7673017978668213
1.0586360692977905 -0.2890183925628662 0.7621344327926636
1.0359175205230713 -0.23135992884635925 0.7571240663528442
1.0147823095321655 -0.1776164323091507 0.7516413331031799
0.9946926832199097 -0.12699313461780548 0.7452390193939209
0.975461483001709 -0.07897648960351944 0.7376042604446411
0.9569628238677979 -0.033199649304151535 0.7284310460090637
0.9391152262687683 0.010586483404040337 0.7174139022827148
0.9218754172325134 0.05253053084015846 0.7042477130889893
0.9052349328994751 0.09269329905509949 0.6886313557624817
0.8892165422439575 0.13105706870555878 0.6702715158462524
0.8738716244697571 0.16753345727920532 0.6488913297653198
0.8592284321784973 0.2020629197359085 0.6243760585784912
0.8452009558677673 0.2347937971353531 0.5969907641410828
0.8316841721534729 0.2659088969230652 0.5670619010925293
0.8185738325119019 0.29558902978897095 0.5349178314208984
0.8057666420936584 0.3240131437778473 0.5008887648582458
0.7931599020957947 0.3513588309288025 0.4653076231479645
0.7806517481803894 0.3778020441532135 0.4285096824169159
0.7681412696838379 0.40351733565330505 0.39083272218704224
0.7555347681045532 0.42866989970207214 0.35259920358657837
0.7428010702133179 0.45334625244140625 0.313960999250412
0.729943573474884 0.4775901138782501 0.2749693989753723
0.7169649004936218 0.5014476180076599 0.23567146062850952
0.7038664817810059 0.5249666571617126 0.19610993564128876
0.6906484961509705 0.5481976270675659 0.1563240885734558
0.6773098111152649 0.5711932182312012 0.11634882539510727
0.6638481020927429 0.5940077304840088 0.07621552795171738
0.6502594947814941 0.6166973114013672 0.03595151752233505
0.6365421414375305 0.6393032073974609 -0.004423103760927916
0.6226983666419983 0.6618366837501526 -0.04489521682262421
0.6087307929992676 0.6843067407608032 -0.08545354008674622
0.5946418046951294 0.7067221999168396 -0.12608695030212402
0.5804336071014404 0.7290923595428467 -0.16678500175476074
0.5661078691482544 0.7514269351959229 -0.20753827691078186
0.5516662001609802 0.7737354636192322 -0.2483372986316681
0.5371097922325134 0.7960286140441895 -0.28917396068573
0.522428035736084 0.8183178305625916 -0.3300427198410034
0.5075324177742004 0.8406338691711426 -0.37097296118736267
0.4922862946987152 0.8630397319793701 -0.41205453872680664
0.47652801871299744 0.8856343626976013 -0.45344123244285583
0.4600661098957062 0.9085525274276733 -0.49535369873046875
0.4426751434803009 0.9319696426391602 -0.5380848050117493
0.42408639192581177 0.9561072587966919 -0.5820100903511047
0.40397709608078003 0.9812417030334473 -0.6276026964187622
0.3819614350795746 1.0077285766601562 -0.6754601001739502
0.35783347487449646 1.0363777875900269 -0.7264727354049683
0.33162128925323486 1.0686086416244507 -0.7819260954856873
0.30327078700065613 1.1061540842056274 -0.8434581756591797
0.27260127663612366 1.1511805057525635 -0.9132006764411926
0.2392617017030716 1.2065150737762451 -0.9940178990364075
0.20265886187553406 1.2760149240493774 -1.0898985862731934
0.1618344485759735 1.3651903867721558 -1.2066165208816528
0.11523966491222382 1.4823247194290161 -1.3529237508773804
1.3517647981643677 -0.9637128114700317 0.774363100528717
1.2693558931350708 -0.8183508515357971 0.7541124224662781
1.2056188583374023 -0.7007002830505371 0.7401004433631897
1.1548124551773071 -0.6022248268127441 0.7302851676940918
1.1132147312164307 -0.5174651741981506 0.7232932448387146
1.0782818794250488 -0.4427773058414459 0.7181326150894165
1.0481914281845093 -0.375650554895401 0.7140346169471741
1.021580696105957 -0.31431844830513 0.7103632688522339
0.9973894953727722 -0.2575277090072632 0.706561803817749
0.9747786521911621 -0.20439636707305908 0.702125608921051
0.9533006548881531 -0.1543203890323639 0.69668048620224
0.9327894449234009 -0.10686440765857697 0.6899454593658447
0.9131308197975159 -0.06170494481921196 0.6816417574882507
0.8942483067512512 -0.018611038103699684 0.6714892387390137
0.8760982155799866 0.02256868965923786 0.6592062711715698
0.8586669564247131 0.0619160532951355 0.6445130109786987
0.8419672846794128 0.09945088624954224 0.6271347999572754
0.8260365128517151 0.1351376175880432 0.6068089604377747
0.8108864426612854 0.16896168887615204 0.5834274888038635
0.7964181900024414 0.20106744766235352 0.5572516918182373
0.7825136780738831 0.23162633180618286 0.5286020636558533
0.7690553665161133 0.2608090341091156 0.4977995455265045
0.7559259533882141 0.2887856960296631 0.4651654362678528
0.7430083751678467 0.3157259225845337 0.4310216009616852
0.7301859855651855 0.3417987823486328 0.3956906497478485
0.7173420190811157 0.3671729862689972 0.35949575901031494
0.7043679356575012 0.39200958609580994 0.3227437436580658
0.691230297088623 0.41639941930770874 0.28557345271110535
0.6779385805130005 0.44039401412010193 0.24802805483341217
0.6645023822784424 0.4640444219112396 0.2101493775844574
0.6509313583374023 0.4874023497104645 0.17197850346565247
0.6372345089912415 0.5105194449424744 0.13355620205402374
0.623421311378479 0.5334480404853821 0.0949225127696991
0.6095006465911865 0.5562403798103333 0.05611733719706535
0.5954813361167908 0.5789488554000854 0.01717989705502987
0.5813700556755066 0.6016110777854919 -0.021860966458916664
0.5671699643135071 0.6242377161979675 -0.06099320948123932
0.5528838038444519 0.6468374133110046 -0.10020755976438522
0.5385138392448425 0.6694187521934509 -0.13949482142925262
0.52406245470047 0.6919905543327332 -0.1788463145494461
0.5095318555831909 0.7145624756813049 -0.21825435757637024
0.49492377042770386 0.7371437549591064 -0.25771114230155945
0.4802398383617401 0.7597445845603943 -0.2972099781036377
0.46546638011932373 0.7823781371116638 -0.33675068616867065
0.4504902958869934 0.8050872683525085 -0.3763883411884308
0.4351455867290497 0.8279480934143066 -0.41623789072036743
0.4192448854446411 0.8510667085647583 -0.45646601915359497
0.4025760591030121 0.8745809197425842 -0.497294545173645
0.38489821553230286 0.8986631631851196 -0.5390039682388306
0.3659338355064392 0.9235250353813171 -0.581942081451416
0.34536004066467285 0.9494245648384094 -0.626534640789032
0.32280391454696655 0.9766862392425537 -0.6733031272888184
0.29811570048332214 1.0060687065124512 -0.7229494452476501
0.2713877260684967 1.0389518737792969 -0.7765006422996521
0.2425670623779297 1.0770890712738037 -0.8354130983352661
0.2113872915506363 1.1227697134017944 -0.9017521142959595
0.1772899329662323 1.1791388988494873 -0.978506326675415
0.13928255438804626 1.2507598400115967 -1.070149540901184
0.09567015618085861 1.3446617126464844 -1.1836903095245361
0.043505050241947174 1.4724440574645996 -1.3307933807373047
1.3189799785614014 -0.9703060388565063 0.7005703449249268
1.2374721765518188 -0.8264773488044739 0.6886100769042969
1.1747044324874878 -0.7119408845901489 0.6804946660995483
1.12444007396698 -0.6168330907821655 0.674849808216095
1.0828267335891724 -0.5351212620735168 0.670779287815094
1.0473442077636719 -0.46293240785598755 0.6676430702209473
1.0162616968154907 -0.39770182967185974 0.6649421453475952
0.9883458614349365 -0.3377126157283783 0.6622567176818848
0.9626913070678711 -0.28183484077453613 0.6592109203338623
0.9386318922042847 -0.22936862707138062 0.6554570198059082
0.9158183932304382 -0.17986509203910828 0.6506972312927246
0.8941019177436829 -0.1329696923494339 0.6446654200553894
0.873373806476593 -0.08840694278478622 0.6370953917503357
0.8535552024841309 -0.04596877470612526 0.6277188062667847
0.8345938324928284 -0.0055056847631931305 0.6162662506103516
0.8164610862731934 0.03308060020208359 0.6024686694145203
0.7991491556167603 0.0698428824543953 0.5860603451728821
0.7826691269874573 0.1047934740781784 0.5667838454246521
0.767009973526001 0.13796047866344452 0.5445298552513123
0.7520660758018494 0.16948913037776947 0.5195528268814087
0.7377163767814636 0.1995447725057602 0.4921655058860779
0.7238397002220154 0.22829242050647736 0.4626806974411011
0.7103151082992554 0.25589680671691895 0.43141111731529236
0.6970217227935791 0.2825224995613098 0.39866992831230164
0.6838390231132507 0.30833372473716736 0.3647702932357788
0.6706461310386658 0.3334946632385254 0.3300256133079529
0.6573302149772644 0.3581622838973999 0.2947327196598053
0.6438560485839844 0.38242480158805847 0.2590237259864807
0.6302320957183838 0.40633144974708557 0.22293692827224731
0.6164674758911133 0.42993050813674927 0.18651020526885986
0.6025715470314026 0.45327070355415344 0.14978137612342834
0.5885535478591919 0.4764000177383423 0.11278871446847916
0.5744228363037109 0.4993667006492615 0.07557041198015213
0.5601891279220581 0.5222187638282776 0.038165390491485596
0.5458618998527527 0.5450037121772766 0.0006125686340965331
0.5314486026763916 0.5677558183670044 -0.03705870732665062
0.5169525146484375 0.5904855728149414 -0.07483550161123276
0.5023762583732605 0.6132014989852905 -0.11270750313997269
0.48772236704826355 0.6359121203422546 -0.1506643146276474
0.4729934334754944 0.6586264967918396 -0.18869614601135254
0.4581914246082306 0.681353747844696 -0.2267937809228897
0.44331857562065125 0.7041030526161194 -0.2649480700492859
0.428376704454422 0.7268843650817871 -0.30315062403678894
0.41335052251815796 0.7497144341468811 -0.34140488505363464
0.39811450242996216 0.7726609110832214 -0.37979766726493835
0.3824898898601532 0.7958274483680725 -0.4184753894805908
0.3662813603878021 0.8193407654762268 -0.4576231837272644
0.34927478432655334 0.8433526754379272 -0.4974667727947235
0.3312338888645172 0.8680411577224731 -0.5382751226425171
0.3118949830532074 0.8936159014701843 -0.5803676843643188
0.2909601032733917 0.9203217029571533 -0.62412029504776
0.2680974006652832 0.9484564661979675 -0.6699766516685486
0.24320800602436066 0.9787006974220276 -0.7184566855430603
0.21640156209468842 1.0123357772827148 -0.7703489661216736
0.18757957220077515 1.051066279411316 -0.8269392848014832
0.1563497632741928 1.0972180366516113 -0.8902135491371155
0.12191182374954224 1.1541259288787842 -0.9632201790809631
0.08283732086420059 1.2268661260604858 -1.0507638454437256
0.03661983832716942 1.3237090110778809 -1.1607998609542847
-0.021326446905732155 1.4592959880828857 -1.3075026273727417
1.2873215675354004 -0.9765933156013489 0.6309306621551514
1.207873821258545 -0.8350377678871155 0.6273934245109558
1.1464219093322754 -0.723240077495575 0.625003457069397
1.0967488288879395 -0.6308008432388306 0.6232591271400452
1.055096983909607 -0.551468551158905 0.6218195557594299
1.019059419631958 -0.4812866747379303 0.6204254627227783
0.9870267510414124 -0.4176744222640991 0.6188580393791199
0.9578947424888611 -0.35894104838371277 0.616919219493866
0.9308995008468628 -0.30401840806007385 0.6144221425056458
0.9055293798446655 -0.25230318307876587 0.6111860275268555
0.8815212249755859 -0.2034481167793274 0.6069904565811157
0.8587397933006287 -0.1571682095527649 0.6015768647193909
0.8370776176452637 -0.11323115974664688 0.5946840643882751
0.8164510130882263 -0.07145092636346817 0.5860499739646912
0.7967947721481323 -0.031681858003139496 0.575410783290863
0.77806156873703 0.00618625758215785 0.5625030994415283
0.7602195739746094 0.04223222658038139 0.5470656156539917
0.7432506084442139 0.07650703191757202 0.5288419127464294
0.727118730545044 0.10907372832298279 0.5077189803123474
0.711715817451477 0.140079066157341 0.48394328355789185
0.6969215273857117 0.16968409717082977 0.45781904458999634
0.6826156973838806 0.19804958999156952 0.42965054512023926
0.6686784029006958 0.22533617913722992 0.399742066860199
0.6549894213676453 0.25170427560806274 0.3683982193470001
0.6414291262626648 0.2773139774799347 0.3359237611293793
0.6278775930404663 0.3023254871368408 0.30262359976768494
0.6142224669456482 0.32689169049263 0.26878637075424194
0.6004267930984497 0.351095974445343 0.23453855514526367
0.5864958167076111 0.37498223781585693 0.19991444051265717
0.5724354386329651 0.3985937237739563 0.16494765877723694
0.5582516193389893 0.4219737648963928 0.1296718567609787
0.5439503788948059 0.44516536593437195 0.09412093460559845
0.5295377373695374 0.46821174025535583 0.05832875147461891
0.5150201320648193 0.4911557137966156 0.022329702973365784
0.5004035830497742 0.514039933681488 -0.013841815292835236
0.48569342494010925 0.5368953347206116 -0.05015863478183746
0.470892995595932 0.5597323179244995 -0.0866057500243187
0.45600518584251404 0.5825592279434204 -0.12317018955945969
0.4410332441329956 0.6053847670555115 -0.15983891487121582
0.4259798228740692 0.6282175183296204 -0.19659912586212158
0.410847544670105 0.6510666012763977 -0.23343874514102936
0.39563921093940735 0.6739410161972046 -0.2703454792499542
0.3803569972515106 0.6968502998352051 -0.30730780959129333
0.36498555541038513 0.7198149561882019 -0.3443306088447571
0.349395215511322 0.7429291009902954 -0.3815278112888336
0.33340486884117126 0.7663267254829407 -0.4190742075443268
0.3168216049671173 0.7901583909988403 -0.457170695066452
0.29943910241127014 0.8145925998687744 -0.4960462749004364
0.28103533387184143 0.8398170471191406 -0.5359599590301514
0.261368989944458 0.8660421967506409 -0.5772053599357605
0.24017547070980072 0.8935045003890991 -0.6201149225234985
0.21716928482055664 0.9224789142608643 -0.6650640368461609
0.19228611886501312 0.9535612463951111 -0.7124203443527222
0.16561610996723175 0.9879069328308105 -0.7627720236778259
0.13698868453502655 1.0271391868591309 -0.8172589540481567
0.10587414354085922 1.073563814163208 -0.8777819871902466
0.07123742997646332 1.1306087970733643 -0.9473916888237
0.031240172684192657 1.2036771774291992 -1.0310674905776978
-0.017399277538061142 1.3019335269927979 -1.137372374534607
-0.0809185802936554 1.4424502849578857 -1.2823270559310913
1.2576054334640503 -0.9825235605239868 0.5655451416969299
1.1806319952011108 -0.8440215587615967 0.5697230100631714
1.1204156875610352 -0.7346503138542175 0.572553277015686
1.0711487531661987 -0.6442381143569946 0.5743623375892639
1.029319405555725 -0.5666463375091553 0.5753230452537537
0.9926854968070984 -0.4979753792285919 0.57552170753479
0.9597650170326233 -0.4356740117073059 0.5749934315681458
0.9295641779899597 -0.37806862592697144 0.5737426280975342
0.9014291763305664 -0.324106365442276 0.5717581510543823
0.8749619722366333 -0.2732059955596924 0.569017231464386
0.8499618172645569 -0.22506855428218842 0.56537264585495
0.8263024091720581 -0.1794610172510147 0.5605711340904236
0.8038761615753174 -0.13618479669094086 0.5543559193611145
0.7825918197631836 -0.09507125616073608 0.5464689135551453
0.7623714804649353 -0.05597826465964317 0.5366513133049011
0.7431495189666748 -0.018786972388625145 0.5246438980102539
0.724871039390564 0.01660088635981083 0.5101885199546814
0.7074905037879944 0.05026540905237198 0.49303027987480164
0.6909493803977966 0.0822957307100296 0.47305259108543396
0.6751375198364258 0.11283886432647705 0.4504927098751068
0.6599364876747131 0.14205147325992584 0.425645112991333
0.64522784948349 0.17008981108665466 0.39880454540252686
0.6308934688568115 0.19710978865623474 0.3702659606933594
0.6168151497840881 0.22326712310314178 0.340324729681015
0.6028749942779541 0.24871709942817688 0.3092767000198364
0.5889552235603333 0.27361491322517395 0.2774181663990021
0.5749455690383911 0.29810842871665955 0.24502956867218018
0.5608079433441162 0.3222760558128357 0.2122322916984558
0.5465448498725891 0.34615686535835266 0.17905697226524353
0.5321599245071411 0.36978963017463684 0.1455335170030594
0.5176560878753662 0.39321303367614746 0.11169135570526123
0.5030367374420166 0.4164661467075348 0.07756020873785019
0.48830488324165344 0.4395879805088043 0.043169260025024414
0.47346368432044983 0.4626173973083496 0.008548088371753693
0.45851629972457886 0.48559343814849854 -0.026274017989635468
0.44346585869789124 0.5085446834564209 -0.06127238646149635
0.4283163249492645 0.5314810872077942 -0.09642959386110306
0.4130713641643524 0.5544111132621765 -0.1317295879125595
0.39773470163345337 0.5773429274559021 -0.1671561300754547
0.3823098838329315 0.600284993648529 -0.20269303023815155
0.36680057644844055 0.6232460737228394 -0.238324835896492
0.3512102961540222 0.6462346315383911 -0.27403557300567627
0.3355422914028168 0.6692596673965454 -0.30980998277664185
0.31978192925453186 0.6923443675041199 -0.34565261006355286
0.3037996292114258 0.7156053781509399 -0.38169682025909424
0.2874170243740082 0.7392030954360962 -0.41813740134239197
0.27044737339019775 0.7633082270622253 -0.4551860988140106
0.25269487500190735 0.788104772567749 -0.4930732250213623
0.23395347595214844 0.8137891292572021 -0.5320483446121216
0.21400414407253265 0.8405739068984985 -0.5723841786384583
0.19261254370212555 0.8686893582344055 -0.6143783330917358
0.16953347623348236 0.8983926773071289 -0.6583536267280579
0.14472061395645142 0.9301975965499878 -0.7045588493347168
0.118226058781147 0.9651300311088562 -0.7534242272377014
0.08980130404233932 1.0047168731689453 -0.8059667944908142
0.058789897710084915 1.0512127876281738 -0.8640000224113464
0.02395317144691944 1.108062982559204 -0.9305285811424255
-0.01689685322344303 1.18083918094635 -1.010575294494629
-0.06771428883075714 1.2792586088180542 -1.1130014657974243
-0.13622990250587463 1.4220865964889526 -1.2549636363983154
1.2300071716308594 -0.9880555868148804 0.5047833323478699
1.1555019617080688 -0.8532112836837769 0.5153986215591431
1.0962915420532227 -0.7460574507713318 0.522689700126648
1.0471993684768677 -0.6571995615959167 0.5276027321815491
1.0050443410873413 -0.5808587074279785 0.5307082533836365
0.9677761793136597 -0.5133026242256165 0.5323691368103027
0.9340362548828125 -0.4520506262779236 0.5328290462493896
0.9029220938682556 -0.3954470455646515 0.5322636365890503
0.8738569021224976 -0.3424247205257416 0.5308135747909546
0.8465135097503662 -0.29237082600593567 0.5285948514938354
0.8207281827926636 -0.24499322474002838 0.5255250334739685
0.7963797450065613 -0.20009519159793854 0.5213578939437866
0.7733587622642517 -0.15750205516815186 0.5158411860466003
0.7515659332275391 -0.11705738306045532 0.5087219476699829
0.7309108972549438 -0.07862114906311035 0.49974656105041504
0.711311399936676 -0.04206761717796326 0.48866087198257446
0.6926917433738708 -0.0072836847975850105 0.47521069645881653
0.6749826073646545 0.025832582265138626 0.4591435492038727
0.6581054329872131 0.05738963559269905 0.440340131521225
0.6419481635093689 0.08753391355276108 0.41902634501457214
0.6263932585716248 0.11641746759414673 0.39548423886299133
0.6113236546516418 0.14419128000736237 0.3699967563152313
0.596622884273529 0.17100559175014496 0.3428477942943573
0.5821744799613953 0.19700980186462402 0.314322292804718
0.5678630471229553 0.22235256433486938 0.28470662236213684
0.5535728931427002 0.24718190729618073 0.2542881369590759
0.5391964316368103 0.2716383635997772 0.22333984076976776
0.5246959328651428 0.2957944869995117 0.19197934865951538
0.5100735425949097 0.319685161113739 0.16023561358451843
0.4953314960002899 0.34334519505500793 0.12813597917556763
0.4804716110229492 0.3668102025985718 0.09570696949958801
0.46549537777900696 0.39011624455451965 0.06297449767589569
0.45040398836135864 0.4133000373840332 0.029963497072458267
0.43519824743270874 0.43639859557151794 -0.003301478223875165
0.41987890005111694 0.45944949984550476 -0.03679675981402397
0.404447466135025 0.48248064517974854 -0.07050079852342606
0.3889084458351135 0.5055018067359924 -0.10439383238554001
0.3732662498950958 0.5285211205482483 -0.138456791639328
0.3575255572795868 0.5515466332435608 -0.17267023026943207
0.3416910171508789 0.5745861530303955 -0.20701467990875244
0.3257670998573303 0.5976479053497314 -0.24147097766399384
0.30975863337516785 0.6207396984100342 -0.2760195732116699
0.29367008805274963 0.6438696980476379 -0.31064125895500183
0.27748799324035645 0.6670629382133484 -0.3453390896320343
0.26108530163764954 0.6904540061950684 -0.3802590072154999
0.24428831040859222 0.7142239809036255 -0.4156087636947632
0.22691799700260162 0.7385607361793518 -0.45160621404647827
0.2087896764278412 0.7636603713035583 -0.48848098516464233
0.18971212208271027 0.7897272706031799 -0.5264741778373718
0.16948601603507996 0.8169757723808289 -0.5658411383628845
0.14790290594100952 0.8456318974494934 -0.6068524122238159
0.12474974244832993 0.8759387731552124 -0.649790346622467
0.09998829662799835 0.908334493637085 -0.6948136687278748
0.07362841069698334 0.9437186121940613 -0.7422277331352234
0.04534994438290596 0.9835155606269836 -0.7929452657699585
0.014389373362064362 1.0299052000045776 -0.8486891388893127
-0.020657502114772797 1.0862962007522583 -0.9123840928077698
-0.062260761857032776 1.158302664756775 -0.9889994859695435
-0.1149238795042038 1.255910038948059 -1.0874587297439575
-0.18763364851474762 1.3988912105560303 -1.225456953048706
1.2044692039489746 -0.9931927919387817 0.4485473036766052
1.132185935974121 -0.8624303936958313 0.4641066789627075
1.073686957359314 -0.7573620676994324 0.47499939799308777
1.0245298147201538 -0.669722855091095 0.4825281500816345
0.9819068312644958 -0.5942678451538086 0.4875183403491974
0.9439709186553955 -0.5275183916091919 0.49052566289901733
0.9094803929328918 -0.467101514339447 0.49194929003715515
0.877604603767395 -0.4113848805427551 0.49209946393966675
0.8478121757507324 -0.3592694103717804 0.4912392795085907
0.8198056221008301 -0.31007346510887146 0.48959851264953613
0.7934340834617615 -0.26348012685775757 0.48715001344680786
0.7685773968696594 -0.21931514143943787 0.4836556911468506
0.7451226711273193 -0.17741897702217102 0.47887086868286133
0.7229626774787903 -0.13764216005802155 0.4725494682788849
0.7019960284233093 -0.09984469413757324 0.4644451439380646
0.6821255683898926 -0.06389454752206802 0.45431017875671387
0.66325843334198 -0.029666950926184654 0.44189655780792236
0.6453052759170532 0.002956612966954708 0.42695605754852295
0.6281710863113403 0.034099072217941284 0.4093674123287201
0.6117397546768188 0.06390611082315445 0.3893418312072754
0.5958932042121887 0.09252507984638214 0.3671455383300781
0.5805142521858215 0.12010098248720169 0.34304672479629517
0.5654869079589844 0.14677679538726807 0.3173156976699829
0.5506964325904846 0.17269368469715118 0.2902255654335022
0.5360287427902222 0.19799092411994934 0.26205217838287354
0.5213708281517029 0.2228061854839325 0.2330743670463562
0.5066180229187012 0.24726901948451996 0.20355838537216187
0.49173545837402344 0.27144479751586914 0.17362095415592194
0.47672683000564575 0.295364111661911 0.14329172670841217
0.46159565448760986 0.31905868649482727 0.11259785294532776
0.44634443521499634 0.34256207942962646 0.08156444877386093
0.43097469210624695 0.3659091591835022 0.05021487921476364
0.4154868721961975 0.3891366124153137 0.01857023313641548
0.39988064765930176 0.41228216886520386 -0.01335002202540636
0.38415467739105225 0.4353850781917572 -0.04552857205271721
0.3683091700077057 0.4584749639034271 -0.07794785499572754
0.35234910249710083 0.48156166076660156 -0.11058636754751205
0.33627957105636597 0.5046530365943909 -0.1434224247932434
0.3201060891151428 0.5277565717697144 -0.1764337420463562
0.30383428931236267 0.5508798360824585 -0.20959793031215668
0.2874695956707001 0.5740302205085754 -0.2428925782442093
0.27101799845695496 0.59721440076828 -0.2762945890426636
0.25448524951934814 0.6204397678375244 -0.30978116393089294
0.23785947263240814 0.6437320709228516 -0.34335312247276306
0.22101664543151855 0.6672391295433044 -0.37716323137283325
0.20378826558589935 0.6911577582359314 -0.41142621636390686
0.18600288033485413 0.7156885862350464 -0.44636213779449463
0.16748546063899994 0.7410370111465454 -0.4821978807449341
0.14805759489536285 0.7674131989479065 -0.5191664099693298
0.12753601372241974 0.7950329184532166 -0.5575085878372192
0.10573256015777588 0.8241191506385803 -0.5974739193916321
0.08245868980884552 0.8549043536186218 -0.6393142342567444
0.0576794371008873 0.8877584934234619 -0.6831209063529968
0.031367309391498566 0.9234617948532104 -0.7291018962860107
0.0031439524609595537 0.9633355140686035 -0.778079628944397
-0.027837537229061127 1.0094701051712036 -0.8316851854324341
-0.06310739368200302 1.0651967525482178 -0.8927391767501831
-0.10534940659999847 1.1360769271850586 -0.96608966588974
-0.1594867706298828 1.23213529586792 -1.060545802116394
-0.2354842871427536 1.3735665082931519 -1.1938633918762207
1.1807749271392822 -0.9979706406593323 0.39638468623161316
1.1103583574295044 -0.8715435862541199 0.415435254573822
1.0522679090499878 -0.7684815526008606 0.42908740043640137
1.002821683883667 -0.6818328499794006 0.4387560188770294
0.9596025347709656 -0.6070011854171753 0.4453839361667633
0.9209706783294678 -0.5408267378807068 0.44963735342025757
0.8857947587966919 -0.4810761511325836 0.4520178735256195
0.8532975912094116 -0.4261491894721985 0.45293185114860535
0.8229650259017944 -0.3749047815799713 0.4527345597743988
0.7944909334182739 -0.3265670835971832 0.4517420530319214
0.7677146792411804 -0.2807718515396118 0.4499717354774475
0.7425142526626587 -0.23735566437244415 0.4471968114376068
0.718772292137146 -0.19616620242595673 0.4431828260421753
0.6963744759559631 -0.1570562720298767 0.43769407272338867
0.6752089858055115 -0.11988332122564316 0.43049365282058716
0.6551672220230103 -0.08450912684202194 0.42134323716163635
0.6361420750617981 -0.050798993557691574 0.4100029468536377
0.6180288195610046 -0.01862146519124508 0.396231472492218
0.6007184386253357 0.012157677672803402 0.3799059987068176
0.5840887427330017 0.04168401286005974 0.3612193465232849
0.5680181384086609 0.07010054588317871 0.3404177725315094
0.5523872375488281 0.09754561632871628 0.31775107979774475
0.5370791554450989 0.12415343523025513 0.2934733033180237
0.5219789743423462 0.15005433559417725 0.26784366369247437
0.506973922252655 0.17537499964237213 0.2411268800497055
0.4919535219669342 0.20023860037326813 0.21359331905841827
0.4768165349960327 0.22475910186767578 0.18550419807434082
0.4615333676338196 0.24899210035800934 0.1569783091545105
0.4461129903793335 0.2729637324810028 0.12804962694644928
0.4305628836154938 0.29670295119285583 0.09874770790338516
0.41488853096961975 0.32024234533309937 0.06909845024347305
0.39909353852272034 0.343617707490921 0.03912397474050522
0.3831790089607239 0.3668680489063263 0.008842193521559238
0.36714431643486023 0.39003512263298035 -0.021732620894908905
0.3509867191314697 0.4131638705730438 -0.05259037762880325
0.3347049057483673 0.4362882077693939 -0.08371877670288086
0.3183039128780365 0.45941853523254395 -0.11509540677070618
0.30178922414779663 0.4825626611709595 -0.14669674634933472
0.2851669192314148 0.5057277679443359 -0.1784985065460205
0.26844319701194763 0.5289205312728882 -0.210475891828537
0.2516244351863861 0.5521475672721863 -0.24260398745536804
0.23471754789352417 0.5754145979881287 -0.2748568058013916
0.217729389667511 0.598727285861969 -0.3072083294391632
0.20064961910247803 0.6221119165420532 -0.3396569490432739
0.18335707485675812 0.645724892616272 -0.3723577857017517
0.1656877100467682 0.6697738170623779 -0.4055272042751312
0.14747606217861176 0.6944677829742432 -0.4393841028213501
0.12855495512485504 0.7200188040733337 -0.47415074706077576
0.10875558853149414 0.746640145778656 -0.5100516080856323
0.0879068523645401 0.7745490074157715 -0.5473155975341797
0.06583529710769653 0.8039650917053223 -0.5861750841140747
0.04236992821097374 0.8351126909255981 -0.6268589496612549
0.01747778430581093 0.8683024048805237 -0.6694093942642212
-0.00889555923640728 0.9042051434516907 -0.7139598727226257
-0.03717006370425224 0.9440410733222961 -0.7612544298171997
-0.06825144588947296 0.9898024797439575 -0.8128325343132019
-0.1037580743432045 1.0447155237197876 -0.871395468711853
-0.1465228796005249 1.1142184734344482 -0.9416232705116272
-0.20176297426223755 1.208202600479126 -1.03208589553833
-0.280135840177536 1.346814751625061 -1.160239815711975
1.1586014032363892 -1.0024476051330566 0.3476071059703827
1.0896761417388916 -0.8804517984390259 0.3689020276069641
1.0317201614379883 -0.7793456315994263 0.38457056879997253
0.9817932844161987 -0.6935429573059082 0.39595547318458557
0.937871515750885 -0.6191583871841431 0.4040040969848633
0.8985236287117004 -0.5533958077430725 0.40942129492759705
0.862721860408783 -0.4941878616809845 0.4127630889415741
0.829727053642273 -0.4399750232696533 0.41449636220932007
0.799017608165741 -0.3895699083805084 0.4150391221046448
0.7702456712722778 -0.3420870304107666 0.41476744413375854
0.743222177028656 -0.297098845243454 0.41373351216316223
0.7178211808204651 -0.25444385409355164 0.4117251932621002
0.6939197182655334 -0.21397024393081665 0.4085215628147125
0.6713968515396118 -0.17552867531776428 0.4039004445075989
0.6501327753067017 -0.13897201418876648 0.39763787388801575
0.6300094127655029 -0.10415501147508621 0.3895075023174286
0.6109094619750977 -0.07093408703804016 0.3792804181575775
0.592716634273529 -0.03916702792048454 0.3667242228984833
0.575310230255127 -0.008709981106221676 0.3517152965068817
0.5585590600967407 0.02058413438498974 0.3344239890575409
0.5423341393470764 0.04885496199131012 0.31507205963134766
0.5265114307403564 0.07623392343521118 0.2938869595527649
0.5109705328941345 0.10284491628408432 0.2711034417152405
0.4955952763557434 0.12880484759807587 0.24696478247642517
0.4802732467651367 0.15422382950782776 0.22172357141971588
0.46489620208740234 0.17920568585395813 0.19564224779605865
0.4493674635887146 0.20384298264980316 0.16897879540920258
0.43366605043411255 0.22817815840244293 0.1418577879667282
0.41780999302864075 0.25223177671432495 0.1143212765455246
0.401814341545105 0.27603021264076233 0.08640456199645996
0.3856903314590454 0.2996061146259308 0.058136556297540665
0.3694453835487366 0.3229978680610657 0.029539695009589195
0.3530829846858978 0.34624993801116943 0.000629428424872458
0.33660292625427246 0.369411826133728 -0.02858537808060646
0.3200009763240814 0.39253848791122437 -0.05810294300317764
0.30327385663986206 0.4156716763973236 -0.0879177376627922
0.28642600774765015 0.4388229548931122 -0.11800756305456161
0.26946279406547546 0.4620000422000885 -0.14834821224212646
0.25239014625549316 0.4852098524570465 -0.17891426384449005
0.23521460592746735 0.5084584355354309 -0.20967966318130493
0.21794289350509644 0.5317513346672058 -0.2406177967786789
0.20058254897594452 0.5550932288169861 -0.2717007100582123
0.18314136564731598 0.5784882307052612 -0.302900105714798
0.16561001539230347 0.6019614934921265 -0.3342118561267853
0.14786937832832336 0.6256749033927917 -0.36578983068466187
0.12975852191448212 0.6498420834541321 -0.39784809947013855
0.11111609637737274 0.6746771931648254 -0.43060123920440674
0.0917801782488823 0.7003952264785767 -0.46426495909690857
0.0715886577963829 0.727211594581604 -0.49905526638031006
0.050378456711769104 0.755342423915863 -0.5351895093917847
0.027985943481326103 0.7850053310394287 -0.5728859305381775
0.004251708276569843 0.8164179921150208 -0.6123559474945068
-0.020854197442531586 0.8498392105102539 -0.6536067724227905
-0.047400590032339096 0.8858418464660645 -0.6967160105705261
-0.07583189755678177 0.9255496263504028 -0.7423597574234009
-0.10708965361118317 0.9708539843559265 -0.7919888496398926
-0.14284643530845642 1.0248572826385498 -0.8481765389442444
-0.18602707982063293 1.0928289890289307 -0.9154064655303955
-0.24202992022037506 1.1844050884246826 -1.001927375793457
-0.3219415545463562 1.3193397521972656 -1.124644160270691
1.1375584602355957 -1.006696343421936 0.30137431621551514
1.0697870254516602 -0.8890854716300964 0.3239709138870239
1.0117452144622803 -0.7898945212364197 0.34107252955436707
0.9611917734146118 -0.7048572301864624 0.35383597016334534
0.9164895415306091 -0.6308165192604065 0.36313381791114807
0.8764156103134155 -0.5653659105300903 0.3696545660495758
0.8400406837463379 -0.5066215991973877 0.373969167470932
0.8066513538360596 -0.4530728757381439 0.37657520174980164
0.7756980061531067 -0.40348464250564575 0.3779279589653015
0.7467659115791321 -0.3568543493747711 0.37844184041023254
0.7196230888366699 -0.31268200278282166 0.37819552421569824
0.6941376328468323 -0.2708006203174591 0.3769949972629547
0.670181155204773 -0.23105405271053314 0.37463653087615967
0.6476269960403442 -0.19328725337982178 0.3709148168563843
0.6263489723205566 -0.15734630823135376 0.3656218647956848
0.6062223315238953 -0.12307824939489365 0.35854634642601013
0.5871224999427795 -0.09033077210187912 0.3494724631309509
0.5689252018928528 -0.058951884508132935 0.33817920088768005
0.551500141620636 -0.028788438066840172 0.32454243302345276
0.5347026586532593 0.00031093688448891044 0.3087059259414673
0.5183929204940796 0.02848445251584053 0.29086244106292725
0.502437949180603 0.055856894701719284 0.2712130844593048
0.48671212792396545 0.08254068344831467 0.24996986985206604
0.4710957407951355 0.10863655805587769 0.22735798358917236
0.4554761052131653 0.13423387706279755 0.2036169320344925
0.4397471845149994 0.15941122174263 0.17900165915489197
0.4238184690475464 0.1842328906059265 0.15376907587051392
0.40768149495124817 0.20872363448143005 0.1280534863471985
0.39136794209480286 0.23289644718170166 0.10190916806459427
0.3749043643474579 0.2567746043205261 0.07538049668073654
0.35831063985824585 0.280391663312912 0.04850190132856369
0.3416004776954651 0.3037908375263214 0.021297767758369446
0.32478073239326477 0.3270248472690582 -0.006218336056917906
0.3078519105911255 0.35015514492988586 -0.03404328227043152
0.29080772399902344 0.373251736164093 -0.062184859067201614
0.27364203333854675 0.39636844396591187 -0.09064607322216034
0.2563575804233551 0.41951826214790344 -0.1194063276052475
0.23895877599716187 0.4427092969417572 -0.14844192564487457
0.22145074605941772 0.4659481346607208 -0.17772768437862396
0.20383957028388977 0.489240437746048 -0.20723745226860046
0.1861318051815033 0.5125906467437744 -0.2369440793991089
0.16833502054214478 0.536001980304718 -0.2668187916278839
0.1504574567079544 0.559476912021637 -0.29683199524879456
0.13249042630195618 0.5830391049385071 -0.32697761058807373
0.11431565880775452 0.6068523526191711 -0.3574056327342987
0.0957736074924469 0.6311332583427429 -0.3883245587348938
0.07670511305332184 0.6560976505279541 -0.41994208097457886
0.05695124715566635 0.6819610595703125 -0.45246580243110657
0.03635367378592491 0.7089387774467468 -0.48610222339630127
0.014754028990864754 0.7372452020645142 -0.5210574865341187
-0.008005539886653423 0.7670947909355164 -0.5575374364852905
-0.03207750245928764 0.7986999154090881 -0.5957385301589966
-0.05748678371310234 0.8322747349739075 -0.635644257068634
-0.08430448919534683 0.8683050274848938 -0.6772915720939636
-0.11298428475856781 0.907825231552124 -0.7212987542152405
-0.14448398351669312 0.9526253938674927 -0.7690312266349792
-0.18050256371498108 1.0056772232055664 -0.8229329586029053
-0.2240101844072342 1.0720537900924683 -0.8872768878936768
-0.28049471974372864 1.1610627174377441 -0.969944417476654
-0.3612542748451233 1.2918448448181152 -1.0871353149414062
1.117209792137146 -1.0107994079589844 0.2567439377307892
1.050327181816101 -0.8973984718322754 0.28005844354629517
0.9920515418052673 -0.8000754117965698 0.29821568727493286
0.9407831430435181 -0.7157706022262573 0.31213676929473877
0.8952595591545105 -0.6420341730117798 0.32257455587387085
0.8544635772705078 -0.5768547058105469 0.33016592264175415
0.8175609707832336 -0.5185401439666748 0.33546921610832214
0.7838554382324219 -0.46563366055488586 0.33899131417274475
0.7527557015419006 -0.4168534576892853 0.3412071168422699
0.7237635850906372 -0.37107908725738525 0.3425537943840027
0.6965944766998291 -0.3277342915534973 0.3431321978569031
0.6711100935935974 -0.28664207458496094 0.34276917576789856
0.6471770405769348 -0.24763809144496918 0.3412817716598511
0.6246635317802429 -0.21055912971496582 0.3384844660758972
0.6034388542175293 -0.17524287104606628 0.3341880738735199
0.5833733081817627 -0.1415276676416397 0.3281985819339752
0.564337968826294 -0.10925216227769852 0.3203158378601074
0.5462039113044739 -0.07825487852096558 0.31033194065093994
0.5288317203521729 -0.048372190445661545 0.2981222867965698
0.5120589137077332 -0.019444312900304794 0.2838004231452942
0.49572986364364624 0.008668589405715466 0.2675258219242096
0.47969967126846313 0.03608598932623863 0.24946945905685425
0.4638335108757019 0.06290823221206665 0.22981716692447662
0.44800689816474915 0.08921733498573303 0.20877352356910706
0.43210577964782715 0.11507736891508102 0.18656395375728607
0.41602692008018494 0.14053505659103394 0.16343623399734497
0.3996879458427429 0.1656181961297989 0.13964837789535522
0.383097767829895 0.1903276890516281 0.11534859240055084
0.3663073182106018 0.21466608345508575 0.09060759097337723
0.3493587374687195 0.2386522740125656 0.06548220664262772
0.3322839140892029 0.2623212933540344 0.040014926344156265
0.31510475277900696 0.28572311997413635 0.014233480207622051
0.2978324294090271 0.30892232060432434 -0.011849930509924889
0.28046780824661255 0.3319966197013855 -0.03823842108249664
0.26300135254859924 0.35503700375556946 -0.0649508535861969
0.24542193114757538 0.3781132400035858 -0.09200066328048706
0.22772954404354095 0.4012410044670105 -0.11937040090560913
0.20992645621299744 0.4244287610054016 -0.1470383107662201
0.19201616942882538 0.4476832449436188 -0.17498092353343964
0.17400327324867249 0.4710095524787903 -0.20317335426807404
0.15589340031147003 0.4944111406803131 -0.23158925771713257
0.13769349455833435 0.5178897976875305 -0.2602003216743469
0.11941155791282654 0.5414460897445679 -0.2889769971370697
0.10103896260261536 0.5651015043258667 -0.3179120421409607
0.08245712518692017 0.5890200138092041 -0.3471498489379883
0.06350645422935486 0.6134182810783386 -0.3768909275531769
0.04402840510010719 0.638511598110199 -0.4073343575000763
0.023865122348070145 0.6645145416259766 -0.43867796659469604
0.002860018750652671 0.6916398406028748 -0.4711177349090576
-0.019142912700772285 0.7200993299484253 -0.5048485398292542
-0.04229849949479103 0.7501039505004883 -0.5400635600090027
-0.06675531715154648 0.7818601131439209 -0.5769458413124084
-0.092531219124794 0.8155437111854553 -0.6154627799987793
-0.11969032138586044 0.8515636920928955 -0.6556228995323181
-0.14868411421775818 0.890872061252594 -0.6979946494102478
-0.1804727166891098 0.9351627826690674 -0.7438646554946899
-0.2167617380619049 0.9872764348983765 -0.7955495715141296
-0.2605340778827667 1.0520820617675781 -0.8571096062660217
-0.3173030912876129 1.1385281085968018 -0.9360425472259521
-0.3984261751174927 1.2650339603424072 -1.0477732419967651
1.0970813035964966 -1.0148475170135498 0.21269014477729797
1.0309184789657593 -0.9053627848625183 0.23653210699558258
0.9723485708236694 -0.8098399043083191 0.2556135952472687
0.9203469157218933 -0.7262694835662842 0.27061909437179565
0.8740058541297913 -0.6528539061546326 0.2821681499481201
0.832510232925415 -0.5879612565040588 0.29083114862442017
0.7951186895370483 -0.530088484287262 0.29714152216911316
0.7611473202705383 -0.4778329133987427 0.3016057312488556
0.7299584150314331 -0.4298686981201172 0.30471086502075195
0.7009633183479309 -0.3849622309207916 0.30691179633140564
0.6738227009773254 -0.34246259927749634 0.30833086371421814
0.64839106798172 -0.30218011140823364 0.30881860852241516
0.624530553817749 -0.2639405429363251 0.3082151412963867
0.6021054983139038 -0.22757092118263245 0.3063572347164154
0.5809815526008606 -0.19289946556091309 0.3030766248703003
0.5610259771347046 -0.15975500643253326 0.29819855093955994
0.5421070456504822 -0.12796664237976074 0.2915399372577667
0.5240933895111084 -0.09736280888319016 0.28290748596191406
0.5068367123603821 -0.0677671730518341 0.27217602729797363
0.4901517927646637 -0.039005786180496216 0.25942614674568176
0.4738621115684509 -0.010932465083897114 0.24478046596050262
0.45780661702156067 0.016569562256336212 0.2283758968114853
0.4418385624885559 0.04358900710940361 0.2103690505027771
0.4258263111114502 0.07018709182739258 0.19094118475914001
0.4096536934375763 0.09639787673950195 0.17030224204063416
0.39322155714035034 0.12222882360219955 0.14869312942028046
0.3764585852622986 0.14766143262386322 0.1263752281665802
0.3593970835208893 0.1726648360490799 0.10351453721523285
0.342113196849823 0.1972266137599945 0.08020232617855072
0.3246694505214691 0.2213592678308487 0.056511133909225464
0.3071131706237793 0.24509930610656738 0.032493751496076584
0.2894759476184845 0.2685055136680603 0.008182482793927193
0.2717735171318054 0.29165786504745483 -0.016411639750003815
0.25400614738464355 0.31465575098991394 -0.041298758238554
0.2361583560705185 0.33761686086654663 -0.06651043146848679
0.218211367726326 0.36063212156295776 -0.09207261353731155
0.2001609057188034 0.38372036814689636 -0.11797259002923965
0.18200573325157166 0.4068911075592041 -0.14419209957122803
0.1637464165687561 0.4301511347293854 -0.17071086168289185
0.14538517594337463 0.4535052478313446 -0.19750668108463287
0.12692561745643616 0.4769560992717743 -0.22455567121505737
0.10837332159280777 0.5005039572715759 -0.2518313527107239
0.08973526209592819 0.5241472125053406 -0.2793055474758148
0.07100221514701843 0.5479049682617188 -0.3069709837436676
0.05205438658595085 0.5719401836395264 -0.33496570587158203
0.03273126482963562 0.5964685082435608 -0.36348098516464233
0.012873927131295204 0.6217033267021179 -0.3927057683467865
-0.007675221189856529 0.6478567719459534 -0.4228271245956421
-0.02907201647758484 0.6751384139060974 -0.45402950048446655
-0.051471106708049774 0.7037564516067505 -0.48649564385414124
-0.07502537220716476 0.7339168190956116 -0.5204055309295654
-0.09988059848546982 0.7658197283744812 -0.5559285879135132
-0.12604641914367676 0.7996065020561218 -0.5930203795433044
-0.1535753458738327 0.8356180787086487 -0.6316694617271423
-0.18291126191616058 0.874732255935669 -0.672402024269104
-0.21500970423221588 0.9185537695884705 -0.7164315581321716
-0.2515735328197479 0.9697999954223633 -0.7659540176391602
-0.2955831289291382 1.033144474029541 -0.8248241543769836
-0.3525467813014984 1.1171830892562866 -0.9001625776290894
-0.43380922079086304 1.2396103143692017 -1.0066184997558594
1.0767556428909302 -1.0189229249954224 0.1683037430047989
1.0112268924713135 -0.9129919409751892 0.19279448688030243
0.9523775577545166 -0.8191830515861511 0.21288174390792847
0.8996871113777161 -0.7363684773445129 0.2290361523628235
0.852577269077301 -0.663328230381012 0.2417498379945755
0.8104269504547119 -0.5987780094146729 0.25152677297592163
0.772585391998291 -0.5413914322853088 0.2588750123977661
0.7383813858032227 -0.489816278219223 0.26430121064186096
0.7071307301521301 -0.44268617033958435 0.2683069705963135
0.6781581044197083 -0.39866334199905396 0.2713680565357208
0.6510708332061768 -0.3570277690887451 0.2736314833164215
0.6257169246673584 -0.31757688522338867 0.27497315406799316
0.6019540429115295 -0.28012582659721375 0.27525782585144043
0.5796430110931396 -0.24449166655540466 0.27434590458869934
0.5586469173431396 -0.21049286425113678 0.2720915377140045
0.5388311743736267 -0.17794860899448395 0.2683405876159668
0.5200621485710144 -0.14667785167694092 0.2629281282424927
0.5022071599960327 -0.11649838835000992 0.25567635893821716
0.485108882188797 -0.087218277156353 0.24646005034446716
0.46855491399765015 -0.05864220857620239 0.2353261113166809
0.45234397053718567 -0.030611354857683182 0.22235848009586334
0.4362948536872864 -0.003007100895047188 0.2076577991247177
0.4202466905117035 0.02424977347254753 0.19134873151779175
0.40405893325805664 0.051199134439229965 0.1735871136188507
0.3876135051250458 0.07784121483564377 0.1545657068490982
0.37081724405288696 0.10413699597120285 0.1345185935497284
0.35361456871032715 0.1300114542245865 0.11371190845966339
0.3360675871372223 0.15539245307445526 0.0923323780298233
0.3182832896709442 0.18024635314941406 0.07049451023340225
0.30034905672073364 0.20457597076892853 0.048288773745298386
0.28232985734939575 0.2284187376499176 0.025779681280255318
0.2642679512500763 0.2518438398838043 0.0030046734027564526
0.24618244171142578 0.2749500572681427 -0.020026665180921555
0.2280701994895935 0.2978629469871521 -0.04333241283893585
0.20990607142448425 0.32073289155960083 -0.06695830076932907
0.1916600912809372 0.3436763882637024 -0.09094440191984177
0.173321932554245 0.36671629548072815 -0.1152840331196785
0.15488582849502563 0.3898634910583496 -0.1399637758731842
0.13634827733039856 0.41312530636787415 -0.16496780514717102
0.11770814657211304 0.4365065097808838 -0.1902780681848526
0.09896624833345413 0.4600090980529785 -0.2158743441104889
0.08012594282627106 0.48363184928894043 -0.241733580827713
0.061192553490400314 0.5073710680007935 -0.26783034205436707
0.04215565323829651 0.5312438607215881 -0.2941587269306183
0.02289377897977829 0.5554117560386658 -0.32085034251213074
0.0032451641745865345 0.5800893902778625 -0.34808650612831116
-0.0169496089220047 0.605488121509552 -0.3760455548763275
-0.037847962230443954 0.6318166851997375 -0.404902845621109
-0.05960483476519585 0.6592810750007629 -0.4348306953907013
-0.08237329870462418 0.6880847811698914 -0.4659985601902008
-0.10630393028259277 0.7184281349182129 -0.49857255816459656
-0.1315392404794693 0.7505042552947998 -0.5327072739601135
-0.1580808311700821 0.7844220995903015 -0.568348228931427
-0.1859707087278366 0.8204618692398071 -0.6054686307907104
-0.21564583480358124 0.859434962272644 -0.6445570588111877
-0.24805784225463867 0.9028660655021667 -0.6867584586143494
-0.2849072515964508 0.9533612728118896 -0.7341534495353699
-0.32917216420173645 1.0154163837432861 -0.7903993725776672
-0.3863550126552582 1.0973039865493774 -0.8622522354125977
-0.4677816331386566 1.2160457372665405 -0.9636048078536987
1.0560659170150757 -1.0230650901794434 0.12320605665445328
0.9910951256752014 -0.9203670620918274 0.14849717915058136
0.9319910407066345 -0.828197181224823 0.16970941424369812
0.8786722421646118 -0.7461642622947693 0.1871170550584793
0.8308621644973755 -0.6735567450523376 0.20108844339847565
0.7881224751472473 -0.609405517578125 0.21206027269363403
0.7498877048492432 -0.5525460839271545 0.2205139845609665
0.7154971957206726 -0.5016729831695557 0.2269563227891922
0.6842212080955505 -0.45538315176963806 0.23190465569496155
0.6553006172180176 -0.4122459292411804 0.2358584702014923
0.6282923221588135 -0.37147942185401917 0.23899130523204803
0.6030373573303223 -0.3328685760498047 0.2412056177854538
0.5793896913528442 -0.2962186932563782 0.24239207804203033
0.5572068691253662 -0.2613374888896942 0.24243560433387756
0.5363500118255615 -0.22803440690040588 0.2412136346101761
0.5166827440261841 -0.19611945748329163 0.23859362304210663
0.498070627450943 -0.16540203988552094 0.23443028330802917
0.48038026690483093 -0.13568931818008423 0.22856266796588898
0.4634455740451813 -0.10677172243595123 0.22086773812770844
0.44702571630477905 -0.07842563837766647 0.21136167645454407
0.43089282512664795 -0.05047233775258064 0.20009204745292664
0.41484513878822327 -0.022785186767578125 0.18712405860424042
0.3987065553665161 0.004710212349891663 0.1725502610206604
0.3823283910751343 0.03203469514846802 0.1564999669790268
0.36559247970581055 0.05915400758385658 0.13914771378040314
0.34841543436050415 0.08597861230373383 0.12071965634822845
0.33076345920562744 0.11236953735351562 0.10148648917675018
0.31273335218429565 0.13820432126522064 0.08165489137172699
0.29446613788604736 0.16342101991176605 0.061362043023109436
0.27607545256614685 0.18800832331180573 0.040715742856264114
0.25764375925064087 0.21200259029865265 0.01979156583547592
0.23922201991081238 0.23548345267772675 -0.0013685750309377909
0.220829576253891 0.25856995582580566 -0.02275722660124302
0.20245565474033356 0.2814163267612457 -0.04440087452530861
0.18406030535697937 0.30420878529548645 -0.06635961681604385
0.16559834778308868 0.3270912766456604 -0.08868761360645294
0.14705310761928558 0.350091814994812 -0.11138460040092468
0.1284138411283493 0.3732227683067322 -0.13444238901138306
0.10967296361923218 0.39649277925491333 -0.1578502655029297
0.09082569926977158 0.4199070334434509 -0.18159514665603638
0.07186990976333618 0.44346752762794495 -0.2056616097688675
0.05280650034546852 0.4671724736690521 -0.2300310581922531
0.033638887107372284 0.4910169243812561 -0.25468239188194275
0.014355090446770191 0.515016496181488 -0.27961233258247375
-0.0051683164201676846 0.5393320918083191 -0.3049461245536804
-0.02509455196559429 0.5641772150993347 -0.33085471391677856
-0.04558359459042549 0.5897610187530518 -0.3575051724910736
-0.06679258495569229 0.6162891387939453 -0.3850609362125397
-0.08887533098459244 0.6439632177352905 -0.4136812090873718
-0.11198300123214722 0.6729815006256104 -0.44352179765701294
-0.13626328110694885 0.7035381197929382 -0.47473397850990295
-0.1618548184633255 0.7358177900314331 -0.50745689868927
-0.1887531280517578 0.7699007987976074 -0.5416263937950134
-0.21699436008930206 0.8060139417648315 -0.5772023797035217
-0.24701280891895294 0.8449097871780396 -0.6146359443664551
-0.2797600328922272 0.8880416750907898 -0.6550031900405884
-0.31693851947784424 0.9379145503044128 -0.7002676129341125
-0.36152857542037964 0.9988595247268677 -0.7538830637931824
-0.4190309941768646 1.078843593597412 -0.8222262859344482
-0.500748336315155 1.1942332983016968 -0.9183896780014038
1.034926176071167 -1.027296781539917 0.07719644159078598
0.9704306721687317 -0.9275587797164917 0.10341961681842804
0.9110926389694214 -0.8369676470756531 0.1258753091096878
0.8572117686271667 -0.7557482123374939 0.14465275406837463
0.808783233165741 -0.6836323738098145 0.15999646484851837
0.7655357718467712 -0.6199337244033813 0.1722719520330429
0.7269811630249023 -0.5636354684829712 0.18193019926548004
0.6924646496772766 -0.513475239276886 0.18947529792785645
0.6612100005149841 -0.46801823377609253 0.19543924927711487
0.6323776841163635 -0.42575350403785706 0.20034562051296234
0.6054764986038208 -0.3858455419540405 0.20439551770687103
0.5803409814834595 -0.348068505525589 0.20751872658729553
0.5568210482597351 -0.3122190535068512 0.20963197946548462
0.5347713828086853 -0.27809685468673706 0.21064557135105133
0.5140511393547058 -0.2455037534236908 0.2104608118534088
0.4945226311683655 -0.21424205601215363 0.20896759629249573
0.4760509431362152 -0.18411295115947723 0.2060415893793106
0.45850229263305664 -0.15491396188735962 0.20154041051864624
0.44170185923576355 -0.12641696631908417 0.19534654915332794
0.42538222670555115 -0.09836422652006149 0.187452033162117
0.4092903733253479 -0.07055002450942993 0.17787353694438934
0.39320507645606995 -0.04283250495791435 0.1666448712348938
0.37693703174591064 -0.015135466121137142 0.1538286954164505
0.36033177375793457 0.012548043392598629 0.13952849805355072
0.343274861574173 0.04015215113759041 0.123899906873703
0.3256981670856476 0.06753651797771454 0.10715948790311813
0.3075966238975525 0.09449455142021179 0.08958008140325546
0.2891049385070801 0.12084589153528214 0.07138431817293167
0.2703979015350342 0.14649271965026855 0.05272771418094635
0.25161367654800415 0.17140424251556396 0.03373214602470398
0.23284912109375 0.19561243057250977 0.014481771737337112
0.21415966749191284 0.21920572221279144 -0.004978714045137167
0.19555987417697906 0.2423228621482849 -0.024644743651151657
0.17702573537826538 0.26514655351638794 -0.044550951570272446
0.15849675238132477 0.2878987789154053 -0.06477043032646179
0.13990938663482666 0.31075140833854675 -0.08536975085735321
0.12124105542898178 0.3337375521659851 -0.10635435581207275
0.1024770513176918 0.3568720519542694 -0.1277211308479309
0.08360639214515686 0.3801653981208801 -0.14946459233760834
0.06462127715349197 0.40362417697906494 -0.17157690227031708
0.04551700875163078 0.4272514283657074 -0.19404807686805725
0.026292290538549423 0.4510461688041687 -0.21686509251594543
0.006948715075850487 0.47500383853912354 -0.2400125116109848
-0.01252737082540989 0.4991399645805359 -0.26349109411239624
-0.032261621206998825 0.5236157774925232 -0.2874198257923126
-0.05241890251636505 0.5486436486244202 -0.31195876002311707
-0.07315979897975922 0.5744308233261108 -0.3372633159160614
-0.09464114904403687 0.601179838180542 -0.36348456144332886
-0.11701548099517822 0.6290878653526306 -0.3907684087753296
-0.1404317319393158 0.6583476662635803 -0.4192565083503723
-0.16503433883190155 0.6891463398933411 -0.4490850567817688
-0.19095751643180847 0.7216600775718689 -0.4803769886493683
-0.21819421648979187 0.7559441328048706 -0.5130588412284851
-0.24678197503089905 0.7921801209449768 -0.5470761656761169
-0.27715879678726196 0.8310701847076416 -0.5828402638435364
-0.3102821707725525 0.8740041255950928 -0.6213535070419312
-0.34786200523376465 0.923393726348877 -0.6644529104232788
-0.39288610219955444 0.9834133982658386 -0.7153711318969727
-0.4508545994758606 1.0617282390594482 -0.7800658941268921
-0.5330268740653992 1.1740273237228394 -0.8707270622253418
1.013292670249939 -1.031632900238037 0.030165959149599075
0.9491795301437378 -0.9346168637275696 0.057432617992162704
0.8896243572235107 -0.8455585241317749 0.08124304562807083
0.8352523446083069 -0.7651916742324829 0.10150949656963348
0.7862975597381592 -0.6936306953430176 0.11835067719221115
0.7426366806030273 -0.6304387450218201 0.13205523788928986
0.7038468718528748 -0.5747308731079102 0.14303746819496155
0.6692734360694885 -0.5252853035926819 0.1517942249774933
0.6380922198295593 -0.48064184188842773 0.15886913239955902
0.6093867421150208 -0.43922314047813416 0.1648082286119461
0.5826202630996704 -0.40014970302581787 0.16984021663665771
0.5576211214065552 -0.36318638920783997 0.17392228543758392
0.5342355966567993 -0.3281233608722687 0.17699769139289856
0.5123152732849121 -0.29475411772727966 0.17900191247463226
0.4917173981666565 -0.2628748416900635 0.17986053228378296
0.47230300307273865 -0.23228201270103455 0.17948657274246216
0.4539364278316498 -0.20277051627635956 0.1777774691581726
0.4364829659461975 -0.17413023114204407 0.17461104691028595
0.4197603762149811 -0.14611493051052094 0.16987958550453186
0.40347757935523987 -0.11842866986989975 0.1635594218969345
0.3873603343963623 -0.09083281457424164 0.15564459562301636
0.3711717128753662 -0.06316307932138443 0.14614395797252655
0.35471269488334656 -0.03533376380801201 0.13509486615657806
0.3378276526927948 -0.007344277109950781 0.12257730215787888
0.3204112946987152 0.020713984966278076 0.10872796922922134
0.3024176359176636 0.048653725534677505 0.09375184029340744
0.2838780879974365 0.0762014091014862 0.07791966944932938
0.26496613025665283 0.10311347991228104 0.06146271526813507
0.24588654935359955 0.12924912571907043 0.044547587633132935
0.22679689526557922 0.15455208718776703 0.027304548770189285
0.2078028917312622 0.1790454387664795 0.009822452440857887
0.1889580488204956 0.20282293856143951 -0.007853485643863678
0.17026568949222565 0.22604022920131683 -0.025722073391079903
0.15168263018131256 0.2489059716463089 -0.04382486641407013
0.13312257826328278 0.2716752290725708 -0.062244951725006104
0.11450116336345673 0.2945455014705658 -0.08105811476707458
0.095791757106781 0.31755566596984863 -0.10027429461479187
0.07697761803865433 0.34072327613830566 -0.11989470571279526
0.058045871555805206 0.36406174302101135 -0.13991869986057281
0.03898700326681137 0.3875803053379059 -0.16034385561943054
0.01979462243616581 0.41128459572792053 -0.18116603791713715
0.00046583323273807764 0.43517616391181946 -0.20237864553928375
-0.018999364227056503 0.4592529237270355 -0.2239730954170227
-0.038616351783275604 0.4835328161716461 -0.24595580995082855
-0.05851329118013382 0.5081783533096313 -0.26843947172164917
-0.07885686308145523 0.533401370048523 -0.2915729880332947
-0.09980840235948563 0.5594073534011841 -0.3154997229576111
-0.12152441591024399 0.5863956809043884 -0.3403581380844116
-0.14415611326694489 0.6145592927932739 -0.36628079414367676
-0.16785000264644623 0.6440852880477905 -0.3933950662612915
-0.19274693727493286 0.6751537322998047 -0.42182186245918274
-0.21897660195827484 0.7079319357872009 -0.4516683518886566
-0.24653370678424835 0.7424542903900146 -0.4828507602214813
-0.27546682953834534 0.778867781162262 -0.515298068523407
-0.30622559785842896 0.8178322911262512 -0.5493776798248291
-0.33978012204170227 0.8606817126274109 -0.5860100388526917
-0.3778536319732666 0.909741222858429 -0.62689208984375
-0.4234447479248047 0.969032347202301 -0.6750091314315796
-0.4820472002029419 1.0459109544754028 -0.7358450293540955
-0.5648331642150879 1.1553348302841187 -0.8205486536026001
0.9911608695983887 -1.036080002784729 -0.017905589193105698
0.9273272156715393 -0.9415732026100159 0.010498126037418842
0.8675678372383118 -0.8540142774581909 0.03576283156871796
0.812778890132904 -0.7745485901832581 0.057631395757198334
0.7633981108665466 -0.7036120295524597 0.07609473168849945
0.7194265723228455 -0.6409828066825867 0.09135837852954865
0.6804925203323364 -0.5858922600746155 0.10379301011562347
0.6459338665008545 -0.5371562242507935 0.11388205736875534
0.614878237247467 -0.4932970404624939 0.1221761703491211
0.5863355994224548 -0.4526865482330322 0.12924112379550934
0.559727668762207 -0.4144110381603241 0.13533218204975128
0.5348766446113586 -0.37822893261909485 0.1404338777065277
0.5116251707077026 -0.34392547607421875 0.14451555907726288
0.4898220896720886 -0.31129035353660583 0.1475377231836319
0.46932244300842285 -0.2801162004470825 0.14945004880428314
0.44998589158058167 -0.2501961588859558 0.15018883347511292
0.4316748380661011 -0.22132094204425812 0.14967381954193115
0.41425347328186035 -0.19327545166015625 0.14780442416667938
0.39753222465515137 -0.16579701006412506 0.14448678493499756
0.3812015652656555 -0.13855008780956268 0.13969120383262634
0.3649718165397644 -0.11125925928354263 0.1333988457918167
0.3485954701900482 -0.08373183012008667 0.12560205161571503
0.3318697512149811 -0.05586474388837814 0.11631915718317032
0.3146436810493469 -0.027654990553855896 0.10561057925224304
0.2968280017375946 0.0007894769660197198 0.09359502047300339
0.2784067690372467 0.029242418706417084 0.08046355843544006
0.25945520401000977 0.05736899375915527 0.06647908687591553
0.2401842176914215 0.08486083894968033 0.05187162011861801
0.22082071006298065 0.11152826994657516 0.03680911287665367
0.20153392851352692 0.13728374242782593 0.02142290771007538
0.18243011832237244 0.16213592886924744 0.005801659543067217
0.16355331242084503 0.18617872893810272 -0.010011211037635803
0.14488881826400757 0.2095796763896942 -0.026017801836133003
0.12636861205101013 0.23256835341453552 -0.04226425290107727
0.10787631571292877 0.25542715191841125 -0.05883915349841118
0.08930595964193344 0.2783758342266083 -0.075823113322258
0.07062972337007523 0.3014583885669708 -0.09322894364595413
0.051831670105457306 0.32469621300697327 -0.11106130480766296
0.03289924934506416 0.34810641407966614 -0.12932391464710236
0.013822926208376884 0.3717023432254791 -0.14801959693431854
-0.005404141265898943 0.3954941928386688 -0.16715045273303986
-0.024785732850432396 0.41948819160461426 -0.18671701848506927
-0.0443231426179409 0.4436875581741333 -0.20671889185905457
-0.06403367221355438 0.46811556816101074 -0.22716939449310303
-0.08404826372861862 0.4929370880126953 -0.24817515909671783
-0.10453569144010544 0.5183641910552979 -0.2698734700679779
-0.12565816938877106 0.5446008443832397 -0.29239562153816223
-0.14757198095321655 0.5718439221382141 -0.3158673644065857
-0.17042703926563263 0.6002820730209351 -0.34040799736976624
-0.1943674087524414 0.6300968527793884 -0.36613085865974426
-0.21953022480010986 0.6614614129066467 -0.3931419253349304
-0.2460404485464096 0.6945337653160095 -0.4215324819087982
-0.2739003598690033 0.7293339371681213 -0.45120835304260254
-0.3031802475452423 0.765984833240509 -0.48207932710647583
-0.3343505561351776 0.8051138520240784 -0.5144627690315247
-0.3684007227420807 0.8480063080787659 -0.5491881966590881
-0.40707167983055115 0.8969060778617859 -0.5877963900566101
-0.45337218046188354 0.955682098865509 -0.6329967975616455
-0.5127730369567871 1.0313650369644165 -0.6897382140159607
-0.5962840914726257 1.1381034851074219 -0.7679833769798279
0.9685680270195007 -1.0406358242034912 -0.06694753468036652
0.9049026370048523 -0.9484429955482483 -0.03732709586620331
0.8449482321739197 -0.8623604774475098 -0.01052383054047823
0.7898192405700684 -0.7838543653488159 0.01304521132260561
0.7401171922683716 -0.7136202454566956 0.03324334695935249
0.6959406733512878 -0.6516143083572388 0.05018806457519531
0.6569531559944153 -0.5971671938896179 0.06419968605041504
0.6224779486656189 -0.5491306185722351 0.07574167847633362
0.5915935635566711 -0.5060187578201294 0.08536636829376221
0.5632429122924805 -0.4661690890789032 0.09365539997816086
0.536809504032135 -0.42864441871643066 0.10088898986577988
0.5121105313301086 -0.3931991159915924 0.10707826167345047
0.48898521065711975 -0.3596159517765045 0.11221789568662643
0.4672798216342926 -0.3276827931404114 0.11629275232553482
0.4468468129634857 -0.2971910238265991 0.11927594244480133
0.4275433421134949 -0.2679324746131897 0.12112657725811005
0.4092296361923218 -0.2396964430809021 0.121786929666996
0.3917667865753174 -0.21226564049720764 0.12117864191532135
0.3749588429927826 -0.18536388874053955 0.1192253977060318
0.3584842383861542 -0.15861783921718597 0.11590126901865005
0.3420443832874298 -0.13171425461769104 0.11118472367525101
0.32538822293281555 -0.10442846268415451 0.10506081581115723
0.30831611156463623 -0.07663362473249435 0.09753650426864624
0.290689080953598 -0.048315323889255524 0.08865769952535629
0.27244165539741516 -0.01958726905286312 0.07852688431739807
0.2535954415798187 0.009297226555645466 0.0673188716173172
0.23427563905715942 0.03795311599969864 0.05528166517615318
0.21472543478012085 0.0660104900598526 0.04263259842991829
0.19518356025218964 0.09322800487279892 0.029529910534620285
0.17582011222839355 0.11948199570178986 0.0160977765917778
0.15673232078552246 0.14476071298122406 0.0024196032900363207
0.13794668018817902 0.1691516488790512 -0.011464967392385006
0.11942418664693832 0.19282707571983337 -0.02556043304502964
0.10106779634952545 0.21602977812290192 -0.03991404175758362
0.0827287882566452 0.23906147480010986 -0.05461420863866806
0.06428041309118271 0.262158066034317 -0.06974106281995773
0.04569773003458977 0.28536853194236755 -0.08530882000923157
0.026968874037265778 0.30871841311454773 -0.10132475197315216
0.008084326051175594 0.33222976326942444 -0.11779654026031494
-0.010963523760437965 0.35592159628868103 -0.13473215699195862
-0.030180659145116806 0.379810631275177 -0.15214012563228607
-0.049571018666028976 0.40391042828559875 -0.1700289398431778
-0.0691370964050293 0.4282327890396118 -0.18840740621089935
-0.08889853954315186 0.45280975103378296 -0.20729723572731018
-0.10898945480585098 0.4778100252151489 -0.22679901123046875
-0.1295810043811798 0.5034465789794922 -0.24703817069530487
-0.1508365422487259 0.5299225449562073 -0.26813384890556335
-0.1729123443365097 0.5574324131011963 -0.290199339389801
-0.19595715403556824 0.586161196231842 -0.3133409917354584
-0.22011268138885498 0.6162852644920349 -0.33765846490859985
-0.24551241099834442 0.6479706168174744 -0.3632434010505676
-0.27227675914764404 0.681367039680481 -0.3901721239089966
-0.3004218339920044 0.7164861559867859 -0.4183395802974701
-0.3300517797470093 0.7534403204917908 -0.4476337730884552
-0.3616669178009033 0.7928346991539001 -0.47831693291664124
-0.3962819278240204 0.8359131813049316 -0.5111181139945984
-0.4356573224067688 0.8848429918289185 -0.5474072098731995
-0.4828047752380371 0.9433374404907227 -0.5895897150039673
-0.543140172958374 1.0180774927139282 -0.64202481508255
-0.6274001598358154 1.1223101615905762 -0.7133646011352539
0.9455956816673279 -1.0452907085418701 -0.11679312586784363
0.8819798231124878 -0.9552257657051086 -0.08588556200265884
0.8218376636505127 -0.8706052303314209 -0.05747797712683678
0.7664464116096497 -0.7931274771690369 -0.03213386610150337
0.7165283560752869 -0.7236828207969666 -0.010112929157912731
0.6722503900527954 -0.6623667478561401 0.00861275102943182
0.6332934498786926 -0.6085907816886902 0.024308310821652412
0.5989595055580139 -0.5612410306930542 0.0374114103615284
0.5682802200317383 -0.5188339352607727 0.04847058281302452
0.5401380062103271 -0.47969016432762146 0.05807896703481674
0.5138842463493347 -0.44286030530929565 0.06653929501771927
0.4893316626548767 -0.40809711813926697 0.0738879144191742
0.4663164019584656 -0.37518271803855896 0.08014348149299622
0.44468191266059875 -0.34390532970428467 0.0853138267993927
0.4242778420448303 -0.3140568733215332 0.08939437568187714
0.40495845675468445 -0.28543025255203247 0.09236624836921692
0.3865802586078644 -0.25781556963920593 0.09419367462396622
0.3689996898174286 -0.23099584877490997 0.09482058137655258
0.35201510787010193 -0.20468555390834808 0.09419112652540207
0.33529984951019287 -0.17847840487957 0.09229185432195663
0.3185546100139618 -0.15202651917934418 0.08910812437534332
0.30153241753578186 -0.1250729113817215 0.08462681621313095
0.28404444456100464 -0.09746342152357101 0.0788513571023941
0.2659713923931122 -0.06916476786136627 0.07181878387928009
0.24727852642536163 -0.04028497263789177 0.06361743807792664
0.22803111374378204 -0.011089774779975414 0.054403528571128845
0.20840714871883392 0.018002023920416832 0.0444025881588459
0.18867409229278564 0.04656863957643509 0.033807527273893356
0.16906876862049103 0.07431897521018982 0.022755974903702736
0.14975036680698395 0.10109101980924606 0.0113570811226964
0.13079725205898285 0.12684720754623413 -0.0003155089798383415
0.11221113801002502 0.1516609787940979 -0.012227068655192852
0.09392440319061279 0.17570027709007263 -0.02438269555568695
0.0758090615272522 0.19921107590198517 -0.03682636469602585
0.057684484869241714 0.22250354290008545 -0.0496397465467453
0.03940638527274132 0.24582207202911377 -0.06289707869291306
0.02095702663064003 0.2692192792892456 -0.07661278545856476
0.0023323928471654654 0.2927252948284149 -0.09079647064208984
-0.016471292823553085 0.3163679242134094 -0.10545949637889862
-0.0354577898979187 0.34017351269721985 -0.1206151470541954
-0.05463101714849472 0.36416733264923096 -0.13627873361110687
-0.07399462163448334 0.3883735239505768 -0.1524672508239746
-0.09355258196592331 0.41281571984291077 -0.1691998690366745
-0.11332767456769943 0.43753859400749207 -0.18650782108306885
-0.13345782458782196 0.4627166986465454 -0.20448580384254456
-0.15411686897277832 0.4885641932487488 -0.22324718534946442
-0.17546968162059784 0.5152841806411743 -0.24289917945861816
-0.19767287373542786 0.54306960105896 -0.26354286074638367
-0.22087432444095612 0.5721022486686707 -0.28527218103408813
-0.24521368741989136 0.6025537252426147 -0.3081739544868469
-0.2708209156990051 0.6345834732055664 -0.332326203584671
-0.2978123128414154 0.668333113193512 -0.3577912151813507
-0.3262248933315277 0.7038146257400513 -0.3844539523124695
-0.35620900988578796 0.7411442995071411 -0.4121789038181305
-0.3883036971092224 0.7809163928031921 -0.44116899371147156
-0.42355307936668396 0.8243408799171448 -0.4720457196235657
-0.46373477578163147 0.8735113143920898 -0.5059957504272461
-0.5118473172187805 0.931978702545166 -0.5450997948646545
-0.573201596736908 1.0060441493988037 -0.5930889248847961
-0.6581122875213623 1.1079492568969727 -0.6572272181510925
0.9223721027374268 -1.0500242710113525 -0.16717375814914703
0.858683168888092 -0.9619051814079285 -0.13491344451904297
0.7983589172363281 -0.8787388801574707 -0.10485807061195374
0.7427821159362793 -0.8023678064346313 -0.07769788056612015
0.6927495002746582 -0.7338102459907532 -0.05380430072546005
0.6484641432762146 -0.6732580661773682 -0.03323497623205185
0.6096073985099792 -0.6201845407485962 -0.015781035646796227
0.5754549503326416 -0.5735087990760803 -0.0010345267364755273
0.5449954867362976 -0.5317609906196594 0.011544492095708847
0.5170614123344421 -0.4932631552219391 0.02255612425506115
0.49097755551338196 -0.4570649266242981 0.03232235088944435
0.46655359864234924 -0.42291954159736633 0.04090236872434616
0.443622887134552 -0.3906107246875763 0.048336658626794815
0.4220260977745056 -0.35992828011512756 0.054654017090797424
0.40160995721817017 -0.33066651225090027 0.059870436787605286
0.38222479820251465 -0.30262064933776855 0.06398753821849823
0.3637225031852722 -0.2755835950374603 0.0669904351234436
0.34595349431037903 -0.24934084713459015 0.06884481012821198
0.3287109136581421 -0.22360192239284515 0.06951707601547241
0.31167128682136536 -0.19793646037578583 0.06901305168867111
0.29454270005226135 -0.17196892201900482 0.06733279675245285
0.27709054946899414 -0.14541439712047577 0.0644727498292923
0.2591443955898285 -0.11809184402227402 0.06043979898095131
0.24061109125614166 -0.08994477242231369 0.05526707321405411
0.22149169445037842 -0.061065673828125 0.049030840396881104
0.2018972784280777 -0.031716588884592056 0.04186617583036423
0.18205639719963074 -0.0023292172700166702 0.033968664705753326
0.16224876046180725 0.026639865711331367 0.025496600195765495
0.1426945924758911 0.054858528077602386 0.01655825972557068
0.12353022396564484 0.08212846517562866 0.007241675164550543
0.10480698943138123 0.10838285833597183 -0.0023922566324472427
0.0864972248673439 0.13367347419261932 -0.01231373380869627
0.06850336492061615 0.1581536829471588 -0.022525746375322342
0.05066808685660362 0.18206040561199188 -0.03306407108902931
0.032782889902591705 0.20569905638694763 -0.04399688541889191
0.01469128392636776 0.22931240499019623 -0.05538734421133995
-0.0036125555634498596 0.2529546916484833 -0.06724994629621506
-0.022121358662843704 0.27666008472442627 -0.0795968621969223
-0.04083061218261719 0.3004627227783203 -0.09244351089000702
-0.059738606214523315 0.32439759373664856 -0.10580882430076599
-0.07884644716978073 0.3485009968280792 -0.11971540749073029
-0.09815757721662521 0.3728102743625641 -0.13418948650360107
-0.1176781952381134 0.3973650336265564 -0.14926135540008545
-0.1374356895685196 0.4222266674041748 -0.16497285664081573
-0.1575726419687271 0.44757723808288574 -0.18141292035579681
-0.17826604843139648 0.4736332595348358 -0.19868285953998566
-0.19968274235725403 0.5005983710289001 -0.21687814593315125
-0.22198012471199036 0.5286645293235779 -0.23608821630477905
-0.24530577659606934 0.5580112934112549 -0.2563954293727875
-0.26979756355285645 0.5888058543205261 -0.27787452936172485
-0.29558265209198 0.6212022304534912 -0.30059128999710083
-0.32277360558509827 0.6553341150283813 -0.32459506392478943
-0.3514356315135956 0.6912234425544739 -0.34976235032081604
-0.3817780017852783 0.7290074229240417 -0.37593501806259155
-0.4143860340118408 0.7692819237709045 -0.4032548666000366
-0.45033517479896545 0.8132309913635254 -0.4322319030761719
-0.49141162633895874 0.862874448299408 -0.4638623595237732
-0.5405739545822144 0.9215906858444214 -0.49989229440689087
-0.6029574275016785 0.9952623844146729 -0.543410062789917
-0.6882729530334473 1.0950207710266113 -0.6002833843231201
0.8990704417228699 -1.0548126697540283 -0.21771292388439178
0.8351825475692749 -0.9684545397758484 -0.18403777480125427
0.7746791243553162 -0.8867369294166565 -0.15231889486312866
0.7189883589744568 -0.8115578293800354 -0.12334592640399933
0.6689322590827942 -0.7439935803413391 -0.0975818932056427
0.624717116355896 -0.6842869520187378 -0.0751585140824318
0.5860087871551514 -0.6319524645805359 -0.055918920785188675
0.5520541667938232 -0.5859408378601074 -0.03948570042848587
0.5218058824539185 -0.5448067784309387 -0.025331003591418266
0.4940582811832428 -0.5068929195404053 -0.012852218002080917
0.4681178033351898 -0.47125861048698425 -0.0017122827703133225
0.44379162788391113 -0.4376600384712219 0.008167322725057602
0.42091095447540283 -0.4058833122253418 0.01684572361409664
0.3993140757083893 -0.3757214844226837 0.02436995878815651
0.3788442611694336 -0.34697192907333374 0.030774137005209923
0.35934770107269287 -0.3194332420825958 0.036078330129384995
0.3406708240509033 -0.2929019331932068 0.04028690606355667
0.3226568400859833 -0.2671671509742737 0.04338612034916878
0.3050956428050995 -0.24193820357322693 0.045365240424871445
0.2876749336719513 -0.21677269041538239 0.04625338315963745
0.2701188921928406 -0.19127877056598663 0.04607030004262924
0.2522124946117401 -0.16515257954597473 0.04482713341712952
0.23381003737449646 -0.13819152116775513 0.04253892973065376
0.21484872698783875 -0.11031623929738998 0.03923841193318367
0.19536606967449188 -0.08159688115119934 0.03499070927500725
0.1755152940750122 -0.0522768571972847 0.02990729920566082
0.15556611120700836 -0.02277759462594986 0.024147281423211098
0.13579541444778442 0.006433699280023575 0.01782783307135105
0.11639280617237091 0.035000480711460114 0.01102334726601839
0.09746220707893372 0.06269624084234238 0.0037979395128786564
0.079023078083992 0.08942519128322601 -0.003800981678068638
0.061017900705337524 0.11521154642105103 -0.01174717303365469
0.04332217201590538 0.14018359780311584 -0.020038282498717308
0.025755003094673157 0.16455596685409546 -0.02869703248143196
0.008088020607829094 0.18861405551433563 -0.03777192905545235
-0.009839775040745735 0.21258704364299774 -0.04731100797653198
-0.028018195182085037 0.23652705550193787 -0.05732987821102142
-0.04642585664987564 0.26047080755233765 -0.06784453243017197
-0.06504815816879272 0.2844586670398712 -0.07887546718120575
-0.08387699723243713 0.30853521823883057 -0.09044801443815231
-0.10291069000959396 0.332749605178833 -0.10259279608726501
-0.12215320765972137 0.3571554720401764 -0.11534576117992401
-0.14161472022533417 0.3818120062351227 -0.12874920666217804
-0.16132934391498566 0.4068017899990082 -0.14285607635974884
-0.18144536018371582 0.43231627345085144 -0.15774962306022644
-0.20214365422725677 0.4585750699043274 -0.1735192984342575
-0.22359344363212585 0.48578304052352905 -0.19024918973445892
-0.24595358967781067 0.5141322612762451 -0.2080177515745163
-0.2693718671798706 0.5438006520271301 -0.22689659893512726
-0.2939852476119995 0.574952244758606 -0.2469497174024582
-0.31991830468177795 0.6077353954315186 -0.26823166012763977
-0.3472810983657837 0.6422781944274902 -0.2907807230949402
-0.37617403268814087 0.6786224842071533 -0.3144678473472595
-0.40687718987464905 0.716946005821228 -0.3391159772872925
-0.4400281608104706 0.7578595280647278 -0.36480778455734253
-0.47673097252845764 0.802527904510498 -0.39194247126579285
-0.5187655687332153 0.8528957962989807 -0.42132705450057983
-0.5690115094184875 0.912152886390686 -0.4543765187263489
-0.6323399543762207 0.9857204556465149 -0.49355465173721313
-0.7176568508148193 1.0835208892822266 -0.5434032678604126
0.8758518099784851 -1.059683918952942 -0.26796916127204895
0.8116165995597839 -0.9748806357383728 -0.23283466696739197
0.7509158253669739 -0.8945867419242859 -0.19947384297847748
0.6951617002487183 -0.8206706643104553 -0.16874182224273682
0.6451529860496521 -0.7541975378990173 -0.14116601645946503
0.6010660529136658 -0.695415735244751 -0.11693386733531952
0.5625354647636414 -0.6438584923744202 -0.09593166410923004
0.5287777781486511 -0.598505437374115 -0.07781076431274414
0.4987175166606903 -0.5579460263252258 -0.062058351933956146
0.4711246192455292 -0.5205604434013367 -0.048074569553136826
0.44529417157173157 -0.4854282736778259 -0.03551235795021057
0.42103224992752075 -0.45230960845947266 -0.02427784726023674
0.3981686532497406 -0.4209945499897003 -0.014296656474471092
0.3765389621257782 -0.39127930998802185 -0.005506457760930061
0.3559834361076355 -0.36296477913856506 0.0021424712613224983
0.336343914270401 -0.33585304021835327 0.008686535060405731
0.31746116280555725 -0.3097441792488098 0.014147602953016758
0.2991713881492615 -0.2844313979148865 0.01853122189640999
0.28126293420791626 -0.2596275210380554 0.02184898592531681
0.26344162225723267 -0.23489032685756683 0.024154091253876686
0.24545428156852722 -0.20982453227043152 0.025487419217824936
0.2271110713481903 -0.18411830067634583 0.025876550003886223
0.20829401910305023 -0.1575559377670288 0.025346312671899796
0.18897123634815216 -0.13003936409950256 0.023930134251713753
0.1692129522562027 -0.1016143262386322 0.02168194204568863
0.14920581877231598 -0.07249534875154495 0.01868772692978382
0.1292470246553421 -0.04307413473725319 0.015066353604197502
0.10959696024656296 -0.013803612440824509 0.010892697609961033
0.09040539711713791 0.01495584286749363 0.006208074279129505
0.0717395767569542 0.042962174862623215 0.0010535744950175285
0.05358724296092987 0.07009539008140564 -0.004535594489425421
0.0358646996319294 0.0963500514626503 -0.01053492072969675
0.018427059054374695 0.12182214111089706 -0.01693424955010414
0.0010783899342641234 0.14669303596019745 -0.02374017797410488
-0.01641952432692051 0.17121469974517822 -0.030977888032794
-0.03422435373067856 0.19559124112129211 -0.03867866471409798
-0.05230795964598656 0.21986792981624603 -0.04686164855957031
-0.0706341415643692 0.24408143758773804 -0.05554882064461708
-0.0891781598329544 0.26827728748321533 -0.06476724147796631
-0.10792618244886398 0.29250943660736084 -0.07454962283372879
-0.12687493860721588 0.31684112548828125 -0.08493503928184509
-0.14603085815906525 0.3413437604904175 -0.09596937894821167
-0.16541051864624023 0.366099089384079 -0.10770660638809204
-0.1850573867559433 0.39121344685554504 -0.12021057307720184
-0.20512647926807404 0.4168892800807953 -0.133558452129364
-0.22580255568027496 0.4433499276638031 -0.14782774448394775
-0.24725773930549622 0.4708026349544525 -0.1630915403366089
-0.26965248584747314 0.49943989515304565 -0.1794179081916809
-0.29313531517982483 0.5294392108917236 -0.19686853885650635
-0.3178425431251526 0.5609620213508606 -0.21549765765666962
-0.34389686584472656 0.5941526889801025 -0.2353500872850418
-0.37140634655952454 0.6291337013244629 -0.2564544975757599
-0.40051180124282837 0.6659786105155945 -0.2786812484264374
-0.43157094717025757 0.7049234509468079 -0.30184224247932434
-0.4652748703956604 0.7466069459915161 -0.3259691596031189
-0.5027487277984619 0.7921808362007141 -0.3513598144054413
-0.5457444787025452 0.8435123562812805 -0.3786459267139435
-0.5970173478126526 0.9035878777503967 -0.4089389443397522
-0.6610850095748901 0.9773349761962891 -0.44414058327674866
-0.745884895324707 1.0734270811080933 -0.4876398742198944
0.8528195023536682 -1.0647060871124268 -0.3175719976425171
0.7880575060844421 -0.9812237024307251 -0.2809513807296753
0.7271128296852112 -0.902297854423523 -0.2460017204284668
0.671322762966156 -0.8296895027160645 -0.21360543370246887
0.6214123368263245 -0.764386773109436 -0.18432146310806274
0.5774955749511719 -0.7065984606742859 -0.15837004780769348
0.5391603112220764 -0.6558541655540466 -0.13566826283931732
0.5055907368659973 -0.6111573576927185 -0.11589273065328598
0.47569140791893005 -0.5711409449577332 -0.09854861348867416
0.44822004437446594 -0.5342375040054321 -0.0830453559756279
0.4224685728549957 -0.49955564737319946 -0.06903182715177536
0.39824244379997253 -0.46686089038848877 -0.05640255659818649
0.3753703236579895 -0.4359467327594757 -0.04507105425000191
0.35368576645851135 -0.40661293268203735 -0.034962382167577744
0.33302605152130127 -0.3786635100841522 -0.026013487949967384
0.3132289946079254 -0.35190361738204956 -0.018173513934016228
0.2941302955150604 -0.32613644003868103 -0.01140465959906578
0.2755594253540039 -0.30115842819213867 -0.005683302879333496
0.2573055028915405 -0.2766886055469513 -0.0009768379386514425
0.239097461104393 -0.2522962689399719 0.0027901011053472757
0.22070884704589844 -0.22759412229061127 0.0056778909638524055
0.20197732746601105 -0.2022731900215149 0.007729248609393835
0.18281294405460358 -0.17611384391784668 0.008977808989584446
0.16321156919002533 -0.14900559186935425 0.009456862695515156
0.1432694047689438 -0.12097165733575821 0.00920842494815588
0.1231950968503952 -0.09219302237033844 0.00829219724982977
0.10329829901456833 -0.06301892548799515 0.006786296144127846
0.08381295949220657 -0.03386710584163666 0.004726899787783623
0.06484629958868027 -0.005081674084067345 0.0021273286547511816
0.04642992094159126 0.023094402626156807 -0.00099064817186445
0.02852405421435833 0.05052531138062477 -0.004601552616804838
0.01102567557245493 0.07717838138341904 -0.00868103839457035
-0.006222143769264221 0.10311456769704819 -0.013210147619247437
-0.023420780897140503 0.1284753829240799 -0.01817864365875721
-0.04080791771411896 0.15346990525722504 -0.023587791249155998
-0.05853117257356644 0.17826813459396362 -0.029453212395310402
-0.07654525339603424 0.20290333032608032 -0.03580095246434212
-0.09480086714029312 0.22740896046161652 -0.042661648243665695
-0.11326506733894348 0.2518332600593567 -0.0500706322491169
-0.1319204866886139 0.2762388586997986 -0.05806886404752731
-0.15076476335525513 0.3007022440433502 -0.06670396029949188
-0.169809490442276 0.3253134489059448 -0.0760311558842659
-0.18908052146434784 0.35017696022987366 -0.08611492812633514
-0.20863355696201324 0.3754245936870575 -0.09702850133180618
-0.2286306768655777 0.4012700319290161 -0.1088421642780304
-0.24926023185253143 0.42794105410575867 -0.12162122130393982
-0.27069687843322754 0.45564770698547363 -0.1354278326034546
-0.2931026816368103 0.4845840334892273 -0.15032005310058594
-0.3166266679763794 0.514927327632904 -0.16635023057460785
-0.3414049446582794 0.5468379259109497 -0.18356376886367798
-0.36755838990211487 0.5804568529129028 -0.20199690759181976
-0.395193487405777 0.615902841091156 -0.22167007625102997
-0.4244934916496277 0.653289794921875 -0.242459237575531
-0.4558950662612915 0.6929280757904053 -0.2641770541667938
-0.4901388883590698 0.7354956865310669 -0.2868178188800812
-0.5283591747283936 0.7821359634399414 -0.3105950355529785
-0.5722554922103882 0.8346362709999084 -0.3359907865524292
-0.6244145035743713 0.895768940448761 -0.3638581931591034
-0.68892902135849 0.9699548482894897 -0.3956317603588104
-0.772678792476654 1.0646440982818604 -0.4337783753871918
0.8300273418426514 -1.069959282875061 -0.36625543236732483
0.7645304799079895 -0.9875360727310181 -0.3281306326389313
0.7032729983329773 -0.9098937511444092 -0.29166534543037415
0.6474556922912598 -0.8386114835739136 -0.2577272355556488
0.5976801514625549 -0.774537980556488 -0.22686994075775146
0.5539655089378357 -0.7177994847297668 -0.199319988489151
0.5158368349075317 -0.6678987741470337 -0.17501011490821838
0.4824438989162445 -0.6238576769828796 -0.1536375731229782
0.4526781141757965 -0.5843581557273865 -0.13472841680049896
0.42529791593551636 -0.5478989481925964 -0.11770913749933243
0.399598628282547 -0.5136252641677856 -0.10223106294870377
0.375386118888855 -0.4813077747821808 -0.08818050473928452
0.3524880111217499 -0.45074355602264404 -0.07546168565750122
0.33073654770851135 -0.42173558473587036 -0.06398943066596985
0.3099662661552429 -0.3940901756286621 -0.053689323365688324
0.29001161456108093 -0.36761474609375 -0.0444977730512619
0.27070382237434387 -0.34211465716362 -0.036362431943416595
0.25186702609062195 -0.3173885643482208 -0.02924279123544693
0.23329328000545502 -0.2931637763977051 -0.02308712899684906
0.2147374302148819 -0.2690300941467285 -0.01780184544622898
0.19600176811218262 -0.2446185052394867 -0.013310903683304787
0.17695127427577972 -0.2196323424577713 -0.009559787809848785
0.1575218290090561 -0.19385693967342377 -0.006508836522698402
0.1377316564321518 -0.16717642545700073 -0.0041268556378781796
0.117694191634655 -0.1395956575870514 -0.002384657971560955
0.09762750566005707 -0.1112617701292038 -0.001248423708602786
0.07783909887075424 -0.08247510343790054 -0.0006785940495319664
0.058530546724796295 -0.053602855652570724 -0.0006707669235765934
0.03976847603917122 -0.024955380707979202 -0.0012319175293669105
0.021553661674261093 0.003237988566979766 -0.0023542142007499933
0.003825809806585312 0.030836135149002075 -0.004018811509013176
-0.01352913398295641 0.05778517946600914 -0.006200352683663368
-0.030670834705233574 0.0841127261519432 -0.008871356025338173
-0.047796331346035004 0.10991819202899933 -0.012006044387817383
-0.06513262540102005 0.13536269962787628 -0.015583780594170094
-0.08281178027391434 0.1605757474899292 -0.01960766687989235
-0.10077428072690964 0.18557387590408325 -0.024114539846777916
-0.11896135658025742 0.2103835493326187 -0.029146546497941017
-0.13733531534671783 0.2350531965494156 -0.034749023616313934
-0.15587860345840454 0.259651780128479 -0.04097183048725128
-0.1745930314064026 0.2842679023742676 -0.047870881855487823
-0.19349844753742218 0.3090086877346039 -0.055509623140096664
-0.21263305842876434 0.33400100469589233 -0.06396117806434631
-0.2320672571659088 0.35940104722976685 -0.07330578565597534
-0.2519701421260834 0.38543421030044556 -0.08360568434000015
-0.27253270149230957 0.4123325049877167 -0.0949135571718216
-0.2939315140247345 0.44030946493148804 -0.10728049278259277
-0.3163297176361084 0.4695611000061035 -0.1207546815276146
-0.3398767411708832 0.5002655386924744 -0.13537952303886414
-0.3647080659866333 0.532582700252533 -0.15119220316410065
-0.39094313979148865 0.5666512846946716 -0.1682211458683014
-0.4186868965625763 0.6025877594947815 -0.1864800751209259
-0.4481644034385681 0.640553891658783 -0.2058568298816681
-0.47988802194595337 0.6809473633766174 -0.22617878019809723
-0.5146404504776001 0.7244941592216492 -0.2474198341369629
-0.5535507202148438 0.7723326683044434 -0.26973065733909607
-0.598242461681366 0.8261680603027344 -0.2934749722480774
-0.6510970592498779 0.8885520100593567 -0.3193000853061676
-0.7157376408576965 0.9634007811546326 -0.3482756018638611
-0.7979700565338135 1.0570118427276611 -0.3821758031845093
0.8074807524681091 -1.0755391120910645 -0.4138524532318115
0.7410136461257935 -0.9938833713531494 -0.374207079410553
0.6793572306632996 -0.9174120426177979 -0.3363102674484253
0.623509407043457 -0.8474480509757996 -0.30096861720085144
0.5738974809646606 -0.7846412062644958 -0.26869091391563416
0.5304124355316162 -0.7289943695068359 -0.23968148231506348
0.4925006031990051 -0.6799613833427429 -0.21387210488319397
0.4592747390270233 -0.6365750432014465 -0.19097518920898438
0.429619163274765 -0.5975705981254578 -0.17054063081741333
0.4023050367832184 -0.5615240335464478 -0.15202106535434723
0.3766377866268158 -0.5276240706443787 -0.13507717847824097
0.35242411494255066 -0.49564629793167114 -0.11958993226289749
0.3294913172721863 -0.4653908908367157 -0.10545656830072403
0.3076702654361725 -0.4366629421710968 -0.09258365631103516
0.28679358959198 -0.40927061438560486 -0.08088713139295578
0.26669299602508545 -0.3830223083496094 -0.07029208540916443
0.2471962869167328 -0.35772448778152466 -0.0607328861951828
0.22812362015247345 -0.33317694067955017 -0.05215330421924591
0.20927183330059052 -0.3091162443161011 -0.04448484256863594
0.19042322039604187 -0.28516048192977905 -0.037620920687913895
0.1714084893465042 -0.26096683740615845 -0.03147502616047859
0.15211836993694305 -0.23625898361206055 -0.025985391810536385
0.13251030445098877 -0.21083438396453857 -0.021109962835907936
0.11261846870183945 -0.18457862734794617 -0.016822030767798424
0.09256407618522644 -0.15748319029808044 -0.01310584507882595
0.07256285101175308 -0.12966416776180267 -0.009951889514923096
0.052907269448041916 -0.10137171298265457 -0.00735490070655942
0.03376402705907822 -0.07291313260793686 -0.005333605222404003
0.015164368785917759 -0.044551994651556015 -0.00390652334317565
-0.002914754208177328 -0.016491368412971497 -0.0030737509950995445
-0.020546110346913338 0.011133266612887383 -0.002819840097799897
-0.037846051156520844 0.03825514763593674 -0.0031176679767668247
-0.05496790632605553 0.06487368792295456 -0.003932499792426825
-0.07209514826536179 0.09104833006858826 -0.0052258288487792015
-0.08943480998277664 0.1168912872672081 -0.006959110498428345
-0.10709919035434723 0.14248865842819214 -0.00912757869809866
-0.12501902878284454 0.16783638298511505 -0.011782798916101456
-0.14313098788261414 0.19295059144496918 -0.014981179498136044
-0.16139711439609528 0.21787679195404053 -0.01877964287996292
-0.1798037439584732 0.24268771708011627 -0.023237457498908043
-0.19836030900478363 0.2674815356731415 -0.028418276458978653
-0.21709808707237244 0.2923802435398102 -0.034392282366752625
-0.2360704094171524 0.31753066182136536 -0.04123895242810249
-0.2553642690181732 0.34311145544052124 -0.049042798578739166
-0.2751551568508148 0.36935874819755554 -0.05785658210515976
-0.2956354320049286 0.39650896191596985 -0.06771981716156006
-0.3169825077056885 0.4247789978981018 -0.07867216318845749
-0.3393601179122925 0.4543674886226654 -0.09075184911489487
-0.36291736364364624 0.4854539930820465 -0.10399341583251953
-0.3877888321876526 0.5181984901428223 -0.11842604726552963
-0.41409245133399963 0.5527387857437134 -0.1340710073709488
-0.4419317841529846 0.5891903638839722 -0.15093611180782318
-0.471571147441864 0.6277684569358826 -0.16892746090888977
-0.5035914182662964 0.6689673066139221 -0.18790119886398315
-0.5388076901435852 0.7135671377182007 -0.20782862603664398
-0.5783299803733826 0.7627042531967163 -0.2288207858800888
-0.6236854791641235 0.8179997205734253 -0.2511552572250366
-0.6770258545875549 0.8817819952964783 -0.27532482147216797
-0.7414877414703369 0.9574782252311707 -0.3021278381347656
-0.8218522667884827 1.050333857536316 -0.3328419327735901
0.7851371765136719 -1.0815578699111938 -0.46028733253479004
0.7174379229545593 -1.0003447532653809 -0.4191010296344757
0.6552844047546387 -0.9249028563499451 -0.3798595070838928
0.5993974804878235 -0.8562232851982117 -0.3432581126689911
0.5499761700630188 -0.7946987748146057 -0.30971938371658325
0.5067500472068787 -0.7401702404022217 -0.27939584851264954
0.4690698981285095 -0.6920203566551208 -0.252201646566391
0.43600791692733765 -0.6492852568626404 -0.2278585135936737
0.40644726157188416 -0.6107560992240906 -0.20594388246536255
0.3791824281215668 -0.5750957131385803 -0.1859464794397354
0.3535356819629669 -0.5415418148040771 -0.16754372417926788
0.3293149471282959 -0.5098745822906494 -0.15061330795288086
0.306347519159317 -0.47989621758461 -0.13504722714424133
0.2844632863998413 -0.45141300559043884 -0.12074526399374008
0.2634933888912201 -0.4242338240146637 -0.10761501640081406
0.2432674616575241 -0.39816737174987793 -0.09557142853736877
0.22361107170581818 -0.37301987409591675 -0.08453672379255295
0.20434176921844482 -0.34859105944633484 -0.07444001734256744
0.18526262044906616 -0.324627548456192 -0.065198615193367
0.16618312895298004 -0.30078110098838806 -0.05669886991381645
0.14696116745471954 -0.2767412066459656 -0.04884958267211914
0.12750987708568573 -0.2522573471069336 -0.04158663749694824
0.1078035905957222 -0.22714482247829437 -0.034869372844696045
0.08788574486970901 -0.2012958973646164 -0.028677720576524734
0.06787686794996262 -0.17469380795955658 -0.023009397089481354
0.04798032343387604 -0.14742794632911682 -0.01787658967077732
0.028463736176490784 -0.11970079690217972 -0.01330272201448679
0.009459232911467552 -0.09175637364387512 -0.009320666082203388
-0.009030221961438656 -0.06380371749401093 -0.005952078383415937
-0.02704380266368389 -0.0360105000436306 -0.0031992325093597174
-0.04465882480144501 -0.00849686935544014 -0.001047115190885961
-0.061985984444618225 0.01866661012172699 0.0005335128516890109
-0.07916436344385147 0.04545876011252403 0.0015827222960069776
-0.09635592252016068 0.0719044953584671 0.0021479520946741104
-0.11374011635780334 0.09807045012712479 0.0022803384345024824
-0.13140664994716644 0.12399978190660477 0.0019870433025062084
-0.14928217232227325 0.14966607093811035 0.0011981609277427197
-0.1673043668270111 0.17507246136665344 -0.00015939987497404218
-0.18543986976146698 0.20025880634784698 -0.0021554981358349323
-0.20368298888206482 0.22529856860637665 -0.00485910102725029
-0.2220544070005417 0.2502964735031128 -0.008340965956449509
-0.24059948325157166 0.2753860652446747 -0.012676496990025043
-0.2593885362148285 0.30073052644729614 -0.017949143424630165
-0.2785264253616333 0.3265276253223419 -0.024244865402579308
-0.2981937527656555 0.35302260518074036 -0.03160545974969864
-0.31858283281326294 0.38045594096183777 -0.04005658999085426
-0.33987072110176086 0.40904781222343445 -0.049625933170318604
-0.36222055554389954 0.4389995336532593 -0.06034128740429878
-0.38578060269355774 0.47049233317375183 -0.07222810387611389
-0.41068440675735474 0.5036872625350952 -0.0853075459599495
-0.43704792857170105 0.5387217998504639 -0.09959375113248825
-0.4649735987186432 0.575712263584137 -0.11508921533823013
-0.4947608411312103 0.6149306297302246 -0.13172326982021332
-0.5270493626594543 0.6569724678993225 -0.14939340949058533
-0.562676191329956 0.7026767730712891 -0.1680852472782135
-0.602719783782959 0.7531790733337402 -0.18789193034172058
-0.6485967636108398 0.8100157976150513 -0.20903459191322327
-0.7022187113761902 0.8752966523170471 -0.23189665377140045
-0.7662473917007446 0.9519875049591064 -0.257082462310791
-0.8445356488227844 1.0444014072418213 -0.28552353382110596
0.7629054188728333 -1.088152289390564 -0.5055708289146423
0.6936851739883423 -1.0070141553878784 -0.46281343698501587
0.6309305429458618 -0.93243008852005 -0.4223100244998932
0.5749983191490173 -0.864975094795227 -0.38458898663520813
0.5258002877235413 -0.8047260642051697 -0.3499439060688019
0.4828699827194214 -0.7513251304626465 -0.31844696402549744
0.44544604420661926 -0.704063355922699 -0.2899782359600067
0.412555992603302 -0.6619717478752136 -0.2642638087272644
0.38308602571487427 -0.6238980293273926 -0.24091266095638275
0.3558649718761444 -0.5886006355285645 -0.2194611132144928
0.3302379548549652 -0.5553709268569946 -0.19961078464984894
0.30601435899734497 -0.5239924192428589 -0.18123748898506165
0.2830215096473694 -0.4942684471607208 -0.16422881186008453
0.2610887885093689 -0.4660056233406067 -0.1484786868095398
0.24004614353179932 -0.43901219964027405 -0.1338871270418167
0.21972188353538513 -0.41309618949890137 -0.12035977840423584
0.1999400556087494 -0.3880625367164612 -0.10780754685401917
0.18051688373088837 -0.3637100160121918 -0.09614595025777817
0.16126255691051483 -0.3397955596446991 -0.08528059720993042
0.1420125961303711 -0.3160077631473541 -0.07509671151638031
0.12264933437108994 -0.2920718789100647 -0.06550400704145432
0.10310495644807816 -0.26776671409606934 -0.056440673768520355
0.08336591720581055 -0.2429286390542984 -0.047870781272649765
0.06347905099391937 -0.2174602746963501 -0.03978247195482254
0.04355769604444504 -0.19134093821048737 -0.03218625485897064
0.02378583885729313 -0.16463811695575714 -0.025112668052315712
0.004399924539029598 -0.13751162588596344 -0.01860761269927025
-0.01449970155954361 -0.11014392971992493 -0.012709971517324448
-0.03293062746524811 -0.08268763870000839 -0.007437523920089006
-0.05094078928232193 -0.05527009814977646 -0.0027899565175175667
-0.06860527396202087 -0.02798914909362793 0.0012496577110141516
-0.08602282404899597 -0.0009108460508286953 0.0047126454301178455
-0.10331230610609055 0.0259315837174654 0.007642172276973724
-0.1206086203455925 0.05253646522760391 0.010090398602187634
-0.13805824518203735 0.07893156260251999 0.01211514975875616
-0.15572765469551086 0.1051214262843132 0.013720372691750526
-0.17354513704776764 0.1310577541589737 0.014814944006502628
-0.19145528972148895 0.15672989189624786 0.015307215973734856
-0.20943421125411987 0.18217003345489502 0.015113342553377151
-0.2274879366159439 0.20744961500167847 0.0141544034704566
-0.2456509917974472 0.23267635703086853 0.012353094294667244
-0.2639847993850708 0.2579915523529053 0.009630093351006508
-0.28257763385772705 0.28357014060020447 0.005899985320866108
-0.30155205726623535 0.3096243739128113 0.0010778586147353053
-0.32109224796295166 0.33640629053115845 -0.00486571341753006
-0.3413887917995453 0.36415961384773254 -0.01194166112691164
-0.36261698603630066 0.3931073844432831 -0.020164893940091133
-0.3849383592605591 0.4234529733657837 -0.029552031308412552
-0.4084997773170471 0.45537978410720825 -0.04011876881122589
-0.4334329664707184 0.4890502095222473 -0.051877688616514206
-0.4598522186279297 0.5246025323867798 -0.06483546644449234
-0.4878588616847992 0.5621545910835266 -0.0789891853928566
-0.5177817344665527 0.6020364165306091 -0.09429451823234558
-0.5503090620040894 0.6449459195137024 -0.11069951951503754
-0.5862888097763062 0.6917816996574402 -0.12821771204471588
-0.6267585158348083 0.7436795234680176 -0.14694270491600037
-0.6730186343193054 0.8020947575569153 -0.16706421971321106
-0.7267441749572754 0.8689291477203369 -0.18889248371124268
-0.7901585698127747 0.9467284083366394 -0.21289679408073425
-0.8663129806518555 1.0390030145645142 -0.23977021872997284
0.7406414747238159 -1.095489501953125 -0.5497963428497314
0.6695848703384399 -1.0140026807785034 -0.505420446395874
0.6061270833015442 -0.9400708675384521 -0.46372663974761963
0.5501539707183838 -0.8737531900405884 -0.42501357197761536
0.5012256503105164 -0.8147502541542053 -0.3894028067588806
0.4586428701877594 -0.7624684572219849 -0.3568582832813263
0.42151468992233276 -0.7160876393318176 -0.3272114098072052
0.3888194262981415 -0.674625039100647 -0.30018869042396545
0.3594510853290558 -0.6369855999946594 -0.275436133146286
0.33228227496147156 -0.6020298004150391 -0.2525501847267151
0.30668672919273376 -0.5691063404083252 -0.23126445710659027
0.2824755609035492 -0.5380014777183533 -0.21145309507846832
0.2594761550426483 -0.5085183382034302 -0.19299952685832977
0.2375173568725586 -0.4804624915122986 -0.17579185962677002
0.21642829477787018 -0.45364078879356384 -0.15972281992435455
0.1960362046957016 -0.42785948514938354 -0.14468903839588165
0.17616420984268188 -0.4029213786125183 -0.13059060275554657
0.15662804245948792 -0.3786233365535736 -0.11733004450798035
0.1372452825307846 -0.35473230481147766 -0.10480368137359619
0.11787544935941696 -0.3309747278690338 -0.09290071576833725
0.09842262417078018 -0.3071126341819763 -0.08153673261404037
0.07883450388908386 -0.28295478224754333 -0.07065603882074356
0.05910588055849075 -0.2583601176738739 -0.06022993102669716
0.039282917976379395 -0.23324306309223175 -0.05025554075837135
0.019467802718281746 -0.20758211612701416 -0.04075491055846214
-0.0001783663174137473 -0.18142741918563843 -0.03177321329712868
-0.019452523440122604 -0.15490244328975677 -0.023372720927000046
-0.03828148543834686 -0.12813422083854675 -0.015591943636536598
-0.0566958412528038 -0.1012222096323967 -0.008439959026873112
-0.07474607974290848 -0.07425352185964584 -0.0019106542458757758
-0.09250003844499588 -0.04730021581053734 0.004016277380287647
-0.11004060506820679 -0.020417654886841774 0.009373846463859081
-0.12746328115463257 0.006357000209391117 0.01420603971928358
-0.14487327635288239 0.033004481345415115 0.018565671518445015
-0.1623823195695877 0.05952298268675804 0.022511569783091545
-0.1800350844860077 0.08588606119155884 0.026039479300379753
-0.19776758551597595 0.11202741414308548 0.029035305604338646
-0.21553672850131989 0.13792383670806885 0.03138771280646324
-0.23333197832107544 0.16359922289848328 0.032998088747262955
-0.25117403268814087 0.18912096321582794 0.03377727419137955
-0.26911306381225586 0.21459655463695526 0.033641595393419266
-0.2872270345687866 0.2401706725358963 0.03250852972269058
-0.30562159419059753 0.2660248577594757 0.030291931703686714
-0.3244355022907257 0.292380154132843 0.026909641921520233
-0.34385472536087036 0.31949251890182495 0.02234584279358387
-0.3640660345554352 0.3476073443889618 0.016605377197265625
-0.3852418065071106 0.3769492506980896 0.009687214158475399
-0.40754103660583496 0.40772366523742676 0.0015870265197008848
-0.4311082363128662 0.44011539220809937 -0.0077000027522444725
-0.45607319474220276 0.4742884933948517 -0.018176818266510963
-0.4825482666492462 0.5103825330734253 -0.029841674491763115
-0.5106338858604431 0.5485185384750366 -0.04268542677164078
-0.5406830906867981 0.5890821814537048 -0.05669043958187103
-0.573419988155365 0.6328696608543396 -0.07185930758714676
-0.60969477891922 0.6808375120162964 -0.08824196457862854
-0.6504995226860046 0.734123945236206 -0.10594558715820312
-0.6970204710960388 0.7941097617149353 -0.1251470148563385
-0.7507147789001465 0.8625088930130005 -0.14611034095287323
-0.8134227991104126 0.9415004849433899 -0.1692119985818863
-0.8875382542610168 1.0339312553405762 -0.19498074054718018
0.718139111995697 -1.1037803888320923 -0.5931447148323059
0.6449068784713745 -1.0214444398880005 -0.5470731258392334
0.580656111240387 -0.9479178786277771 -0.5042397379875183
0.5246690511703491 -0.8826214671134949 -0.4646405279636383
0.47607937455177307 -0.8248108625411987 -0.428180456161499
0.43391692638397217 -0.7736203670501709 -0.39468955993652344
0.3971446752548218 -0.728099524974823 -0.3639383018016815
0.3646870255470276 -0.6872434616088867 -0.3356509506702423
0.33544933795928955 -0.6500136256217957 -0.3095170557498932
0.3083575963973999 -0.6153776049613953 -0.28520748019218445
0.28281986713409424 -0.5827457904815674 -0.26249590516090393
0.2586487829685211 -0.5519053936004639 -0.24125400185585022
0.2356715053319931 -0.522658109664917 -0.22136007249355316
0.21371619403362274 -0.4948074519634247 -0.20269575715065002
0.1926111876964569 -0.4681578278541565 -0.18514598906040192
0.1721826195716858 -0.44251254200935364 -0.1685980260372162
0.15225286781787872 -0.41767174005508423 -0.15294106304645538
0.13263753056526184 -0.39342960715293884 -0.13806504011154175
0.11316118389368057 -0.36956238746643066 -0.12385840713977814
0.09370522201061249 -0.34583255648612976 -0.110218346118927
0.0741928368806839 -0.3220369517803192 -0.0970698669552803
0.05458482727408409 -0.2980131506919861 -0.08436606079339981
0.03488188982009888 -0.2736409306526184 -0.0720868781208992
0.015127884224057198 -0.2488471269607544 -0.060238540172576904
-0.0045870207250118256 -0.22361041605472565 -0.04885285347700119
-0.02412424236536026 -0.19796764850616455 -0.03798607736825943
-0.043312154710292816 -0.1720123291015625 -0.027711451053619385
-0.0620986633002758 -0.14582575857639313 -0.018063204362988472
-0.08052072674036026 -0.11946263909339905 -0.00903965812176466
-0.09862672537565231 -0.09297444671392441 -0.0006276152562350035
-0.11647463589906693 -0.06640814244747162 0.0071969423443078995
-0.1341303586959839 -0.03980523347854614 0.014467928558588028
-0.1516662985086441 -0.013200529851019382 0.021228104829788208
-0.1691594272851944 0.013377971947193146 0.027527572587132454
-0.18668903410434723 0.03990941122174263 0.03342151269316673
-0.2042822241783142 0.06634679436683655 0.03889390453696251
-0.22188860177993774 0.09261307865381241 0.04380745068192482
-0.2394816279411316 0.11867655813694 0.04803089052438736
-0.25706714391708374 0.14455436170101166 0.051450394093990326
-0.27468207478523254 0.17030900716781616 0.053966034203767776
-0.29239213466644287 0.19604520499706268 0.05548730865120888
-0.3102905750274658 0.2219066619873047 0.055928170680999756
-0.328498512506485 0.24807624518871307 0.055201783776283264
-0.3471676707267761 0.2747773230075836 0.0532291978597641
-0.3664831817150116 0.30226603150367737 0.05000912398099899
-0.38662657141685486 0.3307872414588928 0.04556342214345932
-0.4077658951282501 0.3605656325817108 0.03990638628602028
-0.43005648255348206 0.3918071687221527 0.03304753452539444
-0.4536401331424713 0.4246976673603058 0.024994593113660812
-0.47864416241645813 0.45940259099006653 0.015755921602249146
-0.5051794052124023 0.49606338143348694 0.005343330558389425
-0.5333459377288818 0.53480464220047 -0.006226224824786186
-0.5635144114494324 0.5760633945465088 -0.01895846053957939
-0.5964339375495911 0.620724081993103 -0.03290756791830063
-0.6329501271247864 0.6697973608970642 -0.04816140606999397
-0.6740097403526306 0.7244257926940918 -0.06484685838222504
-0.7206964492797852 0.7859278321266174 -0.08313913643360138
-0.7742815613746643 0.8558602929115295 -0.10327426344156265
-0.8362930417060852 0.9361030459403992 -0.12556540966033936
-0.908616840839386 1.0289828777313232 -0.1504271775484085
0.6950480937957764 -1.1132797002792358 -0.6360282301902771
0.6193434596061707 -1.0295180082321167 -0.5880522131919861
0.5542675256729126 -0.9561094045639038 -0.5440323948860168
0.49833962321281433 -0.8916865587234497 -0.503574788570404
0.450190007686615 -0.8349867463111877 -0.4663194417953491
0.40854358673095703 -0.784837007522583 -0.43193626403808594
0.37220409512519836 -0.740139365196228 -0.40012097358703613
0.34004053473472595 -0.6998584270477295 -0.3705913722515106
0.31097495555877686 -0.6630098223686218 -0.343084454536438
0.2839963734149933 -0.6286721229553223 -0.31735649704933167
0.25855255126953125 -0.5963186621665955 -0.2932274341583252
0.234457328915596 -0.565736711025238 -0.27056512236595154
0.2115372270345688 -0.5367252230644226 -0.24924127757549286
0.18961964547634125 -0.5090845823287964 -0.22912995517253876
0.1685316115617752 -0.48261597752571106 -0.2101072072982788
0.14809831976890564 -0.4571188986301422 -0.19205033779144287
0.1281411498785019 -0.4323900043964386 -0.174837127327919
0.10847555845975876 -0.4082205295562744 -0.15834484994411469
0.08893252909183502 -0.38439422845840454 -0.1424550861120224
0.06941331177949905 -0.36070629954338074 -0.12707558274269104
0.04985831677913666 -0.3369850218296051 -0.1121431365609169
0.03023979254066944 -0.3130931854248047 -0.09762115776538849
0.010563554242253304 -0.28892940282821655 -0.08349896222352982
-0.00912882387638092 -0.2644309401512146 -0.06979137659072876
-0.028757771477103233 -0.23957757651805878 -0.05653839185833931
-0.04820435121655464 -0.21439537405967712 -0.04380419850349426
-0.06732391566038132 -0.18895404040813446 -0.03166881203651428
-0.08607930690050125 -0.16329997777938843 -0.02016053907573223
-0.10450879484415054 -0.13745428621768951 -0.009267163462936878
-0.1226559579372406 -0.11144038289785385 0.001031349180266261
-0.1405683010816574 -0.08528393507003784 0.010762317106127739
-0.15829616785049438 -0.05901253595948219 0.019959785044193268
-0.17589202523231506 -0.03265484422445297 0.028663981705904007
-0.19340896606445312 -0.006240533199161291 0.03692028671503067
-0.21089965105056763 0.020200297236442566 0.04477746784687042
-0.2283797711133957 0.04661138728260994 0.05220627412199974
-0.2458166927099228 0.07291437685489655 0.05904741585254669
-0.26320332288742065 0.09907545149326324 0.06515025347471237
-0.2805631160736084 0.12510842084884644 0.07038550078868866
-0.2979486286640167 0.15107180178165436 0.07464144378900528
-0.315439909696579 0.17706607282161713 0.07781936973333359
-0.3331429362297058 0.2032310515642166 0.07982813566923141
-0.3511902987957001 0.2297457605600357 0.08057861775159836
-0.36974260210990906 0.2568301558494568 0.07999392598867416
-0.38898155093193054 0.2847362756729126 0.07808772474527359
-0.40908220410346985 0.3137057423591614 0.07490015029907227
-0.430207222700119 0.3439611792564392 0.07046245038509369
-0.45250779390335083 0.3757074773311615 0.06479984521865845
-0.47612228989601135 0.40913036465644836 0.05793464556336403
-0.5011758804321289 0.4443959593772888 0.04988866671919823
-0.5277780294418335 0.4816477298736572 0.04068595543503761
-0.5560290217399597 0.5210146307945251 0.030353575944900513
-0.5863117575645447 0.5629773139953613 0.018868394196033478
-0.6193886995315552 0.6084954738616943 0.006132511887699366
-0.6560969352722168 0.6586271524429321 -0.007976128719747066
-0.6973420977592468 0.7145228385925293 -0.023605089634656906
-0.744123101234436 0.7774558663368225 -0.040934156626462936
-0.797564685344696 0.8488643765449524 -0.06018399819731712
-0.8589591383934021 0.9304047226905823 -0.08162663131952286
-0.9298258423805237 1.0240273475646973 -0.10560052841901779
0.6708717942237854 -1.1242576837539673 -0.679082989692688
0.5925564169883728 -1.038447380065918 -0.6287157535552979
0.5267381072044373 -0.9648404717445374 -0.5832613110542297
0.47100886702537537 -0.9011116027832031 -0.5418240427970886
0.42343220114707947 -0.8454093933105469 -0.5037215948104858
0.3824079930782318 -0.7962235808372498 -0.46843159198760986
0.34657931327819824 -0.7522954940795898 -0.4355556070804596
0.3147645890712738 -0.7125509977340698 -0.4047929048538208
0.2859104871749878 -0.6760550737380981 -0.37592199444770813
0.2590795159339905 -0.641994833946228 -0.34878599643707275
0.23376451432704926 -0.6099063754081726 -0.3232528865337372
0.20978036522865295 -0.5795760154724121 -0.29918527603149414
0.18695273995399475 -0.5507987141609192 -0.2764471471309662
0.16510790586471558 -0.5233712792396545 -0.2549038827419281
0.14407168328762054 -0.49709001183509827 -0.23442192375659943
0.1236681267619133 -0.4717506468296051 -0.21486805379390717
0.1037178635597229 -0.4471457600593567 -0.1961086243391037
0.08403611183166504 -0.42306265234947205 -0.17800824344158173
0.06445986777544022 -0.3992917537689209 -0.16044260561466217
0.044908396899700165 -0.37565726041793823 -0.14333204925060272
0.025337547063827515 -0.35201501846313477 -0.12662671506404877
0.005729857366532087 -0.328249990940094 -0.11030147224664688
-0.01390436664223671 -0.3042769730091095 -0.09435536712408066
-0.033525511622428894 -0.2800423800945282 -0.0788113996386528
-0.05306312441825867 -0.25552698969841003 -0.0637163296341896
-0.07241511344909668 -0.2307482808828354 -0.049139849841594696
-0.09145968407392502 -0.20575688779354095 -0.035165540874004364
-0.11017004400491714 -0.18057411909103394 -0.021815264597535133
-0.1285826414823532 -0.15519733726978302 -0.009067260660231113
-0.1467350572347641 -0.12962977588176727 0.00310470606200397
-0.164665088057518 -0.10388053208589554 0.014730938710272312
-0.18240991234779358 -0.07796487212181091 0.02584543451666832
-0.2000058889389038 -0.05190383642911911 0.036485686898231506
-0.21748754382133484 -0.025724299252033234 0.04669199511408806
-0.23488710820674896 0.0005415749037638307 0.05650605261325836
-0.2522141635417938 0.026837633922696114 0.06588577479124069
-0.26945602893829346 0.05309329554438591 0.07465194910764694
-0.2866254150867462 0.07927942276000977 0.08263549953699112
-0.303762823343277 0.10541092604398727 0.08969124406576157
-0.320934921503067 0.1315445452928543 0.09569430351257324
-0.3382335603237152 0.15777698159217834 0.100535549223423
-0.3557741940021515 0.18424244225025177 0.1041160300374031
-0.37369704246520996 0.2111133337020874 0.1063413918018341
-0.3921668827533722 0.2386016547679901 0.1071341261267662
-0.4113604426383972 0.2669517993927002 0.10652261227369308
-0.43144553899765015 0.29639944434165955 0.1045663058757782
-0.45257920026779175 0.3271627426147461 0.10131481289863586
-0.4749080538749695 0.359443724155426 0.09681090712547302
-0.49856722354888916 0.3934268057346344 0.0910935029387474
-0.5236798524856567 0.4292779266834259 0.08420006930828094
-0.5503547191619873 0.46714216470718384 0.07616925984621048
-0.5786932706832886 0.5071528553962708 0.06704073399305344
-0.6090841293334961 0.5498260259628296 0.056779514998197556
-0.642293393611908 0.5961823463439941 0.04525119811296463
-0.6791441440582275 0.6473203897476196 0.03230302035808563
-0.7205067276954651 0.7044035792350769 0.01776580512523651
-0.7673136591911316 0.7686793804168701 0.00144917459692806
-0.8205817937850952 0.8415094017982483 -0.016864486038684845
-0.8814370632171631 0.9244017004966736 -0.0374269001185894
-0.9511508345603943 1.0190600156784058 -0.060533635318279266
0.6451360583305359 -1.1369942426681519 -0.7228356599807739
0.564247190952301 -1.0484601259231567 -0.6693224310874939
0.49787992238998413 -0.9743063449859619 -0.6220066547393799
0.4425443708896637 -0.9110599160194397 -0.5793431997299194
0.39569371938705444 -0.856210470199585 -0.5402550101280212
0.35540106892585754 -0.807887613773346 -0.5039884448051453
0.3201574385166168 -0.7646601796150208 -0.4700254499912262
0.2887416481971741 -0.7254074811935425 -0.4380282461643219
0.2601349949836731 -0.6892356276512146 -0.40780413150787354
0.23348373174667358 -0.6554334163665771 -0.3792756497859955
0.20833060145378113 -0.6235967874526978 -0.35235652327537537
0.18449145555496216 -0.5935095548629761 -0.3269031345844269
0.16179119050502777 -0.5649628639221191 -0.3027707636356354
0.1400548368692398 -0.5377482175827026 -0.2798154652118683
0.11910703778266907 -0.5116575360298157 -0.25789356231689453
0.09877083450555801 -0.48648151755332947 -0.23686107993125916
0.07886619865894318 -0.46200817823410034 -0.21657289564609528
0.059208422899246216 -0.43802106380462646 -0.1968815177679062
0.03964010626077652 -0.41431567072868347 -0.17765770852565765
0.02009667456150055 -0.39074158668518066 -0.1588355004787445
0.0005478331004269421 -0.3671789765357971 -0.14037956297397614
-0.01901479996740818 -0.3435318171977997 -0.12227679789066315
-0.03857693076133728 -0.31972888112068176 -0.10453607887029648
-0.058100610971450806 -0.2957242429256439 -0.08718804270029068
-0.07752320915460587 -0.27149951457977295 -0.07028499990701675
-0.09675704687833786 -0.24706527590751648 -0.053900204598903656
-0.1156996488571167 -0.22245699167251587 -0.038118381053209305
-0.13433131575584412 -0.19767868518829346 -0.022955160588026047
-0.15268507599830627 -0.17271308600902557 -0.008380756713449955
-0.1707925945520401 -0.14754994213581085 0.005636428948491812
-0.18868334591388702 -0.12218664586544037 0.019129397347569466
-0.2063843458890915 -0.0966288223862648 0.03213232755661011
-0.22391992807388306 -0.07088994979858398 0.04468054696917534
-0.24131134152412415 -0.044991832226514816 0.05681006982922554
-0.2585764229297638 -0.018964042887091637 0.06855639815330505
-0.2757231295108795 0.007144412491470575 0.079866424202919
-0.29275888204574585 0.033278562128543854 0.09054360538721085
-0.3097149729728699 0.05942041054368019 0.10040155798196793
-0.326647013425827 0.08559072762727737 0.10927887260913849
-0.34363365173339844 0.11184773594141006 0.11703594774007797
-0.360775351524353 0.1382857710123062 0.12355049699544907
-0.3781936764717102 0.1650337129831314 0.12871238589286804
-0.3960323631763458 0.1922558844089508 0.1324182152748108
-0.4144565463066101 0.22015391290187836 0.13458620011806488
-0.4336363971233368 0.2489614486694336 0.1352585107088089
-0.4537326991558075 0.27890557050704956 0.13451476395130157
-0.47489669919013977 0.3101980686187744 0.13242417573928833
-0.4972706735134125 0.3430361747741699 0.12904863059520721
-0.5209866762161255 0.37760117650032043 0.12444557994604111
-0.5461664199829102 0.41405826807022095 0.11867032945156097
-0.5729185938835144 0.4525533616542816 0.11177843809127808
-0.6013464331626892 0.493223637342453 0.10382472723722458
-0.6318390369415283 0.5366118550300598 0.09476721286773682
-0.6651540994644165 0.5837838053703308 0.08444081991910934
-0.7020975351333618 0.6358731389045715 0.0726647675037384
-0.7435086965560913 0.6940605640411377 0.05924694240093231
-0.7902730107307434 0.7595903277397156 0.04398028180003166
-0.8433356881141663 0.8337907195091248 0.026638159528374672
-0.9037200808525085 0.9180977940559387 0.006969348061829805
-0.9725512862205505 1.014089822769165 -0.015309120528399944
0.6174155473709106 -1.1517696380615234 -0.7676602005958557
0.5341717600822449 -1.0597808361053467 -0.7100131511688232
0.46754518151283264 -0.9846973419189453 -0.6602703332901001
0.4128362834453583 -0.9216885566711426 -0.6160423159599304
0.36687278747558594 -0.8675185441970825 -0.5757677555084229
0.32741618156433105 -0.8199350237846375 -0.5384150743484497
0.2928246259689331 -0.7773259282112122 -0.5033168196678162
0.2618520259857178 -0.7385150790214539 -0.4700758457183838
0.23352549970149994 -0.7026386260986328 -0.4385100305080414
0.207084059715271 -0.669076144695282 -0.4086083471775055
0.18212439119815826 -0.6374775171279907 -0.38032495975494385
0.15846344828605652 -0.6076239943504333 -0.3535090684890747
0.13592523336410522 -0.5793014764785767 -0.3280065953731537
0.11433383077383041 -0.55229651927948 -0.30366382002830505
0.09351290762424469 -0.5263959169387817 -0.28032684326171875
0.07328464090824127 -0.501384973526001 -0.2578408420085907
0.05346866324543953 -0.4770469665527344 -0.2360495775938034
0.03388063609600067 -0.4531612694263458 -0.21479402482509613
0.014368388801813126 -0.42952731251716614 -0.19394072890281677
-0.005118298809975386 -0.40601691603660583 -0.17343825101852417
-0.02459757961332798 -0.3825310468673706 -0.1532660573720932
-0.04406993091106415 -0.35899031162261963 -0.13342326879501343
-0.06351768225431442 -0.3353348970413208 -0.1139281764626503
-0.0829043835401535 -0.3115256130695343 -0.09481845796108246
-0.10217417776584625 -0.2875446081161499 -0.07615082710981369
-0.121251679956913 -0.2633967995643616 -0.05800046771764755
-0.1400507539510727 -0.2391054779291153 -0.04045143350958824
-0.15855669975280762 -0.21466423571109772 -0.023513881489634514
-0.17679855227470398 -0.1900479942560196 -0.007151792291551828
-0.19480271637439728 -0.165239155292511 0.008670728653669357
-0.21259243786334991 -0.14022798836231232 0.02398909069597721
-0.23018750548362732 -0.11501319706439972 0.03883800655603409
-0.2476043701171875 -0.08960193395614624 0.05325160548090935
-0.26485568284988403 -0.06401019543409348 0.06726305186748505
-0.28195059299468994 -0.03826247155666351 0.08090350031852722
-0.29889893531799316 -0.012395843863487244 0.09411142021417618
-0.315726637840271 0.013556496240198612 0.1066756546497345
-0.3324817419052124 0.03959319740533829 0.11839397251605988
-0.34923243522644043 0.0657455176115036 0.12908856570720673
-0.36606642603874207 0.09207664430141449 0.13860346376895905
-0.3830898702144623 0.11868108063936234 0.14680062234401703
-0.400426983833313 0.1456836611032486 0.15355513989925385
-0.41822153329849243 0.17324084043502808 0.1587502360343933
-0.4366350769996643 0.20154273509979248 0.1622956395149231
-0.45583078265190125 0.2308102399110794 0.16424623131752014
-0.4759623408317566 0.261259526014328 0.16470204293727875
-0.4971756935119629 0.2930939793586731 0.1637529879808426
-0.5196090340614319 0.3265044391155243 0.16148146986961365
-0.5433921217918396 0.36166784167289734 0.15796519815921783
-0.5686452984809875 0.3987469971179962 0.15327921509742737
-0.5954782366752625 0.4378880560398102 0.1474982500076294
-0.6239964962005615 0.47923150658607483 0.14069469273090363
-0.6545831561088562 0.5233368277549744 0.13282354176044464
-0.6879772543907166 0.5712996125221252 0.12369353324174881
-0.7249621748924255 0.6242808699607849 0.11309771984815598
-0.7663524746894836 0.6834858655929565 0.10081949830055237
-0.8130035996437073 0.7501781582832336 0.08662915229797363
-0.8658251166343689 0.8256993889808655 0.07027939707040787
-0.925796627998352 0.9114909172058105 0.051500629633665085
-0.9939881563186646 1.0091248750686646 0.029994118958711624
0.5873565077781677 -1.1688424348831177 -0.8137466907501221
0.5021560192108154 -1.0726230144500732 -0.750800609588623
0.4356328248977661 -0.9961951971054077 -0.6979743838310242
0.3818003237247467 -0.9331491589546204 -0.6517874002456665
0.3368780314922333 -0.8794578313827515 -0.6100882887840271
0.2983490228652954 -0.8324704766273499 -0.5715150237083435
0.26446518301963806 -0.7903857827186584 -0.5352190136909485
0.23397299647331238 -0.7519619464874268 -0.500719428062439
0.2059563398361206 -0.716352641582489 -0.46782413125038147
0.17975358664989471 -0.6830122470855713 -0.43657106161117554
0.15501797199249268 -0.651637613773346 -0.4069477617740631
0.13156788051128387 -0.6220065355300903 -0.3787955939769745
0.10922661423683167 -0.5938996076583862 -0.3519507646560669
0.08781754970550537 -0.5670981407165527 -0.3262495696544647
0.06716369837522507 -0.5413833260536194 -0.3015279173851013
0.04708679020404816 -0.5165353417396545 -0.27762043476104736
0.02740645222365856 -0.4923325479030609 -0.2543601989746094
0.007939071394503117 -0.4685497581958771 -0.23157741129398346
-0.011462591588497162 -0.4449896216392517 -0.20913517475128174
-0.03083641268312931 -0.4215428829193115 -0.18699637055397034
-0.05019022151827812 -0.398128479719162 -0.1651550531387329
-0.06951791793107986 -0.37468090653419495 -0.14362193644046783
-0.08879918605089188 -0.3511502146720886 -0.12242422997951508
-0.10799913108348846 -0.3275024890899658 -0.10160566866397858
-0.12706789374351501 -0.30372053384780884 -0.08122620731592178
-0.14594072103500366 -0.27980443835258484 -0.06136162579059601
-0.16454538702964783 -0.2557680010795593 -0.04209384694695473
-0.1828707903623581 -0.2315993756055832 -0.02342863194644451
-0.20094218850135803 -0.2072712779045105 -0.0053256843239068985
-0.21878190338611603 -0.18276357650756836 0.012254013679921627
-0.23640885949134827 -0.158063143491745 0.029347850009799004
-0.25383853912353516 -0.13316470384597778 0.045991409569978714
-0.27108290791511536 -0.10807055234909058 0.06221862509846687
-0.2881503701210022 -0.0827912762761116 0.07806141674518585
-0.3050459027290344 -0.05734533071517944 0.0935487374663353
-0.3217836618423462 -0.03175514191389084 0.10861344635486603
-0.33840617537498474 -0.006027985364198685 0.1230325698852539
-0.3549753725528717 0.019855644553899765 0.1365894377231598
-0.3715694844722748 0.045941390097141266 0.14908993244171143
-0.3882823586463928 0.07230085134506226 0.16036051511764526
-0.40522313117980957 0.09903156012296677 0.1702449917793274
-0.4225158989429474 0.12625642120838165 0.17860029637813568
-0.44030097126960754 0.15412531793117523 0.18529212474822998
-0.4587337076663971 0.1828172504901886 0.19021764397621155
-0.47796958684921265 0.2125389128923416 0.19344285130500793
-0.49815595149993896 0.2434941530227661 0.19508855044841766
-0.5194336771965027 0.27587616443634033 0.19526581466197968
-0.5419375896453857 0.30986788868904114 0.19407877326011658
-0.5657951235771179 0.3456406891345978 0.19162677228450775
-0.5911263227462769 0.38335397839546204 0.18800638616085052
-0.6180421113967896 0.42315322160720825 0.18331333994865417
-0.6466509699821472 0.4651809632778168 0.17763973772525787
-0.6773236393928528 0.510003387928009 0.17094066739082336
-0.7107687592506409 0.5587288737297058 0.1630016714334488
-0.7477433681488037 0.6125392317771912 0.15359079837799072
-0.7890413999557495 0.6726704835891724 0.14246509969234467
-0.8355058431625366 0.7404302358627319 0.1293664127588272
-0.888045072555542 0.8172222375869751 0.11401577293872833
-0.9476502537727356 0.9045735001564026 0.09610690921545029
-1.0154224634170532 1.0041743516921997 0.07529755681753159
0.5547195076942444 -1.1884183883666992 -0.8610532283782959
0.4681183695793152 -1.0871772766113281 -0.7915565371513367
0.4020985960960388 -1.008969783782959 -0.7349594831466675
0.34938061237335205 -0.9455847144126892 -0.6864017248153687
0.30562928318977356 -0.8921486735343933 -0.6430264115333557
0.2680968642234802 -0.8455973863601685 -0.6030875444412231
0.23496083915233612 -0.8039330244064331 -0.5655240416526794
0.20497830212116241 -0.765837550163269 -0.5297475457191467
0.17729848623275757 -0.7304667234420776 -0.4955347776412964
0.15136274695396423 -0.697331964969635 -0.46295395493507385
0.1268814504146576 -0.6661665439605713 -0.4320169687271118
0.1036747545003891 -0.6367448568344116 -0.40255704522132874
0.081565722823143 -0.6088423728942871 -0.374400794506073
0.06037742644548416 -0.5822349190711975 -0.3473745584487915
0.03993264213204384 -0.5566983222961426 -0.32130420207977295
0.020053142681717873 -0.5320075154304504 -0.29601436853408813
0.0005590018699876964 -0.5079358816146851 -0.2713279724121094
-0.0187322199344635 -0.4842541217803955 -0.2470654547214508
-0.03796323016285896 -0.46076706051826477 -0.2230868637561798
-0.05716170370578766 -0.4373815357685089 -0.1993686407804489
-0.07632716745138168 -0.41403165459632874 -0.1759183406829834
-0.09544847160577774 -0.3906635344028473 -0.15275731682777405
-0.11450362950563431 -0.36723560094833374 -0.12992049753665924
-0.13345961272716522 -0.3437182605266571 -0.10745648294687271
-0.15227212011814117 -0.3200947046279907 -0.08542731404304504
-0.17088580131530762 -0.2963612377643585 -0.06390799582004547
-0.18924042582511902 -0.27252423763275146 -0.04297728091478348
-0.2073276937007904 -0.24856998026371002 -0.022637631744146347
-0.22516974806785583 -0.2244732677936554 -0.002846445655450225
-0.24278594553470612 -0.200214684009552 0.016437124460935593
-0.26019275188446045 -0.17578071355819702 0.035251885652542114
-0.27740341424942017 -0.15116427838802338 0.05363437905907631
-0.29442840814590454 -0.1263645738363266 0.07161910831928253
-0.3112748861312866 -0.10138773173093796 0.08923812210559845
-0.3279474377632141 -0.07624628394842148 0.1065201386809349
-0.3444656431674957 -0.050947025418281555 0.12339484691619873
-0.3608863353729248 -0.025469209998846054 0.13962994515895844
-0.37728261947631836 0.0002300754567841068 0.15499575436115265
-0.39374011754989624 0.026213672012090683 0.1692822128534317
-0.4103566110134125 0.05256449803709984 0.1822975128889084
-0.42724186182022095 0.07938586175441742 0.1938655525445938
-0.4445176124572754 0.10680127888917923 0.20382241904735565
-0.4623183608055115 0.13495615124702454 0.21201284229755402
-0.480791300535202 0.16401967406272888 0.21831762790679932
-0.5000839829444885 0.19418412446975708 0.22281256318092346
-0.5203379988670349 0.22563982009887695 0.2256389707326889
-0.5416898727416992 0.2585688829421997 0.22692973911762238
-0.5642711520195007 0.2931452691555023 0.22681118547916412
-0.5882077217102051 0.3295336067676544 0.22540542483329773
-0.6136194467544556 0.3678891062736511 0.2228318452835083
-0.6406190395355225 0.4083554744720459 0.21920867264270782
-0.6693177819252014 0.4510762691497803 0.21464939415454865
-0.7000678181648254 0.49661341309547424 0.2091112732887268
-0.7335354089736938 0.5460706353187561 0.202358216047287
-0.7704464197158813 0.6006432175636292 0.19413354992866516
-0.8115785121917725 0.6616043448448181 0.18416598439216614
-0.8577790260314941 0.7303314805030823 0.17216342687606812
-0.909986674785614 0.8083410859107971 0.1578044295310974
-0.9692596197128296 0.8973323702812195 0.14072802662849426
-1.0368139743804932 0.9992477893829346 0.12051970511674881
0.519439697265625 -1.2106008529663086 -0.9092425107955933
0.4320981502532959 -1.1035935878753662 -0.8319956064224243
0.36696672439575195 -1.023170828819275 -0.7709828615188599
0.31555506587028503 -0.9591289162635803 -0.719666063785553
0.2730596363544464 -0.9057066440582275 -0.6743733882904053
0.23655962944030762 -0.8594179153442383 -0.6329264044761658
0.20419110357761383 -0.8180614709854126 -0.5940245389938354
0.17473790049552917 -0.7802326083183289 -0.5569515228271484
0.14741985499858856 -0.7450721859931946 -0.5214334726333618
0.1217796579003334 -0.7121264338493347 -0.4875493347644806
0.09758327901363373 -0.681154727935791 -0.45532625913619995
0.07465298473834991 -0.6519275307655334 -0.424589067697525
0.052812181413173676 -0.6242156028747559 -0.3951551020145416
0.031884223222732544 -0.597789466381073 -0.36684122681617737
0.011692213825881481 -0.5724198222160339 -0.33946365118026733
-0.00794145930558443 -0.5478768348693848 -0.3128376603126526
-0.027195720002055168 -0.5239289999008179 -0.2867768108844757
-0.04625137150287628 -0.5003432631492615 -0.2610926330089569
-0.06524697691202164 -0.47692590951919556 -0.23564255237579346
-0.08420240134000778 -0.4535972774028778 -0.21041497588157654
-0.1031111404299736 -0.43030422925949097 -0.18542912602424622
-0.12195876985788345 -0.40700259804725647 -0.16071529686450958
-0.1407228410243988 -0.3836576044559479 -0.13631464540958405
-0.15937285125255585 -0.3602433204650879 -0.11227915436029434
-0.1778700053691864 -0.33674341440200806 -0.0886714980006218
-0.19616758823394775 -0.31315112113952637 -0.06556468456983566
-0.2142159342765808 -0.2894671559333801 -0.04303321987390518
-0.23200927674770355 -0.26567837595939636 -0.02107742615044117
-0.2495671659708023 -0.24176384508609772 0.00034574177698232234
-0.2669069766998291 -0.2177070826292038 0.021277623251080513
-0.28404393792152405 -0.1934959888458252 0.04175763949751854
-0.3009908199310303 -0.16912342607975006 0.0618230476975441
-0.31775805354118347 -0.14458683133125305 0.08150914311408997
-0.33435380458831787 -0.11988889425992966 0.10084890574216843
-0.3507840931415558 -0.0950370505452156 0.11987204104661942
-0.36707472801208496 -0.07002296298742294 0.13850688934326172
-0.38329407572746277 -0.04479776695370674 0.15651363134384155
-0.39952409267425537 -0.019294392317533493 0.17365093529224396
-0.4158555865287781 0.006568617187440395 0.1896933913230896
-0.43238863348960876 0.03288744017481804 0.20443092286586761
-0.4492321312427521 0.059773460030555725 0.21766658127307892
-0.46650394797325134 0.08735321462154388 0.22921401262283325
-0.4843318462371826 0.1157701164484024 0.23889470100402832
-0.5028536915779114 0.1451857089996338 0.24657048285007477
-0.5222095847129822 0.1757783591747284 0.2523256838321686
-0.542535662651062 0.20772475004196167 0.25632184743881226
-0.5639645457267761 0.241195410490036 0.2587135434150696
-0.5866251587867737 0.27635496854782104 0.2596498429775238
-0.6106416583061218 0.3133605718612671 0.25927600264549255
-0.6361343264579773 0.35236242413520813 0.257735013961792
-0.6632172465324402 0.39350172877311707 0.25516852736473083
-0.6920047998428345 0.4369219243526459 0.2517126500606537
-0.7228224277496338 0.48316895961761475 0.2473275065422058
-0.7562835216522217 0.5333240032196045 0.24175579845905304
-0.7930762767791748 0.5885874032974243 0.23471523821353912
-0.8339661359786987 0.6502764225006104 0.22590403258800507
-0.879819393157959 0.7198638319969177 0.2149907648563385
-0.9316366910934448 0.7990328669548035 0.20160111784934998
-0.9905968904495239 0.8897477388381958 0.18530064821243286
-1.0581183433532715 0.9943557381629944 0.16557098925113678
0.4816993474960327 -1.235331654548645 -0.9576206803321838
0.3942849636077881 -1.1219589710235596 -0.8716649413108826
0.33034107089042664 -1.0389189720153809 -0.805720329284668
0.28033876419067383 -0.9739011526107788 -0.7513232231140137
0.2391158491373062 -0.9202420711517334 -0.7039045691490173
0.20363883674144745 -0.8740333318710327 -0.6608209609985352
0.1720319390296936 -0.8328667283058167 -0.6205143332481384
0.14311693608760834 -0.7952403426170349 -0.582125723361969
0.11618375033140182 -0.760261595249176 -0.5453144907951355
0.09086889028549194 -0.7274885177612305 -0.5101516842842102
0.06698910146951675 -0.6966936588287354 -0.47667092084884644
0.04436927288770676 -0.6676440834999084 -0.4446885883808136
0.0228338111191988 -0.6401057839393616 -0.4140133261680603
0.002207037527114153 -0.6138448715209961 -0.38445284962654114
-0.017686856910586357 -0.5886275768280029 -0.35581493377685547
-0.03702423721551895 -0.5642194151878357 -0.32790595293045044
-0.05598239228129387 -0.5403851270675659 -0.30053120851516724
-0.07473991811275482 -0.5168876051902771 -0.27349403500556946
-0.09343171119689941 -0.493534654378891 -0.24664951860904694
-0.11207243800163269 -0.4702577292919159 -0.21999557316303253
-0.13065209984779358 -0.4470140337944031 -0.1935606449842453
-0.14915509521961212 -0.4237678050994873 -0.16738177835941315
-0.16756002604961395 -0.40048956871032715 -0.14150413870811462
-0.18583983182907104 -0.37715673446655273 -0.1159813404083252
-0.20396168529987335 -0.3537534177303314 -0.09087508916854858
-0.22188708186149597 -0.3302704393863678 -0.06625492870807648
-0.2395762950181961 -0.3067045509815216 -0.042190223932266235
-0.25702568888664246 -0.28304415941238403 -0.018680015578866005
-0.27425265312194824 -0.2592732012271881 0.00431745545938611
-0.29127320647239685 -0.23537881672382355 0.026842642575502396
-0.30810171365737915 -0.21135111153125763 0.048934485763311386
-0.3247509300708771 -0.18718355894088745 0.07063017040491104
-0.34123218059539795 -0.16287276148796082 0.09196535497903824
-0.35755494236946106 -0.1384190022945404 0.11297378689050674
-0.37372729182243347 -0.11382552236318588 0.13368624448776245
-0.3897809684276581 -0.08907047659158707 0.1540304720401764
-0.4057933986186981 -0.06407888233661652 0.17376019060611725
-0.42185336351394653 -0.038760654628276825 0.19262348115444183
-0.43805578351020813 -0.013015856966376305 0.21038059890270233
-0.45450180768966675 0.013265606015920639 0.22680361568927765
-0.4712991714477539 0.040204599499702454 0.24167518317699432
-0.48856160044670105 0.06793265789747238 0.25478625297546387
-0.5064104795455933 0.09659362584352493 0.2659344971179962
-0.5249744057655334 0.1263439655303955 0.27496156096458435
-0.5443868041038513 0.15734969079494476 0.2819596529006958
-0.5647789835929871 0.18977446854114532 0.28711003065109253
-0.5862799882888794 0.22377775609493256 0.29058873653411865
-0.609015703201294 0.259514719247818 0.29256725311279297
-0.633109450340271 0.2971351742744446 0.2932140529155731
-0.65868079662323 0.3367839455604553 0.2926957905292511
-0.6858456134796143 0.37859898805618286 0.29117780923843384
-0.7147198915481567 0.4227224886417389 0.28881922364234924
-0.745595395565033 0.4696723520755768 0.2855825424194336
-0.7790196537971497 0.5204879641532898 0.2811878025531769
-0.8156383037567139 0.5763664841651917 0.2753258943557739
-0.8562062382698059 0.6386746168136597 0.2676617205142975
-0.9016224145889282 0.7090069651603699 0.2578192949295044
-0.9529783725738525 0.789269208908081 0.2453606277704239
-1.011627435684204 0.8817934393882751 0.2297574132680893
-1.079285740852356 0.989511251449585 0.21035048365592957
0.4419260323047638 -1.2622897624969482 -1.005162239074707
0.35500967502593994 -1.1422290802001953 -0.909983217716217
0.29240691661834717 -1.056257963180542 -0.8388007879257202
0.24379673600196838 -0.9899723529815674 -0.7811059355735779
0.20377735793590546 -0.9358339905738831 -0.7314038276672363
0.16925787925720215 -0.8895258903503418 -0.6865789890289307
0.1383734941482544 -0.8484339714050293 -0.6448110342025757
0.10998860001564026 -0.8109493851661682 -0.6050911545753479
0.08345680683851242 -0.7761284708976746 -0.5670003294944763
0.05849447473883629 -0.7435154914855957 -0.5305850505828857
0.03496111184358597 -0.7128829956054688 -0.49587637186050415
0.012684492394328117 -0.6839948296546936 -0.46268290281295776
-0.008509410545229912 -0.6566132307052612 -0.4308049976825714
-0.0287946704775095 -0.6305005550384521 -0.4000425636768341
-0.048345405608415604 -0.6054191589355469 -0.3701951503753662
-0.06733611226081848 -0.5811311602592468 -0.3410615921020508
-0.0859418585896492 -0.5573978424072266 -0.3124397099018097
-0.10433860123157501 -0.5339797139167786 -0.28412607312202454
-0.12265809625387192 -0.5106852650642395 -0.25597304105758667
-0.14091253280639648 -0.4874551296234131 -0.227985218167305
-0.15909118950366974 -0.46425533294677734 -0.20019719004631042
-0.1771794706583023 -0.4410565495491028 -0.1726497858762741
-0.19515885412693024 -0.4178342819213867 -0.14538994431495667
-0.21300697326660156 -0.3945683538913727 -0.11847054958343506
-0.23069755733013153 -0.3712436556816101 -0.09195058792829514
-0.24820059537887573 -0.34784960746765137 -0.06589467823505402
-0.26548558473587036 -0.3243798017501831 -0.04036591947078705
-0.28255102038383484 -0.30082425475120544 -0.015362772159278393
-0.2994121313095093 -0.277170866727829 0.009153745137155056
-0.31608322262763977 -0.25340959429740906 0.03322170302271843
-0.3325776755809784 -0.2295324057340622 0.05687818303704262
-0.34890779852867126 -0.20553326606750488 0.08015891164541245
-0.36508500576019287 -0.18140824139118195 0.10309867560863495
-0.3811194598674774 -0.15715566277503967 0.12573067843914032
-0.39702078700065613 -0.1327756643295288 0.14808577299118042
-0.4128246009349823 -0.10823507606983185 0.17009028792381287
-0.42861607670783997 -0.08343663066625595 0.19149187207221985
-0.44448938965797424 -0.05827004089951515 0.21202874183654785
-0.4605429172515869 -0.032618701457977295 0.23144792020320892
-0.47687917947769165 -0.006359240505844355 0.24950507283210754
-0.4936050474643707 0.02063894085586071 0.26596376299858093
-0.5108315348625183 0.04851358383893967 0.28059375286102295
-0.528674840927124 0.07741095870733261 0.29316991567611694
-0.547256350517273 0.1074851006269455 0.30351489782333374
-0.5667034983634949 0.1388917863368988 0.3117283284664154
-0.5871431827545166 0.17178332805633545 0.3180106282234192
-0.6087002754211426 0.20630910992622375 0.3225584030151367
-0.6314983367919922 0.24261584877967834 0.3255648612976074
-0.6556584239006042 0.28084638714790344 0.32722094655036926
-0.68129962682724 0.32114022970199585 0.3277161419391632
-0.7085379362106323 0.3636321723461151 0.32723885774612427
-0.7374903559684753 0.40846195816993713 0.3259706497192383
-0.7684072852134705 0.45610782504081726 0.3238754868507385
-0.8017598390579224 0.5075479745864868 0.320649653673172
-0.8381456136703491 0.5639667510986328 0.3159564733505249
-0.878311276435852 0.6267852783203125 0.3094266951084137
-0.9231997132301331 0.6977435946464539 0.30063629150390625
-0.974020779132843 0.7790251970291138 0.28907492756843567
-1.032355546951294 0.8734409213066101 0.27410072088241577
-1.1003206968307495 0.9847152233123779 0.25487250089645386
0.4003145396709442 -1.2907201051712036 -1.0510056018829346
0.3144870698451996 -1.1640175580978394 -0.9465416073799133
0.25333356857299805 -1.0749620199203491 -0.8700134754180908
0.20604684948921204 -1.0072083473205566 -0.8088991045951843
0.16711348295211792 -0.9524127244949341 -0.7568061947822571
0.13343997299671173 -0.905876636505127 -0.7101624608039856
0.10319467633962631 -0.8647863864898682 -0.6668920516967773
0.0752902552485466 -0.8274195194244385 -0.6258352994918823
0.049139510840177536 -0.7927650213241577 -0.5864865779876709
0.024526989087462425 -0.7603284120559692 -0.5488526225090027
0.001346906297840178 -0.7298689484596252 -0.5129523277282715
-0.020571576431393623 -0.7011465430259705 -0.4785861670970917
-0.04140190780162811 -0.6739209294319153 -0.44554656744003296
-0.06131727620959282 -0.6479514241218567 -0.4136257767677307
-0.08049066364765167 -0.6229981780052185 -0.3826165199279785
-0.09909504652023315 -0.5988215804100037 -0.3523111939430237
-0.11730362474918365 -0.5751811265945435 -0.3225015699863434
-0.1352899819612503 -0.5518364310264587 -0.29297900199890137
-0.15318359434604645 -0.5285980701446533 -0.26359376311302185
-0.17099659144878387 -0.5054140090942383 -0.23435398936271667
-0.1887197047472 -0.4822571277618408 -0.20529741048812866
-0.20634116232395172 -0.45910364389419556 -0.1764659434556961
-0.22384656965732574 -0.4359326660633087 -0.14790572226047516
-0.24121926724910736 -0.4127265512943268 -0.11966713517904282
-0.2584397792816162 -0.38947081565856934 -0.09180469065904617
-0.2754864990711212 -0.3661540448665619 -0.0643768385052681
-0.29233768582344055 -0.3427678048610687 -0.03743969649076462
-0.3089935779571533 -0.3193030059337616 -0.01099176425486803
-0.3254668712615967 -0.29575014114379883 0.0150017524138093
-0.34176987409591675 -0.2721010148525238 0.040575139224529266
-0.35791435837745667 -0.24834835529327393 0.06576206535100937
-0.3739115595817566 -0.22448650002479553 0.09059537202119827
-0.3897719979286194 -0.2005104273557663 0.11510729044675827
-0.40550562739372253 -0.17641699314117432 0.1393290013074875
-0.42112210392951965 -0.15220358967781067 0.16328972578048706
-0.4366599917411804 -0.12782786786556244 0.18691322207450867
-0.45221036672592163 -0.10317421704530716 0.20994089543819427
-0.4678724408149719 -0.07811537384986877 0.2321016937494278
-0.483747661113739 -0.05252022668719292 0.2531304359436035
-0.49994033575057983 -0.026253458112478256 0.27276793122291565
-0.5165573954582214 0.0008249392849393189 0.29076048731803894
-0.5337086319923401 0.028859391808509827 0.3068588376045227
-0.5515066981315613 0.057999979704618454 0.3208172023296356
-0.5700682401657104 0.0884004533290863 0.3324408531188965
-0.5895144939422607 0.1202080249786377 0.3418363630771637
-0.609966516494751 0.15356479585170746 0.3492218852043152
-0.631544828414917 0.18861126899719238 0.3548128306865692
-0.654369056224823 0.22548680007457733 0.3588225543498993
-0.6785571575164795 0.2643282413482666 0.3614625036716461
-0.704226553440094 0.3052709996700287 0.3629430830478668
-0.7314926981925964 0.34844762086868286 0.3634740114212036
-0.7604718804359436 0.39399608969688416 0.3632574677467346
-0.7913721799850464 0.4423467218875885 0.3622617721557617
-0.8245885968208313 0.49440139532089233 0.3601687252521515
-0.8606742024421692 0.5513228178024292 0.3566250503063202
-0.9003741145133972 0.6145859956741333 0.35123881697654724
-0.9446880221366882 0.686089813709259 0.34354984760284424
-0.9949668049812317 0.7683338522911072 0.33298495411872864
-1.0530656576156616 0.8646947145462036 0.31879177689552307
-1.121599793434143 0.9798849821090698 0.29993346333503723
0.35686731338500977 -1.3197152614593506 -1.0945305824279785
0.2727862000465393 -1.1868340969085693 -0.9811220169067383
0.21319535374641418 -1.0947353839874268 -0.8992957472801208
0.16715101897716522 -1.0254305601119995 -0.8347071409225464
0.1291629523038864 -0.9698820114135742 -0.7801462411880493
0.0961921364068985 -0.9230534434318542 -0.7316206097602844
0.06646455824375153 -0.8819440603256226 -0.6868144869804382
0.038950275629758835 -0.844715416431427 -0.6444211602210999
0.013121230527758598 -0.8102748990058899 -0.6038424968719482
-0.011176765896379948 -0.7780660390853882 -0.5650304555892944
-0.03402185067534447 -0.7478206753730774 -0.527981162071228
-0.05558701604604721 -0.719294548034668 -0.4924847483634949
-0.07604790478944778 -0.692244827747345 -0.4583249092102051
-0.0955791100859642 -0.6664296984672546 -0.42528674006462097
-0.11435429006814957 -0.6416089534759521 -0.39315667748451233
-0.13254643976688385 -0.6175429224967957 -0.3617219030857086
-0.15032809972763062 -0.5939928889274597 -0.3307703733444214
-0.16787144541740417 -0.5707202553749084 -0.3000904321670532
-0.1853049397468567 -0.5475396513938904 -0.26953136920928955
-0.2026423215866089 -0.5244050621986389 -0.23910273611545563
-0.21987728774547577 -0.5012946724891663 -0.20884224772453308
-0.2370019406080246 -0.4781889319419861 -0.17879058420658112
-0.25400689244270325 -0.4550700783729553 -0.1489911526441574
-0.270881325006485 -0.43192243576049805 -0.11949008703231812
-0.287612646818161 -0.40873202681541443 -0.09033628553152084
-0.30418699979782104 -0.38548731803894043 -0.06158116087317467
-0.3205907642841339 -0.36217838525772095 -0.03327345848083496
-0.33682525157928467 -0.33879655599594116 -0.005412401631474495
-0.3529004752635956 -0.31533339619636536 0.0220313910394907
-0.36882638931274414 -0.29178139567375183 0.04908706620335579
-0.3846125900745392 -0.26813337206840515 0.07578355818986893
-0.4002683758735657 -0.24438288807868958 0.10214929282665253
-0.4158029556274414 -0.22052401304244995 0.12821251153945923
-0.4312247931957245 -0.19655157625675201 0.15400074422359467
-0.4465428590774536 -0.1724606454372406 0.17953990399837494
-0.4617972671985626 -0.14820121228694916 0.2047499567270279
-0.47708407044410706 -0.12364277988672256 0.2293657511472702
-0.4925067722797394 -0.09864401072263718 0.2531072497367859
-0.5081701874732971 -0.073061503469944 0.275698184967041
-0.5241805911064148 -0.04674936830997467 0.29686596989631653
-0.5406458377838135 -0.019558848813176155 0.31634148955345154
-0.5576755404472351 0.008661243133246899 0.33385854959487915
-0.5753810405731201 0.03806568309664726 0.3491532802581787
-0.593875527381897 0.06880930811166763 0.3620154857635498
-0.6132730841636658 0.10103144496679306 0.37255772948265076
-0.6336870193481445 0.13486433029174805 0.3810133635997772
-0.6552308201789856 0.17044028639793396 0.3876144587993622
-0.6780185103416443 0.20789222419261932 0.3925917446613312
-0.7021636962890625 0.2473524957895279 0.39617449045181274
-0.7277804613113403 0.2889542877674103 0.3985913395881653
-0.7549828886985779 0.33283039927482605 0.40007030963897705
-0.7838863730430603 0.3791201114654541 0.40083181858062744
-0.8146626353263855 0.42820310592651367 0.40085625648498535
-0.8476438522338867 0.4808959662914276 0.39983129501342773
-0.8833516836166382 0.5383325815200806 0.3974100351333618
-0.9225428700447083 0.6020368337631226 0.3932034373283386
-0.9662872552871704 0.6740667819976807 0.3867439031600952
-1.0160962343215942 0.7572515606880188 0.3774288594722748
-1.0741370916366577 0.8555851578712463 0.3644331991672516
-1.1436103582382202 0.9749149680137634 0.3465617895126343
0.3115065097808838 -1.348376989364624 -1.1352941989898682
0.22986958920955658 -1.2102208137512207 -1.0136351585388184
0.1719614863395691 -1.115324854850769 -0.9266767501831055
0.1270734816789627 -1.0445036888122559 -0.8585980534553528
0.08987704664468765 -0.9881864190101624 -0.8015022277832031
0.05744561925530434 -0.9410595297813416 -0.7510314583778381
0.028089461848139763 -0.8999570608139038 -0.7046540379524231
0.0008478653617203236 -0.8629253506660461 -0.6609236001968384
-0.024744801223278046 -0.8287793397903442 -0.6191447973251343
-0.04878503456711769 -0.7968794107437134 -0.5791992545127869
-0.07132992893457413 -0.7669158577919006 -0.5410476326942444
-0.09255988895893097 -0.7386390566825867 -0.5044659972190857
-0.11265701055526733 -0.7118039727210999 -0.46922752261161804
-0.13180071115493774 -0.686168909072876 -0.4351092576980591
-0.15016809105873108 -0.6614951491355896 -0.401891827583313
-0.167934387922287 -0.637546718120575 -0.3693588972091675
-0.18527323007583618 -0.6140894889831543 -0.3372966945171356
-0.20235690474510193 -0.5908913016319275 -0.3054938316345215
-0.21931394934654236 -0.5677732825279236 -0.27380073070526123
-0.23616082966327667 -0.544694721698761 -0.24222613871097565
-0.2528950572013855 -0.5216377973556519 -0.21080560982227325
-0.2695131301879883 -0.4985860288143158 -0.1795765459537506
-0.2860108017921448 -0.4755239486694336 -0.14857803285121918
-0.3023829460144043 -0.45243749022483826 -0.11785076558589935
-0.31862345337867737 -0.4293137788772583 -0.0874372273683548
-0.3347254991531372 -0.4061407446861267 -0.05738133564591408
-0.3506823182106018 -0.3829079568386078 -0.02772434614598751
-0.3664960265159607 -0.3596062958240509 0.0015331086469814181
-0.38217365741729736 -0.3362271785736084 0.030413949862122536
-0.3977222740650177 -0.31276243925094604 0.058941058814525604
-0.4131489098072052 -0.28920409083366394 0.08713741600513458
-0.4284604489803314 -0.26554420590400696 0.11502573639154434
-0.4436638057231903 -0.24177515506744385 0.14262889325618744
-0.4587656855583191 -0.217889666557312 0.1699693202972412
-0.4737730324268341 -0.1938801109790802 0.19706809520721436
-0.48872673511505127 -0.16969022154808044 0.22384010255336761
-0.5037270188331604 -0.1451774537563324 0.25001320242881775
-0.51888108253479 -0.12018901109695435 0.2752987742424011
-0.5342972874641418 -0.09457125514745712 0.2994101345539093
-0.5500839948654175 -0.06816908717155457 0.322062611579895
-0.5663509368896484 -0.040825869888067245 0.34297388792037964
-0.5832083821296692 -0.012383774854242802 0.3618626892566681
-0.6007680892944336 0.01731710135936737 0.37844976782798767
-0.6191408634185791 0.04843355342745781 0.39251118898391724
-0.6384313702583313 0.08109642565250397 0.4041641354560852
-0.6587421298027039 0.11542747914791107 0.4136545658111572
-0.6801769733428955 0.1515507847070694 0.42122817039489746
-0.7028416395187378 0.18959346413612366 0.42712968587875366
-0.7268432974815369 0.2296852022409439 0.43160343170166016
-0.7522917985916138 0.2719595730304718 0.43489283323287964
-0.7792991399765015 0.3165537118911743 0.43724116683006287
-0.8079801201820374 0.36361321806907654 0.43888410925865173
-0.8384829759597778 0.413470596075058 0.43982499837875366
-0.8711007833480835 0.46685591340065 0.4397857189178467
-0.9063448309898376 0.5248697400093079 0.4384569227695465
-0.9450004696846008 0.589076817035675 0.43548768758773804
-0.9882226586341858 0.6616830825805664 0.43044549226760864
-1.0376996994018555 0.7458372712135315 0.4227536618709564
-1.0959393978118896 0.846159040927887 0.4115890860557556
-1.1668001413345337 0.9697083234786987 0.39570242166519165
0.26405608654022217 -1.3758635520935059 -1.1730446815490723
0.18557892739772797 -1.2337695360183716 -1.0441126823425293
0.12948428094387054 -1.1365272998809814 -0.9522656798362732
0.08567088097333908 -1.0643419027328491 -0.8806925415992737
0.049110040068626404 -1.007315993309021 -0.8209856152534485
0.01704704575240612 -0.9599385857582092 -0.7684930562973022
-0.012095145881175995 -0.9189085364341736 -0.7204975485801697
-0.039193861186504364 -0.8821645975112915 -0.6754233837127686
-0.06464697420597076 -0.8484205007553101 -0.6324731707572937
-0.08849519491195679 -0.8169344067573547 -0.5914411544799805
-0.1107814833521843 -0.787342369556427 -0.5522370934486389
-0.1317003220319748 -0.7593869566917419 -0.514617383480072
-0.15144556760787964 -0.7328209280967712 -0.478341281414032
-0.17020569741725922 -0.7074038982391357 -0.44317618012428284
-0.18816456198692322 -0.6829012632369995 -0.4088971018791199
-0.20550213754177094 -0.6590837240219116 -0.3752855360507965
-0.22239507734775543 -0.6357260942459106 -0.342128723859787
-0.23901715874671936 -0.612607479095459 -0.30921944975852966
-0.2554979920387268 -0.5895595550537109 -0.27641230821609497
-0.27185726165771484 -0.566545844078064 -0.24371381103992462
-0.28809645771980286 -0.543551504611969 -0.21115562319755554
-0.3042164742946625 -0.5205621719360352 -0.17877040803432465
-0.32021787762641907 -0.4975644648075104 -0.14659179747104645
-0.33610081672668457 -0.4745454490184784 -0.11465437710285187
-0.3518647849559784 -0.45149290561676025 -0.08299368619918823
-0.36750897765159607 -0.4283951222896576 -0.05164611339569092
-0.38303256034851074 -0.4052412807941437 -0.02064567804336548
-0.3984374701976776 -0.38202106952667236 0.01000501774251461
-0.41372770071029663 -0.3587245047092438 0.040321607142686844
-0.42890721559524536 -0.33534160256385803 0.07031983882188797
-0.4439799189567566 -0.31186237931251526 0.10001574456691742
-0.4589499533176422 -0.2882767617702484 0.1294253170490265
-0.47382140159606934 -0.2645745873451233 0.15856486558914185
-0.48859837651252747 -0.24074594676494598 0.18745045363903046
-0.5032852292060852 -0.21678021550178528 0.21609707176685333
-0.5179227590560913 -0.1926155537366867 0.24441330134868622
-0.5326147079467773 -0.16809996962547302 0.2721197307109833
-0.5474718809127808 -0.1430715024471283 0.298919141292572
-0.5626053214073181 -0.11736785620450974 0.32451528310775757
-0.5781262516975403 -0.09082621335983276 0.3486126661300659
-0.5941466689109802 -0.06328281760215759 0.3709171712398529
-0.6107785105705261 -0.03457360714673996 0.3911350667476654
-0.6281344294548035 -0.004533304832875729 0.40897348523139954
-0.6463243365287781 0.026997162029147148 0.4241972863674164
-0.665440559387207 0.06013834848999977 0.4369261562824249
-0.685570478439331 0.09499946981668472 0.4474155902862549
-0.7068049907684326 0.1316954344511032 0.4559217393398285
-0.7292389273643494 0.17034804821014404 0.46270063519477844
-0.7529711723327637 0.2110859453678131 0.46800798177719116
-0.7781058549880981 0.2540466785430908 0.47209906578063965
-0.8047528266906738 0.2993767261505127 0.47522875666618347
-0.8330279588699341 0.34723570942878723 0.4776454269886017
-0.8630732297897339 0.3979191482067108 0.47938838601112366
-0.8951758146286011 0.45207831263542175 0.4802463948726654
-0.9298630356788635 0.5107802152633667 0.4799830913543701
-0.9679694175720215 0.5756209492683411 0.478326678276062
-1.0107502937316895 0.6489332318305969 0.47493240237236023
-1.060083031654358 0.734153151512146 0.46932271122932434
-1.1188350915908813 0.8364850878715515 0.46078747510910034
-1.1915700435638428 0.9641802310943604 0.448199599981308
0.2142278254032135 -1.4014211893081665 -1.207719087600708
0.13962271809577942 -1.2571316957473755 -1.0726953744888306
0.08548790961503983 -1.1581977605819702 -0.9762421250343323
0.042680926620960236 -1.0849151611328125 -0.9011556506156921
0.0066083874553442 -1.0273114442825317 -0.838732898235321
-0.025251712650060654 -0.9797788262367249 -0.7841156721115112
-0.05433330684900284 -0.9389210343360901 -0.7344373464584351
-0.08141479641199112 -0.902580201625824 -0.6880028247833252
-0.10682036727666855 -0.8693645596504211 -0.6439074873924255
-0.13053707778453827 -0.8384146690368652 -0.6018375754356384
-0.15260185301303864 -0.8092998266220093 -0.5616341233253479
-0.17323115468025208 -0.7817524671554565 -0.523025393486023
-0.19263659417629242 -0.7555223107337952 -0.4857519567012787
-0.21102023124694824 -0.7303714156150818 -0.44956931471824646
-0.2285759449005127 -0.7060716152191162 -0.4142462909221649
-0.24549086391925812 -0.6824036836624146 -0.37956351041793823
-0.2619463801383972 -0.6591562032699585 -0.34531256556510925
-0.2781186103820801 -0.6361246109008789 -0.3112948536872864
-0.29413869976997375 -0.6131557822227478 -0.2773732841014862
-0.31002938747406006 -0.5902169942855835 -0.24355150759220123
-0.32579585909843445 -0.5672954320907593 -0.2098560631275177
-0.3414429724216461 -0.5443786978721619 -0.1763140857219696
-0.35697540640830994 -0.5214545130729675 -0.14295323193073273
-0.37239763140678406 -0.4985109865665436 -0.10980159044265747
-0.38771378993988037 -0.47553664445877075 -0.07688786089420319
-0.40292787551879883 -0.45252031087875366 -0.044241126626729965
-0.4180435240268707 -0.42945101857185364 -0.011888689361512661
-0.43306228518486023 -0.4063167870044708 0.020164338871836662
-0.44798457622528076 -0.38310471177101135 0.05192582309246063
-0.46281111240386963 -0.35980188846588135 0.08340378105640411
-0.47754260897636414 -0.336395263671875 0.11460664123296738
-0.4921797215938568 -0.3128717243671417 0.14554287493228912
-0.5067234635353088 -0.2892177104949951 0.17622143030166626
-0.5211747288703918 -0.26541998982429504 0.20665106177330017
-0.5355350971221924 -0.24146439135074615 0.2368396371603012
-0.5498442053794861 -0.2172839343547821 0.2666885256767273
-0.5642087459564209 -0.1927192211151123 0.29591047763824463
-0.5787427425384521 -0.1676008701324463 0.3242000639438629
-0.5935600399971008 -0.14175964891910553 0.3512519598007202
-0.6087743639945984 -0.11502593010663986 0.37676090002059937
-0.6245000958442688 -0.08722972869873047 0.4004225730895996
-0.6408514380455017 -0.05820112302899361 0.4219323396682739
-0.6579430103302002 -0.02776947058737278 0.440986305475235
-0.6758837103843689 0.0042265113443136215 0.45733922719955444
-0.6947503089904785 0.037893760949373245 0.47111189365386963
-0.7146106362342834 0.07332540303468704 0.48256608843803406
-0.7355392575263977 0.11062516272068024 0.49196577072143555
-0.7576169371604919 0.14990928769111633 0.49957531690597534
-0.7809325456619263 0.19130706787109375 0.5056591033935547
-0.8055838346481323 0.23496390879154205 0.5104813575744629
-0.8316782712936401 0.2810422480106354 0.5143054127693176
-0.8593353629112244 0.3297254145145416 0.5173900723457336
-0.8887131810188293 0.38129013776779175 0.5198246836662292
-0.9201313257217407 0.4363274872303009 0.5214978456497192
-0.954164445400238 0.4958766996860504 0.5222828984260559
-0.9917188882827759 0.561556339263916 0.5220307111740112
-1.034164309501648 0.6357976198196411 0.5205416083335876
-1.0835752487182617 0.7222675681114197 0.5175221562385559
-1.1431795358657837 0.8266600370407104 0.5125123858451843
-1.2182492017745972 0.9582629203796387 0.5047460198402405
0.16160695254802704 -1.4244014024734497 -1.2394284009933472
0.09155941754579544 -1.2800222635269165 -1.0996220111846924
0.03954904526472092 -1.1802527904510498 -0.998848557472229
-0.002297565108165145 -1.1062543392181396 -0.9201903343200684
-0.03800852224230766 -1.0482720136642456 -0.8549006581306458
-0.06981099396944046 -1.0007221698760986 -0.7980174422264099
-0.098963662981987 -0.9601627588272095 -0.7465652823448181
-0.12613005936145782 -0.924356997013092 -0.6987412571907043
-0.15155592560768127 -0.8918075561523438 -0.6535239219665527
-0.17517971992492676 -0.8615257143974304 -0.6104677319526672
-0.19704249501228333 -0.833003580570221 -0.5693212151527405
-0.2173915058374405 -0.8059598803520203 -0.5297752022743225
-0.23646225035190582 -0.7801408767700195 -0.4915446639060974
-0.2544746696949005 -0.7553110718727112 -0.4543696939945221
-0.2716355621814728 -0.7312512397766113 -0.41801220178604126
-0.2881409525871277 -0.7077559232711792 -0.382253497838974
-0.30417758226394653 -0.684631884098053 -0.34689274430274963
-0.3199240565299988 -0.6616964340209961 -0.31174567341804504
-0.33551251888275146 -0.6388161778450012 -0.2766883969306946
-0.3509681224822998 -0.6159627437591553 -0.24172203242778778
-0.36629894375801086 -0.593124508857727 -0.20686757564544678
-0.38151296973228455 -0.5702902674674988 -0.17214635014533997
-0.39661797881126404 -0.5474490523338318 -0.1375800222158432
-0.411621630191803 -0.5245897769927979 -0.10319042205810547
-0.42653149366378784 -0.5017017722129822 -0.06899984925985336
-0.44135499000549316 -0.4787745177745819 -0.035030730068683624
-0.45609885454177856 -0.45579734444618225 -0.001304464298300445
-0.47076356410980225 -0.4327557682991028 0.032170962542295456
-0.48534607887268066 -0.40963268280029297 0.06539546698331833
-0.4998434782028198 -0.38641130924224854 0.09836912155151367
-0.5142530798912048 -0.3630743622779846 0.13109242916107178
-0.5285720229148865 -0.33960458636283875 0.1635659635066986
-0.5427977442741394 -0.3159842789173126 0.1957908272743225
-0.5569279789924622 -0.29219597578048706 0.22776800394058228
-0.5709603428840637 -0.2682211995124817 0.2594975233078003
-0.5849335193634033 -0.24398817121982574 0.2908729612827301
-0.5989564061164856 -0.21933139860630035 0.3215991258621216
-0.6131453514099121 -0.19407549500465393 0.3513621389865875
-0.6276165843009949 -0.1680452972650528 0.37984806299209595
-0.6424865126609802 -0.1410655528306961 0.40674304962158203
-0.657871663570404 -0.11296051740646362 0.4317334294319153
-0.6738883852958679 -0.08355479687452316 0.45450544357299805
-0.6906534433364868 -0.0526723638176918 0.47474542260169983
-0.7082747220993042 -0.02015030011534691 0.4921998083591461
-0.7268097996711731 0.014099745079874992 0.5069883465766907
-0.7463030815124512 0.05014943704009056 0.5193771123886108
-0.7668084502220154 0.08808794617652893 0.5296352505683899
-0.7883907556533813 0.12802478671073914 0.5380336046218872
-0.8111268281936646 0.17009133100509644 0.5448431968688965
-0.835107684135437 0.2144450694322586 0.5503349304199219
-0.8604395985603333 0.26127204298973083 0.5547791123390198
-0.8872479796409607 0.31079140305519104 0.5584431290626526
-0.9157317280769348 0.36328843235969543 0.5614789724349976
-0.9462857842445374 0.4193260669708252 0.5639058947563171
-0.9795665740966797 0.4799305498600006 0.5657414197921753
-1.0165749788284302 0.5467361807823181 0.567000150680542
-1.0588082075119019 0.6222378611564636 0.5676841139793396
-1.1085354089736938 0.7102561593055725 0.5677701830863953
-1.169317603111267 0.8168135285377502 0.567191481590271
-1.2470574378967285 0.9519128799438477 0.5658017992973328
0.10563945025205612 -1.4442598819732666 -1.2684329748153687
0.040776364505290985 -1.3022180795669556 -1.1252193450927734
-0.008929045870900154 -1.2026740312576294 -1.0203858613967896
-0.04983191192150116 -1.1284592151641846 -0.9380331039428711
-0.08527440577745438 -1.0703649520874023 -0.8696593642234802
-0.11712619662284851 -1.0229727029800415 -0.8103169798851013
-0.14643782377243042 -0.9828568696975708 -0.7569680213928223
-0.17374344170093536 -0.9477253556251526 -0.7077105045318604
-0.19920966029167175 -0.9159805178642273 -0.6613925695419312
-0.22273680567741394 -0.8864983320236206 -0.6174051761627197
-0.2443840205669403 -0.8586857914924622 -0.5753776431083679
-0.2644379436969757 -0.8322442173957825 -0.5349493622779846
-0.2831639349460602 -0.8069145083427429 -0.49580249190330505
-0.3008030354976654 -0.7824646234512329 -0.4576570987701416
-0.31757673621177673 -0.7586855888366699 -0.4202668368816376
-0.33369025588035583 -0.7353886365890503 -0.38341522216796875
-0.34933507442474365 -0.7124027609825134 -0.3469128906726837
-0.3646908402442932 -0.6895734071731567 -0.3105962872505188
-0.3798886835575104 -0.6667912006378174 -0.2743610143661499
-0.3949551582336426 -0.6440322399139404 -0.23820678889751434
-0.40990012884140015 -0.6212864518165588 -0.20214930176734924
-0.42473334074020386 -0.5985434651374817 -0.16620460152626038
-0.43946459889411926 -0.5757933855056763 -0.13038888573646545
-0.4541034400463104 -0.5530261397361755 -0.09471849352121353
-0.46865949034690857 -0.5302322506904602 -0.05921021103858948
-0.4831419289112091 -0.5074018239974976 -0.02388083189725876
-0.4975595772266388 -0.48452484607696533 0.0112531166523695
-0.5119107961654663 -0.4615834653377533 0.04618050530552864
-0.5261894464492798 -0.4385557770729065 0.08089356869459152
-0.5403887629508972 -0.41541945934295654 0.11538456380367279
-0.5545024871826172 -0.3921522796154022 0.14964619278907776
-0.5685244202613831 -0.36873170733451843 0.1836712807416916
-0.5824480652809143 -0.34513500332832336 0.21745307743549347
-0.5962675213813782 -0.3213394582271576 0.25098466873168945
-0.6099771857261658 -0.2973216772079468 0.28425833582878113
-0.6236135363578796 -0.27300456166267395 0.3171595335006714
-0.6372869610786438 -0.2482176423072815 0.3493848741054535
-0.6511155962944031 -0.22278039157390594 0.38061216473579407
-0.6652173399925232 -0.196512371301651 0.41051915287971497
-0.6797105073928833 -0.16923315823078156 0.4387836754322052
-0.694713294506073 -0.1407618373632431 0.46508392691612244
-0.7103438973426819 -0.11091762781143188 0.489097535610199
-0.7267209887504578 -0.07951916009187698 0.5105026960372925
-0.743950605392456 -0.046402741223573685 0.5290378928184509
-0.7620677351951599 -0.011505551636219025 0.54482102394104
-0.7810893058776855 0.025215089321136475 0.55812007188797
-0.8010460734367371 0.0638287290930748 0.5692089796066284
-0.8219850659370422 0.10443582385778427 0.5783642530441284
-0.8439698219299316 0.1471705138683319 0.585862934589386
-0.8670843839645386 0.19220665097236633 0.591981828212738
-0.8914355635643005 0.23976248502731323 0.5969979166984558
-0.9171578884124756 0.29010698199272156 0.6011866331100464
-0.944516122341156 0.3435724973678589 0.6047732830047607
-0.9740260243415833 0.400743305683136 0.6079317927360535
-1.006460189819336 0.46265971660614014 0.6108511686325073
-1.0429377555847168 0.5309706330299377 0.6137446761131287
-1.0850902795791626 0.6081961393356323 0.616863489151001
-1.135362148284912 0.6982048153877258 0.620525598526001
-1.1975725889205933 0.807115375995636 0.6251718997955322
-1.2780506610870361 0.9451236724853516 0.6314777135848999
0.045603420585393906 -1.4605560302734375 -1.2951196432113647
-0.01355802733451128 -1.3235626220703125 -1.1498993635177612
-0.06077241152524948 -1.225522756576538 -1.0412200689315796
-0.10071080923080444 -1.151720404624939 -0.9549633860588074
-0.1359250843524933 -1.0938491821289062 -0.8832007646560669
-0.16786743700504303 -1.046820878982544 -0.8211394548416138
-0.1973496526479721 -1.0073010921478271 -0.7657305002212524
-0.22476696968078613 -0.9729757905006409 -0.7149780988693237
-0.2502140998840332 -0.942159116268158 -0.667578935623169
-0.2735733985900879 -0.9135939478874207 -0.6227198243141174
-0.29494011402130127 -0.8865983486175537 -0.5798776745796204
-0.31464818120002747 -0.8608517646789551 -0.5386258363723755
-0.3329963684082031 -0.8360874056816101 -0.49860334396362305
-0.3502483069896698 -0.8120760321617126 -0.4595055878162384
-0.36663952469825745 -0.788620114326477 -0.4210764467716217
-0.3823826014995575 -0.7655494213104248 -0.38310274481773376
-0.39767101407051086 -0.7427189946174622 -0.3454112410545349
-0.412681519985199 -0.7200066447257996 -0.3078661859035492
-0.4275406002998352 -0.6973311901092529 -0.2703901529312134
-0.44227442145347595 -0.6746748089790344 -0.23298345506191254
-0.4568934440612793 -0.6520281434059143 -0.19565768539905548
-0.47140780091285706 -0.6293824315071106 -0.15842463076114655
-0.48582786321640015 -0.6067289113998413 -0.12129630893468857
-0.500163733959198 -0.5840590000152588 -0.08428489416837692
-0.5144253969192505 -0.5613641738891602 -0.04740295931696892
-0.5286228656768799 -0.5386361479759216 -0.010663081891834736
-0.5427649617195129 -0.5158654451370239 0.025921769440174103
-0.5568482875823975 -0.49303069710731506 0.06233733892440796
-0.5708632469177246 -0.47010374069213867 0.09856890887022018
-0.5847997665405273 -0.44705623388290405 0.13460172712802887
-0.5986480712890625 -0.4238596558570862 0.17042136192321777
-0.6123983860015869 -0.4004855453968048 0.20601347088813782
-0.6260411739349365 -0.37690505385398865 0.24136410653591156
-0.6395666003227234 -0.35308948159217834 0.27645906805992126
-0.6529657244682312 -0.3290095925331116 0.3112833499908447
-0.6662728190422058 -0.3045826554298401 0.3457145690917969
-0.6795986294746399 -0.27963340282440186 0.37944093346595764
-0.6930615305900574 -0.25397631525993347 0.4121318757534027
-0.7067803740501404 -0.22742599248886108 0.44345688819885254
-0.7208735942840576 -0.19979682564735413 0.4730856418609619
-0.7354602217674255 -0.17090259492397308 0.5006881356239319
-0.7506592273712158 -0.14055724442005157 0.525934100151062
-0.7665901184082031 -0.10857385396957397 0.5484939813613892
-0.7833558320999146 -0.07478901743888855 0.5680984854698181
-0.8009661436080933 -0.03917459398508072 0.5848627686500549
-0.8194080591201782 -0.001726881368085742 0.5990573763847351
-0.8386877179145813 0.037596940994262695 0.6109614372253418
-0.8588329553604126 0.07888434827327728 0.620858371257782
-0.8798946142196655 0.122271828353405 0.6290326714515686
-0.901950478553772 0.16795329749584198 0.6357691287994385
-0.9251091480255127 0.21618765592575073 0.6413527131080627
-0.9495184421539307 0.26731011271476746 0.6460694670677185
-0.9755329489707947 0.3217507600784302 0.6502242684364319
-1.0038316249847412 0.3801873028278351 0.6541578769683838
-1.0353374481201172 0.44371894001960754 0.6582470536231995
-1.0713073015213013 0.5140182375907898 0.66292405128479
-1.113504409790039 0.5935865044593811 0.6687162518501282
-1.1644998788833618 0.6862058639526367 0.6763157844543457
-1.2282229661941528 0.7977715134620667 0.6867081522941589
-1.3110439777374268 0.9379361867904663 0.7014228701591492
-0.01972290128469467 -1.4732682704925537 -1.3200474977493286
-0.07294982671737671 -1.3441845178604126 -1.1741814613342285
-0.11748050153255463 -1.2491693496704102 -1.0618841648101807
-0.15631012618541718 -1.176567792892456 -0.9714902639389038
-0.19115984439849854 -1.119323492050171 -0.8959856629371643
-0.22303520143032074 -1.072861909866333 -0.8308876752853394
-0.25250014662742615 -1.034037470817566 -0.7731937766075134
-0.27982088923454285 -1.000566840171814 -0.7208207845687866
-0.30504563450813293 -0.970708966255188 -0.6722897887229919
-0.32807454466819763 -0.9430986642837524 -0.6265471577644348
-0.3490556478500366 -0.9169726967811584 -0.5828894376754761
-0.36836540699005127 -0.8919841051101685 -0.5408123731613159
-0.38632917404174805 -0.8678554892539978 -0.4999063313007355
-0.4032251834869385 -0.8443570137023926 -0.4598381519317627
-0.4192945063114166 -0.8212988972663879 -0.4203398525714874
-0.43474820256233215 -0.7985268831253052 -0.3812015950679779
-0.4497724771499634 -0.7759186625480652 -0.3422674536705017
-0.4645315706729889 -0.7533817887306213 -0.3034324049949646
-0.4791398048400879 -0.7308624982833862 -0.26464974880218506
-0.49362093210220337 -0.7083475589752197 -0.22592291235923767
-0.5079849362373352 -0.6858296990394592 -0.18726152181625366
-0.5222415328025818 -0.6633017063140869 -0.14867544174194336
-0.536400318145752 -0.6407564282417297 -0.11017480492591858
-0.5504711270332336 -0.6181867122650146 -0.07176996767520905
-0.5644631385803223 -0.5955860614776611 -0.03347162902355194
-0.5783858299255371 -0.5729475021362305 0.004709381610155106
-0.5922476649284363 -0.5502626895904541 0.042761653661727905
-0.606045663356781 -0.5275066494941711 0.08067025244235992
-0.6197710633277893 -0.5046447515487671 0.11841796338558197
-0.6334145069122314 -0.4816429018974304 0.15598666667938232
-0.6469663381576538 -0.4584672152996063 0.19335776567459106
-0.6604170799255371 -0.43508440256118774 0.23051196336746216
-0.6737565994262695 -0.4114611744880676 0.26742950081825256
-0.6869747042655945 -0.387565016746521 0.30408963561058044
-0.7000612616539001 -0.3633631467819214 0.3404698967933655
-0.7130485773086548 -0.3387693166732788 0.3764391541481018
-0.7260428071022034 -0.31360286474227905 0.4116753339767456
-0.7391584515571594 -0.28767281770706177 0.4458380937576294
-0.7525100708007812 -0.26078781485557556 0.47858747839927673
-0.7662124037742615 -0.23275591433048248 0.5095843076705933
-0.7803807854652405 -0.20338432490825653 0.5384902954101562
-0.7951306700706482 -0.17247995734214783 0.5649673342704773
-0.810577929019928 -0.13984839618206024 0.5886780619621277
-0.8268198370933533 -0.10532596707344055 0.6093469858169556
-0.8438416123390198 -0.06892715394496918 0.6270889043807983
-0.8616033792495728 -0.030697066336870193 0.6421805024147034
-0.8800897598266602 0.009372950531542301 0.6549109816551208
-0.8993126153945923 0.051352228969335556 0.6655762195587158
-0.9193131327629089 0.09537708014249802 0.6744741201400757
-0.9401667714118958 0.1416616290807724 0.6819040179252625
-0.9619861841201782 0.19050951302051544 0.6881657838821411
-0.984936535358429 0.24233251810073853 0.6935641169548035
-1.0094739198684692 0.2977106273174286 0.6984841823577881
-1.0364595651626587 0.35749879479408264 0.7034249901771545
-1.0669811964035034 0.4229161739349365 0.7089447379112244
-1.102434754371643 0.49568238854408264 0.7156893610954285
-1.1446865797042847 0.578244149684906 0.7244506478309631
-1.1963424682617188 0.6741567850112915 0.7362629175186157
-1.2612149715423584 0.7887493371963501 0.7525699138641357
-1.3451905250549316 0.930365264415741 0.7755335569381714
-0.09202902764081955 -1.4828215837478638 -1.3439018726348877
-0.1395212709903717 -1.3644827604293823 -1.198615312576294
-0.18117552995681763 -1.274274230003357 -1.0830354690551758
-0.21855276823043823 -1.2038761377334595 -0.9883666634559631
-0.25261732935905457 -1.147756814956665 -0.9088005423545837
-0.283963680267334 -1.1020489931106567 -0.8403210043907166
-0.31294119358062744 -1.0639209747314453 -0.7800368666648865
-0.3397268056869507 -1.0312076807022095 -0.725791335105896
-0.3643679618835449 -1.002180814743042 -0.6759206056594849
-0.3868294656276703 -0.9754277467727661 -0.6291126608848572
-0.407317191362381 -0.9501302242279053 -0.5844767093658447
-0.4262228012084961 -0.9259122610092163 -0.5414331555366516
-0.44387301802635193 -0.9024790525436401 -0.4995247423648834
-0.4605388641357422 -0.879592776298523 -0.4583895206451416
-0.4764474034309387 -0.857062816619873 -0.417746365070343
-0.49179017543792725 -0.8347393870353699 -0.3773850202560425
-0.5067288279533386 -0.8125095367431641 -0.33716094493865967
-0.5213993191719055 -0.790295422077179 -0.2969921827316284
-0.5358917713165283 -0.7680571675300598 -0.2568562626838684
-0.5502263903617859 -0.745785653591156 -0.21676155924797058
-0.5644120573997498 -0.7234751582145691 -0.17671896517276764
-0.5784578919410706 -0.7011202573776245 -0.13673995435237885
-0.5923725962638855 -0.6787155270576477 -0.09683620929718018
-0.6061646938323975 -0.656255841255188 -0.057019855827093124
-0.6198427081108093 -0.633736252784729 -0.017303474247455597
-0.6334146857261658 -0.611151933670044 0.02230006828904152
-0.6468885540962219 -0.5884957909584045 0.061778075993061066
-0.6602697968482971 -0.5657386779785156 0.10112249851226807
-0.6735619306564331 -0.5428407192230225 0.1403253674507141
-0.6867666840553284 -0.519763708114624 0.17937442660331726
-0.6998847723007202 -0.4964718222618103 0.2182537466287613
-0.7129155397415161 -0.47293150424957275 0.25694310665130615
-0.7258569002151489 -0.44911113381385803 0.29541879892349243
-0.7387053966522217 -0.4249819815158844 0.33365270495414734
-0.751457154750824 -0.40051692724227905 0.3716118037700653
-0.7641416788101196 -0.3756325840950012 0.4091508388519287
-0.7768507599830627 -0.35014328360557556 0.4459318220615387
-0.7896831631660461 -0.3238508701324463 0.4816000759601593
-0.8027386665344238 -0.2965559959411621 0.5158030986785889
-0.8161180019378662 -0.2680577337741852 0.5481908917427063
-0.8299225568771362 -0.23815308511257172 0.5784164071083069
-0.8442546129226685 -0.2066376954317093 0.606134295463562
-0.8592177033424377 -0.1733046919107437 0.6310014724731445
-0.8748960494995117 -0.13798536360263824 0.6527397036552429
-0.8912577033042908 -0.10073965787887573 0.6714703440666199
-0.9082471132278442 -0.061666831374168396 0.6874856948852539
-0.9258384704589844 -0.02079750970005989 0.7010945081710815
-0.9440374970436096 0.021914610639214516 0.7126153111457825
-0.9628840684890747 0.06660063564777374 0.7223711013793945
-0.9824577569961548 0.11348988860845566 0.7306879162788391
-1.0028817653656006 0.16292564570903778 0.7378956079483032
-1.0243420600891113 0.21539315581321716 0.7443347573280334
-1.0473878383636475 0.27165719866752625 0.7504667043685913
-1.0730392932891846 0.3328244984149933 0.7569194436073303
-1.1025222539901733 0.4002968668937683 0.7643990516662598
-1.137333869934082 0.47587665915489197 0.7737254500389099
-1.1793731451034546 0.5619401931762695 0.785895049571991
-1.2311418056488037 0.6617079377174377 0.8021764755249023
-1.2960642576217651 0.779674768447876 0.8242628574371338
-1.3790267705917358 0.9223402738571167 0.8545260429382324
-0.1730320155620575 -1.489667296409607 -1.3673758506774902
-0.2153891623020172 -1.3848202228546143 -1.223698377609253
-0.25401926040649414 -1.3014806509017944 -1.1053047180175781
-0.28945523500442505 -1.234562635421753 -1.006371021270752
-0.32208752632141113 -1.1802247762680054 -0.9224979281425476
-0.35220375657081604 -1.1354924440383911 -0.8502790927886963
-0.3800143599510193 -1.0980041027069092 -0.7870113849639893
-0.4056701362133026 -1.0658366680145264 -0.7304960489273071
-0.4292730987071991 -1.037380337715149 -0.6788958311080933
-0.45089706778526306 -1.0112693309783936 -0.6306487321853638
-0.4707944691181183 -0.986672043800354 -0.5846919417381287
-0.48932525515556335 -0.9631800651550293 -0.5403859615325928
-0.5067800283432007 -0.9404756426811218 -0.4972352385520935
-0.5233913660049438 -0.9183028340339661 -0.45485275983810425
-0.5393462181091309 -0.8964565992355347 -0.41294169425964355
-0.5547943711280823 -0.8747751116752625 -0.37128403782844543
-0.5698539018630981 -0.8531346917152405 -0.3297331631183624
-0.5846151113510132 -0.8314478397369385 -0.28821033239364624
-0.5991331338882446 -0.8096679449081421 -0.2466994822025299
-0.6134232878684998 -0.7877867817878723 -0.20521418750286102
-0.6274948120117188 -0.7658007144927979 -0.16377046704292297
-0.641356348991394 -0.7437067031860352 -0.12238512188196182
-0.6550158858299255 -0.7215011119842529 -0.08107538521289825
-0.6684809923171997 -0.6991807818412781 -0.03985920548439026
-0.6817584037780762 -0.6767426133155823 0.0012445008615031838
-0.6948548555374146 -0.6541835069656372 0.04221627116203308
-0.7077779173851013 -0.6314973831176758 0.08303894847631454
-0.7205520868301392 -0.6086497902870178 0.12372425943613052
-0.733208954334259 -0.5855940580368042 0.1642923206090927
-0.7457764148712158 -0.5622897744178772 0.20475134253501892
-0.7582787275314331 -0.5387026071548462 0.24509792029857635
-0.7707369327545166 -0.514805018901825 0.28531670570373535
-0.783168613910675 -0.4905759394168854 0.32538071274757385
-0.7955875992774963 -0.46600183844566345 0.3652506470680237
-0.8080045580863953 -0.44107574224472046 0.40487438440322876
-0.8204460740089417 -0.4157284200191498 0.44408079981803894
-0.8329734206199646 -0.3897704780101776 0.48250606656074524
-0.8456529378890991 -0.36299556493759155 0.5197730660438538
-0.8585531115531921 -0.3351939916610718 0.5555113554000854
-0.8717444539070129 -0.3061520457267761 0.5893570780754089
-0.8852999806404114 -0.27565184235572815 0.6209539771080017
-0.8992940783500671 -0.24347133934497833 0.6499515771865845
-0.9138038754463196 -0.2093835324048996 0.6760055422782898
-0.9288909435272217 -0.1732061803340912 0.698840856552124
-0.9445180892944336 -0.1350414752960205 0.7185972929000854
-0.960633397102356 -0.09504293650388718 0.7355946898460388
-0.9772170186042786 -0.05328214913606644 0.7501744627952576
-0.9942834377288818 -0.009739463217556477 0.7626909613609314
-1.0118845701217651 0.03570495545864105 0.7735070586204529
-1.0301144123077393 0.08328663557767868 0.7829927802085876
-1.049115777015686 0.13337594270706177 0.7915284633636475
-1.0691009759902954 0.1865158975124359 0.7995144128799438
-1.0906859636306763 0.2436702847480774 0.8074856400489807
-1.114986777305603 0.3062521517276764 0.8161538243293762
-1.1432985067367554 0.3758997917175293 0.8263183832168579
-1.1771358251571655 0.4545351564884186 0.8388994336128235
-1.2183136940002441 0.5444618463516235 0.8549885153770447
-1.2690553665161133 0.6484942436218262 0.8759132027626038
-1.3321313858032227 0.770126223564148 0.9033233523368835
-1.411057472229004 0.9137693643569946 0.9393097758293152
-0.2644486129283905 -1.4942563772201538 -1.3911614418029785
-0.3025689721107483 -1.4055050611495972 -1.2498670816421509
-0.33811742067337036 -1.3313777446746826 -1.1292831897735596
-0.3710728585720062 -1.2695598602294922 -1.0263065099716187
-0.4015137553215027 -1.2179100513458252 -0.9380086660385132
-0.429582417011261 -1.174497127532959 -0.8617029786109924
-0.4554588496685028 -1.137603998184204 -0.7949622869491577
-0.4793429970741272 -1.105711579322815 -0.7356064915657043
-0.5014427304267883 -1.077471137046814 -0.6816694736480713
-0.521971583366394 -1.0516891479492188 -0.6313821077346802
-0.5412000417709351 -1.027578353881836 -0.5835533142089844
-0.5593981146812439 -1.004699945449829 -0.5375146269798279
-0.5767751336097717 -0.982706606388092 -0.49274933338165283
-0.5934916138648987 -0.96131432056427 -0.44885149598121643
-0.6096681952476501 -0.9402894377708435 -0.40550512075424194
-0.6253931522369385 -0.9194391965866089 -0.3624708652496338
-0.6407260298728943 -0.8986063003540039 -0.31957685947418213
-0.6557012796401978 -0.8776640295982361 -0.27671369910240173
-0.6703342199325562 -0.8565353751182556 -0.23384064435958862
-0.684637188911438 -0.835210382938385 -0.19097457826137543
-0.6986215114593506 -0.8136893510818481 -0.14814002811908722
-0.7122964859008789 -0.7919713854789734 -0.1053624302148819
-0.7256700396537781 -0.7700558304786682 -0.06266836076974869
-0.7387486696243286 -0.7479414939880371 -0.020085735246539116
-0.7515371441841125 -0.7256271243095398 0.0223559457808733
-0.7640389800071716 -0.7031107544898987 0.06462566554546356
-0.7762613892555237 -0.6803861856460571 0.10669870674610138
-0.7882580757141113 -0.6574081182479858 0.14862442016601562
-0.8001049160957336 -0.6341176629066467 0.1904766708612442
-0.8118711709976196 -0.610469400882721 0.23230376839637756
-0.8236192464828491 -0.5864313840866089 0.2741280794143677
-0.8354056477546692 -0.56198650598526 0.31594541668891907
-0.8472795486450195 -0.5371330380439758 0.35772454738616943
-0.8592835664749146 -0.5118861794471741 0.399406373500824
-0.8714523911476135 -0.4862774610519409 0.4409027099609375
-0.8838077783584595 -0.4602682590484619 0.48199623823165894
-0.8963589668273926 -0.43366941809654236 0.5222808718681335
-0.9091178178787231 -0.4062677025794983 0.5613450407981873
-0.9220999479293823 -0.37784162163734436 0.598791778087616
-0.9353251457214355 -0.3481614291667938 0.6342397928237915
-0.9488173127174377 -0.3169887065887451 0.6673232316970825
-0.9626049399375916 -0.2840765714645386 0.6976910829544067
-0.9767204523086548 -0.24916750192642212 0.7250051498413086
-0.9911909699440002 -0.21205371618270874 0.7490056753158569
-1.005989909172058 -0.17286944389343262 0.769864559173584
-1.0210932493209839 -0.13181617856025696 0.787943959236145
-1.0365092754364014 -0.08900360763072968 0.8036314845085144
-1.0522806644439697 -0.04443999379873276 0.8173322081565857
-1.0684871673583984 0.0019774932879954576 0.8294647336006165
-1.0852515697479248 0.05047930032014847 0.8404618501663208
-1.1027464866638184 0.10144472867250443 0.8507760763168335
-1.1212173700332642 0.1554480344057083 0.8608947992324829
-1.1413050889968872 0.2136428952217102 0.8714221119880676
-1.1641216278076172 0.2777732312679291 0.8830993175506592
-1.1909188032150269 0.3497430980205536 0.896744430065155
-1.2230998277664185 0.4316169321537018 0.9132745265960693
-1.262242078781128 0.5256277918815613 0.9337261915206909
-1.3101085424423218 0.6341565847396851 0.9592695832252502
-1.3686307668685913 0.7596606612205505 0.991206169128418
-1.4398558139801025 0.9045442342758179 1.03094482421875
-0.36799588799476624 -1.4970399141311646 -1.4159519672393799
-0.40286991000175476 -1.4267851114273071 -1.2774853706359863
-0.4353921115398407 -1.364467740058899 -1.155503749847412
-0.4654192328453064 -1.3097875118255615 -1.04900062084198
-0.4929946959018707 -1.2621153593063354 -0.9563719034194946
-0.5182943940162659 -1.2206311225891113 -0.8756871819496155
-0.541581392288208 -1.184424877166748 -0.804886519908905
-0.563171923160553 -1.1525676250457764 -0.7419077157974243
-0.5834122896194458 -1.124148964881897 -0.6847509741783142
-0.6026602387428284 -1.098305583000183 -0.6315330266952515
-0.6211622953414917 -1.0743745565414429 -0.5810186862945557
-0.6390416026115417 -1.051900029182434 -0.532564103603363
-0.6563851833343506 -1.0305057764053345 -0.4856589734554291
-0.6732529997825623 -1.0098729133605957 -0.4398858845233917
-0.6896827816963196 -0.9897271394729614 -0.39490070939064026
-0.7056924700737 -0.9698275327682495 -0.35041922330856323
-0.7212828397750854 -0.9499606490135193 -0.3062065839767456
-0.7364389896392822 -0.9299343824386597 -0.26207080483436584
-0.7511461973190308 -0.9096179008483887 -0.21789894998073578
-0.765418529510498 -0.8889994621276855 -0.17370624840259552
-0.7792719602584839 -0.8680852651596069 -0.12952826917171478
-0.7927185893058777 -0.8468797206878662 -0.08540192991495132
-0.8057665824890137 -0.8253860473632812 -0.04136600345373154
-0.818420946598053 -0.803605854511261 0.002538434462621808
-0.8306829929351807 -0.7815393209457397 0.046267319470644
-0.8425511121749878 -0.7591857314109802 0.08977338671684265
-0.85402911901474 -0.7365362644195557 0.13302139937877655
-0.8652070164680481 -0.7135229706764221 0.17612114548683167
-0.8762167096138 -0.6900601983070374 0.21923276782035828
-0.8871799111366272 -0.6660857200622559 0.2624698877334595
-0.8982090353965759 -0.6415624618530273 0.30589792132377625
-0.9094066023826599 -0.6164815425872803 0.3495313823223114
-0.9208641648292542 -0.5908647179603577 0.39333176612854004
-0.9326621890068054 -0.5647678375244141 0.43720436096191406
-0.9448659420013428 -0.5382810831069946 0.48099541664123535
-0.9574853181838989 -0.5114177465438843 0.5244058966636658
-0.9704523682594299 -0.48399946093559265 0.5669624209403992
-0.9836962223052979 -0.45581161975860596 0.6082003712654114
-0.9971522092819214 -0.42662325501441956 0.6476832628250122
-1.0107624530792236 -0.39618751406669617 0.6850065588951111
-1.024477243423462 -0.36424094438552856 0.719796895980835
-1.0382556915283203 -0.33050352334976196 0.7517101168632507
-1.052065134048462 -0.29467567801475525 0.7804288864135742
-1.065883994102478 -0.2565080523490906 0.8057267665863037
-1.0797154903411865 -0.2161477655172348 0.8278257846832275
-1.0935925245285034 -0.17382870614528656 0.847144365310669
-1.107577919960022 -0.12968961894512177 0.8641298413276672
-1.1217643022537231 -0.08376384526491165 0.8792514801025391
-1.1362783908843994 -0.03596987947821617 0.8929968476295471
-1.1512852907180786 0.013905155472457409 0.9058762192726135
-1.1669986248016357 0.0662265494465828 0.9184325933456421
-1.1837000846862793 0.12156295031309128 0.9312582015991211
-1.2019975185394287 0.181221142411232 0.9450128674507141
-1.2228655815124512 0.24725626409053802 0.960404098033905
-1.247365117073059 0.32182425260543823 0.9781808257102966
-1.276626706123352 0.40712082386016846 0.9991360306739807
-1.3118282556533813 0.5053056478500366 1.024092435836792
-1.354141354560852 0.6183556318283081 1.0538661479949951
-1.4046316146850586 0.7478277683258057 1.0891990661621094
-1.4641127586364746 0.8945391178131104 1.1306580305099487
-0.485392689704895 -1.4984694719314575 -1.442440390586853
-0.5177432894706726 -1.4488372802734375 -1.306822657585144
-0.5473774671554565 -1.401110291481018 -1.1844022274017334
-0.5743146538734436 -1.3560904264450073 -1.0752824544906616
-0.5987536907196045 -1.3142567873001099 -0.978754997253418
-0.6210201382637024 -1.275811791419983 -0.8935432434082031
-0.64151930809021 -1.2407424449920654 -0.8180208206176758
-0.6607007384300232 -1.208878517150879 -0.7503814101219177
-0.6790345907211304 -1.1799455881118774 -0.688755989074707
-0.6969819664955139 -1.1536006927490234 -0.6313206553459167
-0.7147184014320374 -1.129423975944519 -0.576948344707489
-0.7321885228157043 -1.1069865226745605 -0.5251134037971497
-0.7493396401405334 -1.0859036445617676 -0.47535479068756104
-0.7661279439926147 -1.065827488899231 -0.42724984884262085
-0.7825156450271606 -1.046438455581665 -0.38040488958358765
-0.7984699010848999 -1.027437686920166 -0.33444729447364807
-0.8139614462852478 -1.0085409879684448 -0.28901803493499756
-0.8289629817008972 -0.9894718527793884 -0.24376440048217773
-0.8434628248214722 -0.9700303673744202 -0.19843325018882751
-0.8574837446212769 -0.9502056837081909 -0.15303035080432892
-0.8710477352142334 -0.9300149083137512 -0.10760430246591568
-0.8841698169708252 -0.9094710350036621 -0.06220526620745659
-0.8968583345413208 -0.8885837197303772 -0.016885941848158836
-0.9091156721115112 -0.8673596382141113 0.028297293931245804
-0.9209380745887756 -0.8458026647567749 0.07328309863805771
-0.9323155283927917 -0.82391357421875 0.11800406128168106
-0.9432455897331238 -0.8016801476478577 0.16241244971752167
-0.9538547992706299 -0.7789919376373291 0.20670664310455322
-0.9643334150314331 -0.7557077407836914 0.2511737644672394
-0.9748597741127014 -0.7317215204238892 0.2960265874862671
-0.9855989813804626 -0.706967830657959 0.3413977026939392
-0.9967039227485657 -0.6814278364181519 0.3873324990272522
-1.0083117485046387 -0.6551370620727539 0.4337802231311798
-1.02053964138031 -0.6281928420066833 0.48058420419692993
-1.0334787368774414 -0.6007598638534546 0.527474045753479
-1.047108769416809 -0.5729279518127441 0.5740072727203369
-1.0612503290176392 -0.5445504784584045 0.619601309299469
-1.0757131576538086 -0.515426516532898 0.6637060046195984
-1.0903156995773315 -0.48532599210739136 0.7058256268501282
-1.1048884391784668 -0.4539894759654999 0.74552321434021
-1.1192783117294312 -0.4211280941963196 0.7824215888977051
-1.133347749710083 -0.38642218708992004 0.8161990642547607
-1.1469767093658447 -0.349518358707428 0.846585214138031
-1.1600810289382935 -0.3101050853729248 0.873418927192688
-1.1727149486541748 -0.2683086693286896 0.8969922661781311
-1.185001015663147 -0.22436575591564178 0.9177921414375305
-1.1970829963684082 -0.17842400074005127 0.9363346695899963
-1.2091271877288818 -0.13053253293037415 0.9531588554382324
-1.2213245630264282 -0.08063294738531113 0.9688263535499573
-1.2338958978652954 -0.028544684872031212 0.9839275479316711
-1.247099757194519 0.026053253561258316 0.9990931749343872
-1.2612484693527222 0.0836724266409874 1.0150121450424194
-1.2768423557281494 0.14569559693336487 1.032364010810852
-1.2945683002471924 0.21440275013446808 1.0517531633377075
-1.3151381015777588 0.2921188175678253 1.0737743377685547
-1.3392609357833862 0.38110557198524475 1.0989985466003418
-1.3676085472106934 0.48343703150749207 1.1279362440109253
-1.4007515907287598 0.6007957458496094 1.1609784364700317
-1.4390721321105957 0.7341874837875366 1.1983195543289185
-1.4826587438583374 0.8836081624031067 1.2398663759231567
-0.618357241153717 -1.4989961385726929 -1.471319317817688
-0.6480882167816162 -1.4717497825622559 -1.338024616241455
-0.6749374866485596 -1.4414472579956055 -1.2162609100341797
-0.6991477012634277 -1.4091415405273438 -1.105931282043457
-0.7210594415664673 -1.3758323192596436 -1.0064579248428345
-0.741080641746521 -1.3424237966537476 -0.9168835878372192
-0.7596586346626282 -1.309699535369873 -0.8359799981117249
-0.7772553563117981 -1.278312087059021 -0.7623477578163147
-0.7943304777145386 -1.2487847805023193 -0.6945012211799622
-0.8113069534301758 -1.221504807472229 -0.6309781670570374
-0.8282440304756165 -1.1964815855026245 -0.571043074131012
-0.8449519276618958 -1.1734317541122437 -0.514460027217865
-0.8612936735153198 -1.1520342826843262 -0.4608883857727051
-0.8771845698356628 -1.131951093673706 -0.40989795327186584
-0.8925828337669373 -1.1128370761871338 -0.3609943091869354
-0.9074820876121521 -1.0943434238433838 -0.31363385915756226
-0.921903669834137 -1.0761154890060425 -0.26723065972328186
-0.9358925223350525 -1.0577901601791382 -0.22115498781204224
-0.9495030641555786 -1.039095401763916 -0.17491987347602844
-0.9627677202224731 -1.0200250148773193 -0.12851211428642273
-0.9757073521614075 -1.0006107091903687 -0.08199639618396759
-0.9883346557617188 -0.980879008769989 -0.03543787822127342
-1.0006548166275024 -0.9608508348464966 0.011095991358160973
-1.0126663446426392 -0.9405439496040344 0.05753315985202789
-1.024359941482544 -0.9199721217155457 0.1037944108247757
-1.0357195138931274 -0.8991462588310242 0.14979104697704315
-1.0467385053634644 -0.8780567646026611 0.19546382129192352
-1.0575767755508423 -0.8565267324447632 0.24113619327545166
-1.0684773921966553 -0.834314227104187 0.28727656602859497
-1.079668641090393 -0.8112220168113708 0.3342461585998535
-1.0913622379302979 -0.7871053814888 0.3822858929634094
-1.1037516593933105 -0.7618865966796875 0.4314967095851898
-1.1170034408569336 -0.73557049036026 0.48181402683258057
-1.1312452554702759 -0.7082643508911133 0.5329779982566833
-1.1465504169464111 -0.6801955103874207 0.5845088958740234
-1.1628122329711914 -0.6515476703643799 0.635704755783081
-1.1796842813491821 -0.6222405433654785 0.6857945919036865
-1.1968001127243042 -0.5921199917793274 0.7340821623802185
-1.2138073444366455 -0.5609831809997559 0.7799713611602783
-1.2303789854049683 -0.5285777449607849 0.8229773044586182
-1.2462204694747925 -0.4945998191833496 0.8627270460128784
-1.2610710859298706 -0.4586925208568573 0.8989529609680176
-1.2747057676315308 -0.42044034600257874 0.9314821362495422
-1.286970615386963 -0.37944546341896057 0.9602779746055603
-1.2979919910430908 -0.3357529640197754 0.9857257008552551
-1.3080071210861206 -0.2895429730415344 1.008380651473999
-1.3172637224197388 -0.2409314513206482 1.0288203954696655
-1.326019287109375 -0.18996204435825348 1.047641396522522
-1.33454167842865 -0.1365995854139328 1.0654590129852295
-1.3431118726730347 -0.08071904629468918 1.0829124450683594
-1.3520288467407227 -0.022094788029789925 1.1006746292114258
-1.3616160154342651 0.039641715586185455 1.1194623708724976
-1.3721944093704224 0.10579519718885422 1.1399060487747192
-1.3840515613555908 0.17867085337638855 1.1624685525894165
-1.3974602222442627 0.2605785131454468 1.1875704526901245
-1.4126684665679932 0.35371679067611694 1.2155778408050537
-1.4298820495605469 0.4600701928138733 1.2467732429504395
-1.4492413997650146 0.5812578797340393 1.2813169956207275
-1.470792531967163 0.7183359265327454 1.3192023038864136
-1.4944590330123901 0.8715825080871582 1.3602118492126465
-0.7686101794242859 -1.4990712404251099 -1.5032826662063599
-0.7940428853034973 -1.4955087900161743 -1.3710864782333374
-0.8179395198822021 -1.4853211641311646 -1.2511401176452637
-0.840556800365448 -1.469306230545044 -1.1415960788726807
-0.862084686756134 -1.4483551979064941 -1.040899395942688
-0.8826541900634766 -1.4234776496887207 -0.9477340579032898
-0.9023428559303284 -1.39580500125885 -0.8609885573387146
-0.9211822152137756 -1.366571307182312 -0.7797300815582275
-0.9391661882400513 -1.3370710611343384 -0.7031876444816589
-0.956254780292511 -1.3085715770721436 -0.6307840943336487
-0.9723284244537354 -1.2818067073822021 -0.5627231597900391
-0.9873020052909851 -1.2569365501403809 -0.4994003176689148
-1.001207709312439 -1.233909249305725 -0.4407186508178711
-1.014163851737976 -1.2125290632247925 -0.38621026277542114
-1.0263466835021973 -1.1925041675567627 -0.3351583778858185
-1.0379703044891357 -1.1734808683395386 -0.2866850197315216
-1.0492751598358154 -1.1550629138946533 -0.23980191349983215
-1.060524582862854 -1.1368190050125122 -0.19342947006225586
-1.0719265937805176 -1.118414044380188 -0.14672191441059113
-1.0834952592849731 -1.099840760231018 -0.09964193403720856
-1.095216155052185 -1.0811426639556885 -0.05227932706475258
-1.107077717781067 -1.0623608827590942 -0.0047184317372739315
-1.11907160282135 -1.0435349941253662 0.04295773431658745
-1.1311914920806885 -1.0247060060501099 0.09066330641508102
-1.143432855606079 -1.005918264389038 0.13830529153347015
-1.155793309211731 -0.9872214198112488 0.1857791244983673
-1.1682915687561035 -0.9686423540115356 0.23302465677261353
-1.1811339855194092 -0.9499250054359436 0.2805439233779907
-1.1946200132369995 -0.9306778907775879 0.32906827330589294
-1.2090297937393188 -0.9105491638183594 0.3791940212249756
-1.2246190309524536 -0.8892331719398499 0.4313548803329468
-1.241601586341858 -0.8664897084236145 0.48577409982681274
-1.2601250410079956 -0.8421741724014282 0.5423955917358398
-1.280232548713684 -0.8162802457809448 0.6007989645004272
-1.3018205165863037 -0.7889865636825562 0.6601192951202393
-1.3245102167129517 -0.7605249285697937 0.7191516160964966
-1.3476547002792358 -0.7309210896492004 0.7767583727836609
-1.3705880641937256 -0.7001242637634277 0.8319551944732666
-1.3926831483840942 -0.6680183410644531 0.8839489817619324
-1.413378357887268 -0.6344130039215088 0.9321656227111816
-1.4321937561035156 -0.59903484582901 0.9762539267539978
-1.4487336874008179 -0.5615206956863403 1.0160696506500244
-1.4626809358596802 -0.5214070677757263 1.0516505241394043
-1.4738386869430542 -0.4781883656978607 1.0832105875015259
-1.482406497001648 -0.43170684576034546 1.111245036125183
-1.488726019859314 -0.38195696473121643 1.1363348960876465
-1.493139624595642 -0.32893335819244385 1.1590615510940552
-1.4959890842437744 -0.27262982726097107 1.1800068616867065
-1.4976171255111694 -0.21304073929786682 1.1997524499893188
-1.4983651638031006 -0.1501592993736267 1.2188798189163208
-1.4985758066177368 -0.08397912234067917 1.2379710674285889
-1.4985865354537964 -0.014467610977590084 1.2576065063476562
-1.4985861778259277 0.05926412716507912 1.278320550918579
-1.4985864162445068 0.13913476467132568 1.3005925416946411
-1.4985864162445068 0.22712591290473938 1.3248990774154663
-1.4985864162445068 0.3252188265323639 1.3517158031463623
-1.4985864162445068 0.4353952705860138 1.3815194368362427
-1.4985864162445068 0.5596390962600708 1.4147868156433105
-1.4985862970352173 0.6999334692955017 1.4519942998886108
-1.4985864162445068 0.8582648038864136 1.4936197996139526
