ply
format ascii 1.0
element vertex 10000
property float x
property float y
property float z
end_header
1.2059510946273804 0.8768140077590942 0.4267510175704956
1.0967967510223389 0.7896856665611267 0.38982918858528137
1.0196287631988525 0.728386640548706 0.3638787865638733
0.9592541456222534 0.6806907653808594 0.3437022566795349
0.9083069562911987 0.6406703591346741 0.3267762362957001
0.8628194332122803 0.6051267981529236 0.31173497438430786
0.8205745816230774 0.5722619891166687 0.2978052794933319
0.7804443836212158 0.5411404967308044 0.2845776677131653
0.7421232461929321 0.5114701986312866 0.27191394567489624
0.7055404782295227 0.4831709861755371 0.2597736418247223
0.6703002452850342 0.4559502601623535 0.24803869426250458
0.6360279321670532 0.42953652143478394 0.236601322889328
0.6024038195610046 0.4037017822265625 0.22537334263324738
0.5691637992858887 0.3782620429992676 0.21428652107715607
0.5361035466194153 0.35307958722114563 0.20329388976097107
0.5030844211578369 0.3280673325061798 0.19237151741981506
0.47004324197769165 0.30319395661354065 0.18152077496051788
0.43699508905410767 0.27848294377326965 0.17076663672924042
0.4039795696735382 0.25397223234176636 0.16014012694358826
0.37104031443595886 0.22969964146614075 0.14967183768749237
0.33822381496429443 0.2057015746831894 0.13939088582992554
0.3055775463581085 0.18201172351837158 0.1293238401412964
0.2731489837169647 0.1586599498987198 0.11949396878480911
0.24098366498947144 0.13567152619361877 0.10992047190666199
0.20921635627746582 0.11312370747327805 0.10064751654863358
0.17816326022148132 0.09120036661624908 0.09177523106336594
0.14806362986564636 0.07002842426300049 0.08337941020727158
0.11904618889093399 0.04965881630778313 0.07550223916769028
0.09114409238100052 0.03007778897881508 0.06815800070762634
0.0643099695444107 0.011217517778277397 0.06133883446455002
0.03842933848500252 -0.00703473063185811 0.0550200417637825
0.013350146822631359 -0.024823777377605438 0.049162447452545166
-0.01077996101230383 -0.04221935197710991 0.043677493929862976
-0.03353665769100189 -0.05921487882733345 0.03843946009874344
-0.054506462067365646 -0.07581424713134766 0.03332365304231644
-0.07328185439109802 -0.092033751308918 0.028204822912812233
-0.089443638920784 -0.10790134966373444 0.02295364812016487
-0.10254012793302536 -0.12345606833696365 0.01743246428668499
-0.11206276714801788 -0.1387486457824707 0.01148965023458004
-0.11756660044193268 -0.15387490391731262 0.004967954475432634
-0.11926305294036865 -0.169081911444664 -0.0022252339404076338
-0.11753561347723007 -0.18461160361766815 -0.010141740553081036
-0.1127551943063736 -0.20063994824886322 -0.018802782520651817
-0.10533006489276886 -0.21726711094379425 -0.02818584442138672
-0.09574998170137405 -0.23450224101543427 -0.03820998966693878
-0.08462067693471909 -0.252246230840683 -0.04872198775410652
-0.07267828285694122 -0.27027809619903564 -0.05948754400014877
-0.060546983033418655 -0.28827452659606934 -0.07024622708559036
-0.04848189279437065 -0.3059390187263489 -0.08082025498151779
-0.036638665944337845 -0.32307785749435425 -0.09109925478696823
-0.02510218136012554 -0.3396034836769104 -0.10103613138198853
-0.013889679685235023 -0.35552719235420227 -0.11064261198043823
-0.0029568569734692574 -0.3709472417831421 -0.11998258531093597
0.00779611524194479 -0.3860391676425934 -0.12916666269302368
0.018512964248657227 -0.40103715658187866 -0.13834074139595032
0.029288550838828087 -0.41609102487564087 -0.1475924700498581
0.04016178101301193 -0.4312627911567688 -0.15695223212242126
0.051155850291252136 -0.44659221172332764 -0.16643710434436798
0.06227843090891838 -0.4620973467826843 -0.17605113983154297
0.07352108508348465 -0.4777739346027374 -0.18578466773033142
0.08485778421163559 -0.49359363317489624 -0.19561277329921722
0.09624294191598892 -0.5095013380050659 -0.20549376308918
0.10766492784023285 -0.5254915952682495 -0.21541728079319
0.11925856024026871 -0.5417701601982117 -0.2255069464445114
0.13114918768405914 -0.5585311055183411 -0.23587965965270996
0.14340904355049133 -0.5758942365646362 -0.24660629034042358
0.15604828298091888 -0.593890905380249 -0.2577032148838043
0.16900703310966492 -0.6124513745307922 -0.26912471652030945
0.18215209245681763 -0.6313976645469666 -0.2807593047618866
0.19526880979537964 -0.6504429578781128 -0.2924220860004425
0.2077566236257553 -0.6690854430198669 -0.3035993278026581
0.21876434981822968 -0.6868001222610474 -0.3135688006877899
0.2276403307914734 -0.7032957673072815 -0.3217824697494507
0.23390762507915497 -0.7184844017028809 -0.32784587144851685
0.2371915876865387 -0.7324309349060059 -0.33145764470100403
0.23713643848896027 -0.7453079223632812 -0.3323397934436798
0.23331543803215027 -0.7573676705360413 -0.3301642835140228
0.22519560158252716 -0.7689062356948853 -0.3244973123073578
0.21244798600673676 -0.7800790071487427 -0.3148985207080841
0.19474050402641296 -0.7908930778503418 -0.3008347451686859
0.17163366079330444 -0.8012482523918152 -0.2816457152366638
0.14265377819538116 -0.8109301924705505 -0.2565937042236328
0.10739298909902573 -0.8195993304252625 -0.2249431610107422
0.06564844399690628 -0.8267852067947388 -0.18608760833740234
0.017601026222109795 -0.8318971395492554 -0.13973034918308258
-0.03640070930123329 -0.8344807624816895 -0.08585707098245621
-0.09641963988542557 -0.8345457911491394 -0.024392742663621902
-0.1624400019645691 -0.8322427868843079 0.0445651113986969
-0.23427972197532654 -0.8278094530105591 0.12069932371377945
-0.31159645318984985 -0.8215601444244385 0.20348498225212097
-0.3939070701599121 -0.8138702511787415 0.29221805930137634
-0.48061656951904297 -0.805155336856842 0.3860568702220917
-0.5710832476615906 -0.7958290576934814 0.4841119349002838
-0.6652259230613708 -0.7860079407691956 0.5862284302711487
-0.7642614245414734 -0.7755007147789001 0.6937519907951355
-0.8707861304283142 -0.7639691829681396 0.8095266222953796
-0.9890128970146179 -0.7508968114852905 0.9381551742553711
-1.1253725290298462 -0.7355113625526428 1.0866585969924927
-1.2898203134536743 -0.7166233062744141 1.2659059762954712
-1.4985862970352173 -0.6922910809516907 1.4936195611953735
1.1438064575195312 0.8968648314476013 0.3047678768634796
1.0436248779296875 0.8127626180648804 0.28192004561424255
0.9706901907920837 0.7521452903747559 0.26481953263282776
0.9126933217048645 0.704488217830658 0.2508036494255066
0.8633759617805481 0.6644386053085327 0.23852019011974335
0.819258451461792 0.6290093064308167 0.22722485661506653
0.778349757194519 0.5964692831039429 0.2165081799030304
0.7396029233932495 0.5658683180809021 0.20618467032909393
0.7026829719543457 0.5368313193321228 0.19624873995780945
0.6674677729606628 0.5091992020606995 0.1867244988679886
0.6335790157318115 0.4826754033565521 0.1775324046611786
0.6006647944450378 0.4569893181324005 0.16859866678714752
0.5684264898300171 0.4319118857383728 0.15986505150794983
0.536618173122406 0.40725529193878174 0.15128901600837708
0.5050486922264099 0.38287392258644104 0.14284387230873108
0.4735862612724304 0.35866737365722656 0.1345195472240448
0.4421701729297638 0.3345886170864105 0.1263243705034256
0.4108455181121826 0.3106677234172821 0.11829029023647308
0.37968429923057556 0.28695276379585266 0.11045300960540771
0.34874412417411804 0.2634795606136322 0.10284240543842316
0.3180669844150543 0.2402706742286682 0.09548179060220718
0.2876777648925781 0.21733489632606506 0.0883876159787178
0.2575846016407013 0.1946677714586258 0.08156938850879669
0.22777968645095825 0.17225238680839539 0.07503000646829605
0.19832554459571838 0.1501181274652481 0.06877826154232025
0.16946367919445038 0.1284129023551941 0.0628434419631958
0.14139896631240845 0.10725612193346024 0.05724431946873665
0.11426706612110138 0.0867171436548233 0.05198580026626587
0.08814260363578796 0.06682104617357254 0.04706154018640518
0.06304699927568436 0.04755405709147453 0.04245612397789955
0.03895631805062294 0.028868725523352623 0.03814704343676567
0.01582128182053566 0.010691599920392036 0.03410472348332405
-0.00619836151599884 -0.007016529329121113 0.03026266023516655
-0.026746010407805443 -0.024255448952317238 0.02652457170188427
-0.04546607285737991 -0.041030969470739365 0.022793972864747047
-0.062001414597034454 -0.05735591799020767 0.01897341199219227
-0.07598177343606949 -0.07324956357479095 0.014962221495807171
-0.08701010793447495 -0.08873696625232697 0.010653904639184475
-0.09464675188064575 -0.103848896920681 0.00593279954046011
-0.0985213965177536 -0.11865103244781494 0.0006853775703348219
-0.09885475039482117 -0.13334311544895172 -0.005132182501256466
-0.09603634476661682 -0.1481262594461441 -0.011528224684298038
-0.09045608341693878 -0.16315187513828278 -0.018490882590413094
-0.08253825455904007 -0.1785176694393158 -0.025980602949857712
-0.0727696418762207 -0.19426071643829346 -0.033922649919986725
-0.06171932816505432 -0.21034952998161316 -0.0422007218003273
-0.050043631345033646 -0.2266765981912613 -0.05065353587269783
-0.03826752305030823 -0.24304741621017456 -0.05911388620734215
-0.026574429124593735 -0.2592468857765198 -0.06747488677501678
-0.015068097040057182 -0.27512452006340027 -0.07566983252763748
-0.0038013930898159742 -0.29060113430023193 -0.08366869390010834
0.007221399340778589 -0.30566513538360596 -0.09147606045007706
0.018040889874100685 -0.3203667998313904 -0.09912820905447006
0.028739245608448982 -0.334812730550766 -0.10669055581092834
0.03943123668432236 -0.34915411472320557 -0.11425096541643143
0.050184983760118484 -0.3634897768497467 -0.12185871601104736
0.06102169677615166 -0.3778611123561859 -0.12952661514282227
0.07195252925157547 -0.39229539036750793 -0.13726036250591278
0.08297858387231827 -0.4068056643009186 -0.14505846798419952
0.09409074485301971 -0.4213916063308716 -0.15291215479373932
0.10526870936155319 -0.4360377788543701 -0.16080452501773834
0.11648004502058029 -0.45071345567703247 -0.16871003806591034
0.12772351503372192 -0.4654349684715271 -0.1766308844089508
0.139117032289505 -0.4803954064846039 -0.18467304110527039
0.15076717734336853 -0.495778888463974 -0.1929396688938141
0.16273406147956848 -0.5117099285125732 -0.20150208473205566
0.17502418160438538 -0.5282424688339233 -0.21039392054080963
0.18758422136306763 -0.5453483462333679 -0.21960465610027313
0.20029781758785248 -0.5629093647003174 -0.229075089097023
0.2129770815372467 -0.5807100534439087 -0.23868773877620697
0.22508694231510162 -0.5982940196990967 -0.2480446994304657
0.23585234582424164 -0.6151175498962402 -0.2565491199493408
0.24465619027614594 -0.6308255791664124 -0.2637225389480591
0.2510249614715576 -0.6452367901802063 -0.26919835805892944
0.25457194447517395 -0.6583052277565002 -0.2726818919181824
0.2549281418323517 -0.67007976770401 -0.27390050888061523
0.2516639232635498 -0.6806731820106506 -0.27254700660705566
0.24425911903381348 -0.6902293562889099 -0.2682386338710785
0.23238225281238556 -0.6988152861595154 -0.26060372591018677
0.21570073068141937 -0.7063770294189453 -0.24920211732387543
0.19378501176834106 -0.7127545475959778 -0.2334926724433899
0.16617541015148163 -0.7176846265792847 -0.2128738909959793
0.13247328996658325 -0.7208054065704346 -0.18674828112125397
0.09246763586997986 -0.7216705083847046 -0.1546230912208557
0.04629598185420036 -0.7197833061218262 -0.11625165492296219
-0.005805914290249348 -0.714759886264801 -0.07157086580991745
-0.064060740172863 -0.7065049409866333 -0.020411847159266472
-0.12856613099575043 -0.6950578093528748 0.03720928356051445
-0.1991751790046692 -0.6805775761604309 0.1010211855173111
-0.275483638048172 -0.6633439064025879 0.170491561293602
-0.3568413555622101 -0.6437469124794006 0.2448457032442093
-0.44238585233688354 -0.6222653985023499 0.32310816645622253
-0.5311007499694824 -0.5994472503662109 0.40418511629104614
-0.6222419738769531 -0.5759120583534241 0.4874888062477112
-0.716550886631012 -0.5519706010818481 0.5739597678184509
-0.8166360259056091 -0.5274288058280945 0.6662377715110779
-0.9272013902664185 -0.5015836954116821 0.768898606300354
-1.0558699369430542 -0.4731210470199585 0.8892691731452942
-1.2152607440948486 -0.43977993726730347 1.0394377708435059
-1.4279708862304688 -0.39749014377593994 1.2410458326339722
1.0892174243927002 0.9144369959831238 0.19780439138412476
0.9971874356269836 0.8334337472915649 0.18676957488059998
0.9280780553817749 0.7734506130218506 0.17751076817512512
0.8721924424171448 0.7257030010223389 0.1691577285528183
0.8243205547332764 0.6854650974273682 0.1612519770860672
0.7814496159553528 0.6499871611595154 0.15355022251605988
0.741797149181366 0.6176106333732605 0.1459476202726364
0.7043797373771667 0.5873668789863586 0.13845105469226837
0.6688141226768494 0.5587888360023499 0.1311706155538559
0.6349188089370728 0.5316363573074341 0.12418856471776962
0.6023344993591309 0.505611002445221 0.11746034771203995
0.5707325339317322 0.48044490814208984 0.11094215512275696
0.5398328304290771 0.45590856671333313 0.10460130870342255
0.5094032883644104 0.431810200214386 0.09841597080230713
0.4792606830596924 0.4079962372779846 0.09237515926361084
0.44927290081977844 0.3843527138233185 0.08647843450307846
0.41937291622161865 0.36081647872924805 0.08073686063289642
0.38961395621299744 0.3374216854572296 0.07517609000205994
0.3600791096687317 0.31422722339630127 0.06982196867465973
0.3308282792568207 0.2912733554840088 0.06469397991895676
0.3018975853919983 0.2685813903808594 0.059805162250995636
0.2732982933521271 0.24615325033664703 0.0551622249186039
0.24501852691173553 0.22397266328334808 0.05076603218913078
0.21702438592910767 0.2020062953233719 0.046612124890089035
0.18934282660484314 0.1802576631307602 0.042694803327322006
0.16217675805091858 0.15884076058864594 0.03901186212897301
0.13571655750274658 0.13785727322101593 0.03555665165185928
0.11010871082544327 0.11737634241580963 0.032317545264959335
0.0854606032371521 0.09743784368038177 0.02927900105714798
0.06184495985507965 0.0780552476644516 0.02642233856022358
0.03930465131998062 0.05921836569905281 0.02372640185058117
0.017866026610136032 0.04089784994721413 0.021166734397411346
-0.0023081593681126833 0.023074844852089882 0.01869131065905094
-0.020924679934978485 0.005746282637119293 0.01622454822063446
-0.03768715262413025 -0.011095212772488594 0.013690087012946606
-0.052294228225946426 -0.027461659163236618 0.011010385118424892
-0.06443177163600922 -0.04336937516927719 0.00810522586107254
-0.07376343011856079 -0.058838311582803726 0.00489000603556633
-0.07992018759250641 -0.0738920122385025 0.001273593632504344
-0.08259939402341843 -0.08858228474855423 -0.002829639706760645
-0.0820135846734047 -0.10307438671588898 -0.007436965126544237
-0.07852943241596222 -0.11753512173891068 -0.012534813955426216
-0.07252006232738495 -0.13208983838558197 -0.018095504492521286
-0.06439005583524704 -0.1468203216791153 -0.02407230995595455
-0.05459528788924217 -0.16176122426986694 -0.03039492480456829
-0.043655794113874435 -0.1768958419561386 -0.036966003477573395
-0.032157354056835175 -0.19215194880962372 -0.04365980625152588
-0.020563066005706787 -0.20739009976387024 -0.05035525932908058
-0.009037385694682598 -0.2224520742893219 -0.05698402598500252
0.0023245164193212986 -0.23723264038562775 -0.06350667029619217
0.013471448794007301 -0.2516845762729645 -0.06990891695022583
0.024394186213612556 -0.26581472158432007 -0.07620024681091309
0.035122476518154144 -0.27968019247055054 -0.0824122279882431
0.04572238028049469 -0.2933845818042755 -0.08859723061323166
0.05628957971930504 -0.3070673644542694 -0.0948231890797615
0.06689011305570602 -0.3208073377609253 -0.10112135112285614
0.07755447924137115 -0.33462390303611755 -0.10749078541994095
0.08830297738313675 -0.34852275252342224 -0.11392460018396378
0.0991457998752594 -0.36249595880508423 -0.12040970474481583
0.1100829690694809 -0.3765210211277008 -0.12692633271217346
0.12110360711812973 -0.3905602693557739 -0.13344727456569672
0.13218507170677185 -0.40455907583236694 -0.1399371176958084
0.14332883059978485 -0.41850823163986206 -0.14638452231884003
0.15463322401046753 -0.43257424235343933 -0.1528710573911667
0.1661849319934845 -0.44692254066467285 -0.15948043763637543
0.17802977561950684 -0.4616711139678955 -0.16627486050128937
0.1901671141386032 -0.47688204050064087 -0.17329123616218567
0.20254482328891754 -0.4925536513328552 -0.18053710460662842
0.21505680680274963 -0.508613646030426 -0.18798716366291046
0.227534681558609 -0.5249104499816895 -0.19557468593120575
0.2394866645336151 -0.5410441756248474 -0.20300500094890594
0.25018608570098877 -0.5564866065979004 -0.20980863273143768
0.2590395212173462 -0.5708615183830261 -0.2155962735414505
0.2655780017375946 -0.5839388966560364 -0.22005793452262878
0.2694094181060791 -0.5956022143363953 -0.22293564677238464
0.2701588571071625 -0.6058126091957092 -0.22398778796195984
0.26739928126335144 -0.6145767569541931 -0.22294726967811584
0.2606252133846283 -0.6219155788421631 -0.21949006617069244
0.24950489401817322 -0.6278034448623657 -0.2133006602525711
0.2337062507867813 -0.6321123838424683 -0.20401136577129364
0.21280980110168457 -0.6346132159233093 -0.1911783367395401
0.1863710880279541 -0.6349872350692749 -0.17431437969207764
0.15400469303131104 -0.6328420042991638 -0.15294024348258972
0.11550027877092361 -0.6277425289154053 -0.12666353583335876
0.0709671750664711 -0.6192634701728821 -0.0952867642045021
0.020579271018505096 -0.6071162223815918 -0.058734431862831116
-0.035945404320955276 -0.591248631477356 -0.016811681911349297
-0.09874868392944336 -0.5717592835426331 0.030517328530550003
-0.16770723462104797 -0.5488941669464111 0.08306171000003815
-0.2424154132604599 -0.5230454206466675 0.1403944343328476
-0.32219457626342773 -0.49473562836647034 0.20186534523963928
-0.40612897276878357 -0.4645887017250061 0.26663652062416077
-0.49311408400535583 -0.4332861602306366 0.3337356746196747
-0.5821250081062317 -0.4013529121875763 0.4023742079734802
-0.6736162900924683 -0.3686893582344055 0.4729858636856079
-0.7700589895248413 -0.33447015285491943 0.547556459903717
-0.8761373162269592 -0.29708945751190186 0.6297838091850281
-0.9996171593666077 -0.2538723647594452 0.7257675528526306
-1.1536673307418823 -0.20028431713581085 0.8458372354507446
-1.3626890182495117 -0.12793423235416412 1.0091302394866943
1.0424755811691284 0.9294386506080627 0.10638341307640076
0.9573453068733215 0.8515624403953552 0.10441996902227402
0.8914524912834167 0.7922592759132385 0.10159798711538315
0.837302565574646 0.7444037795066833 0.09811405092477798
0.7906171679496765 0.7039182186126709 0.09409768134355545
0.7488057613372803 0.6683115363121033 0.08966035395860672
0.7102682590484619 0.6360079646110535 0.08492480218410492
0.6740629076957703 0.6060215830802917 0.0800463855266571
0.6397422552108765 0.5777930617332458 0.07522645592689514
0.6070583462715149 0.5510024428367615 0.07059469819068909
0.5756715536117554 0.5253528952598572 0.06613655388355255
0.5452751517295837 0.5005811452865601 0.061833515763282776
0.5156056880950928 0.4764587879180908 0.05767408385872841
0.48644164204597473 0.4527910351753235 0.05365345627069473
0.4576033353805542 0.4294164180755615 0.04977317526936531
0.4289548397064209 0.4062083661556244 0.046040795743465424
0.40041765570640564 0.3830873370170593 0.042469289153814316
0.3720414340496063 0.36008766293525696 0.03907460719347
0.3439090847969055 0.3372751474380493 0.03586935997009277
0.31607797741889954 0.31469544768333435 0.032861385494470596
0.28857889771461487 0.2923724055290222 0.03005398064851761
0.2614166736602783 0.2703092098236084 0.027446342632174492
0.23457138240337372 0.2484888881444931 0.02503405138850212
0.20799976587295532 0.22687560319900513 0.02280959114432335
0.18171456456184387 0.20546118915081024 0.020762016996741295
0.15590104460716248 0.18433299660682678 0.018876012414693832
0.13074620068073273 0.16357462108135223 0.01713433489203453
0.1064085066318512 0.1432483047246933 0.015518530271947384
0.08302109688520432 0.12339715659618378 0.014009316451847553
0.060694724321365356 0.10404663532972336 0.012586810626089573
0.03952083736658096 0.08520612865686417 0.011230646632611752
0.019580243155360222 0.06687150150537491 0.009919015690684319
0.0010320276487618685 0.04903743043541908 0.008609759621322155
-0.01588839665055275 0.031701330095529556 0.007242613937705755
-0.03094124048948288 0.014856570400297642 0.005756258033216
-0.04388025775551796 -0.0015074361581355333 0.004088060464709997
-0.05444701388478279 -0.01740497723221779 0.0021729955915361643
-0.06236391142010689 -0.032853398472070694 -5.7599288993515074e-05
-0.06732648611068726 -0.04787304997444153 -0.002677567070350051
-0.06908849626779556 -0.0625089704990387 -0.005754205398261547
-0.06784241646528244 -0.07690520584583282 -0.009290557354688644
-0.06391621381044388 -0.09120523929595947 -0.013262487947940826
-0.05764860659837723 -0.10551378130912781 -0.017635049298405647
-0.049409594386816025 -0.11989548802375793 -0.022358635440468788
-0.03961661085486412 -0.13437235355377197 -0.02736566960811615
-0.028744511306285858 -0.1489211618900299 -0.032568350434303284
-0.017325833439826965 -0.16347138583660126 -0.0378582626581192
-0.0057906294241547585 -0.17790071666240692 -0.043137677013874054
0.005686936900019646 -0.19208382070064545 -0.048360228538513184
0.01699940487742424 -0.2059495598077774 -0.053503867238759995
0.02808481454849243 -0.2194826453924179 -0.05856676027178764
0.03892437368631363 -0.2327195405960083 -0.06356602162122726
0.049539100378751755 -0.24574372172355652 -0.06853644549846649
0.05998680368065834 -0.25868287682533264 -0.07352986186742783
0.0703570693731308 -0.2716977894306183 -0.0786103680729866
0.0807301253080368 -0.28486934304237366 -0.08380168676376343
0.09115971624851227 -0.29820525646209717 -0.0890936627984047
0.10168535262346268 -0.3116950988769531 -0.09446923434734344
0.11233250051736832 -0.3253094553947449 -0.09990380704402924
0.12311244010925293 -0.3389984965324402 -0.1053643450140953
0.13402129709720612 -0.3526897728443146 -0.11080823838710785
0.14503873884677887 -0.3662860691547394 -0.11618231981992722
0.15615910291671753 -0.37973204255104065 -0.12145396322011948
0.16745829582214355 -0.39316147565841675 -0.12668046355247498
0.1790020614862442 -0.4067179560661316 -0.13192665576934814
0.19082091748714447 -0.4205077588558197 -0.1372435837984085
0.20290544629096985 -0.4345943033695221 -0.14266635477542877
0.21520289778709412 -0.4489930272102356 -0.14821204543113708
0.2276155650615692 -0.46366652846336365 -0.15387755632400513
0.23999285697937012 -0.4785158932209015 -0.15963265299797058
0.2518742084503174 -0.4931919276714325 -0.1652679443359375
0.262564480304718 -0.5071877837181091 -0.17042823135852814
0.2714870572090149 -0.5201233625411987 -0.17481279373168945
0.27817821502685547 -0.5317421555519104 -0.1781766265630722
0.2822449207305908 -0.5418827533721924 -0.18031084537506104
0.2833114564418793 -0.5504453778266907 -0.18101759254932404
0.2809567451477051 -0.5573591589927673 -0.18007943034172058
0.27469050884246826 -0.5625513792037964 -0.17723457515239716
0.26418042182922363 -0.5659131407737732 -0.17221467196941376
0.2490929812192917 -0.5672438144683838 -0.16470816731452942
0.22901645302772522 -0.5662499070167542 -0.1543484479188919
0.2035198211669922 -0.5625619888305664 -0.14073927700519562
0.17223192751407623 -0.5557606220245361 -0.12349531799554825
0.13494835793972015 -0.5454196929931641 -0.10230284929275513
0.09176277369260788 -0.5311724543571472 -0.07700172811746597
0.04283178597688675 -0.5128337144851685 -0.04751983657479286
-0.012097890488803387 -0.490468829870224 -0.013679656200110912
-0.0731465220451355 -0.4643060863018036 0.02457646280527115
-0.14019225537776947 -0.4347265064716339 0.06713442504405975
-0.21286027133464813 -0.40225306153297424 0.11370215564966202
-0.2905345857143402 -0.3675256669521332 0.16381953656673431
-0.37239155173301697 -0.33126482367515564 0.21688327193260193
-0.4574343264102936 -0.29419854283332825 0.2721666097640991
-0.5446556806564331 -0.2565002143383026 0.32884183526039124
-0.6344049572944641 -0.2173987478017807 0.38690897822380066
-0.7289786338806152 -0.17531372606754303 0.4476422071456909
-0.8328085541725159 -0.12771198153495789 0.5136814713478088
-0.9532881379127502 -0.07061439752578735 0.5895087718963623
-1.1029666662216187 0.002612208016216755 0.6827630400657654
-1.3050525188446045 0.10419660061597824 0.8075697422027588
1.0030328035354614 0.9420482516288757 0.02938675321638584
0.9234945774078369 0.8672299385070801 0.03394471853971481
0.860183596611023 0.8086783289909363 0.03612428531050682
0.8073847889900208 0.760760486125946 0.036636415868997574
0.7616192102432251 0.7200337648391724 0.03593755140900612
0.7206661105155945 0.6842764019966125 0.03435822203755379
0.6830796599388123 0.6520046591758728 0.032172463834285736
0.6479410529136658 0.6222203373908997 0.029639318585395813
0.6147263050079346 0.5942756533622742 0.02702576108276844
0.5831178426742554 0.5677765607833862 0.02449735440313816
0.5527948141098022 0.5424302220344543 0.022064100950956345
0.5234709978103638 0.5179798603057861 0.01972826197743416
0.4948975145816803 0.4941997528076172 0.017495742067694664
0.466860830783844 0.47089284658432007 0.01537582091987133
0.43918290734291077 0.4478910267353058 0.013380828313529491
0.4117213189601898 0.42505550384521484 0.011525659821927547
0.3843840956687927 0.40229105949401855 0.009826086461544037
0.3572111427783966 0.37962740659713745 0.008289479650557041
0.3302795886993408 0.3571329712867737 0.006916567217558622
0.3036418557167053 0.3348560035228729 0.005705379880964756
0.2773253321647644 0.3128238618373871 0.004651659168303013
0.25133299827575684 0.2910436987876892 0.0037492576520889997
0.22564426064491272 0.2695028483867645 0.0029905596747994423
0.20021678507328033 0.248170405626297 0.002366867149248719
0.17506186664104462 0.22703559696674347 0.0018656778847798705
0.1503598541021347 0.2061675786972046 0.0014663997571915388
0.12630026042461395 0.1856352984905243 0.0011473741615191102
0.10305315256118774 0.16549310088157654 0.0008872502949088812
0.08077150583267212 0.1457822024822235 0.0006650527939200401
0.059593431651592255 0.12653160095214844 0.00046017428394407034
0.03964454308152199 0.10775907337665558 0.0002523076836951077
0.02104322798550129 0.08947274088859558 2.0578554540406913e-05
0.003939877729862928 0.07167638093233109 -0.00027024804148823023
-0.01148201897740364 0.05437155067920685 -0.00066856958437711
-0.025034332647919655 0.037555526942014694 -0.0012239039642736316
-0.0365215502679348 0.02122175134718418 -0.001987145747989416
-0.045736122876405716 0.005359943024814129 -0.0030114375986158848
-0.052452798932790756 -0.010043160989880562 -0.004353188909590244
-0.05642230436205864 -0.025003721937537193 -0.006073323544114828
-0.057442907243967056 -0.039561815559864044 -0.008226253092288971
-0.055680740624666214 -0.05385340005159378 -0.010807028040289879
-0.05141879618167877 -0.06801218539476395 -0.01378653571009636
-0.0449548102915287 -0.08213232457637787 -0.017126744613051414
-0.03662054240703583 -0.09626694768667221 -0.020777245983481407
-0.026796841993927956 -0.11042600870132446 -0.024672433733940125
-0.015922827646136284 -0.12457440793514252 -0.028729762881994247
-0.004495727829635143 -0.1386309415102005 -0.03284989669919014
0.007065792102366686 -0.15247003734111786 -0.03694797307252884
0.018562553450465202 -0.16597698628902435 -0.040990959852933884
0.02986583672463894 -0.1790989190340042 -0.04496811702847481
0.04089989513158798 -0.19184401631355286 -0.04888646677136421
0.051638517528772354 -0.20427517592906952 -0.05276942253112793
0.06210042163729668 -0.2165047526359558 -0.056655753403902054
0.0723450779914856 -0.22869117558002472 -0.060599278658628464
0.08246864378452301 -0.2410275638103485 -0.06466452032327652
0.09257565438747406 -0.25361204147338867 -0.06887250393629074
0.10274898260831833 -0.26645487546920776 -0.07320813089609146
0.11305108666419983 -0.2795411944389343 -0.07764813303947449
0.12352420389652252 -0.2928287982940674 -0.08215980976819992
0.13418975472450256 -0.30624526739120483 -0.08669951558113098
0.1450464427471161 -0.3196842670440674 -0.09121108800172806
0.15606796741485596 -0.33300185203552246 -0.09562463313341141
0.16723166406154633 -0.34608975052833557 -0.09988727420568466
0.17858847975730896 -0.35904574394226074 -0.10403507202863693
0.19018256664276123 -0.37198927998542786 -0.10811638832092285
0.20202840864658356 -0.38501256704330444 -0.11217207461595535
0.21410760283470154 -0.3981766402721405 -0.11623439192771912
0.22636638581752777 -0.41150808334350586 -0.12032588571310043
0.23871564865112305 -0.424996554851532 -0.12445840239524841
0.25102299451828003 -0.43858540058135986 -0.12862755358219147
0.26285243034362793 -0.45196568965911865 -0.13269244134426117
0.27352944016456604 -0.4646482467651367 -0.13639570772647858
0.2824903726577759 -0.47625383734703064 -0.13951724767684937
0.28927749395370483 -0.4865109622478485 -0.14187511801719666
0.2935003936290741 -0.49522894620895386 -0.1433119773864746
0.2947865128517151 -0.5022661089897156 -0.14367718994617462
0.2927234470844269 -0.5074966549873352 -0.14280548691749573
0.2868361175060272 -0.5107792615890503 -0.14049576222896576
0.2767898142337799 -0.5119343400001526 -0.13651886582374573
0.2622469663619995 -0.5106982588768005 -0.13060618937015533
0.24280019104480743 -0.5067229270935059 -0.12244994938373566
0.2180289626121521 -0.49959784746170044 -0.1117229014635086
0.1875753551721573 -0.48888444900512695 -0.09810908883810043
0.15124426782131195 -0.4741683006286621 -0.08135044574737549
0.10912400484085083 -0.4551338851451874 -0.06130841746926308
0.06138962134718895 -0.43169882893562317 -0.03791826590895653
0.00788355153053999 -0.40406978130340576 -0.01104391273111105
-0.0514412559568882 -0.3726133704185486 0.01936841942369938
-0.11644136905670166 -0.33782920241355896 0.053258270025253296
-0.18678434193134308 -0.30032798647880554 0.09045054763555527
-0.26196515560150146 -0.2608000934123993 0.1306641697883606
-0.341335654258728 -0.21997897326946259 0.1735285222530365
-0.4241272509098053 -0.1785481870174408 0.21857750415802002
-0.5095742344856262 -0.13628709316253662 0.2650679647922516
-0.5980967283248901 -0.0918126031756401 0.31272977590560913
-0.6918502449989319 -0.04293650761246681 0.3622550368309021
-0.7949328422546387 0.013551583513617516 0.4153505861759186
-0.914128303527832 0.0824977234005928 0.47502458095550537
-1.0607918500900269 0.17177090048789978 0.5463973879814148
-1.2554038763046265 0.2954719364643097 0.6387221813201904
0.9698777794837952 0.952593207359314 -0.035203322768211365
0.894753098487854 0.8806594014167786 -0.026184219866991043
0.833457350730896 0.822918713092804 -0.020264483988285065
0.7816756367683411 0.7750144600868225 -0.016572611406445503
0.7365978956222534 0.7340943813323975 -0.014514531008899212
0.6963216066360474 0.6982040405273438 -0.013648596592247486
0.6595295667648315 0.6659569144248962 -0.013614156283438206
0.6253101825714111 0.6363481879234314 -0.014088169671595097
0.5930576920509338 0.6086505651473999 -0.01476132869720459
0.5623843669891357 0.5824024677276611 -0.015442946925759315
0.5329875349998474 0.5573180317878723 -0.016103586181998253
0.5045997500419617 0.533148467540741 -0.016724221408367157
0.4769846796989441 0.509671151638031 -0.017284654080867767
0.4499354362487793 0.48668840527534485 -0.017763692885637283
0.42327362298965454 0.4640260338783264 -0.01813937909901142
0.3968498110771179 0.4415343701839447 -0.018389448523521423
0.37055832147598267 0.4191029667854309 -0.01849401742219925
0.3444262146949768 0.39675334095954895 -0.01845148578286171
0.3185223937034607 0.3745518624782562 -0.018269896507263184
0.29289400577545166 0.352546751499176 -0.01795821823179722
0.267566442489624 0.33076754212379456 -0.017525915056467056
0.24254350364208221 0.3092254400253296 -0.016982609406113625
0.21780875325202942 0.2879140079021454 -0.01633780635893345
0.19332657754421234 0.2668103873729706 -0.015600643120706081
0.1691146045923233 0.24590705335140228 -0.014784121885895729
0.14535564184188843 0.22526273131370544 -0.013911748304963112
0.12224490195512772 0.204936683177948 -0.013007856905460358
0.09996272623538971 0.18497668206691742 -0.012095837853848934
0.07867667078971863 0.1654203087091446 -0.011198212392628193
0.05854351446032524 0.14629562199115753 -0.010336741805076599
0.03971148282289505 0.12762179970741272 -0.009532587602734566
0.02232320047914982 0.10941053926944733 -0.008807005360722542
0.006516597233712673 0.09167128801345825 -0.00819019041955471
-0.007570979651063681 0.07441230118274689 -0.007720781955868006
-0.019796980544924736 0.057637929916381836 -0.007438501343131065
-0.03001018986105919 0.04134880751371384 -0.0073844860307872295
-0.03804675489664078 0.02554224617779255 -0.0076020509004592896
-0.04372524097561836 0.010212920606136322 -0.008137580938637257
-0.04684121906757355 -0.004646900109946728 -0.009041626937687397
-0.047226741909980774 -0.01907038874924183 -0.010358587838709354
-0.045019589364528656 -0.03319617733359337 -0.01207808218896389
-0.040457986295223236 -0.04716163128614426 -0.014168246649205685
-0.03379923105239868 -0.06106182932853699 -0.016589771956205368
-0.02533935196697712 -0.0749477744102478 -0.019292525947093964
-0.015428813174366951 -0.08882415294647217 -0.022212913259863853
-0.004481934942305088 -0.10264748334884644 -0.025272419676184654
0.007023334503173828 -0.11632579565048218 -0.02837815321981907
0.018664348870515823 -0.12972024083137512 -0.031454212963581085
0.03021037019789219 -0.14270710945129395 -0.03447680547833443
0.04150998219847679 -0.15523551404476166 -0.037442732602357864
0.052476171404123306 -0.16732467710971832 -0.040364447981119156
0.06308100372552872 -0.17905522882938385 -0.04326861351728439
0.07334879040718079 -0.19056178629398346 -0.04619519039988518
0.08335022628307343 -0.20202922821044922 -0.049197472631931305
0.09319841116666794 -0.21368110179901123 -0.052338358014822006
0.1030271127820015 -0.22564159333705902 -0.055637262761592865
0.11294908076524734 -0.23793751001358032 -0.059077631682157516
0.12304960191249847 -0.2505628168582916 -0.06263402104377747
0.13338668644428253 -0.2634749710559845 -0.06627027690410614
0.1439894139766693 -0.27658969163894653 -0.0699373334646225
0.15485447645187378 -0.28977522253990173 -0.07357119768857956
0.16594143211841583 -0.3028464913368225 -0.07709149271249771
0.17720195651054382 -0.31564411520957947 -0.08043147623538971
0.1886601746082306 -0.3282283842563629 -0.0836101770401001
0.20033839344978333 -0.3406926393508911 -0.08666255325078964
0.2122352570295334 -0.35311272740364075 -0.08962109684944153
0.22432368993759155 -0.36554428935050964 -0.09251529723405838
0.23655010759830475 -0.37802085280418396 -0.0953710600733757
0.24883507192134857 -0.39055171608924866 -0.09820986539125443
0.2610657215118408 -0.4031132459640503 -0.1010446771979332
0.2728266716003418 -0.415425568819046 -0.10378886759281158
0.28345754742622375 -0.4270111322402954 -0.10626770555973053
0.2924051582813263 -0.43749114871025085 -0.10833105444908142
0.2992192506790161 -0.4465847313404083 -0.10985415428876877
0.3035149574279785 -0.45408207178115845 -0.11072814464569092
0.3049260973930359 -0.4598129093647003 -0.11084800958633423
0.3030508756637573 -0.4636130630970001 -0.11009830236434937
0.29742902517318726 -0.4652918875217438 -0.10833392292261124
0.2877216637134552 -0.4646133482456207 -0.10535803437232971
0.27358412742614746 -0.4612608850002289 -0.10093387961387634
0.2546094059944153 -0.4548424482345581 -0.09479738026857376
0.23038409650325775 -0.4449169933795929 -0.08667105436325073
0.20056191086769104 -0.43103498220443726 -0.07628710567951202
0.1649591326713562 -0.41279757022857666 -0.06342243403196335
0.12366735190153122 -0.38993698358535767 -0.04794532060623169
0.07690644264221191 -0.36246800422668457 -0.029796283692121506
0.024658193811774254 -0.3307350277900696 -0.008890712633728981
-0.033017728477716446 -0.2952221930027008 0.014802742749452591
-0.0959383100271225 -0.2565072178840637 0.04124952852725983
-0.16381210088729858 -0.21523024141788483 0.0703541710972786
-0.23626096546649933 -0.17206107079982758 0.10196933150291443
-0.31284523010253906 -0.12766671180725098 0.1359071582555771
-0.39308297634124756 -0.0826139822602272 0.17192226648330688
-0.4765983521938324 -0.03634526953101158 0.20944003760814667
-0.564033567905426 0.01295083574950695 0.2481028288602829
-0.6574788093566895 0.06783448159694672 0.2882222533226013
-0.7607035636901855 0.13186687231063843 0.33081644773483276
-0.8798063397407532 0.21023637056350708 0.3777718245983124
-1.024736762046814 0.3110774755477905 0.4322947859764099
-1.2127498388290405 0.44833436608314514 0.49999865889549255
0.9417985677719116 0.9614625573158264 -0.0897873193025589
0.8700959086418152 0.8921554684638977 -0.07781904935836792
0.8103535175323486 0.8352575898170471 -0.06916308403015137
0.7593325972557068 0.7874538898468018 -0.06297951191663742
0.7147704362869263 0.746414303779602 -0.05865618586540222
0.6750321388244629 0.7104355096817017 -0.05571641027927399
0.6389048099517822 0.6782280206680298 -0.053762342780828476
0.6054750084877014 0.6487869620323181 -0.052439067512750626
0.5740540623664856 0.6213158965110779 -0.05141469091176987
0.544188916683197 0.595296323299408 -0.050482865422964096
0.5155932307243347 0.570450484752655 -0.04959908872842789
0.48801666498184204 0.5465384721755981 -0.048730842769145966
0.4612341523170471 0.5233420133590698 -0.04784606024622917
0.43504390120506287 0.500662624835968 -0.04691319167613983
0.4092669188976288 0.47832179069519043 -0.04590139910578728
0.3837466835975647 0.45615968108177185 -0.044780828058719635
0.3583645224571228 0.4340522587299347 -0.043526194989681244
0.33313438296318054 0.4120102524757385 -0.04213860258460045
0.30811643600463867 0.3900945782661438 -0.04063154384493828
0.28335291147232056 0.36835065484046936 -0.03901821747422218
0.25886818766593933 0.34680846333503723 -0.037311144173145294
0.23466891050338745 0.32548239827156067 -0.03552193194627762
0.21074502170085907 0.3043721318244934 -0.033661067485809326
0.1870705932378769 0.28346315026283264 -0.03173781931400299
0.16367380321025848 0.2627544701099396 -0.02976582758128643
0.14074406027793884 0.2423010915517807 -0.027771838009357452
0.11848364770412445 0.22215750813484192 -0.025783369317650795
0.09708134084939957 0.20236735045909882 -0.023826515302062035
0.07671468704938889 0.1829645335674286 -0.02192610129714012
0.05755212903022766 0.163973867893219 -0.020105892792344093
0.03975538909435272 0.14541170001029968 -0.018388813361525536
0.023481100797653198 0.12728744745254517 -0.016797475516796112
0.008852078579366207 0.10961291939020157 -0.015358039177954197
-0.004035075195133686 0.09240378439426422 -0.014100422151386738
-0.015076889656484127 0.07567324489355087 -0.013055652379989624
-0.024159125983715057 0.059432096779346466 -0.012256297282874584
-0.031153421849012375 0.04368920996785164 -0.011737125925719738
-0.03591310977935791 0.02845231629908085 -0.011535905301570892
-0.03826853632926941 0.013728383928537369 -0.01169433631002903
-0.038076698780059814 -0.0005037888768129051 -0.0122482655569911
-0.035448383539915085 -0.014392009004950523 -0.013182351365685463
-0.030581651255488396 -0.028087615966796875 -0.014462257735431194
-0.02369842492043972 -0.04169691354036331 -0.016047772020101547
-0.015065345913171768 -0.05527911335229874 -0.017889495939016342
-0.005010639317333698 -0.06884351372718811 -0.019926341250538826
0.006065737456083298 -0.08234739303588867 -0.022084305062890053
0.017692552879452705 -0.0956955999135971 -0.02427736669778824
0.029434170573949814 -0.10873401165008545 -0.026438504457473755
0.04102877154946327 -0.1213143840432167 -0.02855183556675911
0.0523061603307724 -0.13337305188179016 -0.030619438737630844
0.0631740540266037 -0.14492768049240112 -0.03265618532896042
0.07360979169607162 -0.15606531500816345 -0.03468836471438408
0.08365064114332199 -0.16693243384361267 -0.03675292804837227
0.09338581562042236 -0.1777300089597702 -0.03889784961938858
0.10295213013887405 -0.1887027472257614 -0.04117926210165024
0.11251313984394073 -0.20000380277633667 -0.0436137355864048
0.12220840156078339 -0.21168731153011322 -0.04618523642420769
0.13214348256587982 -0.2237676978111267 -0.04886937886476517
0.1423896700143814 -0.23621469736099243 -0.05163107067346573
0.15298083424568176 -0.24894556403160095 -0.05442187935113907
0.16390711069107056 -0.26181620359420776 -0.05717772617936134
0.17510755360126495 -0.27461305260658264 -0.0598173625767231
0.18650111556053162 -0.28713464736938477 -0.06226997449994087
0.19808433949947357 -0.29940369725227356 -0.0645425021648407
0.20985853672027588 -0.31148555874824524 -0.06665949523448944
0.22180770337581635 -0.3234373927116394 -0.06864678859710693
0.23389768600463867 -0.33530598878860474 -0.07053107768297195
0.24607673287391663 -0.3471265733242035 -0.07233941555023193
0.25827690958976746 -0.35892122983932495 -0.07409826666116714
0.2704060673713684 -0.3706892728805542 -0.07583034783601761
0.28206729888916016 -0.3821699023246765 -0.07749160379171371
0.2926104664802551 -0.3928905427455902 -0.07897701114416122
0.30149200558662415 -0.40247201919555664 -0.08019643276929855
0.3082703948020935 -0.410627156496048 -0.0810750350356102
0.31256890296936035 -0.4171334505081177 -0.08154737204313278
0.31403008103370667 -0.42180129885673523 -0.0815499871969223
0.3122641146183014 -0.4244403541088104 -0.08101283013820648
0.30682462453842163 -0.4248253107070923 -0.07984094321727753
0.2973667085170746 -0.4226748049259186 -0.07786410301923752
0.2835354506969452 -0.4176296591758728 -0.07486937195062637
0.2649206221103668 -0.4092632532119751 -0.07062455266714096
0.24111226201057434 -0.3971123993396759 -0.06488703936338425
0.21177348494529724 -0.3807232975959778 -0.0574202761054039
0.1767333447933197 -0.3597157895565033 -0.04801977053284645
0.1360945850610733 -0.33386942744255066 -0.03654860332608223
0.09013945609331131 -0.3032892942428589 -0.022947177290916443
0.03901068866252899 -0.2684420049190521 -0.007181977387517691
-0.017109468579292297 -0.22990095615386963 0.010746126994490623
-0.0779876559972763 -0.18828167021274567 0.030805174261331558
-0.1433657556772232 -0.14420516788959503 0.05294099450111389
-0.2129867523908615 -0.09826581180095673 0.07708699256181717
-0.2866172194480896 -0.051006607711315155 0.10317358374595642
-0.36407098174095154 -0.0028261099942028522 0.13111178576946259
-0.44543206691741943 0.047082241624593735 0.16053558886051178
-0.5316702127456665 0.10075562447309494 0.1911531239748001
-0.6248998045921326 0.160893976688385 0.22309964895248413
-0.7286229133605957 0.23111063241958618 0.25697121024131775
-0.8482876420021057 0.31649279594421387 0.29392009973526
-0.9924706220626831 0.4247036874294281 0.33590009808540344
-1.1753617525100708 0.5682133436203003 0.3862210214138031
0.917528510093689 0.9690604209899902 -0.1368636190891266
0.8484326601028442 0.9020631313323975 -0.12296753376722336
0.7898887991905212 0.8460108637809753 -0.11231021583080292
0.739459216594696 0.798397958278656 -0.10416587442159653
0.6953124403953552 0.757330596446991 -0.09796853363513947
0.6560297608375549 0.7213268876075745 -0.0932542011141777
0.6204806566238403 0.6891885995864868 -0.08962254226207733
0.5877421498298645 0.6599166989326477 -0.08671145141124725
0.5570493936538696 0.6326601505279541 -0.08418289572000504
0.5278907418251038 0.6068551540374756 -0.08182328194379807
0.4999953508377075 0.5822330713272095 -0.07957642525434494
0.47312819957733154 0.5585628151893616 -0.07739870995283127
0.4470739960670471 0.5356307029724121 -0.07524794340133667
0.42163559794425964 0.5132387280464172 -0.0730833038687706
0.396633118391037 0.49120399355888367 -0.07086540013551712
0.37190407514572144 0.46935880184173584 -0.06855660676956177
0.34731826186180115 0.4475666284561157 -0.06612513959407806
0.32287806272506714 0.4258272051811218 -0.06357225030660629
0.2986360192298889 0.4041939675807953 -0.06091411039233208
0.2746303975582123 0.38270795345306396 -0.058165911585092545
0.25088536739349365 0.36139777302742004 -0.05534153804183006
0.2274111807346344 0.3402796983718872 -0.052453380078077316
0.20420490205287933 0.3193579614162445 -0.04951225966215134
0.18125097453594208 0.29862546920776367 -0.04652734473347664
0.1585894376039505 0.2780885696411133 -0.04351343587040901
0.13641835749149323 0.25780412554740906 -0.04050200805068016
0.11494727432727814 0.2378261238336563 -0.03752520680427551
0.09437140822410583 0.21819649636745453 -0.03461303189396858
0.0748743936419487 0.19894616305828094 -0.031793639063835144
0.05663083866238594 0.18009573221206665 -0.02909359708428383
0.03980931267142296 0.1616562008857727 -0.02653827704489231
0.024573195725679398 0.14363084733486176 -0.024152226746082306
0.011028589680790901 0.12602995336055756 -0.021957725286483765
-0.0007638284587301314 0.10887433588504791 -0.019976017996668816
-0.010733302682638168 0.09218572825193405 -0.018229791894555092
-0.018795140087604523 0.07598678767681122 -0.016743699088692665
-0.024848300963640213 0.06030137464404106 -0.015544828027486801
-0.0287722647190094 0.045155636966228485 -0.014663380570709705
-0.030423421412706375 0.030578508973121643 -0.014133358374238014
-0.029677247628569603 0.016568191349506378 -0.013982963748276234
-0.026621568948030472 0.0029671068768948317 -0.01419147104024887
-0.021422119811177254 -0.01039477251470089 -0.014721311628818512
-0.01427382230758667 -0.023641545325517654 -0.01553087867796421
-0.0054226228967309 -0.036849040538072586 -0.01657143421471119
0.004816768225282431 -0.05004143714904785 -0.01778489165008068
0.01605045609176159 -0.06318853050470352 -0.01910291612148285
0.027806663885712624 -0.07620468735694885 -0.02044818550348282
0.03963526338338852 -0.08892539888620377 -0.021764419972896576
0.05125022679567337 -0.10116905719041824 -0.02304413728415966
0.06247054040431976 -0.1128486916422844 -0.02429361455142498
0.0732061117887497 -0.12396958470344543 -0.02552781067788601
0.08344585448503494 -0.13461412489414215 -0.026769263669848442
0.09324488043785095 -0.14492924511432648 -0.028047706931829453
0.10271447151899338 -0.155119389295578 -0.029400691390037537
0.11201725155115128 -0.1654372364282608 -0.030871687456965446
0.12134305387735367 -0.1760624200105667 -0.0324716791510582
0.1308525949716568 -0.1870819330215454 -0.03418557345867157
0.14066734910011292 -0.1985381692647934 -0.03599167987704277
0.1508682668209076 -0.21042278409004211 -0.037859316915273666
0.16149084270000458 -0.22266706824302673 -0.039746224880218506
0.17251531779766083 -0.23512953519821167 -0.041596293449401855
0.18385592103004456 -0.24758528172969818 -0.04333844780921936
0.19539520144462585 -0.259805291891098 -0.04490930587053299
0.20710350573062897 -0.27177751064300537 -0.04630906879901886
0.2189636379480362 -0.2835383117198944 -0.04755447059869766
0.23094742000102997 -0.29512327909469604 -0.04866566136479378
0.2430163025856018 -0.3065662980079651 -0.04966575652360916
0.2551226019859314 -0.31789833307266235 -0.05058012157678604
0.26721134781837463 -0.3291460871696472 -0.051435358822345734
0.27921155095100403 -0.3403216302394867 -0.052256990224123
0.29074299335479736 -0.351173996925354 -0.05303426831960678
0.30116400122642517 -0.3612315058708191 -0.05372217670083046
0.30994075536727905 -0.37011444568634033 -0.054282497614622116
0.31664159893989563 -0.377531498670578 -0.05468393489718437
0.3208997845649719 -0.3832523226737976 -0.05489938706159592
0.32236823439598083 -0.387074738740921 -0.05490254983305931
0.3206692934036255 -0.38879072666168213 -0.054664161056280136
0.31536927819252014 -0.3881498873233795 -0.05413408949971199
0.30611518025398254 -0.3848353326320648 -0.05316506326198578
0.2925392985343933 -0.37845316529273987 -0.05156300216913223
0.27422428131103516 -0.3685494363307953 -0.04911976307630539
0.2507598400115967 -0.35464492440223694 -0.045617181807756424
0.22181594371795654 -0.33628585934638977 -0.04083780571818352
0.18723534047603607 -0.31311434507369995 -0.034583624452352524
0.1471390277147293 -0.2849577069282532 -0.026703154668211937
0.10188204050064087 -0.2520067095756531 -0.01712888851761818
0.05177067220211029 -0.21483252942562103 -0.005869219545274973
-0.0028894024435430765 -0.17407304048538208 0.007042264100164175
-0.061811018735170364 -0.1303529590368271 0.021562030538916588
-0.12475983798503876 -0.0842437744140625 0.03764747455716133
-0.19158248603343964 -0.03623417392373085 0.05526702478528023
-0.26222750544548035 0.013288842514157295 0.07440874725580215
-0.3367782533168793 0.06412224471569061 0.09507191181182861
-0.415770560503006 0.11723444610834122 0.11709532886743546
-0.5005402565002441 0.17471711337566376 0.14034804701805115
-0.5933016538619995 0.23923008143901825 0.16495037078857422
-0.6973868608474731 0.3142291307449341 0.19130662083625793
-0.8177211880683899 0.40443041920661926 0.22017113864421844
-0.9617379307746887 0.5166667699813843 0.25279298424720764
-1.1411492824554443 0.6615054607391357 0.2912141978740692
0.895797073841095 0.9757880568504333 -0.1789296269416809
0.8286333680152893 0.9107451438903809 -0.16372470557689667
0.7710298895835876 0.8555183410644531 -0.15155015885829926
0.7211098074913025 0.8081886768341064 -0.1418108493089676
0.6773579120635986 0.7671992778778076 -0.1340126097202301
0.6385163068771362 0.7312492728233337 -0.1277296096086502
0.6035127639770508 0.6992194652557373 -0.12258150428533554
0.5714109539985657 0.670121967792511 -0.11821741610765457
0.5413807034492493 0.643069326877594 -0.11430744081735611
0.5128628611564636 0.6174664497375488 -0.11063844710588455
0.48560041189193726 0.5930540561676025 -0.10714495182037354
0.4593721628189087 0.5696095824241638 -0.10377376526594162
0.4339715242385864 0.5469234585762024 -0.10047353059053421
0.40920567512512207 0.5247983336448669 -0.09719468653202057
0.3848944902420044 0.5030482411384583 -0.09388945996761322
0.3608708083629608 0.4814990758895874 -0.09051207453012466
0.33699584007263184 0.46000415086746216 -0.08702352643013
0.31326326727867126 0.43855345249176025 -0.08342356979846954
0.28971999883651733 0.41719305515289307 -0.07972928881645203
0.26640182733535767 0.3959592282772064 -0.07595642656087875
0.24333350360393524 0.37487852573394775 -0.07211913168430328
0.22052882611751556 0.3539673686027527 -0.06822982430458069
0.19799108803272247 0.33323273062705994 -0.06429910659790039
0.17571386694908142 0.31267255544662476 -0.06033581495285034
0.15374797582626343 0.29229989647865295 -0.05635637417435646
0.1323007196187973 0.27217721939086914 -0.052398648113012314
0.1115882620215416 0.2523615062236786 -0.048500873148441315
0.09181033074855804 0.2328948825597763 -0.04469802975654602
0.07315365225076675 0.21380600333213806 -0.04102230817079544
0.055795229971408844 0.19511111080646515 -0.037503574043512344
0.03990621492266655 0.17681463062763214 -0.03416988253593445
0.025652475655078888 0.15891124308109283 -0.031047731637954712
0.013122912496328354 0.14140430092811584 -0.028154803439974785
0.002346378518268466 0.12431401014328003 -0.025502707809209824
-0.006633276119828224 0.10766744613647461 -0.023105502128601074
-0.013754038140177727 0.09149836748838425 -0.020980142056941986
-0.018934816122055054 0.07584763318300247 -0.019146747887134552
-0.022073911502957344 0.06076426059007645 -0.017628977075219154
-0.023047247901558876 0.04630617797374725 -0.016454409807920456
-0.02174537628889084 0.03249989449977875 -0.01564471609890461
-0.018239691853523254 0.019184455275535583 -0.015173399820923805
-0.012674028985202312 0.006174010690301657 -0.014998694881796837
-0.0052271755412220955 -0.006673603784292936 -0.015076695010066032
0.0038656191900372505 -0.01945452019572258 -0.015358775854110718
0.014295396395027637 -0.0322151742875576 -0.015789922326803207
0.02567019686102867 -0.0449490062892437 -0.016308346763253212
0.037518247961997986 -0.05759432911872864 -0.01684706285595894
0.04938257485628128 -0.06998762488365173 -0.017362799495458603
0.06096556782722473 -0.08191510289907455 -0.017858091741800308
0.07208574563264847 -0.09326332062482834 -0.01834350824356079
0.082661934196949 -0.10401903837919235 -0.018832815811038017
0.0926981121301651 -0.11425181478261948 -0.019342588260769844
0.1022677794098854 -0.12409871816635132 -0.019892331212759018
0.11150272190570831 -0.13375571370124817 -0.020505379885435104
0.12058788537979126 -0.1434696465730667 -0.021207842975854874
0.12973222136497498 -0.15343934297561646 -0.022001981735229492
0.13911016285419464 -0.1637832671403885 -0.02287234365940094
0.14885307848453522 -0.17457269132137299 -0.023799752816557884
0.15904740989208221 -0.18582549691200256 -0.02475935034453869
0.16972704231739044 -0.19749505817890167 -0.025718647986650467
0.18086059391498566 -0.20945556461811066 -0.026635991409420967
0.1923367828130722 -0.22148826718330383 -0.02746008336544037
0.20400331914424896 -0.2333545684814453 -0.028145676478743553
0.21580909192562103 -0.24501359462738037 -0.02869105339050293
0.22772303223609924 -0.25647351145744324 -0.029107090085744858
0.23970907926559448 -0.26774707436561584 -0.02940848469734192
0.25172749161720276 -0.2788512110710144 -0.02961326763033867
0.2637366056442261 -0.2898063659667969 -0.029742002487182617
0.27569466829299927 -0.30063536763191223 -0.029816851019859314
0.2875500023365021 -0.3113526999950409 -0.02986033260822296
0.2989373207092285 -0.3217104375362396 -0.02988869696855545
0.30922311544418335 -0.3312375247478485 -0.029911207035183907
0.31788375973701477 -0.33955445885658264 -0.029936328530311584
0.3244984745979309 -0.3463689386844635 -0.02997199073433876
0.3287111818790436 -0.3514464497566223 -0.030025746673345566
0.33018580079078674 -0.3545772433280945 -0.030105184763669968
0.3285565972328186 -0.355540931224823 -0.030218441039323807
0.32340019941329956 -0.3540683090686798 -0.030356645584106445
0.31435421109199524 -0.3498140275478363 -0.030394377186894417
0.3010355234146118 -0.3423554003238678 -0.030154826119542122
0.2830161154270172 -0.3312160074710846 -0.029450127854943275
0.25988107919692993 -0.3159042000770569 -0.02808072790503502
0.23130419850349426 -0.2959696054458618 -0.02584061771631241
0.1971423327922821 -0.27107903361320496 -0.022529732435941696
0.15754161775112152 -0.24111171066761017 -0.01797430031001568
0.11293426901102066 -0.2063423991203308 -0.012088044546544552
0.06377710402011871 -0.1674317866563797 -0.004903630819171667
0.010488143190741539 -0.1250658631324768 0.003521914128214121
-0.04659465700387955 -0.07986435294151306 0.013130434788763523
-0.10725223273038864 -0.032338712364435196 0.02387390471994877
-0.17141275107860565 0.01713494397699833 0.03572402521967888
-0.2391713708639145 0.0683305636048317 0.048680052161216736
-0.31083235144615173 0.12124169617891312 0.0627700462937355
-0.3873000144958496 0.17692065238952637 0.07799512892961502
-0.4702315330505371 0.23739305138587952 0.09440682828426361
-0.5619773864746094 0.3051770329475403 0.11219807714223862
-0.6658114790916443 0.38348695635795593 0.13173450529575348
-0.7863492369651794 0.47661733627319336 0.15360864996910095
-0.9302941560745239 0.5906161069869995 0.17874236404895782
-1.1077920198440552 0.7344895005226135 0.20857734978199005
0.8754549622535706 0.9820098876953125 -0.21823503077030182
0.8097008466720581 0.9185687303543091 -0.20201173424720764
0.7528761625289917 0.864132285118103 -0.18857528269290924
0.7034634947776794 0.8171727657318115 -0.1774444282054901
0.6601552367210388 0.7763700485229492 -0.1681976020336151
0.6217990517616272 0.7405568957328796 -0.160456120967865
0.587357759475708 0.7086784839630127 -0.15387144684791565
0.5558796525001526 0.6797621250152588 -0.14811593294143677
0.5264834761619568 0.6529026627540588 -0.14287865161895752
0.49857601523399353 0.6274893879890442 -0.13795337080955505
0.47191306948661804 0.6032719016075134 -0.13326658308506012
0.4462858736515045 0.5800349712371826 -0.12875628471374512
0.4214956760406494 0.5575727820396423 -0.1243622675538063
0.39735376834869385 0.5356886982917786 -0.12002629041671753
0.3736809194087982 0.5141946077346802 -0.11569204926490784
0.3503072261810303 0.4929113984107971 -0.11130523681640625
0.3270878493785858 0.4716847538948059 -0.1068190187215805
0.30401110649108887 0.450497031211853 -0.1022309735417366
0.2811208963394165 0.4293884336948395 -0.09755849838256836
0.25845208764076233 0.4083913266658783 -0.09281744807958603
0.23603029549121857 0.38752952218055725 -0.08802182227373123
0.21387219429016113 0.36681875586509705 -0.08318374305963516
0.19198597967624664 0.3462670147418976 -0.078313447535038
0.17037183046340942 0.3258744180202484 -0.0734192281961441
0.14908921718597412 0.30565962195396423 -0.06851954758167267
0.12835396826267242 0.28569328784942627 -0.06366001814603806
0.108387790620327 0.26603779196739197 -0.0588860884308815
0.08939333260059357 0.246737539768219 -0.05423843488097191
0.07155846059322357 0.22782018780708313 -0.049753665924072266
0.05506042763590813 0.20929817855358124 -0.04546498507261276
0.04007088020443916 0.19116947054862976 -0.041403040289878845
0.02675655670464039 0.17341957986354828 -0.037596024572849274
0.015189997851848602 0.15603934228420258 -0.03405550494790077
0.005371947307139635 0.1390400379896164 -0.030781572684645653
-0.0026757915038615465 0.12244801223278046 -0.02777855098247528
-0.00890850368887186 0.10630466789007187 -0.025055401027202606
-0.013259688392281532 0.09066683053970337 -0.022625593468546867
-0.015641765668988228 0.07560794800519943 -0.02050713822245598
-0.0159468874335289 0.061218954622745514 -0.018722569569945335
-0.014080720953643322 0.047561485320329666 -0.017288558185100555
-0.010105879977345467 0.03448154404759407 -0.016173483803868294
-0.004154894966632128 0.021786054596304893 -0.015331245958805084
0.0035991589538753033 0.009320056065917015 -0.014715228229761124
0.012923238798975945 -0.0030310354195535183 -0.014276459813117981
0.023509539663791656 -0.01533791609108448 -0.01396268606185913
0.03496905416250229 -0.02762383408844471 -0.013718568719923496
0.04683748632669449 -0.0398612879216671 -0.013487576507031918
0.058664653450250626 -0.05190027505159378 -0.013240281492471695
0.07015547156333923 -0.06350400298833847 -0.012990652583539486
0.0811370387673378 -0.07453648000955582 -0.012754062190651894
0.09154112637042999 -0.0849655419588089 -0.012542891316115856
0.1013864055275917 -0.09484393149614334 -0.012367011979222298
0.1107613816857338 -0.10429258644580841 -0.012234650552272797
0.11981286853551865 -0.11349049210548401 -0.012153462506830692
0.1287410855293274 -0.12266825884580612 -0.012130195274949074
0.13776560127735138 -0.13203461468219757 -0.012156058102846146
0.14706675708293915 -0.14173316955566406 -0.01221325621008873
0.15678001940250397 -0.15185974538326263 -0.012283779680728912
0.166992649435997 -0.1624569147825241 -0.01234825886785984
0.1777344048023224 -0.17350253462791443 -0.01238514669239521
0.1889619380235672 -0.18489418923854828 -0.012370487675070763
0.20054152607917786 -0.19643275439739227 -0.012278478592634201
0.21229258179664612 -0.20788653194904327 -0.012088785879313946
0.22414954006671906 -0.21919400990009308 -0.011801213026046753
0.23607392609119415 -0.23033881187438965 -0.01142218429595232
0.24802656471729279 -0.24131141602993011 -0.010961002670228481
0.2599695026874542 -0.252109557390213 -0.010429421439766884
0.2718679904937744 -0.262738436460495 -0.009841039776802063
0.28369179368019104 -0.2732100784778595 -0.009210586547851562
0.2954045534133911 -0.28353261947631836 -0.008554065600037575
0.3066532611846924 -0.2934568226337433 -0.007911081425845623
0.31681329011917114 -0.30251359939575195 -0.00734157208353281
0.32537147402763367 -0.3103262186050415 -0.006897338200360537
0.33191853761672974 -0.3166036903858185 -0.0066224560141563416
0.3361099064350128 -0.32111045718193054 -0.006556433625519276
0.3376205861568451 -0.3236321210861206 -0.00673819100484252
0.3360961377620697 -0.3239389955997467 -0.007210748270153999
0.33112195134162903 -0.3217464089393616 -0.008004332892596722
0.3223251402378082 -0.3166854679584503 -0.009016838856041431
0.30930569767951965 -0.30831030011177063 -0.010090705938637257
0.29162126779556274 -0.29612594842910767 -0.011058847419917583
0.2688482403755188 -0.2796318233013153 -0.011739061214029789
0.24066050350666046 -0.2583838105201721 -0.011933650821447372
0.20692826807498932 -0.23207826912403107 -0.011435523629188538
0.16782774031162262 -0.20065264403820038 -0.010042431764304638
0.12386810779571533 -0.16446776688098907 -0.007636631838977337
0.0756365954875946 -0.124262236058712 -0.004252681974321604
0.023647312074899673 -0.08075995743274689 4.4658194383373484e-05
-0.03171734884381294 -0.03457048907876015 0.005188154522329569
-0.09024743735790253 0.013853662647306919 0.01111874170601368
-0.1519324630498886 0.06424184888601303 0.017794141545891762
-0.21697963774204254 0.11651721596717834 0.025195544585585594
-0.28586095571517944 0.17085273563861847 0.03333691507577896
-0.359729528427124 0.2283249795436859 0.04232038930058479
-0.44046199321746826 0.290828138589859 0.05234253779053688
-0.5305345058441162 0.3607109785079956 0.06367921084165573
-0.6332519054412842 0.4409683048725128 0.07671494781970978
-0.7531454563140869 0.535582959651947 0.09199295938014984
-0.8966534733772278 0.6501073241233826 0.11030026525259018
-1.073315143585205 0.7926778793334961 0.13281705975532532
0.8556725382804871 0.9879924654960632 -0.2563971281051636
0.7909628748893738 0.9258420467376709 -0.2392129749059677
0.7348423004150391 0.872157871723175 -0.22459648549556732
0.685991108417511 0.8256438970565796 -0.2121506929397583
0.6432173252105713 0.7851279973983765 -0.20151486992835999
0.6054250001907349 0.7495316863059998 -0.19235526025295258
0.5715916156768799 0.7178473472595215 -0.1843583732843399
0.5407508611679077 0.6891213059425354 -0.1772254854440689
0.5119858384132385 0.6624470949172974 -0.17067115008831024
0.48468315601348877 0.6372126936912537 -0.16450002789497375
0.45861124992370605 0.6131765842437744 -0.1586316078901291
0.43357208371162415 0.590129554271698 -0.1529950648546219
0.40937474370002747 0.5678695440292358 -0.14752152562141418
0.3858347535133362 0.5462002754211426 -0.14214381575584412
0.3627743422985077 0.524932324886322 -0.13679666817188263
0.3400222659111023 0.5038825273513794 -0.13141678273677826
0.3174302279949188 0.4828907251358032 -0.12594899535179138
0.2949836850166321 0.46193361282348633 -0.12038866430521011
0.27272528409957886 0.4410471022129059 -0.11475373059511185
0.25069013237953186 0.4202602207660675 -0.1090603694319725
0.2289048284292221 0.39959439635276794 -0.10332264006137848
0.20738846063613892 0.37906381487846375 -0.09755254536867142
0.18615256249904633 0.3586758077144623 -0.09176000952720642
0.16520187258720398 0.33843109011650085 -0.08595294505357742
0.1446021944284439 0.31835249066352844 -0.08015221357345581
0.12457640469074249 0.2985210716724396 -0.07441230118274689
0.10535042732954025 0.2790071964263916 -0.06878673285245895
0.08712860941886902 0.2598594129085541 -0.06332236528396606
0.07009880244731903 0.24110659956932068 -0.05806044861674309
0.05443771556019783 0.2227593958377838 -0.053037650883197784
0.040317028760910034 0.20481137931346893 -0.04828713834285736
0.027904465794563293 0.18724054098129272 -0.04383865371346474
0.017258357256650925 0.1700214445590973 -0.03969603404402733
0.008355152793228626 0.15314851701259613 -0.03584538400173187
0.0011983525473624468 0.1366405338048935 -0.03227965906262398
-0.0041813175193965435 0.12054086476564407 -0.028998831287026405
-0.0077293734066188335 0.10491801798343658 -0.02600938454270363
-0.009370896965265274 0.08986712247133255 -0.023323971778154373
-0.009014395996928215 0.07551078498363495 -0.020960984751582146
-0.0065833805128932 0.06194707378745079 -0.018933648243546486
-0.00213847728446126 0.04903800040483475 -0.017206938937306404
0.004191271029412746 0.036592576652765274 -0.015731623396277428
0.012231734581291676 0.024450311437249184 -0.01445902418345213
0.0217477735131979 0.012483257800340652 -0.013340006582438946
0.03243241086602211 0.0005992927472107112 -0.01232477743178606
0.04390421882271767 -0.011254258453845978 -0.011363626457750797
0.0557161346077919 -0.0230863094329834 -0.010408998467028141
0.06743764132261276 -0.034767527133226395 -0.0094441007822752
0.07878662645816803 -0.04604855924844742 -0.008494404144585133
0.08960407227277756 -0.05677759647369385 -0.007580198347568512
0.0998353660106659 -0.06690635532140732 -0.00671264948323369
0.10951125621795654 -0.0764707401394844 -0.005895243491977453
0.11873059719800949 -0.08557344973087311 -0.005125376395881176
0.12764909863471985 -0.09437288343906403 -0.004395610187202692
0.13647513091564178 -0.1030779555439949 -0.0036937810946255922
0.1454314887523651 -0.11189984530210495 -0.002999252639710903
0.1546984761953354 -0.12099984288215637 -0.002290422795340419
0.16441038250923157 -0.1304921954870224 -0.0015491098165512085
0.17465169727802277 -0.1404399871826172 -0.0007604096317663789
0.18544608354568481 -0.1508445292711258 8.674241689732298e-05
0.1967391073703766 -0.16162925958633423 0.0009982655756175518
0.2083791047334671 -0.172622948884964 0.00197308580391109
0.22016534209251404 -0.18361234664916992 0.0030044158920645714
0.23202571272850037 -0.19452399015426636 0.004089081194251776
0.24392031133174896 -0.20532220602035522 0.0052239480428397655
0.25581109523773193 -0.21597769856452942 0.006404593586921692
0.26766401529312134 -0.22646915912628174 0.007625539321452379
0.2794506847858429 -0.23678405582904816 0.00888056494295597
0.2911493480205536 -0.24691899120807648 0.010163052938878536
0.30273377895355225 -0.2568696141242981 0.011464410461485386
0.3138602674007416 -0.26638221740722656 0.012724107131361961
0.32391345500946045 -0.2749910354614258 0.013835510239005089
0.3323913812637329 -0.28232327103614807 0.0147073520347476
0.33889690041542053 -0.28809088468551636 0.015262971632182598
0.3430976867675781 -0.2920588552951813 0.015434186905622482
0.34468063712120056 -0.2940094769001007 0.015153793618083
0.3433029055595398 -0.293705016374588 0.014346887357532978
0.33855825662612915 -0.2908463180065155 0.012946311384439468
0.3300633728504181 -0.2850463390350342 0.011027691885828972
0.317400723695755 -0.2758420705795288 0.008724610321223736
0.3001112937927246 -0.2627251446247101 0.00617948779836297
0.2777588665485382 -0.24519070982933044 0.0035544962156563997
0.2500132620334625 -0.22280621528625488 0.0010381042957305908
0.21675541996955872 -0.1953035295009613 -0.0011541757266968489
0.17819251120090485 -0.16268698871135712 -0.0027876372914761305
0.13490675389766693 -0.12540623545646667 -0.0037013792898505926
0.0875968411564827 -0.08426646888256073 -0.003910508006811142
0.03685847297310829 -0.04001995921134949 -0.003471155185252428
-0.016887372359633446 0.006738133262842894 -0.0024510484654456377
-0.07343560457229614 0.05561213940382004 -0.0009199024643748999
-0.13282142579555511 0.10642798990011215 0.0010581361129879951
-0.1953364759683609 0.15924294292926788 0.0034299041144549847
-0.2615763247013092 0.21438847482204437 0.006168137304484844
-0.3328366279602051 0.2729300856590271 0.00941880140453577
-0.41110891103744507 0.3366076946258545 0.01346383336931467
-0.49895626306533813 0.4076124429702759 0.018625343218445778
-0.599754273891449 0.4887791574001312 0.02529303915798664
-0.7181001305580139 0.5839188098907471 0.0339709110558033
-0.8605067729949951 0.6983832716941833 0.04535306990146637
-1.036610722541809 0.8400476574897766 0.0604531466960907
0.8358392119407654 0.9939339756965637 -0.2946072816848755
0.7719123363494873 0.9327976107597351 -0.27636775374412537
0.7164818644523621 0.8798314332962036 -0.26053598523139954
0.66828852891922 0.8338350057601929 -0.24676446616649628
0.6261721253395081 0.7937026023864746 -0.23473376035690308
0.589048445224762 0.7584014534950256 -0.22414585947990417
0.555892288684845 0.7269546985626221 -0.2147195041179657
0.5257241725921631 0.6984297633171082 -0.20618636906147003
0.49760860204696655 0.6719350218772888 -0.1982901692390442
0.47092607617378235 0.6468700766563416 -0.19084961712360382
0.4454571604728699 0.6230021715164185 -0.18377748131752014
0.42101407051086426 0.6001278162002563 -0.17699439823627472
0.39741310477256775 0.5780477523803711 -0.1704224944114685
0.37447431683540344 0.5565668344497681 -0.163985475897789
0.35202205181121826 0.5354940891265869 -0.15760868787765503
0.3298850953578949 0.5146435499191284 -0.15121929347515106
0.3079131245613098 0.493850439786911 -0.1447533816099167
0.28609079122543335 0.47308769822120667 -0.1382044404745102
0.2644612789154053 0.45238828659057617 -0.1315917670726776
0.2430601418018341 0.43177831172943115 -0.12493238598108292
0.22191551327705383 0.41127708554267883 -0.11824100464582443
0.2010480910539627 0.39089688658714294 -0.11152993142604828
0.18047171831130981 0.3706435263156891 -0.10480908304452896
0.16019397974014282 0.3505166471004486 -0.09808620810508728
0.1402847319841385 0.33054202795028687 -0.09138482064008713
0.12097183614969254 0.31081271171569824 -0.08476896584033966
0.10248380899429321 0.2914086580276489 -0.07830057293176651
0.08502570539712906 0.27238500118255615 -0.07203296571969986
0.06878510117530823 0.2537742555141449 -0.06601222604513168
0.053938426077365875 0.23558829724788666 -0.060278572142124176
0.04065816104412079 0.21781961619853973 -0.05486788600683212
0.029114414006471634 0.20044249296188354 -0.049811623990535736
0.019354375079274178 0.1834137886762619 -0.04510460048913956
0.011333934031426907 0.16670484840869904 -0.04071669280529022
0.005040954332798719 0.15032024681568146 -0.03662765771150589
0.0004936391487717628 0.134298637509346 -0.03282715007662773
-0.0022653767373412848 0.11871370673179626 -0.02931380271911621
-0.003175130346789956 0.10367587208747864 -0.026094574481248856
-0.002163412980735302 0.08933328837156296 -0.023183954879641533
0.0008237587753683329 0.07581654191017151 -0.020592832937836647
0.005722138099372387 0.06301034986972809 -0.018285030499100685
0.012401379644870758 0.050735026597976685 -0.01621021330356598
0.020683344453573227 0.03883258253335953 -0.014318997971713543
0.030330661684274673 0.02716890349984169 -0.012562724761664867
0.04104050621390343 0.01563677377998829 -0.010893856175243855
0.05244605988264084 0.004159524105489254 -0.009267089888453484
0.06412749737501144 -0.007303946185857058 -0.0076415054500103
0.07568448781967163 -0.01864728331565857 -0.006010511890053749
0.0868542417883873 -0.029618754982948303 -0.004410071764141321
0.09749351441860199 -0.0400586873292923 -0.0028651594184339046
0.10755971074104309 -0.049907684326171875 -0.0013861141633242369
0.11709189414978027 -0.05918747931718826 2.8984775781282224e-05
0.1261940598487854 -0.06798357516527176 0.0013921079225838184
0.13502506911754608 -0.07643371820449829 0.002723891055211425
0.14379490911960602 -0.08472376316785812 0.00405322527512908
0.15272356569766998 -0.09306146204471588 0.005412097088992596
0.16198612749576569 -0.10161823034286499 0.00682668574154377
0.17171183228492737 -0.11052021384239197 0.008316326886415482
0.18197931349277496 -0.11984551697969437 0.009892708621919155
0.1928049623966217 -0.1296149641275406 0.01155797578394413
0.20412492752075195 -0.1397772580385208 0.013301927596330643
0.21577535569667816 -0.1501920074224472 0.015098901465535164
0.22754450142383575 -0.16067197918891907 0.016916897147893906
0.2393614947795868 -0.17113958299160004 0.018749134615063667
0.25119057297706604 -0.1815461367368698 0.020594976842403412
0.2629983425140381 -0.19184696674346924 0.02245394140481949
0.274755597114563 -0.20200347900390625 0.024325724691152573
0.28643882274627686 -0.2119852751493454 0.026210244745016098
0.29803094267845154 -0.22177115082740784 0.02810760959982872
0.3095100522041321 -0.2313404679298401 0.030015256255865097
0.3205382823944092 -0.24043303728103638 0.0318530797958374
0.33050984144210815 -0.24858711659908295 0.033472105860710144
0.3389345705509186 -0.2554348409175873 0.03474583104252815
0.3454281687736511 -0.2606915831565857 0.035568974912166595
0.3496715724468231 -0.26412343978881836 0.035848382860422134
0.3513648211956024 -0.26550987362861633 0.03549208864569664
0.3501776158809662 -0.2646050453186035 0.03439671918749809
0.34571269154548645 -0.2610952854156494 0.03246062621474266
0.3375782072544098 -0.25458070635795593 0.029729176312685013
0.3253393769264221 -0.24458752572536469 0.02630586549639702
0.3085193336009979 -0.23060055077075958 0.02230258472263813
0.28666606545448303 -0.21211662888526917 0.01785621978342533
0.25944116711616516 -0.18872107565402985 0.013142162002623081
0.22673146426677704 -0.16018840670585632 0.00838286429643631
0.18877190351486206 -0.1265982985496521 0.0038473880849778652
0.1462101936340332 -0.08849109709262848 -0.0002500900300219655
0.09983839094638824 -0.04672589153051376 -0.003885753219947219
0.05032061040401459 -0.002072571776807308 -0.007091259118169546
-0.0018885963363572955 0.044893063604831696 -0.009924975223839283
-0.056585248559713364 0.09383053332567215 -0.012463552877306938
-0.11383728682994843 0.14465346932411194 -0.014795198105275631
-0.17399799823760986 0.1975373774766922 -0.017015330493450165
-0.23774965107440948 0.2529497742652893 -0.019208526238799095
-0.30644121766090393 0.3119265139102936 -0.021235596388578415
-0.38208264112472534 0.3760561943054199 -0.022797657176852226
-0.4672679603099823 0.44740191102027893 -0.023589231073856354
-0.5654386281967163 0.5287055969238281 -0.02327551878988743
-0.681329071521759 0.6237377524375916 -0.02145320549607277
-0.8217310905456543 0.7379008531570435 -0.017589028924703598
-0.9968492984771729 0.8793015480041504 -0.010915684513747692
0.8155097961425781 0.9999802112579346 -0.33373579382896423
0.7521755695343018 0.9396075010299683 -0.3142351508140564
0.6974684000015259 0.8873323798179626 -0.29706934094429016
0.6500619649887085 0.841925859451294 -0.28189998865127563
0.608750581741333 0.802272617816925 -0.26842328906059265
0.572420597076416 0.7673444151878357 -0.2563619613647461
0.5400286316871643 0.736179530620575 -0.24545976519584656
0.510586142539978 0.7078682780265808 -0.23547685146331787
0.4831558167934418 0.6815487742424011 -0.22618810832500458
0.45712533593177795 0.6566444039344788 -0.21742869913578033
0.4322879910469055 0.6329315900802612 -0.20910529792308807
0.40846553444862366 0.6102122664451599 -0.20113009214401245
0.3854810893535614 0.5882898569107056 -0.19341616332530975
0.3631593883037567 0.5669700503349304 -0.1858777403831482
0.3413275182247162 0.5460613369941711 -0.1784304678440094
0.3198150396347046 0.5253754258155823 -0.17099156975746155
0.2984711527824402 0.5047440528869629 -0.16348797082901
0.2772811949253082 0.4841379225254059 -0.15591198205947876
0.2562897503376007 0.46358802914619446 -0.1482851803302765
0.23553381860256195 0.44311848282814026 -0.14062638580799103
0.2150428295135498 0.4227466285228729 -0.13295160233974457
0.19483891129493713 0.4024825394153595 -0.12527388334274292
0.17493727803230286 0.38232964277267456 -0.11760358512401581
0.15534724295139313 0.36228543519973755 -0.10994849354028702
0.13614065945148468 0.34237784147262573 -0.10233490914106369
0.11754751205444336 0.32271140813827515 -0.09483607858419418
0.09979721903800964 0.3033771216869354 -0.08752230554819107
0.08309496939182281 0.28443849086761475 -0.08045333623886108
0.06762831658124924 0.26593440771102905 -0.07368012517690659
0.053574517369270325 0.2478814721107483 -0.06724672019481659
0.0411086305975914 0.23027555644512177 -0.061192192137241364
0.030405336990952492 0.21309228241443634 -0.05555037781596184
0.02150433510541916 0.1962721198797226 -0.050306521356105804
0.014344383962452412 0.17975954711437225 -0.04541268199682236
0.008899333886802197 0.16353972256183624 -0.0408339686691761
0.005174705293029547 0.14764012396335602 -0.03654838353395462
0.0031993829179555178 0.1321316808462143 -0.0325455404818058
0.0030168539378792048 0.11713121086359024 -0.028825774788856506
0.004675072617828846 0.10280216485261917 -0.02539912797510624
0.008199823088943958 0.08929895609617233 -0.02227441594004631
0.01351925078779459 0.07653305679559708 -0.01941651850938797
0.020500069484114647 0.064344123005867 -0.016776252537965775
0.028960933908820152 0.052584875375032425 -0.014305179938673973
0.03866569697856903 0.04112330451607704 -0.011955974623560905
0.04932170361280441 0.02984572947025299 -0.00968325324356556
0.06058460474014282 0.01866026408970356 -0.007444895803928375
0.07207052409648895 0.007502281107008457 -0.005204186774790287
0.08341637998819351 -0.0035433508455753326 -0.002961869118735194
0.0943814143538475 -0.014231480658054352 -0.0007627494051121175
0.10483748465776443 -0.024402538314461708 0.001364055904559791
0.11475113779306412 -0.03399188816547394 0.0034085791558027267
0.12416554242372513 -0.04301130026578903 0.005376884248107672
0.13318514823913574 -0.051532115787267685 0.007288359105587006
0.1419668048620224 -0.0596737377345562 0.009174241684377193
0.15071667730808258 -0.06760038435459137 0.011077022179961205
0.15964674949645996 -0.07551201432943344 0.01303856261074543
0.16892293095588684 -0.08358315378427505 0.015089644119143486
0.178665891289711 -0.09194532036781311 0.01725124940276146
0.18894635140895844 -0.10068579763174057 0.019533026963472366
0.19977284967899323 -0.10984010249376297 0.021930355578660965
0.21107454597949982 -0.11937886476516724 0.024420322850346565
0.22268150746822357 -0.12919224798679352 0.026957577094435692
0.2343807816505432 -0.1391226351261139 0.029489943757653236
0.2461097240447998 -0.1490953266620636 0.032008253037929535
0.25784173607826233 -0.15905529260635376 0.03451408073306084
0.2695508897304535 -0.16894741356372833 0.03700980916619301
0.2812131941318512 -0.17871931195259094 0.039498504251241684
0.2928078770637512 -0.18832407891750336 0.04198377579450607
0.30431824922561646 -0.1977224349975586 0.044469550251960754
0.3157205283641815 -0.20687532424926758 0.046956151723861694
0.3266792595386505 -0.21551524102687836 0.04934436455368996
0.3365982472896576 -0.22318540513515472 0.05144720524549484
0.3449992835521698 -0.22952288389205933 0.05310723930597305
0.3515118360519409 -0.2342471331357956 0.05419466271996498
0.3558310866355896 -0.23712509870529175 0.054595235735177994
0.3576716482639313 -0.23793335258960724 0.05419598147273064
0.3567172884941101 -0.23641708493232727 0.05286882445216179
0.35258200764656067 -0.23224784433841705 0.050480421632528305
0.3448677659034729 -0.22501765191555023 0.04704243689775467
0.33312472701072693 -0.21424934267997742 0.04262213408946991
0.31685835123062134 -0.19942758977413177 0.03729435056447983
0.2955988049507141 -0.18005788326263428 0.031164102256298065
0.26899489760398865 -0.1557503044605255 0.02438783273100853
0.23693323135375977 -0.12632901966571808 0.01719111204147339
0.19966943562030792 -0.09195616841316223 0.00987701490521431
0.15790502727031708 -0.05326194316148758 0.0027207713574171066
0.11250679939985275 -0.011144404299557209 -0.004198180045932531
0.06419514864683151 0.03362128883600235 -0.010872558690607548
0.013454006984829903 0.08048482984304428 -0.017341312021017075
-0.03950997442007065 0.1291598528623581 -0.023682501167058945
-0.09478556364774704 0.17963925004005432 -0.03000701032578945
-0.15276755392551422 0.23220038414001465 -0.036454878747463226
-0.21419328451156616 0.2874244153499603 -0.04317629709839821
-0.2803933918476105 0.346310555934906 -0.05008252337574959
-0.35331282019615173 0.4103139638900757 -0.05692693591117859
-0.43551310896873474 0.48140469193458557 -0.06349518895149231
-0.5304614901542664 0.5622912049293518 -0.06959351897239685
-0.6430259943008423 0.6568064093589783 -0.07502799481153488
-0.780346691608429 0.7705920934677124 -0.07957618683576584
-0.9534323215484619 0.912358283996582 -0.0829421728849411
0.7944021224975586 1.0062291622161865 -0.37434130907058716
0.7315263748168945 0.9463898539543152 -0.3532847464084625
0.6776132583618164 0.8947863578796387 -0.33460569381713867
0.6311466693878174 0.8500425815582275 -0.3179263174533844
0.5908032655715942 0.8109621405601501 -0.3029259443283081
0.5554032325744629 0.7764831185340881 -0.2893276512622833
0.5238730907440186 0.7456442713737488 -0.2768886685371399
0.4952199161052704 0.7175604701042175 -0.265392929315567
0.4685215353965759 0.6914132833480835 -0.25464701652526855
0.44318661093711853 0.6666616201400757 -0.24450519680976868
0.4190205931663513 0.6430913805961609 -0.23486857116222382
0.3958543539047241 0.6205097436904907 -0.22564122080802917
0.37351763248443604 0.5987229347229004 -0.21672724187374115
0.35183995962142944 0.5775381922721863 -0.20803134143352509
0.33065125346183777 0.5567634701728821 -0.1994592249393463
0.3097827136516571 0.5362089276313782 -0.19091790914535522
0.2890840172767639 0.5157041549682617 -0.18232488632202148
0.26854225993156433 0.4952182173728943 -0.17367202043533325
0.24820448458194733 0.4747815728187561 -0.16498428583145142
0.22810965776443481 0.4544168710708618 -0.15628314018249512
0.20828877389431 0.4341394901275635 -0.14758653938770294
0.18876516819000244 0.4139571785926819 -0.13890887796878815
0.16955527663230896 0.3938707411289215 -0.13026119768619537
0.15066921710968018 0.3738744854927063 -0.1216515302658081
0.1321791708469391 0.35399696230888367 -0.1131085455417633
0.11431390792131424 0.33435314893722534 -0.10471364855766296
0.09730183333158493 0.3150447607040405 -0.09654460102319717
0.08134772628545761 0.2961447834968567 -0.0886671394109726
0.06664010882377625 0.2777012586593628 -0.08113725483417511
0.053358785808086395 0.25973913073539734 -0.07400330156087875
0.04168377071619034 0.24226287007331848 -0.0673084482550621
0.03179701417684555 0.22525565326213837 -0.06109008938074112
0.02373446710407734 0.20864537358283997 -0.055324479937553406
0.017420731484889984 0.1923491209745407 -0.049945466220378876
0.012816177681088448 0.17632988095283508 -0.044902823865413666
0.009911962784826756 0.16059836745262146 -0.040161918848752975
0.008719634264707565 0.14521509408950806 -0.035702113062143326
0.009260041639208794 0.13029247522354126 -0.031515706330537796
0.011550799012184143 0.11599620431661606 -0.027606874704360962
0.015583893284201622 0.1024916023015976 -0.02398149110376835
0.021278085187077522 0.08971747756004333 -0.020606927573680878
0.028498727828264236 0.07753892242908478 -0.017437104135751724
0.037065424025058746 0.06582662463188171 -0.0144260348752141
0.04674944654107094 0.05445917695760727 -0.01152861025184393
0.05727560073137283 0.04332603141665459 -0.008701687678694725
0.06832922995090485 0.032330699265003204 -0.00590546103194356
0.07956833392381668 0.021396301686763763 -0.0031055877916514874
0.09067024290561676 0.010590638034045696 -0.0003076077555306256
0.10141602903604507 0.00014544790610671043 0.00243682530708611
0.11169032007455826 -0.009786546230316162 0.005095233675092459
0.12146549671888351 -0.019141066819429398 0.00765770860016346
0.13078507781028748 -0.02792453020811081 0.010133241303265095
0.13975006341934204 -0.03619805723428726 0.012546675279736519
0.14851130545139313 -0.044066306203603745 0.01493715588003397
0.15726689994335175 -0.05167483165860176 0.01735738106071949
0.166216641664505 -0.059212833642959595 0.019856970757246017
0.17551381886005402 -0.06685195118188858 0.022470606490969658
0.18526804447174072 -0.07472340762615204 0.02522086910903454
0.19554020464420319 -0.082918182015419 0.028116248548030853
0.2063313126564026 -0.09148140996694565 0.031147608533501625
0.2175661325454712 -0.10040158033370972 0.034283414483070374
0.22907526791095734 -0.10959690809249878 0.03746491298079491
0.24065326154232025 -0.11894048750400543 0.04062660038471222
0.25225234031677246 -0.12836603820323944 0.043759286403656006
0.26385927200317383 -0.13781818747520447 0.04686708375811577
0.27545779943466187 -0.14723674952983856 0.04995441809296608
0.2870291769504547 -0.15655964612960815 0.053025778383016586
0.2985532581806183 -0.1657259613275528 0.056085485965013504
0.31000930070877075 -0.1746792048215866 0.059137508273124695
0.3213658332824707 -0.18336157500743866 0.06218084692955017
0.33228600025177 -0.19149832427501678 0.06509684771299362
0.34218263626098633 -0.19863855838775635 0.06766457855701447
0.3505899906158447 -0.2044251263141632 0.06969975680112839
0.35715141892433167 -0.20858122408390045 0.07105191797018051
0.36157748103141785 -0.2108747810125351 0.07158954441547394
0.3635990619659424 -0.21107904613018036 0.07118254154920578
0.362915962934494 -0.20892947912216187 0.06968195736408234
0.3591560423374176 -0.20408229529857635 0.06692603975534439
0.3519192337989807 -0.19612614810466766 0.06289039552211761
0.3407443165779114 -0.18458764255046844 0.057601090520620346
0.32512104511260986 -0.16895870864391327 0.05108996480703354
0.30456122756004333 -0.14876055717468262 0.04342345520853996
0.27869704365730286 -0.12363462895154953 0.0347321517765522
0.2474072128534317 -0.09346049278974533 0.0252390019595623
0.21095722913742065 -0.058486729860305786 0.015278195962309837
0.17008620500564575 -0.019428635016083717 0.005190374795347452
0.1257162094116211 0.02279438078403473 -0.004876777064055204
0.07861165702342987 0.06741584837436676 -0.014865019358694553
0.029282188042998314 0.11391792446374893 -0.024784550070762634
-0.02205834724009037 0.16206763684749603 -0.03470847010612488
-0.07550778239965439 0.21192842721939087 -0.0447666309773922
-0.1314835250377655 0.26386353373527527 -0.05514221638441086
-0.1907499134540558 0.31854531168937683 -0.0660536140203476
-0.2545655071735382 0.3769382834434509 -0.07749902456998825
-0.324745237827301 0.44039052724838257 -0.08934815227985382
-0.40375572443008423 0.5108122825622559 -0.1015523299574852
-0.49502575397491455 0.5909217000007629 -0.11415308713912964
-0.6034898161888123 0.6846778988838196 -0.1272973120212555
-0.736573338508606 0.7980730533599854 -0.14127440750598907
-0.9060672521591187 0.940645158290863 -0.1565951704978943
0.7724233865737915 1.012723684310913 -0.4166172444820404
0.7099200487136841 0.9532058835029602 -0.39364323019981384
0.6568997502326965 0.9022614359855652 -0.3732365071773529
0.6115368604660034 0.8582509160041809 -0.3549190163612366
0.572326123714447 0.8198315501213074 -0.33831295371055603
0.537990927696228 0.7858737111091614 -0.32311588525772095
0.5074194073677063 0.7554032802581787 -0.309082955121994
0.4796209931373596 0.7275620102882385 -0.2960149049758911
0.45370468497276306 0.7015863060951233 -0.2837497591972351
0.42911195755004883 0.6769810318946838 -0.272163063287735
0.4056606590747833 0.6535423994064331 -0.26115161180496216
0.3831900656223297 0.6310830116271973 -0.2506118714809418
0.3615361750125885 0.6094125509262085 -0.2404392957687378
0.340533047914505 0.5883395671844482 -0.230529323220253
0.3200139105319977 0.5676727890968323 -0.22077776491641998
0.29981186985969543 0.5472212433815002 -0.21108119189739227
0.2797776162624359 0.5268129706382751 -0.20134761929512024
0.2599010169506073 0.5064166188240051 -0.19156914949417114
0.24023233354091644 0.4860624372959137 -0.18177510797977448
0.22081324458122253 0.4657723903656006 -0.17199037969112396
0.2016766518354416 0.44555991888046265 -0.16223540902137756
0.18284760415554047 0.425430566072464 -0.15252633392810822
0.16434359550476074 0.4053818881511688 -0.14287510514259338
0.14617565274238586 0.3854045867919922 -0.13329005241394043
0.12841469049453735 0.3655260503292084 -0.12380145490169525
0.11128458380699158 0.3458682894706726 -0.11449650675058365
0.0950104147195816 0.3265420198440552 -0.10545877367258072
0.07979642599821091 0.3076304495334625 -0.0967593640089035
0.06583313643932343 0.28919246792793274 -0.08845934271812439
0.05330516770482063 0.27126559615135193 -0.08061225712299347
0.04240017011761665 0.25386807322502136 -0.07326680421829224
0.03331023454666138 0.23699767887592316 -0.06646587699651718
0.026071008294820786 0.22057628631591797 -0.06017876788973808
0.020595166832208633 0.20449689030647278 -0.05432233214378357
0.016828959807753563 0.18870030343532562 -0.048831451684236526
0.014746134169399738 0.17317768931388855 -0.04365856572985649
0.014335970394313335 0.15797187387943268 -0.038771744817495346
0.015590682625770569 0.1431802362203598 -0.03415350988507271
0.018491510301828384 0.12895545363426208 -0.02979978919029236
0.022992566227912903 0.11545787006616592 -0.025711221620440483
0.029004130512475967 0.10264988243579865 -0.02185775712132454
0.03639479726552963 0.09042488038539886 -0.018197450786828995
0.04499184712767601 0.0786767452955246 -0.014687751419842243
0.05458160862326622 0.06730210036039352 -0.01128652784973383
0.06491345167160034 0.05620286613702774 -0.007953226566314697
0.07570753991603851 0.04528911039233208 -0.004650236107409
0.08666592091321945 0.0344841368496418 -0.0013449086109176278
0.097505584359169 0.023845426738262177 0.001954061910510063
0.10802719742059708 0.013587546534836292 0.005190244410187006
0.11812517791986465 0.0038518658839166164 0.008328811265528202
0.12777462601661682 -0.005301911383867264 0.011359889060258865
0.13701656460762024 -0.01387885119765997 0.014294540509581566
0.14594592154026031 -0.02193376049399376 0.017161481082439423
0.1547049880027771 -0.029560459777712822 0.020005472004413605
0.1634809374809265 -0.036889463663101196 0.022886384278535843
0.1724582314491272 -0.04409750923514366 0.02585914172232151
0.18177467584609985 -0.0513487234711647 0.02896093763411045
0.19152648746967316 -0.058769647032022476 0.03221530467271805
0.2017638385295868 -0.06645064800977707 0.03563002869486809
0.21248064935207367 -0.07444225251674652 0.03919340297579765
0.22360019385814667 -0.08274681866168976 0.042869243770837784
0.23495925962924957 -0.0913076177239418 0.04659182205796242
0.24636788666248322 -0.10002777725458145 0.05028963088989258
0.25779855251312256 -0.1088535264134407 0.05395656079053879
0.26925501227378845 -0.11773402243852615 0.057600341737270355
0.2807323932647705 -0.1266086995601654 0.06122719869017601
0.29221734404563904 -0.1354096680879593 0.06484148651361465
0.30368852615356445 -0.14406515657901764 0.06844550371170044
0.3151171803474426 -0.15250322222709656 0.07203931361436844
0.3264586627483368 -0.1606479436159134 0.07561603933572769
0.3373708426952362 -0.16821852326393127 0.07903672009706497
0.34727492928504944 -0.17477163672447205 0.08204993605613708
0.35571685433387756 -0.17995670437812805 0.08444805443286896
0.3623543381690979 -0.1835012286901474 0.0860634297132492
0.3669142425060272 -0.1851741224527359 0.08675078302621841
0.36914482712745667 -0.18474501371383667 0.0863664448261261
0.3687646687030792 -0.18193943798542023 0.08474460989236832
0.36541852355003357 -0.17639808356761932 0.08169857412576675
0.3587096631526947 -0.16771095991134644 0.07716740667819977
0.34817078709602356 -0.15541528165340424 0.07113306224346161
0.3332800269126892 -0.139017254114151 0.06358034163713455
0.31353235244750977 -0.11806070804595947 0.054531436413526535
0.28854048252105713 -0.09222391992807388 0.044084250926971436
0.2581671476364136 -0.06144474446773529 0.03245195373892784
0.22267335653305054 -0.026057371869683266 0.019994165748357773
0.1828153282403946 0.013148091733455658 0.007116576656699181
0.1395486295223236 0.05525116249918938 -0.005957997404038906
0.09366867691278458 0.0995093509554863 -0.01911216415464878
0.04570748284459114 0.14544440805912018 -0.03231971710920334
-0.004108818247914314 0.1928754597902298 -0.045642297714948654
-0.05587475374341011 0.24192748963832855 -0.05922345072031021
-0.11001155525445938 0.29303282499313354 -0.0732850730419159
-0.16728490591049194 0.3469335734844208 -0.08811192959547043
-0.22884660959243774 0.4045678973197937 -0.10381779819726944
-0.29633986949920654 0.467208594083786 -0.1204429492354393
-0.3720836937427521 0.5367336273193359 -0.13816873729228973
-0.4593936800956726 0.6158934235572815 -0.15735699236392975
-0.5631563663482666 0.7087910771369934 -0.17862099409103394
-0.6909013986587524 0.8217859268188477 -0.20296747982501984
-0.8549101948738098 0.9652760028839111 -0.23208418488502502
0.7497217655181885 1.0194365978240967 -0.4602965712547302
0.6875416040420532 0.9600517749786377 -0.43501824140548706
0.635522723197937 0.9097596406936646 -0.41267329454421997
0.5914174914360046 0.8665466904640198 -0.39260733127593994
0.5534848570823669 0.8288659453392029 -0.3743377923965454
0.5203298330307007 0.7954922914505005 -0.3575063943862915
0.4907987415790558 0.7654291391372681 -0.34184861183166504
0.4639104902744293 0.7378460764884949 -0.3271733522415161
0.43881919980049133 0.7120442390441895 -0.31334903836250305
0.4150093197822571 0.6875826716423035 -0.30027544498443604
0.39231055974960327 0.6642688512802124 -0.28784623742103577
0.37056970596313477 0.641920804977417 -0.2759511470794678
0.349628746509552 0.6203525066375732 -0.2644779086112976
0.32932624220848083 0.5993747711181641 -0.2533130943775177
0.30949854850769043 0.5787975192070007 -0.24234291911125183
0.2899806499481201 0.5584293007850647 -0.23145368695259094
0.27062472701072693 0.5380973219871521 -0.22054389119148254
0.2514239549636841 0.5177702903747559 -0.20960630476474762
0.23243282735347748 0.497478723526001 -0.19867536425590515
0.2136964052915573 0.4772440493106842 -0.18777993321418762
0.1952505111694336 0.45707812905311584 -0.17694328725337982
0.1771223396062851 0.43698400259017944 -0.1661834418773651
0.15933126211166382 0.4169559180736542 -0.1555134356021881
0.14188972115516663 0.396980345249176 -0.14494185149669647
0.12486641854047775 0.3770811855792999 -0.13449928164482117
0.10847587138414383 0.3573818504810333 -0.12427490949630737
0.09293755888938904 0.33799898624420166 -0.11435573548078537
0.07845472544431686 0.3190247416496277 -0.10481707006692886
0.06522130221128464 0.3005307912826538 -0.09572542458772659
0.053429026156663895 0.28257039189338684 -0.08714082837104797
0.04327600449323654 0.265181303024292 -0.07911967486143112
0.034966979175806046 0.24838341772556305 -0.07171322405338287
0.028540143743157387 0.23210182785987854 -0.06488753110170364
0.023897433653473854 0.21621322631835938 -0.05854594334959984
0.020969020202755928 0.20064027607440948 -0.052610352635383606
0.019706929102540016 0.18535402417182922 -0.04702087119221687
0.020072506740689278 0.1703750342130661 -0.04173361882567406
0.02202344872057438 0.15577539801597595 -0.03671933710575104
0.025500142946839333 0.14167970418930054 -0.03196244686841965
0.03041776269674301 0.12822513282299042 -0.02745433896780014
0.03668202459812164 0.11538912355899811 -0.023165768012404442
0.04417167231440544 0.10309148579835892 -0.019058488309383392
0.0527297779917717 0.09125102311372757 -0.015093541704118252
0.0621652826666832 0.07978728413581848 -0.01123227458447218
0.07225751876831055 0.06862257421016693 -0.007437475956976414
0.08276351541280746 0.057684022933244705 -0.0036745877005159855
0.09342724829912186 0.0469077005982399 8.642446482554078e-05
0.10400106757879257 0.036349598318338394 0.0038340450264513493
0.11430177092552185 0.026207245886325836 0.007509016897529364
0.12423069775104523 0.01660936512053013 0.011075379326939583
0.13376347720623016 0.007609125692397356 0.014523697085678577
0.14293698966503143 -0.0007997656357474625 0.017866820096969604
0.15183891355991364 -0.008668801747262478 0.021136457100510597
0.1606021523475647 -0.016084397211670876 0.02438151277601719
0.16940182447433472 -0.02316546067595482 0.027666866779327393
0.1784047931432724 -0.030075792223215103 0.031050171703100204
0.1877308487892151 -0.036969177424907684 0.03456910327076912
0.19746117293834686 -0.043964825570583344 0.03824692592024803
0.20763440430164337 -0.05114981532096863 0.04209055379033089
0.2182382196187973 -0.058577295392751694 0.04608700051903725
0.2291969209909439 -0.06626074761152267 0.05019863694906235
0.24035832285881042 -0.07416581362485886 0.05435829609632492
0.25155410170555115 -0.08222454786300659 0.058495111763477325
0.2627812325954437 -0.09039783477783203 0.06260945647954941
0.27406319975852966 -0.09864265471696854 0.06671446561813354
0.28540855646133423 -0.10690157860517502 0.07081881165504456
0.2968096435070038 -0.11510433256626129 0.07492610067129135
0.30824241042137146 -0.12317109853029251 0.07903460413217545
0.31966742873191833 -0.13101673126220703 0.08313723653554916
0.33102166652679443 -0.13854862749576569 0.08721696585416794
0.34195399284362793 -0.14548206329345703 0.09111332893371582
0.35189270973205566 -0.15138404071331024 0.09454718232154846
0.3603944480419159 -0.1559121012687683 0.09729024022817612
0.36713096499443054 -0.15879905223846436 0.09916043281555176
0.37184587121009827 -0.15981543064117432 0.10000167787075043
0.3743063509464264 -0.1587277203798294 0.09965991973876953
0.37425169348716736 -0.1552519053220749 0.09795606881380081
0.37134721875190735 -0.14901426434516907 0.09468229860067368
0.36520594358444214 -0.13961060345172882 0.08974278718233109
0.3553616404533386 -0.12659500539302826 0.08307550102472305
0.34128713607788086 -0.10949462652206421 0.074616938829422
0.3224641680717468 -0.08788138628005981 0.06434179097414017
0.2984854578971863 -0.06147363409399986 0.05230965092778206
0.269189715385437 -0.030266109853982925 0.03871617466211319
0.23481692373752594 0.005329270847141743 0.023937752470374107
0.19611521065235138 0.044465042650699615 0.008438731543719769
0.15404917299747467 0.08624256402254105 -0.007483715191483498
0.10943068563938141 0.12995921075344086 -0.023650314658880234
0.06281020492315292 0.1751827597618103 -0.03999366983771324
0.014431645162403584 0.22178193926811218 -0.056558072566986084
-0.0357830710709095 0.26993271708488464 -0.07349434494972229
-0.08823955059051514 0.3201189637184143 -0.091056227684021
-0.14368048310279846 0.37313100695610046 -0.10958914458751678
-0.20313751697540283 0.4298951327800751 -0.12934230268001556
-0.26806941628456116 0.4916430115699768 -0.15056607127189636
-0.3406134843826294 0.5602403879165649 -0.1737164705991745
-0.42390114068984985 0.6384695768356323 -0.19953282177448273
-0.5226327180862427 0.7305440902709961 -0.22917954623699188
-0.6441736221313477 0.8430951237678528 -0.26452288031578064
-0.8007609248161316 0.9871604442596436 -0.3086939752101898
0.7267489433288574 1.026248574256897 -0.504518985748291
0.664872944355011 0.9668381810188293 -0.4765784442424774
0.6139528155326843 0.9171928763389587 -0.4521331787109375
0.5712224245071411 0.8748249411582947 -0.4302619695663452
0.534668505191803 0.837939441204071 -0.41032513976097107
0.5027673840522766 0.8051971197128296 -0.39187729358673096
0.4743247926235199 0.7755721211433411 -0.3746156692504883
0.4483763873577118 0.7482630610466003 -0.3583481013774872
0.42413225769996643 0.7226415872573853 -0.3429720997810364
0.4011262357234955 0.6983262300491333 -0.3284142315387726
0.379199355840683 0.6751364469528198 -0.31456664204597473
0.3582051992416382 0.6528967022895813 -0.3013135492801666
0.33799105882644653 0.6314254403114319 -0.2885359227657318
0.3183996081352234 0.610537052154541 -0.2761124074459076
0.2992701232433319 0.5900425910949707 -0.2639201581478119
0.28043946623802185 0.5697517395019531 -0.2518356144428253
0.26176100969314575 0.5494904518127441 -0.23974783718585968
0.24323205649852753 0.529228150844574 -0.2276507169008255
0.22491206228733063 0.508995771408081 -0.21558383107185364
0.2068505883216858 0.48881402611732483 -0.20358018577098846
0.18908721208572388 0.46869316697120667 -0.19166600704193115
0.1716526299715042 0.4486338496208191 -0.17986127734184265
0.1545693427324295 0.4286269247531891 -0.16818013787269592
0.1378524750471115 0.4086541533470154 -0.15663127601146698
0.12156771123409271 0.3887331485748291 -0.14524374902248383
0.10591591149568558 0.36898088455200195 -0.13410377502441406
0.09110795706510544 0.34951379895210266 -0.12329798191785812
0.07734574377536774 0.3304310739040375 -0.11290471255779266
0.06482769548892975 0.31181731820106506 -0.10299622267484665
0.05375489592552185 0.293744832277298 -0.09364093840122223
0.04433828964829445 0.2762760818004608 -0.08490593731403351
0.03679698705673218 0.25946059823036194 -0.07685473561286926
0.0311733391135931 0.24323894083499908 -0.06945620477199554
0.027358384802937508 0.22748373448848724 -0.06260596960783005
0.02526293508708477 0.2121071070432663 -0.05621664598584175
0.02481219172477722 0.19706320762634277 -0.05021769925951958
0.025934049859642982 0.1823481321334839 -0.044552993029356
0.028547419235110283 0.168001189827919 -0.03917943313717842
0.032550618052482605 0.15410520136356354 -0.03406583145260811
0.037823230028152466 0.1407562494277954 -0.02918887697160244
0.04427299648523331 0.12793362140655518 -0.024516185745596886
0.05179673433303833 0.11557600647211075 -0.02001107484102249
0.06026102602481842 0.10362398624420166 -0.015637231990695
0.0695032998919487 0.09202118963003159 -0.011359631083905697
0.07933543622493744 0.08071530610322952 -0.0071454658173024654
0.08954953402280807 0.06965906172990799 -0.0029651327058672905
0.09992538392543793 0.05881299078464508 0.0012062094174325466
0.11024352163076401 0.048241935670375824 0.005353077314794064
0.12033315002918243 0.038130808621644974 0.00941501185297966
0.13010036945343018 0.028598042204976082 0.013356250710785389
0.13952015340328217 0.019691025838255882 0.01716861128807068
0.14862507581710815 0.011401660740375519 0.02086709626019001
0.15749600529670715 0.0036801518872380257 0.024486375972628593
0.16625723242759705 -0.0035548764280974865 0.02807905524969101
0.1750725656747818 -0.010413488373160362 0.03171397000551224
0.18408988416194916 -0.017047088593244553 0.03544905409216881
0.19340883195400238 -0.02359827794134617 0.039319902658462524
0.20309437811374664 -0.030178163200616837 0.0433477908372879
0.21317338943481445 -0.03686963766813278 0.047538015991449356
0.223627969622612 -0.04372737556695938 0.05187680572271347
0.2343856543302536 -0.050774503499269485 0.05632716417312622
0.24530859291553497 -0.05799714848399162 0.06082446500658989
0.2562544047832489 -0.06535469740629196 0.06530363857746124
0.26724740862846375 -0.07282329350709915 0.06977488100528717
0.27833297848701477 -0.08036932349205017 0.07425898313522339
0.28953468799591064 -0.08794049918651581 0.0787685215473175
0.30085134506225586 -0.09546682983636856 0.08330684155225754
0.312255859375 -0.10286317765712738 0.0878673866391182
0.32369565963745117 -0.11003375798463821 0.09243383258581161
0.3350859582424164 -0.11687161773443222 0.09697557240724564
0.34606269001960754 -0.12309139966964722 0.10130948573350906
0.35605931282043457 -0.12827402353286743 0.10513055324554443
0.3646417558193207 -0.13208778202533722 0.10819172859191895
0.37149500846862793 -0.1342722326517105 0.11029843986034393
0.3763796091079712 -0.13460074365139008 0.11128595471382141
0.37908250093460083 -0.1328379213809967 0.11099249869585037
0.3793657720088959 -0.1286916583776474 0.10922875255346298
0.3769190311431885 -0.12177613377571106 0.10576961189508438
0.3713717460632324 -0.11169718950986862 0.10048818588256836
0.36226755380630493 -0.09803137183189392 0.09328188002109528
0.34908217191696167 -0.0803322046995163 0.08404107391834259
0.33129093050956726 -0.05820386856794357 0.07269299030303955
0.3084680736064911 -0.03140466660261154 0.059255462139844894
0.2804221212863922 2.0495703211054206e-05 0.043899115175008774
0.24735437333583832 0.035597994923591614 0.02700565569102764
0.2099766880273819 0.07444806396961212 0.009084850549697876
0.1692354679107666 0.11571860313415527 -0.00950165931135416
0.1259419322013855 0.15876242518424988 -0.028516875579953194
0.08065953105688095 0.20319834351539612 -0.047851309180259705
0.03365509584546089 0.24894008040428162 -0.06752730906009674
-0.015119563788175583 0.2962021827697754 -0.08769575506448746
-0.06603427231311798 0.3455013632774353 -0.10863309353590012
-0.11978541314601898 0.3976544439792633 -0.1307360827922821
-0.17729336023330688 0.45359376072883606 -0.15439903736114502
-0.23985233902931213 0.514545202255249 -0.18010340631008148
-0.3094097673892975 0.5823732018470764 -0.20859605073928833
-0.3888602554798126 0.6598672866821289 -0.241006001830101
-0.4825842082500458 0.7512646913528442 -0.27905648946762085
-0.5974829196929932 0.8632547855377197 -0.3254740834236145
-0.7450752258300781 1.0070151090621948 -0.38481882214546204
0.7042748928070068 1.0329079627990723 -0.5477295517921448
0.6428066492080688 0.9733260273933411 -0.5167203545570374
0.5931008458137512 0.924284815788269 -0.4900062084197998
0.5518254637718201 0.8827536106109619 -0.4662938416004181
0.5166910290718079 0.8466663360595703 -0.4447288513183594
0.4860538840293884 0.8145627379417419 -0.4247441589832306
0.4586895704269409 0.7853851914405823 -0.40597617626190186
0.4336598217487335 0.7583591341972351 -0.3882172405719757
0.4102388918399811 0.7329260110855103 -0.37138524651527405
0.38801416754722595 0.7087639570236206 -0.3554311692714691
0.3668367862701416 0.685704231262207 -0.3402464985847473
0.3465663194656372 0.6635781526565552 -0.3257112503051758
0.32705479860305786 0.642208993434906 -0.3117006719112396
0.30814868211746216 0.6214149594306946 -0.2980864346027374
0.28968992829322815 0.6010094285011292 -0.28473755717277527
0.27151724696159363 0.5808029174804688 -0.2715212404727936
0.25348514318466187 0.5606213808059692 -0.25831761956214905
0.23559536039829254 0.5404345393180847 -0.2451215535402298
0.21791322529315948 0.5202738642692566 -0.23197795450687408
0.20049351453781128 0.5001596808433533 -0.21892382204532623
0.18338090181350708 0.48010075092315674 -0.20598840713500977
0.16661064326763153 0.46009528636932373 -0.19319364428520203
0.1502094566822052 0.4401305913925171 -0.1805545836687088
0.13419683277606964 0.42018410563468933 -0.1680801510810852
0.11863531917333603 0.4002637565135956 -0.1557958871126175
0.1037086546421051 0.38047197461128235 -0.14377939701080322
0.08961691707372665 0.3609183728694916 -0.13211306929588318
0.07655978202819824 0.34170499444007874 -0.12087638676166534
0.06474048644304276 0.32292816042900085 -0.11014749109745026
0.05437037721276283 0.3046805262565613 -0.10000500082969666
0.045673858374357224 0.2870524525642395 -0.09052975475788116
0.03888393193483353 0.2701285183429718 -0.08180160075426102
0.034046534448862076 0.25387632846832275 -0.07379923015832901
0.031040193513035774 0.2381781041622162 -0.06641805917024612
0.029752813279628754 0.22294484078884125 -0.05956616997718811
0.030078712850809097 0.2081187516450882 -0.05316474288702011
0.03190938010811806 0.1936725676059723 -0.04714582860469818
0.035124633461236954 0.17960956692695618 -0.04145090654492378
0.03958446905016899 0.16596336662769318 -0.036029838025569916
0.04514070227742195 0.15277749300003052 -0.03083960898220539
0.051710210740566254 0.14002032577991486 -0.025840027257800102
0.05921391025185585 0.1276395320892334 -0.020992767065763474
0.06754659861326218 0.11559129506349564 -0.016262317076325417
0.0765765979886055 0.10384058207273483 -0.01161671057343483
0.08614759147167206 0.0923614427447319 -0.007028236053884029
0.09608247876167297 0.08113662153482437 -0.0024740721564739943
0.10618910193443298 0.07015876471996307 0.0020625528413802385
0.11626852303743362 0.05950985476374626 0.006560388952493668
0.12615931034088135 0.04936744645237923 0.010958691127598286
0.13577072322368622 0.03984307497739792 0.015222766436636448
0.14507676661014557 0.03098008967936039 0.019346289336681366
0.15410609543323517 0.022768879309296608 0.02334679290652275
0.16293375194072723 0.015160465613007545 0.027262045070528984
0.17167668044567108 0.008076736703515053 0.031148195266723633
0.180488720536232 0.0014141022693365812 0.03507744520902634
0.1894986778497696 -0.004967147018760443 0.03910613805055618
0.1987854242324829 -0.01119794137775898 0.04326572269201279
0.2083977311849594 -0.017380667850375175 0.04757421091198921
0.21835146844387054 -0.023593129590153694 0.052034810185432434
0.22862476110458374 -0.02988993376493454 0.056633517146110535
0.2391502857208252 -0.036301203072071075 0.06133566051721573
0.24980691075325012 -0.04282953217625618 0.06608210504055023
0.26048001646995544 -0.049457378685474396 0.07081733644008636
0.27122196555137634 -0.05617515370249748 0.07556356489658356
0.28210029006004333 -0.06295924633741379 0.08035086840391159
0.2931539714336395 -0.0697646215558052 0.08519703894853592
0.30438873171806335 -0.07652472704648972 0.09010576456785202
0.31577447056770325 -0.08315347135066986 0.09506548941135406
0.32724443078041077 -0.08954963833093643 0.1000492051243782
0.3386891484260559 -0.09559755027294159 0.10501013696193695
0.34972959756851196 -0.10101625323295593 0.10974165052175522
0.3598026931285858 -0.10540369153022766 0.11391431093215942
0.3684825897216797 -0.1084403395652771 0.11726363748311996
0.375466912984848 -0.10987304896116257 0.11958398669958115
0.3805329203605652 -0.10947789996862411 0.12070365995168686
0.3834882378578186 -0.10701743513345718 0.12045516073703766
0.38411930203437805 -0.10219182819128036 0.11864170432090759
0.3821433186531067 -0.09460455179214478 0.11502444744110107
0.3772130310535431 -0.08387500047683716 0.10944996774196625
0.36889007687568665 -0.06960710138082504 0.10177972912788391
0.356662392616272 -0.05138600990176201 0.09186186641454697
0.34000709652900696 -0.028851905837655067 0.07957783341407776
0.3184845447540283 -0.0018030630890280008 0.06490156054496765
0.29186996817588806 0.02967230975627899 0.047971054911613464
0.26031118631362915 0.06505526602268219 0.0291595496237278
0.22445732355117798 0.10345794260501862 0.009004149585962296
0.18520930409431458 0.1440957486629486 -0.012084395624697208
0.14335878193378448 0.18638937175273895 -0.03381965309381485
0.09947425127029419 0.230011984705925 -0.056051433086395264
0.05384758859872818 0.27491700649261475 -0.07877585291862488
0.006471495609730482 0.32134541869163513 -0.10213542729616165
-0.04297017306089401 0.36982855200767517 -0.12641796469688416
-0.0951065719127655 0.42118969559669495 -0.1520587056875229
-0.15076382458209991 0.47638219594955444 -0.17959940433502197
-0.2111044079065323 0.536655843257904 -0.20976029336452484
-0.2778940498828888 0.6038774847984314 -0.24357442557811737
-0.3537620007991791 0.6808090209960938 -0.28253617882728577
-0.44267499446868896 0.7716077566146851 -0.32886841893196106
-0.5508416891098022 0.8827768564224243 -0.38602733612060547
-0.6885230541229248 1.0250657796859741 -0.4597097635269165
0.6831017136573792 1.0391331911087036 -0.5882660746574402
0.6222532391548157 0.9792590141296387 -0.5538025498390198
0.573875367641449 0.9307427406311035 -0.5246795415878296
0.5340849757194519 0.8899826407432556 -0.4991239905357361
0.5003461241722107 0.8546421527862549 -0.47601237893104553
0.47091999650001526 0.8231440782546997 -0.4546239376068115
0.4445684552192688 0.7943982481956482 -0.4345121383666992
0.4203890562057495 0.7676533460617065 -0.4154360890388489
0.39772525429725647 0.742414116859436 -0.39732038974761963
0.3762187063694 0.7184132933616638 -0.38013333082199097
0.35572996735572815 0.6954930424690247 -0.36376598477363586
0.3361233174800873 0.6734904646873474 -0.34809476137161255
0.3172551095485687 0.6522341370582581 -0.3329900801181793
0.2989750802516937 0.6315458416938782 -0.3183175325393677
0.28112804889678955 0.61124187707901 -0.3039390742778778
0.26355451345443726 0.5911341309547424 -0.2897135615348816
0.24611051380634308 0.5710485577583313 -0.2755129337310791
0.2288024127483368 0.5509559512138367 -0.26133328676223755
0.2117018848657608 0.5308882594108582 -0.2472245842218399
0.19486965239048004 0.5108655691146851 -0.23322772979736328
0.1783561110496521 0.490895539522171 -0.21937492489814758
0.16220197081565857 0.47097402811050415 -0.20569001138210297
0.1464395672082901 0.45108550786972046 -0.19218918681144714
0.13109374046325684 0.43120282888412476 -0.1788814812898636
0.11622444540262222 0.41132256388664246 -0.16578732430934906
0.10199659317731857 0.3915247619152069 -0.1529705822467804
0.08859792351722717 0.37190568447113037 -0.14050550758838654
0.07622476667165756 0.3525654077529907 -0.1284705400466919
0.0650845617055893 0.3336092531681061 -0.11694944649934769
0.05539804324507713 0.3151490092277527 -0.10603218525648117
0.047401703894138336 0.2973040044307709 -0.09581584483385086
0.041339557617902756 0.2801962196826935 -0.08640018850564957
0.03725835308432579 0.2638298273086548 -0.07778071612119675
0.03502177819609642 0.24810929596424103 -0.06986048072576523
0.034491971135139465 0.23295357823371887 -0.0625479444861412
0.03553055226802826 0.21829873323440552 -0.05575864389538765
0.03799312934279442 0.20409713685512543 -0.04941346496343613
0.04172440245747566 0.19031690061092377 -0.0434376522898674
0.046553924679756165 0.1769414246082306 -0.03776000440120697
0.05231620371341705 0.16395795345306396 -0.03231441602110863
0.05894323065876961 0.15131443738937378 -0.02704869955778122
0.06638297438621521 0.13895827531814575 -0.02191956713795662
0.07455963641405106 0.12685367465019226 -0.016890088096261024
0.08337164670228958 0.11498188972473145 -0.01193026453256607
0.0926913395524025 0.10334070026874542 -0.007017493713647127
0.10236703604459763 0.09194321930408478 -0.002136921277269721
0.11222696304321289 0.08081720024347305 0.002717875875532627
0.12208586931228638 0.0700666531920433 0.007518122438341379
0.13178926706314087 0.0598660483956337 0.012203005142509937
0.14124856889247894 0.05032298341393471 0.016739195212721825
0.1504366248846054 0.04147835075855255 0.02112242765724659
0.15937870740890503 0.03332137316465378 0.025372860953211784
0.1681450456380844 0.02580323815345764 0.02953135035932064
0.17684641480445862 0.018847528845071793 0.03365740552544594
0.18562819063663483 0.012354965321719646 0.03782618045806885
0.19460102915763855 0.006197107490152121 0.042091209441423416
0.20382429659366608 0.0002555757528170943 0.046478744596242905
0.21333201229572296 -0.005562225356698036 0.05100299417972565
0.22313106060028076 -0.011327393352985382 0.05566522479057312
0.23319746553897858 -0.01709182932972908 0.06045190989971161
0.2434709072113037 -0.022888457402586937 0.06533204019069672
0.2538481056690216 -0.028730042278766632 0.07025404274463654
0.2642422318458557 -0.034615226089954376 0.07517407834529877
0.2747316360473633 -0.0405464768409729 0.08012721687555313
0.28540465235710144 -0.04651016741991043 0.08515341579914093
0.29631465673446655 -0.052470143884420395 0.0902763232588768
0.3074743449687958 -0.058367032557725906 0.09550058841705322
0.31885045766830444 -0.06411957740783691 0.100809745490551
0.33036187291145325 -0.06962879747152328 0.10616542398929596
0.3418735861778259 -0.07477936148643494 0.11150313168764114
0.35299065709114075 -0.0793013721704483 0.1165924146771431
0.36315327882766724 -0.08281181007623672 0.12108082324266434
0.3719432055950165 -0.0850033313035965 0.12468752264976501
0.3790701925754547 -0.0856289267539978 0.1271967738866806
0.38432836532592773 -0.08446557819843292 0.1284310668706894
0.3875463008880615 -0.08127179741859436 0.12821878492832184
0.3885363042354584 -0.07573841512203217 0.1263577938079834
0.3870461881160736 -0.06745771318674088 0.1225987896323204
0.38275715708732605 -0.05606535077095032 0.11676592379808426
0.3752562701702118 -0.041197314858436584 0.10868928581476212
0.36405259370803833 -0.022475508973002434 0.09817900508642197
0.3486338257789612 0.0004195452493149787 0.08507301658391953
0.3285532295703888 0.027648018673062325 0.06930005550384521
0.3035533130168915 0.059082482010126114 0.05095810443162918
0.2737189829349518 0.09417121857404709 0.03039691410958767
0.2396145910024643 0.1320371776819229 0.008160089142620564
0.20207086205482483 0.1719781756401062 -0.015310321934521198
0.16184061765670776 0.21349167823791504 -0.03968905285000801
0.11948607861995697 0.25630703568458557 -0.06478805840015411
0.07532238960266113 0.3004128932952881 -0.090573251247406
0.029389552772045135 0.34606581926345825 -0.11716945469379425
-0.01856101304292679 0.3937961459159851 -0.1448623389005661
-0.06907390803098679 0.44441476464271545 -0.17410993576049805
-0.12289836257696152 0.4989067614078522 -0.2055981457233429
-0.18109916150569916 0.5585668087005615 -0.24028488993644714
-0.2452765852212906 0.6252624988555908 -0.279470831155777
-0.317786306142807 0.7016909122467041 -0.32496750354766846
-0.40213364362716675 0.7918310761451721 -0.37939387559890747
-0.5037093162536621 0.9017809629440308 -0.4467211663722992
-0.6312224864959717 1.0413823127746582 -0.5333254933357239
0.6639323234558105 1.0446704626083374 -0.624655544757843
0.6039360761642456 0.984438419342041 -0.586532711982727
0.5569482445716858 0.9363555908203125 -0.5549757480621338
0.5186041593551636 0.8962664008140564 -0.5276495814323425
0.4861736595630646 0.8615854978561401 -0.5031251311302185
0.45785465836524963 0.8306298851966858 -0.48050764203071594
0.43241235613822937 0.8022804856300354 -0.459253191947937
0.40898656845092773 0.7758042216300964 -0.4390743672847748
0.3869897425174713 0.7507588863372803 -0.41988837718963623
0.3661157786846161 0.7269242405891418 -0.40167301893234253
0.34623268246650696 0.7041508555412292 -0.3843178451061249
0.3272089660167694 0.6822810173034668 -0.36769619584083557
0.3089044988155365 0.661147952079773 -0.35167425870895386
0.2911725342273712 0.6405770778656006 -0.33611246943473816
0.2738603949546814 0.6203872561454773 -0.32086658477783203
0.25681090354919434 0.60039222240448 -0.3057883381843567
0.23988181352615356 0.5804190039634705 -0.2907426357269287
0.22308450937271118 0.5604391694068909 -0.2757267951965332
0.20649708807468414 0.540485680103302 -0.260795533657074
0.19018660485744476 0.5205784440040588 -0.2459936887025833
0.17420965433120728 0.5007245540618896 -0.23135629296302795
0.1586131751537323 0.48091816902160645 -0.21690909564495087
0.1434357762336731 0.46114107966423035 -0.20266950130462646
0.12870879471302032 0.44136250019073486 -0.1886468380689621
0.11449038982391357 0.42156630754470825 -0.17485523223876953
0.10092632472515106 0.4018045663833618 -0.16134080290794373
0.08819104731082916 0.38215428590774536 -0.14816616475582123
0.07647645473480225 0.3627086579799652 -0.13540661334991455
0.06599244475364685 0.34357813000679016 -0.12315063923597336
0.05696699395775795 0.32489120960235596 -0.111500084400177
0.04964543506503105 0.3067948520183563 -0.10056997090578079
0.04427792876958847 0.28944846987724304 -0.0904824435710907
0.04090804606676102 0.2729000151157379 -0.0812561884522438
0.039382316172122955 0.2570871114730835 -0.07280901819467545
0.039535827934741974 0.24194453656673431 -0.06505430489778519
0.0411982499063015 0.2274077981710434 -0.05790405720472336
0.04419311136007309 0.21341267228126526 -0.05126866325736046
0.048337072134017944 0.1998954862356186 -0.045056771486997604
0.053439490497112274 0.18679271638393402 -0.03917517140507698
0.05932857468724251 0.1740371286869049 -0.03353296220302582
0.06595548987388611 0.1615503877401352 -0.028062893077731133
0.07329539209604263 0.14927159249782562 -0.02271391451358795
0.08130048960447311 0.13716590404510498 -0.017445644363760948
0.08989624679088593 0.12522466480731964 -0.012228753417730331
0.09897936880588531 0.11346476525068283 -0.0070453183725476265
0.10841777175664902 0.10192687809467316 -0.0018889658385887742
0.1180531308054924 0.09067342430353165 0.0032348698005080223
0.12770825624465942 0.0798325166106224 0.008288434706628323
0.13723337650299072 0.06957858055830002 0.013210606761276722
0.1465413123369217 0.06001753360033035 0.017969314008951187
0.15560369193553925 0.05118901655077934 0.02256225049495697
0.16444306075572968 0.04308132454752922 0.027012139558792114
0.173125758767128 0.03564519062638283 0.03136281296610832
0.18175756931304932 0.028804540634155273 0.03567700833082199
0.19047674536705017 0.02246246673166752 0.04003250598907471
0.1993781477212906 0.01650158502161503 0.044479627162218094
0.20850414037704468 0.010817165486514568 0.04903917387127876
0.2178766131401062 0.0053277695551514626 0.05372169241309166
0.22749589383602142 -2.8987884434172884e-05 0.058526910841464996
0.2373380959033966 -0.0052991993725299835 0.06344243884086609
0.24735099077224731 -0.01051376387476921 0.06844169646501541
0.25744926929473877 -0.015688464045524597 0.07348153740167618
0.26757195591926575 -0.020830169320106506 0.07853039354085922
0.277819961309433 -0.02595033310353756 0.08363572508096695
0.2882992625236511 -0.031044429168105125 0.0888470932841301
0.2990761399269104 -0.036086052656173706 0.09419413655996323
0.3101692795753479 -0.04102620109915733 0.09968288242816925
0.32154253125190735 -0.045794423669576645 0.10529246926307678
0.3331010639667511 -0.05030268430709839 0.11097344011068344
0.34468501806259155 -0.054446928203105927 0.11664334684610367
0.35588425397872925 -0.05797586217522621 0.1220485121011734
0.3661428987979889 -0.060526732355356216 0.12681487202644348
0.37505048513412476 -0.061803579330444336 0.13064615428447723
0.3823288381099701 -0.06156317517161369 0.13331714272499084
0.3877885341644287 -0.059580352157354355 0.13464510440826416
0.39127957820892334 -0.05560647323727608 0.1344553381204605
0.39264094829559326 -0.04932007938623428 0.1325419694185257
0.3916533291339874 -0.0403006412088871 0.12864793837070465
0.38803020119667053 -0.02820230834186077 0.1225784420967102
0.38139012455940247 -0.012697456404566765 0.11413644999265671
0.3712708055973053 0.00655025988817215 0.10309819877147675
0.35717928409576416 0.029815221205353737 0.08926109969615936
0.33866989612579346 0.05721331760287285 0.07250817120075226
0.31545692682266235 0.08857973664999008 0.05289090424776077
0.2875576615333557 0.1233391985297203 0.030720382928848267
0.2554362714290619 0.16063964366912842 0.006524631753563881
0.21983322501182556 0.19987060129642487 -0.01924208737909794
0.18144381046295166 0.24061179161071777 -0.046228207647800446
0.14081072807312012 0.28264978528022766 -0.07421262562274933
0.09826596826314926 0.3260042369365692 -0.10312826186418533
0.05389834940433502 0.37093889713287354 -0.13307291269302368
0.007535548415035009 0.417969286441803 -0.164315328001976
-0.041269656270742416 0.467877060174942 -0.1973177194595337
-0.09320717304944992 0.5216841101646423 -0.23290100693702698
-0.14927873015403748 0.5807430148124695 -0.27225083112716675
-0.21094204485416412 0.6469153761863708 -0.3169045150279999
-0.2802884876728058 0.7227959632873535 -0.36892300844192505
-0.3603532612323761 0.8120981454849243 -0.43118730187416077
-0.4556752145290375 0.9203382730484009 -0.5079224705696106
-0.5733413696289062 1.0561089515686035 -0.6056650280952454
0.6473495364189148 1.0493024587631226 -0.6556574702262878
0.5883907675743103 0.9887219071388245 -0.6139629483222961
0.5427743792533875 0.9409862756729126 -0.5801115036010742
0.5057648420333862 0.9014504551887512 -0.551179051399231
0.47450047731399536 0.867319643497467 -0.5254257321357727
0.4471476674079895 0.8368237614631653 -0.501781702041626
0.42248836159706116 0.8088198900222778 -0.4796024560928345
0.39970651268959045 0.7825888991355896 -0.4585479497909546
0.378277987241745 0.75773024559021 -0.43851831555366516
0.35794249176979065 0.7340601682662964 -0.41949263215065
0.33857423067092896 0.7114354968070984 -0.4013585150241852
0.32004475593566895 0.6897027492523193 -0.3839859664440155
0.3022173345088959 0.668698251247406 -0.3672373294830322
0.28494831919670105 0.6482508182525635 -0.3509686589241028
0.2680879831314087 0.6281821727752686 -0.33503052592277527
0.2514815926551819 0.6083078980445862 -0.31926873326301575
0.23498935997486115 0.5884563326835632 -0.30354252457618713
0.21862779557704926 0.5686006546020508 -0.2878507077693939
0.20248138904571533 0.5487748384475708 -0.27225247025489807
0.186623677611351 0.5289991497993469 -0.2567962408065796
0.1711176186800003 0.5092806220054626 -0.24151994287967682
0.1560167819261551 0.48961225152015686 -0.2264513373374939
0.14136652648448944 0.46997398138046265 -0.21160899102687836
0.12720538675785065 0.45033198595046997 -0.19700275361537933
0.11359068006277084 0.43065714836120605 -0.18263985216617584
0.10064974427223206 0.4109708070755005 -0.1685464084148407
0.0885436162352562 0.3913268446922302 -0.15477102994918823
0.07745823264122009 0.3718072474002838 -0.14138402044773102
0.067603699862957 0.35252341628074646 -0.12847748398780823
0.05921173840761185 0.33361726999282837 -0.11616484820842743
0.05253172665834427 0.3152604401111603 -0.10457945615053177
0.04781384393572807 0.2976476848125458 -0.09386719763278961
0.04509393498301506 0.28087475895881653 -0.0840742364525795
0.04420020058751106 0.26492074131965637 -0.07513878494501114
0.0449414886534214 0.24974215030670166 -0.06698217242956161
0.04711906239390373 0.23527805507183075 -0.05951438844203949
0.050530754029750824 0.22145169973373413 -0.052635736763477325
0.05497419461607933 0.20817188918590546 -0.04623838886618614
0.06024925038218498 0.19533415138721466 -0.040207311511039734
0.06618769466876984 0.18282225728034973 -0.034426912665367126
0.07276159524917603 0.1705290526151657 -0.028813280165195465
0.07997126132249832 0.15837977826595306 -0.023305831477046013
0.08779359608888626 0.14633484184741974 -0.017859255895018578
0.09617702662944794 0.1343899369239807 -0.01244377251714468
0.10503774136304855 0.12257570773363113 -0.007045432459563017
0.11425793915987015 0.11095598340034485 -0.0016662611160427332
0.12368698418140411 0.09962490946054459 0.0036757944617420435
0.13315093517303467 0.08873417973518372 0.008933058008551598
0.14250311255455017 0.07845994085073471 0.014043602161109447
0.15165682137012482 0.06890767812728882 0.018976233899593353
0.16058261692523956 0.060116320848464966 0.02373034507036209
0.16930070519447327 0.052073102444410324 0.028331011533737183
0.177874356508255 0.044727589935064316 0.03282489255070686
0.18640558421611786 0.03800278529524803 0.03727780282497406
0.19502699375152588 0.0318024680018425 0.04177004471421242
0.20382076501846313 0.026020199060440063 0.046348996460437775
0.21281595528125763 0.020566048100590706 0.05103052780032158
0.22202567756175995 0.015371283516287804 0.05582212656736374
0.2314463108778 0.010384395718574524 0.060722555965185165
0.24105589091777802 0.005568362306803465 0.06572100520133972
0.2508108913898468 0.0008991733775474131 0.07079549878835678
0.26064276695251465 -0.0036348486319184303 0.07591106742620468
0.270513117313385 -0.008040832355618477 0.08104759454727173
0.2805408239364624 -0.012335706502199173 0.08626344054937363
0.29084572196006775 -0.016522448509931564 0.0916166603565216
0.3015041947364807 -0.020584380254149437 0.09714241325855255
0.3125397562980652 -0.024485208094120026 0.10284833610057831
0.3239136040210724 -0.02817058004438877 0.10870987921953201
0.3355182707309723 -0.03157194331288338 0.11466749757528305
0.347171425819397 -0.034607887268066406 0.12062203139066696
0.3584500849246979 -0.03705335035920143 0.126298189163208
0.3688041567802429 -0.03856644406914711 0.13130199909210205
0.37783175706863403 -0.03886096924543381 0.13532254099845886
0.38526681065559387 -0.03769458830356598 0.1381254345178604
0.3909362256526947 -0.03483634442090988 0.1395229548215866
0.3947109878063202 -0.030026551336050034 0.13933759927749634
0.3964571952819824 -0.022928066551685333 0.13736100494861603
0.39598995447158813 -0.013105450198054314 0.13333050906658173
0.39305710792541504 -0.00023348740069195628 0.12703511118888855
0.3873123824596405 0.0159747414290905 0.11825405061244965
0.37832802534103394 0.03580889850854874 0.10673372447490692
0.3656383156776428 0.05949340760707855 0.0922342985868454
0.34880703687667847 0.08709651231765747 0.07459361851215363
0.32752686738967896 0.11841636151075363 0.05381150543689728
0.3017485737800598 0.15286099910736084 0.03014613687992096
0.2718281149864197 0.18961358070373535 0.004088168032467365
0.23840245604515076 0.22815991938114166 -0.023914773017168045
0.2020939737558365 0.2681640684604645 -0.05349861457943916
0.1634116768836975 0.30946972966194153 -0.08441612869501114
0.1226947009563446 0.3521246016025543 -0.11656645685434341
0.08007664978504181 0.3963923752307892 -0.15001201629638672
0.03546414151787758 0.4427625834941864 -0.18498948216438293
-0.01148577407002449 0.49197280406951904 -0.22194460034370422
-0.06142130494117737 0.5450810790061951 -0.2618180811405182
-0.11531491577625275 0.6035022735595703 -0.3060044050216675
-0.17450976371765137 0.6690808534622192 -0.35623595118522644
-0.2408566027879715 0.7442758679389954 -0.41474294662475586
-0.31694474816322327 0.8324664235115051 -0.4845218062400818
-0.40650126338005066 0.9384720325469971 -0.5697882771492004
-0.5150930881500244 1.0694618225097656 -0.6767661571502686
0.6338167190551758 1.0528477430343628 -0.6802634596824646
0.575996458530426 0.9920120239257812 -0.6354268789291382
0.5316444039344788 0.9445511698722839 -0.5995957851409912
0.49579116702079773 0.9054440259933472 -0.5693101286888123
0.4655070900917053 0.87173992395401 -0.5425528287887573
0.4389551281929016 0.8416070938110352 -0.5180990099906921
0.4149422347545624 0.8138859868049622 -0.4952140152454376
0.39269283413887024 0.7878669500350952 -0.4735064208507538
0.37173566222190857 0.7631793022155762 -0.45285454392433167
0.35184627771377563 0.7396642565727234 -0.4332324266433716
0.3329034745693207 0.7171827554702759 -0.4145246744155884
0.31478115916252136 0.6955829858779907 -0.39659756422042847
0.2973453998565674 0.6747041344642639 -0.37930992245674133
0.28045567870140076 0.6543773412704468 -0.36251401901245117
0.263965368270874 0.6344269514083862 -0.34605640172958374
0.247722789645195 0.6146707534790039 -0.32977840304374695
0.2315913587808609 0.5949390530586243 -0.31353506445884705
0.21559271216392517 0.5752066373825073 -0.2973269522190094
0.19981762766838074 0.5555089712142944 -0.28121745586395264
0.18434593081474304 0.53586745262146 -0.26525846123695374
0.16924698650836945 0.5162889957427979 -0.24949045479297638
0.15458093583583832 0.49676650762557983 -0.2339434027671814
0.1403999775648117 0.47727835178375244 -0.21863698959350586
0.1267501264810562 0.45778894424438477 -0.2035818248987198
0.11368881165981293 0.4382573664188385 -0.18877847492694855
0.10132652521133423 0.4186739921569824 -0.17423290014266968
0.08981101959943771 0.3990683853626251 -0.15997913479804993
0.0793210044503212 0.3795090317726135 -0.14608150720596313
0.07006371021270752 0.36010515689849854 -0.13263456523418427
0.06227016821503639 0.3410080373287201 -0.11976218223571777
0.056187957525253296 0.32241004705429077 -0.10761519521474838
0.05206041410565376 0.304536908864975 -0.09636230021715164
0.049911610782146454 0.28753265738487244 -0.08607874065637589
0.04955200478434563 0.2714215815067291 -0.07672563195228577
0.05076758563518524 0.25618475675582886 -0.0682336762547493
0.05333726108074188 0.24176764488220215 -0.06051132082939148
0.05704135447740555 0.22808389365673065 -0.05344914644956589
0.061667922884225845 0.21501977741718292 -0.046923622488975525
0.06701697409152985 0.2024369239807129 -0.04079941287636757
0.07293140143156052 0.19017809629440308 -0.03493808954954147
0.07940363138914108 0.17810778319835663 -0.029239265248179436
0.08645547926425934 0.1661349982023239 -0.023632299154996872
0.09408427774906158 0.15421193838119507 -0.018066342920064926
0.10225684940814972 0.14233432710170746 -0.012510370463132858
0.1109042763710022 0.13054177165031433 -0.006953664124011993
0.1199185699224472 0.11891641467809677 -0.0014060769462957978
0.12915241718292236 0.10757946968078613 0.0041021499782800674
0.13843178749084473 0.09670382738113403 0.009513125754892826
0.14761117100715637 0.0864674299955368 0.014763498678803444
0.15660375356674194 0.07697530835866928 0.019822444766759872
0.16537874937057495 0.06826523691415787 0.024690652266144753
0.17395444214344025 0.060322750359773636 0.029395272955298424
0.18239176273345947 0.0530952624976635 0.03398557007312775
0.1907898634672165 0.04650355502963066 0.03853028640151024
0.19927723705768585 0.04045061767101288 0.04311226308345795
0.20792727172374725 0.03484078496694565 0.04777682200074196
0.21676024794578552 0.029600052163004875 0.05253616347908974
0.22578418254852295 0.024673957377672195 0.057395707815885544
0.2349943220615387 0.020024118945002556 0.062353938817977905
0.2443719208240509 0.01562580093741417 0.06740184873342514
0.2538820803165436 0.01146653015166521 0.07252169400453568
0.2634706497192383 0.007545302622020245 0.07768557220697403
0.2731177806854248 0.003862133715301752 0.08288285881280899
0.2829546630382538 0.0003981594054494053 0.08818039298057556
0.2931104302406311 -0.0028551039285957813 0.09364286810159683
0.30366840958595276 -0.005890078376978636 0.09930992871522903
0.31465521454811096 -0.00868463795632124 0.10519050806760788
0.32602906227111816 -0.011204778216779232 0.11125704646110535
0.3376719057559967 -0.013408983126282692 0.11744159460067749
0.34938228130340576 -0.015248958021402359 0.12363052368164062
0.3607288897037506 -0.016532575711607933 0.12952984869480133
0.37117019295692444 -0.016938578337430954 0.13472773134708405
0.3803146183490753 -0.016188407316803932 0.13889960944652557
0.38790836930274963 -0.01403738185763359 0.14180201292037964
0.3937942683696747 -0.010244907811284065 0.14324209094047546
0.39786356687545776 -0.004536464810371399 0.14303946495056152
0.4000093340873718 0.003444107947871089 0.14098390936851501
0.40008118748664856 0.01414880994707346 0.1368090659379959
0.39786168932914734 0.027879536151885986 0.1302894949913025
0.39304086565971375 0.04487789422273636 0.12118328362703323
0.3852287828922272 0.06538178771734238 0.10921065509319305
0.37399259209632874 0.08956080675125122 0.09409797936677933
0.3589131236076355 0.11743202805519104 0.07563953101634979
0.3396693170070648 0.14875642955303192 0.053779974579811096
0.3161509335041046 0.18293088674545288 0.02871221862733364
0.28860580921173096 0.21918173134326935 0.0008697355515323579
0.2575627267360687 0.2570911943912506 -0.029323289170861244
0.2235616147518158 0.2964070737361908 -0.06150407716631889
0.18706552684307098 0.3370291590690613 -0.09540804475545883
0.1484089344739914 0.37903058528900146 -0.1309022158384323
0.10776179283857346 0.4226699471473694 -0.16800755262374878
0.06510566920042038 0.4684021770954132 -0.20691463351249695
0.020201781764626503 0.516908586025238 -0.24803124368190765
-0.027572961524128914 0.5692766308784485 -0.2923974096775055
-0.07919183373451233 0.6269785165786743 -0.34158968925476074
-0.13591396808624268 0.6918289065361023 -0.39748817682266235
-0.199383944272995 0.7661253213882446 -0.4624100923538208
-0.2717946767807007 0.8528743386268616 -0.5393310785293579
-0.3561538755893707 0.9561554789543152 -0.6322380900382996
-0.4567212760448456 1.081714391708374 -0.7467041015625
0.6236966252326965 1.0551544427871704 -0.6976579427719116
0.567028284072876 0.9942393898963928 -0.6504404544830322
0.5237549543380737 0.9469969272613525 -0.613101065158844
0.4888254702091217 0.9081884622573853 -0.5817870497703552
0.4593040347099304 0.8747774958610535 -0.5542786717414856
0.4333727955818176 0.8448997735977173 -0.5292366147041321
0.40986621379852295 0.8173875212669373 -0.5058571100234985
0.3880422115325928 0.7915377020835876 -0.4837067425251007
0.3674662411212921 0.7669966220855713 -0.46264058351516724
0.3479379415512085 0.7436188459396362 -0.44262346625328064
0.32933810353279114 0.7212656736373901 -0.42353516817092896
0.31154245138168335 0.6997858881950378 -0.4052383601665497
0.2944192886352539 0.679019570350647 -0.3875882029533386
0.2778310775756836 0.6587996482849121 -0.37043407559394836
0.2616346776485443 0.6389527320861816 -0.3536194860935211
0.24568209052085876 0.6192988753318787 -0.3369830846786499
0.22984075546264648 0.5996708869934082 -0.3203774690628052
0.2141377031803131 0.5800460577011108 -0.30380547046661377
0.19866952300071716 0.5604612231254578 -0.2873340845108032
0.18352201581001282 0.5409390926361084 -0.2710184156894684
0.16877058148384094 0.5214873552322388 -0.25490161776542664
0.15448154509067535 0.5020989179611206 -0.23901541531085968
0.14071379601955414 0.4827519357204437 -0.22338107228279114
0.12752032279968262 0.4634094834327698 -0.2080097496509552
0.11495925486087799 0.4440208375453949 -0.1928965151309967
0.10312667489051819 0.4245498776435852 -0.17802976071834564
0.09215765446424484 0.40500378608703613 -0.16343054175376892
0.08222220093011856 0.38543766736984253 -0.14915747940540314
0.07352131605148315 0.36595696210861206 -0.13530677556991577
0.06628023087978363 0.3467188775539398 -0.12201093137264252
0.060738395899534225 0.3279314339160919 -0.10943547636270523
0.057125627994537354 0.3098451793193817 -0.09776856005191803
0.05545144900679588 0.29264727234840393 -0.08711175620555878
0.05551133304834366 0.2764054834842682 -0.07744793593883514
0.05707425996661186 0.2611246407032013 -0.06871629506349564
0.059904634952545166 0.24675679206848145 -0.060823459178209305
0.06377416104078293 0.23320859670639038 -0.053650930523872375
0.06847003847360611 0.22034887969493866 -0.047061286866664886
0.07379992306232452 0.20801296830177307 -0.040901899337768555
0.07962220162153244 0.19601206481456757 -0.03501521795988083
0.08594734221696854 0.18418610095977783 -0.0292863380163908
0.09281405806541443 0.17242850363254547 -0.02363540232181549
0.10023549944162369 0.16068251430988312 -0.018006276339292526
0.10819240659475327 0.14894182980060577 -0.01236644759774208
0.11662690341472626 0.1372515708208084 -0.006707746535539627
0.12543746829032898 0.12570761144161224 -0.0010469021508470178
0.13447749614715576 0.11445306986570358 0.00457461504265666
0.14357072114944458 0.10367783904075623 0.010089108720421791
0.15257124602794647 0.09356006234884262 0.015431196428835392
0.16139116883277893 0.08420277386903763 0.020569829270243645
0.16999797523021698 0.07564111053943634 0.02550651505589485
0.1784081906080246 0.06785740703344345 0.030270082876086235
0.186680868268013 0.0607956126332283 0.03491213172674179
0.19491294026374817 0.05437291041016579 0.039504095911979675
0.20323027670383453 0.04849008470773697 0.044131457805633545
0.21170181035995483 0.043061960488557816 0.04883895814418793
0.22034437954425812 0.03803135082125664 0.0536370575428009
0.22916476428508759 0.0333595797419548 0.05853049084544182
0.23815970122814178 0.02902362123131752 0.06351829320192337
0.2473146766424179 0.02501414529979229 0.06859330832958221
0.2566024363040924 0.021334508433938026 0.07374129444360733
0.26598066091537476 0.018000250682234764 0.07893965393304825
0.275442510843277 0.015024976804852486 0.08418439328670502
0.2851254343986511 0.01239119190722704 0.08954770117998123
0.29516297578811646 0.010086857713758945 0.09509829431772232
0.30564117431640625 0.008111298084259033 0.10087842494249344
0.3165871798992157 0.00647160317748785 0.10689745843410492
0.32795628905296326 0.005178222898393869 0.1131252571940422
0.3396218717098236 0.0042396956123411655 0.11948727071285248
0.3513684570789337 0.003662763861939311 0.12585888803005219
0.3627622127532959 0.003601853270083666 0.13193129003047943
0.37327471375465393 0.004359020385891199 0.13727739453315735
0.38252684473991394 0.006207817699760199 0.14156027138233185
0.3902778625488281 0.009398581460118294 0.14452756941318512
0.39638552069664 0.014185050502419472 0.14598065614700317
0.4007604718208313 0.02085980959236622 0.14573608338832855
0.4033214747905731 0.02980038709938526 0.14358212053775787
0.4039520025253296 0.04147564247250557 0.13925018906593323
0.4024668037891388 0.05616026744246483 0.13250139355659485
0.39859041571617126 0.07404512912034988 0.12307435274124146
0.3919711709022522 0.09531094133853912 0.11066611111164093
0.38221147656440735 0.12006746977567673 0.09497297555208206
0.368914395570755 0.1482774168252945 0.07574808597564697
0.3517528474330902 0.17966456711292267 0.05287954956293106
0.3305641710758209 0.21362048387527466 0.026485489681363106
0.30549538135528564 0.24942095577716827 -0.0030740106012672186
0.27697229385375977 0.2867421805858612 -0.03541092202067375
0.24545055627822876 0.32541289925575256 -0.07017585635185242
0.21133972704410553 0.3653871715068817 -0.1070963591337204
0.17495869100093842 0.40676164627075195 -0.14601169526576996
0.1365022510290146 0.44978708028793335 -0.18689851462841034
0.0960172712802887 0.49487870931625366 -0.22989019751548767
0.05336153507232666 0.5426533222198486 -0.27533718943595886
0.007924248464405537 0.594214916229248 -0.32435494661331177
-0.0412902794778347 0.651080310344696 -0.3786720633506775
-0.09548547118902206 0.7150211334228516 -0.44026997685432434
-0.15613968670368195 0.7881618738174438 -0.5114840865135193
-0.22511489689350128 0.8731355667114258 -0.5951687097549438
-0.30482372641563416 0.9733171463012695 -0.6949467658996582
-0.39848294854164124 1.0931782722473145 -0.8155864477157593
0.6172825694084167 1.0560897588729858 -0.7071540355682373
0.5617185235023499 0.9953436851501465 -0.6585865616798401
0.5192824602127075 0.9482736587524414 -0.6203271150588989
0.4850054681301117 0.9096261858940125 -0.5883573889732361
0.45600637793540955 0.8763614296913147 -0.5603651404380798
0.43050554394721985 0.8466176390647888 -0.5349539518356323
0.40736550092697144 0.8192293047904968 -0.511281430721283
0.3858658969402313 0.79349684715271 -0.4888859987258911
0.36559006571769714 0.7690696716308594 -0.4676007330417633
0.3463464677333832 0.7458029389381409 -0.44737708568573
0.3280158042907715 0.7235546112060547 -0.42808905243873596
0.3104742169380188 0.7021717429161072 -0.40959465503692627
0.2935921549797058 0.6814942955970764 -0.3917464315891266
0.2772347033023834 0.66135573387146 -0.3743910491466522
0.26126259565353394 0.6415843367576599 -0.3573707342147827
0.24553219974040985 0.622002899646759 -0.3405231237411499
0.22991617023944855 0.6024476885795593 -0.32370099425315857
0.21444687247276306 0.5828983187675476 -0.306909441947937
0.19922637939453125 0.5633938908576965 -0.29021909832954407
0.18434575200080872 0.5439583659172058 -0.27368777990341187
0.1698858141899109 0.5246004462242126 -0.25736087560653687
0.15591835975646973 0.5053138732910156 -0.24127201735973358
0.14250792562961578 0.48607689142227173 -0.22544366121292114
0.12971344590187073 0.4668522775173187 -0.20988783240318298
0.11759407073259354 0.44758304953575134 -0.1945958137512207
0.10623425245285034 0.42821383476257324 -0.17954398691654205
0.09575758874416351 0.4087359607219696 -0.16474445164203644
0.08632413297891617 0.389194518327713 -0.1502520591020584
0.07812522351741791 0.36969155073165894 -0.13616418838500977
0.07137514650821686 0.3503875434398651 -0.12261932343244553
0.06629917770624161 0.33150023221969604 -0.10979285091161728
0.06310803443193436 0.3132955729961395 -0.09788543730974197
0.061795759946107864 0.2959933876991272 -0.08701763302087784
0.06214763969182968 0.2796960771083832 -0.07718849182128906
0.06392321735620499 0.2644270062446594 -0.06834268569946289
0.06688112020492554 0.25014322996139526 -0.06038437783718109
0.07079281657934189 0.23674632608890533 -0.05318747088313103
0.07545152306556702 0.22409272193908691 -0.04660385474562645
0.08067715167999268 0.21200022101402283 -0.04046836867928505
0.08634498715400696 0.20025882124900818 -0.03460991382598877
0.09247957915067673 0.1886904388666153 -0.02890264429152012
0.09913170337677002 0.17717677354812622 -0.02325957454741001
0.10632576793432236 0.1656542271375656 -0.017620421946048737
0.11405269801616669 0.15411478281021118 -0.011951478198170662
0.12226256728172302 0.14260751008987427 -0.0062465788796544075
0.13085852563381195 0.13123847544193268 -0.0005280644400045276
0.139693945646286 0.12016721814870834 0.005153213161975145
0.14858974516391754 0.1095954030752182 0.01072090957313776
0.1573980450630188 0.09969788789749146 0.01610706001520157
0.16602863371372223 0.09057256579399109 0.021279748529195786
0.1744467318058014 0.0822492241859436 0.02624073252081871
0.1826668530702591 0.07470478117465973 0.031020034104585648
0.19074614346027374 0.06787782162427902 0.03567112609744072
0.1987799108028412 0.06168050318956375 0.04026785492897034
0.20689231157302856 0.056010033935308456 0.04489833861589432
0.2151527851819992 0.050791166722774506 0.04960881546139717
0.22358031570911407 0.045984044671058655 0.05441060662269592
0.2321847379207611 0.041567113250494 0.05930961295962334
0.24096661806106567 0.03753482922911644 0.06430641561746597
0.24991658329963684 0.03389623761177063 0.06939584761857986
0.25901374220848083 0.030674444511532784 0.07456616312265396
0.2682237923145294 0.02790658362209797 0.0797979012131691
0.27754679322242737 0.025625187903642654 0.08509018272161484
0.28712013363838196 0.023816948756575584 0.09051655977964401
0.29707545042037964 0.022467803210020065 0.09614637494087219
0.3074971139431 0.021569378674030304 0.10202178359031677
0.3184097409248352 0.021113038063049316 0.10815104842185974
0.329764723777771 0.021083418279886246 0.11450129747390747
0.3414296805858612 0.02145211584866047 0.12099328637123108
0.3531816899776459 0.02217898704111576 0.127495676279068
0.3645922839641571 0.023378988727927208 0.13368964195251465
0.3751516342163086 0.02533799223601818 0.13913626968860626
0.3844963014125824 0.02832779474556446 0.14348778128623962
0.39239931106567383 0.0326075479388237 0.14648319780826569
0.3987328112125397 0.038446906954050064 0.147917702794075
0.4034247398376465 0.04615851491689682 0.1476040929555893
0.4064177870750427 0.05614185333251953 0.14532944560050964
0.4076268672943115 0.06888054311275482 0.14082449674606323
0.40689393877983093 0.0846162810921669 0.1338367611169815
0.4039730131626129 0.10348247736692429 0.12408623099327087
0.39854711294174194 0.12559634447097778 0.11124935746192932
0.3902529180049896 0.1510029435157776 0.09499610215425491
0.3787176012992859 0.1796078383922577 0.0750419944524765
0.36361411213874817 0.21109887957572937 0.051219403743743896
0.3447364568710327 0.24486860632896423 0.023565690964460373
0.32214483618736267 0.2802487909793854 -0.007643336430191994
0.2961762547492981 0.31700587272644043 -0.042062513530254364
0.26720911264419556 0.35504525899887085 -0.07936418801546097
0.23559871315956116 0.39437335729599 -0.11927676945924759
0.20164115726947784 0.4351099729537964 -0.16161799430847168
0.1655445396900177 0.4774978756904602 -0.20632141828536987
0.12740737199783325 0.5219120979309082 -0.25345751643180847
0.08717057853937149 0.5689022541046143 -0.30330514907836914
0.044230543076992035 0.6195724010467529 -0.35703277587890625
-0.002437148941680789 0.6754633784294128 -0.41649335622787476
-0.05399950221180916 0.7382938265800476 -0.48373669385910034
-0.11180727183818817 0.8100231289863586 -0.5610774159431458
-0.1774633526802063 0.8929489850997925 -0.6512079238891602
-0.25292259454727173 0.9898492097854614 -0.7573617696762085
-0.3406307101249695 1.104178547859192 -0.8835409879684448
0.614642858505249 1.0556069612503052 -0.7085450887680054
0.5601143836975098 0.9953011870384216 -0.6597495675086975
0.5182624459266663 0.9483600854873657 -0.6211881041526794
0.4843626022338867 0.9097303152084351 -0.5889391303062439
0.45564693212509155 0.8764585852622986 -0.5607227087020874
0.43039175868034363 0.8467204570770264 -0.5351498126983643
0.40748652815818787 0.8193655610084534 -0.5113726258277893
0.38622063398361206 0.7936936616897583 -0.4889166057109833
0.36617475748062134 0.7693431973457336 -0.4675944745540619
0.34715035557746887 0.7461560964584351 -0.44734013080596924
0.32902511954307556 0.7239834666252136 -0.4280199706554413
0.3116748631000519 0.7026682496070862 -0.4094879925251007
0.29497113823890686 0.682048499584198 -0.3915935456752777
0.278781920671463 0.6619575619697571 -0.3741823732852936
0.26297181844711304 0.6422249674797058 -0.3570965826511383
0.24740247428417206 0.6226765513420105 -0.34017518162727356
0.23195289075374603 0.6031526923179626 -0.32327353954315186
0.21666087210178375 0.5836362838745117 -0.306399941444397
0.20163333415985107 0.5641682744026184 -0.28962773084640503
0.1869659572839737 0.5447744727134705 -0.27301713824272156
0.172744020819664 0.5254649519920349 -0.25661569833755493
0.15904362499713898 0.506234347820282 -0.2404584139585495
0.14593350887298584 0.48706167936325073 -0.2245689034461975
0.13347694277763367 0.4679102897644043 -0.20895986258983612
0.12173374742269516 0.4487205445766449 -0.19362133741378784
0.11077991127967834 0.42942893505096436 -0.17852509021759033
0.10072905570268631 0.41001996397972107 -0.163680300116539
0.0917302817106247 0.3905346393585205 -0.14914080500602722
0.08396231383085251 0.3710736334323883 -0.13500501215457916
0.07762408256530762 0.3517986834049225 -0.12141386419534683
0.07292193174362183 0.332930326461792 -0.10854583233594894
0.07004404067993164 0.31473925709724426 -0.09660479426383972
0.06897003948688507 0.29746222496032715 -0.08571895956993103
0.06948109716176987 0.2812218964099884 -0.07589483261108398
0.07133545726537704 0.26605209708213806 -0.06707841902971268
0.07429411262273788 0.25191184878349304 -0.059171006083488464
0.07813515514135361 0.23869940638542175 -0.05204132944345474
0.08266235142946243 0.22626425325870514 -0.045535095036029816
0.0877097025513649 0.21441525220870972 -0.03948061913251877
0.09316807240247726 0.20293183624744415 -0.033699918538331985
0.09907165914773941 0.19162651896476746 -0.0280609168112278
0.10547856241464615 0.18037500977516174 -0.022472385317087173
0.1124204695224762 0.16911111772060394 -0.016871659085154533
0.11989526450634003 0.15782736241817474 -0.011224540881812572
0.1278589516878128 0.14657685160636902 -0.005526551976799965
0.1362185776233673 0.13547351956367493 0.0001957146596396342
0.14482855796813965 0.12468856573104858 0.005884385202080011
0.15350764989852905 0.11442947387695312 0.011456195265054703
0.1621045023202896 0.10486320406198502 0.016840239986777306
0.17052552103996277 0.09607847034931183 0.022003168240189552
0.1787329763174057 0.08809628337621689 0.026946434751152992
0.18673880398273468 0.08088547736406326 0.03170067444443703
0.1945980340242386 0.07437745481729507 0.036320704966783524
0.20240427553653717 0.06847793608903885 0.04088230058550835
0.21028076112270355 0.06307956576347351 0.045476142317056656
0.21830198168754578 0.05811609700322151 0.050152238458395004
0.22649461030960083 0.053564850240945816 0.05492572858929634
0.23487557470798492 0.04942219704389572 0.05980579927563667
0.24345162510871887 0.04570162296295166 0.06479574739933014
0.2522190511226654 0.04243289306759834 0.06989257782697678
0.26116183400154114 0.0396619513630867 0.0750860795378685
0.27024945616722107 0.037451110780239105 0.08035749942064285
0.2794828414916992 0.03585546091198921 0.0857052281498909
0.288991779088974 0.03486773371696472 0.09119969606399536
0.2989000976085663 0.0344725139439106 0.09690685570240021
0.30928531289100647 0.03465352579951286 0.10286559909582138
0.32016614079475403 0.035385504364967346 0.10908092558383942
0.3314894139766693 0.03662591800093651 0.11551685631275177
0.3431203365325928 0.03830796107649803 0.12209164351224899
0.3548360764980316 0.04034342244267464 0.12867186963558197
0.36622291803359985 0.04280970245599747 0.13493452966213226
0.3767959773540497 0.045980632305145264 0.14043264091014862
0.38621097803115845 0.05012945458292961 0.14480973780155182
0.39425548911094666 0.0555262491106987 0.14779655635356903
0.4008147120475769 0.0624576173722744 0.14918164908885956
0.4058314859867096 0.07125581800937653 0.14877332746982574
0.40926897525787354 0.08233966678380966 0.1463576853275299
0.41106975078582764 0.0962018370628357 0.14166627824306488
0.4110950529575348 0.11304361373186111 0.13443270325660706
0.4091205894947052 0.13293442130088806 0.12435858696699142
0.40485745668411255 0.15592297911643982 0.11110235005617142
0.3979719281196594 0.1819869577884674 0.0943116545677185
0.3881140351295471 0.2109757661819458 0.07366906851530075
0.37495943903923035 0.2425464540719986 0.0489543192088604
0.3582688570022583 0.276102751493454 0.020122593268752098
0.3380325436592102 0.3110402226448059 -0.012639028020203114
0.31451889872550964 0.3472103178501129 -0.04902846738696098
0.2880437672138214 0.384590208530426 -0.08874340355396271
0.25891414284706116 0.42323535680770874 -0.131519615650177
0.22740133106708527 0.46328818798065186 -0.1771603226661682
0.19371792674064636 0.5049853324890137 -0.22556093335151672
0.1579996943473816 0.5486646294593811 -0.2767292857170105
0.12025395780801773 0.5948113799095154 -0.33086690306663513
0.07988773286342621 0.6445126533508301 -0.3891780376434326
0.035857852548360825 0.699310839176178 -0.45361948013305664
-0.012973401695489883 0.7608680129051208 -0.5262951254844666
-0.06786015629768372 0.8310009241104126 -0.6094949245452881
-0.13021433353424072 0.9117404222488403 -0.7057687044143677
-0.20166383683681488 1.0054138898849487 -0.8180285096168518
-0.28412652015686035 1.1147509813308716 -0.9496797919273376
0.6153584718704224 1.0538586378097534 -0.7027060985565186
0.561804473400116 0.9941846132278442 -0.6545858383178711
0.5203366875648499 0.9473217725753784 -0.6162280440330505
0.4865957796573639 0.9085820913314819 -0.5840129256248474
0.4579736590385437 0.8751689791679382 -0.555793285369873
0.4328170418739319 0.8453255891799927 -0.530238926410675
0.4100421369075775 0.8179247379302979 -0.5065239071846008
0.388938307762146 0.7922630310058594 -0.48417195677757263
0.36906740069389343 0.767956018447876 -0.46297597885131836
0.35021060705184937 0.7448199391365051 -0.44284766912460327
0.3322405219078064 0.7226958870887756 -0.42364540696144104
0.31503134965896606 0.7014210224151611 -0.40521854162216187
0.298455148935318 0.6808297634124756 -0.38741427659988403
0.28238245844841003 0.6607547998428345 -0.3700781762599945
0.2666822075843811 0.6410267353057861 -0.353054016828537
0.2512219548225403 0.6214746236801147 -0.3361843228340149
0.23588794469833374 0.601944088935852 -0.31932953000068665
0.22072356939315796 0.5824213624000549 -0.302501380443573
0.20583994686603546 0.5629497766494751 -0.28577548265457153
0.1913367211818695 0.5435568690299988 -0.2692139744758606
0.17730264365673065 0.5242542028427124 -0.25286582112312317
0.16381709277629852 0.5050379037857056 -0.23676751554012299
0.15095162391662598 0.4858880043029785 -0.22094349563121796
0.13877196609973907 0.4667690098285675 -0.2054070085287094
0.12733814120292664 0.4476225972175598 -0.1901492178440094
0.11671990156173706 0.4283870756626129 -0.17514435946941376
0.10702183097600937 0.4090491533279419 -0.1604040563106537
0.09838136285543442 0.38965147733688354 -0.14598378539085388
0.0909622460603714 0.37029558420181274 -0.1319824904203415
0.08494506031274796 0.35114240646362305 -0.11853980273008347
0.08051449060440063 0.33240944147109985 -0.1058305948972702
0.0778350830078125 0.3143617510795593 -0.09405259042978287
0.07687493413686752 0.2972373366355896 -0.08333057910203934
0.07741754502058029 0.28116515278816223 -0.07367014139890671
0.07922718673944473 0.266181081533432 -0.06501493602991104
0.08207390457391739 0.2522437274456024 -0.05726354196667671
0.08574718981981277 0.2392493635416031 -0.05028235539793968
0.09006398916244507 0.22704561054706573 -0.04391546919941902
0.0948726013302803 0.2154395878314972 -0.037990279495716095
0.10007722675800323 0.204209104180336 -0.0323280394077301
0.1057172641158104 0.19316506385803223 -0.026794996112585068
0.11185397952795029 0.18218331038951874 -0.021298663690686226
0.1185227483510971 0.17119930684566498 -0.01577594131231308
0.12572568655014038 0.16020900011062622 -0.010193117894232273
0.13342292606830597 0.1492704451084137 -0.004547370597720146
0.14152508974075317 0.1385042369365692 0.0011315452866256237
0.1498885452747345 0.12808935344219208 0.006780894473195076
0.1583309769630432 0.11823389679193497 0.012312348932027817
0.16669723391532898 0.10909294337034225 0.01765216514468193
0.17488975822925568 0.10074244439601898 0.022765381261706352
0.1828673630952835 0.09319184720516205 0.027652816846966743
0.1906391680240631 0.08640003949403763 0.03234529867768288
0.19825783371925354 0.08029007911682129 0.03689846023917198
0.20581501722335815 0.07476082444190979 0.04138947278261185
0.2134334295988083 0.06970012933015823 0.04591134190559387
0.22119565308094025 0.06504970043897629 0.05051952600479126
0.22914035618305206 0.06080298498272896 0.05523540452122688
0.23729415237903595 0.056973863393068314 0.0600731261074543
0.24567186832427979 0.053595151752233505 0.0650397390127182
0.2542756497859955 0.05071808770298958 0.07013455033302307
0.2630927860736847 0.04841246455907822 0.07534798234701157
0.2720933258533478 0.04676685109734535 0.08065986633300781
0.2812725305557251 0.04585946351289749 0.0860641822218895
0.29074686765670776 0.045689381659030914 0.09162408858537674
0.30062663555145264 0.04623916745185852 0.09739848971366882
0.3109780550003052 0.04748344421386719 0.10342009365558624
0.32181140780448914 0.04937918856739998 0.10968898236751556
0.3330692648887634 0.05185648426413536 0.11616626381874084
0.3446180522441864 0.05481155589222908 0.12277011573314667
0.35624343156814575 0.058111850172281265 0.12937042117118835
0.3675554394721985 0.06180214881896973 0.1356460154056549
0.378099650144577 0.06614771485328674 0.1411462128162384
0.3875538110733032 0.07142461091279984 0.14550817012786865
0.39572009444236755 0.07791345566511154 0.14845497906208038
0.40249449014663696 0.08591563254594803 0.14976786077022552
0.4078310430049896 0.09577885270118713 0.1492500752210617
0.41170862317085266 0.10793443024158478 0.14668676257133484
0.41409122943878174 0.12287426739931107 0.14181140065193176
0.4148510992527008 0.14075373113155365 0.1343439519405365
0.4137765169143677 0.16157658398151398 0.1239686980843544
0.4105990529060364 0.18532437086105347 0.11032882332801819
0.4050080478191376 0.21191254258155823 0.09305411577224731
0.39667266607284546 0.2411438524723053 0.07179943472146988
0.3852729797363281 0.2726578414440155 0.04629703238606453
0.3705454170703888 0.3058856129646301 0.016422992572188377
0.3524278700351715 0.3402957022190094 -0.017722437158226967
0.3311406672000885 0.3758172392845154 -0.05587659776210785
0.30695274472236633 0.41248974204063416 -0.09776247292757034
0.2801327705383301 0.4504110813140869 -0.14312709867954254
0.2509291470050812 0.48974257707595825 -0.19176539778709412
0.21955344080924988 0.5307140350341797 -0.24354110658168793
0.18616653978824615 0.5736289620399475 -0.29840460419654846
0.1508256196975708 0.6189125180244446 -0.35648101568222046
0.11295289546251297 0.6676227450370789 -0.41899779438972473
0.07150033861398697 0.7212871313095093 -0.48799940943717957
0.0253579244017601 0.7815123796463013 -0.5656375885009766
-0.026654984802007675 0.850000262260437 -0.6541883945465088
-0.0858137384057045 0.928582489490509 -0.7560978531837463
-0.1535218507051468 1.0192679166793823 -0.8740453124046326
-0.2313499003648758 1.124298095703125 -1.011016607284546
0.6189483404159546 1.0510268211364746 -0.690657913684845
0.5663528442382812 0.9920682907104492 -0.6437879800796509
0.525148332118988 0.9452152252197266 -0.6059740781784058
0.4914211928844452 0.9062488079071045 -0.5740174055099487
0.46275922656059265 0.8725777864456177 -0.5459663271903992
0.4375941753387451 0.8425341844558716 -0.5205828547477722
0.4148707985877991 0.8150204420089722 -0.49707943201065063
0.3938731849193573 0.7893269658088684 -0.47498318552970886
0.3741331994533539 0.7650349736213684 -0.45406410098075867
0.3554024398326874 0.7419254183769226 -0.43420660495758057
0.3375464081764221 0.7198266386985779 -0.41526055335998535
0.3204367458820343 0.6985685229301453 -0.3970712721347809
0.30394548177719116 0.6779810190200806 -0.37948450446128845
0.2879452407360077 0.6578950881958008 -0.36234670877456665
0.2723093628883362 0.6381427049636841 -0.3455052077770233
0.25691184401512146 0.6185566782951355 -0.3288079798221588
0.24164685606956482 0.5989888906478882 -0.3121228516101837
0.2265634387731552 0.5794292092323303 -0.29546526074409485
0.21177639067173004 0.5599232316017151 -0.27891215682029724
0.19738861918449402 0.5405002236366272 -0.2625269293785095
0.18349172174930573 0.521173894405365 -0.24635985493659973
0.17016708850860596 0.5019415616989136 -0.23044800758361816
0.15748795866966248 0.48278525471687317 -0.21481667459011078
0.14552097022533417 0.463670939207077 -0.19947963953018188
0.13432563841342926 0.44454509019851685 -0.18443100154399872
0.1239672303199768 0.4253566861152649 -0.1696532964706421
0.11454194784164429 0.40610167384147644 -0.15516458451747894
0.10617494583129883 0.3868289887905121 -0.14102359116077423
0.09901370108127594 0.3676423132419586 -0.12732857465744019
0.09321891516447067 0.34869953989982605 -0.11421395093202591
0.0889526903629303 0.33020928502082825 -0.10184472054243088
0.08635679632425308 0.3124217987060547 -0.0904044359922409
0.08539154380559921 0.2955631613731384 -0.0800052061676979
0.08584865927696228 0.2797558903694153 -0.07064489275217056
0.08750436455011368 0.26503145694732666 -0.06226252764463425
0.09014254063367844 0.2513459622859955 -0.05475481599569321
0.09356722980737686 0.2385958731174469 -0.047988809645175934
0.09760960191488266 0.22663097083568573 -0.04181116819381714
0.1021314486861229 0.21526263654232025 -0.036053262650966644
0.10704778879880905 0.20427438616752625 -0.03054080717265606
0.11239932477474213 0.19348250329494476 -0.025142453610897064
0.11824669688940048 0.18276822566986084 -0.019767282530665398
0.124626025557518 0.1720731258392334 -0.014353672042489052
0.13154110312461853 0.161399245262146 -0.008869457058608532
0.13895465433597565 0.15081080794334412 -0.0033136506099253893
0.146780326962471 0.14043420553207397 0.002281671157106757
0.15487754344940186 0.13045312464237213 0.007850817404687405
0.16306442022323608 0.12107211351394653 0.013302301988005638
0.17118196189403534 0.11243072897195816 0.01856006123125553
0.17912884056568146 0.10458943247795105 0.023587679490447044
0.18686047196388245 0.09754421561956406 0.02838526852428913
0.19438286125659943 0.09124290198087692 0.03298349678516388
0.20174622535705566 0.08560007065534592 0.03743833675980568
0.2090398371219635 0.0805080384016037 0.041827719658613205
0.21638576686382294 0.07585053890943527 0.0462464839220047
0.22387661039829254 0.07157626748085022 0.05075659230351448
0.23156529664993286 0.06769303977489471 0.05538729950785637
0.23949019610881805 0.06423090398311615 0.06015903875231743
0.24767522513866425 0.06124097481369972 0.06508338451385498
0.2561284899711609 0.05879512429237366 0.07016215473413467
0.2648393213748932 0.05698602274060249 0.07538563758134842
0.2737748324871063 0.055926788598299026 0.08073041588068008
0.28291991353034973 0.05571649968624115 0.08618292212486267
0.29237180948257446 0.0563591793179512 0.09179520606994629
0.3022225499153137 0.057833485305309296 0.09761586785316467
0.3125237226486206 0.06010295823216438 0.10366906970739365
0.32327550649642944 0.06310576945543289 0.10994896292686462
0.3344172537326813 0.06674578785896301 0.1164146140217781
0.3458215892314911 0.07088670879602432 0.12298720329999924
0.3572908937931061 0.07535979151725769 0.12954531610012054
0.36846724152565 0.08018472790718079 0.13577592372894287
0.3789314329624176 0.08562082797288895 0.14122936129570007
0.3883848786354065 0.09194663912057877 0.14553897082805634
0.39664357900619507 0.09945070743560791 0.148421049118042
0.40361160039901733 0.10844453424215317 0.14964917302131653
0.40924984216690063 0.11928451061248779 0.14902076125144958
0.4135468900203705 0.1324048489332199 0.1463196575641632
0.41648054122924805 0.14828522503376007 0.14128218591213226
0.41792571544647217 0.16703304648399353 0.13361503183841705
0.4176753759384155 0.18859075009822845 0.12298639118671417
0.41547346115112305 0.21288038790225983 0.10902684181928635
0.4110260009765625 0.239766925573349 0.09135223180055618
0.40401697158813477 0.2690213918685913 0.0695946216583252
0.39413151144981384 0.3002830743789673 0.04344465211033821
0.38108938932418823 0.3330271542072296 0.012705634348094463
0.3647923469543457 0.3668016493320465 -0.02260253019630909
0.34542959928512573 0.40160301327705383 -0.06225036084651947
0.3232380747795105 0.43752169609069824 -0.10598347336053848
0.2984579801559448 0.474688857793808 -0.15356135368347168
0.27131912112236023 0.5132790207862854 -0.20477505028247833
0.2420298159122467 0.5535135865211487 -0.2594633996486664
0.21076679229736328 0.5956642031669617 -0.3175269663333893
0.1776232272386551 0.6401017308235168 -0.3790210485458374
0.14204108715057373 0.6878483295440674 -0.4451884329319
0.1029815822839737 0.7404071092605591 -0.5181488394737244
0.05936439335346222 0.7993340492248535 -0.6001004576683044
0.010067414492368698 0.8662421107292175 -0.6933220028877258
-0.0460868664085865 0.942821741104126 -0.8001999258995056
-0.11035072058439255 1.0308672189712524 -0.9232676029205322
-0.18407128751277924 1.1323060989379883 -1.065245270729065
0.6249338388442993 1.0472939014434814 -0.6734206080436707
0.573334276676178 0.989021360874176 -0.6280294060707092
0.5323558449745178 0.9420878887176514 -0.5909206867218018
0.49857285618782043 0.9027863144874573 -0.5593518018722534
0.46979576349258423 0.8687577247619629 -0.5315905809402466
0.44455453753471375 0.8384354710578918 -0.506504237651825
0.4218275249004364 0.8107547760009766 -0.4833478629589081
0.40089258551597595 0.7849951982498169 -0.4616501033306122
0.38124677538871765 0.7606950998306274 -0.4411504864692688
0.36260730028152466 0.7375921607017517 -0.4217006266117096
0.34483081102371216 0.7154996991157532 -0.403141587972641
0.3277852237224579 0.6942390203475952 -0.385315477848053
0.3113417625427246 0.6736351251602173 -0.3680679202079773
0.29537492990493774 0.6535173058509827 -0.35124778747558594
0.27976223826408386 0.6337187886238098 -0.3347074091434479
0.264384388923645 0.6140768527984619 -0.31830257177352905
0.2491440773010254 0.5944503545761108 -0.30191031098365784
0.23409569263458252 0.5748333930969238 -0.2855496406555176
0.21935732662677765 0.5552735924720764 -0.2692979872226715
0.20503456890583038 0.53580242395401 -0.2532191872596741
0.19122099876403809 0.5164350867271423 -0.23736372590065002
0.17799951136112213 0.4971712827682495 -0.22176937758922577
0.16544382274150848 0.477994829416275 -0.20646163821220398
0.15362043678760529 0.4588744342327118 -0.19145481288433075
0.14258769154548645 0.4397639334201813 -0.1767473667860031
0.13240781426429749 0.4206298291683197 -0.16233398020267487
0.12316934764385223 0.40148255228996277 -0.14824159443378448
0.11498507112264633 0.3823799192905426 -0.13453233242034912
0.10798574984073639 0.36342766880989075 -0.12130169570446014
0.1023118868470192 0.34477776288986206 -0.10867510735988617
0.09810366481542587 0.32662442326545715 -0.09680236130952835
0.09548209607601166 0.30919596552848816 -0.08584664016962051
0.0944034531712532 0.29269522428512573 -0.07590067386627197
0.09467234462499619 0.2772290110588074 -0.06695027649402618
0.09608122706413269 0.26281943917274475 -0.05892888084053993
0.09843094646930695 0.24941948056221008 -0.05173284187912941
0.10154162347316742 0.2369275987148285 -0.045232731848955154
0.10525885969400406 0.22519958019256592 -0.0392814502120018
0.10945675522089005 0.2140561044216156 -0.03371841087937355
0.11405856907367706 0.20329229533672333 -0.02837797999382019
0.11910295486450195 0.19273585081100464 -0.02313476987183094
0.12464684993028641 0.18227830529212952 -0.017901943996548653
0.13072429597377777 0.17187076807022095 -0.012621121481060982
0.13733871281147003 0.16152401268482208 -0.007262744475156069
0.1444539725780487 0.15130966901779175 -0.0018279197392985225
0.15198634564876556 0.14135919511318207 0.003649630816653371
0.15979912877082825 0.13185828924179077 0.009102966636419296
0.16771234571933746 0.12300414592027664 0.014439363032579422
0.17556416988372803 0.11491798609495163 0.01958131603896618
0.18324998021125793 0.10764271765947342 0.024491408839821815
0.19072207808494568 0.1011597141623497 0.02916910871863365
0.19798347353935242 0.09540556371212006 0.03364470228552818
0.20508144795894623 0.09028676152229309 0.03797395899891853
0.21210269629955292 0.08569031208753586 0.042234890162944794
0.21916799247264862 0.08149722218513489 0.046523381024599075
0.2263806015253067 0.07766247540712357 0.05090826749801636
0.2338087111711502 0.0742061510682106 0.05542762950062752
0.24150356650352478 0.07117246836423874 0.06010901927947998
0.2494986653327942 0.06862875074148178 0.06496917456388474
0.2578078508377075 0.06666513532400131 0.07001250982284546
0.266421377658844 0.06539421528577805 0.075228750705719
0.2753007411956787 0.06494945287704468 0.08058974891901016
0.28441572189331055 0.06544563174247742 0.08607167750597
0.29383930563926697 0.06688868254423141 0.09171215444803238
0.30364176630973816 0.06925055384635925 0.0975467786192894
0.3138572573661804 0.07248139381408691 0.1035895049571991
0.3244754374027252 0.07650017738342285 0.10982829332351685
0.3354352116584778 0.08118752390146255 0.11622171849012375
0.34662023186683655 0.08638197183609009 0.12269742786884308
0.35785791277885437 0.09189046174287796 0.1291479915380478
0.3688296675682068 0.09771712124347687 0.13527469336986542
0.37915468215942383 0.10411696881055832 0.14063376188278198
0.38855916261672974 0.11136946082115173 0.14485794305801392
0.3968716859817505 0.11976692080497742 0.14765778183937073
0.4040013551712036 0.1296248883008957 0.1487990766763687
0.40991076827049255 0.14130030572414398 0.14807263016700745
0.4145922064781189 0.15522004663944244 0.14526055753231049
0.4180293381214142 0.17184068262577057 0.1401020586490631
0.42009237408638 0.19122399389743805 0.1322908252477646
0.42057210206985474 0.21326108276844025 0.12147987633943558
0.4192182421684265 0.23782722651958466 0.10728916525840759
0.4157475531101227 0.26475217938423157 0.08932323753833771
0.40985506772994995 0.29379239678382874 0.06719540059566498
0.4012308418750763 0.3246031403541565 0.04056054726243019
0.38958415389060974 0.35671594738960266 0.009157391265034676
0.3747933506965637 0.3897598683834076 -0.027064861729741096
0.3570299744606018 0.42378613352775574 -0.06790247559547424
0.33651065826416016 0.4589233100414276 -0.11311923712491989
0.31345629692077637 0.49532628059387207 -0.1624859720468521
0.2880830764770508 0.5331768989562988 -0.21579240262508392
0.26059556007385254 0.5726863145828247 -0.2728583812713623
0.23118054866790771 0.6140972375869751 -0.3335436284542084
0.19995631277561188 0.6577329635620117 -0.397843599319458
0.16638842225074768 0.7045782804489136 -0.4670121967792511
0.12945958971977234 0.7561074495315552 -0.5432339906692505
0.0881226435303688 0.8138319253921509 -0.6287540197372437
0.04130527004599571 0.879298746585846 -0.72586989402771
-0.012097836472094059 0.9541015625 -0.836948573589325
-0.0732366293668747 1.0398969650268555 -0.9644511342048645
-0.1433163285255432 1.1384199857711792 -1.1109552383422852
0.6328273415565491 1.042847752571106 -0.6520394086837769
0.5822932124137878 0.9851236939430237 -0.6080461740493774
0.5415758490562439 0.9379989504814148 -0.571639358997345
0.5077393054962158 0.8982667326927185 -0.5405004024505615
0.4788287580013275 0.8638031482696533 -0.5131049156188965
0.45348289608955383 0.8331446647644043 -0.4884185492992401
0.4307199716567993 0.8052580952644348 -0.4657316505908966
0.4098154902458191 0.7794080376625061 -0.4445655345916748
0.39023298025131226 0.7550827860832214 -0.42461884021759033
0.3716554045677185 0.7319712042808533 -0.40570345520973206
0.3539291024208069 0.7098708152770996 -0.3876529037952423
0.33691731095314026 0.6885933876037598 -0.3703073263168335
0.32048967480659485 0.6679587960243225 -0.3535136878490448
0.30452191829681396 0.6477945446968079 -0.33712494373321533
0.2888956367969513 0.6279356479644775 -0.32100027799606323
0.27349817752838135 0.6082248687744141 -0.3050050735473633
0.25824061036109924 0.5885284543037415 -0.2890271544456482
0.24318276345729828 0.568845272064209 -0.2730889320373535
0.22844523191452026 0.5492244362831116 -0.2572668194770813
0.21413592994213104 0.5296996235847473 -0.24162410199642181
0.20035003125667572 0.5102881789207458 -0.22621096670627594
0.18717128038406372 0.4909920394420624 -0.211064875125885
0.1746734082698822 0.4717978835105896 -0.19621151685714722
0.16292184591293335 0.45267733931541443 -0.18166546523571014
0.15197384357452393 0.43359407782554626 -0.16743020713329315
0.14188970625400543 0.41453638672828674 -0.15351448953151703
0.13275118172168732 0.395532488822937 -0.13995468616485596
0.12465891987085342 0.3766494691371918 -0.12681511044502258
0.11772727221250534 0.35799357295036316 -0.11418616026639938
0.11207731068134308 0.33970749378204346 -0.10218076407909393
0.10782870650291443 0.32196661829948425 -0.09092959761619568
0.10508415102958679 0.30497151613235474 -0.08057156950235367
0.10379909723997116 0.2888943552970886 -0.0711762085556984
0.10379425436258316 0.27381956577301025 -0.06271547824144363
0.10488088428974152 0.25975722074508667 -0.055117543786764145
0.10687853395938873 0.2466573864221573 -0.04828016832470894
0.10962416231632233 0.2344224601984024 -0.04208002984523773
0.11297736316919327 0.22291752696037292 -0.03637917712330818
0.11682324856519699 0.21197666227817535 -0.031028177589178085
0.12109123170375824 0.20141160488128662 -0.025873305276036263
0.12581506371498108 0.19106626510620117 -0.02079799771308899
0.1310453861951828 0.1808466911315918 -0.015721676871180534
0.13681194186210632 0.17071671783924103 -0.010590770281851292
0.14311577379703522 0.16069786250591278 -0.005379288457334042
0.14992061257362366 0.15086977183818817 -9.067946666618809e-05
0.15714488923549652 0.14136825501918793 0.0052402750588953495
0.1646566092967987 0.13237853348255157 0.010546949692070484
0.17227910459041595 0.12408693134784698 0.015737302601337433
0.1798492670059204 0.1165940910577774 0.020733578130602837
0.18726012110710144 0.10992400348186493 0.025498026981949806
0.1944614201784134 0.10404301434755325 0.030029699206352234
0.2014532834291458 0.09887686371803284 0.03435830771923065
0.2082797884941101 0.09432511776685715 0.03853890299797058
0.2150244265794754 0.09027113765478134 0.04264875128865242
0.22180600464344025 0.08659529685974121 0.04678383842110634
0.22873778641223907 0.0832584947347641 0.051019489765167236
0.23590333759784698 0.08029107004404068 0.055402882397174835
0.2433665543794632 0.07774890959262848 0.059968963265419006
0.2511705458164215 0.07571262121200562 0.0647398978471756
0.2593347430229187 0.07428699731826782 0.06972286850214005
0.2678488790988922 0.07359969615936279 0.07490663975477219
0.27666640281677246 0.07379776984453201 0.08025724440813065
0.2857382297515869 0.075003981590271 0.08573862910270691
0.295109361410141 0.07722174376249313 0.09137138724327087
0.30482518672943115 0.08041290938854218 0.09717611223459244
0.3149011731147766 0.08451217412948608 0.10315573215484619
0.325317919254303 0.08942034095525742 0.10929271578788757
0.3360165059566498 0.0949997678399086 0.11554724723100662
0.34689784049987793 0.10107386857271194 0.12185708433389664
0.3578212559223175 0.10743981599807739 0.12813334167003632
0.3685131072998047 0.11409648507833481 0.13409724831581116
0.37863314151763916 0.1212955191731453 0.1393163502216339
0.3879322111606598 0.1293146163225174 0.14342600107192993
0.39625033736228943 0.138445183634758 0.14613282680511475
0.40349823236465454 0.1490001082420349 0.1471949815750122
0.409635990858078 0.1613289713859558 0.14639608561992645
0.41465291380882263 0.17584173381328583 0.1435154527425766
0.41853150725364685 0.19296371936798096 0.13829456269741058
0.42113131284713745 0.2127179056406021 0.1304139792919159
0.42223596572875977 0.23495841026306152 0.11951194703578949
0.4215959906578064 0.25952956080436707 0.10519839823246002
0.41893404722213745 0.2862425744533539 0.08706813305616379
0.4139527380466461 0.31485483050346375 0.06471853703260422
0.40634652972221375 0.34505006670951843 0.037774160504341125
0.39581865072250366 0.37642258405685425 0.005918505601584911
0.3822336196899414 0.4086776673793793 -0.03095843642950058
0.36575427651405334 0.44190722703933716 -0.07267104089260101
0.3465862572193146 0.4762656092643738 -0.11899590492248535
0.324938029050827 0.5119215846061707 -0.16971248388290405
0.3010168671607971 0.5490589141845703 -0.22461001574993134
0.27502456307411194 0.5878772139549255 -0.28349414467811584
0.24715407192707062 0.6285937428474426 -0.34619247913360596
0.2175411432981491 0.6714914441108704 -0.41265279054641724
0.18567697703838348 0.7175197005271912 -0.48413753509521484
0.15057402849197388 0.7681230902671814 -0.562885582447052
0.11122103780508041 0.8247759938240051 -0.6511872410774231
0.06658997386693954 0.8889766931533813 -0.7513701319694519
0.01563129387795925 0.962254524230957 -0.8658105134963989
-0.04273397475481033 1.0461809635162354 -0.9969507455825806
-0.10962022840976715 1.1423791646957397 -1.1473132371902466
0.6421247124671936 1.0378845930099487 -0.6276018619537354
0.5927100777626038 0.9804763197898865 -0.5847026705741882
0.5523329377174377 0.9330406188964844 -0.5488775372505188
0.5185036659240723 0.8928076028823853 -0.5181503295898438
0.4894935190677643 0.8578645586967468 -0.49116548895835876
0.4640525281429291 0.8268417716026306 -0.46696406602859497
0.44124481081962585 0.79873126745224 -0.44485506415367126
0.4203498959541321 0.7727779150009155 -0.42433878779411316
0.40080612897872925 0.7484169602394104 -0.40506166219711304
0.38226646184921265 0.7252870202064514 -0.38679102063179016
0.36456671357154846 0.7031691670417786 -0.36935415863990784
0.3475644290447235 0.6818658709526062 -0.3525913953781128
0.3311268985271454 0.6611921191215515 -0.3363526165485382
0.3151306211948395 0.6409739851951599 -0.32049667835235596
0.2994607090950012 0.6210488080978394 -0.30489131808280945
0.28401073813438416 0.601265013217926 -0.2894127070903778
0.2687000632286072 0.5814976692199707 -0.27396082878112793
0.25359317660331726 0.5617496371269226 -0.2585606276988983
0.23881293833255768 0.5420717597007751 -0.2432861477136612
0.22446906566619873 0.5224993824958801 -0.22819897532463074
0.21065817773342133 0.5030523538589478 -0.21334810554981232
0.19746458530426025 0.4837351441383362 -0.19877026975154877
0.1849619746208191 0.4645376205444336 -0.18449078500270844
0.1732146292924881 0.44543540477752686 -0.17052437365055084
0.16227898001670837 0.4264031648635864 -0.15687978267669678
0.15221452713012695 0.4074534475803375 -0.1435796469449997
0.14309683442115784 0.38863232731819153 -0.1306685358285904
0.13501502573490143 0.3700152337551117 -0.11821098625659943
0.12806783616542816 0.35170650482177734 -0.106289803981781
0.12235790491104126 0.3338364064693451 -0.09500294178724289
0.11798614263534546 0.31655803322792053 -0.0844598263502121
0.11503917723894119 0.30004075169563293 -0.07477349042892456
0.11347392946481705 0.2844218611717224 -0.06598944962024689
0.11312893033027649 0.26975974440574646 -0.05806589499115944
0.11383574455976486 0.25605159997940063 -0.05092700198292732
0.11543335020542145 0.24324513971805573 -0.04447367414832115
0.11777570843696594 0.23124875128269196 -0.03859066590666771
0.12073606252670288 0.21993964910507202 -0.033151254057884216
0.12420950084924698 0.20916858315467834 -0.028019236400723457
0.12812992930412292 0.1987677961587906 -0.02305505983531475
0.1325240582227707 0.18860171735286713 -0.018153231590986252
0.13743416965007782 0.17859424650669098 -0.013241213746368885
0.14288365840911865 0.16872435808181763 -0.008271558210253716
0.1488695591688156 0.15902572870254517 -0.0032226373441517353
0.15535412728786469 0.14958623051643372 0.0018995689461007714
0.16225756704807281 0.1405448019504547 0.007059811614453793
0.1694529801607132 0.13208340108394623 0.012193240225315094
0.1767689436674118 0.12437459081411362 0.017210442572832108
0.18404260277748108 0.11749647557735443 0.02203483320772648
0.19116611778736115 0.11145352572202682 0.026629194617271423
0.19808724522590637 0.10619720816612244 0.03099248930811882
0.20480355620384216 0.10164342820644379 0.03515373915433884
0.21135568618774414 0.09768635779619217 0.03916675224900246
0.21782320737838745 0.09420778602361679 0.04310719668865204
0.22432196140289307 0.09108985215425491 0.047070007771253586
0.23097383975982666 0.08829955756664276 0.051136039197444916
0.23787641525268555 0.08587551862001419 0.05536092072725296
0.24510538578033447 0.08388273417949677 0.05978671833872795
0.25271275639533997 0.08241154998540878 0.06444085389375687
0.26072245836257935 0.08157667517662048 0.06933311372995377
0.2691228687763214 0.08151434361934662 0.07445105910301208
0.27785730361938477 0.08237642049789429 0.07975433021783829
0.2868550419807434 0.08428376913070679 0.0851934626698494
0.29613059759140015 0.08723176270723343 0.09077048301696777
0.30570271611213684 0.09116873890161514 0.09649001061916351
0.3155690133571625 0.09601310640573502 0.10234428197145462
0.32570284605026245 0.10165008902549744 0.10831178724765778
0.3360520601272583 0.10793100297451019 0.1143568754196167
0.34653961658477783 0.11467594653367996 0.12043065577745438
0.35706230998039246 0.12168785184621811 0.126466304063797
0.36739492416381836 0.1289704144001007 0.13220976293087006
0.3772381544113159 0.13677172362804413 0.13724522292613983
0.3863670229911804 0.14536476135253906 0.14121466875076294
0.39463135600090027 0.15503503382205963 0.14382296800613403
0.4019410312175751 0.16608689725399017 0.14482147991657257
0.4082495868206024 0.17885570228099823 0.14398615062236786
0.4135381877422333 0.1937275230884552 0.14109238982200623
0.4177812337875366 0.21109150350093842 0.1358822137117386
0.42082446813583374 0.2309429943561554 0.12802264094352722
0.4224412441253662 0.253116250038147 0.11713678389787674
0.4223792850971222 0.2774415612220764 0.10282418876886368
0.42036351561546326 0.30372732877731323 0.0846700668334961
0.4161011278629303 0.3317444622516632 0.062257714569568634
0.4092898666858673 0.36121228337287903 0.03518619388341904
0.3996298611164093 0.39178743958473206 0.00309391668997705
0.3869779706001282 0.4232417345046997 -0.03417586907744408
0.37149420380592346 0.45569324493408203 -0.0764484629034996
0.3533788323402405 0.489309698343277 -0.12350764870643616
0.3328338861465454 0.5242654085159302 -0.17513799667358398
0.3100612759590149 0.5607407689094543 -0.23112770915031433
0.28526127338409424 0.5989232659339905 -0.2912716865539551
0.25863075256347656 0.6390076279640198 -0.35537368059158325
0.2303173989057541 0.6812446117401123 -0.4233459234237671
0.19983752071857452 0.7265520691871643 -0.49645715951919556
0.1662365347146988 0.7763473391532898 -0.5769888162612915
0.12853898108005524 0.8320733308792114 -0.6672696471214294
0.08575644344091415 0.8951928615570068 -0.7696595191955566
0.03688402473926544 0.9671922922134399 -0.8865574598312378
-0.019105732440948486 1.0495914220809937 -1.020416259765625
-0.08326695114374161 1.1439491510391235 -1.1737526655197144
0.6522999405860901 1.03261137008667 -0.601248562335968
0.6039795279502869 0.975213885307312 -0.559043824672699
0.5640227198600769 0.9273573756217957 -0.5236407518386841
0.5302954912185669 0.886597216129303 -0.49329501390457153
0.50126051902771 0.8511805534362793 -0.4667608439922333
0.4757683277130127 0.8198064565658569 -0.44312047958374023
0.45292970538139343 0.7914806604385376 -0.42168018221855164
0.43203648924827576 0.7654255628585815 -0.40190616250038147
0.4125143885612488 0.7410255074501038 -0.38338571786880493
0.3939960300922394 0.7178725004196167 -0.3658408522605896
0.3763066530227661 0.695732593536377 -0.3490949869155884
0.35929784178733826 0.6743998527526855 -0.33299052715301514
0.34283408522605896 0.6536843180656433 -0.3173823356628418
0.326791912317276 0.633411705493927 -0.30213662981987
0.31105947494506836 0.6134217977523804 -0.2871304452419281
0.29553595185279846 0.5935695171356201 -0.2722519040107727
0.28014835715293884 0.5737383365631104 -0.25741341710090637
0.2649649977684021 0.5539349913597107 -0.24264128506183624
0.25011035799980164 0.5342113971710205 -0.2280060350894928
0.2356957644224167 0.5146046280860901 -0.21356655657291412
0.22181902825832367 0.4951368272304535 -0.1993698924779892
0.20856547355651855 0.4758155941963196 -0.18545161187648773
0.19600893557071686 0.45663437247276306 -0.17183652520179749
0.18421320617198944 0.4375733733177185 -0.1585395187139511
0.17323455214500427 0.41861894726753235 -0.145574152469635
0.16313226521015167 0.39980775117874146 -0.13297517597675323
0.15397605299949646 0.38120219111442566 -0.1207929253578186
0.14584404230117798 0.36288389563560486 -0.1090899333357811
0.13881976902484894 0.34495237469673157 -0.09793943166732788
0.13298870623111725 0.32752323150634766 -0.08742323517799377
0.12843431532382965 0.3107251822948456 -0.07762916386127472
0.12522880733013153 0.2946957051753998 -0.06864512711763382
0.12333185970783234 0.2795356810092926 -0.06049396097660065
0.12260069698095322 0.2652765214443207 -0.053121693432331085
0.12288766354322433 0.2519025206565857 -0.046450015157461166
0.12405169755220413 0.23936031758785248 -0.04038439691066742
0.12596385180950165 0.22756603360176086 -0.0348188541829586
0.12851087749004364 0.21641100943088531 -0.029638947919011116
0.1315973848104477 0.2057655304670334 -0.02472282014787197
0.1351609081029892 0.195485457777977 -0.019946394488215446
0.13921964168548584 0.18545930087566376 -0.01521686464548111
0.14380566775798798 0.17563138902187347 -0.010471140965819359
0.14893440902233124 0.16599762439727783 -0.005668931175023317
0.15459726750850677 0.15660451352596283 -0.0007935690227895975
0.16075387597084045 0.14754758775234222 0.004146398510783911
0.16732564568519592 0.13896708190441132 0.009115899913012981
0.17419128119945526 0.1310388296842575 0.014053300954401493
0.1811860352754593 0.12391850352287292 0.01887376792728901
0.1881495714187622 0.11766065657138824 0.023503506556153297
0.19497452676296234 0.11225002259016037 0.027906840667128563
0.2016078680753708 0.10762407630681992 0.032083094120025635
0.2080446183681488 0.10369011014699936 0.036060504615306854
0.21432195603847504 0.10033877193927765 0.03989117965102196
0.22051477432250977 0.09745249897241592 0.04364832490682602
0.22673483192920685 0.09491770714521408 0.04742458835244179
0.23311036825180054 0.09270785003900528 0.051304761320352554
0.23975060880184174 0.09086824208498001 0.05535151809453964
0.24674108624458313 0.08947036415338516 0.05961298197507858
0.254141241312027 0.08861043304204941 0.0641210600733757
0.26197823882102966 0.0884074941277504 0.0688876360654831
0.2702375054359436 0.08899876475334167 0.07389871776103973
0.27885106205940247 0.09053067862987518 0.07910745590925217
0.28772541880607605 0.09311117231845856 0.08445098251104355
0.2968435287475586 0.09672165662050247 0.08991245925426483
0.30619823932647705 0.10129430890083313 0.09548113495111465
0.31577104330062866 0.10673186928033829 0.10113994032144547
0.3255316913127899 0.11290862411260605 0.10686565190553665
0.33543887734413147 0.11967353522777557 0.11262951791286469
0.345441609621048 0.12685558199882507 0.11839836090803146
0.35547712445259094 0.13427798449993134 0.12412934005260468
0.3653692603111267 0.14195747673511505 0.12959668040275574
0.3748582899570465 0.15013755857944489 0.1344064623117447
0.3837427496910095 0.15908348560333252 0.13821184635162354
0.3918805718421936 0.16907072067260742 0.14071890711784363
0.3991791605949402 0.1803903877735138 0.1416737288236618
0.40558260679244995 0.19335919618606567 0.14084476232528687
0.4110596477985382 0.20833522081375122 0.13800197839736938
0.4155716300010681 0.2256709635257721 0.1328856199979782
0.418949156999588 0.24534837901592255 0.1251484900712967
0.42095500230789185 0.26720044016838074 0.11439787596464157
0.4213317334651947 0.29106003046035767 0.10022171586751938
0.4198038578033447 0.3167460858821869 0.08219469338655472
0.416080504655838 0.3440520167350769 0.05988690257072449
0.4098610579967499 0.37273502349853516 0.03287646919488907
0.400844007730484 0.4025079607963562 0.000767220975831151
0.3888823091983795 0.433195024728775 -0.03663133457303047
0.3741357624530792 0.4649261236190796 -0.07914917916059494
0.35680297017097473 0.49787113070487976 -0.12657199800014496
0.3370831608772278 0.5322015285491943 -0.17868532240390778
0.31517571210861206 0.5680897235870361 -0.2352747768163681
0.29128047823905945 0.6057103872299194 -0.2961268723011017
0.2655971348285675 0.6452394127845764 -0.3610289394855499
0.238280788064003 0.6869021058082581 -0.42986926436424255
0.208869069814682 0.7315909266471863 -0.5039198994636536
0.17643797397613525 0.7806991934776306 -0.5854894518852234
0.14004379510879517 0.8356446623802185 -0.6769322752952576
0.09873177111148834 0.8978622555732727 -0.7806311845779419
0.05153300240635872 0.9688078165054321 -0.8990040421485901
-0.0025406924542039633 1.0499662160873413 -1.0345169305801392
-0.06449994444847107 1.1428555250167847 -1.1896916627883911
0.6628177762031555 1.0272395610809326 -0.5741457939147949
0.6154208183288574 0.9695096015930176 -0.5322909951210022
0.5759142637252808 0.9211589097976685 -0.4972122311592102
0.5423845648765564 0.8799110054969788 -0.4672676920890808
0.5134211182594299 0.844092607498169 -0.44125187397003174
0.48794689774513245 0.8124317526817322 -0.4182499051094055
0.46511223912239075 0.7839319705963135 -0.3975464701652527
0.4442271292209625 0.7577917575836182 -0.37856757640838623
0.42472007870674133 0.7333553433418274 -0.3608452081680298
0.4062157869338989 0.7101797461509705 -0.3440628945827484
0.3885306119918823 0.6880178451538086 -0.3280430734157562
0.3715103268623352 0.6666563749313354 -0.31263214349746704
0.3550165593624115 0.6459020376205444 -0.29769113659858704
0.338925838470459 0.6255800724029541 -0.28309428691864014
0.3231285512447357 0.6055335402488708 -0.268728643655777
0.30752870440483093 0.5856229662895203 -0.25449374318122864
0.29205992817878723 0.565740168094635 -0.24031345546245575
0.2767932713031769 0.5458946824073792 -0.2262147068977356
0.26185405254364014 0.5261388421058655 -0.21226364374160767
0.24735473096370697 0.5065112709999084 -0.1985158920288086
0.233394593000412 0.4870365262031555 -0.18501631915569305
0.22006027400493622 0.4677254259586334 -0.17179928719997406
0.20742660760879517 0.4485757052898407 -0.15888935327529907
0.1955580711364746 0.4295726716518402 -0.14630188047885895
0.18451163172721863 0.4107145071029663 -0.13405479490756989
0.1743459701538086 0.3920595049858093 -0.1221919134259224
0.1651245802640915 0.37368398904800415 -0.11076661199331284
0.15691430866718292 0.35567277669906616 -0.0998372957110405
0.14978386461734772 0.3381187319755554 -0.0894666388630867
0.14380201697349548 0.3211212754249573 -0.07972051203250885
0.1390356719493866 0.30478495359420776 -0.07066652923822403
0.1355433315038681 0.2892163395881653 -0.0623699314892292
0.13328784704208374 0.27448102831840515 -0.05483360216021538
0.1321454495191574 0.2605840265750885 -0.04799366742372513
0.1319897472858429 0.24749784171581268 -0.04177071899175644
0.13269993662834167 0.23516888916492462 -0.03607549890875816
0.13416463136672974 0.22352223098278046 -0.030811531469225883
0.13628457486629486 0.21246524155139923 -0.025876808911561966
0.13897429406642914 0.20188970863819122 -0.021163959056138992
0.14217478036880493 0.1916777789592743 -0.016564780846238136
0.14589481055736542 0.18174497783184052 -0.0120002506300807
0.1501549333333969 0.1720581352710724 -0.007417752407491207
0.15496103465557098 0.1626311093568802 -0.0027848887257277966
0.1602974832057953 0.1535230129957199 0.0019097033655270934
0.1661202311515808 0.14483574032783508 0.006655086297541857
0.17235122621059418 0.13670827448368073 0.011417168192565441
0.17887502908706665 0.12930676341056824 0.016138974577188492
0.1855349987745285 0.12276726216077805 0.020742231979966164
0.19217562675476074 0.1171201542019844 0.025157680734992027
0.1986919641494751 0.11233102530241013 0.029352301731705666
0.20503096282482147 0.10832447558641434 0.033326271921396255
0.21118570864200592 0.10500092804431915 0.037107065320014954
0.2171894758939743 0.10224924981594086 0.040744636207818985
0.2231120765209198 0.09995469450950623 0.044308990240097046
0.22905974090099335 0.09801015257835388 0.047889187932014465
0.23516428470611572 0.0963960811495781 0.05157187953591347
0.24154315888881683 0.09516298770904541 0.05542461946606636
0.24828898906707764 0.0943862572312355 0.05949970334768295
0.2554660439491272 0.09416395425796509 0.06383208930492401
0.2631027102470398 0.09461353719234467 0.0684346929192543
0.27118033170700073 0.09586512297391891 0.07329155504703522
0.27961912751197815 0.09804930537939072 0.07834965735673904
0.28830352425575256 0.10125044733285904 0.08353406935930252
0.2971864640712738 0.10543055832386017 0.08881059288978577
0.30623728036880493 0.11050437390804291 0.09415507316589355
0.31542500853538513 0.11636136472225189 0.09954380244016647
0.3247198760509491 0.12287100404500961 0.10495460033416748
0.33409473299980164 0.1298888623714447 0.11036782711744308
0.34352654218673706 0.13726356625556946 0.1157672107219696
0.3529927730560303 0.14484965801239014 0.12113379687070847
0.3623637855052948 0.15268221497535706 0.126272052526474
0.3714168667793274 0.1609984040260315 0.13081519305706024
0.37997201085090637 0.17005297541618347 0.13443222641944885
0.38789457082748413 0.18010841310024261 0.13683432340621948
0.39508840441703796 0.19143998622894287 0.13776491582393646
0.4014866352081299 0.20434382557868958 0.13698571920394897
0.40704280138015747 0.21914969384670258 0.1342601776123047
0.41170185804367065 0.23617729544639587 0.12932398915290833
0.4152809679508209 0.2554112672805786 0.12181549519300461
0.4175337553024292 0.2767021954059601 0.11132572591304779
0.4181978106498718 0.29990139603614807 0.09742932766675949
0.41699495911598206 0.3248496353626251 0.07968893647193909
0.41363388299942017 0.3513684570789337 0.05766158178448677
0.4078141450881958 0.37925130128860474 0.03090866468846798
0.39923280477523804 0.40825745463371277 -0.0009897473501041532
0.38774076104164124 0.43824681639671326 -0.038244783878326416
0.3734978139400482 0.46934691071510315 -0.0806860625743866
0.35670214891433716 0.5017184615135193 -0.12809643149375916
0.33755218982696533 0.5355224013328552 -0.1802581250667572
0.31624698638916016 0.5709189772605896 -0.23695215582847595
0.29298651218414307 0.6080683469772339 -0.2979579567909241
0.26797184348106384 0.6471300721168518 -0.363052636384964
0.24136169254779816 0.6883110404014587 -0.43211156129837036
0.2127079963684082 0.7324849367141724 -0.5064055323600769
0.18110863864421844 0.7810256481170654 -0.588250458240509
0.1456434279680252 0.8353309631347656 -0.6800065040588379
0.10538281500339508 0.8968124389648438 -0.7840577363967896
0.05938565358519554 0.9668992757797241 -0.9028180241584778
0.006695045158267021 1.0470441579818726 -1.0387417078018188
-0.05366373807191849 1.1387276649475098 -1.1943289041519165
0.6733968257904053 1.0218766927719116 -0.5469106435775757
0.6266355514526367 0.9635224342346191 -0.5052753686904907
0.5875312089920044 0.9146568775177002 -0.4705652892589569
0.5542498230934143 0.8730096220970154 -0.4411279261112213
0.5254329442977905 0.836900532245636 -0.41573840379714966
0.5000394582748413 0.8050446510314941 -0.39345666766166687
0.477245956659317 0.7764278054237366 -0.3735370934009552
0.456381618976593 0.7502267360687256 -0.35537025332450867
0.4368900954723358 0.7257609963417053 -0.33844783902168274
0.4183993637561798 0.7025662064552307 -0.3224279582500458
0.4007188081741333 0.680385172367096 -0.307134211063385
0.38368916511535645 0.6589985489845276 -0.29241809248924255
0.36716973781585693 0.6382099986076355 -0.2781471312046051
0.35103705525398254 0.6178452372550964 -0.26420357823371887
0.33518365025520325 0.5977498292922974 -0.2504836320877075
0.3195178210735321 0.577789843082428 -0.23689718544483185
0.303978830575943 0.5578641295433044 -0.2233782708644867
0.2886393368244171 0.5379843711853027 -0.2099536806344986
0.27362459897994995 0.5182031393051147 -0.19668537378311157
0.25904780626296997 0.4985602796077728 -0.1836259961128235
0.24500951170921326 0.479082852602005 -0.17081858217716217
0.23159794509410858 0.4597854018211365 -0.15829691290855408
0.21888969838619232 0.4406702518463135 -0.14608582854270935
0.20695090293884277 0.4217285215854645 -0.1342019885778427
0.1958397924900055 0.402969628572464 -0.12266717106103897
0.1856137216091156 0.38447076082229614 -0.11153112351894379
0.17632929980754852 0.3663189709186554 -0.10084760189056396
0.16804184019565582 0.3486001193523407 -0.09066936373710632
0.1608053296804428 0.3313989043235779 -0.08104835450649261
0.15467225015163422 0.3147985339164734 -0.07203540951013565
0.14969338476657867 0.29888054728507996 -0.06368017941713333
0.14591358602046967 0.2837229073047638 -0.05602811649441719
0.14329849183559418 0.2693580389022827 -0.04906537011265755
0.14174266159534454 0.255765825510025 -0.0427202545106411
0.14114056527614594 0.24290786683559418 -0.03691326826810837
0.14139164984226227 0.23073117434978485 -0.03156052902340889
0.14240261912345886 0.21917065978050232 -0.02657482400536537
0.14408887922763824 0.20815089344978333 -0.021866101771593094
0.14637555181980133 0.19758707284927368 -0.017341114580631256
0.1492077261209488 0.18739022314548492 -0.01290755532681942
0.15258459746837616 0.17750521004199982 -0.008500748313963413
0.15651443600654602 0.16792289912700653 -0.00407918356359005
0.16099262237548828 0.15867526829242706 0.0003813105577137321
0.1659955084323883 0.14983312785625458 0.004886835813522339
0.17147469520568848 0.14150241017341614 0.009424573741853237
0.1773524284362793 0.133817657828331 0.013962417840957642
0.18351928889751434 0.12693174183368683 0.018449563533067703
0.1898283213376999 0.12095841765403748 0.022816138342022896
0.19613102078437805 0.11590375751256943 0.02699904516339302
0.20232649147510529 0.11171522736549377 0.030968915671110153
0.2083626538515091 0.1083059310913086 0.03472721204161644
0.21423077583312988 0.10557093471288681 0.03830058127641678
0.2199602723121643 0.10339902341365814 0.041736479848623276
0.22561505436897278 0.1016797423362732 0.04510094225406647
0.23129457235336304 0.10031405836343765 0.048478301614522934
0.23713107407093048 0.09928957372903824 0.05195479840040207
0.24324655532836914 0.09866076707839966 0.0556003637611866
0.24973738193511963 0.09850450605154037 0.059469327330589294
0.2566698491573334 0.09891695529222488 0.06359788030385971
0.26407167315483093 0.10000863671302795 0.06799888610839844
0.2719188332557678 0.10189533233642578 0.07265403866767883
0.2801209092140198 0.10468338429927826 0.07750533521175385
0.2885432839393616 0.10842573642730713 0.08246836811304092
0.2971125841140747 0.11306209862232208 0.08749454468488693
0.3057788908481598 0.11849084496498108 0.09254946559667587
0.31450289487838745 0.12459269165992737 0.09760567545890808
0.323258638381958 0.13123898208141327 0.10264416038990021
0.33203449845314026 0.1382996290922165 0.10765518248081207
0.34083378314971924 0.1456500142812729 0.11263835430145264
0.3496699929237366 0.15318188071250916 0.11759592592716217
0.35845422744750977 0.16094990074634552 0.12236229330301285
0.3669964373111725 0.16918261349201202 0.1266014724969864
0.3751361072063446 0.178121879696846 0.13000275194644928
0.3827455937862396 0.18801547586917877 0.13228684663772583
0.3897255063056946 0.19912172853946686 0.13319818675518036
0.3959982395172119 0.21171627938747406 0.13249415159225464
0.40150153636932373 0.22610259056091309 0.12993207573890686
0.40616312623023987 0.24257329106330872 0.12524183094501495
0.40979036688804626 0.26113003492355347 0.1180485412478447
0.41213148832321167 0.28165653347969055 0.10792780667543411
0.4129199981689453 0.30403512716293335 0.09444032609462738
0.4118748605251312 0.32813724875450134 0.0771356001496315
0.4087029695510864 0.35381606221199036 0.05555791035294533
0.40310245752334595 0.3808988928794861 0.029255487024784088
0.39476969838142395 0.4091814160346985 -0.002205820754170418
0.3835538923740387 0.4385450482368469 -0.03904687613248825
0.3696131408214569 0.46910303831100464 -0.08109430968761444
0.35314419865608215 0.5009979009628296 -0.12812532484531403
0.33434516191482544 0.5343731045722961 -0.1799159198999405
0.31341496109962463 0.5693721771240234 -0.23624064028263092
0.29055356979370117 0.6061395406723022 -0.29687273502349854
0.26596206426620483 0.6448192596435547 -0.36158397793769836
0.23979908227920532 0.6856042146682739 -0.4302448332309723
0.21162240207195282 0.7293551564216614 -0.5041182041168213
0.18054109811782837 0.7774319648742676 -0.5855066180229187
0.14564844965934753 0.8312148451805115 -0.6767510175704956
0.10603141784667969 0.8920933604240417 -0.7802085876464844
0.06076975166797638 0.9614682197570801 -0.898255467414856
0.008933338336646557 1.040755033493042 -1.0332928895950317
-0.05041802302002907 1.1313848495483398 -1.1877484321594238
0.6840002536773682 1.0165293216705322 -0.5196270942687988
0.6375526189804077 0.9573701620101929 -0.4783191382884979
0.5987428426742554 0.9080137014389038 -0.4441532790660858
0.5657027959823608 0.86606764793396 -0.41539257764816284
0.5370630621910095 0.8297779560089111 -0.39075881242752075
0.5117853283882141 0.7978137731552124 -0.3692754805088043
0.48905712366104126 0.7691324353218079 -0.35017022490501404
0.46822455525398254 0.7428935766220093 -0.33281126618385315
0.4487515389919281 0.7184062004089355 -0.31667014956474304
0.43027618527412415 0.6951976418495178 -0.3013943135738373
0.41260242462158203 0.6730019450187683 -0.2868100106716156
0.39556702971458435 0.6515942811965942 -0.27277347445487976
0.3790275454521179 0.6307757496833801 -0.25915825366973877
0.36286085844039917 0.6103719472885132 -0.24585363268852234
0.3469618856906891 0.5902310609817505 -0.23276381194591522
0.3312433063983917 0.5702239871025085 -0.21980756521224976
0.31564974784851074 0.5502557754516602 -0.20692741870880127
0.300254762172699 0.5303400754928589 -0.19415020942687988
0.2851826250553131 0.5105296969413757 -0.18153467774391174
0.27054664492607117 0.4908662736415863 -0.16913147270679474
0.25644829869270325 0.47137951850891113 -0.15698286890983582
0.2429772913455963 0.4520881175994873 -0.14512287080287933
0.23021207749843597 0.43299931287765503 -0.13357755541801453
0.21822063624858856 0.4141104221343994 -0.12236568331718445
0.20706287026405334 0.39544129371643066 -0.11151247471570969
0.19679419696331024 0.3770851790904999 -0.10107077658176422
0.18746402859687805 0.35913726687431335 -0.09109244495630264
0.17911632359027863 0.3416827321052551 -0.08162366598844528
0.17179088294506073 0.3247974216938019 -0.07270567119121552
0.16552457213401794 0.30854877829551697 -0.06437556445598602
0.160352423787117 0.2929968535900116 -0.056666985154151917
0.15630583465099335 0.2781933546066284 -0.04960833862423897
0.15335164964199066 0.2641398012638092 -0.043171852827072144
0.15140089392662048 0.25079256296157837 -0.03728005290031433
0.1503671258687973 0.2381029576063156 -0.031854018568992615
0.1501692682504654 0.226019024848938 -0.02681521140038967
0.1507318764925003 0.21448619663715363 -0.02208518795669079
0.15198539197444916 0.20344732701778412 -0.017585324123501778
0.1538662612438202 0.19284296035766602 -0.013236135244369507
0.15632447600364685 0.18261560797691345 -0.008961118757724762
0.1593501716852188 0.1727413535118103 -0.004710126668214798
0.16293959319591522 0.1632358431816101 -0.00045285673695616424
0.16707755625247955 0.1541486531496048 0.003826793050393462
0.17173215746879578 0.1455603390932083 0.008130178786814213
0.17685051262378693 0.13757795095443726 0.012443486601114273
0.1823556125164032 0.13032792508602142 0.016737831756472588
0.18814463913440704 0.12394615262746811 0.020970042794942856
0.19408151507377625 0.11852201074361801 0.02508021518588066
0.20002683997154236 0.11403761059045792 0.029012687504291534
0.20588499307632446 0.11042337864637375 0.03274242952466011
0.2116054743528366 0.10758240520954132 0.03627236187458038
0.21717803180217743 0.1054057851433754 0.03962821885943413
0.22262775897979736 0.10378322750329971 0.042854487895965576
0.22801199555397034 0.10260946303606033 0.04601258039474487
0.23342233896255493 0.10179407894611359 0.049181077629327774
0.23898816108703613 0.10133159905672073 0.05244368687272072
0.24483253061771393 0.10127931833267212 0.05587035417556763
0.2510523498058319 0.1017136499285698 0.05951538309454918
0.25771352648735046 0.10272584855556488 0.06341467052698135
0.26484131813049316 0.1044154092669487 0.06758005172014236
0.27240660786628723 0.10687904059886932 0.07199129462242126
0.28031057119369507 0.11019393056631088 0.0765872597694397
0.28840476274490356 0.11437839269638062 0.08127778023481369
0.2965950667858124 0.11935032904148102 0.08600378036499023
0.3048170208930969 0.12499532103538513 0.09072385728359222
0.31302687525749207 0.1311907321214676 0.09540911018848419
0.32120373845100403 0.1378156691789627 0.10004447400569916
0.329350084066391 0.14475901424884796 0.10462889820337296
0.33749085664749146 0.1519254446029663 0.10917472839355469
0.34566763043403625 0.1592436581850052 0.11370043456554413
0.35382401943206787 0.16678565740585327 0.11806762218475342
0.3617977201938629 0.17476904392242432 0.12197273224592209
0.3694450557231903 0.18342120945453644 0.1251283437013626
0.3766452670097351 0.1929742693901062 0.127268984913826
0.38329705595970154 0.2036694437265396 0.12814460694789886
0.38931387662887573 0.21576295793056488 0.12751218676567078
0.3946192264556885 0.22953476011753082 0.12512561678886414
0.39912518858909607 0.24525608122348785 0.12071024626493454
0.40263402462005615 0.2629549503326416 0.11388139426708221
0.404893159866333 0.2825582027435303 0.10420233011245728
0.4056345522403717 0.30398786067962646 0.09122119843959808
0.4045756459236145 0.3271523118019104 0.07447510957717896
0.4014216959476471 0.3519396185874939 0.05349672585725784
0.39587000012397766 0.3782099485397339 0.027824336662888527
0.38761723041534424 0.40578988194465637 -0.002983377082273364
0.37651121616363525 0.4345727562904358 -0.03915002942085266
0.3627045154571533 0.4646500051021576 -0.08049992471933365
0.3463902175426483 0.4961400032043457 -0.12680496275424957
0.32776400446891785 0.5291631817817688 -0.17783419787883759
0.3070234954357147 0.5638428330421448 -0.23335543274879456
0.2843671441078186 0.6003042459487915 -0.2931363880634308
0.25999394059181213 0.6386759281158447 -0.3569459319114685
0.23405948281288147 0.6791375875473022 -0.4246543347835541
0.2061193734407425 0.7225404381752014 -0.4975080192089081
0.17528387904167175 0.7702339887619019 -0.5777751207351685
0.14065086841583252 0.8235824704170227 -0.667752206325531
0.10131699591875076 0.8839518427848816 -0.7697393298149109
0.05637877434492111 0.9527083039283752 -0.8860365152359009
0.0049322606064379215 1.0312190055847168 -1.0189454555511475
-0.05392424762248993 1.120847463607788 -1.1707611083984375
0.6946052312850952 1.0111969709396362 -0.49234598875045776
0.6481518745422363 0.9511521458625793 -0.4516426920890808
0.6094971895217896 0.9013616442680359 -0.4182763397693634
0.5766507983207703 0.8592169284820557 -0.39038971066474915
0.5481836199760437 0.8228431940078735 -0.36664101481437683
0.5230326652526855 0.7908430695533752 -0.34602150321006775
0.500382661819458 0.7621408104896545 -0.32774433493614197
0.47959068417549133 0.7358840107917786 -0.31117358803749084
0.4601414203643799 0.7113836407661438 -0.2957823574542999
0.4416855275630951 0.6881682276725769 -0.28122156858444214
0.4240223467350006 0.6659637093544006 -0.2673201262950897
0.40698546171188354 0.6445396542549133 -0.25393813848495483
0.3904314637184143 0.6236943602561951 -0.2409539520740509
0.3742382228374481 0.6032530665397644 -0.22826258838176727
0.3583037257194519 0.5830659866333008 -0.21577461063861847
0.34254536032676697 0.5630083084106445 -0.20341596007347107
0.3269135653972626 0.542991042137146 -0.19113610684871674
0.3114824593067169 0.5230300426483154 -0.1789625883102417
0.2963748276233673 0.5031790733337402 -0.16695250570774078
0.28170353174209595 0.48348188400268555 -0.1551559567451477
0.2675703763961792 0.4639717638492584 -0.1436157077550888
0.2540661096572876 0.4446713328361511 -0.1323671042919159
0.24127063155174255 0.42559337615966797 -0.12143845856189728
0.2292536497116089 0.4067411720752716 -0.11085135489702225
0.2180762141942978 0.38814419507980347 -0.10063415765762329
0.20779156684875488 0.3699089586734772 -0.09084033221006393
0.19844204187393188 0.3521367609500885 -0.08151820302009583
0.19006070494651794 0.3349107801914215 -0.07270658016204834
0.18267394602298737 0.31829768419265747 -0.0644364133477211
0.17630384862422943 0.3023500442504883 -0.05673225224018097
0.17097048461437225 0.287107914686203 -0.04961362108588219
0.16669180989265442 0.2725990414619446 -0.043094128370285034
0.16343413293361664 0.2587965130805969 -0.037134669721126556
0.16112177073955536 0.24563464522361755 -0.0316537581384182
0.15968503057956696 0.23305533826351166 -0.026573752984404564
0.15906041860580444 0.22100798785686493 -0.02182130329310894
0.15918947756290436 0.20944885909557343 -0.017326297238469124
0.16001756489276886 0.19834035634994507 -0.013021050952374935
0.1614929735660553 0.18765027821063995 -0.00883952621370554
0.16357123851776123 0.17735517024993896 -0.004720895551145077
0.16623494029045105 0.16746383905410767 -0.0006292946054600179
0.1694692224264145 0.15801650285720825 0.0034548004623502493
0.17324881255626678 0.1490788459777832 0.007540086284279823
0.1775342971086502 0.14073847234249115 0.011624141596257687
0.18226900696754456 0.13309988379478455 0.015693388879299164
0.1873771697282791 0.1262776106595993 0.019723517820239067
0.1927633434534073 0.12038704752922058 0.0236803088337183
0.19830356538295746 0.1154916062951088 0.027515042573213577
0.20386895537376404 0.11155029386281967 0.031180309131741524
0.2093701958656311 0.10847803950309753 0.034655775874853134
0.21475881338119507 0.10616934299468994 0.03794585168361664
0.2200230062007904 0.10451245307922363 0.04107505828142166
0.22518321871757507 0.10339871793985367 0.04408450424671173
0.23028963804244995 0.10272815078496933 0.047030407935380936
0.23542463779449463 0.10241856426000595 0.04998466372489929
0.24071206152439117 0.1024707704782486 0.05302657559514046
0.24627241492271423 0.10294388234615326 0.05622391402721405
0.25220033526420593 0.10391230881214142 0.0596291609108448
0.25855904817581177 0.10546035319566727 0.06327660381793976
0.2653706669807434 0.10767435282468796 0.06717664748430252
0.2726019620895386 0.11062992364168167 0.07130786776542664
0.28014957904815674 0.11437447369098663 0.07560862600803375
0.28785794973373413 0.1188933253288269 0.07998731732368469
0.2956185042858124 0.12408559024333954 0.08437860757112503
0.30335742235183716 0.1298285573720932 0.0887371376156807
0.3110286295413971 0.1360008418560028 0.09303396195173264
0.31861597299575806 0.14249257743358612 0.09725745022296906
0.3261321783065796 0.14921247959136963 0.10141278058290482
0.3336169719696045 0.1560923159122467 0.10552051663398743
0.3411302864551544 0.1630925089120865 0.10960941761732101
0.3486391603946686 0.1702978014945984 0.11356408149003983
0.356003075838089 0.1779131442308426 0.11711297184228897
0.36309272050857544 0.186150923371315 0.11999375373125076
0.36979374289512634 0.19522736966609955 0.12195797264575958
0.37600427865982056 0.205367311835289 0.12276562303304672
0.3816312849521637 0.21680916845798492 0.12217807024717331
0.3865866959095001 0.22981256246566772 0.11994992196559906
0.39076969027519226 0.24463225901126862 0.11580532044172287
0.39398255944252014 0.2613277733325958 0.10935541242361069
0.3959769308567047 0.2798745334148407 0.10015658289194107
0.39648741483688354 0.30023956298828125 0.08774838596582413
0.39523282647132874 0.32237333059310913 0.07165851444005966
0.39191934466362 0.3462024927139282 0.05141069367527962
0.386245459318161 0.37162166833877563 0.026536548510193825
0.3779106140136719 0.39848679304122925 -0.0034071255940943956
0.3667621314525604 0.42669960856437683 -0.038643185049295425
0.3529423177242279 0.45632603764533997 -0.07899762690067291
0.3366358280181885 0.48745599389076233 -0.12424036860466003
0.31803256273269653 0.520183265209198 -0.17413578927516937
0.29732561111450195 0.5546063780784607 -0.22844594717025757
0.2747092545032501 0.5908287167549133 -0.286933958530426
0.2503778636455536 0.6289592385292053 -0.3493666648864746
0.2244807928800583 0.6691619753837585 -0.41561436653137207
0.19656412303447723 0.7122804522514343 -0.4868967533111572
0.16572965681552887 0.7596563100814819 -0.5654264688491821
0.13107217848300934 0.8126375675201416 -0.6534302830696106
0.09169311821460724 0.8725627660751343 -0.7531182169914246
0.04670459032058716 0.9407539367675781 -0.8666736483573914
-0.004767345730215311 1.0185126066207886 -0.9962447881698608
-0.06357596069574356 1.1071094274520874 -1.1439288854599
0.7051944136619568 1.0058765411376953 -0.4651040732860565
0.658450722694397 0.944949209690094 -0.4253773093223572
0.6198053956031799 0.8947986960411072 -0.3930918276309967
0.5870830416679382 0.8525422811508179 -0.3662695586681366
0.5587602853775024 0.8161588311195374 -0.343516081571579
0.5337300300598145 0.7841758728027344 -0.3238062560558319
0.5111621022224426 0.7554845809936523 -0.30635613203048706
0.490418016910553 0.7292255163192749 -0.29054462909698486
0.47099968791007996 0.7047210335731506 -0.27586644887924194
0.45256900787353516 0.6815069317817688 -0.2619874179363251
0.4349214732646942 0.6593006253242493 -0.24873876571655273
0.41788774728775024 0.6378651261329651 -0.2359827756881714
0.401324063539505 0.616995632648468 -0.22360111773014069
0.3851100504398346 0.5965162515640259 -0.21149276196956635
0.369147390127182 0.5762787461280823 -0.1995731145143509
0.35335925221443176 0.5561625957489014 -0.18777357041835785
0.33770281076431274 0.5360845923423767 -0.1760491579771042
0.3222529888153076 0.5160636305809021 -0.16442903876304626
0.30713096261024475 0.49615564942359924 -0.15297049283981323
0.292448490858078 0.47640717029571533 -0.1417246162891388
0.27830737829208374 0.4568553566932678 -0.13073603808879852
0.26479870080947876 0.437527596950531 -0.12004262953996658
0.2520030438899994 0.4184417128562927 -0.10967569053173065
0.2399909943342209 0.3996066749095917 -0.09966033697128296
0.228824183344841 0.38106054067611694 -0.09002768993377686
0.2185533493757248 0.3629206120967865 -0.08082995563745499
0.20921406149864197 0.34529250860214233 -0.07211053371429443
0.20082922279834747 0.3282562792301178 -0.06390056014060974
0.1934128999710083 0.31186985969543457 -0.05622116103768349
0.18697337806224823 0.29617148637771606 -0.04908544942736626
0.18151679635047913 0.28118300437927246 -0.04250055551528931
0.17704781889915466 0.2669101357460022 -0.03646715730428696
0.1735304445028305 0.2533000707626343 -0.030937153846025467
0.17089882493019104 0.24026699364185333 -0.025826752185821533
0.1690966635942459 0.2277439534664154 -0.021060211583971977
0.1680757701396942 0.2156822383403778 -0.01656937226653099
0.1677929311990738 0.20404933393001556 -0.012292079627513885
0.16820785403251648 0.1928281933069229 -0.00817121472209692
0.16928048431873322 0.18201585114002228 -0.004153913352638483
0.17097283899784088 0.17162545025348663 -0.0001948058052221313
0.17326167225837708 0.16169898211956024 0.0037283916026353836
0.17612265050411224 0.15230022370815277 0.007625374477356672
0.17952194809913635 0.14350861310958862 0.011498597450554371
0.18341371417045593 0.135415181517601 0.01534322090446949
0.18773847818374634 0.1281178742647171 0.019147343933582306
0.1924227625131607 0.12171526998281479 0.02289256639778614
0.1973791867494583 0.11629939824342728 0.026554670184850693
0.2024966925382614 0.11190691590309143 0.030096804723143578
0.207658052444458 0.10847518593072891 0.033480219542980194
0.21278083324432373 0.10590539872646332 0.03668929636478424
0.217818945646286 0.1040850579738617 0.03972973674535751
0.222758948802948 0.10290051996707916 0.04262453690171242
0.2276163250207901 0.10224501043558121 0.04541102796792984
0.2324335128068924 0.1020234003663063 0.04813969507813454
0.2372826486825943 0.1021604910492897 0.05087500438094139
0.24227918684482574 0.10266231745481491 0.05369023606181145
0.24753813445568085 0.10358898341655731 0.05664912238717079
0.25314924120903015 0.10501185804605484 0.059800807386636734
0.25917133688926697 0.1070074662566185 0.06317699700593948
0.2656232416629791 0.10964865982532501 0.06678660959005356
0.2724696695804596 0.11299115419387817 0.07060826569795609
0.27960753440856934 0.11705604940652847 0.07458273321390152
0.28688159584999084 0.12180149555206299 0.07862149924039841
0.2941758930683136 0.127112478017807 0.082657091319561
0.3014109432697296 0.1328618824481964 0.08664271980524063
0.308540016412735 0.13893219828605652 0.09054997563362122
0.31554922461509705 0.1452246755361557 0.09436925500631332
0.32245659828186035 0.15166503190994263 0.09810873866081238
0.32930856943130493 0.15820616483688354 0.10179245471954346
0.33617350459098816 0.16483160853385925 0.10545335710048676
0.34303227066993713 0.17163296043872833 0.10899420082569122
0.3497609496116638 0.17880210280418396 0.11217361688613892
0.35624125599861145 0.18653656542301178 0.11475443840026855
0.3623645603656769 0.19503773748874664 0.11650745570659637
0.36802932620048523 0.20451518893241882 0.11720629036426544
0.37313804030418396 0.2151915729045868 0.11662134528160095
0.3775940537452698 0.22730925679206848 0.11451274901628494
0.3812869191169739 0.24111071228981018 0.11060824245214462
0.3840237855911255 0.2566883862018585 0.10452194511890411
0.38556575775146484 0.27406731247901917 0.09581087529659271
0.38565483689308167 0.2932620942592621 0.08401253074407578
0.3840157091617584 0.31426870822906494 0.06865067034959793
0.3803596794605255 0.3370562791824341 0.049244754016399384
0.3743906617164612 0.3615577816963196 0.025323890149593353
0.3658154010772705 0.38766154646873474 -0.003552976530045271
0.35448190569877625 0.41527917981147766 -0.037607450038194656
0.34051671624183655 0.44445115327835083 -0.07667424529790878
0.32409021258354187 0.47523775696754456 -0.12052793800830841
0.305381178855896 0.5077038407325745 -0.16893316805362701
0.284573495388031 0.5419191122055054 -0.2216493934392929
0.26185357570648193 0.5779604911804199 -0.27843624353408813
0.23740795254707336 0.6159117221832275 -0.3390575647354126
0.2113771140575409 0.6559152007102966 -0.4033801257610321
0.18329086899757385 0.6988058686256409 -0.4725852906703949
0.15223340690135956 0.7459200620651245 -0.5488096475601196
0.11729003489017487 0.7985885739326477 -0.6341843008995056
0.07756436616182327 0.8581153154373169 -0.730796217918396
0.032186735421419144 0.925764799118042 -0.8406680822372437
-0.019677627831697464 1.0027512311935425 -0.9657400250434875
-0.07881659269332886 1.0902198553085327 -1.107840895652771
0.7157561779022217 1.0005625486373901 -0.43792328238487244
0.6685014963150024 0.9388218522071838 -0.3995670974254608
0.6297349333763123 0.8883872032165527 -0.36862096190452576
0.5970604419708252 0.8460825681686401 -0.3430177569389343
0.5688410997390747 0.8097358345985413 -0.32133737206459045
0.5439140200614929 0.7778009176254272 -0.30256015062332153
0.5214260220527649 0.7491393685340881 -0.2859243154525757
0.5007360577583313 0.7228896617889404 -0.27083998918533325
0.4813571274280548 0.6983902454376221 -0.25683897733688354
0.46295928955078125 0.6751864552497864 -0.24361039698123932
0.4453335106372833 0.6529862880706787 -0.23098628222942352
0.4283076524734497 0.6315449476242065 -0.21882963180541992
0.41173800826072693 0.6106529235839844 -0.20702356100082397
0.3955063819885254 0.5901328921318054 -0.19546939432621002
0.3795192241668701 0.5698382258415222 -0.18408578634262085
0.3637065589427948 0.5496520400047302 -0.17280808091163635
0.3480336666107178 0.5294978022575378 -0.1615958958864212
0.33257728815078735 0.5093989968299866 -0.1504809856414795
0.3174569010734558 0.4894147515296936 -0.13952259719371796
0.3027834892272949 0.46959564089775085 -0.12877444922924042
0.2886580228805542 0.4499831795692444 -0.11828415840864182
0.27517127990722656 0.4306093156337738 -0.1080930233001709
0.26240357756614685 0.4114969074726105 -0.09823606163263321
0.25042515993118286 0.3926599621772766 -0.08874224126338959
0.23929718136787415 0.3741436302661896 -0.0796450823545456
0.22906778752803802 0.3560737073421478 -0.07099398225545883
0.21976613998413086 0.3385585844516754 -0.06282652169466019
0.21140596270561218 0.3216748535633087 -0.05516602843999863
0.20399001240730286 0.3054714798927307 -0.04802435263991356
0.19751425087451935 0.2899737060070038 -0.041404325515031815
0.1919717788696289 0.2751865088939667 -0.03530210629105568
0.18735474348068237 0.2610953748226166 -0.029707161709666252
0.18362309038639069 0.24762408435344696 -0.024564413353800774
0.18071722984313965 0.23466885089874268 -0.01978939212858677
0.17859087884426117 0.22215504944324493 -0.015308956615626812
0.17720802128314972 0.2100360095500946 -0.011060208082199097
0.17653875052928925 0.1982910931110382 -0.0069887470453977585
0.17655552923679352 0.18692466616630554 -0.0030476755928248167
0.17722971737384796 0.17596480250358582 0.0008029935415834188
0.1785302460193634 0.16546298563480377 0.004593626130372286
0.18043027818202972 0.1554940640926361 0.008334093727171421
0.18289828300476074 0.14614331722259521 0.01202571764588356
0.18589358031749725 0.13750042021274567 0.015666279941797256
0.18936556577682495 0.1296558529138565 0.019250134006142616
0.19325348734855652 0.12269669771194458 0.022768527269363403
0.1974870264530182 0.1167021170258522 0.026210078969597816
0.20198729634284973 0.11173856258392334 0.02956114523112774
0.20665645599365234 0.10781597346067429 0.032796844840049744
0.2113896608352661 0.10485226660966873 0.03588700294494629
0.21611185371875763 0.10273706167936325 0.03882046788930893
0.2207794487476349 0.10135245323181152 0.04160390421748161
0.22537726163864136 0.10058366507291794 0.04425840452313423
0.22991563379764557 0.1003258228302002 0.04681715369224548
0.23442867398262024 0.1004875898361206 0.04932449012994766
0.23897753655910492 0.10099899023771286 0.05183694139122963
0.2436668872833252 0.10186990350484848 0.05442040041089058
0.24860341846942902 0.10316069424152374 0.05713305249810219
0.2538696527481079 0.10493922233581543 0.06001953408122063
0.25951939821243286 0.10727458447217941 0.06310845911502838
0.26556825637817383 0.11022776365280151 0.0664074718952179
0.2719815671443939 0.11383839696645737 0.06989672034978867
0.27866196632385254 0.11810832470655441 0.07352233678102493
0.28546223044395447 0.12297742813825607 0.07720310986042023
0.2922652065753937 0.1283217817544937 0.08087314665317535
0.29898953437805176 0.13401269912719727 0.08448612689971924
0.3055872917175293 0.1399366557598114 0.088014155626297
0.3120443522930145 0.1460033357143402 0.09144788235425949
0.3183779716491699 0.1521497368812561 0.0947951003909111
0.3246336579322815 0.15834134817123413 0.09807880967855453
0.3308783173561096 0.16457445919513702 0.10133077204227448
0.3370983302593231 0.17094147205352783 0.10446682572364807
0.34318089485168457 0.1776217520236969 0.10727278143167496
0.3490159511566162 0.18479961156845093 0.10953550040721893
0.35449904203414917 0.1926630586385727 0.11104564368724823
0.3595295250415802 0.20140844583511353 0.11159306764602661
0.3640070855617523 0.21124491095542908 0.11096099019050598
0.36782917380332947 0.2224007248878479 0.10891976207494736
0.37087878584861755 0.23510941863059998 0.10520589351654053
0.3729720115661621 0.24949419498443604 0.09944440424442291
0.3738838732242584 0.2656265199184418 0.09120180457830429
0.3733687698841095 0.2835676968097687 0.08002210408449173
0.37116268277168274 0.30336034297943115 0.06543314456939697
0.3669874668121338 0.32501906156539917 0.046956900507211685
0.3605583608150482 0.3485199213027954 0.024125318974256516
0.3515949845314026 0.37378963828086853 -0.003497122321277857
0.33994799852371216 0.4007560908794403 -0.03613275662064552
0.32572227716445923 0.42943882942199707 -0.073634572327137
0.3090670704841614 0.45987075567245483 -0.11579151451587677
0.29014328122138977 0.49208739399909973 -0.16237619519233704
0.2691200077533722 0.5261280536651611 -0.213150754570961
0.2461712658405304 0.5620372891426086 -0.2678728401660919
0.22147300839424133 0.5998665690422058 -0.3263009786605835
0.1951553076505661 0.6397271156311035 -0.38829177618026733
0.16672572493553162 0.6824431419372559 -0.4549747705459595
0.13524287939071655 0.7293476462364197 -0.5283929109573364
0.0997779592871666 0.7817515730857849 -0.6105571985244751
0.05943736433982849 0.840915858745575 -0.7033990025520325
0.013377026654779911 0.9080305695533752 -0.808738648891449
-0.03918314352631569 0.9841952919960022 -0.9282541275024414
-0.09894075244665146 1.0703929662704468 -1.0634409189224243
0.7262847423553467 0.995246410369873 -0.41081127524375916
0.6783865690231323 0.9328088164329529 -0.3741741180419922
0.6394000053405762 0.8821554780006409 -0.34476372599601746
0.6067028045654297 0.8398354053497314 -0.3204786479473114
0.5785413980484009 0.8035407662391663 -0.29990893602371216
0.5536938905715942 0.7716615200042725 -0.28206443786621094
0.531279444694519 0.743035614490509 -0.2662218511104584
0.5106489658355713 0.7168025374412537 -0.25183501839637756
0.4913194477558136 0.6923176050186157 -0.23848189413547516
0.47296375036239624 0.6691346168518066 -0.22587883472442627
0.45536693930625916 0.6469491720199585 -0.21385736763477325
0.43835392594337463 0.6255072951316833 -0.2022792547941208
0.42178067564964294 0.6045937538146973 -0.19102750718593597
0.4055319130420685 0.5840290188789368 -0.18000450730323792
0.3895193636417389 0.5636674165725708 -0.16913071274757385
0.3736813962459564 0.5433968305587769 -0.15834440290927887
0.35799330472946167 0.523148238658905 -0.14760901033878326
0.3425348103046417 0.5029515624046326 -0.1369600147008896
0.32742470502853394 0.4828709363937378 -0.1264602243900299
0.3127729594707489 0.46296197175979614 -0.11616718769073486
0.2986798584461212 0.4432710111141205 -0.10613259673118591
0.2852347791194916 0.4238346815109253 -0.09640178084373474
0.2725168466567993 0.4046803116798401 -0.08701376616954803
0.2605944573879242 0.3858258128166199 -0.07800137996673584
0.24952709674835205 0.367321640253067 -0.06939997524023056
0.23935994505882263 0.3493002653121948 -0.06125498563051224
0.23011647164821625 0.3318714201450348 -0.053597599267959595
0.22180207073688507 0.3151077330112457 -0.04644342139363289
0.21440958976745605 0.2990495264530182 -0.0397956483066082
0.20792393386363983 0.28370991349220276 -0.033647917211055756
0.20232649147510529 0.26907846331596375 -0.02798680029809475
0.19759777188301086 0.25512224435806274 -0.022792067378759384
0.1936923861503601 0.24174420535564423 -0.01800353452563286
0.19055376946926117 0.22882500290870667 -0.013537602499127388
0.1881422996520996 0.21628354489803314 -0.009324423037469387
0.18643099069595337 0.2040759176015854 -0.00530652329325676
0.18540050089359283 0.19219368696212769 -0.001437065890058875
0.18503454327583313 0.1806633174419403 0.002320997416973114
0.18531490862369537 0.16954492032527924 0.005995322950184345
0.18621797859668732 0.15892913937568665 0.009602155536413193
0.18771545588970184 0.14892207086086273 0.013140602968633175
0.18977117538452148 0.139627143740654 0.016605468466877937
0.19233979284763336 0.13114018738269806 0.019991667941212654
0.1953677386045456 0.12354669719934464 0.02329438365995884
0.19879436492919922 0.11691903322935104 0.0265092384070158
0.20255328714847565 0.11131419986486435 0.029632514342665672
0.20657408237457275 0.10677194595336914 0.03266104310750961
0.21077194809913635 0.10327676683664322 0.03558134660124779
0.21505463123321533 0.100729800760746 0.038371313363313675
0.2193547785282135 0.09901163727045059 0.04102376848459244
0.2236313819885254 0.09800048172473907 0.04354589432477951
0.22786758840084076 0.09758114814758301 0.045956552028656006
0.23206844925880432 0.09765032678842545 0.04828447103500366
0.23625963926315308 0.09811922162771225 0.050567612051963806
0.24049066007137299 0.0989207923412323 0.05285419523715973
0.2448534220457077 0.10006722807884216 0.055201783776283264
0.24944373965263367 0.10161847621202469 0.05766186863183975
0.2543357312679291 0.10363908112049103 0.0602739155292511
0.2595769464969635 0.10619185119867325 0.0630631148815155
0.2651809751987457 0.10932914912700653 0.06603642553091049
0.2711166739463806 0.11308044195175171 0.0691770389676094
0.27729758620262146 0.11743754148483276 0.07243908941745758
0.2835914194583893 0.12233280390501022 0.07575216144323349
0.28988590836524963 0.1276388019323349 0.07905514538288116
0.2961004972457886 0.1332268863916397 0.08230363577604294
0.30218568444252014 0.13898606598377228 0.08546992391347885
0.30812355875968933 0.14482969045639038 0.08854305744171143
0.3139253258705139 0.15069857239723206 0.0915275514125824
0.31962814927101135 0.15656132996082306 0.09444152563810349
0.3252890706062317 0.16241569817066193 0.09731099009513855
0.3308924734592438 0.16834938526153564 0.10006018728017807
0.3363321125507355 0.17453110218048096 0.10249820351600647
0.34150299429893494 0.18113428354263306 0.10443359613418579
0.3463038504123688 0.1883363127708435 0.10567652434110641
0.3506348729133606 0.19632284343242645 0.10603415220975876
0.35439446568489075 0.20529243350028992 0.1053052768111229
0.35747650265693665 0.21546246111392975 0.10327430069446564
0.3597605228424072 0.22706036269664764 0.09969143569469452
0.36107438802719116 0.24023474752902985 0.09420007467269897
0.361210435628891 0.2550964653491974 0.08638548851013184
0.35993972420692444 0.2717483341693878 0.07580790668725967
0.35701456665992737 0.29027697443962097 0.062008798122406006
0.352173388004303 0.3107427656650543 0.0445212721824646
0.3451484739780426 0.33316829800605774 0.022886553779244423
0.3356780707836151 0.35752537846565247 -0.003322371281683445
0.32361704111099243 0.3837678134441376 -0.03433239832520485
0.30904287099838257 0.41190364956855774 -0.07002604752779007
0.2920762896537781 0.441945344209671 -0.11021856218576431
0.27285322546958923 0.4739029109477997 -0.15470090508460999
0.2515217959880829 0.5077848434448242 -0.20324485003948212
0.22823946177959442 0.5436002016067505 -0.2556086778640747
0.20316974818706512 0.5813596844673157 -0.31154221296310425
0.17643317580223083 0.6211310625076294 -0.3708815574645996
0.14751119911670685 0.6637247800827026 -0.4346924424171448
0.11543038487434387 0.7104715704917908 -0.5049096345901489
0.07924595475196838 0.7626602053642273 -0.5834044218063354
0.03807176277041435 0.82149738073349 -0.6719248294830322
-0.008897707797586918 0.8880794048309326 -0.7720521688461304
-0.06236529350280762 0.9633615612983704 -0.8851572275161743
-0.12290599942207336 1.0481250286102295 -1.012351155281067
0.7367796897888184 0.9899168610572815 -0.38376128673553467
0.6882153153419495 0.9269302487373352 -0.34908536076545715
0.6489546298980713 0.8761014938354492 -0.32131338119506836
0.616178035736084 0.833763062953949 -0.298376202583313
0.5880305767059326 0.7975028157234192 -0.2789110541343689
0.5632362365722656 0.7656636834144592 -0.2619780898094177
0.5408869981765747 0.7370669841766357 -0.2469039261341095
0.5203211307525635 0.7108541131019592 -0.23319166898727417
0.5010522603988647 0.6863934397697449 -0.22046791017055511
0.4827497601509094 0.6632422208786011 -0.20847557485103607
0.46519094705581665 0.6410810351371765 -0.19704407453536987
0.448196142911911 0.6196438074111938 -0.1860324591398239
0.4316209852695465 0.5987086892127991 -0.17532256245613098
0.4153527021408081 0.5780931115150452 -0.16481652855873108
0.39930927753448486 0.5576523542404175 -0.15443581342697144
0.38343873620033264 0.5372799038887024 -0.14412102103233337
0.36772850155830383 0.5169163346290588 -0.13383930921554565
0.3522632420063019 0.49660035967826843 -0.1236308291554451
0.33716219663619995 0.47640320658683777 -0.11356332153081894
0.32253509759902954 0.45638665556907654 -0.10369916260242462
0.3084810674190521 0.4366024136543274 -0.09409463405609131
0.2950878441333771 0.4170917570590973 -0.08479932695627213
0.28243178129196167 0.3978853225708008 -0.07585615664720535
0.270577996969223 0.379003643989563 -0.06730134785175323
0.2595825791358948 0.3605003356933594 -0.059171244502067566
0.24948786199092865 0.3425126373767853 -0.051506467163562775
0.2403121143579483 0.3251505494117737 -0.04433146119117737
0.2320535033941269 0.30848225951194763 -0.03765435144305229
0.22469612956047058 0.2925400733947754 -0.03147047013044357
0.21821525692939758 0.2773255705833435 -0.025765325874090195
0.21258202195167542 0.26281437277793884 -0.0205172561109066
0.20776629447937012 0.24895696341991425 -0.015697866678237915
0.20371665060520172 0.23563812673091888 -0.011243653483688831
0.2003769725561142 0.22272580862045288 -0.0070732515305280685
0.19771119952201843 0.21013405919075012 -0.0031207881402224302
0.19569852948188782 0.1978224813938141 0.0006656799232587218
0.19432766735553741 0.18579505383968353 0.004325740970671177
0.19359149038791656 0.1741003543138504 0.007887262850999832
0.1934814751148224 0.16283029317855835 0.011366616934537888
0.19398170709609985 0.15211383998394012 0.014767510816454887
0.1950646936893463 0.14208507537841797 0.018080394715070724
0.1966918408870697 0.1328611671924591 0.021295595914125443
0.19881528615951538 0.12453952431678772 0.02440694347023964
0.20138019323349 0.1171964704990387 0.027411753311753273
0.2043270617723465 0.1108866035938263 0.0303107351064682
0.20759375393390656 0.10564333200454712 0.03310771286487579
0.21111762523651123 0.10148011147975922 0.03580906614661217
0.21482597291469574 0.09835822135210037 0.0384114570915699
0.2186392843723297 0.09616544097661972 0.040899962186813354
0.22249792516231537 0.09477581828832626 0.04327072203159332
0.2263636440038681 0.0940653532743454 0.04553098604083061
0.23021827638149261 0.09391900897026062 0.04769710451364517
0.2340616136789322 0.09423451870679855 0.04979318380355835
0.23791106045246124 0.09492421895265579 0.051850732415914536
0.2418043166399002 0.09592167288064957 0.05390957370400429
0.24581892788410187 0.09723956882953644 0.05601835250854492
0.25003787875175476 0.09893693029880524 0.058221206068992615
0.25452548265457153 0.1010754406452179 0.06055205687880516
0.2593230903148651 0.10371358692646027 0.0630328357219696
0.2644432485103607 0.10689903795719147 0.0656704381108284
0.26986098289489746 0.11065800487995148 0.06845247745513916
0.275505006313324 0.11498230695724487 0.07134310901165009
0.2812640368938446 0.11980804055929184 0.07428538054227829
0.28703588247299194 0.12500998377799988 0.077225461602211
0.29274338483810425 0.1304609775543213 0.08012207597494125
0.29833531379699707 0.13605044782161713 0.0829475000500679
0.3037870228290558 0.1416902095079422 0.08568774163722992
0.3090990483760834 0.14731717109680176 0.08834170550107956
0.3142942190170288 0.1528932899236679 0.09091969579458237
0.31941261887550354 0.1584070771932602 0.09343860298395157
0.32443004846572876 0.16393637657165527 0.09582655876874924
0.32924318313598633 0.1696421205997467 0.09791157394647598
0.3337497115135193 0.17569033801555634 0.09952083975076675
0.337850421667099 0.18225128948688507 0.10048239678144455
0.34144675731658936 0.189503476023674 0.10062076896429062
0.3444376587867737 0.19763843715190887 0.09975187480449677
0.346716046333313 0.20686660706996918 0.09767689555883408
0.3481613099575043 0.21741199493408203 0.09416370838880539
0.3486146926879883 0.2294408082962036 0.08888048678636551
0.34788766503334045 0.2430918961763382 0.08143939822912216
0.3457709848880768 0.2585001587867737 0.07142632454633713
0.34203726053237915 0.2757885158061981 0.05840616673231125
0.33644580841064453 0.2950586974620819 0.04193233326077461
0.3287504017353058 0.31637921929359436 0.021562054753303528
0.31871122121810913 0.3397713899612427 -0.0031209224835038185
0.3061869740486145 0.365225225687027 -0.032353226095438004
0.29122233390808105 0.39275121688842773 -0.0660584568977356
0.27390241622924805 0.422353595495224 -0.10409118235111237
0.25433117151260376 0.4540255069732666 -0.14627262949943542
0.23263034224510193 0.48774951696395874 -0.19239287078380585
0.2089376151561737 0.5234977602958679 -0.24221394956111908
0.18340490758419037 0.5612331628799438 -0.2954728901386261
0.15614762902259827 0.600967288017273 -0.3519733250141144
0.12662042677402496 0.6434916853904724 -0.4127068519592285
0.09381397068500519 0.6901376247406006 -0.479492723941803
0.05676904320716858 0.7421666979789734 -0.5540494322776794
0.014616275206208229 0.8007201552391052 -0.6379225850105286
-0.03339260816574097 0.8667789101600647 -0.7324294447898865
-0.08785468339920044 0.9411240816116333 -0.8386040329933167
-0.14918509125709534 1.024298071861267 -0.9571443796157837
0.7472413778305054 0.9845662713050842 -0.3567681312561035
0.6980997920036316 0.9211885333061218 -0.32415029406547546
0.658559262752533 0.8702011108398438 -0.2980150282382965
0.6256659626960754 0.8278077840805054 -0.276388019323349
0.5974933505058289 0.7915365099906921 -0.2579837739467621
0.5727255344390869 0.7597028017044067 -0.24192620813846588
0.5504312515258789 0.7311187982559204 -0.2275964915752411
0.529933750629425 0.704926073551178 -0.2145458161830902
0.5107372999191284 0.6804990172386169 -0.20244471728801727
0.4925006031990051 0.6573901176452637 -0.1910581737756729
0.4749903082847595 0.6352611780166626 -0.18021218478679657
0.45802077651023865 0.6138322949409485 -0.16976240277290344
0.4414457380771637 0.5928729772567749 -0.15958869457244873
0.42515477538108826 0.5721969604492188 -0.14959265291690826
0.40907254815101624 0.5516613125801086 -0.13969656825065613
0.3931579291820526 0.5311662554740906 -0.12984344363212585
0.37741243839263916 0.510664701461792 -0.1200045570731163
0.36192822456359863 0.4902069568634033 -0.11022578924894333
0.34682655334472656 0.4698737859725952 -0.1005808487534523
0.33221766352653503 0.4497345983982086 -0.09113752841949463
0.3181998133659363 0.42984703183174133 -0.08195682615041733
0.3048582971096039 0.4102564752101898 -0.07309240102767944
0.292265385389328 0.39099591970443726 -0.06459037959575653
0.2804810404777527 0.3720863163471222 -0.05648943781852722
0.26955631375312805 0.3535820543766022 -0.04882573336362839
0.2595307528972626 0.33562323451042175 -0.04163418710231781
0.25041812658309937 0.31831881403923035 -0.03493226319551468
0.2422102838754654 0.3017321527004242 -0.028720883652567863
0.2348840832710266 0.2858877182006836 -0.02298821322619915
0.2284066528081894 0.27077677845954895 -0.017712753266096115
0.2227403223514557 0.2563621997833252 -0.012865971773862839
0.21784569323062897 0.24257974326610565 -0.008412870578467846
0.21366511285305023 0.22929923236370087 -0.00428833719342947
0.21014101803302765 0.21637898683547974 -0.00041454489110037684
0.20723876357078552 0.2037302702665329 0.003269827226176858
0.20494122803211212 0.19131697714328766 0.006811199709773064
0.20324285328388214 0.17915543913841248 0.01024246122688055
0.20214419066905975 0.16731543838977814 0.013583403080701828
0.2016453891992569 0.15591903030872345 0.016840841621160507
0.20173875987529755 0.14513041079044342 0.020008321851491928
0.20239916443824768 0.1351066380739212 0.023070048540830612
0.20358751714229584 0.12597353756427765 0.02601383812725544
0.20525510609149933 0.11782551556825638 0.028833849355578423
0.20734699070453644 0.11072633415460587 0.03153026103973389
0.2098051905632019 0.10471107065677643 0.034108735620975494
0.21257151663303375 0.09978971630334854 0.03657972812652588
0.21558961272239685 0.09595120698213577 0.03895735740661621
0.21879759430885315 0.09313703328371048 0.04124655947089195
0.22212818264961243 0.09122510999441147 0.04343845695257187
0.22552958130836487 0.09008567035198212 0.045531801879405975
0.2289668321609497 0.08959407359361649 0.04753350839018822
0.23242053389549255 0.08963590860366821 0.04945722222328186
0.23588614165782928 0.09010957181453705 0.05132250115275383
0.23937296867370605 0.0909271240234375 0.053154461085796356
0.2429073452949524 0.09202054142951965 0.05498472601175308
0.24655145406723022 0.09340138733386993 0.056852903217077255
0.2503742277622223 0.09512726962566376 0.05879560858011246
0.2544291317462921 0.09725729376077652 0.06084125116467476
0.25875145196914673 0.09984761476516724 0.06300883740186691
0.2633534073829651 0.10294507443904877 0.06530584394931793
0.26821786165237427 0.1065787822008133 0.06772521138191223
0.2732919156551361 0.11074960231781006 0.0702422708272934
0.2784888744354248 0.11540750414133072 0.07281499356031418
0.2837215065956116 0.12043552845716476 0.07539872080087662
0.2889188230037689 0.1257106363773346 0.0779564380645752
0.29402849078178406 0.13112184405326843 0.0804605633020401
0.29901793599128723 0.13657565414905548 0.0828934758901596
0.3038739264011383 0.14199861884117126 0.08524716645479202
0.3086007833480835 0.14733785390853882 0.08752232789993286
0.31321635842323303 0.15256308019161224 0.08972445130348206
0.31768324971199036 0.15773843228816986 0.09178191423416138
0.32189756631851196 0.16301986575126648 0.09353693574666977
0.32575803995132446 0.16856998205184937 0.09483180195093155
0.3291672170162201 0.17455606162548065 0.09551024436950684
0.3320288360118866 0.18115372955799103 0.09541331976652145
0.3342443108558655 0.1885516345500946 0.09437438100576401
0.3357088565826416 0.1969575434923172 0.09221293032169342
0.33630532026290894 0.20659463107585907 0.08871716260910034
0.33588907122612 0.21763736009597778 0.08358419686555862
0.33429113030433655 0.2302386313676834 0.0764591246843338
0.33132311701774597 0.24455180764198303 0.06696086376905441
0.3267796039581299 0.26072415709495544 0.05468588322401047
0.3204423487186432 0.27888864278793335 0.03921554610133171
0.31208762526512146 0.29915329813957214 0.020128734409809113
0.3014961779117584 0.3215876817703247 -0.0029790292028337717
0.2885272800922394 0.3462260365486145 -0.03035946749150753
0.27318766713142395 0.3730977177619934 -0.06198692321777344
0.25552132725715637 0.402214914560318 -0.09776684641838074
0.2355947494506836 0.43356773257255554 -0.1375621110200882
0.21349939703941345 0.46712207794189453 -0.18118992447853088
0.1893526166677475 0.5028173327445984 -0.22841979563236237
0.16329847276210785 0.5405645370483398 -0.2789723873138428
0.13545627892017365 0.5803078413009644 -0.3326067626476288
0.10525745153427124 0.6228154897689819 -0.39023447036743164
0.07165642827749252 0.6694208979606628 -0.4535602033138275
0.033684954047203064 0.7213545441627502 -0.524147093296051
-0.009496304206550121 0.7796810269355774 -0.6033328771591187
-0.05855647101998329 0.8452465534210205 -0.6921617984771729
-0.1139572337269783 0.9186336994171143 -0.7913265228271484
-0.17592012882232666 1.0001201629638672 -0.9011169672012329
0.757652759552002 0.9792134761810303 -0.32988622784614563
0.7080561518669128 0.9155784249305725 -0.2993324100971222
0.6682507991790771 0.8644372820854187 -0.2747894823551178
0.6352154612541199 0.8219494819641113 -0.25441986322402954
0.6069842576980591 0.7856217622756958 -0.23703280091285706
0.5822163224220276 0.7537596821784973 -0.221821591258049
0.5599623918533325 0.7251708507537842 -0.20822107791900635
0.5395312309265137 0.6989949941635132 -0.19582602381706238
0.5204129219055176 0.6746047139167786 -0.1843433529138565
0.5022508502006531 0.6515403985977173 -0.17355512082576752
0.4847988486289978 0.6294429898262024 -0.16328419744968414
0.4678633213043213 0.6080173850059509 -0.15338347852230072
0.45129460096359253 0.5870233774185181 -0.1437314748764038
0.4349839687347412 0.5662711262702942 -0.13422992825508118
0.4188621938228607 0.5456196069717407 -0.12480274587869644
0.40289953351020813 0.5249778032302856 -0.1153961792588234
0.3871125876903534 0.504313051700592 -0.10598678141832352
0.3716028332710266 0.48369118571281433 -0.09662739932537079
0.3564951419830322 0.4632044732570648 -0.08739849179983139
0.34190109372138977 0.4429320693016052 -0.0783737376332283
0.3279176354408264 0.42293816804885864 -0.06961889564990997
0.31462663412094116 0.4032716155052185 -0.06119117885828018
0.30209487676620483 0.38396626710891724 -0.053139135241508484
0.29037490487098694 0.36504125595092773 -0.04550274834036827
0.2795109748840332 0.3465486466884613 -0.038316480815410614
0.2695399522781372 0.3286280930042267 -0.03160790354013443
0.26047199964523315 0.31138548254966736 -0.025386516004800797
0.2522944509983063 0.2948785126209259 -0.01964576728641987
0.24497871100902557 0.2791239619255066 -0.014366909861564636
0.2384859025478363 0.2641034424304962 -0.009522114880383015
0.23277167975902557 0.2497689425945282 -0.005076983943581581
0.22778955101966858 0.23604361712932587 -0.000991174834780395
0.22347605228424072 0.2227858453989029 0.0028003640472888947
0.2197711020708084 0.20984797179698944 0.00637046666815877
0.21663962304592133 0.1971406489610672 0.009775112383067608
0.21406611800193787 0.18463321030139923 0.013055001385509968
0.21204891800880432 0.17235444486141205 0.016236716881394386
0.21059444546699524 0.1603941023349762 0.01933300495147705
0.20971058309078217 0.14890162646770477 0.02234288491308689
0.20939767360687256 0.1380721777677536 0.025252221152186394
0.20963433384895325 0.12808044254779816 0.028041349723935127
0.21038228273391724 0.11905550211668015 0.03069733828306198
0.21159318089485168 0.11108490824699402 0.033215731382369995
0.21321260929107666 0.1042172983288765 0.035599831491708755
0.2151842713356018 0.09846757352352142 0.0378597155213356
0.21745291352272034 0.09382328391075134 0.040011052042245865
0.21996699273586273 0.09025135636329651 0.04207374155521393
0.22267334163188934 0.08767687529325485 0.04405888542532921
0.22551627457141876 0.08597151190042496 0.04596242681145668
0.2284516543149948 0.08500423282384872 0.04778499901294708
0.23144789040088654 0.08465129882097244 0.049532871693372726
0.23448523879051208 0.08479964733123779 0.051217008382081985
0.23755532503128052 0.08534824848175049 0.0528525672852993
0.24066057801246643 0.086208276450634 0.054458677768707275
0.2438167780637741 0.08730893582105637 0.05605923756957054
0.2470707893371582 0.08865925669670105 0.0576852485537529
0.2504768967628479 0.09031455218791962 0.05936615169048309
0.2540777325630188 0.09233143925666809 0.0611252523958683
0.2579023241996765 0.09476453810930252 0.06297904998064041
0.26196277141571045 0.09766194969415665 0.06493588536977768
0.2662500739097595 0.10105905681848526 0.06699413061141968
0.2707296311855316 0.10497056692838669 0.06913994997739792
0.27533993124961853 0.10936618596315384 0.07134588807821274
0.28001147508621216 0.11414297670125961 0.07357724010944366
0.2846822142601013 0.11918582022190094 0.07580224424600601
0.2893007695674896 0.12438541650772095 0.07799434661865234
0.29382777214050293 0.12964268028736115 0.0801328718662262
0.2982363998889923 0.13487157225608826 0.08220319449901581
0.30251169204711914 0.14000040292739868 0.08419644832611084
0.3066476881504059 0.14497503638267517 0.08610649406909943
0.31059136986732483 0.14984330534934998 0.08785972744226456
0.31423601508140564 0.1547580361366272 0.08930885046720505
0.31747978925704956 0.1598810851573944 0.09030812233686447
0.3202265799045563 0.1653796136379242 0.09071465581655502
0.32238295674324036 0.17142948508262634 0.09038460999727249
0.32385414838790894 0.17821937799453735 0.08916798233985901
0.32453975081443787 0.18595747649669647 0.08690255135297775
0.3243277966976166 0.19486743211746216 0.08339722454547882
0.3230876922607422 0.20512355864048004 0.07837977260351181
0.3206692636013031 0.2168804556131363 0.07153107225894928
0.31690412759780884 0.23029732704162598 0.06250681728124619
0.31160804629325867 0.2455330640077591 0.05093953013420105
0.3045838475227356 0.26274025440216064 0.03644315525889397
0.2956274151802063 0.28205642104148865 0.018621860072016716
0.28453564643859863 0.30359309911727905 -0.0029158766847103834
0.271162748336792 0.3274306654930115 -0.028438862413167953
0.2554756999015808 0.35363060235977173 -0.05797548219561577
0.237474724650383 0.38222795724868774 -0.0914873257279396
0.2171872854232788 0.4132242500782013 -0.12888537347316742
0.1946738213300705 0.4465806484222412 -0.1700199991464615
0.1700333207845688 0.48221153020858765 -0.21467196941375732
0.14340832829475403 0.5199782252311707 -0.2625449597835541
0.11493299901485443 0.5597526431083679 -0.31334778666496277
0.08402366936206818 0.6022779941558838 -0.36791300773620605
0.04960392415523529 0.6488913893699646 -0.4278395175933838
0.010705562308430672 0.7007920742034912 -0.4945463538169861
-0.03346719965338707 0.7589632272720337 -0.5691760778427124
-0.0834871307015419 0.824110746383667 -0.6525207161903381
-0.13966278731822968 0.896614134311676 -0.7449638843536377
-0.20200921595096588 0.9764905571937561 -0.8464407920837402
0.7679991126060486 0.9738814830780029 -0.30316832661628723
0.7180706262588501 0.9100929498672485 -0.27463245391845703
0.6780241131782532 0.858799934387207 -0.251624196767807
0.6448299884796143 0.8161849975585938 -0.23246341943740845
0.6165115237236023 0.7797638773918152 -0.21606048941612244
0.5917167067527771 0.7478451132774353 -0.2016778141260147
0.5694843530654907 0.7192351818084717 -0.1887998878955841
0.5491100549697876 0.69306880235672 -0.177058607339859
0.530068039894104 0.6687106490135193 -0.1661892533302307
0.51198410987854 0.6456836462020874 -0.15598660707473755
0.4945971369743347 0.6236068606376648 -0.14627212285995483
0.4777042269706726 0.6021696925163269 -0.1368977576494217
0.46115127205848694 0.5811225771903992 -0.1277424842119217
0.44482967257499695 0.5602719783782959 -0.11870966106653214
0.4286755323410034 0.5394799113273621 -0.10972635447978973
0.4126696288585663 0.5186648368835449 -0.1007436215877533
0.39684396982192993 0.4978112578392029 -0.09174491465091705
0.38131052255630493 0.4770033657550812 -0.08279135078191757
0.3661990463733673 0.45634904503822327 -0.07397101819515228
0.35162273049354553 0.43593829870224 -0.06536383181810379
0.3376767635345459 0.4158424437046051 -0.057040173560380936
0.324438214302063 0.39611342549324036 -0.04906029626727104
0.3119663596153259 0.3767840564250946 -0.04147421941161156
0.3003038763999939 0.35786890983581543 -0.03432205691933632
0.2894865870475769 0.33941400051116943 -0.027634883299469948
0.2795484662055969 0.3215537965297699 -0.021430548280477524
0.27049756050109863 0.3043883442878723 -0.01570897363126278
0.2623186409473419 0.28796833753585815 -0.010455288924276829
0.2549799978733063 0.272302508354187 -0.005643641110509634
0.24843944609165192 0.2573642432689667 -0.001240153913386166
0.24264903366565704 0.24309633672237396 0.002794811502099037
0.23755793273448944 0.22941230237483978 0.006506054662168026
0.2330981194972992 0.2161630243062973 0.009957019239664078
0.22920602560043335 0.20319849252700806 0.013213986530900002
0.22584481537342072 0.19043132662773132 0.01632663421332836
0.22299915552139282 0.1778377741575241 0.01932956837117672
0.2206694632768631 0.16545908153057098 0.022243255749344826
0.21886640787124634 0.15340349078178406 0.025074239820241928
0.21760420501232147 0.14184479415416718 0.027815300971269608
0.21689073741436005 0.13100410997867584 0.030446870252490044
0.21670903265476227 0.1210680902004242 0.03294757381081581
0.21702276170253754 0.11216455698013306 0.035305190831422806
0.217784583568573 0.10437066107988358 0.03751736506819725
0.21894100308418274 0.09771838039159775 0.03959043323993683
0.2204369306564331 0.09220249205827713 0.041538044810295105
0.22221927344799042 0.08778964728116989 0.04337964579463005
0.22423942387104034 0.08442724496126175 0.04513890668749809
0.22645097970962524 0.0820271447300911 0.04683107137680054
0.22880853712558746 0.08045806735754013 0.048455677926540375
0.23127520084381104 0.0795900747179985 0.050014592707157135
0.23382291197776794 0.0793018713593483 0.05151323229074478
0.2364322990179062 0.07948265969753265 0.05296000838279724
0.2390921413898468 0.08003251254558563 0.05436604470014572
0.2417992353439331 0.08086179196834564 0.055745042860507965
0.24456028640270233 0.0818968415260315 0.05711398273706436
0.24740789830684662 0.08314325660467148 0.058496132493019104
0.2503819763660431 0.08465290069580078 0.05991452559828758
0.25351467728614807 0.08647925406694412 0.06138800084590912
0.2568286657333374 0.0886751115322113 0.06293092668056488
0.26033565402030945 0.09128985553979874 0.06455251574516296
0.26403331756591797 0.09436528384685516 0.06625577807426453
0.2679026424884796 0.0979301705956459 0.06803622096776962
0.27190521359443665 0.10197556763887405 0.0698792040348053
0.2759898602962494 0.10641687363386154 0.0717596784234047
0.280105859041214 0.11115206778049469 0.07365181297063828
0.2842058837413788 0.11607810109853745 0.07553134858608246
0.2882469892501831 0.12109415233135223 0.07737614214420319
0.292191743850708 0.12610410153865814 0.07916664332151413
0.2960087060928345 0.13101857900619507 0.080886110663414
0.29967042803764343 0.13575959205627441 0.08251836150884628
0.3031083345413208 0.14035816490650177 0.08398730307817459
0.3062106966972351 0.14496390521526337 0.08515322208404541
0.30887383222579956 0.14973829686641693 0.08587981015443802
0.3110020160675049 0.15484930574893951 0.08603542298078537
0.3125041425228119 0.1604737490415573 0.08548933267593384
0.3132893741130829 0.1668013334274292 0.08410671353340149
0.3132616877555847 0.1740410476922989 0.08174210786819458
0.3123147487640381 0.18241672217845917 0.07822411507368088
0.31033065915107727 0.192095547914505 0.07331063598394394
0.3071763217449188 0.20322425663471222 0.06671842932701111
0.3027013838291168 0.21595771610736847 0.058140598237514496
0.2967401146888733 0.23045600950717926 0.04724681004881859
0.28911292552948 0.24688027799129486 0.0336851142346859
0.2796306908130646 0.2653871774673462 0.017086636275053024
0.26809972524642944 0.28612086176872253 -0.002925882814452052
0.2543641924858093 0.3092055320739746 -0.026636751368641853
0.23835135996341705 0.33474281430244446 -0.054125573486089706
0.2200191169977188 0.36280161142349243 -0.08540879935026169
0.19935694336891174 0.3934069871902466 -0.12044630199670792
0.17639653384685516 0.4265272319316864 -0.15912389755249023
0.15122267603874207 0.4620615541934967 -0.2012367993593216
0.12398326396942139 0.49982842803001404 -0.24647417664527893
0.09483836591243744 0.5396292805671692 -0.2944960296154022
0.06320071220397949 0.5821828842163086 -0.3460623621940613
0.027973400428891182 0.6288326382637024 -0.4026806950569153
-0.011800922453403473 0.6807487607002258 -0.465646356344223
-0.05686413496732712 0.7388373613357544 -0.5359362959861755
-0.10768526792526245 0.8036722540855408 -0.6141325235366821
-0.1644195169210434 0.8754458427429199 -0.7003697752952576
-0.22688783705234528 0.9539461731910706 -0.7943127155303955
0.7782758474349976 0.9685872793197632 -0.2766401767730713
0.728134036064148 0.90472412109375 -0.25004348158836365
0.6878756880760193 0.8532803654670715 -0.2285069227218628
0.6545128226280212 0.8105126619338989 -0.2105124443769455
0.6260828375816345 0.7739692330360413 -0.19507016241550446
0.6012347936630249 0.741970419883728 -0.18150706589221954
0.5790017247200012 0.7133228182792664 -0.16935110092163086
0.5586685538291931 0.6871545314788818 -0.15826426446437836
0.5396940112113953 0.662816047668457 -0.14800219237804413
0.5216851830482483 0.6398097276687622 -0.13836883008480072
0.5043655037879944 0.6177334189414978 -0.129186749458313
0.48752182722091675 0.5962618589401245 -0.12030979990959167
0.4709942042827606 0.5751363635063171 -0.11161959171295166
0.4546731412410736 0.5541605949401855 -0.10302336513996124
0.4384986460208893 0.533200204372406 -0.09445331245660782
0.42246079444885254 0.5121845006942749 -0.08586733043193817
0.4066057801246643 0.49111682176589966 -0.07725755870342255
0.39105719327926636 0.47010377049446106 -0.06869480758905411
0.3759506642818451 0.4492715299129486 -0.0602756030857563
0.36140093207359314 0.42872336506843567 -0.05208628624677658
0.3475005328655243 0.40853801369667053 -0.04420164227485657
0.3343201279640198 0.38876935839653015 -0.03668421134352684
0.3219092786312103 0.3694470524787903 -0.02958451211452484
0.3102983832359314 0.3505781292915344 -0.022941643372178078
0.29951241612434387 0.3321976661682129 -0.016781503334641457
0.289582759141922 0.31442978978157043 -0.011109542101621628
0.28051647543907166 0.2973647713661194 -0.005914136301726103
0.27229782938957214 0.28104445338249207 -0.00117100786883384
0.2648949921131134 0.26546984910964966 0.0031532549764961004
0.2582657039165497 0.2506072521209717 0.007098562549799681
0.252361536026001 0.23639293015003204 0.010709462687373161
0.24713106453418732 0.22273407876491547 0.014034619554877281
0.24250315129756927 0.2094784677028656 0.017134517431259155
0.23841039836406708 0.19647756218910217 0.020067349076271057
0.23481343686580658 0.18364864587783813 0.022875530645251274
0.23169563710689545 0.17097631096839905 0.025587117299437523
0.2290581464767456 0.15851427614688873 0.028216563165187836
0.22691428661346436 0.14638778567314148 0.030764898285269737
0.22528307139873505 0.1347912847995758 0.033220015466213226
0.22417894005775452 0.12396641820669174 0.03555891290307045
0.2235894650220871 0.11410639435052872 0.03776027634739876
0.2234809696674347 0.10533362627029419 0.03981374204158783
0.2238074690103531 0.09771232306957245 0.04171937704086304
0.22451643645763397 0.09125694632530212 0.043486226350069046
0.225553497672081 0.08594276010990143 0.04513052850961685
0.22686658799648285 0.08171728998422623 0.04667400196194649
0.22840844094753265 0.07851079851388931 0.04814222455024719
0.2301374077796936 0.07622480392456055 0.04955277219414711
0.2320169061422348 0.07472783327102661 0.050907623022794724
0.23401647806167603 0.07389310747385025 0.05220931023359299
0.2361118644475937 0.07360328733921051 0.05346230790019035
0.23828452825546265 0.07375095039606094 0.0546727180480957
0.24052175879478455 0.0742381289601326 0.0558481365442276
0.24281610548496246 0.07497533410787582 0.05699761211872101
0.24516715109348297 0.07588685303926468 0.05813220515847206
0.2475946843624115 0.07697422802448273 0.059268638491630554
0.2501254975795746 0.0782846137881279 0.06042454019188881
0.2527816891670227 0.07986713200807571 0.06161504238843918
0.25557994842529297 0.0817716121673584 0.06285267323255539
0.2585301101207733 0.08404703438282013 0.06414717435836792
0.26163455843925476 0.0867394283413887 0.06550505012273788
0.264885812997818 0.0898885577917099 0.06692887842655182
0.2682638466358185 0.09350446611642838 0.06841404736042023
0.2717350721359253 0.09752398729324341 0.06994418799877167
0.27526161074638367 0.10186337679624557 0.07149968296289444
0.2788032591342926 0.10643209517002106 0.07305977493524551
0.28231802582740784 0.11113431304693222 0.07460296899080276
0.28576335310935974 0.11587060242891312 0.0761074423789978
0.2890965938568115 0.12053987383842468 0.07755150645971298
0.2922745943069458 0.12504544854164124 0.07891200482845306
0.2952154576778412 0.12940308451652527 0.08011108636856079
0.2978009581565857 0.13375726342201233 0.08101470023393631
0.2999235987663269 0.138267382979393 0.0814937874674797
0.3014864921569824 0.14310045540332794 0.0814257562160492
0.30239951610565186 0.14843271672725677 0.0806908905506134
0.302574098110199 0.1544530838727951 0.07916722446680069
0.3019174635410309 0.1613696813583374 0.07672391086816788
0.30032724142074585 0.16940391063690186 0.0732070729136467
0.29769665002822876 0.17871052026748657 0.06840286403894424
0.2939072549343109 0.18942143023014069 0.06206212937831879
0.28882408142089844 0.20167994499206543 0.05391373857855797
0.28229615092277527 0.21563908457756042 0.04366312175989151
0.27415743470191956 0.23146018385887146 0.03099166229367256
0.2642281949520111 0.24930955469608307 0.015557506121695042
0.2523176372051239 0.26935452222824097 -0.003001138102263212
0.23825544118881226 0.2917577922344208 -0.024980269372463226
0.22193153202533722 0.31666502356529236 -0.05050361901521683
0.20326492190361023 0.34418556094169617 -0.07963640987873077
0.1822107583284378 0.3743760883808136 -0.11238345503807068
0.15877600014209747 0.40722188353538513 -0.1486651748418808
0.13303595781326294 0.4426172375679016 -0.1882929801940918
0.1051507443189621 0.4803469181060791 -0.23094606399536133
0.0753156989812851 0.5201490521430969 -0.2762422561645508
0.04295317456126213 0.5627200603485107 -0.3248785734176636
0.006959212943911552 0.6094107031822205 -0.378287672996521
-0.03360241651535034 0.6613675951957703 -0.4376664161682129
-0.0794149786233902 0.7194310426712036 -0.5038644671440125
-0.13084807991981506 0.7840621471405029 -0.5773078799247742
-0.18792086839675903 0.8552994728088379 -0.657955527305603
-0.2502939999103546 0.9327495098114014 -0.7452943325042725
0.7884882092475891 0.96334308385849 -0.25030216574668884
0.7382409572601318 0.899463951587677 -0.22555139660835266
0.6978031992912292 0.8478718400001526 -0.20542596280574799
0.6642677187919617 0.8049337267875671 -0.18856343626976013
0.6357058882713318 0.7682459354400635 -0.17406675219535828
0.6107791066169739 0.7361469268798828 -0.1613207459449768
0.588520348072052 0.7074446678161621 -0.1498899608850479
0.5682066082954407 0.6812576055526733 -0.1394592523574829
0.5492833256721497 0.656919002532959 -0.12979748845100403
0.5313395261764526 0.6339081525802612 -0.12071481347084045
0.5140835046768188 0.6118037700653076 -0.11203842610120773
0.4972912669181824 0.5902673006057739 -0.10362686961889267
0.4807965159416199 0.5690325498580933 -0.09536726772785187
0.4644875228404999 0.5479013323783875 -0.08717303723096848
0.4483068585395813 0.5267436504364014 -0.07898380607366562
0.43225204944610596 0.5055006742477417 -0.07076641172170639
0.41638168692588806 0.48419591784477234 -0.06252358108758926
0.40083152055740356 0.46296200156211853 -0.05433713644742966
0.38574400544166565 0.44194716215133667 -0.04631264880299568
0.3712351322174072 0.42126956582069397 -0.0385429784655571
0.357393741607666 0.4010153114795685 -0.03110675700008869
0.3442819118499756 0.38123881816864014 -0.024068016558885574
0.3319372832775116 0.3619639277458191 -0.01747669279575348
0.3203752636909485 0.3431865870952606 -0.011369808577001095
0.3096078038215637 0.32492595911026 -0.005766509100794792
0.29966306686401367 0.30728912353515625 -0.0006571622798219323
0.29054826498031616 0.2903522551059723 0.003983311355113983
0.2822495400905609 0.2741468846797943 0.008189717307686806
0.274737685918808 0.2586662769317627 0.012003559619188309
0.26797378063201904 0.24387137591838837 0.015470935963094234
0.2619130611419678 0.22969521582126617 0.01864119991660118
0.25650718808174133 0.2160426378250122 0.021566569805145264
0.2516842782497406 0.202763170003891 0.02430347539484501
0.2473728060722351 0.18971361219882965 0.026900634169578552
0.24353034794330597 0.17681874334812164 0.029392313212156296
0.2401382327079773 0.16407287120819092 0.03179958090186119
0.23719696700572968 0.1515423208475113 0.03413093090057373
0.23472091555595398 0.13936741650104523 0.03638245165348053
0.23273234069347382 0.12775933742523193 0.038538314402103424
0.23125049471855164 0.116974376142025 0.04057368263602257
0.23026764392852783 0.10720734298229218 0.04246878996491432
0.22975286841392517 0.09857164323329926 0.04421582818031311
0.22966167330741882 0.09111681580543518 0.04581739380955696
0.22994227707386017 0.08483945578336716 0.04728468507528305
0.23054052889347076 0.07969635725021362 0.04863547161221504
0.2314043641090393 0.07561780512332916 0.0498923733830452
0.23248639702796936 0.07251910120248795 0.051081180572509766
0.23374781012535095 0.07029376924037933 0.05222022160887718
0.23515933752059937 0.06881248205900192 0.053312934935092926
0.236696258187294 0.06795331090688705 0.05436209961771965
0.23833787441253662 0.06760420650243759 0.0553712397813797
0.2400672435760498 0.067662313580513 0.05634449049830437
0.24187113344669342 0.0680328980088234 0.05728656426072121
0.24373957514762878 0.06862793862819672 0.05820274353027344
0.24566717445850372 0.06937121599912643 0.05909939855337143
0.2476629912853241 0.0702599436044693 0.05998803302645683
0.24974213540554047 0.07133529335260391 0.06088198348879814
0.2519177496433258 0.07264068722724915 0.06179337203502655
0.25420013070106506 0.07422112673521042 0.06273308396339417
0.25659671425819397 0.07612281292676926 0.06371089071035385
0.25911128520965576 0.07839233428239822 0.06473533064126968
0.261743426322937 0.08107531815767288 0.06581347435712814
0.2644856870174408 0.08419597893953323 0.06694763153791428
0.26732000708580017 0.08771377801895142 0.06812848895788193
0.2702215015888214 0.09156735241413116 0.06934238225221634
0.27315986156463623 0.09568504989147186 0.07057313621044159
0.2760988175868988 0.09998422116041183 0.07180200517177582
0.27899694442749023 0.1043715626001358 0.0730079784989357
0.2818080484867096 0.10874436795711517 0.0741681456565857
0.2844816744327545 0.11299692094326019 0.07525656372308731
0.28692659735679626 0.11713334918022156 0.07619542628526688
0.28901711106300354 0.12129020690917969 0.07685518264770508
0.2906399965286255 0.12562093138694763 0.07711229473352432
0.2916947603225708 0.1302877515554428 0.07685108482837677
0.29208943247795105 0.13546222448349 0.07596039772033691
0.29173532128334045 0.14132872223854065 0.07432852685451508
0.2905398905277252 0.14809058606624603 0.07183654606342316
0.28840216994285583 0.1559627652168274 0.06834537535905838
0.28522437810897827 0.16508346796035767 0.0636666789650917
0.2809002101421356 0.17556560039520264 0.05758241191506386
0.2753070592880249 0.18753628432750702 0.049854129552841187
0.26830530166625977 0.20113655924797058 0.040220219641923904
0.25973790884017944 0.21652166545391083 0.02839314192533493
0.24942980706691742 0.2338607907295227 0.0140571603551507
0.23718766868114471 0.25333625078201294 -0.0031330266501754522
0.22282367944717407 0.27514317631721497 -0.023480018600821495
0.2061944454908371 0.2994711995124817 -0.047142136842012405
0.18718506395816803 0.32647213339805603 -0.07422413676977158
0.16572122275829315 0.3562385141849518 -0.10476871579885483
0.141789972782135 0.3887788951396942 -0.13872700929641724
0.11546220630407333 0.4239913523197174 -0.1759270876646042
0.08691561967134476 0.46163684129714966 -0.21604353189468384
0.056387655436992645 0.5014006495475769 -0.25866222381591797
0.023323481902480125 0.5439590811729431 -0.304427832365036
-0.013373292051255703 0.5906699895858765 -0.35471266508102417
-0.05460979416966438 0.6426633596420288 -0.41064178943634033
-0.1010129526257515 0.7007304430007935 -0.4729788601398468
-0.15286903083324432 0.7652501463890076 -0.5420522689819336
-0.2100934088230133 0.8361510038375854 -0.6177204847335815
-0.2722353935241699 0.912916898727417 -0.6993816494941711
0.7986512780189514 0.9581557512283325 -0.22412998974323273
0.7483897805213928 0.8943027257919312 -0.201134592294693
0.7078054547309875 0.842568576335907 -0.18236951529979706
0.6740980744361877 0.7994507551193237 -0.16661475598812103
0.6453884243965149 0.7626037001609802 -0.1530565321445465
0.6203585267066956 0.7303873300552368 -0.14112980663776398
0.5980464816093445 0.7016112208366394 -0.13042907416820526
0.5777254104614258 0.6753833293914795 -0.12065590173006058
0.558829665184021 0.651016354560852 -0.11158622056245804
0.5409329533576965 0.6279669404029846 -0.10303494334220886
0.5237292051315308 0.6057978272438049 -0.09483707696199417
0.5069839954376221 0.5841596722602844 -0.08685924857854843
0.4905247688293457 0.5627803802490234 -0.07899664342403412
0.4742366373538971 0.5414611101150513 -0.0711713656783104
0.45806339383125305 0.5200774669647217 -0.06333267688751221
0.4420078992843628 0.49858325719833374 -0.05545826628804207
0.42613887786865234 0.47702258825302124 -0.0475630946457386
0.4106042981147766 0.4555576741695404 -0.039741016924381256
0.39555424451828003 0.43436259031295776 -0.032107070088386536
0.3811056315898895 0.4135715067386627 -0.024760346859693527
0.3673420250415802 0.3932775855064392 -0.017782626673579216
0.3543151021003723 0.3735336363315582 -0.011238384060561657
0.34204769134521484 0.3543546199798584 -0.005175967700779438
0.330537885427475 0.3357214033603668 0.0003705567214637995
0.31978198885917664 0.3176317811012268 0.005389985162764788
0.3098037540912628 0.3001684248447418 0.009909207001328468
0.3006111979484558 0.28338930010795593 0.013968300074338913
0.292194128036499 0.26731327176094055 0.017613491043448448
0.2845290005207062 0.2519265413284302 0.020894862711429596
0.2775838375091553 0.23718714714050293 0.023864928632974625
0.27132168412208557 0.22302816808223724 0.026577940210700035
0.26570188999176025 0.20935748517513275 0.02908967062830925
0.26065436005592346 0.19603148102760315 0.03145170956850052
0.25610390305519104 0.18291650712490082 0.03370217606425285
0.2520045340061188 0.16994735598564148 0.03586641326546669
0.248335063457489 0.15712976455688477 0.03795817866921425
0.2450942099094391 0.14454251527786255 0.03998002037405968
0.24229587614536285 0.13233895599842072 0.04192354902625084
0.23996339738368988 0.12074276059865952 0.04377012699842453
0.23811911046504974 0.11001885682344437 0.04549437761306763
0.23675934970378876 0.10035888105630875 0.047079116106033325
0.23585614562034607 0.09186460822820663 0.04851957783102989
0.23536643385887146 0.08456950634717941 0.04982072487473488
0.23523876070976257 0.07845249027013779 0.05099526420235634
0.2354188859462738 0.07345317304134369 0.052061546593904495
0.23585385084152222 0.0694863572716713 0.05304177477955818
0.23649489879608154 0.06645435839891434 0.053960565477609634
0.2373047173023224 0.06424462795257568 0.05483566224575043
0.23825934529304504 0.06273169070482254 0.055671174079179764
0.23933914303779602 0.0617997907102108 0.05646984279155731
0.24052675068378448 0.06134328618645668 0.05723435804247856
0.24180741608142853 0.061265088617801666 0.05796734616160393
0.24316832423210144 0.06147497519850731 0.05867137014865875
0.24459871649742126 0.061888109892606735 0.059348978102207184
0.24609026312828064 0.06242959201335907 0.060003142803907394
0.24764372408390045 0.06309248507022858 0.06064155697822571
0.24926453828811646 0.06391090899705887 0.06127435341477394
0.2509576380252838 0.06492126733064651 0.06191115453839302
0.2527274489402771 0.06616204231977463 0.06256136298179626
0.2545775771141052 0.06767404824495316 0.0632341057062149
0.2565108835697174 0.06950053572654724 0.06393849849700928
0.25852900743484497 0.07168717682361603 0.06468357145786285
0.26063159108161926 0.07426634430885315 0.06547537446022034
0.26281240582466125 0.07721925526857376 0.06630977243185043
0.2650589644908905 0.08050917088985443 0.0671783909201622
0.26735222339630127 0.084088034927845 0.06807016581296921
0.26966559886932373 0.08789408951997757 0.06897089630365372
0.2719651758670807 0.09185046702623367 0.06986333429813385
0.2742098569869995 0.09586495161056519 0.07072735577821732
0.27635112404823303 0.09983551502227783 0.07153884321451187
0.27829450368881226 0.1037604883313179 0.07222282886505127
0.27990636229515076 0.107765331864357 0.0726538598537445
0.2810657024383545 0.11199288070201874 0.07271263003349304
0.2816655933856964 0.11659517139196396 0.07228843122720718
0.28160884976387024 0.12173378467559814 0.07127618044614792
0.28080275654792786 0.1275831162929535 0.06957168877124786
0.27915164828300476 0.13433654606342316 0.0670650452375412
0.27655264735221863 0.14219777286052704 0.06362918019294739
0.2729143500328064 0.15128575265407562 0.0590980164706707
0.26814034581184387 0.16169282793998718 0.05328100547194481
0.2621176540851593 0.17352795600891113 0.04596859961748123
0.25471484661102295 0.1869177669286728 0.03692859411239624
0.24578054249286652 0.2020084410905838 0.025901729241013527
0.2351405918598175 0.2189674973487854 0.012596944347023964
0.2225954830646515 0.23798635601997375 -0.0033135481644421816
0.20793886482715607 0.25928640365600586 -0.02213328704237938
0.19099900126457214 0.28309813141822815 -0.04404453560709953
0.171632781624794 0.3096141219139099 -0.06918072700500488
0.14974214136600494 0.338962584733963 -0.09761331975460052
0.1252993941307068 0.3711780905723572 -0.1293182373046875
0.09837550669908524 0.4061681628227234 -0.16413940489292145
0.06916935741901398 0.44367942214012146 -0.2017522156238556
0.037963610142469406 0.4833560287952423 -0.24172279238700867
0.004238232504576445 0.5258557200431824 -0.284652978181839
-0.03308139368891716 0.5725411176681519 -0.33186569809913635
-0.0748688280582428 0.6245334148406982 -0.38443809747695923
-0.12170419842004776 0.6825966835021973 -0.4430878758430481
-0.17381681501865387 0.7470653057098389 -0.5081034302711487
-0.2310621738433838 0.8178130388259888 -0.5793153047561646
-0.2929365336894989 0.894266664981842 -0.6561148762702942
0.8087892532348633 0.9530275464057922 -0.19807490706443787
0.758583128452301 0.8892309665679932 -0.176763653755188
0.717882513999939 0.8373661637306213 -0.15932537615299225
0.684008002281189 0.7940685153007507 -0.1446666568517685
0.6551384925842285 0.757053792476654 -0.13204710185527802
0.6299826502799988 0.7247049808502197 -0.12094476819038391
0.6075882911682129 0.6958335638046265 -0.11097873747348785
0.5872278809547424 0.6695358157157898 -0.10186262428760529
0.5683282613754272 0.6451035141944885 -0.09337565302848816
0.5504509806632996 0.6219727396965027 -0.08533686399459839
0.5332781076431274 0.5996942520141602 -0.07759258896112442
0.516566812992096 0.5779114961624146 -0.0700203999876976
0.5001381039619446 0.5563488006591797 -0.06252606213092804
0.48387426137924194 0.5348086357116699 -0.05504252016544342
0.4677186906337738 0.5131729245185852 -0.04753047227859497
0.45167776942253113 0.4914083480834961 -0.0399799682199955
0.43582725524902344 0.46957945823669434 -0.032419055700302124
0.4203275442123413 0.4478813409805298 -0.02495424635708332
0.4053370952606201 0.42651697993278503 -0.01771003194153309
0.39097297191619873 0.40563759207725525 -0.010791124776005745
0.37731197476387024 0.38534218072891235 -0.004281424451619387
0.3643929064273834 0.36567920446395874 0.0017552440986037254
0.35222166776657104 0.3466511368751526 0.007273042108863592
0.34077614545822144 0.32821959257125854 0.01224137470126152
0.33003437519073486 0.3103553056716919 0.01665749028325081
0.32001349329948425 0.2931090295314789 0.020566802471876144
0.3107221722602844 0.27651557326316833 0.024025212973356247
0.3021550476551056 0.2605797052383423 0.02709079533815384
0.2942969799041748 0.24528105556964874 0.029822472482919693
0.28712669014930725 0.2305772602558136 0.03227943181991577
0.2806192934513092 0.21640606224536896 0.03452112898230553
0.27474716305732727 0.20268437266349792 0.036607179790735245
0.26944500207901 0.18928147852420807 0.03858397528529167
0.26463478803634644 0.17607726156711578 0.04047823324799538
0.2602672278881073 0.16301967203617096 0.04230587184429169
0.2563178837299347 0.15012717247009277 0.044073015451431274
0.2527826428413391 0.13749092817306519 0.04577632620930672
0.2496732920408249 0.1252751648426056 0.04740329831838608
0.2470119446516037 0.11371134966611862 0.04893317073583603
0.24482154846191406 0.10306692123413086 0.0503409281373024
0.2431020587682724 0.09352611750364304 0.051612738519907
0.24182818830013275 0.0851767361164093 0.052747081965208054
0.24095836281776428 0.07803544402122498 0.05375107005238533
0.24044141173362732 0.07206393033266068 0.05463827773928642
0.24022239446640015 0.06718586385250092 0.0554267019033432
0.2402469515800476 0.06330230087041855 0.05613711103796959
0.24046437442302704 0.06030426546931267 0.05679178237915039
0.24083706736564636 0.058074574917554855 0.05740676075220108
0.2413453310728073 0.05649282783269882 0.0579863041639328
0.24197331070899963 0.05545029789209366 0.05853300914168358
0.24270698428153992 0.05484859272837639 0.05904895067214966
0.24353379011154175 0.05459727346897125 0.05953577533364296
0.24444249272346497 0.05461199954152107 0.05999471992254257
0.24542292952537537 0.0548127181828022 0.060426708310842514
0.24646590650081635 0.05512779578566551 0.060832735151052475
0.2475665658712387 0.05554672330617905 0.061218030750751495
0.24872249364852905 0.056096069514751434 0.06159031018614769
0.24993199110031128 0.05680450052022934 0.06195727363228798
0.2511937618255615 0.05770276486873627 0.062326669692993164
0.25250691175460815 0.05882425606250763 0.06270644068717957
0.25387105345726013 0.06020568683743477 0.06310488283634186
0.25528621673583984 0.06188781559467316 0.06353075802326202
0.2567536532878876 0.06390511989593506 0.06399103254079819
0.2582753002643585 0.06625794619321823 0.06448480486869812
0.2598489820957184 0.06893376260995865 0.06500807404518127
0.261466920375824 0.07191019505262375 0.06555476039648056
0.2631148397922516 0.07515155524015427 0.06611638516187668
0.26477116346359253 0.07860588282346725 0.06668178737163544
0.26640740036964417 0.0822029709815979 0.06723717600107193
0.267986536026001 0.08585770428180695 0.06776468455791473
0.2694169878959656 0.08956968039274216 0.06819522380828857
0.2705579102039337 0.09345130622386932 0.0684080719947815
0.2712792456150055 0.09763067960739136 0.06828756630420685
0.27146467566490173 0.10224459320306778 0.06772641092538834
0.2710084021091461 0.10743928700685501 0.0666234940290451
0.269809752702713 0.11337371170520782 0.06487952917814255
0.26776576042175293 0.12022590637207031 0.06239096820354462
0.2647685408592224 0.12818334996700287 0.05904021114110947
0.2607307434082031 0.13734498620033264 0.05468001961708069
0.2555638253688812 0.14778316020965576 0.049143385142087936
0.24916213750839233 0.15958929061889648 0.04224572703242302
0.2414003163576126 0.17287564277648926 0.033780537545681
0.23213015496730804 0.1877785176038742 0.023513907566666603
0.22117646038532257 0.2044619470834732 0.011178053915500641
0.20833182334899902 0.2231227159500122 -0.003536226926371455
0.1933724731206894 0.24400301277637482 -0.020927520468831062
0.17610353231430054 0.26736846566200256 -0.04119117558002472
0.15636004507541656 0.2934468984603882 -0.06447785347700119
0.13402612507343292 0.32239869236946106 -0.09087755531072617
0.1090645045042038 0.3542829751968384 -0.12038398534059525
0.08154979348182678 0.3890194296836853 -0.152854785323143
0.0517033189535141 0.42634785175323486 -0.18797142803668976
0.01985216699540615 0.4658832252025604 -0.22529365122318268
-0.014479422941803932 0.5082643628120422 -0.26538708806037903
-0.05233161896467209 0.5548537969589233 -0.3095305562019348
-0.09454413503408432 0.6067720055580139 -0.3587721288204193
-0.14166666567325592 0.6647821068763733 -0.4138195812702179
-0.1939065009355545 0.7292191386222839 -0.4749745726585388
-0.2511116862297058 0.7999644875526428 -0.5421088337898254
-0.3127897083759308 0.8764638900756836 -0.6146827340126038
0.8189361095428467 0.9479559659957886 -0.17206405103206635
0.7688275575637817 0.8842374682426453 -0.1524009108543396
0.7280359268188477 0.8322610855102539 -0.13628031313419342
0.6940019130706787 0.7887933850288391 -0.12272071838378906
0.6649649739265442 0.7516096234321594 -0.11104694753885269
0.6396628022193909 0.7191150188446045 -0.10077524185180664
0.6171556711196899 0.6901225447654724 -0.09154608100652695
0.5967187881469727 0.6637179255485535 -0.08308324217796326
0.577775239944458 0.6391738653182983 -0.07516801357269287
0.5598788261413574 0.6159092783927917 -0.06762465089559555
0.5427040457725525 0.5934691429138184 -0.06031375750899315
0.5260015726089478 0.5714935064315796 -0.05312630534172058
0.5095882415771484 0.5497066378593445 -0.04598068445920944
0.4933435916900635 0.5279139876365662 -0.03882219269871712
0.4772101938724518 0.5060052275657654 -0.03162407875061035
0.46119555830955505 0.4839591383934021 -0.024389225989580154
0.4453795552253723 0.46185925602912903 -0.017158592119812965
0.42993491888046265 0.4399360120296478 -0.010051161050796509
0.4150289297103882 0.4184240996837616 -0.0032004050444811583
0.4007781445980072 0.3974919319152832 0.003284396603703499
0.3872505724430084 0.37724199891090393 0.009318471886217594
0.3744702637195587 0.35771530866622925 0.014839745126664639
0.36242371797561646 0.3388979136943817 0.019805558025836945
0.35106614232063293 0.320728063583374 0.02418876811861992
0.3403542935848236 0.3031437397003174 0.02799469232559204
0.3302953839302063 0.28615623712539673 0.03128720447421074
0.32089710235595703 0.26977232098579407 0.03413776680827141
0.3121594786643982 0.253980815410614 0.0366160124540329
0.30407777428627014 0.23875558376312256 0.038789644837379456
0.29664474725723267 0.22405683994293213 0.04072468355298042
0.2898525595664978 0.20983225107192993 0.04248623922467232
0.28369206190109253 0.1960149109363556 0.04413839429616928
0.2781069278717041 0.18249386548995972 0.04572249948978424
0.273017555475235 0.169167160987854 0.047253504395484924
0.26837173104286194 0.15599888563156128 0.04873761534690857
0.26414138078689575 0.14302194118499756 0.05017322674393654
0.26031848788261414 0.13033953309059143 0.05155114829540253
0.2569107413291931 0.11812429130077362 0.05285501852631569
0.25393640995025635 0.1066107228398323 0.05406239628791809
0.25141629576683044 0.09606222063302994 0.05514925345778465
0.2493530511856079 0.08665178716182709 0.0561056062579155
0.24772438406944275 0.07845140248537064 0.05693334341049194
0.24649012088775635 0.07146043330430984 0.057641416788101196
0.24559937417507172 0.06562390178442001 0.05824371799826622
0.24499636888504028 0.06085078418254852 0.058757178485393524
0.24462531507015228 0.05702992528676987 0.05920029804110527
0.24443267285823822 0.05404243990778923 0.059592023491859436
0.24437999725341797 0.05176771432161331 0.059945978224277496
0.2444501668214798 0.05009104683995247 0.06026623398065567
0.24463029205799103 0.04891113564372063 0.06055525690317154
0.24490903317928314 0.048137206584215164 0.06081486865878105
0.24527646601200104 0.047686200588941574 0.06104636564850807
0.24572354555130005 0.04748055711388588 0.06125057488679886
0.24624179303646088 0.047446418553590775 0.06142794340848923
0.2468232661485672 0.04751712456345558 0.06157892197370529
0.24745972454547882 0.04767969995737076 0.06170740723609924
0.24814334511756897 0.04795359447598457 0.06181936338543892
0.2488671988248825 0.048359982669353485 0.061920832842588425
0.24962490797042847 0.04892171919345856 0.062017783522605896
0.2504110038280487 0.04966410994529724 0.062116414308547974
0.2512204945087433 0.05061562731862068 0.062223080545663834
0.25204917788505554 0.05180899798870087 0.062344618141651154
0.25289592146873474 0.053276177495718 0.0624866858124733
0.25376707315444946 0.05503254383802414 0.06264990568161011
0.25466790795326233 0.05708657577633858 0.06283345818519592
0.25560054183006287 0.05944007635116577 0.0630357638001442
0.2565629780292511 0.06208442896604538 0.06325425207614899
0.25754889845848083 0.06499670445919037 0.06348510831594467
0.25854694843292236 0.06813611835241318 0.06372316181659698
0.2595385015010834 0.07144465297460556 0.06395996361970901
0.2604404389858246 0.07493006438016891 0.06413523107767105
0.26110655069351196 0.07869216799736023 0.06413443386554718
0.26139751076698303 0.08284281939268112 0.06384599208831787
0.2611861526966095 0.08750084787607193 0.06316550076007843
0.260355144739151 0.0927937850356102 0.06199437752366066
0.2587926387786865 0.09886143356561661 0.060236379504203796
0.2563851773738861 0.10586219280958176 0.05779237300157547
0.253016859292984 0.11396331340074539 0.054552193731069565
0.2486027628183365 0.12324478477239609 0.050384145230054855
0.24306055903434753 0.13376185297966003 0.04514071345329285
0.2362905889749527 0.14559097588062286 0.03865838795900345
0.22817207872867584 0.1588321328163147 0.030752865597605705
0.2185591608285904 0.17361308634281158 0.021212903782725334
0.2072751671075821 0.19009442627429962 0.009792840108275414
0.194105327129364 0.20847660303115845 -0.0037966486997902393
0.17881107330322266 0.2290177196264267 -0.019843291491270065
0.16118024289608002 0.25201043486595154 -0.0385449193418026
0.1410321146249771 0.277709424495697 -0.060058049857616425
0.11823912709951401 0.30629977583885193 -0.08448079228401184
0.09275921434164047 0.3378605544567108 -0.1118168979883194
0.06467310339212418 0.372322678565979 -0.1419350802898407
0.034223172813653946 0.4094240367412567 -0.17452788352966309
0.0017756271408870816 0.4487619698047638 -0.20916210114955902
-0.03309459239244461 0.49095362424850464 -0.24637024104595184
-0.07138313353061676 0.5373531579971313 -0.28738486766815186
-0.11390000581741333 0.5890883803367615 -0.3332364559173584
-0.16118691861629486 0.6469495892524719 -0.3846518397331238
-0.21347150206565857 0.7113252282142639 -0.44199439883232117
-0.2706533670425415 0.7821763753890991 -0.5052407383918762
-0.33232149481773376 0.859053373336792 -0.5739942789077759
0.8291348218917847 0.9429265856742859 -0.1459919810295105
0.7791463732719421 0.8793019652366638 -0.1279691904783249
0.7382849454879761 0.8272328972816467 -0.11316926777362823
0.7041030526161194 0.7836048603057861 -0.10071266442537308
0.6748977303504944 0.7462481260299683 -0.08998511731624603
0.6494359970092773 0.7135894894599915 -0.08053956180810928
0.626791775226593 0.6844443082809448 -0.07203786075115204
0.6062449216842651 0.6578891277313232 -0.06421483308076859
0.5872175097465515 0.6331801414489746 -0.05685574561357498
0.5692602396011353 0.6097248196601868 -0.04979245737195015
0.5520445704460144 0.5870686173439026 -0.04290200397372246
0.5353187918663025 0.564853310585022 -0.03609040752053261
0.5188973546028137 0.5428062081336975 -0.029289834201335907
0.5026581287384033 0.5207381248474121 -0.022458679974079132
0.48654279112815857 0.4985470473766327 -0.015582858584821224
0.47055813670158386 0.47622278332710266 -0.008677344769239426
0.4547848701477051 0.4538649022579193 -0.0017943554557859898
0.4394083321094513 0.4317404627799988 0.004936405457556248
0.4246051013469696 0.41011643409729004 0.011374451220035553
0.41049057245254517 0.3891766369342804 0.017408063635230064
0.39712294936180115 0.36902427673339844 0.02295353077352047
0.3845100998878479 0.3496891260147095 0.027951916679739952
0.3726179003715515 0.33113715052604675 0.03236435726284981
0.3613777756690979 0.31328004598617554 0.03616686165332794
0.3507227599620819 0.29601866006851196 0.03937140479683876
0.34064555168151855 0.2793188691139221 0.04205802083015442
0.3311498761177063 0.26315560936927795 0.044311560690402985
0.32223984599113464 0.24750028550624847 0.04621157422661781
0.3139215111732483 0.23232170939445496 0.04783346876502037
0.3062039613723755 0.2175856977701187 0.04924970120191574
0.2991001009941101 0.20325516164302826 0.050531189888715744
0.2926245927810669 0.1892871856689453 0.051747072488069534
0.2867344319820404 0.17559809982776642 0.052934203296899796
0.2813502550125122 0.1621088981628418 0.05409613996744156
0.2764177918434143 0.14880314469337463 0.05522956699132919
0.27190542221069336 0.13572978973388672 0.056325338780879974
0.2678000330924988 0.1230037584900856 0.05736872926354408
0.264103502035141 0.11080319434404373 0.058339912444353104
0.26082751154899597 0.09936034679412842 0.05921528488397598
0.2579877972602844 0.0889279842376709 0.059972357004880905
0.2555896043777466 0.07966376096010208 0.06060561537742615
0.2536138594150543 0.07162201404571533 0.06112053245306015
0.25202226638793945 0.06478431820869446 0.06152781844139099
0.25076451897621155 0.059079572558403015 0.06184136122465134
0.24978455901145935 0.05440327897667885 0.06207649037241936
0.24902485311031342 0.050633423030376434 0.062248796224594116
0.24842935800552368 0.04764257371425629 0.06237330660223961
0.2479577213525772 0.04530753567814827 0.06246056780219078
0.24759434163570404 0.04351971670985222 0.06251422315835953
0.24732813239097595 0.04218534007668495 0.06253669410943985
0.24715006351470947 0.04122135788202286 0.06252984702587128
0.24705255031585693 0.04055235907435417 0.062495168298482895
0.24702902138233185 0.04010818898677826 0.0624338760972023
0.24707381427288055 0.03982212767004967 0.06234699860215187
0.24718117713928223 0.039633799344301224 0.062235668301582336
0.24734199047088623 0.039529215544462204 0.06210332736372948
0.2475450485944748 0.039522167295217514 0.061954621225595474
0.2477797418832779 0.039627496153116226 0.06179395318031311
0.24803577363491058 0.03986124321818352 0.061625514179468155
0.24830324947834015 0.04024122655391693 0.06145327165722847
0.24857239425182343 0.04078783839941025 0.06128106266260147
0.24883347749710083 0.041524965316057205 0.06111264228820801
0.24908092617988586 0.042479660362005234 0.06095106154680252
0.249322310090065 0.04367760568857193 0.06079729646444321
0.24956737458705902 0.045143283903598785 0.06065258011221886
0.2498255968093872 0.046898189932107925 0.06051894277334213
0.25010591745376587 0.048957459628582 0.06039918214082718
0.2504163682460785 0.05132582411170006 0.06029672175645828
0.25076377391815186 0.05399308353662491 0.06021545082330704
0.25115013122558594 0.05693238228559494 0.06015748158097267
0.25150424242019653 0.06016465649008751 0.060073234140872955
0.25167739391326904 0.06378067284822464 0.059856511652469635
0.2515229284763336 0.06787852197885513 0.05940135940909386
0.2509031891822815 0.07256066054105759 0.05860700085759163
0.2496887743473053 0.07793644815683365 0.057377345860004425
0.2477552443742752 0.08412621170282364 0.05561866611242294
0.24497739970684052 0.09126732498407364 0.05323544517159462
0.2412300705909729 0.09950488060712814 0.05012398958206177
0.23642922937870026 0.10890208184719086 0.04616503417491913
0.23049749433994293 0.1195007786154747 0.04122673720121384
0.22333970665931702 0.13136547803878784 0.035162944346666336
0.214838907122612 0.1445864886045456 0.027808308601379395
0.20485113561153412 0.15928475558757782 0.018971845507621765
0.1931985318660736 0.17561793327331543 0.00842897966504097
0.17966055870056152 0.1937890648841858 -0.004088505171239376
0.16398759186267853 0.21406735479831696 -0.018852194771170616
0.1459556668996811 0.23676298558712006 -0.03605300188064575
0.1253747045993805 0.26214799284935 -0.05584322661161423
0.1021113395690918 0.29042306542396545 -0.07831970602273941
0.07612323015928268 0.3216802775859833 -0.10348915308713913
0.047498758882284164 0.3558588922023773 -0.13122901320457458
0.016498100012540817 0.392698734998703 -0.16124767065048218
-0.016482090577483177 0.43178895115852356 -0.1931314468383789
-0.05181384086608887 0.47372081875801086 -0.22737954556941986
-0.09044250100851059 0.519829511642456 -0.26516959071159363
-0.13315674662590027 0.5712554454803467 -0.30751699209213257
-0.1805160939693451 0.6288437843322754 -0.355185329914093
-0.2328120917081833 0.6930863857269287 -0.40863463282585144
-0.2900559902191162 0.7640984654426575 -0.4679982662200928
-0.3519892692565918 0.8416264057159424 -0.5330879092216492
0.8394251465797424 0.9379145503044128 -0.11974693834781647
0.7895782589912415 0.8743956089019775 -0.10335488617420197
0.748668372631073 0.8222368955612183 -0.0898624137043953
0.7143542766571045 0.7784395813941956 -0.07848912477493286
0.6849887371063232 0.7408895492553711 -0.06868197023868561
0.6593674421310425 0.7080357670783997 -0.060032330453395844
0.6365775465965271 0.6786975860595703 -0.052226122468709946
0.6159036159515381 0.651944637298584 -0.045012686401605606
0.5967674255371094 0.6270191669464111 -0.03818532079458237
0.5787187814712524 0.6033216714859009 -0.031586695462465286
0.5614311099052429 0.5804039239883423 -0.0251112449914217
0.5446533560752869 0.5579138398170471 -0.01868072897195816
0.5281999111175537 0.5355850458145142 -0.012241444550454617
0.5119482278823853 0.513235867023468 -0.005764763802289963
0.49583888053894043 0.4907725751399994 0.0007515887846238911
0.47987639904022217 0.46819472312927246 0.007282355334609747
0.4641402065753937 0.44561412930488586 0.013767059892416
0.44882771372795105 0.42333173751831055 0.02006961591541767
0.4341261088848114 0.40164458751678467 0.02604706399142742
0.4201498031616211 0.3807481527328491 0.03158923611044884
0.40694767236709595 0.36074215173721313 0.03661656752228737
0.3945120871067047 0.3416418731212616 0.04107527434825897
0.3827892243862152 0.3233909606933594 0.044931184500455856
0.3716883361339569 0.30587300658226013 0.04816335067152977
0.361117959022522 0.2889503836631775 0.05078824236989021
0.351051926612854 0.27254152297973633 0.052897050976753235
0.3414851129055023 0.25658804178237915 0.05458340793848038
0.33242252469062805 0.24104347825050354 0.05593321472406387
0.3238791525363922 0.22587232291698456 0.057027027010917664
0.3158797323703766 0.21104837954044342 0.05794209986925125
0.30845922231674194 0.1965542882680893 0.05875428393483162
0.30165907740592957 0.1823783665895462 0.05953756347298622
0.2954530119895935 0.1684713363647461 0.06032514199614525
0.28976455330848694 0.15478189289569855 0.06111032888293266
0.2845388650894165 0.1413164883852005 0.061881277710199356
0.27974092960357666 0.12814152240753174 0.06262219697237015
0.2753523290157318 0.11538262665271759 0.06331360340118408
0.27136752009391785 0.10322020947933197 0.06393315643072128
0.2677897810935974 0.09187860786914825 0.0644569844007492
0.26462799310684204 0.08159306645393372 0.06486503779888153
0.26188990473747253 0.0725012719631195 0.06515710800886154
0.2595607042312622 0.06463766098022461 0.06534288078546524
0.2576049864292145 0.05796539783477783 0.06543493270874023
0.2559739947319031 0.05239790305495262 0.06544703245162964
0.25461187958717346 0.047818366438150406 0.06539268791675568
0.2534601390361786 0.04409540072083473 0.06528424471616745
0.2524603605270386 0.04109426587820053 0.06513236463069916
0.2515700161457062 0.03869016468524933 0.0649440735578537
0.25077345967292786 0.03678104281425476 0.06472218781709671
0.25006046891212463 0.035280779004096985 0.06446883827447891
0.24942345917224884 0.03411408141255379 0.06418601423501968
0.24885666370391846 0.033213306218385696 0.06387565284967422
0.24835602939128876 0.03251602500677109 0.06353981047868729
0.24791869521141052 0.03196326270699501 0.06318073719739914
0.24754220247268677 0.03150185942649841 0.06280110031366348
0.24721790850162506 0.031118348240852356 0.06240443140268326
0.2469329982995987 0.030822550877928734 0.0619942732155323
0.24667449295520782 0.030624696984887123 0.06157354265451431
0.2464291900396347 0.030535530298948288 0.06114452704787254
0.24618345499038696 0.030566859990358353 0.060708869248628616
0.24592314660549164 0.030732152983546257 0.06026759743690491
0.245633065700531 0.03104737028479576 0.05982105806469917
0.24530236423015594 0.031534064561128616 0.05936907231807709
0.24493786692619324 0.032224129885435104 0.05891234800219536
0.24455150961875916 0.033152900636196136 0.05845339968800545
0.2441575676202774 0.0343560129404068 0.0579969696700573
0.24377302825450897 0.03586675599217415 0.057550132274627686
0.24341781437397003 0.03771236538887024 0.05712246894836426
0.24311430752277374 0.039909351617097855 0.05672585219144821
0.24288363754749298 0.04246021434664726 0.05637219175696373
0.24266725778579712 0.04540150985121727 0.056023161858320236
0.2423173487186432 0.04882064089179039 0.055582959204912186
0.2416832149028778 0.05280778557062149 0.05495351552963257
0.24061967432498932 0.05745447427034378 0.05403953418135643
0.23898741602897644 0.06285654753446579 0.052748892456293106
0.23665101826190948 0.06911832839250565 0.05099136009812355
0.2334745228290558 0.07635828852653503 0.048675645142793655
0.22932472825050354 0.08470042794942856 0.04570462927222252
0.22411680221557617 0.09419311583042145 0.04196887090802193
0.21777574717998505 0.10486691445112228 0.03734852746129036
0.21020889282226562 0.11677605658769608 0.03171135485172272
0.2013014405965805 0.13000209629535675 0.024907872080802917
0.19091007113456726 0.1446593701839447 0.016764994710683823
0.17885558307170868 0.16090178489685059 0.007078018970787525
0.16491256654262543 0.17893236875534058 -0.004399542231112719
0.14882349967956543 0.19902591407299042 -0.01791917346417904
0.13035866618156433 0.22150182723999023 -0.0336577482521534
0.10932476818561554 0.24664068222045898 -0.05175577104091644
0.08558863401412964 0.2746507525444031 -0.07230182737112045
0.05911210924386978 0.30563098192214966 -0.09530065953731537
0.029992515221238136 0.3395264744758606 -0.12063708156347275
-0.0014959558611735702 0.3760819435119629 -0.14803965389728546
-0.034935638308525085 0.4148882329463959 -0.1771249771118164
-0.0706477090716362 0.4565064311027527 -0.2083572894334793
-0.10952723771333694 0.5022416114807129 -0.24284833669662476
-0.15235258638858795 0.5532490015029907 -0.28159287571907043
-0.19972485303878784 0.610447108745575 -0.3253946006298065
-0.2520371675491333 0.6744710206985474 -0.3748243749141693
-0.3094630241394043 0.7456502318382263 -0.43019992113113403
-0.3719598948955536 0.8240094184875488 -0.491583913564682
0.8498319983482361 0.9329016208648682 -0.09325438737869263
0.8001480102539062 0.8694956302642822 -0.07847720384597778
0.7592090368270874 0.817234218120575 -0.06626267731189728
0.7247794270515442 0.7732403874397278 -0.0559316910803318
0.6952674984931946 0.7354596257209778 -0.04699600115418434
0.6694967150688171 0.7023674249649048 -0.03908977657556534
0.6465665102005005 0.6727895736694336 -0.031927842646837234
0.6257643103599548 0.6457906365394592 -0.0252794548869133
0.6065090894699097 0.6206008791923523 -0.018951918929815292
0.5883511900901794 0.5966179966926575 -0.012802449986338615
0.5709695816040039 0.5734045505523682 -0.0067429919727146626
0.5541170239448547 0.5506188869476318 -0.0007108208374120295
0.5376101136207581 0.5280033946037292 0.005334082990884781
0.5213267803192139 0.5053854584693909 0.011408399790525436
0.5052064657211304 0.4826797544956207 0.01750442013144493
0.4892508089542389 0.459892600774765 0.02358946017920971
0.47353535890579224 0.4371437728404999 0.02959897555410862
0.4582700729370117 0.41476255655288696 0.035396963357925415
0.4436528980731964 0.3930701017379761 0.04084447771310806
0.42979878187179565 0.37226831912994385 0.04583803564310074
0.4167487323284149 0.35244956612586975 0.050305791199207306
0.40448200702667236 0.33361220359802246 0.05420123413205147
0.3929283618927002 0.31567680835723877 0.057495832443237305
0.38197797536849976 0.2984994351863861 0.060171619057655334
0.371516615152359 0.28190550208091736 0.0622471421957016
0.3614947199821472 0.26576700806617737 0.0638180822134018
0.3518935739994049 0.24999289214611053 0.06498075276613235
0.3427142798900604 0.23451927304267883 0.065822534263134
0.3339768350124359 0.21930678188800812 0.0664253681898117
0.32571911811828613 0.20433922111988068 0.0668686032295227
0.31799668073654175 0.18962261080741882 0.06723104417324066
0.3108779191970825 0.17518256604671478 0.06759034097194672
0.3043559193611145 0.16101081669330597 0.06797683984041214
0.29836007952690125 0.14708879590034485 0.06837564706802368
0.2928367257118225 0.13344871997833252 0.06876805424690247
0.2877485156059265 0.12017533928155899 0.06913309544324875
0.28307145833969116 0.10740341991186142 0.0694480612874031
0.27879205346107483 0.09531152993440628 0.06968942284584045
0.274903804063797 0.08411005884408951 0.06983432918787003
0.2714075744152069 0.0740099847316742 0.06986621767282486
0.2683142423629761 0.0651240348815918 0.06979125738143921
0.26561465859413147 0.0574643649160862 0.0696239247918129
0.26327744126319885 0.05097530409693718 0.0693790540099144
0.2612566351890564 0.045555561780929565 0.06907034665346146
0.2594977617263794 0.04107743501663208 0.06870942562818527
0.2579421103000641 0.03740165755152702 0.06830532103776932
0.25652971863746643 0.03438756242394447 0.06786422431468964
0.2552156448364258 0.03190968930721283 0.06738924980163574
0.25398287177085876 0.029873115941882133 0.06688180565834045
0.2528209686279297 0.02819945476949215 0.06634341925382614
0.2517225742340088 0.026821155101060867 0.06577595323324203
0.2506832778453827 0.025678308680653572 0.06518179178237915
0.24970091879367828 0.0247163325548172 0.06456396728754044
0.248775452375412 0.02388427034020424 0.06392628699541092
0.24790768325328827 0.023136718198657036 0.06327331811189651
0.24709056317806244 0.02246219664812088 0.06260903179645538
0.2463109940290451 0.021868491545319557 0.061936020851135254
0.24555480480194092 0.021363114938139915 0.0612557977437973
0.24480682611465454 0.020953431725502014 0.060568854212760925
0.24405072629451752 0.020647095516324043 0.05987456440925598
0.24326856434345245 0.020452579483389854 0.05917118862271309
0.2424406260251999 0.02037978358566761 0.05845574289560318
0.24155102670192719 0.020445404574275017 0.057724904268980026
0.24060481786727905 0.02068403735756874 0.05697878822684288
0.23961421847343445 0.02113686129450798 0.056220706552267075
0.23859596252441406 0.02184782363474369 0.055457212030887604
0.23757211863994598 0.022861702367663383 0.05469843000173569
0.23657046258449554 0.024221062660217285 0.05395837500691414
0.23562459647655487 0.025961995124816895 0.05325489118695259
0.23477013409137726 0.02811037003993988 0.052607499063014984
0.2339600771665573 0.030718358233571053 0.05198858678340912
0.23305058479309082 0.03387625515460968 0.05131459981203079
0.2318912297487259 0.03767382353544235 0.05049770697951317
0.23033367097377777 0.04219941794872284 0.04945078492164612
0.22823265194892883 0.047542717307806015 0.04808812588453293
0.2254454791545868 0.05379851907491684 0.04632514715194702
0.22182908654212952 0.061071742326021194 0.04407665133476257
0.21724475920200348 0.0694691613316536 0.04125307500362396
0.21160531044006348 0.07902640849351883 0.037752665579319
0.20483466982841492 0.08976384252309799 0.033464215695858
0.19683970510959625 0.10172577947378159 0.028266124427318573
0.1875050663948059 0.11498473584651947 0.02202185057103634
0.17668648064136505 0.12964725494384766 0.014573833905160427
0.16420239210128784 0.14586114883422852 0.005735872779041529
0.14982308447360992 0.1638253927230835 -0.004716632887721062
0.13328640162944794 0.18381407856941223 -0.017012229189276695
0.11436283588409424 0.2061481773853302 -0.031308554112911224
0.0928625613451004 0.23110903799533844 -0.047728974372148514
0.06865846365690231 0.2589055299758911 -0.06634913384914398
0.041720811277627945 0.28963813185691833 -0.08716867864131927
0.012156746350228786 0.3232559859752655 -0.11007960885763168
-0.01974971778690815 0.3595123589038849 -0.13483479619026184
-0.05357012152671814 0.39800888299942017 -0.1610894501209259
-0.08958059549331665 0.4392735958099365 -0.18927113711833954
-0.12863028049468994 0.4845711886882782 -0.22041384875774384
-0.17149926722049713 0.5350703001022339 -0.25548055768013
-0.21885111927986145 0.5917746424674988 -0.29530638456344604
-0.27121105790138245 0.6554889678955078 -0.34056952595710754
-0.32895755767822266 0.7268050312995911 -0.39177757501602173
-0.39232221245765686 0.8060986399650574 -0.4492644667625427
0.8603643774986267 0.9278773069381714 -0.06648025661706924
0.8108636736869812 0.8645880222320557 -0.05329519510269165
0.7699101567268372 0.8121956586837769 -0.04231638461351395
0.7353788018226624 0.7679600715637207 -0.03297094628214836
0.7057356238365173 0.7298967242240906 -0.02484111301600933
0.6798318028450012 0.696512758731842 -0.01760985143482685
0.6567767858505249 0.6666444540023804 -0.0110273202881217
0.6358577609062195 0.6393530964851379 -0.004889538511633873
0.6164870262145996 0.6138585805892944 0.0009747802978381515
0.598213791847229 0.5895577073097229 0.006689748726785183
0.5807262063026428 0.566028356552124 0.012326596304774284
0.5637834668159485 0.5429419875144958 0.017933538183569908
0.5472062230110168 0.5200523138046265 0.023538246750831604
0.5308740139007568 0.4971962869167328 0.029147369787096977
0.5147253274917603 0.47429564595222473 0.03474599868059158
0.4987575113773346 0.45136043429374695 0.04029778391122818
0.4830414056777954 0.4285126030445099 0.04573913663625717
0.46779829263687134 0.40610140562057495 0.05094190314412117
0.45323774218559265 0.3844642639160156 0.05577867850661278
0.4394764304161072 0.3638034760951996 0.060158032923936844
0.4265501797199249 0.34420064091682434 0.06401923298835754
0.4144287109375 0.3256364166736603 0.06732485443353653
0.4030296504497528 0.30800920724868774 0.07005264610052109
0.3922293484210968 0.29115030169487 0.07218771427869797
0.3818936049938202 0.2748515009880066 0.07374832034111023
0.3719465136528015 0.2589421272277832 0.0748273953795433
0.3623511791229248 0.24330087006092072 0.07551732659339905
0.35309988260269165 0.22784724831581116 0.0759015902876854
0.3442125618457794 0.21253900229930878 0.07605909556150436
0.33573561906814575 0.1973709762096405 0.07606751471757889
0.327741801738739 0.18237552046775818 0.07600579410791397
0.3203241527080536 0.16762039065361023 0.07595303654670715
0.3134961426258087 0.1531442105770111 0.07593737542629242
0.30719631910324097 0.1389656513929367 0.075938381254673
0.301374226808548 0.12514527142047882 0.07593283802270889
0.2959913909435272 0.11178608983755112 0.07589682936668396
0.2910187244415283 0.09902942925691605 0.07580634206533432
0.28643450140953064 0.08704721182584763 0.07563848793506622
0.2822221517562866 0.07602977752685547 0.0753728374838829
0.2783738970756531 0.06615744531154633 0.07499738037586212
0.2749042809009552 0.057513196021318436 0.07452543824911118
0.27181094884872437 0.05008482187986374 0.07397691160440445
0.26906830072402954 0.04379775747656822 0.07336917519569397
0.26663458347320557 0.038537148386240005 0.0727161094546318
0.2644578218460083 0.034166064113378525 0.07202761620283127
0.2624804973602295 0.03053898550570011 0.07130953669548035
0.26064199209213257 0.02751070447266102 0.07056376338005066
0.25889503955841064 0.024956170469522476 0.069789357483387
0.2572203278541565 0.022788073867559433 0.0689857080578804
0.25560566782951355 0.020935920998454094 0.06815315037965775
0.2540431618690491 0.019339794293045998 0.06729311496019363
0.25252875685691833 0.017947381362318993 0.06640816479921341
0.2510615885257721 0.016711827367544174 0.06550221145153046
0.24964375793933868 0.015590195544064045 0.06458055973052979
0.24827919900417328 0.014545067213475704 0.06364983320236206
0.24696289002895355 0.013568248599767685 0.06271448731422424
0.24568244814872742 0.012667449191212654 0.061776332557201385
0.24442356824874878 0.011849452741444111 0.06083565950393677
0.2431701421737671 0.011120269075036049 0.05989133194088936
0.2419039011001587 0.010485525242984295 0.058940693736076355
0.24060454964637756 0.0099509097635746 0.05797956511378288
0.23924867808818817 0.009522665292024612 0.057002004235982895
0.23781664669513702 0.009213928133249283 0.05600196495652199
0.23631104826927185 0.009058910422027111 0.05497899278998375
0.23474310338497162 0.009099996648728848 0.05393679812550545
0.23312997817993164 0.009383785538375378 0.05288292095065117
0.23149552941322327 0.009959777817130089 0.05182920768857002
0.22987134754657745 0.010878057219088078 0.05079219490289688
0.22829705476760864 0.012185811065137386 0.049793265759944916
0.22681652009487152 0.01392402220517397 0.04885657876729965
0.22539177536964417 0.016158509999513626 0.047964029014110565
0.22388558089733124 0.018988000229001045 0.047045573592185974
0.2221520096063614 0.02250920794904232 0.04602596163749695
0.22004413604736328 0.026815541088581085 0.044828955084085464
0.21741607785224915 0.0319991298019886 0.043378375470638275
0.21412307024002075 0.03815362602472305 0.04159826040267944
0.21001972258090973 0.04537813365459442 0.03941211849451065
0.20496605336666107 0.053768668323755264 0.03673970326781273
0.19887042045593262 0.06335087865591049 0.03348533809185028
0.19165165722370148 0.0741356834769249 0.029543524608016014
0.18321241438388824 0.08615739643573761 0.024800356477499008
0.17343370616436005 0.09947841614484787 0.01912946067750454
0.16216780245304108 0.11419529467821121 0.01238652877509594
0.1492297649383545 0.130446195602417 0.004402375780045986
0.13438594341278076 0.14842070639133453 -0.005025900900363922
0.11737310141324997 0.16838504374027252 -0.016102006658911705
0.09796851128339767 0.19065432250499725 -0.028960810974240303
0.07599253952503204 0.2155037224292755 -0.04370512440800667
0.05133003741502762 0.24313654005527496 -0.060394927859306335
0.023963486775755882 0.2736504375934601 -0.07902335375547409
-0.005989784840494394 0.3069976270198822 -0.09949026256799698
-0.03824084624648094 0.3429439067840576 -0.12157648801803589
-0.07236126065254211 0.381111204624176 -0.1449822187423706
-0.10859066992998123 0.4219931662082672 -0.17009665071964264
-0.14773952960968018 0.46680518984794617 -0.19786494970321655
-0.1906013935804367 0.5167261958122253 -0.22920379042625427
-0.23791928589344025 0.5728495121002197 -0.2649625539779663
-0.29037439823150635 0.6361663937568665 -0.3059084415435791
-0.34858596324920654 0.7075647711753845 -0.35272493958473206
-0.41311484575271606 0.7878352999687195 -0.4060153663158417
0.8710141777992249 0.9228391051292419 -0.03943290933966637
0.8217142820358276 0.8596659302711487 -0.027810335159301758
0.7807523012161255 0.8071000576019287 -0.018016917631030083
0.7461256980895996 0.7625622153282166 -0.009591594338417053
0.7163627743721008 0.7241514921188354 -0.002193417400121689
0.6903432607650757 0.6904157400131226 0.004439018666744232
0.6671852469444275 0.6602059006690979 0.010513055138289928
0.6461707353591919 0.6325818300247192 0.016198279336094856
0.6266993880271912 0.6067531108856201 0.02163657918572426
0.6083167791366577 0.5821167230606079 0.026929257437586784
0.5907220244407654 0.5582680106163025 0.032132066786289215
0.5736832618713379 0.5348938703536987 0.03728050738573074
0.5570265650749207 0.5117608308792114 0.04239204153418541
0.5406338572502136 0.488714337348938 0.04746602103114128
0.5244426131248474 0.46568119525909424 0.05248380824923515
0.508445680141449 0.44267138838768005 0.05740965157747269
0.4927077889442444 0.4198025166988373 0.062186092138290405
0.4774600565433502 0.39743348956108093 0.06670095026493073
0.4629232883453369 0.3759082853794098 0.07084574550390244
0.4492172598838806 0.3554239571094513 0.07454591244459152
0.4363759160041809 0.33604946732521057 0.07775460928678513
0.42436352372169495 0.31774839758872986 0.08044464141130447
0.41309115290641785 0.3003999888896942 0.0826004147529602
0.40242698788642883 0.2838149070739746 0.08421021699905396
0.39222171902656555 0.26775676012039185 0.08529006689786911
0.38237154483795166 0.252018004655838 0.08592335134744644
0.37281811237335205 0.2364504337310791 0.0861923024058342
0.36354026198387146 0.2209589034318924 0.08617117255926132
0.3545527756214142 0.20549903810024261 0.08593127876520157
0.3459051251411438 0.19007769227027893 0.08554456382989883
0.33768177032470703 0.17475526034832 0.0850864052772522
0.32999563217163086 0.15964491665363312 0.08463434129953384
0.3228803873062134 0.1448366641998291 0.08421486616134644
0.31628650426864624 0.13039013743400574 0.08380510658025742
0.31016916036605835 0.11639557033777237 0.08338040113449097
0.30449002981185913 0.1029731035232544 0.08291646838188171
0.29921579360961914 0.0902668759226799 0.08239047229290009
0.2943170368671417 0.07843692600727081 0.0817820355296135
0.2897668480873108 0.06764765828847885 0.08107448369264603
0.28554874658584595 0.05804339051246643 0.0802609771490097
0.2816812992095947 0.04967339709401131 0.0793624073266983
0.2781699001789093 0.04249967634677887 0.07840429246425629
0.27499592304229736 0.03642936795949936 0.07740680873394012
0.272123247385025 0.031335651874542236 0.0763842985033989
0.26950421929359436 0.02707424946129322 0.07534531503915787
0.2670837640762329 0.02349517121911049 0.07429300993680954
0.26480215787887573 0.020450087264180183 0.07322552055120468
0.26261043548583984 0.017815392464399338 0.0721379891037941
0.2604856491088867 0.015511877834796906 0.07102708518505096
0.2584131062030792 0.013477006927132607 0.06989143043756485
0.25638332962989807 0.011658349074423313 0.06873149424791336
0.2543915808200836 0.010010931640863419 0.06754964590072632
0.25243738293647766 0.008495351299643517 0.06635034084320068
0.2505243122577667 0.0070764594711363316 0.06514012068510056
0.24865864217281342 0.005724734626710415 0.06392733007669449
0.24683772027492523 0.004436355084180832 0.0627170205116272
0.2450505495071411 0.0032207428012043238 0.0615103654563427
0.2432834804058075 0.002085826825350523 0.06030667573213577
0.24152033030986786 0.001038221176713705 0.05910347029566765
0.2397421896457672 8.358203194802627e-05 0.05789647251367569
0.23792721331119537 -0.0007729693315923214 0.05667950212955475
0.23604993522167206 -0.0015263990499079227 0.05544431135058403
0.23408804833889008 -0.0021656700409948826 0.05418271943926811
0.2320416420698166 -0.002659604884684086 0.05289381742477417
0.22992005944252014 -0.0029687059577554464 0.051581401377916336
0.22773905098438263 -0.0030487291514873505 0.050253283232450485
0.22552169859409332 -0.002851549070328474 0.04892176017165184
0.22329942882061005 -0.0023268028162419796 0.04760407656431198
0.22111256420612335 -0.0014244674239307642 0.04632256552577019
0.2190071940422058 -9.713289909996092e-05 0.04510308802127838
0.21695104241371155 0.001731475000269711 0.043935369700193405
0.21481558680534363 0.004172472283244133 0.04276369884610176
0.21246251463890076 0.007335352711379528 0.041527159512043
0.2097512185573578 0.011325797997415066 0.04016305133700371
0.20654019713401794 0.016246546059846878 0.038607705384492874
0.20268812775611877 0.022198911756277084 0.036797016859054565
0.19805322587490082 0.029285293072462082 0.034666333347558975
0.1924985647201538 0.037599336355924606 0.03214685246348381
0.18592604994773865 0.04716063290834427 0.029148077592253685
0.17824479937553406 0.05797195807099342 0.025567887350916862
0.16934892535209656 0.070057712495327 0.021297594532370567
0.15911225974559784 0.0834689512848854 0.01621859334409237
0.14738105237483978 0.0982896089553833 0.01019771583378315
0.1339656263589859 0.11464384198188782 0.0030813138000667095
0.11862936615943909 0.13270540535449982 -0.005312297493219376
0.10111202299594879 0.1527244597673416 -0.015160906128585339
0.0812048390507698 0.1750030517578125 -0.026574650779366493
0.05874529853463173 0.19980356097221375 -0.03963406756520271
0.033635903149843216 0.22731825709342957 -0.05438242852687836
0.005874747410416603 0.2576386034488678 -0.0708063542842865
-0.02441110834479332 0.2907198965549469 -0.08881499618291855
-0.056933414191007614 0.32634517550468445 -0.10822003334760666
-0.09127508103847504 0.3641662001609802 -0.12877081334590912
-0.12764972448349 0.40464311838150024 -0.15081721544265747
-0.16683770716190338 0.44893574714660645 -0.17520664632320404
-0.2096564620733261 0.4982287287712097 -0.20279407501220703
-0.2569408118724823 0.5537045001983643 -0.23442043364048004
-0.30954545736312866 0.6165468692779541 -0.27091342210769653
-0.36835911870002747 0.687961995601654 -0.31310078501701355
-0.4343239367008209 0.7692068815231323 -0.3618302643299103
0.8817563652992249 0.9177924990653992 -0.012165017426013947
0.8326699137687683 0.8547319173812866 -0.002069644397124648
0.7916931509971619 0.8019375205039978 0.006590768229216337
0.7569639086723328 0.7570227384567261 0.014161248691380024
0.7270825505256653 0.718190610408783 0.020900171250104904
0.7009603977203369 0.6840401887893677 0.02700684778392315
0.6777216792106628 0.6534423232078552 0.03263915702700615
0.6566389203071594 0.6254568696022034 0.03792499750852585
0.6370914578437805 0.5992811918258667 0.04296943545341492
0.6186164617538452 0.5743104815483093 0.04784751683473587
0.6009255647659302 0.5501590967178345 0.05260145664215088
0.5837969779968262 0.5265299677848816 0.05725645646452904
0.5670629143714905 0.503201425075531 0.06182245910167694
0.5506081581115723 0.4800264835357666 0.06629469245672226
0.5343694686889648 0.4569340646266937 0.0706544816493988
0.5183345079421997 0.4339289367198944 0.07487059384584427
0.5025607347488403 0.41111859679222107 0.07889624685049057
0.48728644847869873 0.3888595402240753 0.08264227956533432
0.4727418124675751 0.36749210953712463 0.08602532744407654
0.4590511918067932 0.3472036123275757 0.08899147808551788
0.44624942541122437 0.3280496597290039 0.09150933474302292
0.4343005120754242 0.30997949838638306 0.093562550842762
0.42311426997184753 0.2928580641746521 0.09514228999614716
0.4125577211380005 0.27648094296455383 0.09624019265174866
0.4024720788002014 0.2605907917022705 0.09686872363090515
0.3927260935306549 0.24494998157024384 0.09709611535072327
0.38323840498924255 0.22938841581344604 0.0969892293214798
0.37397143244743347 0.21379877626895905 0.0966087207198143
0.36493024230003357 0.1981358677148819 0.09601417183876038
0.35616180300712585 0.1824190467596054 0.09526784718036652
0.3477557897567749 0.16673727333545685 0.09443777799606323
0.3398384153842926 0.1512497365474701 0.09359663724899292
0.3324616849422455 0.1361001580953598 0.09276969730854034
0.3255904018878937 0.12139119952917099 0.09193522483110428
0.31918731331825256 0.10724259167909622 0.09107038378715515
0.3132159411907196 0.093788743019104 0.09015361219644547
0.30763962864875793 0.0811721533536911 0.089165598154068
0.30242177844047546 0.0695355087518692 0.08809015154838562
0.29752570390701294 0.059012480080127716 0.08691519498825073
0.29292601346969604 0.04970792680978775 0.08563894033432007
0.28864482045173645 0.04163477197289467 0.0842893198132515
0.28469550609588623 0.03472889959812164 0.08289724588394165
0.2810673117637634 0.028880536556243896 0.08148572593927383
0.27773118019104004 0.02395293489098549 0.08006995171308517
0.27464529871940613 0.01979660801589489 0.07865778356790543
0.2717590630054474 0.016258932650089264 0.07725053280591965
0.2690156400203705 0.013189947232604027 0.07584364712238312
0.2663653492927551 0.010468465276062489 0.07442884892225266
0.26378104090690613 0.008023733273148537 0.07299956679344177
0.26124435663223267 0.005801163148134947 0.07155206799507141
0.2587434947490692 0.003755593206733465 0.07008536905050278
0.2562720775604248 0.0018490513321012259 0.06860115379095078
0.2538291811943054 4.9193047743756324e-05 0.06710384786128998
0.2514186501502991 -0.0016717760590836406 0.06560073792934418
0.2490483820438385 -0.0033358114305883646 0.06410142779350281
0.2467179149389267 -0.004941627383232117 0.06261148303747177
0.24441824853420258 -0.006476639304310083 0.06113172322511673
0.24213692545890808 -0.007930242456495762 0.05966075882315636
0.2398587018251419 -0.00929360929876566 0.05819525569677353
0.23756474256515503 -0.010559327900409698 0.05672970041632652
0.2352328598499298 -0.011720988899469376 0.05525656044483185
0.23283685743808746 -0.012772723101079464 0.05376594141125679
0.23035292327404022 -0.013704334385693073 0.052248209714889526
0.2277788519859314 -0.01448977179825306 0.05070215463638306
0.22512152791023254 -0.015095667913556099 0.049131397157907486
0.22239404916763306 -0.015484041534364223 0.047543369233608246
0.21961654722690582 -0.015612893737852573 0.04594975709915161
0.21681715548038483 -0.015437306836247444 0.04436688497662544
0.21403276920318604 -0.014911183156073093 0.04281596466898918
0.21130616962909698 -0.013988244347274303 0.041321851313114166
0.20860795676708221 -0.012585366144776344 0.03988046944141388
0.20581935346126556 -0.01057707704603672 0.03845078870654106
0.20281241834163666 -0.007837649434804916 0.03698740527033806
0.19945618510246277 -0.004244278185069561 0.03544304892420769
0.19561834633350372 0.0003226773114874959 0.03376919776201248
0.1911659985780716 0.005979862064123154 0.03191652148962021
0.18596607446670532 0.012841865420341492 0.02983509749174118
0.1798889935016632 0.021009260788559914 0.027469875290989876
0.17282773554325104 0.030500827357172966 0.024735281243920326
0.1646767407655716 0.041313737630844116 0.02153117023408413
0.15531697869300842 0.05346355959773064 0.017752327024936676
0.1446111649274826 0.06698942929506302 0.013286068104207516
0.13239701092243195 0.0819602757692337 0.008008640259504318
0.11847934126853943 0.09848154336214066 0.0017805587267503142
0.10261997580528259 0.11670392751693726 -0.005559330340474844
0.0845668688416481 0.13685248792171478 -0.014162653125822544
0.06413303315639496 0.15920868515968323 -0.02411426603794098
0.04118022695183754 0.18401584029197693 -0.03547235205769539
0.01563413068652153 0.21145033836364746 -0.04826396703720093
-0.012488847598433495 0.241595059633255 -0.06247036159038544
-0.04305316507816315 0.27440938353538513 -0.07801160961389542
-0.07577754557132721 0.3096989691257477 -0.09473227709531784
-0.11026795208454132 0.3471553921699524 -0.11243277043104172
-0.14672331511974335 0.38720884919166565 -0.1314239501953125
-0.18590259552001953 0.43096020817756653 -0.1524500995874405
-0.2286551296710968 0.47959575057029724 -0.17629079520702362
-0.2759149968624115 0.5343819856643677 -0.20375406742095947
-0.3287207782268524 0.596693217754364 -0.2356923669576645
-0.38825154304504395 0.6680625081062317 -0.2730332016944885
-0.4558776021003723 0.7502512335777283 -0.31682145595550537
0.8925473690032959 0.9127515554428101 0.015225022099912167
0.8436793684959412 0.8497971892356873 0.023831678554415703
0.8026636838912964 0.7967079877853394 0.031405944377183914
0.7678052186965942 0.7513314485549927 0.038175806403160095
0.7377901673316956 0.7119985818862915 0.04431338608264923
0.7115665674209595 0.677373468875885 0.049950990825891495
0.6882644295692444 0.646352231502533 0.055191632360219955
0.6671416163444519 0.6179949045181274 0.0601160004734993
0.6475491523742676 0.5914816856384277 0.06478707492351532
0.629010021686554 0.5662019848823547 0.06925179809331894
0.6112474203109741 0.541787326335907 0.07354120165109634
0.5940496921539307 0.5179555416107178 0.0776728093624115
0.5772557854652405 0.494495153427124 0.08165182918310165
0.5607531070709229 0.47126394510269165 0.08547230809926987
0.5444770455360413 0.44818904995918274 0.08911839127540588
0.5284097194671631 0.42526647448539734 0.09256619960069656
0.5126007795333862 0.40258750319480896 0.09578227251768112
0.4972902536392212 0.3804941177368164 0.09870515763759613
0.48271459341049194 0.3593132495880127 0.10128073394298553
0.46900278329849243 0.3392185866832733 0.1034775972366333
0.4561937749385834 0.32025396823883057 0.1052805483341217
0.4442560374736786 0.3023587763309479 0.10668405890464783
0.43310415744781494 0.28538966178894043 0.10768585652112961
0.42261072993278503 0.2691347002983093 0.10828131437301636
0.4126136898994446 0.25332385301589966 0.10847873985767365
0.4029577970504761 0.23769816756248474 0.10832735151052475
0.39353933930397034 0.2220710963010788 0.10787522792816162
0.3843033015727997 0.20632696151733398 0.10716643929481506
0.37524184584617615 0.1904212087392807 0.10624583810567856
0.3663947880268097 0.17438603937625885 0.10516312718391418
0.3578506410121918 0.15833745896816254 0.10397587716579437
0.3497411608695984 0.14247781038284302 0.10274911671876907
0.34213343262672424 0.12700292468070984 0.10150762647390366
0.3350081145763397 0.11205846816301346 0.10023444890975952
0.32833701372146606 0.09779118001461029 0.09891192615032196
0.32208654284477234 0.0843454971909523 0.09752396494150162
0.3162177503108978 0.07185710221529007 0.09605667740106583
0.3106876015663147 0.06044680252671242 0.09449902176856995
0.3054497241973877 0.050214704126119614 0.09284327179193497
0.30046966671943665 0.04122529178857803 0.09109152108430862
0.29577115178108215 0.033454470336437225 0.08927709609270096
0.29137474298477173 0.026812978088855743 0.0874352976679802
0.2872777581214905 0.021176321431994438 0.08559180796146393
0.28345948457717896 0.016400357708334923 0.08376313000917435
0.27988582849502563 0.012332677841186523 0.08195740729570389
0.2765127718448639 0.008819936774671078 0.0801755040884018
0.2732888460159302 0.005712046753615141 0.07841181010007858
0.2701655328273773 0.0028911845292896032 0.07665569335222244
0.26711106300354004 0.00029522518161684275 0.07489695399999619
0.2641031742095947 -0.0021225865930318832 0.0731290727853775
0.26112666726112366 -0.004400429781526327 0.07134903222322464
0.2581728994846344 -0.006569673307240009 0.06955724954605103
0.2552393674850464 -0.008656088262796402 0.06775756180286407
0.2523294687271118 -0.010680679231882095 0.06595724821090698
0.24945126473903656 -0.012658383697271347 0.06416641920804977
0.24660639464855194 -0.014582522213459015 0.062391120940446854
0.24378816783428192 -0.016436487436294556 0.060632191598415375
0.240986168384552 -0.018206074833869934 0.05888805910944939
0.2381862998008728 -0.019879251718521118 0.05715489387512207
0.23537075519561768 -0.02144581638276577 0.05542660877108574
0.23251785337924957 -0.022896936163306236 0.05369479954242706
0.22960150241851807 -0.024224674329161644 0.05194865167140961
0.22659753262996674 -0.02541893906891346 0.05017772316932678
0.2235017716884613 -0.026460066437721252 0.048380568623542786
0.22031843662261963 -0.027322743088006973 0.046560388058423996
0.21705730259418488 -0.027977582067251205 0.04472377896308899
0.21373428404331207 -0.028391525149345398 0.04288100823760033
0.21037229895591736 -0.028528578579425812 0.04104640334844589
0.2070019692182541 -0.028350869193673134 0.03923850879073143
0.20365917682647705 -0.027818454429507256 0.03747926279902458
0.2003154158592224 -0.026844637468457222 0.03576955944299698
0.1968623548746109 -0.025289714336395264 0.034082960337400436
0.19318392872810364 -0.023011062294244766 0.0323900431394577
0.1891615241765976 -0.019867047667503357 0.030660057440400124
0.18467482924461365 -0.015717966482043266 0.028861211612820625
0.17960312962532043 -0.010426893830299377 0.02696102298796177
0.1738257110118866 -0.0038600852712988853 0.02492649108171463
0.16722285747528076 0.004098554607480764 0.02271808497607708
0.1596754640340805 0.01347330491989851 0.02025563269853592
0.15105809271335602 0.024260062724351883 0.01744064688682556
0.1412338763475418 0.03646843135356903 0.014170723967254162
0.13005051016807556 0.050126563757658005 0.010338135994970798
0.11733485758304596 0.06528685986995697 0.005827432498335838
0.10288599133491516 0.08203188329935074 0.0005122136790305376
0.08646687865257263 0.10048150271177292 -0.005748955067247152
0.06784030795097351 0.12082602828741074 -0.013082103803753853
0.04684959724545479 0.14331850409507751 -0.021547751501202583
0.023388197645545006 0.16817691922187805 -0.03118310682475567
-0.0025898050516843796 0.1955576390028 -0.04200080782175064
-0.031047595664858818 0.22553350031375885 -0.05397868528962135
-0.06184321641921997 0.2580699324607849 -0.06704940646886826
-0.09470929950475693 0.293001651763916 -0.08109121769666672
-0.12928658723831177 0.33007001876831055 -0.09595504403114319
-0.16577082872390747 0.369682252407074 -0.11191505938768387
-0.20490726828575134 0.4128807485103607 -0.12961231172084808
-0.2475816309452057 0.4608503580093384 -0.14974093437194824
-0.29482945799827576 0.514934241771698 -0.17305368185043335
-0.3478753864765167 0.5766879916191101 -0.20039032399654388
-0.4082002341747284 0.6479684114456177 -0.23272506892681122
-0.4776386320590973 0.7310619950294495 -0.27123430371284485
0.903327465057373 0.9077387452125549 0.042595602571964264
0.8546736240386963 0.8448812365531921 0.04975435137748718
0.8135741949081421 0.7914239764213562 0.05627608671784401
0.7785354256629944 0.7454959154129028 0.06227623298764229
0.7483486533164978 0.7055857181549072 0.06784091144800186
0.7220069766044617 0.6704370975494385 0.07303383201360703
0.6986469030380249 0.6389764547348022 0.07790101319551468
0.6775072813034058 0.6102612018585205 0.08247403800487518
0.6579026579856873 0.5834471583366394 0.08677264302968979
0.639335036277771 0.5579096078872681 0.09081634879112244
0.6215375661849976 0.5332935452461243 0.09462736546993256
0.6043072938919067 0.5093284249305725 0.09821779280900955
0.5874888300895691 0.485809862613678 0.10159020125865936
0.5709711909294128 0.46259716153144836 0.10473915189504623
0.5546878576278687 0.4396124482154846 0.10765287280082703
0.5386149287223816 0.4168393015861511 0.11031527072191238
0.522792398929596 0.39434918761253357 0.11270610988140106
0.5074556469917297 0.37245792150497437 0.11479287594556808
0.49284136295318604 0.35146966576576233 0.11655157059431076
0.47908225655555725 0.3315424919128418 0.11797325313091278
0.46622374653816223 0.31271126866340637 0.11905848979949951
0.4542430639266968 0.29491132497787476 0.11981201171875
0.4430651366710663 0.277998685836792 0.12023796141147614
0.43257489800453186 0.2617628276348114 0.12033577263355255
0.4226139187812805 0.24593092501163483 0.12010962516069412
0.41300860047340393 0.23023219406604767 0.11958831548690796
0.40363606810569763 0.21447062492370605 0.11879982054233551
0.3944251537322998 0.19852635264396667 0.11777057498693466
0.385354608297348 0.18235787749290466 0.11652982234954834
0.37645408511161804 0.16600950062274933 0.11511339247226715
0.3678055703639984 0.14962047338485718 0.11356718093156815
0.35953882336616516 0.13342830538749695 0.11194739490747452
0.3517319858074188 0.11767493188381195 0.11027973145246506
0.34438177943229675 0.10254552960395813 0.10855525732040405
0.3374696969985962 0.08820918947458267 0.10676438361406326
0.33096539974212646 0.07481490075588226 0.10489832609891891
0.3248281478881836 0.062486711889505386 0.10294942557811737
0.31900858879089355 0.051320746541023254 0.10091139376163483
0.31345096230506897 0.041383445262908936 0.0987793430685997
0.3081105351448059 0.03270121291279793 0.09655667841434479
0.30300992727279663 0.025214536115527153 0.09427932649850845
0.29817435145378113 0.018811319023370743 0.09198518842458725
0.29360848665237427 0.013355294242501259 0.08970201760530472
0.2893005311489105 0.008697784505784512 0.08744809031486511
0.28522589802742004 0.004685914609581232 0.0852331817150116
0.28134965896606445 0.0011676120338961482 0.08305951952934265
0.2776291072368622 -0.002005703980103135 0.08092285692691803
0.27401912212371826 -0.0049475510604679585 0.07881184667348862
0.27048391103744507 -0.007711459882557392 0.0767127051949501
0.26699694991111755 -0.010336593724787235 0.07461582869291306
0.26353946328163147 -0.012854485772550106 0.07251574099063873
0.26009997725486755 -0.015290339477360249 0.07041105628013611
0.25667351484298706 -0.017663894221186638 0.06830427795648575
0.2532617747783661 -0.01999000832438469 0.06620185077190399
0.24987199902534485 -0.0222773514688015 0.0641135573387146
0.24650757014751434 -0.02451411820948124 0.062045868486166
0.2431645542383194 -0.026679616421461105 0.06000019237399101
0.23983480036258698 -0.028755975887179375 0.05797531083226204
0.2365059107542038 -0.030727900564670563 0.05596746876835823
0.23316147923469543 -0.03258231654763222 0.05397044122219086
0.22978070378303528 -0.03430790454149246 0.0519755594432354
0.2263382375240326 -0.03589459881186485 0.04997160658240318
0.22280998528003693 -0.037332355976104736 0.04794778674840927
0.21919025480747223 -0.038607966154813766 0.04590243101119995
0.21548090875148773 -0.039704371243715286 0.04383819177746773
0.21168845891952515 -0.04060106351971626 0.04176054522395134
0.20782436430454254 -0.04127439856529236 0.03967795893549919
0.2039058357477188 -0.04169807955622673 0.03760223463177681
0.1999562680721283 -0.04184377193450928 0.035548578947782516
0.19600340723991394 -0.0416799858212471 0.03353516384959221
0.19201883673667908 -0.0411188080906868 0.031567107886075974
0.18790534138679504 -0.04000844433903694 0.02963225170969963
0.18355953693389893 -0.03819151222705841 0.027716906741261482
0.17887602746486664 -0.03550928831100464 0.025806862860918045
0.17374800145626068 -0.0318027101457119 0.02388743683695793
0.16806817054748535 -0.026913614943623543 0.021943626925349236
0.16172923147678375 -0.02068576030433178 0.019960153847932816
0.15462109446525574 -0.012981477193534374 0.017913833260536194
0.14660850167274475 -0.0037641748785972595 0.015730902552604675
0.13754089176654816 0.006967049557715654 0.01331557147204876
0.12725885212421417 0.019220996648073196 0.010568932630121708
0.11559158563613892 0.03301803395152092 0.00738847441971302
0.10235308855772018 0.048394475132226944 0.0036668686661869287
0.08733752369880676 0.0654069185256958 -0.0007097459747456014
0.07031331211328506 0.08413732796907425 -0.005863947793841362
0.051066409796476364 0.10473110526800156 -0.011897602118551731
0.02947968989610672 0.12740464508533478 -0.018849316984415054
0.005485899280756712 0.15234452486038208 -0.026738161221146584
-0.020927589386701584 0.17968344688415527 -0.03556526079773903
-0.04970230162143707 0.20948368310928345 -0.045307524502277374
-0.08069276064634323 0.24171976745128632 -0.05591156333684921
-0.11365294456481934 0.27626195549964905 -0.06728845089673996
-0.1482698917388916 0.3129119575023651 -0.07933677732944489
-0.1847468763589859 0.35206350684165955 -0.09229843318462372
-0.22382132709026337 0.3947058320045471 -0.10671711713075638
-0.26641595363616943 0.4420212209224701 -0.12319748103618622
-0.3136637806892395 0.4954212009906769 -0.1424194723367691
-0.36696985363960266 0.5566286444664001 -0.1651758998632431
-0.4281151592731476 0.6278100609779358 -0.19243325293064117
-0.4994184076786041 0.7117791771888733 -0.2254229187965393
0.9140451550483704 0.902779757976532 0.06981116533279419
0.8656013607978821 0.8399968147277832 0.07558882236480713
0.8243729472160339 0.7861082553863525 0.08108413219451904
0.7890967130661011 0.7395607829093933 0.08631515502929688
0.7586876153945923 0.6990232467651367 0.09129053354263306
0.7321930527687073 0.6633304357528687 0.09601081162691116
0.7087588906288147 0.6314412355422974 0.10046935081481934
0.6876030564308167 0.6024059653282166 0.1046530082821846
0.6679999232292175 0.5753467679023743 0.108543261885643
0.649425745010376 0.5496156811714172 0.11213617771863937
0.6316210627555847 0.5248665809631348 0.11544700711965561
0.6143901944160461 0.500836968421936 0.11848388612270355
0.597581684589386 0.4773263931274414 0.12124767899513245
0.5810858607292175 0.45419254899024963 0.12373363971710205
0.5648330450057983 0.4313502013683319 0.12593349814414978
0.5487925410270691 0.4087686836719513 0.12783725559711456
0.532993733882904 0.3864976167678833 0.12943518161773682
0.5176593661308289 0.364818274974823 0.13072066009044647
0.5030195713043213 0.34400567412376404 0.13169696927070618
0.48920807242393494 0.32420167326927185 0.13237512111663818
0.47627732157707214 0.3054349720478058 0.13276958465576172
0.46421587467193604 0.28764280676841736 0.13289421796798706
0.45296338200569153 0.27068784832954407 0.13275910913944244
0.44242149591445923 0.2543692886829376 0.13236784934997559
0.4324416518211365 0.23842138051986694 0.13172109425067902
0.4228382706642151 0.22257037460803986 0.13082776963710785
0.41347408294677734 0.2066175937652588 0.12969647347927094
0.4042646288871765 0.19044366478919983 0.1283368021249771
0.3951764702796936 0.17401237785816193 0.12676303088665009
0.3862280249595642 0.15737923979759216 0.1249978318810463
0.37749141454696655 0.14070139825344086 0.1230759471654892
0.36908894777297974 0.12424124032258987 0.12104544788599014
0.3611059784889221 0.1082770973443985 0.11893497407436371
0.3535554111003876 0.09302744269371033 0.11674685776233673
0.3464284837245941 0.07867700606584549 0.11448172479867935
0.3396983742713928 0.06537340581417084 0.11213921755552292
0.3333229720592499 0.05322521924972534 0.10971789807081223
0.3272470235824585 0.042302828282117844 0.10721496492624283
0.32140541076660156 0.0326412096619606 0.10462625324726105
0.31574246287345886 0.02423308975994587 0.10195337235927582
0.31027504801750183 0.016987431794404984 0.09923097491264343
0.3050291836261749 0.010773020796477795 0.09649673849344254
0.30001479387283325 0.0054453155025839806 0.09377923607826233
0.29522833228111267 0.000854076468385756 0.09109846502542496
0.2906552851200104 -0.0031515827868133783 0.08846674859523773
0.28627198934555054 -0.006720414850860834 0.08588962256908417
0.2820473611354828 -0.0099976547062397 0.08336664736270905
0.27794262766838074 -0.013091507367789745 0.08088787645101547
0.27391913533210754 -0.016047250479459763 0.07843663543462753
0.26994675397872925 -0.018896883353590965 0.0760003849864006
0.26600348949432373 -0.021665755659341812 0.07357124984264374
0.2620745301246643 -0.02437339350581169 0.07114569842815399
0.2581522464752197 -0.027034105733036995 0.06872449815273285
0.25423580408096313 -0.02965737134218216 0.06631260365247726
0.25033074617385864 -0.03224647045135498 0.06391870230436325
0.24644194543361664 -0.03478509932756424 0.061549749225378036
0.24256852269172668 -0.03724892809987068 0.059208326041698456
0.23870478570461273 -0.03961688280105591 0.05689404904842377
0.23484040796756744 -0.041870880872011185 0.054603733122348785
0.23096048831939697 -0.04399551451206207 0.05233149975538254
0.22704537212848663 -0.04597754031419754 0.05006879195570946
0.22307053208351135 -0.04780532047152519 0.04780437424778938
0.21901223063468933 -0.049469225108623505 0.04552740231156349
0.2148638218641281 -0.050961934030056 0.043235983699560165
0.2106253206729889 -0.05227387323975563 0.040932100266218185
0.20630031824111938 -0.053392622619867325 0.03861995041370392
0.20189625024795532 -0.05430320277810097 0.03630611300468445
0.19742488861083984 -0.054988350719213486 0.033999670296907425
0.19290269911289215 -0.05542891472578049 0.031712353229522705
0.18834930658340454 -0.0556020587682724 0.029458321630954742
0.18373650312423706 -0.05542026087641716 0.027246614918112755
0.17897838354110718 -0.05472269281744957 0.025078753009438515
0.17398419976234436 -0.053340863436460495 0.02295604534447193
0.16866157948970795 -0.051102738827466965 0.020880036056041718
0.1629166603088379 -0.04783331975340843 0.01885240525007248
0.15665477514266968 -0.04335550591349602 0.01687506213784218
0.14978072047233582 -0.03749098256230354 0.014950062148272991
0.1421913355588913 -0.030077887699007988 0.013070504181087017
0.1337316632270813 -0.021060947328805923 0.011170740239322186
0.12422246485948563 -0.010426588356494904 0.009160050190985203
0.11347877979278564 0.0018404952716082335 0.00694520678371191
0.1013093888759613 0.01575872302055359 0.00443057669326663
0.08751529455184937 0.03135163336992264 0.0015178780304268003
0.07188809663057327 0.048649683594703674 -0.0018942150054499507
0.05420804023742676 0.06769249588251114 -0.005910508334636688
0.03429366275668144 0.088572196662426 -0.010611409321427345
0.012075482867658138 0.11146003007888794 -0.016017822548747063
-0.01246871892362833 0.13650496304035187 -0.022135114297270775
-0.03931563347578049 0.16381241381168365 -0.02895694598555565
-0.06838608533143997 0.19343335926532745 -0.03646216168999672
-0.09953591227531433 0.2253536880016327 -0.04461200535297394
-0.13254867494106293 0.25948405265808105 -0.053347788751125336
-0.1671687662601471 0.2956932485103607 -0.06260985881090164
-0.20361663401126862 0.3343711793422699 -0.07261055707931519
-0.24262596666812897 0.37646007537841797 -0.08380239456892014
-0.2851554751396179 0.4231392741203308 -0.09669768810272217
-0.3324289619922638 0.4758804440498352 -0.11188831180334091
-0.3860216736793518 0.5365573167800903 -0.13008810579776764
-0.4480072557926178 0.6076272130012512 -0.15220189094543457
-0.521196722984314 0.6924212574958801 -0.17943327128887177
0.924670398235321 0.8978949189186096 0.0967814028263092
0.8764364719390869 0.8351463079452515 0.10127546638250351
0.8350473642349243 0.7807834148406982 0.10576822608709335
0.7994861602783203 0.7335834503173828 0.11020518094301224
0.7688044309616089 0.6924061179161072 0.11453444510698318
0.7421122789382935 0.6561815738677979 0.11870630085468292
0.7185688018798828 0.6238989233970642 0.12267239391803741
0.6973728537559509 0.5945957899093628 0.12638519704341888
0.6777591109275818 0.5673524141311646 0.12979795038700104
0.6591773629188538 0.5414904356002808 0.13288958370685577
0.6413735747337341 0.5166687369346619 0.13566932082176208
0.6241581439971924 0.49263015389442444 0.1381416618824005
0.6073826551437378 0.4691750407218933 0.1403053253889084
0.5909372568130493 0.44615790247917175 0.14215542376041412
0.5747488141059875 0.42348453402519226 0.14368507266044617
0.5587793588638306 0.4011097848415375 0.14488744735717773
0.5430466532707214 0.37906086444854736 0.14575915038585663
0.5277536511421204 0.35758018493652344 0.14631345868110657
0.5131171345710754 0.33691027760505676 0.14657509326934814
0.49926772713661194 0.31717661023139954 0.1465708613395691
0.48626402020454407 0.2984048128128052 0.14632607996463776
0.4741065502166748 0.2805382311344147 0.14586201310157776
0.46275123953819275 0.2634521424770355 0.14519383013248444
0.4521191120147705 0.24696238338947296 0.1443289816379547
0.44207555055618286 0.23081856966018677 0.1432652324438095
0.43242955207824707 0.2147519290447235 0.14199386537075043
0.4230342209339142 0.19856704771518707 0.14050613343715668
0.4137956202030182 0.18214944005012512 0.13879668712615967
0.40467002987861633 0.16547022759914398 0.13686677813529968
0.3956652283668518 0.14859479665756226 0.13472777605056763
0.3868420422077179 0.13169272243976593 0.13240519165992737
0.3783116936683655 0.1150401383638382 0.12994073331356049
0.3701646029949188 0.09894070774316788 0.12736867368221283
0.3624294698238373 0.08363794535398483 0.12470521032810211
0.3551073670387268 0.06932476907968521 0.12196285277605057
0.3481757342815399 0.05614205449819565 0.11915019154548645
0.3415912091732025 0.04418020695447922 0.11627132445573807
0.33529356122016907 0.03348444402217865 0.11332559585571289
0.3292091488838196 0.02406170219182968 0.11030744761228561
0.32327064871788025 0.01587636023759842 0.10721395164728165
0.31748470664024353 0.00881106872111559 0.10407418757677078
0.31187334656715393 0.0027199159376323223 0.10092233866453171
0.30644822120666504 -0.002546376781538129 0.09778572618961334
0.3012118339538574 -0.007136773783713579 0.09468529373407364
0.2961593270301819 -0.011197837069630623 0.09163633733987808
0.2912790775299072 -0.014872882515192032 0.08864899724721909
0.2865537405014038 -0.018301650881767273 0.08572881668806076
0.28195372223854065 -0.021585825830698013 0.08286953717470169
0.2774393856525421 -0.024762947112321854 0.08005283772945404
0.2729783356189728 -0.027858419343829155 0.07726408541202545
0.2685459554195404 -0.030891915783286095 0.07449336349964142
0.26412472128868103 -0.03387787193059921 0.07173523306846619
0.25970420241355896 -0.036825839430093765 0.06898859888315201
0.2552807927131653 -0.039740752428770065 0.06625661998987198
0.2508576214313507 -0.042621538043022156 0.06354639679193497
0.24644091725349426 -0.04544822499155998 0.06086549535393715
0.24203310906887054 -0.04819347709417343 0.058218151330947876
0.23763111233711243 -0.05083367973566055 0.05560527369379997
0.23322680592536926 -0.05334867909550667 0.053024645894765854
0.22880688309669495 -0.055721450597047806 0.050471048802137375
0.2243528962135315 -0.05793755501508713 0.04793637618422508
0.2198411375284195 -0.05998457223176956 0.045409638434648514
0.21524837613105774 -0.06185372173786163 0.042880117893218994
0.21056753396987915 -0.06354285776615143 0.04034566506743431
0.20579740405082703 -0.0650489330291748 0.037807486951351166
0.20093923807144165 -0.06636665761470795 0.03526843711733818
0.19599699974060059 -0.06748858839273453 0.032733090221881866
0.1909775733947754 -0.06840550154447556 0.03020782768726349
0.18589116632938385 -0.06910652667284012 0.027700919657945633
0.1807498186826706 -0.0695769339799881 0.02522255852818489
0.17552603781223297 -0.0697307288646698 0.022785481065511703
0.17014499008655548 -0.06940122693777084 0.02040422149002552
0.1645277738571167 -0.06841272860765457 0.018094031140208244
0.1585938185453415 -0.06658436357975006 0.01587091013789177
0.15226055681705475 -0.06372977793216705 0.013751545920968056
0.1454436033964157 -0.05965713411569595 0.011753419414162636
0.13805676996707916 -0.054169077426195145 0.009894758462905884
0.13000021874904633 -0.04708004370331764 0.008184469304978848
0.12109684944152832 -0.03831098973751068 0.006567171774804592
0.11113748699426651 -0.027827845886349678 0.004960634279996157
0.09991087764501572 -0.01560047548264265 0.0032806626986712217
0.08720547705888748 -0.001604655059054494 0.0014413570752367377
0.07281099259853363 0.014176399447023869 -0.0006446252227760851
0.0565207414329052 0.031750138849020004 -0.0030655900482088327
0.0381346195936203 0.05111313238739967 -0.00590999610722065
0.01751333847641945 0.07229872047901154 -0.009240821935236454
-0.005359199829399586 0.09542496502399445 -0.0130672138184309
-0.030457429587841034 0.12059686332941055 -0.017386719584465027
-0.05772252008318901 0.14788876473903656 -0.022190488874912262
-0.08705838769674301 0.17733915150165558 -0.027462363243103027
-0.11832888424396515 0.20894570648670197 -0.03317815810441971
-0.15135590732097626 0.2426612377166748 -0.03930515795946121
-0.18595094978809357 0.2784241735935211 -0.04581701010465622
-0.22235992550849915 0.3166271448135376 -0.05289582535624504
-0.2613161504268646 0.3581712543964386 -0.06090598925948143
-0.30381259322166443 0.4042322337627411 -0.07026301324367523
-0.3511570394039154 0.456333190202713 -0.08145494014024734
-0.4050843119621277 0.516481876373291 -0.09508506208658218
-0.46795082092285156 0.5874034762382507 -0.11194168776273727
-0.5430626273155212 0.6729280352592468 -0.1331113874912262
0.9351896047592163 0.8930970430374146 0.12345677614212036
0.8871643543243408 0.8303274512290955 0.1267804205417633
0.8455967307090759 0.7754673361778259 0.13029123842716217
0.8097176551818848 0.7276157140731812 0.13389158248901367
0.778721034526825 0.6858201622962952 0.13749168813228607
0.7517852187156677 0.6491024494171143 0.14100965857505798
0.7280873656272888 0.6164774298667908 0.14437107741832733
0.7068115472793579 0.5869635939598083 0.14750789105892181
0.6871570348739624 0.5595930218696594 0.15035776793956757
0.6685500144958496 0.5336533188819885 0.15288932621479034
0.6507405042648315 0.5088055729866028 0.15510550141334534
0.6335431933403015 0.4847956895828247 0.15700599551200867
0.6168119311332703 0.4614238142967224 0.15858620405197144
0.6004363894462585 0.438539981842041 0.1598389595746994
0.5843392610549927 0.41604071855545044 0.16075614094734192
0.5684752464294434 0.3938666880130768 0.16133050620555878
0.552849292755127 0.3720236122608185 0.16156034171581268
0.5376392602920532 0.35071319341659546 0.1614716351032257
0.5230419635772705 0.33014407753944397 0.16110357642173767
0.5091811418533325 0.3104260563850403 0.16049346327781677
0.4961186945438385 0.2915836274623871 0.15967398881912231
0.4838661551475525 0.2735694646835327 0.15867161750793457
0.4723956286907196 0.2562757730484009 0.15750530362129211
0.46164819598197937 0.2395406812429428 0.15618568658828735
0.4515063166618347 0.22313649952411652 0.15470845997333527
0.4417787790298462 0.20680594444274902 0.15305006504058838
0.43231478333473206 0.19036254286766052 0.15118758380413055
0.42301440238952637 0.1737004667520523 0.149103581905365
0.4138263165950775 0.15679945051670074 0.14678888022899628
0.4047490954399109 0.1397332102060318 0.14424636960029602
0.39583203196525574 0.12267741560935974 0.1414950042963028
0.38717353343963623 0.10591121017932892 0.13857264816761017
0.37886762619018555 0.08975186944007874 0.13552165031433105
0.3709581196308136 0.0744587704539299 0.13237394392490387
0.36345595121383667 0.060226038098335266 0.12915469706058502
0.35634270310401917 0.04718344286084175 0.12588119506835938
0.3495749831199646 0.03540220111608505 0.1225622296333313
0.3430883288383484 0.024904202669858932 0.1191977933049202
0.3368017375469208 0.015672435984015465 0.11577929556369781
0.3306363523006439 0.007648340426385403 0.11229696869850159
0.3245847821235657 0.0006937447469681501 0.10877063870429993
0.3186602294445038 -0.005347664467990398 0.10522753745317459
0.31287193298339844 -0.010626736097037792 0.10169142484664917
0.3072257936000824 -0.015288722701370716 0.09818300604820251
0.3017245829105377 -0.019473697990179062 0.09472022950649261
0.29636844992637634 -0.023317323997616768 0.09131854772567749
0.2911550998687744 -0.026951339095830917 0.08799124509096146
0.2860662341117859 -0.03046933002769947 0.08473795652389526
0.28106367588043213 -0.033901553601026535 0.08154039829969406
0.276114284992218 -0.03726734593510628 0.07838303595781326
0.27119213342666626 -0.040581222623586655 0.07525477558374405
0.2662776708602905 -0.043853096663951874 0.07214876264333725
0.2613581120967865 -0.04708850011229515 0.06906228512525558
0.25642699003219604 -0.05028875917196274 0.06599664688110352
0.25148478150367737 -0.053449597209692 0.06295713782310486
0.2465389221906662 -0.0565483495593071 0.05995208024978638
0.24159502983093262 -0.059555504471063614 0.05698774755001068
0.23665277659893036 -0.06244572624564171 0.05406666919589043
0.23170621693134308 -0.0651976615190506 0.05118792876601219
0.2267436385154724 -0.06779348105192184 0.04834720864892006
0.22174781560897827 -0.07021844387054443 0.045537058264017105
0.21669572591781616 -0.07246018946170807 0.04274693503975868
0.21156470477581024 -0.07451124489307404 0.039966341108083725
0.2063479721546173 -0.07637392729520798 0.037192799150943756
0.20104357600212097 -0.0780506283044815 0.03442663326859474
0.19565115869045258 -0.07954200357198715 0.03166928514838219
0.19017188251018524 -0.08084707707166672 0.028923315927386284
0.18460863828659058 -0.08196337521076202 0.02619244158267975
0.17896613478660583 -0.08288713544607162 0.023481586948037148
0.17324990034103394 -0.08361076563596725 0.02079716883599758
0.16743355989456177 -0.08405055850744247 0.018155518919229507
0.16145293414592743 -0.08403696864843369 0.015583395026624203
0.15523988008499146 -0.08339093625545502 0.013108786195516586
0.14872369170188904 -0.08192719519138336 0.010760601609945297
0.14183063805103302 -0.07945303618907928 0.008568794466555119
0.13448363542556763 -0.07576697319746017 0.006564651150256395
0.1266014277935028 -0.07065731287002563 0.004780949559062719
0.11808320134878159 -0.06391768157482147 0.0032415876630693674
0.10872838646173477 -0.05544194206595421 0.0019038236932829022
0.0982983186841011 -0.04516875371336937 0.0006978586898185313
0.08655627816915512 -0.033045075833797455 -0.00044736862764693797
0.07327201962471008 -0.01903240941464901 -0.0016043281648308039
0.0582270473241806 -0.0031129629351198673 -0.002846760442480445
0.04122176393866539 0.014703517779707909 -0.004249037709087133
0.02208430878818035 0.03437332808971405 -0.005884903483092785
0.0007267421460710466 0.05586862936615944 -0.0078049940057098866
-0.022810425609350204 0.07924722135066986 -0.010013971477746964
-0.04845385625958443 0.10456431657075882 -0.012508491985499859
-0.07611231505870819 0.131859689950943 -0.015282685868442059
-0.10567868500947952 0.16115738451480865 -0.01832832396030426
-0.1370324343442917 0.19246621429920197 -0.021635066717863083
-0.17004206776618958 0.22578027844429016 -0.025190705433487892
-0.2045939564704895 0.26110637187957764 -0.028992166742682457
-0.24096596240997314 0.2988440990447998 -0.033188167959451675
-0.2798941135406494 0.3398590683937073 -0.03805587440729141
-0.3224036395549774 0.385322630405426 -0.04390835016965866
-0.36987969279289246 0.4368005096912384 -0.05111432820558548
-0.4242056906223297 0.4964165985584259 -0.06013573333621025
-0.4880083203315735 0.5671367645263672 -0.07158948481082916
-0.5650843977928162 0.6532593369483948 -0.08635072410106659
0.9456042051315308 0.8883917927742004 0.14982657134532928
0.8977803587913513 0.825532853603363 0.15209461748600006
0.8560314178466797 0.7701730728149414 0.1546400487422943
0.8198205828666687 0.7217022776603699 0.15735222399234772
0.7884813547134399 0.6793389916419983 0.1601284295320511
0.7612625956535339 0.6421863436698914 0.16287574172019958
0.7373639345169067 0.6092769503593445 0.1655113399028778
0.7159607410430908 0.5796050429344177 0.16796176135540009
0.6962250471115112 0.5521528124809265 0.17016205191612244
0.6775634288787842 0.526172399520874 0.17207643389701843
0.6597298383712769 0.5013270378112793 0.17370010912418365
0.6425423622131348 0.4773646295070648 0.17502595484256744
0.6258563995361328 0.454084575176239 0.17604391276836395
0.6095600724220276 0.4313320815563202 0.17674200236797333
0.5935719013214111 0.40899500250816345 0.17710795998573303
0.5778387784957886 0.38700050115585327 0.17713069915771484
0.5623528361320496 0.3653339147567749 0.17680589854717255
0.547262966632843 0.3441566824913025 0.1761651337146759
0.5327406525611877 0.32364362478256226 0.17525504529476166
0.5188989639282227 0.30388960242271423 0.1741182506084442
0.5057997703552246 0.2849189043045044 0.17279107868671417
0.4934634864330292 0.2666957974433899 0.17130273580551147
0.4818768799304962 0.24913224577903748 0.16967444121837616
0.4710007309913635 0.2320932298898697 0.16791905462741852
0.4607352316379547 0.21537916362285614 0.16603057086467743
0.4508950710296631 0.19875071942806244 0.16397441923618317
0.4413299560546875 0.1820349544286728 0.1617169976234436
0.43193763494491577 0.16513770818710327 0.15923196077346802
0.42266231775283813 0.14804813265800476 0.1565031111240387
0.4134947955608368 0.1308457851409912 0.15352793037891388
0.4044737219810486 0.11370633542537689 0.15032169222831726
0.39568403363227844 0.09690152108669281 0.14692096412181854
0.3872217535972595 0.08075080811977386 0.1433779001235962
0.3791450560092926 0.0655207559466362 0.13974106311798096
0.3714740574359894 0.0514005608856678 0.13604813814163208
0.3641951084136963 0.03850618749856949 0.13232441246509552
0.3572649657726288 0.026889920234680176 0.12858213484287262
0.35061657428741455 0.016553128138184547 0.12482084333896637
0.3441627323627472 0.007459149230271578 0.12102776765823364
0.3378143608570099 -0.0004685369785875082 0.11718493700027466
0.33154723048210144 -0.007383890450000763 0.11329996585845947
0.3253616690635681 -0.0134499566629529 0.10939019918441772
0.3192608654499054 -0.018816683441400528 0.10547363758087158
0.3132503926753998 -0.023623693734407425 0.10156908631324768
0.3073383867740631 -0.02800270915031433 0.09769637137651443
0.30153539776802063 -0.032079532742500305 0.09387650340795517
0.2958540916442871 -0.03597509115934372 0.09013161808252335
0.2902892827987671 -0.03977293148636818 0.08646923303604126
0.2848063111305237 -0.043496228754520416 0.08287294954061508
0.2793733775615692 -0.04715864732861519 0.07932783663272858
0.2739643454551697 -0.05076994001865387 0.07582274824380875
0.26855888962745667 -0.054336048662662506 0.07235020399093628
0.26314228773117065 -0.05785922706127167 0.06890636682510376
0.2577056884765625 -0.06133819371461868 0.06549087166786194
0.252246618270874 -0.06476669013500214 0.062107205390930176
0.24677351117134094 -0.06812046468257904 0.058764513581991196
0.24129502475261688 -0.07136876881122589 0.055471405386924744
0.23581337928771973 -0.07448550313711166 0.05223231762647629
0.2303246706724167 -0.07744899392127991 0.049047764390707016
0.22481869161128998 -0.08024156093597412 0.04591454192996025
0.2192791998386383 -0.08284898102283478 0.04282597079873085
0.21368393301963806 -0.08525985479354858 0.03977210819721222
0.20801086723804474 -0.0874684676527977 0.036742713302373886
0.2022540122270584 -0.08948075771331787 0.03373488411307335
0.19641157984733582 -0.09130356460809708 0.030747974291443825
0.1904822140932083 -0.09294238686561584 0.027781909331679344
0.18446511030197144 -0.09440146386623383 0.024837227538228035
0.17836003005504608 -0.09568389505147934 0.021915046498179436
0.1721673309803009 -0.09679179638624191 0.019017105922102928
0.1658869832754135 -0.09772347658872604 0.016146276146173477
0.15949441492557526 -0.0983981266617775 0.013322393409907818
0.1529354602098465 -0.0986459031701088 0.010583636350929737
0.14615124464035034 -0.09828776121139526 0.007969462312757969
0.1390790194272995 -0.09713815897703171 0.005520082078874111
0.1316511631011963 -0.09500262886285782 0.003276864066720009
0.1237943097949028 -0.09167523682117462 0.001282961224205792
0.11542817205190659 -0.08693534880876541 -0.0004160900425631553
0.10644650459289551 -0.08056008070707321 -0.0017823930829763412
0.09662486612796783 -0.07241497188806534 -0.00284371105954051
0.08569660037755966 -0.06240653246641159 -0.0036533537786453962
0.07340159267187119 -0.05045224353671074 -0.00426486786454916
0.05949348583817482 -0.03649137169122696 -0.004733145236968994
0.043749384582042694 -0.020496748387813568 -0.005115152802318335
0.025982635095715523 -0.002487701829522848 -0.005470064468681812
0.006058163475245237 0.017457496374845505 -0.005858629010617733
-0.016052786260843277 0.03925064206123352 -0.0063249156810343266
-0.04025232046842575 0.06288409233093262 -0.006877243984490633
-0.0664219856262207 0.08835870027542114 -0.00751891266554594
-0.09444338828325272 0.11567652225494385 -0.00825265608727932
-0.12420544773340225 0.14484532177448273 -0.009080824442207813
-0.15561091899871826 0.17588311433792114 -0.010005584917962551
-0.1885816752910614 0.20882226526737213 -0.011029133573174477
-0.22308394312858582 0.24373361468315125 -0.012161037884652615
-0.259432315826416 0.28102636337280273 -0.01351195015013218
-0.2983684539794922 0.32153618335723877 -0.015271211974322796
-0.34094810485839844 0.3664291203022003 -0.017643461003899574
-0.3886273205280304 0.417304664850235 -0.02086333930492401
-0.4434266686439514 0.4763835370540619 -0.025222385302186012
-0.5082277059555054 0.5468410849571228 -0.031112976372241974
-0.5873035788536072 0.633400022983551 -0.039102934300899506
0.9559305310249329 0.8837778568267822 0.175918310880661
0.9082910418510437 0.8207507729530334 0.1772342324256897
0.86637282371521 0.7649089097976685 0.1788264811038971
0.8298397064208984 0.7158803939819336 0.1805984526872635
0.798151433467865 0.6730239391326904 0.1824588030576706
0.7706242203712463 0.6355063319206238 0.18432429432868958
0.7464839816093445 0.6023692488670349 0.18612118065357208
0.7249053120613098 0.5725803971290588 0.187784805893898
0.705042839050293 0.5450737476348877 0.18925876915454865
0.6862908005714417 0.5190699100494385 0.19050753116607666
0.6684065461158752 0.4942348003387451 0.19151607155799866
0.6512113809585571 0.4703190326690674 0.19226814806461334
0.63456130027771 0.44712138175964355 0.1927456110715866
0.6183427572250366 0.42448291182518005 0.192929208278656
0.6024697422981262 0.4022830128669739 0.19279985129833221
0.5868813991546631 0.3804364502429962 0.1923396736383438
0.5715567469596863 0.35890936851501465 0.19153812527656555
0.5566135048866272 0.33782458305358887 0.19042648375034332
0.5421953201293945 0.31732434034347534 0.18905280530452728
0.5284004807472229 0.29748886823654175 0.1874602735042572
0.5152881741523743 0.27834323048591614 0.18568554520606995
0.5028844475746155 0.2598636746406555 0.18375806510448456
0.4911888837814331 0.24198399484157562 0.181699737906456
0.48017939925193787 0.22459857165813446 0.1795245110988617
0.46977466344833374 0.20754024386405945 0.17722515761852264
0.4597996473312378 0.19059297442436218 0.17475977540016174
0.45010876655578613 0.17360135912895203 0.17208781838417053
0.4406011700630188 0.15648514032363892 0.1691775768995285
0.43121886253356934 0.13924293220043182 0.16600893437862396
0.4219467341899872 0.12195716053247452 0.16257701814174652
0.41281357407569885 0.10479751974344254 0.15889602899551392
0.40389055013656616 0.08801935613155365 0.15500293672084808
0.39527466893196106 0.071934275329113 0.15096062421798706
0.3870367705821991 0.05680794268846512 0.14683395624160767
0.3792056441307068 0.04282008111476898 0.14267243444919586
0.3717719316482544 0.03007149137556553 0.1385081261396408
0.3646937310695648 0.018597016111016273 0.134355828166008
0.3579025864601135 0.008380782790482044 0.13021376729011536
0.35130736231803894 -0.0006293479818850756 0.12606452405452728
0.3448101282119751 -0.008523525670170784 0.12188147008419037
0.33836862444877625 -0.015467246063053608 0.11765804886817932
0.3319677412509918 -0.021627474576234818 0.11339963972568512
0.32560133934020996 -0.02715158648788929 0.10911646485328674
0.31927168369293213 -0.03217234089970589 0.10482387244701385
0.3129892349243164 -0.03681167960166931 0.10054250061511993
0.3067728281021118 -0.041183557361364365 0.09629850834608078
0.3006492555141449 -0.045395296066999435 0.09212352335453033
0.29462701082229614 -0.049518175423145294 0.08803447335958481
0.2886768579483032 -0.053568240255117416 0.0840187519788742
0.28276994824409485 -0.05755359306931496 0.08006362617015839
0.2768818140029907 -0.06147952750325203 0.07615922391414642
0.27099207043647766 -0.06534845381975174 0.07229840010404587
0.2650849521160126 -0.06916007399559021 0.06847687065601349
0.25914934277534485 -0.07291144132614136 0.06469302624464035
0.25318005681037903 -0.07659560441970825 0.06094864010810852
0.24718603491783142 -0.0801878347992897 0.057253796607255936
0.241178497672081 -0.0836571455001831 0.05361957103013992
0.23516181111335754 -0.08697763830423355 0.05005238577723503
0.22913376986980438 -0.09012819826602936 0.04655435308814049
0.2230854630470276 -0.09309215843677521 0.04312347248196602
0.2170015573501587 -0.09585657715797424 0.03975393995642662
0.21086040139198303 -0.09841175377368927 0.03643647953867912
0.20464064180850983 -0.1007540300488472 0.03316117078065872
0.19833795726299286 -0.10289233177900314 0.02992459386587143
0.1919514387845993 -0.10483697801828384 0.026724977418780327
0.18547968566417694 -0.10659732669591904 0.023560665547847748
0.1789207011461258 -0.10818181931972504 0.02043011039495468
0.1722719967365265 -0.10959803313016891 0.01733185164630413
0.16553060710430145 -0.11085282266139984 0.014264554716646671
0.15869218111038208 -0.1119493618607521 0.01122775487601757
0.1517343819141388 -0.11280997097492218 0.008244683966040611
0.1446124017238617 -0.11326660960912704 0.005364145152270794
0.13727538287639618 -0.11314297467470169 0.0026358661707490683
0.12966644763946533 -0.11225640028715134 0.00010982967796735466
0.12172144651412964 -0.11041460186243057 -0.002162932651117444
0.11336769908666611 -0.10741173475980759 -0.0041292281821370125
0.1045219823718071 -0.10302331298589706 -0.00573250325396657
0.09506881237030029 -0.09701500087976456 -0.0069218589924275875
0.08476021140813828 -0.08922465890645981 -0.007707938551902771
0.07330390065908432 -0.07952435314655304 -0.008123760111629963
0.06041903421282768 -0.06779783219099045 -0.008201124146580696
0.0458463653922081 -0.053955916315317154 -0.007973164319992065
0.029362687841057777 -0.03795437887310982 -0.00747672189027071
0.010799860581755638 -0.019813835620880127 -0.006754304748028517
-0.0099329873919487 0.00036077050026506186 -0.00585535541176796
-0.03279982879757881 0.02242485247552395 -0.004823416471481323
-0.057647231966257095 0.046302907168865204 -0.003678936744108796
-0.08431652188301086 0.07193878293037415 -0.0024394674692302942
-0.11266888678073883 0.09929484128952026 -0.0011217623250558972
-0.14259672164916992 0.1283607929944992 0.0002590202493593097
-0.17403265833854675 0.1591612696647644 0.001689918921329081
-0.20695634186267853 0.19176219403743744 0.0031605479307472706
-0.24141556024551392 0.22629162669181824 0.004659047815948725
-0.2777648866176605 0.26316994428634644 0.006118111312389374
-0.31675437092781067 0.3032078742980957 0.0074377539567649364
-0.35946911573410034 0.3475658595561981 0.008527528494596481
-0.40742960572242737 0.39786794781684875 0.009300082921981812
-0.4627816677093506 0.45641201734542847 0.009660238400101662
-0.5286421179771423 0.526546835899353 0.009488929063081741
-0.6097336411476135 0.6133614778518677 0.008617342449724674
0.966199517250061 0.8792475461959839 0.20179621875286102
0.9187133312225342 0.8159645795822144 0.20224033296108246
0.8766531944274902 0.7596774101257324 0.20288696885108948
0.8398342728614807 0.7101786732673645 0.20367467403411865
0.8078169822692871 0.6669226884841919 0.2045433670282364
0.779976487159729 0.629115879535675 0.2054370790719986
0.7555665969848633 0.5958001017570496 0.20630545914173126
0.7337693572044373 0.5659173727035522 0.2071039229631424
0.7137343883514404 0.538361132144928 0.20779311656951904
0.6948522329330444 0.5123279094696045 0.20834055542945862
0.6768845319747925 0.4874892234802246 0.20871880650520325
0.6596555709838867 0.4635997414588928 0.20889993011951447
0.6430222392082214 0.4404587149620056 0.20885542035102844
0.626868724822998 0.41790348291397095 0.20855659246444702
0.6111043095588684 0.39580589532852173 0.2079753577709198
0.5956602692604065 0.3740689754486084 0.20708484947681427
0.5805026292800903 0.35264062881469727 0.20586588978767395
0.5657178163528442 0.3316074311733246 0.20434485375881195
0.5514201521873474 0.31108108162879944 0.20256680250167847
0.5376916527748108 0.2911280691623688 0.2005719542503357
0.5245856642723083 0.27177369594573975 0.19839458167552948
0.5121313333511353 0.2530064582824707 0.19606250524520874
0.500337541103363 0.23478174209594727 0.19359679520130157
0.4891974925994873 0.21702447533607483 0.19101156294345856
0.47864723205566406 0.1996026486158371 0.1882990449666977
0.4685254991054535 0.1823274940252304 0.18541336059570312
0.4586949348449707 0.16506463289260864 0.18231043219566345
0.44905877113342285 0.14774924516677856 0.17895634472370148
0.4395586848258972 0.13038857281208038 0.17532990872859955
0.4301753342151642 0.11306511610746384 0.17142616212368011
0.4209277629852295 0.09593723714351654 0.16725975275039673
0.4118736982345581 0.0792369395494461 0.1628689467906952
0.40310928225517273 0.06325958669185638 0.15832678973674774
0.3947162628173828 0.04826322942972183 0.1537134051322937
0.3867308795452118 0.03441490978002548 0.14908872544765472
0.37914836406707764 0.021800214424729347 0.144490584731102
0.3719289302825928 0.01043876726180315 0.13993550837039948
0.3650040924549103 0.00030097755370661616 0.13542012870311737
0.35828110575675964 -0.008676869794726372 0.1309225857257843
0.3516555726528168 -0.01659483276307583 0.1264079362154007
0.34506747126579285 -0.023626526817679405 0.1218547374010086
0.33848506212234497 -0.029940880835056305 0.11725501716136932
0.33189091086387634 -0.0356818325817585 0.11260997503995895
0.3252813518047333 -0.04097473993897438 0.10793009400367737
0.3186665177345276 -0.045931022614240646 0.1032356470823288
0.3120710849761963 -0.05065133050084114 0.09855727851390839
0.3055340051651001 -0.055226974189281464 0.09393610060214996
0.29907727241516113 -0.059714920818805695 0.0893995463848114
0.2926786243915558 -0.0641237422823906 0.08494053781032562
0.2863134443759918 -0.06845595687627792 0.08055013418197632
0.2799597680568695 -0.07271243631839752 0.07622095197439194
0.2735983729362488 -0.07689245790243149 0.0719473659992218
0.26721319556236267 -0.08099372684955597 0.06772538274526596
0.26079121232032776 -0.08501255512237549 0.06355269253253937
0.25432446599006653 -0.08894234895706177 0.0594296008348465
0.24782177805900574 -0.09275902062654495 0.055367160588502884
0.24129600822925568 -0.09643225371837616 0.051378849893808365
0.23475298285484314 -0.09993714839220047 0.047473106533288956
0.22819174826145172 -0.10325394570827484 0.04365367814898491
0.22160425782203674 -0.1063675582408905 0.039919834583997726
0.21497595310211182 -0.10926695913076401 0.036266762763261795
0.2082856446504593 -0.1119445264339447 0.032685961574316025
0.2015131562948227 -0.11439894884824753 0.02916794829070568
0.19465655088424683 -0.11664154380559921 0.025708651170134544
0.1877167969942093 -0.11868540197610855 0.022305026650428772
0.18069323897361755 -0.12054303288459778 0.01895367167890072
0.17358356714248657 -0.12222634255886078 0.015650831162929535
0.1663839966058731 -0.12374664098024368 0.012392417527735233
0.15908905863761902 -0.1251145899295807 0.009174024686217308
0.15169116854667664 -0.12633752822875977 0.0059919520281255245
0.14417070150375366 -0.12734095752239227 0.0028726570308208466
0.13649173080921173 -0.12796002626419067 -0.0001251213252544403
0.12861017882823944 -0.12802280485630035 -0.0029424363747239113
0.12047335505485535 -0.12735168635845184 -0.005520831793546677
0.11201849579811096 -0.12575924396514893 -0.007801083382219076
0.10317106544971466 -0.12304311990737915 -0.009721490554511547
0.09384194016456604 -0.11897926032543182 -0.011215945705771446
0.08390361815690994 -0.11332656443119049 -0.012221399694681168
0.07308556139469147 -0.10589773952960968 -0.012729540467262268
0.06107288599014282 -0.09653089195489883 -0.012749853543937206
0.04756710305809975 -0.08507475256919861 -0.012288701720535755
0.03229956701397896 -0.07140827924013138 -0.0113536911085248
0.015050654299557209 -0.0554644800722599 -0.009958399459719658
-0.004324748646467924 -0.037257567048072815 -0.008127217181026936
-0.025868209078907967 -0.016910169273614883 -0.005899844691157341
-0.049476608633995056 0.005383680574595928 -0.0033251235727220774
-0.07494553178548813 0.029481876641511917 -0.00044378009624779224
-0.10208284109830856 0.055271368473768234 0.002705239923670888
-0.13073678314685822 0.08267468959093094 0.006086306180804968
-0.16080999374389648 0.1116623654961586 0.009669692255556583
-0.19226963818073273 0.14226260781288147 0.013433482497930527
-0.22515441477298737 0.1745690256357193 0.017364803701639175
-0.259591668844223 0.20875835418701172 0.021458718925714493
-0.29597750306129456 0.24526236951351166 0.025696447119116783
-0.3350735306739807 0.28487256169319153 0.030069220811128616
-0.37799328565597534 0.3287429213523865 0.0346057303249836
-0.42631587386131287 0.378513902425766 0.03937667980790138
-0.48229852318763733 0.4365393817424774 0.04450453445315361
-0.5492688417434692 0.5063018202781677 0.0501844622194767
-0.6323567032814026 0.5931844711303711 0.05672626569867134
0.9764566421508789 0.8747869729995728 0.2275603711605072
0.9290743470191956 0.8111526370048523 0.22717829048633575
0.8869154453277588 0.754476010799408 0.22688232362270355
0.8498782515525818 0.7046183943748474 0.22665797173976898
0.8175848722457886 0.6610708832740784 0.2264883667230606
0.7894530892372131 0.6230509281158447 0.2263556718826294
0.7647638320922852 0.5895920395851135 0.22624172270298004
0.7427154183387756 0.5596157312393188 0.22612881660461426
0.7224658131599426 0.531988263130188 0.22599934041500092
0.7034121751785278 0.5058943033218384 0.22582551836967468
0.685323178768158 0.4810151159763336 0.2255658060312271
0.6680271029472351 0.45711207389831543 0.22517895698547363
0.6513813734054565 0.43398594856262207 0.2246244251728058
0.6352682113647461 0.41147151589393616 0.22386258840560913
0.6195915937423706 0.3894333839416504 0.22285480797290802
0.6042750477790833 0.36776331067085266 0.2215639054775238
0.5892714858055115 0.3463914394378662 0.21996046602725983
0.5746377110481262 0.3253714144229889 0.21806348860263824
0.5604600310325623 0.3047870397567749 0.21591253578662872
0.5468036532402039 0.28469157218933105 0.21354281902313232
0.5337143540382385 0.2651101052761078 0.21098478138446808
0.5212216973304749 0.24604183435440063 0.20826347172260284
0.5093415975570679 0.2274627387523651 0.20539863407611847
0.49807894229888916 0.2093268185853958 0.2024042010307312
0.48738613724708557 0.1915373057126999 0.19927255809307098
0.4771174192428589 0.17393621802330017 0.19595667719841003
0.4671461880207062 0.15641270577907562 0.19241173565387726
0.45738109946250916 0.13891814649105072 0.18860384821891785
0.4477650821208954 0.12146762013435364 0.18451252579689026
0.4382745027542114 0.10414091497659683 0.18013373017311096
0.4289192259311676 0.08708132803440094 0.17548294365406036
0.4197429418563843 0.07049288600683212 0.17059877514839172
0.4108389616012573 0.054648447781801224 0.16556283831596375
0.40229764580726624 0.03979307413101196 0.1604687124490738
0.39416179060935974 0.02607913874089718 0.15538527071475983
0.38643088936805725 0.013577924109995365 0.15035519003868103
0.3790682852268219 0.00229654205031693 0.1453963965177536
0.3720076382160187 -0.0078047472052276134 0.14050424098968506
0.36515650153160095 -0.016797583550214767 0.13565324246883392
0.3584069609642029 -0.02478860691189766 0.13080118596553802
0.3516828715801239 -0.03195680305361748 0.12591204047203064
0.3449363708496094 -0.03847181797027588 0.12096435576677322
0.33813807368278503 -0.04447399079799652 0.11594962328672409
0.33127686381340027 -0.050081491470336914 0.11087249964475632
0.3243606686592102 -0.05539529770612717 0.10575204342603683
0.3174174129962921 -0.060502246022224426 0.1006225049495697
0.31049618124961853 -0.06547629833221436 0.09553413093090057
0.30363136529922485 -0.07035872340202332 0.09052538126707077
0.2968079447746277 -0.0751502588391304 0.08559602499008179
0.2900063693523407 -0.07984761893749237 0.08074218779802322
0.28320804238319397 -0.08444731682538986 0.07596030086278915
0.27639544010162354 -0.08894559741020203 0.0712471678853035
0.26955246925354004 -0.09333863854408264 0.06659994274377823
0.26266470551490784 -0.0976225957274437 0.062016215175390244
0.2557213306427002 -0.10179203748703003 0.05749514698982239
0.2487298995256424 -0.10582435131072998 0.05304867774248123
0.2417035549879074 -0.10969054698944092 0.04869247227907181
0.23464852571487427 -0.11336731910705566 0.04443689063191414
0.22756418585777283 -0.11683657020330429 0.040287308394908905
0.2204430103302002 -0.12008512020111084 0.03624437749385834
0.21327102184295654 -0.12310397624969482 0.032304465770721436
0.20602770149707794 -0.12588773667812347 0.02846008725464344
0.19869430363178253 -0.12843728065490723 0.02470235712826252
0.19127249717712402 -0.13076606392860413 0.021026460453867912
0.18376608192920685 -0.13288970291614532 0.01742785982787609
0.1761760413646698 -0.1348235309123993 0.01390115637332201
0.16850072145462036 -0.13658259809017181 0.010440164245665073
0.16073571145534515 -0.1381816565990448 0.007037952542304993
0.1528739333152771 -0.1396348923444748 0.003686886979267001
0.14490529894828796 -0.14095328748226166 0.00037992442958056927
0.13681338727474213 -0.14206551015377045 -0.0028534471057355404
0.1285707652568817 -0.14281019568443298 -0.005945095792412758
0.12013939768075943 -0.14302025735378265 -0.008827620185911655
0.11146973818540573 -0.14252394437789917 -0.011435025371611118
0.10249902307987213 -0.14114002883434296 -0.013700938783586025
0.09314919263124466 -0.1386713832616806 -0.015556222759187222
0.08332353830337524 -0.13489718735218048 -0.016926223412156105
0.07288113981485367 -0.1295735239982605 -0.017736298963427544
0.06153083220124245 -0.12249183654785156 -0.017957767471671104
0.04893837869167328 -0.11345970630645752 -0.01757413148880005
0.03479122743010521 -0.1022929698228836 -0.01656354032456875
0.018814746290445328 -0.08883889764547348 -0.014905169606208801
0.000796145701315254 -0.07300512492656708 -0.012586855329573154
-0.019383998587727547 -0.05479379743337631 -0.00961372535675764
-0.04171642288565636 -0.03433649241924286 -0.006017133127897978
-0.06603308767080307 -0.01186723168939352 -0.0018562893383204937
-0.09208585321903229 0.012410947121679783 0.002800722373649478
-0.11965732276439667 0.03833204507827759 0.007887493818998337
-0.1485901176929474 0.06578103452920914 0.01334555447101593
-0.17880231142044067 0.0947093516588211 0.019129324704408646
-0.2102973908185959 0.12514600157737732 0.02520955353975296
-0.24317064881324768 0.15720564126968384 0.03157548978924751
-0.27762287855148315 0.1911037117242813 0.03823638707399368
-0.31409159302711487 0.22728316485881805 0.045226383954286575
-0.35335373878479004 0.2665215730667114 0.05262961611151695
-0.3965510129928589 0.3099665939807892 0.06059743091464043
-0.44531455636024475 0.359266459941864 0.0693659633398056
-0.5019980669021606 0.41681039333343506 0.07929003238677979
-0.5701081156730652 0.48617085814476013 0.090907983481884
-0.6551211476325989 0.5729404091835022 0.10506642609834671
0.9867494702339172 0.870376467704773 0.25332334637641907
0.9394053220748901 0.8062852621078491 0.2521306872367859
0.8972049355506897 0.7492825388908386 0.25090086460113525
0.8600465059280396 0.6991868019104004 0.24966713786125183
0.8275640606880188 0.6554586887359619 0.2484573870897293
0.7991946935653687 0.6172937750816345 0.2472933679819107
0.7742418646812439 0.5837103128433228 0.24619098007678986
0.7519271969795227 0.5536176562309265 0.2451608031988144
0.7314314246177673 0.5258729457855225 0.244208425283432
0.712169885635376 0.4996643662452698 0.24331137537956238
0.693922221660614 0.47468847036361694 0.24241413176059723
0.6765220761299133 0.4507158696651459 0.2414616197347641
0.6598285436630249 0.42755088210105896 0.24040086567401886
0.6437219381332397 0.4050264060497284 0.23918060958385468
0.6281012296676636 0.38300034403800964 0.23775120079517365
0.6128813624382019 0.3613528907299042 0.2360643893480301
0.5980021953582764 0.3399967849254608 0.23408003151416779
0.5834940075874329 0.3189558982849121 0.23180896043777466
0.5694184899330139 0.29828956723213196 0.22928449511528015
0.5558244585990906 0.27803856134414673 0.2265365868806839
0.54274982213974 0.2582267224788666 0.2235916405916214
0.5302230715751648 0.2388620674610138 0.22047220170497894
0.5182643532752991 0.21993803977966309 0.21719665825366974
0.5068877935409546 0.2014346867799759 0.213779479265213
0.4960595667362213 0.18328851461410522 0.21021440625190735
0.4856507480144501 0.16537466645240784 0.206455260515213
0.4755464196205139 0.1476074457168579 0.20245829224586487
0.46566128730773926 0.12995471060276031 0.19819089770317078
0.45593953132629395 0.11243831366300583 0.19363397359848022
0.44635334610939026 0.09513326734304428 0.18878433108329773
0.4369027614593506 0.078165203332901 0.18365706503391266
0.42761683464050293 0.061707962304353714 0.1782892346382141
0.41858431696891785 0.04600762948393822 0.17276844382286072
0.4099012017250061 0.03129206970334053 0.16719935834407806
0.40161556005477905 0.017698107287287712 0.16165827214717865
0.3937315344810486 0.0052842143923044205 0.15619197487831116
0.38621649146080017 -0.005952091421931982 0.1508197784423828
0.37900739908218384 -0.01605718769133091 0.1455364227294922
0.37201496958732605 -0.02510714717209339 0.14031407237052917
0.36513054370880127 -0.0332120880484581 0.13510486483573914
0.35826435685157776 -0.04055406525731087 0.12985923886299133
0.35135433077812195 -0.047302715480327606 0.12454289942979813
0.34435975551605225 -0.05359505116939545 0.11913763731718063
0.33726200461387634 -0.059542905539274216 0.11364219337701797
0.33006539940834045 -0.06523764133453369 0.1080736368894577
0.3227996230125427 -0.07075285911560059 0.10246913880109787
0.31552138924598694 -0.0761452466249466 0.09688745439052582
0.30827590823173523 -0.08144009858369827 0.0913781151175499
0.3010551631450653 -0.08663010597229004 0.08594850450754166
0.29384469985961914 -0.09170608967542648 0.0806007981300354
0.28662940859794617 -0.09666004031896591 0.07533611357212067
0.2793934941291809 -0.10148528218269348 0.07015451043844223
0.27212101221084595 -0.10617655515670776 0.0650549978017807
0.2647961378097534 -0.11073020845651627 0.06003555282950401
0.25740498304367065 -0.11514227837324142 0.05509461089968681
0.24995242059230804 -0.11939193308353424 0.050244834274053574
0.24244995415210724 -0.12345164269208908 0.0455038920044899
0.23490266501903534 -0.1272994875907898 0.040884051471948624
0.22730940580368042 -0.13091889023780823 0.03639250248670578
0.2196625918149948 -0.13429813086986542 0.03203156217932701
0.21194857358932495 -0.1374298334121704 0.02779919095337391
0.20414766669273376 -0.140310138463974 0.023689420893788338
0.19624340534210205 -0.14294184744358063 0.019694356247782707
0.1882420778274536 -0.145340695977211 0.01580817624926567
0.1801515519618988 -0.14752522110939026 0.01202444825321436
0.17197556793689728 -0.14951400458812714 0.008335315622389317
0.16371385753154755 -0.15132565796375275 0.004731678403913975
0.15536224842071533 -0.1529785692691803 0.0012032976374030113
0.14691270887851715 -0.15449084341526031 -0.0022611005697399378
0.13835327327251434 -0.15587733685970306 -0.005672263912856579
0.12967117130756378 -0.15706965327262878 -0.008997932076454163
0.12084749341011047 -0.15790927410125732 -0.01216085534542799
0.11184980720281601 -0.1582334041595459 -0.015085588209331036
0.1026311069726944 -0.15787577629089355 -0.01769910752773285
0.09312784671783447 -0.15666109323501587 -0.019928419962525368
0.08325785398483276 -0.1543980985879898 -0.02169751562178135
0.07291609048843384 -0.15087036788463593 -0.02292366698384285
0.061948180198669434 -0.14583374559879303 -0.023520881310105324
0.050044842064380646 -0.13906340301036835 -0.02343915030360222
0.0368562676012516 -0.13034187257289886 -0.022634582594037056
0.022059565410017967 -0.11945725232362747 -0.021055523306131363
0.005377496127039194 -0.10622850060462952 -0.018651094287633896
-0.013393528759479523 -0.09053872525691986 -0.015382007695734501
-0.03434665873646736 -0.07237515598535538 -0.011233629658818245
-0.057424165308475494 -0.05187093839049339 -0.006230187602341175
-0.08239977806806564 -0.02928920090198517 -0.0004450736159924418
-0.10899114608764648 -0.004884077701717615 0.00602110056206584
-0.1369643360376358 0.02113305777311325 0.013070180080831051
-0.16616281867027283 0.04861452430486679 0.02061821147799492
-0.19652307033538818 0.07749421894550323 0.028603021055459976
-0.22808361053466797 0.10779955238103867 0.036989253014326096
-0.26099056005477905 0.1396595537662506 0.04577145352959633
-0.2955084443092346 0.17331799864768982 0.054977864027023315
-0.33211490511894226 0.20922845602035522 0.06469868868589401
-0.37160637974739075 0.24816009402275085 0.0751120001077652
-0.4151526391506195 0.291254460811615 0.0864933431148529
-0.46443042159080505 0.34016022086143494 0.09924737364053726
-0.5218716859817505 0.3972809910774231 0.11396768689155579
-0.5911246538162231 0.4662349820137024 0.13154911994934082
-0.6779326796531677 0.5527305603027344 0.15340301394462585
0.99709552526474 0.8659953474998474 0.2791391611099243
0.9497218132019043 0.8013201355934143 0.27716222405433655
0.9075417518615723 0.7440283298492432 0.27504217624664307
0.8703727126121521 0.693789541721344 0.27285170555114746
0.8378090858459473 0.6499680876731873 0.27065587043762207
0.8092811107635498 0.6117071509361267 0.26851072907447815
0.7841073870658875 0.5780017971992493 0.2664625942707062
0.7615368962287903 0.5477582812309265 0.2645484507083893
0.7407850623130798 0.5198422074317932 0.2627967596054077
0.7212968468666077 0.49346017837524414 0.2611916661262512
0.7028660774230957 0.4683285653591156 0.2596653997898102
0.6853346228599548 0.44422969222068787 0.25815054774284363
0.6685643196105957 0.42097267508506775 0.2565823793411255
0.6524344086647034 0.3983892798423767 0.25489866733551025
0.6368387341499329 0.376330703496933 0.25303882360458374
0.6216840744018555 0.354665607213974 0.25094401836395264
0.6068974137306213 0.33328938484191895 0.24856337904930115
0.5924856662750244 0.3121994137763977 0.24589955806732178
0.5784882307052612 0.2914331555366516 0.2429794818162918
0.5649393796920776 0.27102017402648926 0.23982809484004974
0.5518688559532166 0.25098249316215515 0.23646801710128784
0.5393025875091553 0.2313350886106491 0.2329196333885193
0.527263343334198 0.21208646893501282 0.2292008399963379
0.5157715082168579 0.1932392120361328 0.22532719373703003
0.5048057436943054 0.1747610867023468 0.22129523754119873
0.4942542612552643 0.1565612107515335 0.217061847448349
0.4840145707130432 0.13857972621917725 0.21258623898029327
0.4740086495876312 0.12080027908086777 0.2078385204076767
0.4641816318035126 0.10324952751398087 0.20280149579048157
0.4545017182826996 0.08599529415369034 0.1974727064371109
0.4449591636657715 0.06914332509040833 0.191865935921669
0.4355683922767639 0.05283569172024727 0.18601484596729279
0.42641153931617737 0.03728872165083885 0.18001028895378113
0.4175877273082733 0.022710271179676056 0.1739652156829834
0.40914884209632874 0.009221517480909824 0.1679614782333374
0.40110328793525696 -0.0031300836708396673 0.16204895079135895
0.39342308044433594 -0.01435376051813364 0.15624837577342987
0.3860498368740082 -0.02449934370815754 0.15055426955223083
0.37889885902404785 -0.03364422917366028 0.1449374556541443
0.3718632459640503 -0.04189921170473099 0.13934585452079773
0.3648425340652466 -0.049447596073150635 0.13371768593788147
0.35776209831237793 -0.05645844712853432 0.1280064433813095
0.35057133436203003 -0.06306587904691696 0.12218473106622696
0.3432442545890808 -0.06937622278928757 0.11624512076377869
0.3357814848423004 -0.07547227293252945 0.11020242422819138
0.32821306586265564 -0.08141542226076126 0.10409615188837051
0.3206017315387726 -0.08724576234817505 0.09799283742904663
0.31300148367881775 -0.09297292679548264 0.09195274859666824
0.30541086196899414 -0.098581463098526 0.08599143475294113
0.2978202998638153 -0.10405611991882324 0.08011770248413086
0.2902177572250366 -0.10938434302806854 0.0743379294872284
0.2825891077518463 -0.11455643177032471 0.06865594536066055
0.27491846680641174 -0.11956585943698883 0.0630730614066124
0.26718804240226746 -0.12440913915634155 0.057587895542383194
0.2593807578086853 -0.12908399105072021 0.0521983727812767
0.2514972388744354 -0.13357070088386536 0.046918101608753204
0.2435455620288849 -0.1378421187400818 0.0417671836912632
0.23552832007408142 -0.14187663793563843 0.03676040098071098
0.22744271159172058 -0.14565780758857727 0.03190748021006584
0.2192804515361786 -0.14917412400245667 0.02721327915787697
0.21102800965309143 -0.1524183452129364 0.022678259760141373
0.2026667296886444 -0.1553870141506195 0.018298938870429993
0.1941828727722168 -0.15808388590812683 0.014068949967622757
0.1855885088443756 -0.1605282723903656 0.00998075120151043
0.17689679563045502 -0.16274304687976837 0.00602499395608902
0.1681152880191803 -0.16475151479244232 0.0021903887391090393
0.1592462807893753 -0.16657708585262299 -0.0015360097168013453
0.15028683841228485 -0.16824300587177277 -0.005168600007891655
0.14122910797595978 -0.1697724163532257 -0.008723062463104725
0.13206025958061218 -0.1711849570274353 -0.012214484624564648
0.12277169525623322 -0.1724153757095337 -0.015608121640980244
0.11335266381502151 -0.17330732941627502 -0.01881764829158783
0.10377573221921921 -0.1737016886472702 -0.02175968512892723
0.09399557113647461 -0.1734369695186615 -0.02435433305799961
0.0839470624923706 -0.17234347760677338 -0.026522181928157806
0.07354295998811722 -0.17023567855358124 -0.02818048745393753
0.06266932189464569 -0.1669023036956787 -0.029238618910312653
0.05115814879536629 -0.16210082173347473 -0.029599206522107124
0.038684871047735214 -0.1555943638086319 -0.029190536588430405
0.024888116866350174 -0.14714598655700684 -0.027940897271037102
0.009438591077923775 -0.1365213841199875 -0.025768490508198738
-0.007940107956528664 -0.12351571023464203 -0.02259206585586071
-0.027440186589956284 -0.1079898253083229 -0.018345080316066742
-0.049128711223602295 -0.08991479873657227 -0.012993447482585907
-0.07290332019329071 -0.069419264793396 -0.0065554664470255375
-0.09848777204751968 -0.04678488150238991 0.0008788874838501215
-0.12557540833950043 -0.022306043654680252 0.009173794649541378
-0.15392394363880157 0.0037691588513553143 0.018197394907474518
-0.18338297307491302 0.03126591071486473 0.027839304879307747
-0.21390877664089203 0.06010246276855469 0.03802088275551796
-0.24557237327098846 0.09030257165431976 0.048701830208301544
-0.2785637676715851 0.12200355529785156 0.05988403037190437
-0.313200980424881 0.15546809136867523 0.07161761820316315
-0.35000044107437134 0.19116009771823883 0.08405086398124695
-0.3897823095321655 0.2298460453748703 0.0974562019109726
-0.4337441027164459 0.27266213297843933 0.11223293840885162
-0.48360109329223633 0.3212512135505676 0.128953218460083
-0.5418456196784973 0.3780133128166199 0.14844785630702972
-0.6122263073921204 0.4465705156326294 0.1719658225774765
-0.7006661891937256 0.5326566100120544 0.20147942006587982
1.0074970722198486 0.8616262674331665 0.30502861738204956
0.9600241184234619 0.7962175011634827 0.3023059368133545
0.9179244637489319 0.7386441230773926 0.29936879873275757
0.8808583617210388 0.6883270144462585 0.2963142991065979
0.8483325839042664 0.6444752812385559 0.29323136806488037
0.8197433352470398 0.6061497330665588 0.29019948840141296
0.7944133281707764 0.572314977645874 0.2872876822948456
0.7716208100318909 0.5418810248374939 0.2845551669597626
0.75062495470047 0.5137381553649902 0.2820513844490051
0.7309093475341797 0.48712530732154846 0.2797684073448181
0.7122862935066223 0.4617815911769867 0.2776297628879547
0.6946076154708862 0.43750298023223877 0.2755581736564636
0.6777397990226746 0.4141041934490204 0.2734791338443756
0.6615621447563171 0.3914163410663605 0.27132076025009155
0.6459644436836243 0.36928433179855347 0.269012987613678
0.6308455467224121 0.3475651144981384 0.2664872109889984
0.6161205172538757 0.3261369466781616 0.26368266344070435
0.6017755270004272 0.30497390031814575 0.26059406995773315
0.5878303647041321 0.2840946614742279 0.25724220275878906
0.5743057727813721 0.26351863145828247 0.25364717841148376
0.5612233877182007 0.24326589703559875 0.24982833862304688
0.5486056208610535 0.22335708141326904 0.24580438435077667
0.5364759564399719 0.2038136124610901 0.24159345030784607
0.5248587727546692 0.1846575140953064 0.23721304535865784
0.5137434601783752 0.1658850461244583 0.23266398906707764
0.5030364990234375 0.14743934571743011 0.22790877521038055
0.49264878034591675 0.12928548455238342 0.22291186451911926
0.4825097620487213 0.11142100393772125 0.21764762699604034
0.47256672382354736 0.09387489408254623 0.21210166811943054
0.4627841114997864 0.07670517265796661 0.20627230405807495
0.4531428813934326 0.05999571457505226 0.2001713216304779
0.4436432719230652 0.043855927884578705 0.19382765889167786
0.4343593716621399 0.02847059816122055 0.18733251094818115
0.42539069056510925 0.014025897718966007 0.18080395460128784
0.4167913496494293 0.0006279096123762429 0.17432723939418793
0.40857335925102234 -0.011684977449476719 0.1679541915655136
0.40071341395378113 -0.022926127538084984 0.16170649230480194
0.3931587338447571 -0.033146001398563385 0.1555788815021515
0.3858304023742676 -0.04242057353258133 0.14954160153865814
0.3786250054836273 -0.050858862698078156 0.14353960752487183
0.37143388390541077 -0.05864384397864342 0.13750003278255463
0.36417195200920105 -0.065943643450737 0.13136503100395203
0.35678011178970337 -0.07288984954357147 0.12509839236736298
0.34922581911087036 -0.07958410680294037 0.11868668347597122
0.34150591492652893 -0.08610179275274277 0.1121421605348587
0.33365029096603394 -0.09249319136142731 0.10550612211227417
0.3257260322570801 -0.09878303855657578 0.09885214269161224
0.3177947998046875 -0.10496591776609421 0.09225082397460938
0.3098606765270233 -0.11101824790239334 0.08572600781917572
0.30191850662231445 -0.11691863089799881 0.07929344475269318
0.2939591705799103 -0.12264984846115112 0.07296507060527802
0.28596970438957214 -0.1281992495059967 0.0667487233877182
0.2779337465763092 -0.13355891406536102 0.06064804643392563
0.2698313891887665 -0.13872568309307098 0.05466241016983986
0.26164162158966064 -0.1436987966299057 0.04878911375999451
0.2533596456050873 -0.14845845103263855 0.04304340109229088
0.2449885457754135 -0.15297560393810272 0.0374489463865757
0.23652713000774384 -0.15722669661045074 0.03202433884143829
0.2279699593782425 -0.16119323670864105 0.02678319253027439
0.21930727362632751 -0.16486167907714844 0.021734315901994705
0.21052512526512146 -0.1682228446006775 0.01688208058476448
0.2016056925058365 -0.1712714433670044 0.012226851657032967
0.1925380825996399 -0.17401139438152313 0.007764478679746389
0.1833411604166031 -0.17646761238574982 0.003484369022771716
0.1740342229604721 -0.17866988480091095 -0.0006273802719078958
0.16462993621826172 -0.18064847588539124 -0.004587001632899046
0.1551344096660614 -0.1824338436126709 -0.008412648923695087
0.14554746448993683 -0.18405616283416748 -0.012124083936214447
0.1358628273010254 -0.1855452060699463 -0.01574241928756237
0.12606866657733917 -0.18692709505558014 -0.019287921488285065
0.11616106331348419 -0.18814027309417725 -0.022723620757460594
0.10613669455051422 -0.18903008103370667 -0.025953909382224083
0.09597214311361313 -0.18944041430950165 -0.028887270018458366
0.0856226459145546 -0.18921399116516113 -0.03143678233027458
0.07502031326293945 -0.1881861537694931 -0.03351643308997154
0.06407181173563004 -0.18617689609527588 -0.0350365974009037
0.05265331268310547 -0.1829802691936493 -0.03589849919080734
0.04058292135596275 -0.17835663259029388 -0.03599318861961365
0.0275238286703825 -0.17206071317195892 -0.035227347165346146
0.013107356615364552 -0.1638409048318863 -0.033501964062452316
-0.002998031908646226 -0.15344564616680145 -0.03070588782429695
-0.02106432616710663 -0.14065100252628326 -0.02672845870256424
-0.04127022624015808 -0.12529852986335754 -0.021476948633790016
-0.06365719437599182 -0.10734295845031738 -0.014898978173732758
-0.08808273077011108 -0.08690360933542252 -0.007008157204836607
-0.11422955989837646 -0.06427088379859924 0.0020879150833934546
-0.14177632331848145 -0.03976847976446152 0.01221796777099371
-0.17048007249832153 -0.013672425411641598 0.02321673184633255
-0.20020060241222382 0.013820981606841087 0.03494803607463837
-0.2309146374464035 0.04261637479066849 0.04731767624616623
-0.26272204518318176 0.07273212820291519 0.060281429439783096
-0.29584985971450806 0.1043083444237709 0.07384967058897018
-0.330659955739975 0.1376182734966278 0.08809562027454376
-0.3677061200141907 0.1731363832950592 0.1032269299030304
-0.4078361690044403 0.21163178980350494 0.11961056292057037
-0.45227497816085815 0.25423669815063477 0.13776780664920807
-0.5027697086334229 0.3025830388069153 0.15843412280082703
-0.5618537664413452 0.3590507209300995 0.18266910314559937
-0.6333343982696533 0.4272279441356659 0.21205957233905792
-0.7232232689857483 0.5127896666526794 0.24910664558410645
1.0179479122161865 0.8572556376457214 0.3309905230998993
0.9703002572059631 0.7909442186355591 0.3275642991065979
0.9283326864242554 0.7330707907676697 0.3238990902900696
0.8914781212806702 0.6827142834663391 0.3200971782207489
0.8591108322143555 0.6388747096061707 0.3162546753883362
0.8305670022964478 0.6005029082298279 0.3124602437019348
0.8051614165306091 0.5665253400802612 0.30879539251327515
0.7821998000144958 0.5358607172966003 0.30533459782600403
0.7609908580780029 0.5074387788772583 0.3021449148654938
0.7410643100738525 0.48054251074790955 0.29922738671302795
0.7222533226013184 0.4549359381198883 0.29650089144706726
0.7044225335121155 0.4304293096065521 0.29388150572776794
0.6874446868896484 0.40684354305267334 0.29128777980804443
0.6712005734443665 0.3840096890926361 0.288640558719635
0.6555769443511963 0.3617665469646454 0.28586190938949585
0.640466570854187 0.3399597704410553 0.28287526965141296
0.6257734298706055 0.3184513747692108 0.2796114683151245
0.6114658713340759 0.297195166349411 0.2760576605796814
0.5975466370582581 0.2761942148208618 0.2722289562225342
0.5840237140655518 0.25545936822891235 0.26814088225364685
0.5709106922149658 0.23500892519950867 0.26381003856658936
0.5582255721092224 0.2148682028055191 0.2592541575431824
0.5459909439086914 0.19506922364234924 0.2544921040534973
0.5342330932617188 0.17565052211284637 0.24954429268836975
0.5229505300521851 0.15663348138332367 0.24441726505756378
0.5120685696601868 0.13799360394477844 0.23908209800720215
0.5015128254890442 0.11971874535083771 0.23351097106933594
0.4912210702896118 0.10181768238544464 0.22768419981002808
0.48114338517189026 0.08431877940893173 0.22159120440483093
0.47124114632606506 0.06726789474487305 0.21523115038871765
0.4614869952201843 0.05072568729519844 0.20861347019672394
0.4518684446811676 0.03476906567811966 0.20176132023334503
0.4424497187137604 0.01955060288310051 0.19476334750652313
0.4333283305168152 0.005234136246144772 0.18773940205574036
0.4245586097240448 -0.008088416419923306 0.18077562749385834
0.41615548729896545 -0.020385827869176865 0.17392456531524658
0.4081002175807953 -0.031673263758420944 0.16720831394195557
0.4003458619117737 -0.041999392211437225 0.16062204539775848
0.39282020926475525 -0.051436394453048706 0.15413612127304077
0.38542476296424866 -0.06008926033973694 0.1476936638355255
0.3780450224876404 -0.06813934445381165 0.14121201634407043
0.37058737874031067 -0.07575349509716034 0.134622722864151
0.36298561096191406 -0.08306106179952621 0.12788128852844238
0.3552018105983734 -0.09015986323356628 0.1209685429930687
0.3472294807434082 -0.09711885452270508 0.1138940304517746
0.33909809589385986 -0.10397862643003464 0.1067003682255745
0.33087781071662903 -0.11074995249509811 0.09946733713150024
0.3226363956928253 -0.1174134686589241 0.09227515012025833
0.3143833577632904 -0.12393750995397568 0.08515603840351105
0.3061172366142273 -0.13029442727565765 0.0781327337026596
0.29783135652542114 -0.13646242022514343 0.0712227001786232
0.2895134687423706 -0.14242586493492126 0.06443767249584198
0.28114622831344604 -0.14817555248737335 0.057783450931310654
0.2727070152759552 -0.15370871126651764 0.051259804517030716
0.2641703486442566 -0.15902607142925262 0.044863224029541016
0.25552523136138916 -0.16410569846630096 0.03861153498291969
0.2467685043811798 -0.16891375184059143 0.03253382071852684
0.2378939688205719 -0.17342159152030945 0.026654301211237907
0.22889262437820435 -0.1776057630777359 0.02099238894879818
0.21975219249725342 -0.18144777417182922 0.015562642365694046
0.21045762300491333 -0.18493381142616272 0.010375108569860458
0.2009909600019455 -0.18805424869060516 0.0054356553591787815
0.19134379923343658 -0.190811887383461 0.0007430471596308053
0.18154188990592957 -0.19324007630348206 -0.0037182301748543978
0.17161151766777039 -0.19537882506847382 -0.007968787103891373
0.1615714579820633 -0.1972685009241104 -0.012031713500618935
0.15143315494060516 -0.19894938170909882 -0.015932027250528336
0.1412009298801422 -0.2004609853029251 -0.01969625987112522
0.13087233901023865 -0.20184214413166046 -0.023352116346359253
0.12043873220682144 -0.20312735438346863 -0.02692595310509205
0.10990186035633087 -0.2042597085237503 -0.03037874959409237
0.09926466643810272 -0.20508594810962677 -0.03360510990023613
0.08850643783807755 -0.20545244216918945 -0.03650490194559097
0.07758152484893799 -0.20520539581775665 -0.03898361697793007
0.06641799211502075 -0.20418456196784973 -0.040948159992694855
0.054915089160203934 -0.20221491158008575 -0.04230143129825592
0.0429379940032959 -0.19909586012363434 -0.04293599724769592
0.03029060922563076 -0.1945914328098297 -0.042730823159217834
0.016627132892608643 -0.18845073878765106 -0.04157162085175514
0.001576211303472519 -0.18041186034679413 -0.03933348506689072
-0.015191508457064629 -0.17021076381206512 -0.03587774559855461
-0.03393987566232681 -0.1576089859008789 -0.031066501513123512
-0.05483190342783928 -0.14243213832378387 -0.024783069267868996
-0.07788407057523727 -0.12461917102336884 -0.016958754509687424
-0.10291855037212372 -0.10427636653184891 -0.007603819947689772
-0.12958605587482452 -0.08169394731521606 0.003156681777909398
-0.15756019949913025 -0.057214342057704926 0.015118065290153027
-0.18660412728786469 -0.03113282471895218 0.02808395028114319
-0.21659152209758759 -0.003661571769043803 0.04189443588256836
-0.24751916527748108 0.02509252540767193 0.056441280990839005
-0.2795124650001526 0.05514102801680565 0.07167726010084152
-0.31282830238342285 0.0866219699382782 0.08762145042419434
-0.34786340594291687 0.11981180310249329 0.10436996817588806
-0.385207861661911 0.15519578754901886 0.12219081819057465
-0.42574095726013184 0.19355084002017975 0.14154581725597382
-0.4707145690917969 0.23600652813911438 0.16307584941387177
-0.5219005346298218 0.28417903184890747 0.1876729428768158
-0.5818543434143066 0.34041354060173035 0.21661162376403809
-0.6543996930122375 0.4082297384738922 0.2517891228199005
-0.7455447912216187 0.4931660592556 0.2961788773536682
1.028432846069336 0.852873682975769 0.3570012152194977
0.9805259108543396 0.7854738235473633 0.3529089093208313
0.9387271404266357 0.7272602915763855 0.3486059606075287
0.9021779298782349 0.6768818497657776 0.344179630279541
0.8700808882713318 0.6330798864364624 0.33971476554870605
0.8416886925697327 0.5946716666221619 0.3352947235107422
0.8162955045700073 0.5605368614196777 0.33100152015686035
0.7932301163673401 0.529606282711029 0.32691672444343567
0.7718537449836731 0.5008611083030701 0.323119580745697
0.7517468333244324 0.4736386239528656 0.3196203410625458
0.7327657341957092 0.44772791862487793 0.3163370192050934
0.7147882580757141 0.42295312881469727 0.3131827116012573
0.697695791721344 0.39914223551750183 0.3100722134113312
0.6813719868659973 0.37612611055374146 0.3069215714931488
0.6657027006149292 0.3537382185459137 0.30364754796028137
0.6505757570266724 0.3318139314651489 0.30016767978668213
0.6358869075775146 0.31020036339759827 0.29640617966651917
0.6215893030166626 0.288834810256958 0.2923438847064972
0.6076704263687134 0.267707884311676 0.28799018263816833
0.5941271185874939 0.24682384729385376 0.2833568751811981
0.5809645652770996 0.22619955241680145 0.2784583270549774
0.5681959986686707 0.20586399734020233 0.27331164479255676
0.5558411478996277 0.18585769832134247 0.2679373323917389
0.5439264178276062 0.1662321537733078 0.26235923171043396
0.5324576497077942 0.14702990651130676 0.2565910518169403
0.5213795304298401 0.12825541198253632 0.25061529874801636
0.5106332302093506 0.10991614311933517 0.24441435933113098
0.5001659393310547 0.09202869236469269 0.23797620832920074
0.4899310767650604 0.07461807131767273 0.23129487037658691
0.4798882305622101 0.0577162504196167 0.22437068819999695
0.4700031280517578 0.04136046767234802 0.21721044182777405
0.46025165915489197 0.02559632994234562 0.20983079075813293
0.45068761706352234 0.010544747114181519 0.20231519639492035
0.4414033591747284 -0.0036527386400848627 0.1947815716266632
0.4324520528316498 -0.016917256638407707 0.18731462955474854
0.42385023832321167 -0.029223045334219933 0.17996610701084137
0.4155834913253784 -0.04058513790369034 0.17275816202163696
0.40761077404022217 -0.05104842036962509 0.1656864434480667
0.3998672366142273 -0.060679271817207336 0.15872229635715485
0.3922606110572815 -0.06957673281431198 0.15180815756320953
0.3846723437309265 -0.07791930437088013 0.14485269784927368
0.377002477645874 -0.08587224036455154 0.13777795433998108
0.3691791892051697 -0.09356287866830826 0.13053162395954132
0.3611603379249573 -0.10108579695224762 0.12308908998966217
0.3529365658760071 -0.10850463062524796 0.11545718461275101
0.3445368707180023 -0.11585154384374619 0.10767941176891327
0.3360339105129242 -0.12312515079975128 0.0998409166932106
0.32750028371810913 -0.13029329478740692 0.09203067421913147
0.3189503252506256 -0.13731634616851807 0.08428912609815598
0.310386061668396 -0.14416055381298065 0.0766458809375763
0.3018026351928711 -0.1507994830608368 0.06912367790937424
0.2931881248950958 -0.15721476078033447 0.06173774600028992
0.28452369570732117 -0.16339604556560516 0.054495520889759064
0.27578356862068176 -0.16934119164943695 0.04739658907055855
0.2669371962547302 -0.1750524342060089 0.04043605551123619
0.2579668164253235 -0.18050351738929749 0.03363563492894173
0.24886257946491241 -0.18565227091312408 0.02703213319182396
0.23961259424686432 -0.19046157598495483 0.020657677203416824
0.23020309209823608 -0.19489964842796326 0.014539582654833794
0.22061820328235626 -0.1989399939775467 0.008700182661414146
0.21084032952785492 -0.2025611251592636 0.0031570689752697945
0.20085002481937408 -0.20574627816677094 -0.002076671924442053
0.19063986837863922 -0.20849590003490448 -0.006998738739639521
0.18024161458015442 -0.21085482835769653 -0.011631828732788563
0.16968870162963867 -0.21287690103054047 -0.01600571908056736
0.15900687873363495 -0.21461589634418488 -0.02015243098139763
0.14821438491344452 -0.21612489223480225 -0.024105563759803772
0.13732223212718964 -0.2174556404352188 -0.02789982594549656
0.12633444368839264 -0.2186584174633026 -0.03157063201069832
0.11524875462055206 -0.219778373837471 -0.035151220858097076
0.10407377034425735 -0.22076435387134552 -0.03860052675008774
0.09281719475984573 -0.22146448493003845 -0.041802577674388885
0.0814594179391861 -0.22172705829143524 -0.04464774578809738
0.06995236128568649 -0.22140100598335266 -0.047033049166202545
0.05821849778294563 -0.22032992541790009 -0.048857398331165314
0.04614831879734993 -0.21834306418895721 -0.05001534894108772
0.033594731241464615 -0.2152448147535324 -0.050389811396598816
0.02034701779484749 -0.21080341935157776 -0.04984704777598381
0.006054066587239504 -0.20476478338241577 -0.04825283959507942
-0.009653088636696339 -0.1968601495027542 -0.04545872285962105
-0.027096884325146675 -0.18681743741035461 -0.04130139574408531
-0.04652903974056244 -0.17438793182373047 -0.03561897948384285
-0.06809452176094055 -0.15938478708267212 -0.02827415242791176
-0.09178537875413895 -0.1417320966720581 -0.019184663891792297
-0.1173931136727333 -0.12152019143104553 -0.008358926512300968
-0.1445455551147461 -0.0990312322974205 0.004061759449541569
-0.17292042076587677 -0.07461632788181305 0.01784333400428295
-0.20229361951351166 -0.04858178272843361 0.03276241943240166
-0.23255571722984314 -0.02115023322403431 0.04863864928483963
-0.2637232840061188 0.007561968173831701 0.06535182148218155
-0.29594364762306213 0.037558361887931824 0.08285248279571533
-0.3294972777366638 0.06897059828042984 0.10116791725158691
-0.3648071587085724 0.10207165777683258 0.12041571736335754
-0.40249907970428467 0.1373579204082489 0.14092518389225006
-0.4434875249862671 0.1756187230348587 0.16325412690639496
-0.48905131220817566 0.21798202395439148 0.18816037476062775
-0.5409793853759766 0.26604390144348145 0.21668417751789093
-0.6018306016921997 0.32210081815719604 0.2502971589565277
-0.6754027605056763 0.3895714282989502 0.2911701500415802
-0.7676106095314026 0.4737870991230011 0.3426738679409027
1.0389270782470703 0.8484740853309631 0.3830138146877289
0.9906643629074097 0.7797876000404358 0.37827998399734497
0.9490509629249573 0.721178412437439 0.37341704964637756
0.9128774404525757 0.6707786321640015 0.3684768080711365
0.8811418414115906 0.6270279288291931 0.3635163903236389
0.8529942631721497 0.5885891318321228 0.3585999608039856
0.8276969194412231 0.554286777973175 0.3537990152835846
0.8045960068702698 0.5230656266212463 0.3491933047771454
0.7831060290336609 0.49396756291389465 0.3448686897754669
0.7628599405288696 0.4663916528224945 0.3408433496952057
0.7437359094619751 0.44015008211135864 0.3370373249053955
0.7256266474723816 0.4150802791118622 0.3333640396595001
0.7084223628044128 0.39101624488830566 0.32973724603652954
0.6920114159584045 0.3677895665168762 0.32607102394104004
0.676280677318573 0.34522926807403564 0.32227933406829834
0.661115825176239 0.3231619894504547 0.31827616691589355
0.6464067101478577 0.3014223873615265 0.31398141384124756
0.6320943236351013 0.2799353003501892 0.3093705475330353
0.6181535720825195 0.2586827576160431 0.3044482171535492
0.6045712232589722 0.23766416311264038 0.2992228865623474
0.5913441777229309 0.2168954312801361 0.29370713233947754
0.5784795880317688 0.19640810787677765 0.28791823983192444
0.5659934878349304 0.17624884843826294 0.2818785309791565
0.5539102554321289 0.15647827088832855 0.2756156325340271
0.5422409772872925 0.13715507090091705 0.26915135979652405
0.5309501886367798 0.11830808222293854 0.262482225894928
0.5199946165084839 0.09995999932289124 0.2556028962135315
0.5093314051628113 0.08213189989328384 0.24851015210151672
0.49891841411590576 0.06484328210353851 0.24120350182056427
0.4887145459651947 0.04811151325702667 0.23368459939956665
0.4786800742149353 0.031951453536748886 0.22595754265785217
0.4687812924385071 0.016379976645112038 0.21803221106529236
0.4590606093406677 0.0014878833899274468 0.2099844515323639
0.4496029317378998 -0.012605101801455021 0.20192667841911316
0.44045841693878174 -0.025832105427980423 0.19393989443778992
0.43164438009262085 -0.03817150741815567 0.186073899269104
0.4231501519680023 -0.049636803567409515 0.17835035920143127
0.41494059562683105 -0.06026758998632431 0.17076575756072998
0.406958669424057 -0.07012291997671127 0.16329319775104523
0.3991193473339081 -0.07929424196481705 0.15587574243545532
0.3913021981716156 -0.08795606344938278 0.14841485023498535
0.3834022581577301 -0.0962715595960617 0.14082378149032593
0.37534406781196594 -0.10436619073152542 0.1330433338880539
0.3670818507671356 -0.11233165115118027 0.12504367530345917
0.35860466957092285 -0.12022710591554642 0.11682909727096558
0.3499409258365631 -0.12807756662368774 0.10844359546899796
0.34116503596305847 -0.13587115705013275 0.09997667372226715
0.3323535919189453 -0.1435643583536148 0.09152518212795258
0.32352539896965027 -0.15110962092876434 0.0831376165151596
0.31468573212623596 -0.1584671288728714 0.0748501792550087
0.3058313727378845 -0.16560612618923187 0.06669040024280548
0.29695022106170654 -0.17250566184520721 0.05867636948823929
0.2880215048789978 -0.17915479838848114 0.05081640183925629
0.2790158689022064 -0.18555235862731934 0.04310894012451172
0.26989737153053284 -0.19170236587524414 0.0355469211935997
0.26064157485961914 -0.19757205247879028 0.02815740369260311
0.25123220682144165 -0.20310744643211365 0.020987527444958687
0.24165132641792297 -0.20825977623462677 0.014079681597650051
0.23187963664531708 -0.21298591792583466 0.0074711451306939125
0.22189629077911377 -0.21724839508533478 0.001193876494653523
0.21167927980422974 -0.22101536393165588 -0.004725362174212933
0.20120523869991302 -0.22426019608974457 -0.010264798998832703
0.1904650628566742 -0.2269797921180725 -0.01541820913553238
0.17949460446834564 -0.22923316061496735 -0.020217888057231903
0.16833336651325226 -0.23109117150306702 -0.02470521442592144
0.1570143699645996 -0.23262397944927216 -0.028923023492097855
0.1455640196800232 -0.2339000701904297 -0.03291497379541397
0.13400229811668396 -0.23498599231243134 -0.03672505170106888
0.1223430335521698 -0.23594579100608826 -0.04039717838168144
0.11059446632862091 -0.23683758080005646 -0.04397201910614967
0.09877343475818634 -0.23761723935604095 -0.04740613326430321
0.08689077943563461 -0.23813429474830627 -0.05057187005877495
0.07492612302303314 -0.23823858797550201 -0.053348809480667114
0.06282735615968704 -0.23778142035007477 -0.05562426522374153
0.05050972104072571 -0.23660913109779358 -0.0572877936065197
0.037853460758924484 -0.2345547378063202 -0.058224309235811234
0.02469790354371071 -0.23142720758914948 -0.058305803686380386
0.010817259550094604 -0.22699910402297974 -0.057384852319955826
-0.004140723962336779 -0.22101499140262604 -0.05530903860926628
-0.02053699642419815 -0.21320274472236633 -0.051909592002630234
-0.03868185728788376 -0.20328578352928162 -0.04700245335698128
-0.05881054326891899 -0.19100919365882874 -0.04040612280368805
-0.08104731142520905 -0.1761767566204071 -0.031966954469680786
-0.10535994917154312 -0.1586989462375641 -0.021592678502202034
-0.13151365518569946 -0.13864769041538239 -0.009291554801166058
-0.1591220200061798 -0.11629009991884232 0.004780906718224287
-0.1878759264945984 -0.09197688847780228 0.02036709152162075
-0.21757028996944427 -0.06601767987012863 0.03722226619720459
-0.24811573326587677 -0.03864065557718277 0.05514993891119957
-0.2795485258102417 -0.009969674982130527 0.07402055710554123
-0.3120347559452057 0.019989699125289917 0.09378311783075333
-0.345872700214386 0.05135877802968025 0.11447201669216156
-0.38150396943092346 0.08440093696117401 0.13622397184371948
-0.4195898771286011 0.1196238249540329 0.15943081676959991
-0.4610842168331146 0.15783323347568512 0.18474863469600677
-0.5072923302650452 0.2001560777425766 0.21304990351200104
-0.5600135326385498 0.24816367030143738 0.2455141395330429
-0.6217904686927795 0.30408984422683716 0.2837887406349182
-0.69635409116745 0.3712216317653656 0.3302749991416931
-0.7894399762153625 0.4546191692352295 0.38865208625793457
1.0493963956832886 0.8440547585487366 0.40895766019821167
1.000667691230774 0.7738754749298096 0.4035871624946594
0.9592308402061462 0.7148053050041199 0.398216187953949
0.9234707951545715 0.6643741130828857 0.3928421437740326
0.8921558856964111 0.620681881904602 0.38748106360435486
0.8643200993537903 0.582219660282135 0.38216733932495117
0.839184582233429 0.5477502346038818 0.37695345282554626
0.8161081671714783 0.5162314772605896 0.37191033363342285
0.7945569157600403 0.48677265644073486 0.36712467670440674
0.7742154598236084 0.45883846282958984 0.3626210391521454
0.7549818754196167 0.43226075172424316 0.35832321643829346
0.736761748790741 0.4068871736526489 0.35414692759513855
0.7194544672966003 0.38255709409713745 0.35000699758529663
0.7029545307159424 0.35910293459892273 0.34581759572029114
0.6871515512466431 0.33635082840919495 0.3414922058582306
0.6719314455986023 0.31412115693092346 0.3369434177875519
0.6571821570396423 0.2922397553920746 0.33208921551704407
0.6428358554840088 0.27062365412712097 0.32690078020095825
0.6288571953773499 0.24924986064434052 0.32137906551361084
0.6152236461639404 0.228115051984787 0.3155299127101898
0.6019245386123657 0.20723451673984528 0.3093647360801697
0.5889606475830078 0.18664129078388214 0.3029010593891144
0.5763425230979919 0.1663852483034134 0.29616308212280273
0.5640901327133179 0.146531879901886 0.28918203711509705
0.5522183775901794 0.12715056538581848 0.281987726688385
0.5407097339630127 0.10828841477632523 0.2745923101902008
0.5295367240905762 0.08997887372970581 0.26700377464294434
0.5186663269996643 0.07224448770284653 0.25922873616218567
0.5080615282058716 0.055097971111536026 0.2512722313404083
0.4976816773414612 0.03854275867342949 0.24313759803771973
0.48748335242271423 0.02257378399372101 0.2348264455795288
0.47742533683776855 0.007183097768574953 0.22634215652942657
0.4675382673740387 -0.00756624573841691 0.2177509367465973
0.457897812128067 -0.02157568372786045 0.20915664732456207
0.4485495090484619 -0.03478960320353508 0.2006346732378006
0.4395105838775635 -0.04718974605202675 0.19223184883594513
0.43077352643013 -0.05878724902868271 0.1839691549539566
0.4223094880580902 -0.06961563229560852 0.17584441602230072
0.414069265127182 -0.07972553372383118 0.16783346235752106
0.405976265668869 -0.08919957280158997 0.15988169610500336
0.39790967106819153 -0.09820712357759476 0.15188466012477875
0.389761745929718 -0.10690871626138687 0.14374804496765137
0.38145413994789124 -0.11542759835720062 0.1354062855243683
0.3729390799999237 -0.12385280430316925 0.1268249899148941
0.36420413851737976 -0.1322394460439682 0.11800596117973328
0.35527780652046204 -0.14060640335083008 0.10899345576763153
0.34623533487319946 -0.1489328294992447 0.09988030791282654
0.3371565341949463 -0.157165065407753 0.09077023714780807
0.32806485891342163 -0.16524773836135864 0.08171965181827545
0.3189687132835388 -0.17313499748706818 0.07277105748653412
0.3098663091659546 -0.18079212307929993 0.06395623087882996
0.3007451891899109 -0.1881961077451706 0.05529530346393585
0.2915824055671692 -0.19533593952655792 0.04679642245173454
0.28234460949897766 -0.20221228897571564 0.03845571354031563
0.27299031615257263 -0.20883150398731232 0.030262921005487442
0.2634895443916321 -0.21515251696109772 0.02225193940103054
0.25382065773010254 -0.22110678255558014 0.014482901431620121
0.24396003782749176 -0.22663141787052155 0.0070105004124343395
0.23388227820396423 -0.2316698282957077 -0.00011641547462204471
0.22356024384498596 -0.23617181181907654 -0.006855065003037453
0.212965190410614 -0.2400931715965271 -0.01316856499761343
0.20206676423549652 -0.24339559674263 -0.019025657325983047
0.19085007905960083 -0.24607113003730774 -0.0244162455201149
0.17935137450695038 -0.24819479882717133 -0.029384521767497063
0.16761405766010284 -0.24985641241073608 -0.033985428512096405
0.15567757189273834 -0.251144140958786 -0.03827396035194397
0.14357736706733704 -0.25214365124702454 -0.04230465367436409
0.13134467601776123 -0.25293782353401184 -0.04613124579191208
0.1190069317817688 -0.25360652804374695 -0.049806393682956696
0.10658767074346542 -0.25422242283821106 -0.053378116339445114
0.0941140353679657 -0.25474995374679565 -0.05679985508322716
0.08159805834293365 -0.25504037737846375 -0.05993076041340828
0.0690167173743248 -0.25494495034217834 -0.06263791024684906
0.05631206929683685 -0.2543165683746338 -0.06479713320732117
0.04339055344462395 -0.25300392508506775 -0.06628692150115967
0.030120665207505226 -0.2508431375026703 -0.06698082387447357
0.016326723620295525 -0.24764707684516907 -0.06673816591501236
0.0017674821428954601 -0.24319292604923248 -0.0653967335820198
-0.013905645348131657 -0.23722565174102783 -0.06278829276561737
-0.031039204448461533 -0.2294723093509674 -0.05872797593474388
-0.04992551729083061 -0.21965529024600983 -0.05301599204540253
-0.07077842950820923 -0.20751690864562988 -0.04545662924647331
-0.09369830787181854 -0.19285422563552856 -0.03588521480560303
-0.11862830072641373 -0.1755652129650116 -0.0242037121206522
-0.14531102776527405 -0.15570124983787537 -0.010422240942716599
-0.17335383594036102 -0.13350823521614075 0.0052921888418495655
-0.20246967673301697 -0.10932832956314087 0.02266572043299675
-0.23247899115085602 -0.08346777409315109 0.041439276188611984
-0.2633157968521118 -0.05615592375397682 0.06140553951263428
-0.2950364649295807 -0.027522427961230278 0.08242868632078171
-0.3278234004974365 0.002416925271973014 0.10445690900087357
-0.3619878590106964 0.03376933932304382 0.12753023207187653
-0.39798346161842346 0.06678280234336853 0.1518011838197708
-0.43650728464126587 0.10197607427835464 0.17772623896598816
-0.47855687141418457 0.14017461240291595 0.20606352388858795
-0.5254641771316528 0.1825043112039566 0.23779898881912231
-0.5790316462516785 0.23050612211227417 0.27424174547195435
-0.6417672038078308 0.2863371968269348 0.3171919584274292
-0.7172945141792297 0.35312339663505554 0.369233101606369
-0.8110904693603516 0.43559515476226807 0.4342552423477173
1.0597870349884033 0.8396254181861877 0.43472152948379517
1.0104678869247437 0.7677454948425293 0.42869290709495544
0.9691696763038635 0.708145797252655 0.42282775044441223
0.9338214993476868 0.6576676964759827 0.41705307364463806
0.9029447436332703 0.6140397191047668 0.4113348722457886
0.8754488825798035 0.5755675435066223 0.40567171573638916
0.8505104780197144 0.5409466028213501 0.4000924825668335
0.8274972438812256 0.5091469883918762 0.3946554362773895
0.8059247732162476 0.47934773564338684 0.3894455134868622
0.7855265736579895 0.45107898116111755 0.38449186086654663
0.7662156820297241 0.42418617010116577 0.37972214818000793
0.747907817363739 0.398523211479187 0.3750547766685486
0.7305102348327637 0.37393298745155334 0.3704065680503845
0.7139237523078918 0.3502490818500519 0.36569303274154663
0.6980425715446472 0.32729658484458923 0.3608283996582031
0.6827561259269714 0.30489298701286316 0.3557254374027252
0.6679534316062927 0.28286007046699524 0.35030171275138855
0.6535618305206299 0.2611120939254761 0.344526082277298
0.6395381093025208 0.23962469398975372 0.33839666843414307
0.625852108001709 0.21839366853237152 0.33191749453544617
0.6124861240386963 0.19743388891220093 0.3250991702079773
0.5994335412979126 0.1767784208059311 0.31795933842658997
0.5866984724998474 0.15647749602794647 0.31052345037460327
0.5742945075035095 0.13659703731536865 0.30282506346702576
0.5622373223304749 0.11721108108758926 0.2949010729789734
0.5505253076553345 0.09837861359119415 0.28677889704704285
0.5391445159912109 0.08013924956321716 0.27847978472709656
0.5280717015266418 0.06251485645771027 0.2700199782848358
0.5172748565673828 0.04551134258508682 0.2614101469516754
0.5067149996757507 0.029120294377207756 0.2526554763317108
0.49634692072868347 0.01332058198750019 0.24375565350055695
0.4861237704753876 -0.0019155202899128199 0.23470833897590637
0.4760653078556061 -0.016549628227949142 0.22556903958320618
0.46623581647872925 -0.030503831803798676 0.2164306640625
0.45667564868927 -0.043733492493629456 0.20736150443553925
0.4474011957645416 -0.05622363090515137 0.19840484857559204
0.4384079873561859 -0.067982979118824 0.1895812302827835
0.42967313528060913 -0.07903877645730972 0.1808905005455017
0.42115649580955505 -0.08943293243646622 0.17231272161006927
0.4127903878688812 -0.09923843294382095 0.16379748284816742
0.40445566177368164 -0.10861838608980179 0.15523596107959747
0.3960428535938263 -0.11772965639829636 0.14652736485004425
0.38747185468673706 -0.12669266760349274 0.1376006305217743
0.3786941468715668 -0.13559354841709137 0.12841741740703583
0.3696964383125305 -0.14448335766792297 0.11897733062505722
0.36050698161125183 -0.15337520837783813 0.10932452231645584
0.35120147466659546 -0.16224050521850586 0.09955422580242157
0.341862291097641 -0.1710163652896881 0.08977608382701874
0.33251768350601196 -0.17963945865631104 0.0800543949007988
0.3231794834136963 -0.18805815279483795 0.0704377293586731
0.31384748220443726 -0.1962341070175171 0.06096149981021881
0.304508775472641 -0.20414306223392487 0.05164695903658867
0.2951381206512451 -0.21177487075328827 0.04250087961554527
0.2856981158256531 -0.21913306415081024 0.033515747636556625
0.27614182233810425 -0.22622723877429962 0.02467690408229828
0.26643550395965576 -0.23300714790821075 0.016026536002755165
0.2565544843673706 -0.23938807845115662 0.007640055380761623
0.24647031724452972 -0.24529217183589935 -0.00041414162842556834
0.23615171015262604 -0.25064897537231445 -0.00807498674839735
0.2255639284849167 -0.25539514422416687 -0.015288778580725193
0.2146691083908081 -0.259473979473114 -0.022008730098605156
0.20342610776424408 -0.26283472776412964 -0.028194403275847435
0.19180922210216522 -0.2654639482498169 -0.03383258730173111
0.17984962463378906 -0.2674526274204254 -0.03898124396800995
0.1675906777381897 -0.26890963315963745 -0.04371009021997452
0.15507625043392181 -0.26994073390960693 -0.04808662086725235
0.1423504799604416 -0.2706487774848938 -0.052176132798194885
0.12945792078971863 -0.2711332142353058 -0.05604160577058792
0.11644317954778671 -0.27149027585983276 -0.05974368378520012
0.10335083305835724 -0.2718086540699005 -0.06333684921264648
0.09022074192762375 -0.27206218242645264 -0.0667700543999672
0.07706406712532043 -0.27210450172424316 -0.06988713145256042
0.06385321170091629 -0.2717882990837097 -0.07254043966531754
0.050522733479738235 -0.27096790075302124 -0.07459196448326111
0.03696862608194351 -0.26949363946914673 -0.07590682804584503
0.023046156391501427 -0.267204225063324 -0.07634499669075012
0.008563246577978134 -0.2639162838459015 -0.07575102150440216
-0.006737138610333204 -0.259411484003067 -0.07394647598266602
-0.02319427765905857 -0.2534369230270386 -0.07075044512748718
-0.04113290458917618 -0.2457212209701538 -0.06596749275922775
-0.060820695012807846 -0.23598870635032654 -0.0593881718814373
-0.08244441449642181 -0.2239815890789032 -0.05080902948975563
-0.1060766726732254 -0.20949269831180573 -0.04006068781018257
-0.13163495063781738 -0.19240808486938477 -0.027044354006648064
-0.15884199738502502 -0.17275670170783997 -0.011774332262575626
-0.1873062252998352 -0.1507575809955597 0.005574027542024851
-0.21677176654338837 -0.12673749029636383 0.024719249457120895
-0.24709118902683258 -0.10099349170923233 0.045396097004413605
-0.2782258689403534 -0.07375234365463257 0.06739261001348495
-0.3102535307407379 -0.045148272067308426 0.09057028591632843
-0.3433713912963867 -0.01520848274230957 0.11487738788127899
-0.3778998553752899 0.016156373545527458 0.14035765826702118
-0.4142986834049225 0.04917316883802414 0.16717563569545746
-0.4533020853996277 0.08437113463878632 0.19585540890693665
-0.49595627188682556 0.12259790301322937 0.22726324200630188
-0.5436201095581055 0.16497719287872314 0.2624983787536621
-0.5980923175811768 0.2130133956670761 0.30299022793769836
-0.6618269681930542 0.26877182722091675 0.35066694021224976
-0.7383019924163818 0.33518823981285095 0.4082421362400055
-0.832662045955658 0.4166106879711151 0.4797142446041107
1.069764494895935 0.835444986820221 0.45969539880752563
1.0197246074676514 0.7616708874702454 0.45292264223098755
0.9784862399101257 0.7014509439468384 0.44651472568511963
0.9434906840324402 0.6508728265762329 0.4403122365474701
0.9130067825317383 0.6072763204574585 0.4342232942581177
0.8858228325843811 0.568778932094574 0.4282075762748718
0.8610703945159912 0.5340068936347961 0.42226800322532654
0.8381242752075195 0.501939594745636 0.41644859313964844
0.8165468573570251 0.4718230366706848 0.41083088517189026
0.7961152195930481 0.4432477653026581 0.4054473340511322
0.7767511010169983 0.41606542468070984 0.400227427482605
0.7583756446838379 0.39013153314590454 0.39509087800979614
0.7409021854400635 0.36529070138931274 0.3899557292461395
0.7242369055747986 0.3413775861263275 0.38473838567733765
0.7082802057266235 0.3182187080383301 0.3793538510799408
0.6929264664649963 0.2956325113773346 0.3737153708934784
0.6780694723129272 0.27344194054603577 0.36774080991744995
0.6636348366737366 0.25156286358833313 0.3613981604576111
0.649574339389801 0.2299720197916031 0.354684442281723
0.6358516812324524 0.20866529643535614 0.3476029634475708
0.6224423050880432 0.18765662610530853 0.3401639759540558
0.6093325018882751 0.1669771671295166 0.332385390996933
0.5965185761451721 0.14667412638664246 0.3242931067943573
0.584006130695343 0.1268094778060913 0.31592169404029846
0.5718086957931519 0.10745618492364883 0.3073130249977112
0.5599368214607239 0.08867930620908737 0.298507958650589
0.548387885093689 0.07052119076251984 0.28953948616981506
0.5371465682983398 0.05300191417336464 0.28043222427368164
0.5261860489845276 0.03612172231078148 0.27120187878608704
0.515469491481781 0.01986333169043064 0.26185551285743713
0.5049511790275574 0.004193976055830717 0.25239142775535583
0.49458104372024536 -0.01092835608869791 0.24280257523059845
0.4843680262565613 -0.025486689060926437 0.23313312232494354
0.47436460852622986 -0.03942323103547096 0.22346319258213043
0.46460437774658203 -0.05270439386367798 0.21385282278060913
0.4551025331020355 -0.06531880795955658 0.20434127748012543
0.4458572566509247 -0.07727331668138504 0.19494886696338654
0.43685176968574524 -0.08858919888734818 0.1856781244277954
0.42805492877960205 -0.09929964691400528 0.17651470005512238
0.41940948367118835 -0.1094675287604332 0.16741438210010529
0.41079917550086975 -0.11924812197685242 0.15826624631881714
0.4021148681640625 -0.12879322469234467 0.1489647924900055
0.39327654242515564 -0.13821916282176971 0.1394350677728653
0.3842351734638214 -0.1476079523563385 0.1296360045671463
0.3749777674674988 -0.1570058912038803 0.11956590414047241
0.3655325472354889 -0.16642016172409058 0.10926923900842667
0.355974942445755 -0.17581477761268616 0.09884310513734818
0.3463890254497528 -0.18511849641799927 0.08840225636959076
0.3368082344532013 -0.19426047801971436 0.07801873981952667
0.3272479772567749 -0.20318388938903809 0.06774670630693436
0.31770962476730347 -0.21184790134429932 0.05762432888150215
0.3081798553466797 -0.22022821009159088 0.04767283797264099
0.29863113164901733 -0.2283170074224472 0.037896376103162766
0.28902214765548706 -0.23612217605113983 0.028282396495342255
0.27930089831352234 -0.24365782737731934 0.01881067082285881
0.2694321274757385 -0.2508649528026581 0.00953247956931591
0.25939005613327026 -0.25764310359954834 0.0005396169144660234
0.2491431087255478 -0.2639006972312927 -0.008085766807198524
0.2386540323495865 -0.26955512166023254 -0.016271209344267845
0.22787964344024658 -0.2745317816734314 -0.02395346760749817
0.21677081286907196 -0.27876296639442444 -0.031077511608600616
0.2052721083164215 -0.2821865975856781 -0.03759537637233734
0.19334180653095245 -0.28478360176086426 -0.04349216818809509
0.1810002624988556 -0.28665903210639954 -0.04884058237075806
0.16828607022762299 -0.28793784976005554 -0.0537249892950058
0.15524429082870483 -0.28874078392982483 -0.05822452902793884
0.14192670583724976 -0.28918519616127014 -0.06241385266184807
0.12839186191558838 -0.28938546776771545 -0.06636355072259903
0.1147051528096199 -0.28945299983024597 -0.07014039903879166
0.10093746334314346 -0.28949207067489624 -0.0738033801317215
0.08714406937360764 -0.28948649764060974 -0.07729468494653702
0.07333358377218246 -0.2892928421497345 -0.0804402083158493
0.05947220325469971 -0.2887652814388275 -0.08307462930679321
0.0454854816198349 -0.28775930404663086 -0.08504322916269302
0.031257741153240204 -0.2861268222332001 -0.0861949622631073
0.016629718244075775 -0.2837086319923401 -0.08637358248233795
0.0013917613541707397 -0.2803248465061188 -0.08540643006563187
-0.014728996902704239 -0.27576202154159546 -0.08309738337993622
-0.03205638378858566 -0.2697712182998657 -0.07925662398338318
-0.05088545009493828 -0.26208531856536865 -0.07368434965610504
-0.07145220786333084 -0.2524331212043762 -0.0661681592464447
-0.0939105972647667 -0.2405598908662796 -0.056503940373659134
-0.11830151081085205 -0.22625616192817688 -0.04452409967780113
-0.14451566338539124 -0.2093970626592636 -0.03013412468135357
-0.1722584366798401 -0.18998771905899048 -0.013354558497667313
-0.201146200299263 -0.16821560263633728 0.005634630564600229
-0.23096239566802979 -0.1443859487771988 0.026553504168987274
-0.2615981996059418 -0.11878138035535812 0.049139272421598434
-0.29304617643356323 -0.09162243455648422 0.07318178564310074
-0.3254067599773407 -0.06304633617401123 0.09854364395141602
-0.35889118909835815 -0.03309253230690956 0.12517394125461578
-0.3938255310058594 -0.0016927385004237294 0.15311791002750397
-0.4306708574295044 0.03135362267494202 0.18254761397838593
-0.4701993763446808 0.06658566743135452 0.2140578031539917
-0.5135105848312378 0.10487533360719681 0.24862933158874512
-0.5619902610778809 0.14734312891960144 0.2874746024608612
-0.6174257397651672 0.19545067846775055 0.3321327865123749
-0.6821986436843872 0.25115782022476196 0.38463294506073
-0.759604275226593 0.3171851634979248 0.4477632939815521
-0.8543913960456848 0.3974587917327881 0.5255260467529297
1.078674554824829 0.8320508003234863 0.4826951026916504
1.0278239250183105 0.7561964392662048 0.4750710129737854
0.9865418672561646 0.6952020525932312 0.46804752945899963
0.9517863392829895 0.6443839073181152 0.46136415004730225
0.9215909838676453 0.6007018089294434 0.45486652851104736
0.8946342468261719 0.5620927214622498 0.44847404956817627
0.8700088262557983 0.5271157026290894 0.4421640932559967
0.8470976948738098 0.4947551190853119 0.4359666705131531
0.8255049586296082 0.46431398391723633 0.4299600124359131
0.8050437569618225 0.435432106256485 0.4241778552532196
0.7856376767158508 0.4079605042934418 0.4185481667518616
0.7672094702720642 0.38175252079963684 0.41298937797546387
0.7496750950813293 0.35665246844291687 0.4074181914329529
0.7329453229904175 0.33249717950820923 0.40174996852874756
0.7169257402420044 0.30911630392074585 0.3958987593650818
0.7015175819396973 0.28633344173431396 0.38977739214897156
0.6866214871406555 0.2639777660369873 0.3833034038543701
0.6721640229225159 0.24196933209896088 0.3764455020427704
0.6580937504768372 0.220286563038826 0.3692016899585724
0.6443696618080139 0.19892464578151703 0.36157622933387756
0.6309611201286316 0.17789502441883087 0.35358017683029175
0.6178470849990845 0.15722405910491943 0.34523212909698486
0.6050152778625488 0.13695241510868073 0.33655840158462524
0.5924621820449829 0.11713361740112305 0.32759368419647217
0.5801966190338135 0.09783456474542618 0.3183830678462982
0.5682375431060791 0.07912234961986542 0.30897775292396545
0.5565907955169678 0.06104002892971039 0.299420028924942
0.5452471375465393 0.04360580071806908 0.2897408902645111
0.5341842174530029 0.02681591920554638 0.2799599766731262
0.523367702960968 0.010647175833582878 0.27008578181266785
0.5127524733543396 -0.004940713290125132 0.26011547446250916
0.5022867321968079 -0.019999317824840546 0.25003814697265625
0.49196919798851013 -0.03452996164560318 0.2398861050605774
0.4818390905857086 -0.048494186252355576 0.22972507774829865
0.4719226062297821 -0.06186942756175995 0.21960557997226715
0.4622325599193573 -0.0746484026312828 0.20956222712993622
0.45276904106140137 -0.0868365466594696 0.19961465895175934
0.4435209631919861 -0.09844965487718582 0.18976861238479614
0.43446609377861023 -0.10951222479343414 0.1800161451101303
0.4255579710006714 -0.1200762614607811 0.17032089829444885
0.41668614745140076 -0.1302872896194458 0.1605731099843979
0.4077438414096832 -0.14028970897197723 0.15066573023796082
0.39865297079086304 -0.15019357204437256 0.1405227929353714
0.38936612010002136 -0.16007491946220398 0.1301029771566391
0.3798713684082031 -0.16997365653514862 0.11940541118383408
0.3701973259449005 -0.1798902004957199 0.1084761843085289
0.36041852831840515 -0.18978136777877808 0.0974145457148552
0.3506198227405548 -0.19956861436367035 0.08633960783481598
0.34083929657936096 -0.20917515456676483 0.07533019781112671
0.3310955762863159 -0.21854093670845032 0.06444469094276428
0.32139116525650024 -0.2276245653629303 0.05372254177927971
0.31171226501464844 -0.2364039272069931 0.04318348318338394
0.3020291030406952 -0.24487543106079102 0.032827526330947876
0.2922966182231903 -0.2530529499053955 0.022635802626609802
0.2824587821960449 -0.26095664501190186 0.012581607326865196
0.2724800109863281 -0.2685203552246094 0.002725088270381093
0.2623351216316223 -0.27563047409057617 -0.006826167926192284
0.25198987126350403 -0.2821846306324005 -0.015977751463651657
0.24140119552612305 -0.288091242313385 -0.024647947400808334
0.2305167317390442 -0.2932678163051605 -0.032766517251729965
0.2192746251821518 -0.29763874411582947 -0.04027288034558296
0.20760256052017212 -0.3011329174041748 -0.04711412265896797
0.19543904066085815 -0.3037261366844177 -0.05327549949288368
0.18278884887695312 -0.3055339455604553 -0.058844201266765594
0.16968171298503876 -0.30669257044792175 -0.06391794979572296
0.15616050362586975 -0.3073329031467438 -0.06858562678098679
0.14228267967700958 -0.3075825273990631 -0.07292896509170532
0.12812088429927826 -0.3075667917728424 -0.07702363282442093
0.11376333236694336 -0.3074096143245697 -0.08093984425067902
0.09931190311908722 -0.3072285056114197 -0.08473821729421616
0.08483980596065521 -0.3070167005062103 -0.08835108578205109
0.0703519955277443 -0.30663374066352844 -0.09158307313919067
0.05580731853842735 -0.30593520402908325 -0.09424769878387451
0.041121456772089005 -0.30477771162986755 -0.09617011249065399
0.02616613730788231 -0.30301427841186523 -0.09717997163534164
0.010766737163066864 -0.30048778653144836 -0.09710194170475006
-0.005304692778736353 -0.2970217168331146 -0.09574367851018906
-0.022336427122354507 -0.2924081087112427 -0.09289007633924484
-0.04063069075345993 -0.2864040732383728 -0.08834642916917801
-0.06044524535536766 -0.278749942779541 -0.0819149762392044
-0.08197790384292603 -0.26918232440948486 -0.0733872652053833
-0.10534465312957764 -0.25745221972465515 -0.06256522983312607
-0.13055169582366943 -0.24335087835788727 -0.04928914085030556
-0.1574627161026001 -0.22674411535263062 -0.03347298130393028
-0.1857689619064331 -0.20761285722255707 -0.015144550241529942
-0.2151012122631073 -0.18610993027687073 0.005515997763723135
-0.2452891767024994 -0.16251325607299805 0.028239216655492783
-0.27626755833625793 -0.13708576560020447 0.05277300626039505
-0.3080630898475647 -0.11003758758306503 0.07891523838043213
-0.34079980850219727 -0.08150655776262283 0.10653310269117355
-0.37470176815986633 -0.0515439435839653 0.13557711243629456
-0.4100976288318634 -0.02010437659919262 0.16609132289886475
-0.44744452834129333 0.012982559390366077 0.19825007021427155
-0.48755261301994324 0.04826586693525314 0.23272046446800232
-0.5315775871276855 0.08664432168006897 0.2706024944782257
-0.5809301733970642 0.1292351484298706 0.3132193386554718
-0.6373781561851501 0.17745305597782135 0.36220672726631165
-0.7032119631767273 0.23314285278320312 0.4196638762950897
-0.7815122604370117 0.29879438877105713 0.4883961081504822
-0.8765836358070374 0.37789231538772583 0.5723080635070801
1.0858279466629028 0.8300008177757263 0.5024585723876953
1.034175157546997 0.7518526315689087 0.49398505687713623
0.9927610158920288 0.6898386478424072 0.4863378703594208
0.9581143260002136 0.6385396122932434 0.4791567921638489
0.9280706644058228 0.5945640206336975 0.47223061323165894
0.901221752166748 0.555683970451355 0.4654445946216583
0.8766334652900696 0.5203933715820312 0.45875659584999084
0.8536989092826843 0.4876731336116791 0.45218780636787415
0.8320596218109131 0.45686665177345276 0.44581708312034607
0.8115566968917847 0.4276469051837921 0.439679354429245
0.7921095490455627 0.3998580574989319 0.4336972236633301
0.7736377716064453 0.3733479380607605 0.4277837574481964
0.7560571432113647 0.3479596674442291 0.4218509793281555
0.7392808794975281 0.32353246212005615 0.4158102571964264
0.723219633102417 0.2999020516872406 0.40957215428352356
0.7077817916870117 0.2769007980823517 0.40304675698280334
0.6928761601448059 0.2543686330318451 0.3961498737335205
0.6784319281578064 0.23223121464252472 0.38885214924812317
0.6643953919410706 0.210467129945755 0.3811546266078949
0.6507218480110168 0.18906912207603455 0.37306439876556396
0.6373746395111084 0.16804322600364685 0.36459460854530334
0.6243252754211426 0.14740799367427826 0.3557652235031128
0.6115522980690002 0.1271936446428299 0.34660354256629944
0.5990419387817383 0.10744114220142365 0.33714401721954346
0.5867965817451477 0.08820727467536926 0.32743364572525024
0.5748398303985596 0.06955843418836594 0.3175306022167206
0.563183069229126 0.05153748393058777 0.3074835240840912
0.5518220663070679 0.0341612882912159 0.2973276972770691
0.5407378077507019 0.017423732206225395 0.2870853543281555
0.5298986434936523 0.0012983597116544843 0.2767656743526459
0.519260585308075 -0.014259342104196548 0.26636481285095215
0.5087712407112122 -0.029306698590517044 0.2558685541152954
0.4984196722507477 -0.04386049136519432 0.2452971637248993
0.4882313907146454 -0.057900477200746536 0.2347007691860199
0.4782242774963379 -0.07141491025686264 0.2241194099187851
0.468407541513443 -0.08440084010362625 0.21358217298984528
0.45878228545188904 -0.09686282277107239 0.2031075805425644
0.4493422508239746 -0.1088114008307457 0.19270430505275726
0.44007357954978943 -0.12026233226060867 0.18237121403217316
0.43094101548194885 -0.13125592470169067 0.1720813363790512
0.42184215784072876 -0.14192530512809753 0.1617298722267151
0.4126759171485901 -0.1524045169353485 0.1512126475572586
0.4033683240413666 -0.1627945601940155 0.14045661687850952
0.39387568831443787 -0.17316295206546783 0.12942378222942352
0.3841882646083832 -0.18354126811027527 0.11811691522598267
0.37433546781539917 -0.1939219832420349 0.10658566653728485
0.3643902838230133 -0.20425496995449066 0.09493204206228256
0.3544367849826813 -0.21445634961128235 0.08327840268611908
0.3445161283016205 -0.22444632649421692 0.07170803099870682
0.3346492052078247 -0.2341645509004593 0.0602811761200428
0.3248388469219208 -0.2435721457004547 0.04903635010123253
0.3150702714920044 -0.2526516318321228 0.037989694625139236
0.30531156063079834 -0.2614057958126068 0.027135580778121948
0.29551464319229126 -0.26985618472099304 0.016447780653834343
0.2856201231479645 -0.2780300974845886 0.005892472807317972
0.27559322118759155 -0.2858566641807556 -0.004462310113012791
0.2654096782207489 -0.29321253299713135 -0.014495034702122211
0.25503283739089966 -0.299988329410553 -0.02410145103931427
0.24441368877887726 -0.306087464094162 -0.033193375915288925
0.23349030315876007 -0.311423122882843 -0.04169653728604317
0.22218716144561768 -0.3159152567386627 -0.049547795206308365
0.21041379868984222 -0.3194870054721832 -0.0566922128200531
0.19808655977249146 -0.32211023569107056 -0.06311710923910141
0.18519164621829987 -0.3239065110683441 -0.0689232125878334
0.1717464178800583 -0.32501834630966187 -0.07421968877315521
0.15778860449790955 -0.3255813717842102 -0.07910294085741043
0.14337895810604095 -0.32572823762893677 -0.08365927636623383
0.12860321998596191 -0.3255907893180847 -0.08796659857034683
0.11357349157333374 -0.3253011107444763 -0.09209546446800232
0.0984259843826294 -0.32498669624328613 -0.09610467404127121
0.08325406908988953 -0.3246481418609619 -0.09991294890642166
0.06805825233459473 -0.3241473138332367 -0.10329952090978622
0.05278945714235306 -0.3233409523963928 -0.10605264455080032
0.037352852523326874 -0.32208624482154846 -0.10797341167926788
0.021607037633657455 -0.32023707032203674 -0.10886859148740768
0.005361637100577354 -0.3176380693912506 -0.10854075103998184
-0.011629842221736908 -0.3141162395477295 -0.10677537322044373
-0.029670128598809242 -0.30946940183639526 -0.10333729535341263
-0.049033619463443756 -0.30346348881721497 -0.09803136438131332
-0.06993342936038971 -0.2958495020866394 -0.09066852927207947
-0.09252309799194336 -0.28637510538101196 -0.08105114102363586
-0.11687642335891724 -0.2748005986213684 -0.06899381428956985
-0.14296294748783112 -0.26092076301574707 -0.05435021221637726
-0.1706201583147049 -0.24459442496299744 -0.03704613819718361
-0.19952909648418427 -0.2257794290781021 -0.0171166080981493
-0.2293412834405899 -0.2045920491218567 0.005263061262667179
-0.2599380612373352 -0.18127821385860443 0.029842456802725792
-0.29130128026008606 -0.15607613325119019 0.056387946009635925
-0.3234938681125641 -0.12918123602867126 0.08471131324768066
-0.35666364431381226 -0.10072868317365646 0.1146877259016037
-0.3910464346408844 -0.070779949426651 0.1462695151567459
-0.42696985602378845 -0.039312951266765594 0.17949669063091278
-0.4648820459842682 -0.006189708132296801 0.21454013884067535
-0.50562983751297 0.02914927527308464 0.25213906168937683
-0.5504251718521118 0.06763243675231934 0.293514609336853
-0.6007007360458374 0.11037462949752808 0.34009578824043274
-0.6581957936286926 0.15874190628528595 0.3935987055301666
-0.7250930666923523 0.2144593894481659 0.45616060495376587
-0.8042334318161011 0.2797803580760956 0.5305471420288086
-0.8994481563568115 0.3577491343021393 0.6204743981361389
1.090537667274475 0.8298436403274536 0.5177094340324402
1.0382310152053833 0.7491374611854553 0.5086001753807068
0.9966393709182739 0.6857489943504333 0.5004512667655945
0.9619739055633545 0.6336177587509155 0.4928364157676697
0.9319340586662292 0.5890476703643799 0.48551100492477417
0.9050573110580444 0.5496641993522644 0.4783440828323364
0.8803990483283997 0.5138964056968689 0.47128790616989136
0.8573674559593201 0.4807092547416687 0.4643663763999939
0.8356374502182007 0.4494624733924866 0.4576680660247803
0.815069854259491 0.4198417067527771 0.4512314200401306
0.7955747842788696 0.3916783630847931 0.4449695348739624
0.7770640850067139 0.3648121654987335 0.4387858211994171
0.7594507336616516 0.3390844166278839 0.4325839579105377
0.7426486611366272 0.31433773040771484 0.42626774311065674
0.7265729904174805 0.29041609168052673 0.4197413921356201
0.7111392617225647 0.2671646773815155 0.4129093289375305
0.6962653994560242 0.2444385141134262 0.4056837260723114
0.6818837523460388 0.22216874361038208 0.3980376720428467
0.6679385900497437 0.2003314197063446 0.3899771571159363
0.6543809771537781 0.1789136826992035 0.3815133273601532
0.6411680579185486 0.157912939786911 0.3726627826690674
0.6282632946968079 0.13733632862567902 0.36344799399375916
0.6156355142593384 0.11719994246959686 0.3538973927497864
0.6032595038414001 0.09752826392650604 0.344046026468277
0.5911291837692261 0.0783645287156105 0.3339415192604065
0.5792705416679382 0.05977313593029976 0.3236464262008667
0.56769859790802 0.041796498000621796 0.3132128417491913
0.5564123392105103 0.024450859054923058 0.30267855525016785
0.5453956127166748 0.00772922532632947 0.2920670211315155
0.5346192717552185 -0.008396115154027939 0.28138744831085205
0.524040937423706 -0.02397140860557556 0.27063480019569397
0.5136091709136963 -0.03905696049332619 0.25979217886924744
0.5033037066459656 -0.05368245020508766 0.24886777997016907
0.49313652515411377 -0.06784440577030182 0.23789580166339874
0.48311668634414673 -0.08154132962226868 0.22690515220165253
0.4732489585876465 -0.09477464854717255 0.21591858565807343
0.4635343849658966 -0.10754814743995667 0.20495280623435974
0.45397043228149414 -0.11986733227968216 0.1940191239118576
0.44455093145370483 -0.13173894584178925 0.18312321603298187
0.4352516531944275 -0.14319051802158356 0.17224861681461334
0.42598089575767517 -0.15433984994888306 0.16129997372627258
0.4166461229324341 -0.16530711948871613 0.1501811444759369
0.407180517911911 -0.17618103325366974 0.1388266533613205
0.3975457549095154 -0.18701782822608948 0.1272060126066208
0.38773560523986816 -0.19783882796764374 0.11532877385616302
0.37778040766716003 -0.20862789452075958 0.10325011610984802
0.36775025725364685 -0.21932880580425262 0.0910751074552536
0.3577263057231903 -0.22985512018203735 0.07892732322216034
0.34775057435035706 -0.24012815952301025 0.06689076125621796
0.33784404397010803 -0.2500913441181183 0.055024027824401855
0.32800886034965515 -0.25971171259880066 0.0433616042137146
0.318228542804718 -0.2689790725708008 0.03191380575299263
0.30846908688545227 -0.27790454030036926 0.020667828619480133
0.29868030548095703 -0.2865183353424072 0.0095893619582057
0.2888006567955017 -0.29485559463500977 -0.0013626558938995004
0.2787964642047882 -0.3028431534767151 -0.012113760225474834
0.2686440050601959 -0.31035175919532776 -0.022531120106577873
0.258303701877594 -0.3172687590122223 -0.0325034037232399
0.24772053956985474 -0.32349589467048645 -0.041938744485378265
0.23682281374931335 -0.3289456367492676 -0.05076161026954651
0.22552120685577393 -0.33353662490844727 -0.05890902504324913
0.2137066125869751 -0.33718955516815186 -0.06632674485445023
0.2012723684310913 -0.33987367153167725 -0.07300591468811035
0.18818464875221252 -0.3417133092880249 -0.0790594071149826
0.1744461953639984 -0.3428521752357483 -0.0846058800816536
0.16008707880973816 -0.3434261679649353 -0.08974721282720566
0.1451689451932907 -0.343568354845047 -0.0945720225572586
0.1297890543937683 -0.3434123396873474 -0.09915787726640701
0.11408337950706482 -0.3430936932563782 -0.10357259213924408
0.09822461009025574 -0.342745840549469 -0.10786957293748856
0.08232792466878891 -0.3423738181591034 -0.11194971948862076
0.06638891994953156 -0.3418404757976532 -0.1155620738863945
0.0503501296043396 -0.341002494096756 -0.11846491694450378
0.03410591557621956 -0.3397168815135956 -0.1204308271408081
0.017501581460237503 -0.33783790469169617 -0.12123988568782806
0.00033094242098741233 -0.33521148562431335 -0.12066934257745743
-0.01767074130475521 -0.3316679000854492 -0.11848021298646927
-0.036819107830524445 -0.3270113468170166 -0.11441666632890701
-0.05735442414879799 -0.32101911306381226 -0.10828779637813568
-0.07943812012672424 -0.31345611810684204 -0.09992024302482605
-0.10317409038543701 -0.3040846288204193 -0.0891341120004654
-0.12859061360359192 -0.29267722368240356 -0.07576296478509903
-0.1556197851896286 -0.2790354788303375 -0.05967871472239494
-0.18407486379146576 -0.2630139887332916 -0.04082143306732178
-0.21363140642642975 -0.24454954266548157 -0.019232306629419327
-0.24396759271621704 -0.22372175753116608 0.004923688247799873
-0.2750204801559448 -0.2007412165403366 0.0314229354262352
-0.30682122707366943 -0.17581728100776672 0.06005730852484703
-0.3394698202610016 -0.14912647008895874 0.09065792709589005
-0.37313780188560486 -0.12079755961894989 0.12311115860939026
-0.4080708622932434 -0.09089954942464828 0.15737153589725494
-0.44459259510040283 -0.059432465583086014 0.193472221493721
-0.4831373393535614 -0.02629115991294384 0.23157446086406708
-0.5245848298072815 0.009095385670661926 0.2724873125553131
-0.5702013969421387 0.047687988728284836 0.317552387714386
-0.6214370131492615 0.09060109406709671 0.3682965934276581
-0.6799939274787903 0.13915295898914337 0.42649921774864197
-0.747934877872467 0.19494983553886414 0.49430355429649353
-0.8278465270996094 0.2600131332874298 0.5743852257728577
-0.9230808615684509 0.3369675576686859 0.6702003479003906
1.0921465158462524 0.8320956230163574 0.5272111296653748
1.0394840240478516 0.7485150098800659 0.5179374814033508
0.9977206587791443 0.6832805275917053 0.5095677971839905
0.9629225134849548 0.6298497319221497 0.5016841888427734
0.9327372312545776 0.584287166595459 0.4940544366836548
0.9056907892227173 0.5440924167633057 0.4865618944168091
0.8808482885360718 0.5076277852058411 0.47917625308036804
0.8576392531394958 0.47382402420043945 0.47194144129753113
0.8357681035995483 0.44202664494514465 0.4649691879749298
0.8151073455810547 0.41190865635871887 0.45830652117729187
0.7955521941184998 0.38328322768211365 0.45185282826423645
0.7770035266876221 0.3559797406196594 0.4454978406429291
0.759369432926178 0.32983726263046265 0.43913331627845764
0.7425631284713745 0.3047030568122864 0.4326521158218384
0.7265036702156067 0.2804321050643921 0.42594897747039795
0.7111143469810486 0.2568860948085785 0.41892001032829285
0.6963229179382324 0.23393955826759338 0.41147127747535706
0.6820643544197083 0.2115279734134674 0.40357840061187744
0.6682799458503723 0.18962116539478302 0.39525341987609863
0.6549150943756104 0.1681966334581375 0.38651251792907715
0.6419196724891663 0.14723938703536987 0.3773767352104187
0.629247784614563 0.12674126029014587 0.3678717315196991
0.6168573498725891 0.10670049488544464 0.35802826285362244
0.604710578918457 0.08712145686149597 0.34788230061531067
0.592791736125946 0.06803110986948013 0.33748218417167664
0.5811272859573364 0.04949119687080383 0.3268924057483673
0.5697344541549683 0.03154405951499939 0.3161667585372925
0.5586147308349609 0.014206085354089737 0.3053439259529114
0.5477545857429504 -0.002529509598389268 0.2944476306438446
0.5371273756027222 -0.018690282478928566 0.28348660469055176
0.5266929268836975 -0.03432261571288109 0.27245455980300903
0.5164012312889099 -0.04948798567056656 0.2613320052623749
0.5062245726585388 -0.06422674655914307 0.25011590123176575
0.49616193771362305 -0.07855027168989182 0.2388247400522232
0.4862133860588074 -0.09246639162302017 0.22747614979743958
0.4763790965080261 -0.10598050057888031 0.2160862237215042
0.46665918827056885 -0.11909560114145279 0.20466937124729156
0.45705392956733704 -0.1318119466304779 0.1932390332221985
0.44756367802619934 -0.14412693679332733 0.18180757761001587
0.4381747245788574 -0.15605416893959045 0.17036983370780945
0.4288085699081421 -0.1676928848028183 0.15884476900100708
0.4193844199180603 -0.17914582788944244 0.1471497118473053
0.40984487533569336 -0.19048619270324707 0.1352318674325943
0.4001586437225342 -0.20175649225711823 0.12307218462228775
0.39032378792762756 -0.21296650171279907 0.1106899231672287
0.38037100434303284 -0.2240915298461914 0.09814707189798355
0.3703659474849701 -0.2350708544254303 0.08555108308792114
0.36038368940353394 -0.24581950902938843 0.07302352041006088
0.35046395659446716 -0.25626489520072937 0.06064401939511299
0.34062525629997253 -0.26635873317718506 0.04846496880054474
0.33086737990379333 -0.27607715129852295 0.03651338815689087
0.32117167115211487 -0.2854197025299072 0.024791423231363297
0.3115023076534271 -0.2944069504737854 0.013277897611260414
0.30180782079696655 -0.30307817459106445 0.0019302752334624529
0.29202619194984436 -0.31147605180740356 -0.009299223311245441
0.28212451934814453 -0.3195273280143738 -0.02033138833940029
0.27207833528518677 -0.3271002471446991 -0.03102509304881096
0.26184457540512085 -0.3340819478034973 -0.041264619678258896
0.25136157870292664 -0.34037551283836365 -0.05095679685473442
0.24054795503616333 -0.3458949327468872 -0.06002698466181755
0.229300856590271 -0.3505605459213257 -0.06841448694467545
0.21749280393123627 -0.3542931377887726 -0.07606786489486694
0.20499442517757416 -0.3570610582828522 -0.0829833447933197
0.19175180792808533 -0.358988493680954 -0.0892844945192337
0.17775234580039978 -0.36021724343299866 -0.09509759396314621
0.1630166471004486 -0.3608798086643219 -0.10052838176488876
0.14760525524616241 -0.3611062467098236 -0.1056661307811737
0.131625235080719 -0.3610278069972992 -0.11058607697486877
0.11523585766553879 -0.360779732465744 -0.11535073071718216
0.09864723682403564 -0.3604966402053833 -0.12000473588705063
0.08199745416641235 -0.36018475890159607 -0.12442677468061447
0.06527689844369888 -0.35970577597618103 -0.12833061814308167
0.04841943085193634 -0.35891470313072205 -0.13143937289714813
0.03130852431058884 -0.35766705870628357 -0.13349246978759766
0.013776235282421112 -0.35581645369529724 -0.13423922657966614
-0.004399040248245001 -0.35320961475372314 -0.1334286779165268
-0.023499464616179466 -0.3496798574924469 -0.130795419216156
-0.043851420283317566 -0.34503790736198425 -0.12606297433376312
-0.06565482169389725 -0.3390747904777527 -0.11904976516962051
-0.08901294320821762 -0.33157235383987427 -0.10960520058870316
-0.11397551745176315 -0.32231029868125916 -0.09757383167743683
-0.14052322506904602 -0.3110765218734741 -0.08281397074460983
-0.16855113208293915 -0.29768210649490356 -0.06521975994110107
-0.19785135984420776 -0.2819805443286896 -0.04474698379635811
-0.22809933125972748 -0.2638905644416809 -0.02144094929099083
-0.2590055465698242 -0.24345654249191284 0.004549272824078798
-0.2905649244785309 -0.2208520919084549 0.033033404499292374
-0.3228588104248047 -0.19625496864318848 0.06383465975522995
-0.3560241460800171 -0.1698193997144699 0.09680812060832977
-0.39025530219078064 -0.1416640728712082 0.13185419142246246
-0.4258062541484833 -0.1118621677160263 0.16893015801906586
-0.4629936218261719 -0.08043307811021805 0.20805953443050385
-0.5022331476211548 -0.04730305075645447 0.249388188123703
-0.5444329977035522 -0.011888324283063412 0.29379090666770935
-0.590908408164978 0.026806294918060303 0.34272536635398865
-0.6431217193603516 0.06989753246307373 0.3978077471256256
-0.7027318477630615 0.11865954846143723 0.4608631730079651
-0.7716753482818604 0.17458640038967133 0.5340141654014587
-0.852284848690033 0.23948326706886292 0.6198091506958008
-0.9474538564682007 0.31559380888938904 0.7214018106460571
1.0900622606277466 0.8372130990028381 0.5298322439193726
1.037463665008545 0.7504194974899292 0.5210946798324585
0.9955710172653198 0.6827570796012878 0.5129315257072449
0.960532546043396 0.627440333366394 0.5050415396690369
0.9300488829612732 0.5803840756416321 0.4972689747810364
0.9026864767074585 0.5389891862869263 0.48955395817756653
0.8775421977043152 0.5015468597412109 0.4819127917289734
0.8540741205215454 0.4669308364391327 0.4744316637516022
0.83201003074646 0.4344343841075897 0.46726179122924805
0.8112243413925171 0.40368759632110596 0.4604646861553192
0.7915933132171631 0.37447962164878845 0.45392274856567383
0.7730039358139038 0.34662744402885437 0.4475085735321045
0.7553579807281494 0.3199678063392639 0.4410989284515381
0.7385674715042114 0.2943542003631592 0.4345729351043701
0.7225556969642639 0.26965540647506714 0.4278131127357483
0.7072545289993286 0.24575385451316833 0.42070460319519043
0.692602813243866 0.22254818677902222 0.4131452739238739
0.6785372495651245 0.19997669756412506 0.40511277318000793
0.6649931073188782 0.17799796164035797 0.3966253101825714
0.651908278465271 0.15657538175582886 0.3877048194408417
0.6392233967781067 0.13567715883255005 0.378377228975296
0.6268807649612427 0.11527563631534576 0.3686721920967102
0.6148260235786438 0.09534747898578644 0.3586236834526062
0.6030068397521973 0.07587334513664246 0.3482697010040283
0.5913965702056885 0.05686144158244133 0.3376597464084625
0.5800212621688843 0.03837107494473457 0.32685914635658264
0.5689001083374023 0.020445149391889572 0.31592199206352234
0.5580368638038635 0.0031008750665932894 0.30488714575767517
0.5474207401275635 -0.01366752665489912 0.2937779426574707
0.5370274782180786 -0.029886707663536072 0.2826023995876312
0.5268202424049377 -0.04560238867998123 0.27135294675827026
0.5167509317398071 -0.06087632104754448 0.2600076198577881
0.506786048412323 -0.07575752586126328 0.24855318665504456
0.4969131350517273 -0.09026999026536942 0.23699359595775604
0.48712441325187683 -0.10442940145730972 0.22533592581748962
0.47741538286209106 -0.11824430525302887 0.2135895937681198
0.4677848815917969 -0.1317165046930313 0.20176677405834198
0.4582351744174957 -0.14484071731567383 0.18988271057605743
0.44877222180366516 -0.15760457515716553 0.17795626819133759
0.4393921494483948 -0.1700068563222885 0.165994331240654
0.43003156781196594 -0.18212521076202393 0.15393467247486115
0.42062386870384216 -0.19404153525829315 0.14171358942985535
0.41112300753593445 -0.20581091940402985 0.12929539382457733
0.40150582790374756 -0.2174605429172516 0.11667583882808685
0.39177456498146057 -0.22898833453655243 0.1038856953382492
0.381958931684494 -0.24036234617233276 0.09099365025758743
0.3721178472042084 -0.25152021646499634 0.07810760289430618
0.36231690645217896 -0.2623828947544098 0.0653424859046936
0.35258927941322327 -0.2728893756866455 0.05276748538017273
0.3429486155509949 -0.28300365805625916 0.04042390361428261
0.3333905041217804 -0.29271382093429565 0.028327878564596176
0.3238935172557831 -0.3020303547382355 0.016471469774842262
0.31442055106163025 -0.31098368763923645 0.00482458621263504
0.30492010712623596 -0.31962117552757263 -0.006662872154265642
0.2953314781188965 -0.3279918134212494 -0.018044080585241318
0.2856217622756958 -0.33602389693260193 -0.02923675626516342
0.275763601064682 -0.3435859680175781 -0.040094587951898575
0.2657092809677124 -0.35056737065315247 -0.05049983039498329
0.25538986921310425 -0.3568739891052246 -0.06035976484417915
0.2447141855955124 -0.36242353916168213 -0.06960207223892212
0.23356615006923676 -0.3671393096446991 -0.07816951721906662
0.22180067002773285 -0.3709442913532257 -0.08601482212543488
0.2092667520046234 -0.3738076388835907 -0.09314006567001343
0.19589175283908844 -0.37585151195526123 -0.09967764467000961
0.1816481053829193 -0.37721356749534607 -0.10575994104146957
0.16654647886753082 -0.3780212998390198 -0.11149544268846512
0.15064512193202972 -0.37839946150779724 -0.11697302013635635
0.1340595781803131 -0.3784743547439575 -0.1222643032670021
0.11697160452604294 -0.3783775269985199 -0.1274246722459793
0.09962918609380722 -0.37824130058288574 -0.13248750567436218
0.08219385147094727 -0.3780694603919983 -0.13730503618717194
0.06465059518814087 -0.37772005796432495 -0.14155049622058868
0.04692453891038895 -0.3770444095134735 -0.144906684756279
0.028888337314128876 -0.3758949041366577 -0.1470753699541092
0.010361158289015293 -0.3741232752799988 -0.14777150750160217
-0.008893294259905815 -0.37157657742500305 -0.1467134654521942
-0.029173245653510094 -0.3680904507637024 -0.14360840618610382
-0.05081316456198692 -0.36348259449005127 -0.13816016912460327
-0.07396677136421204 -0.35755929350852966 -0.13020183145999908
-0.09867363423109055 -0.35012170672416687 -0.11961224675178528
-0.1249261423945427 -0.3409689664840698 -0.10626658797264099
-0.15265659987926483 -0.32990652322769165 -0.0900527685880661
-0.18172498047351837 -0.31675735116004944 -0.07089003175497055
-0.21190617978572845 -0.3013762831687927 -0.048750050365924835
-0.2428811490535736 -0.28366756439208984 -0.02367938682436943
-0.2743973135948181 -0.2636432349681854 0.0041940538212656975
-0.30650806427001953 -0.24144038558006287 0.03471788391470909
-0.3393442630767822 -0.21720445156097412 0.06775061786174774
-0.3730788826942444 -0.19106535613536835 0.10317463427782059
-0.4079277515411377 -0.1631288230419159 0.14090660214424133
-0.44415128231048584 -0.13346849381923676 0.18090684711933136
-0.4820569157600403 -0.10211950540542603 0.2231874018907547
-0.5220386981964111 -0.06903617829084396 0.2678736746311188
-0.5650261640548706 -0.03362124785780907 0.31590035557746887
-0.6123772859573364 0.005155322141945362 0.3688352406024933
-0.6655608415603638 0.04841538891196251 0.4283740520477295
-0.7261902689933777 0.0973954051733017 0.49637502431869507
-0.796079695224762 0.15349015593528748 0.574923574924469
-0.8773249387741089 0.21831487119197845 0.6664246320724487
-0.972409188747406 0.29378655552864075 0.7737234234809875
1.0837969779968262 0.8455641269683838 0.5246204733848572
1.0317275524139404 0.7552599906921387 0.5172315835952759
0.9897454977035522 0.6844993829727173 0.5097907781600952
0.9543411135673523 0.6265895962715149 0.502225935459137
0.923389196395874 0.5774250030517578 0.4945273995399475
0.8955524563789368 0.5343480706214905 0.48673829436302185
0.8699846267700195 0.4955766499042511 0.47895416617393494
0.8461761474609375 0.459899365901947 0.4713265597820282
0.8238680362701416 0.42651158571243286 0.4640626609325409
0.802923858165741 0.39496392011642456 0.45724421739578247
0.7831963300704956 0.36501479148864746 0.45073390007019043
0.7645582556724548 0.3364671468734741 0.444385290145874
0.7469033002853394 0.30915501713752747 0.43805742263793945
0.7301437854766846 0.282940149307251 0.43161413073539734
0.71420818567276 0.25770843029022217 0.42492327094078064
0.6990391612052917 0.2333681732416153 0.41785719990730286
0.6845887899398804 0.20984743535518646 0.41030359268188477
0.6707935929298401 0.1870853751897812 0.40224123001098633
0.6575794816017151 0.16502368450164795 0.3936940133571625
0.6448734402656555 0.14360637962818146 0.3846898376941681
0.6326032876968384 0.1227799504995346 0.3752596080303192
0.6206974983215332 0.10249284654855728 0.36543792486190796
0.6090856790542603 0.08269595354795456 0.355262815952301
0.5976995825767517 0.06334255635738373 0.34477582573890686
0.5864995718002319 0.044419899582862854 0.3340287506580353
0.5755115747451782 0.02598550170660019 0.3230873644351959
0.5647569894790649 0.008083675988018513 0.3120059370994568
0.5542423129081726 -0.009266874752938747 0.3008230924606323
0.5439596176147461 -0.026070548221468925 0.28956177830696106
0.5338881015777588 -0.04235287755727768 0.27822911739349365
0.5239941477775574 -0.058158885687589645 0.26681622862815857
0.5142330527305603 -0.07355055212974548 0.25529900193214417
0.50456702709198 -0.0885837972164154 0.24365533888339996
0.4949749708175659 -0.10329248011112213 0.23187687993049622
0.4854426085948944 -0.11769823729991913 0.21996137499809265
0.4759617745876312 -0.13181161880493164 0.2079125940799713
0.46653008460998535 -0.14563246071338654 0.1957406997680664
0.45715153217315674 -0.1591496467590332 0.1834629625082016
0.4478365182876587 -0.172340989112854 0.17110441625118256
0.4385899603366852 -0.1851901113986969 0.15868429839611053
0.4293650686740875 -0.19775062799453735 0.1461632400751114
0.4201108515262604 -0.21008114516735077 0.13350097835063934
0.4107935428619385 -0.22221706807613373 0.12068217992782593
0.40139809250831604 -0.23417000472545624 0.10771922022104263
0.3919297754764557 -0.2459273785352707 0.09465430676937103
0.3824155628681183 -0.2574523389339447 0.08156092464923859
0.37290477752685547 -0.2686848044395447 0.06854390352964401
0.3634495139122009 -0.27955636382102966 0.05570600554347038
0.3540729880332947 -0.2900223731994629 0.043099794536828995
0.3447808027267456 -0.3000621795654297 0.030750945210456848
0.33556312322616577 -0.30967727303504944 0.018662046641111374
0.32639551162719727 -0.3188892900943756 0.006814110558480024
0.31724023818969727 -0.3277369737625122 -0.0048313867300748825
0.30804750323295593 -0.33627402782440186 -0.01633041724562645
0.2987596392631531 -0.3445533812046051 -0.02773933671414852
0.28934216499328613 -0.35250550508499146 -0.03897426649928093
0.2797624170780182 -0.3600015640258789 -0.04988676309585571
0.2699657380580902 -0.3669344186782837 -0.06035898998379707
0.25987502932548523 -0.37321382761001587 -0.07029984891414642
0.24938873946666718 -0.3787613809108734 -0.07963985949754715
0.23837803304195404 -0.38350456953048706 -0.08832570165395737
0.22668075561523438 -0.38736966252326965 -0.09631464630365372
0.21412555873394012 -0.390327125787735 -0.10361447930335999
0.20062384009361267 -0.39249658584594727 -0.11036460101604462
0.18613474071025848 -0.39401066303253174 -0.11670199036598206
0.1706598401069641 -0.394991397857666 -0.1227370947599411
0.15425516664981842 -0.3955572247505188 -0.12855790555477142
0.13704444468021393 -0.3958287835121155 -0.13423189520835876
0.11923166364431381 -0.3959319591522217 -0.13980644941329956
0.10110289603471756 -0.3959942162036896 -0.14530202746391296
0.08284348994493484 -0.39601412415504456 -0.15054109692573547
0.06443318724632263 -0.3958436846733093 -0.15515141189098358
0.0457884855568409 -0.3953283727169037 -0.15877096354961395
0.026771491393446922 -0.39431601762771606 -0.1610599309206009
0.0071890829131007195 -0.39265549182891846 -0.16169653832912445
-0.0132086630910635 -0.39019325375556946 -0.16036708652973175
-0.03473430499434471 -0.38676729798316956 -0.15675169229507446
-0.05772743746638298 -0.3822021782398224 -0.15053682029247284
-0.0822906494140625 -0.3763205111026764 -0.14157545566558838
-0.10839587450027466 -0.36894354224205017 -0.12978173792362213
-0.13597649335861206 -0.35989078879356384 -0.11506634205579758
-0.16491742432117462 -0.3489859700202942 -0.09735012799501419
-0.1950465887784958 -0.3360652029514313 -0.07657867670059204
-0.22612637281417847 -0.32098665833473206 -0.052738506346940994
-0.2578483521938324 -0.303643137216568 -0.0258738175034523
-0.2900001108646393 -0.2840183675289154 0.003912933636456728
-0.32269251346588135 -0.2622160315513611 0.036509040743112564
-0.35610371828079224 -0.23835071921348572 0.07180973142385483
-0.39044061303138733 -0.21252822875976562 0.10972601175308228
-0.42593899369239807 -0.18483968079090118 0.15019190311431885
-0.4628644287586212 -0.15535618364810944 0.19317111372947693
-0.5015140771865845 -0.12412454187870026 0.2386631816625595
-0.5422585010528564 -0.09112241864204407 0.2867698073387146
-0.5860421657562256 -0.05573972314596176 0.33847928047180176
-0.6342568397521973 -0.016913576051592827 0.39546191692352295
-0.6883746981620789 0.026485268026590347 0.4594867527484894
-0.7499666810035706 0.07566418498754501 0.5324399471282959
-0.8207398653030396 0.13193750381469727 0.6163698434829712
-0.902589738368988 0.1967669129371643 0.7135492563247681
-0.9976637959480286 0.27181074023246765 0.8265517950057983
1.0730719566345215 0.85728520154953 0.511078953742981
1.0218976736068726 0.7633112072944641 0.5057262778282166
0.9797952175140381 0.6887574195861816 0.4994872808456421
0.9438468217849731 0.6274573802947998 0.49258267879486084
0.9122217893600464 0.575466513633728 0.4851982593536377
0.8837358951568604 0.5301340222358704 0.4775169789791107
0.8576210141181946 0.48960888385772705 0.46974074840545654
0.8333973288536072 0.4525649845600128 0.46210482716560364
0.8108006119728088 0.4180460274219513 0.45488253235816956
0.7896649837493896 0.3854808509349823 0.4481789171695709
0.7698177099227905 0.35458967089653015 0.4418364465236664
0.7511155009269714 0.32515883445739746 0.4356880486011505
0.7334465980529785 0.2970205247402191 0.4295751452445984
0.716724693775177 0.27004629373550415 0.42334482073783875
0.7008868455886841 0.2441440373659134 0.416849821805954
0.685890257358551 0.21925392746925354 0.4099482595920563
0.6717039346694946 0.19534027576446533 0.40251654386520386
0.658262312412262 0.1723410189151764 0.39453327655792236
0.6454775929450989 0.15017473697662354 0.38602739572525024
0.6332612633705139 0.12876015901565552 0.37703195214271545
0.6215242147445679 0.10801632702350616 0.367583304643631
0.6101768612861633 0.08786292374134064 0.3577215075492859
0.5991300940513611 0.06822041422128677 0.3474898636341095
0.5882952809333801 0.04901064187288284 0.33693522214889526
0.5776189565658569 0.030197691172361374 0.32611361145973206
0.5671269297599792 0.011838355101644993 0.3150918483734131
0.5568439960479736 -0.006020445842295885 0.3039248585700989
0.5467799305915833 -0.02335788682103157 0.29265138506889343
0.5369309186935425 -0.04017682000994682 0.2812943160533905
0.527279794216156 -0.05650186166167259 0.26986008882522583
0.5177971124649048 -0.07237785309553146 0.25833868980407715
0.508442223072052 -0.08786766976118088 0.24670422077178955
0.4991755485534668 -0.10303257405757904 0.23492741584777832
0.48996999859809875 -0.11791335791349411 0.2229900360107422
0.48080724477767944 -0.13253547251224518 0.21088281273841858
0.47167643904685974 -0.14691013097763062 0.19860517978668213
0.46257466077804565 -0.16103455424308777 0.18616604804992676
0.4535074830055237 -0.17489178478717804 0.17358481884002686
0.44448861479759216 -0.18845048546791077 0.16089224815368652
0.4355303943157196 -0.20167981088161469 0.1481194794178009
0.42660263180732727 -0.214608296751976 0.13525265455245972
0.417670339345932 -0.2272699773311615 0.12227755784988403
0.40871164202690125 -0.23968088626861572 0.10920064151287079
0.39971843361854553 -0.2518385946750641 0.09605023264884949
0.390697181224823 -0.2637225091457367 0.0828777626156807
0.38166967034339905 -0.27529478073120117 0.06975788623094559
0.3726729154586792 -0.28650152683258057 0.056787487119436264
0.3637426197528839 -0.29728955030441284 0.0440516397356987
0.3548887073993683 -0.30763375759124756 0.031581148505210876
0.34610700607299805 -0.3175303041934967 0.0193830206990242
0.3373812735080719 -0.32699376344680786 0.007445122580975294
0.32868438959121704 -0.3360549509525299 -0.0042621358297765255
0.3199789524078369 -0.3447588384151459 -0.01578396186232567
0.31121841073036194 -0.35316187143325806 -0.02717941626906395
0.3023500442504883 -0.36131757497787476 -0.03850489854812622
0.2933359742164612 -0.36915871500968933 -0.049676086753606796
0.284134179353714 -0.3765603005886078 -0.06054522469639778
0.27468058466911316 -0.3834189176559448 -0.07099590450525284
0.26488831639289856 -0.38964855670928955 -0.0809391662478447
0.2546446621417999 -0.395174503326416 -0.09030836075544357
0.24380739033222198 -0.3999277651309967 -0.09905356168746948
0.23219773173332214 -0.40383821725845337 -0.10713621973991394
0.2196255922317505 -0.40687814354896545 -0.1145690381526947
0.2059895247220993 -0.4091637432575226 -0.12149613350629807
0.1912386566400528 -0.41082340478897095 -0.12805776298046112
0.17536745965480804 -0.41197365522384644 -0.13436566293239594
0.15843133628368378 -0.41272762417793274 -0.14050674438476562
0.14056335389614105 -0.41320016980171204 -0.14654432237148285
0.12199047952890396 -0.41351163387298584 -0.15251779556274414
0.10303743928670883 -0.41378355026245117 -0.15843437612056732
0.08391395211219788 -0.4140077233314514 -0.16408447921276093
0.0645950436592102 -0.41402801871299744 -0.16904650628566742
0.044989004731178284 -0.413682758808136 -0.1729104071855545
0.02494802325963974 -0.4128139913082123 -0.1752927154302597
0.004267479758709669 -0.4112670421600342 -0.17583394050598145
-0.017314856871962547 -0.40888747572898865 -0.1741892248392105
-0.04012388363480568 -0.4055158793926239 -0.170013889670372
-0.06450144946575165 -0.40098369121551514 -0.1629808396100998
-0.09049563109874725 -0.3951292634010315 -0.15296781063079834
-0.11800901591777802 -0.3877936601638794 -0.13992856442928314
-0.1469167172908783 -0.3788158595561981 -0.12381239980459213
-0.17705897986888885 -0.36803731322288513 -0.10457438975572586
-0.2082359939813614 -0.3553067147731781 -0.08218594640493393
-0.24020245671272278 -0.3404863774776459 -0.056646011769771576
-0.2726650536060333 -0.32346025109291077 -0.027992617338895798
-0.30545294284820557 -0.30418846011161804 0.0036999667063355446
-0.33873122930526733 -0.28274643421173096 0.03835732117295265
-0.3727218508720398 -0.2592221200466156 0.07590974122285843
-0.4076629877090454 -0.23369964957237244 0.1162959635257721
-0.4438084661960602 -0.20625580847263336 0.15946705639362335
-0.4814285337924957 -0.17695754766464233 0.20539043843746185
-0.5208103656768799 -0.14585918188095093 0.2540533244609833
-0.5623018741607666 -0.11295676231384277 0.30553343892097473
-0.6068561673164368 -0.07762952148914337 0.3608667850494385
-0.655890941619873 -0.03878703713417053 0.4218190014362335
-0.7108805179595947 0.004708384163677692 0.49022993445396423
-0.7733634114265442 0.05404507741332054 0.5680197477340698
-0.844966471195221 0.11048030108213425 0.6572180390357971
-0.9274374842643738 0.17536614835262299 0.7600059509277344
-1.0226826667785645 0.25017866492271423 0.8787626624107361
1.058157205581665 0.871713399887085 0.4902190566062927
1.0078792572021484 0.7741090059280396 0.4870699942111969
0.9654803276062012 0.6952372789382935 0.48223772644996643
0.9287647604942322 0.6298561096191406 0.4761962294578552
0.8962697386741638 0.5743783712387085 0.46931880712509155
0.8669974207878113 0.5262412428855896 0.46193116903305054
0.840261697769165 0.4835408926010132 0.4543445408344269
0.815598726272583 0.44481340050697327 0.4468775987625122
0.7927088141441345 0.4089040756225586 0.4398646652698517
0.7713752388954163 0.37508270144462585 0.4334299564361572
0.751398503780365 0.3430248200893402 0.4273969829082489
0.7326236963272095 0.3124994933605194 0.421580970287323
0.7149357199668884 0.2833375334739685 0.41580691933631897
0.6982551217079163 0.2554243803024292 0.40990740060806274
0.6825324892997742 0.22869473695755005 0.40372127294540405
0.6677456498146057 0.2031281441450119 0.3970934748649597
0.6538863182067871 0.17873285710811615 0.3898893892765045
0.6408849954605103 0.15544356405735016 0.3820860683917999
0.6286351084709167 0.1331486999988556 0.373715877532959
0.6170274615287781 0.1117350161075592 0.3648158013820648
0.6059514284133911 0.09108816087245941 0.3554272949695587
0.5952948331832886 0.07109303027391434 0.34559568762779236
0.5849446654319763 0.05163446441292763 0.33537065982818604
0.5747888088226318 0.03259817138314247 0.3248058259487152
0.5647565722465515 0.013922645710408688 0.3139630854129791
0.5548756718635559 -0.004333837889134884 0.3029126524925232
0.5451754927635193 -0.022119596600532532 0.29171159863471985
0.5356709957122803 -0.03941017761826515 0.28040042519569397
0.5263632535934448 -0.05620601400732994 0.2690030038356781
0.5172404050827026 -0.07253049314022064 0.25752636790275574
0.5082781910896301 -0.08842837065458298 0.24596011638641357
0.4994410276412964 -0.10396367311477661 0.23427718877792358
0.49068936705589294 -0.11920218914747238 0.22244268655776978
0.48199257254600525 -0.13418994843959808 0.21043039858341217
0.4733291268348694 -0.14895522594451904 0.19822505116462708
0.4646865725517273 -0.1635093241930008 0.18582254648208618
0.45606178045272827 -0.17784710228443146 0.1732308566570282
0.44746074080467224 -0.19194646179676056 0.1604710966348648
0.43889930844306946 -0.20576845109462738 0.14757861196994781
0.4303950071334839 -0.21926967799663544 0.13459512591362
0.42193326354026794 -0.23245367407798767 0.12153301388025284
0.413494348526001 -0.245330810546875 0.10840469598770142
0.40506672859191895 -0.2578994929790497 0.09523691236972809
0.39664748311042786 -0.2701462209224701 0.08207149058580399
0.3882425129413605 -0.28204646706581116 0.06896524131298065
0.37986665964126587 -0.2935653626918793 0.055989377200603485
0.37154337763786316 -0.30465951561927795 0.04322821646928787
0.3632911443710327 -0.31529369950294495 0.03074508346617222
0.35510551929473877 -0.3254632353782654 0.01854681596159935
0.3469723165035248 -0.33518028259277344 0.006621204316616058
0.3388693034648895 -0.344470351934433 -0.0050577884539961815
0.33076703548431396 -0.3533709943294525 -0.016528531908988953
0.32262957096099854 -0.36192944645881653 -0.02784029208123684
0.3144148588180542 -0.3702014088630676 -0.039051976054906845
0.3060765266418457 -0.37823721766471863 -0.05021670460700989
0.2975711226463318 -0.38597092032432556 -0.061250194907188416
0.28884419798851013 -0.39328163862228394 -0.07200737297534943
0.27981996536254883 -0.4000697433948517 -0.0823741927742958
0.270399808883667 -0.406252384185791 -0.09226401150226593
0.2604590356349945 -0.411758154630661 -0.10161260515451431
0.24984167516231537 -0.41652095317840576 -0.1103728637099266
0.23835240304470062 -0.4204736649990082 -0.11850962042808533
0.22578366100788116 -0.42359018325805664 -0.12603946030139923
0.2120244801044464 -0.42598360776901245 -0.13310933113098145
0.19701676070690155 -0.427778035402298 -0.13986137509346008
0.1807505488395691 -0.42908573150634766 -0.14640790224075317
0.16328252851963043 -0.43001505732536316 -0.1528344750404358
0.14475668966770172 -0.43067607283592224 -0.15920032560825348
0.12542401254177094 -0.4311835765838623 -0.16553686559200287
0.10564818978309631 -0.43165352940559387 -0.17183837294578552
0.08566354215145111 -0.43206945061683655 -0.17786216735839844
0.06544119864702225 -0.4322657883167267 -0.18313555419445038
0.04488213360309601 -0.4320720434188843 -0.18719927966594696
0.023829499259591103 -0.43132370710372925 -0.1896267533302307
0.0020685179624706507 -0.429861843585968 -0.19002239406108856
-0.020673561841249466 -0.4275308847427368 -0.18801312148571014
-0.04473155364394188 -0.42417365312576294 -0.1832338124513626
-0.07044664025306702 -0.4196280539035797 -0.17534910142421722
-0.09781136363744736 -0.4137480556964874 -0.16426624357700348
-0.12666049599647522 -0.40639299154281616 -0.1499820351600647
-0.1568143665790558 -0.3974204659461975 -0.132486030459404
-0.18807388842105865 -0.38668832182884216 -0.11176778376102448
-0.22021746635437012 -0.3740572929382324 -0.08782303333282471
-0.2529977560043335 -0.35939422249794006 -0.060660671442747116
-0.2861408293247223 -0.34257641434669495 -0.03030949831008911
-0.31951746344566345 -0.32354578375816345 0.0031853518448770046
-0.3533420264720917 -0.30235540866851807 0.03978449106216431
-0.38787543773651123 -0.2790721654891968 0.07945016771554947
-0.4233834445476532 -0.25376203656196594 0.12214690446853638
-0.46013587713241577 -0.22648929059505463 0.16784238815307617
-0.49840739369392395 -0.19731569290161133 0.21650883555412292
-0.5384765863418579 -0.16629980504512787 0.2681238055229187
-0.5806722044944763 -0.1334507018327713 0.32274413108825684
-0.6259515285491943 -0.09813922643661499 0.3814484477043152
-0.6757512092590332 -0.05925300717353821 0.44608914852142334
-0.7315488457679749 -0.015645189210772514 0.5185754895210266
-0.7948634624481201 0.03386339172720909 0.6008704304695129
-0.8672698140144348 0.0904957503080368 0.6950097680091858
-0.950420618057251 0.1555357724428177 0.8031304478645325
-1.046068787574768 0.23034559190273285 0.9274997115135193
1.03946053981781 0.8879958987236023 0.46348968148231506
0.9896620512008667 0.7869436144828796 0.4621187746524811
0.9466232061386108 0.7034501433372498 0.45854905247688293
0.9088758230209351 0.6334805488586426 0.4533880352973938
0.8753392100334167 0.5739818811416626 0.4471331536769867
0.8452017903327942 0.522567093372345 0.4402153491973877
0.817843496799469 0.4773061275482178 0.43302783370018005
0.7927846908569336 0.4365862011909485 0.4259476959705353
0.7696504592895508 0.3990204334259033 0.41934502124786377
0.7481480836868286 0.36369192600250244 0.4133499264717102
0.7280558943748474 0.330228716135025 0.4077721834182739
0.7092121243476868 0.29838255047798157 0.4024145305156708
0.6915063261985779 0.2679857015609741 0.39709123969078064
0.6748719215393066 0.23894129693508148 0.3916245698928833
0.6592808961868286 0.21121688187122345 0.38584306836128235
0.6447393894195557 0.18483930826187134 0.3795818090438843
0.6312691569328308 0.15986888110637665 0.3726974427700043
0.6187958121299744 0.13623474538326263 0.3651643693447113
0.6071888208389282 0.1137879341840744 0.3570161461830139
0.5963132977485657 0.09237610548734665 0.34829196333885193
0.5860317349433899 0.07184473425149918 0.3390367329120636
0.5762043595314026 0.052037738263607025 0.32930126786231995
0.5666898488998413 0.03279843181371689 0.3191414177417755
0.5573471188545227 0.013971084728837013 0.3086186945438385
0.5480859279632568 -0.004533693660050631 0.2978033125400543
0.5389374494552612 -0.022652868181467056 0.286771684885025
0.5299381017684937 -0.04032662510871887 0.27558618783950806
0.5211097002029419 -0.0575244314968586 0.2642916738986969
0.5124602317810059 -0.07424262166023254 0.2529151737689972
0.5039846301078796 -0.0905023142695427 0.241465762257576
0.4956655502319336 -0.10634772479534149 0.22993463277816772
0.48747381567955017 -0.12184394896030426 0.2182946354150772
0.4793713390827179 -0.13706137239933014 0.20650584995746613
0.47132408618927 -0.15205153822898865 0.1945340633392334
0.46330803632736206 -0.16684596240520477 0.18235783278942108
0.45530882477760315 -0.18145707249641418 0.16996902227401733
0.44732168316841125 -0.1958785206079483 0.1573736071586609
0.43935203552246094 -0.2100849449634552 0.14459308981895447
0.4314154386520386 -0.22403208911418915 0.13166543841362
0.42353206872940063 -0.2376665323972702 0.11864058673381805
0.41570088267326355 -0.25096839666366577 0.1055561751127243
0.4079155921936035 -0.2639261484146118 0.09244945645332336
0.4001733660697937 -0.276523619890213 0.07936491072177887
0.39247480034828186 -0.2887398898601532 0.06635395437479019
0.3848239481449127 -0.3005501925945282 0.05347456783056259
0.3772284686565399 -0.31192684173583984 0.04079043120145798
0.3696989417076111 -0.3228397071361542 0.02836979739367962
0.36223793029785156 -0.33327290415763855 0.016252579167485237
0.35482800006866455 -0.3432409167289734 0.00442231772467494
0.347446084022522 -0.35276931524276733 -0.007150670979171991
0.3400651812553406 -0.3618919253349304 -0.018503980711102486
0.33265459537506104 -0.3706492483615875 -0.029682045802474022
0.32518061995506287 -0.3790876865386963 -0.04073524475097656
0.317606657743454 -0.38725826144218445 -0.05171918123960495
0.30989307165145874 -0.39520496129989624 -0.06268063932657242
0.3019894063472748 -0.40286117792129517 -0.07353518903255463
0.29382646083831787 -0.4101100564002991 -0.08414158225059509
0.2853147089481354 -0.41685453057289124 -0.09438858181238174
0.27634283900260925 -0.42301443219184875 -0.10419180244207382
0.2667730450630188 -0.4285203516483307 -0.11348898708820343
0.2564355731010437 -0.43330857157707214 -0.12223529815673828
0.245118647813797 -0.4373140335083008 -0.1303982138633728
0.23259858787059784 -0.4405118525028229 -0.13799718022346497
0.21875786781311035 -0.4430122673511505 -0.14518043398857117
0.20353399217128754 -0.44493594765663147 -0.15209071338176727
0.18691474199295044 -0.4463912844657898 -0.1588401049375534
0.168960303068161 -0.4474826753139496 -0.16551242768764496
0.1498267501592636 -0.4483157694339752 -0.1721624881029129
0.12978975474834442 -0.44900059700012207 -0.1788138896226883
0.10925134271383286 -0.4496473968029022 -0.18544816970825195
0.088469959795475 -0.4502307176589966 -0.19179004430770874
0.06741347908973694 -0.450573593378067 -0.19731615483760834
0.045976366847753525 -0.45049557089805603 -0.20151996612548828
0.02399379201233387 -0.4498242735862732 -0.20393435657024384
0.0012422304134815931 -0.44839590787887573 -0.204131618142128
-0.02255965769290924 -0.44605332612991333 -0.20171549916267395
-0.04775410145521164 -0.4426407516002655 -0.19630594551563263
-0.07467920333147049 -0.4380023181438446 -0.1875656098127365
-0.10327349603176117 -0.4320063591003418 -0.1754351705312729
-0.1333085149526596 -0.42453059554100037 -0.1599564105272293
-0.16455595195293427 -0.4154500663280487 -0.1411598175764084
-0.19678419828414917 -0.4046381115913391 -0.11906832456588745
-0.22975654900074005 -0.39196690917015076 -0.09370003640651703
-0.26322925090789795 -0.3773082196712494 -0.06507150083780289
-0.29695072770118713 -0.3605350852012634 -0.03320058435201645
-0.33083227276802063 -0.341575562953949 0.0018958355067297816
-0.3651309609413147 -0.32046714425086975 0.04020911082625389
-0.4001409113407135 -0.2972610592842102 0.08172976225614548
-0.4361514449119568 -0.2720095217227936 0.1264459788799286
-0.4734467566013336 -0.24476642906665802 0.17434215545654297
-0.5123056769371033 -0.2155883014202118 0.2253977656364441
-0.5530016422271729 -0.18453527987003326 0.2795858681201935
-0.5958490967750549 -0.15162448585033417 0.33694982528686523
-0.6418075561523438 -0.11621960997581482 0.398606538772583
-0.692328155040741 -0.07719049602746964 0.46648597717285156
-0.7488933801651001 -0.03337973356246948 0.5425640344619751
-0.813014030456543 0.01639178954064846 0.6288545727729797
-0.8862382769584656 0.07333260029554367 0.7274218797683716
-0.9701674580574036 0.13869258761405945 0.8404015898704529
-1.0664695501327515 0.21377387642860413 0.9700191617012024
1.0172630548477173 0.9054459929466248 0.4320940375328064
0.9671893119812012 0.8011611104011536 0.43163013458251953
0.9230241179466248 0.7129206657409668 0.4288799464702606
0.8839484453201294 0.6380345225334167 0.42444631457328796
0.8492307066917419 0.5741173028945923 0.4188562035560608
0.8182138204574585 0.5190385580062866 0.4125756621360779
0.7903048396110535 0.47087499499320984 0.40602415800094604
0.764961838722229 0.42786461114883423 0.39958834648132324
0.7416855096817017 0.38837072253227234 0.3936295807361603
0.7200812101364136 0.3512748181819916 0.3882629871368408
0.699912428855896 0.31615641713142395 0.3832925856113434
0.6810204386711121 0.28275245428085327 0.3785173296928406
0.6633077263832092 0.2508997917175293 0.37374812364578247
0.646729588508606 0.2205238938331604 0.368803471326828
0.6312882304191589 0.19163160026073456 0.36350783705711365
0.6170276403427124 0.16430459916591644 0.3576914668083191
0.6040077209472656 0.13866324722766876 0.3512062132358551
0.5921491384506226 0.11462851613759995 0.3440232574939728
0.5812923908233643 0.09200641512870789 0.33617448806762695
0.5712729692459106 0.07059851288795471 0.32769954204559326
0.5619215369224548 0.050203390419483185 0.3186454772949219
0.5530653595924377 0.030617402866482735 0.30906713008880615
0.5445297956466675 0.011636431328952312 0.2990271747112274
0.5361402630805969 -0.006942105945199728 0.28859609365463257
0.5277840495109558 -0.02523762360215187 0.27785465121269226
0.5194970965385437 -0.04317807778716087 0.26688963174819946
0.5113251805305481 -0.06069132685661316 0.25577259063720703
0.5032994151115417 -0.07773763686418533 0.24455584585666656
0.4954366385936737 -0.09430710971355438 0.23327238857746124
0.4877404570579529 -0.11041738837957382 0.22193576395511627
0.48020192980766296 -0.12611150741577148 0.21053993701934814
0.47280019521713257 -0.14145565032958984 0.19905932247638702
0.46549904346466064 -0.15652595460414886 0.18744854629039764
0.4582604169845581 -0.17138157784938812 0.17566362023353577
0.45105674862861633 -0.18605941534042358 0.16367505490779877
0.44387009739875793 -0.20057521760463715 0.15146863460540771
0.4366927146911621 -0.21492382884025574 0.13904628157615662
0.4295267164707184 -0.22907914221286774 0.12642720341682434
0.422384649515152 -0.242994487285614 0.1136491522192955
0.4152860641479492 -0.2566094398498535 0.10076732933521271
0.40824094414711 -0.2698827087879181 0.08784214407205582
0.4012543559074402 -0.2827833592891693 0.07493311166763306
0.39433038234710693 -0.2952835261821747 0.06209874525666237
0.3874720633029938 -0.3073582649230957 0.04939640313386917
0.3806818127632141 -0.31898608803749084 0.03688167408108711
0.3739607632160187 -0.33014851808547974 0.024607835337519646
0.3673090934753418 -0.3408307433128357 0.012625330127775669
0.36071649193763733 -0.3510358929634094 0.000951065041590482
0.35415545105934143 -0.36079496145248413 -0.010451889596879482
0.34759649634361267 -0.3701440393924713 -0.02162751369178295
0.34100937843322754 -0.379121869802475 -0.03262181952595711
0.3343634605407715 -0.3877691626548767 -0.04348234087228775
0.3276280164718628 -0.39612817764282227 -0.05425770580768585
0.3207722008228302 -0.4042423963546753 -0.06499742716550827
0.3137631118297577 -0.4121461808681488 -0.0757393091917038
0.3065422773361206 -0.4197708070278168 -0.08639825880527496
0.2990240454673767 -0.42700180411338806 -0.09683716297149658
0.2911042273044586 -0.43374425172805786 -0.10694773495197296
0.28265759348869324 -0.4399188458919525 -0.11664751917123795
0.2735331654548645 -0.4454576075077057 -0.12587593495845795
0.2635471820831299 -0.45029789209365845 -0.13458974659442902
0.2524721026420593 -0.45437607169151306 -0.1427585482597351
0.24006974697113037 -0.4576679468154907 -0.15040376782417297
0.22621870040893555 -0.4602814018726349 -0.15767356753349304
0.21085456013679504 -0.4623337984085083 -0.164710134267807
0.19396549463272095 -0.46393051743507385 -0.17162448167800903
0.17561668157577515 -0.46517249941825867 -0.17849794030189514
0.15597757697105408 -0.46616145968437195 -0.18538060784339905
0.13534817099571228 -0.46700286865234375 -0.19228826463222504
0.11416686326265335 -0.4678014814853668 -0.19919033348560333
0.09271442890167236 -0.46852219104766846 -0.20578059554100037
0.07095561921596527 -0.46897464990615845 -0.21148821711540222
0.0487787164747715 -0.46896669268608093 -0.2157633900642395
0.02601166069507599 -0.4683172404766083 -0.2181035727262497
0.002423364669084549 -0.46685686707496643 -0.2180548459291458
-0.022274481132626534 -0.46442586183547974 -0.21520376205444336
-0.048429448157548904 -0.4608691930770874 -0.2091618776321411
-0.07637496292591095 -0.45603591203689575 -0.19959555566310883
-0.10599964112043381 -0.44980910420417786 -0.18648149073123932
-0.13701879978179932 -0.44208449125289917 -0.1699066311120987
-0.1691630631685257 -0.4327540099620819 -0.14994098246097565
-0.2021755874156952 -0.42170587182044983 -0.12663866579532623
-0.23581092059612274 -0.4088231027126312 -0.10003773868083954
-0.2698328495025635 -0.39398273825645447 -0.07016043365001678
-0.30401384830474854 -0.37705522775650024 -0.03701328486204147
-0.3383021354675293 -0.3579593300819397 -0.0005875044735148549
-0.37299036979675293 -0.33672285079956055 0.03913402557373047
-0.4083998203277588 -0.31338706612586975 0.08216609060764313
-0.4448392987251282 -0.2879946529865265 0.12851856648921967
-0.48260554671287537 -0.2605918347835541 0.17819322645664215
-0.5219835638999939 -0.23123051226139069 0.23118072748184204
-0.5632456541061401 -0.19997021555900574 0.28745728731155396
-0.6066983938217163 -0.1668316274881363 0.3470629155635834
-0.6533040404319763 -0.13117119669914246 0.41115081310272217
-0.7045243382453918 -0.09184255450963974 0.481717586517334
-0.7618489265441895 -0.047675106674432755 0.5608022212982178
-0.8267898559570312 0.002519013127312064 0.6504744291305542
-0.9008883833885193 0.05995072051882744 0.7528445720672607
-0.9857275485992432 0.12586331367492676 0.870080292224884
-1.082940697669983 0.20153984427452087 1.0044194459915161
0.9916673302650452 0.923556923866272 0.3969157934188843
0.9403457641601562 0.8161613941192627 0.39625275135040283
0.8944845199584961 0.7231673002243042 0.39368727803230286
0.8537916541099548 0.6432100534439087 0.38970938324928284
0.8178108334541321 0.5746299028396606 0.38477522134780884
0.7859792113304138 0.5156075358390808 0.3792976140975952
0.7576702833175659 0.4642569124698639 0.37364462018013
0.7322226166725159 0.41867777705192566 0.368144690990448
0.7089583873748779 0.37698444724082947 0.3630915582180023
0.6873579621315002 0.33785662055015564 0.3585593104362488
0.667181134223938 0.3008289933204651 0.3543563783168793
0.6482840776443481 0.265627384185791 0.35028865933418274
0.6305928230285645 0.23209752142429352 0.3461730182170868
0.6140942573547363 0.2001921683549881 0.34183236956596375
0.5988298058509827 0.16996276378631592 0.33709385991096497
0.5848903059959412 0.14155256748199463 0.3317895531654358
0.5723826885223389 0.1151481568813324 0.32577160000801086
0.5612229704856873 0.09065926820039749 0.3190077543258667
0.5512198209762573 0.067839615046978 0.3115263283252716
0.5421751737594604 0.04643797129392624 0.30336514115333557
0.5338845252990723 0.026199711486697197 0.294572114944458
0.5261383652687073 0.006867839489132166 0.2852057218551636
0.5187241435050964 -0.011814860627055168 0.2753356099128723
0.5114288926124573 -0.030102796852588654 0.2650423049926758
0.5041143894195557 -0.04814697057008743 0.2544202208518982
0.49682295322418213 -0.06586146354675293 0.2435712218284607
0.48961159586906433 -0.08315717428922653 0.23258014023303986
0.4825223684310913 -0.0999818816781044 0.22151045501232147
0.4755827486515045 -0.11631740629673004 0.2104036808013916
0.46880674362182617 -0.13217686116695404 0.19927974045276642
0.46219557523727417 -0.1476018875837326 0.1881370097398758
0.45573824644088745 -0.16266022622585297 0.17695213854312897
0.449400395154953 -0.1774362027645111 0.1656728833913803
0.44313856959342957 -0.19200024008750916 0.1542421132326126
0.4369194507598877 -0.2063981294631958 0.1426190733909607
0.4307197034358978 -0.22065205872058868 0.13078036904335022
0.42452555894851685 -0.23476117849349976 0.1187203899025917
0.4183332622051239 -0.2487017661333084 0.10645300894975662
0.41214892268180847 -0.26242756843566895 0.0940122976899147
0.40598803758621216 -0.2758738398551941 0.08145536482334137
0.3998686969280243 -0.2889798879623413 0.06886257976293564
0.3938053548336029 -0.3016977608203888 0.056312404572963715
0.3878076672554016 -0.31399041414260864 0.04387432709336281
0.38188132643699646 -0.32583120465278625 0.03160863742232323
0.3760274648666382 -0.3372034728527069 0.019566278904676437
0.3702433109283447 -0.34809955954551697 0.007788897026330233
0.3645220398902893 -0.3585200607776642 -0.0036909333430230618
0.3588446378707886 -0.3684858977794647 -0.014877268113195896
0.35317733883857727 -0.378041535615921 -0.025823548436164856
0.3474869430065155 -0.3872305154800415 -0.036584291607141495
0.34174203872680664 -0.3960939645767212 -0.04721071943640709
0.3359132707118988 -0.4046700894832611 -0.05775068327784538
0.32997339963912964 -0.41299504041671753 -0.0682486817240715
0.32389724254608154 -0.42110249400138855 -0.07874592393636703
0.3176582455635071 -0.4290149509906769 -0.0892692506313324
0.311189204454422 -0.43665969371795654 -0.09973201900720596
0.30438756942749023 -0.44392329454421997 -0.1100010946393013
0.29713380336761475 -0.45071110129356384 -0.11997081339359283
0.28928884863853455 -0.456944078207016 -0.1295604258775711
0.2806883752346039 -0.46255412697792053 -0.13871052861213684
0.27113524079322815 -0.46747881174087524 -0.14737913012504578
0.2603873908519745 -0.4716552495956421 -0.15553739666938782
0.24819418787956238 -0.4750593602657318 -0.16320806741714478
0.23443299531936646 -0.4777970612049103 -0.1705380380153656
0.21904009580612183 -0.47998297214508057 -0.17766790091991425
0.20200610160827637 -0.4817197322845459 -0.1847066581249237
0.183402881026268 -0.4831051528453827 -0.19173240661621094
0.16341345012187958 -0.4842372238636017 -0.19879008829593658
0.14236082136631012 -0.48521727323532104 -0.20588774979114532
0.12071576714515686 -0.4861445128917694 -0.21298354864120483
0.09877805411815643 -0.4869733154773712 -0.21974341571331024
0.07650838047266006 -0.4874977469444275 -0.22555458545684814
0.05378865450620651 -0.48751258850097656 -0.22983050346374512
0.030439717695116997 -0.48682647943496704 -0.232040137052536
0.006223619915544987 -0.4852633476257324 -0.23171022534370422
-0.01915375515818596 -0.48266008496284485 -0.2284170240163803
-0.04604380577802658 -0.4788613021373749 -0.22176986932754517
-0.07477468252182007 -0.4737195670604706 -0.2114436775445938
-0.10519120842218399 -0.46713289618492126 -0.1974516063928604
-0.13696123659610748 -0.45901528000831604 -0.17992359399795532
-0.16978250443935394 -0.44927579164505005 -0.15896625816822052
-0.20337992906570435 -0.43781691789627075 -0.13466162979602814
-0.23750419914722443 -0.4245321452617645 -0.10706479102373123
-0.27192920446395874 -0.40930402278900146 -0.07620231807231903
-0.30645090341567993 -0.3920019268989563 -0.04207024350762367
-0.3410494029521942 -0.3725387156009674 -0.0046381112188100815
-0.37604472041130066 -0.3509386479854584 0.036131493747234344
-0.4117791950702667 -0.3272383511066437 0.08027360588312149
-0.4485774040222168 -0.3014751374721527 0.1278180330991745
-0.4867478907108307 -0.2736903727054596 0.17878520488739014
-0.5265834927558899 -0.24393175542354584 0.23318205773830414
-0.5683605074882507 -0.21225671470165253 0.2909972369670868
-0.6123863458633423 -0.17868542671203613 0.35228046774864197
-0.659627377986908 -0.14256471395492554 0.41821950674057007
-0.7115533947944641 -0.10273060202598572 0.49086669087409973
-0.7696624994277954 -0.05799449235200882 0.5723175406455994
-0.8354747891426086 -0.007150514982640743 0.6646986603736877
-0.9105386137962341 0.0510295070707798 0.7701765894889832
-0.9964414238929749 0.11780412495136261 0.8909725546836853
-1.0948156118392944 0.19446782767772675 1.0293716192245483
0.9625542163848877 0.9419942498207092 0.35848698019981384
0.9089404940605164 0.8313919901847839 0.3565199673175812
0.8608334064483643 0.7336906790733337 0.3534669280052185
0.8183144330978394 0.6486731171607971 0.34964361786842346
0.7810938358306885 0.5753607749938965 0.34534919261932373
0.7486140727996826 0.512248694896698 0.3408510982990265
0.7201403975486755 0.4575049579143524 0.33637934923171997
0.6948300004005432 0.40911155939102173 0.3321281671524048
0.6717791557312012 0.36495721340179443 0.32825982570648193
0.6503275632858276 0.3235390782356262 0.3247801959514618
0.6302461624145508 0.28435519337654114 0.32151341438293457
0.6114192605018616 0.2471264749765396 0.3182840049266815
0.5938066244125366 0.2117123305797577 0.3149239420890808
0.5774357318878174 0.1780971735715866 0.31126874685287476
0.5623957514762878 0.14638100564479828 0.3071560263633728
0.5488315224647522 0.11677232384681702 0.3024255931377411
0.5369033813476562 0.08952704817056656 0.2969352602958679
0.5265239477157593 0.0645393654704094 0.2906501591205597
0.5174691677093506 0.04150396212935448 0.28359344601631165
0.509506344795227 0.020111247897148132 0.275799959897995
0.5023939609527588 4.842936687055044e-05 0.26731765270233154
0.4958835542201996 -0.018999535590410233 0.25820863246917725
0.48972171545028687 -0.03734729439020157 0.24855028092861176
0.4836534857749939 -0.055304866284132004 0.23843519389629364
0.4775126576423645 -0.07305547595024109 0.2279748022556305
0.4713476896286011 -0.09049428254365921 0.2172907441854477
0.46522796154022217 -0.10751071572303772 0.20648542046546936
0.4592073857784271 -0.12403711676597595 0.19563628733158112
0.4533255100250244 -0.14004558324813843 0.18479575216770172
0.4476076662540436 -0.15554431080818176 0.17399124801158905
0.44206690788269043 -0.17057421803474426 0.16322623193264008
0.4367034137248993 -0.1852058619260788 0.15247957408428192
0.4314844608306885 -0.19953522086143494 0.14168967306613922
0.4263595640659332 -0.21364861726760864 0.1307821273803711
0.42128777503967285 -0.2276049703359604 0.11970101296901703
0.4162376821041107 -0.24143657088279724 0.10840970277786255
0.4111868441104889 -0.25515028834342957 0.09689166396856308
0.40612226724624634 -0.2687273621559143 0.0851517841219902
0.4010404050350189 -0.282124400138855 0.07321734726428986
0.3959490954875946 -0.29527410864830017 0.061144497245550156
0.3908717930316925 -0.30809807777404785 0.049030523747205734
0.38583046197891235 -0.3205328583717346 0.03697008639574051
0.3808399438858032 -0.33253368735313416 0.02504124492406845
0.3759087324142456 -0.34407347440719604 0.013305549509823322
0.37103891372680664 -0.3551408648490906 0.0018085032934322953
0.36622658371925354 -0.3657388687133789 -0.00941961258649826
0.36146193742752075 -0.3758828341960907 -0.020362749695777893
0.35672223567962646 -0.3856097161769867 -0.031042946502566338
0.3519710898399353 -0.3949742615222931 -0.04152591526508331
0.3471744656562805 -0.40402519702911377 -0.05187315493822098
0.34230172634124756 -0.41280391812324524 -0.062138255685567856
0.3373258113861084 -0.4213451147079468 -0.07236725836992264
0.33222323656082153 -0.429677277803421 -0.08259883522987366
0.32697412371635437 -0.4378231465816498 -0.092864491045475
0.3215573728084564 -0.4457920789718628 -0.10317876189947128
0.31589701771736145 -0.4535057842731476 -0.11345250904560089
0.3098738491535187 -0.46084991097450256 -0.12355595827102661
0.3033536374568939 -0.46772894263267517 -0.1333855539560318
0.29618388414382935 -0.47406259179115295 -0.14286185801029205
0.28818807005882263 -0.47978201508522034 -0.1519264280796051
0.27915677428245544 -0.48482394218444824 -0.16053809225559235
0.26883575320243835 -0.48912563920021057 -0.16866937279701233
0.25696444511413574 -0.4926629066467285 -0.17634381353855133
0.243421733379364 -0.4955398738384247 -0.18370607495307922
0.2281472086906433 -0.49786898493766785 -0.19089414179325104
0.21113574504852295 -0.4997502863407135 -0.198014035820961
0.1924668699502945 -0.5012786388397217 -0.2051398903131485
0.17233654856681824 -0.5025484561920166 -0.21231107413768768
0.15108755230903625 -0.5036566853523254 -0.21952804923057556
0.1292170286178589 -0.504697322845459 -0.22673889994621277
0.10703818500041962 -0.505612313747406 -0.23358608782291412
0.08450593054294586 -0.5061782002449036 -0.2394227683544159
0.06149456650018692 -0.5061745047569275 -0.24363406002521515
0.03781747445464134 -0.505398154258728 -0.24566873908042908
0.0132300341501832 -0.503665030002594 -0.24504190683364868
-0.01256690826267004 -0.5008072257041931 -0.24132603406906128
-0.03992753103375435 -0.49666738510131836 -0.23413364589214325
-0.0691748559474945 -0.491100013256073 -0.2231515645980835
-0.10011766850948334 -0.4840184450149536 -0.20842771232128143
-0.1323861926794052 -0.47535598278045654 -0.1901308000087738
-0.1656535416841507 -0.46503889560699463 -0.16839957237243652
-0.1996324509382248 -0.4529837965965271 -0.14333981275558472
-0.2340734452009201 -0.43909475207328796 -0.11502088606357574
-0.26876118779182434 -0.4232599139213562 -0.0834728479385376
-0.30351272225379944 -0.40534862875938416 -0.04868327081203461
-0.33833396434783936 -0.3852716386318207 -0.010605246759951115
-0.3735635578632355 -0.36305469274520874 0.03081323206424713
-0.4095582962036133 -0.33873507380485535 0.07562340050935745
-0.44665512442588806 -0.31234878301620483 0.12387356162071228
-0.48517364263534546 -0.28393450379371643 0.17560455203056335
-0.5254167318344116 -0.25353649258613586 0.2308451384305954
-0.5676709413528442 -0.22120808064937592 0.28960710763931274
-0.6122534275054932 -0.1869647055864334 0.35196423530578613
-0.660137414932251 -0.1501387357711792 0.41913795471191406
-0.712799072265625 -0.10954347252845764 0.49322348833084106
-0.7717458009719849 -0.06396474689245224 0.5763640403747559
-0.8385100364685059 -0.012168164364993572 0.6707391142845154
-0.9146560430526733 0.04710574448108673 0.7785733938217163
-1.0017884969711304 0.11514884978532791 0.9021493196487427
-1.1015576124191284 0.19328944385051727 1.0438144207000732
0.9295374751091003 0.9605787992477417 0.3169729709625244
0.872689425945282 0.8463374376296997 0.31284579634666443
0.8219552636146545 0.7439655661582947 0.30878928303718567
0.7775929570198059 0.6540569067001343 0.3049159049987793
0.73932945728302 0.5761416554450989 0.30130189657211304
0.706500232219696 0.5089587569236755 0.2979895770549774
0.6781834959983826 0.4507203698158264 0.2949927747249603
0.6533039212226868 0.3993180990219116 0.2923039197921753
0.6307042837142944 0.35246482491493225 0.28989917039871216
0.6095840930938721 0.3085181415081024 0.2876943349838257
0.5897416472434998 0.2669540345668793 0.28553998470306396
0.57110196352005 0.22749699652194977 0.2832890450954437
0.5536682605743408 0.19002601504325867 0.2807967960834503
0.5375149846076965 0.15456002950668335 0.27791827917099
0.5227831602096558 0.12124849855899811 0.2745068371295929
0.5096750855445862 0.09036437422037125 0.27041560411453247
0.49840670824050903 0.062230199575424194 0.2655116617679596
0.4888887107372284 0.03671856224536896 0.2597588300704956
0.48086604475975037 0.013459420762956142 0.25317493081092834
0.47407281398773193 -0.007919205352663994 0.24579176306724548
0.4682326912879944 -0.027791276574134827 0.23765742778778076
0.4630584418773651 -0.04653239622712135 0.22883853316307068
0.45825517177581787 -0.0645168349146843 0.21942193806171417
0.453524649143219 -0.08211197704076767 0.20951516926288605
0.4486704170703888 -0.09953248500823975 0.199250727891922
0.4437459409236908 -0.11664982885122299 0.18877434730529785
0.4388321340084076 -0.1333281546831131 0.178209125995636
0.4339947998523712 -0.14948241412639618 0.1676488220691681
0.4292854368686676 -0.165074422955513 0.1571575403213501
0.4247419536113739 -0.18010835349559784 0.14677059650421143
0.4203896224498749 -0.1946258395910263 0.13649584352970123
0.41624149680137634 -0.20870256423950195 0.12631352245807648
0.41226688027381897 -0.22245007753372192 0.11614974588155746
0.40840744972229004 -0.23597556352615356 0.10590889304876328
0.40461304783821106 -0.24935495853424072 0.09551593661308289
0.4008421301841736 -0.2626342177391052 0.08491768687963486
0.3970614969730377 -0.27583053708076477 0.0740833729505539
0.39324602484703064 -0.28893226385116577 0.06300608068704605
0.3893790543079376 -0.301899790763855 0.05170396715402603
0.3854575753211975 -0.3146636486053467 0.04023034870624542
0.38150754570961 -0.32712864875793457 0.02869695983827114
0.3775565028190613 -0.3392165005207062 0.01721254549920559
0.3736245036125183 -0.3508753776550293 0.005862391088157892
0.3697240650653839 -0.36207738518714905 -0.00529114156961441
0.3658602237701416 -0.37281620502471924 -0.0162075012922287
0.3620312809944153 -0.38310444355010986 -0.026866387575864792
0.3582288324832916 -0.39297106862068176 -0.03726604953408241
0.3544307053089142 -0.4024665653705597 -0.04744322597980499
0.3506014943122864 -0.4116540551185608 -0.05747213214635849
0.34670883417129517 -0.42058587074279785 -0.06741838157176971
0.342724472284317 -0.42930278182029724 -0.07733592391014099
0.33862414956092834 -0.4378351867198944 -0.08726764470338821
0.3343881368637085 -0.44620421528816223 -0.09724556654691696
0.3300010561943054 -0.45442140102386475 -0.10729094594717026
0.32544612884521484 -0.462482750415802 -0.11740560084581375
0.32063883543014526 -0.47030290961265564 -0.12749700248241425
0.3154450058937073 -0.47776520252227783 -0.13743780553340912
0.30971717834472656 -0.48477184772491455 -0.1471259742975235
0.3032911717891693 -0.49124041199684143 -0.1564830094575882
0.2959800064563751 -0.4971003532409668 -0.16545121371746063
0.2875649333000183 -0.5022875070571899 -0.17399032413959503
0.27778229117393494 -0.5067386627197266 -0.1820741444826126
0.26636549830436707 -0.5104295611381531 -0.18972685933113098
0.2531978189945221 -0.5134631395339966 -0.19709017872810364
0.23822438716888428 -0.5159497857093811 -0.20429843664169312
0.22144603729248047 -0.5179874897003174 -0.21145379543304443
0.20294994115829468 -0.5196676254272461 -0.21862567961215973
0.18294301629066467 -0.5210811495780945 -0.22584760189056396
0.16178257763385773 -0.5223196744918823 -0.2331126481294632
0.13998351991176605 -0.5234718322753906 -0.24036015570163727
0.11786491423845291 -0.5244656205177307 -0.24721485376358032
0.09537284821271896 -0.5250568389892578 -0.2530055642127991
0.07237225025892258 -0.5250073075294495 -0.25709909200668335
0.04866805672645569 -0.524100124835968 -0.2589331567287445
0.02400895394384861 -0.5221410989761353 -0.2580188810825348
-0.0019087562104687095 -0.5189557671546936 -0.25393104553222656
-0.029441187158226967 -0.5143823623657227 -0.24628938734531403
-0.05890685319900513 -0.5082751512527466 -0.23479445278644562
-0.09008750319480896 -0.5005636215209961 -0.21952497959136963
-0.12258632481098175 -0.4912014305591583 -0.20068247616291046
-0.15605975687503815 -0.4801326394081116 -0.17843222618103027
-0.19021375477313995 -0.4672883152961731 -0.15289942920207977
-0.2248009294271469 -0.45258310437202454 -0.12416509538888931
-0.2596163749694824 -0.4359113574028015 -0.09226272255182266
-0.2944948375225067 -0.4171435534954071 -0.05717454478144646
-0.3294607102870941 -0.3961913585662842 -0.018843289464712143
-0.3648616075515747 -0.37308764457702637 0.022791605442762375
-0.40106201171875 -0.3478749096393585 0.06779349595308304
-0.43840736150741577 -0.32059144973754883 0.11622770875692368
-0.4772273302078247 -0.29127517342567444 0.16815727949142456
-0.5178375244140625 -0.2599666714668274 0.2236388474702835
-0.5605405569076538 -0.22671283781528473 0.2827179729938507
-0.6056733727455139 -0.19151923060417175 0.34550780057907104
-0.6542201638221741 -0.1536959558725357 0.41326236724853516
-0.7076627016067505 -0.11202403157949448 0.4881056845188141
-0.7675182819366455 -0.06525281071662903 0.5722166299819946
-0.8353345990180969 -0.012106652371585369 0.667818546295166
-0.912695586681366 0.048719704151153564 0.777187168598175
-1.001229166984558 0.11856727302074432 0.9026612639427185
-1.102608561515808 0.1988147348165512 1.0466456413269043
0.8918994069099426 0.9792739748954773 0.27214792370796204
0.8311956524848938 0.8605108261108398 0.265519380569458
0.777820885181427 0.753440797328949 0.26032716035842896
0.7319363355636597 0.6589636206626892 0.25645050406455994
0.6930855512619019 0.5767959356307983 0.25369498133659363
0.6603701710700989 0.5057560205459595 0.2518259286880493
0.6326149106025696 0.44405338168144226 0.25059443712234497
0.6084916591644287 0.38951951265335083 0.2497539520263672
0.5866011381149292 0.3397708535194397 0.24906709790229797
0.5660265684127808 0.29309582710266113 0.24835079908370972
0.5466099977493286 0.2489703744649887 0.24748912453651428
0.528327465057373 0.20713447034358978 0.24636948108673096
0.5112309455871582 0.1674927920103073 0.24487529695034027
0.4954438805580139 0.1300998479127884 0.24288420379161835
0.4811578094959259 0.09515122324228287 0.24026839435100555
0.4686290919780731 0.06297670304775238 0.23689602315425873
0.4581243693828583 0.033954888582229614 0.23264452815055847
0.4495534598827362 0.007927946746349335 0.22747758030891418
0.4426349103450775 -0.015543419867753983 0.2214093655347824
0.4370756149291992 -0.036895595490932465 0.21446968615055084
0.4325685501098633 -0.05656418949365616 0.20670804381370544
0.428792268037796 -0.07498504221439362 0.19819729030132294
0.4254131615161896 -0.0925913080573082 0.1890365034341812
0.42209112644195557 -0.10980650782585144 0.17935220897197723
0.41859880089759827 -0.1268741637468338 0.16930235922336578
0.4149918258190155 -0.14363795518875122 0.1590600311756134
0.41135990619659424 -0.15993422269821167 0.1487712264060974
0.4077795147895813 -0.17565970122814178 0.13854676485061646
0.4043135643005371 -0.19076679646968842 0.1284622848033905
0.4010120928287506 -0.205257385969162 0.11855978518724442
0.39791399240493774 -0.2191765010356903 0.10885003209114075
0.39504650235176086 -0.23260776698589325 0.09931273758411407
0.3923827111721039 -0.24568232893943787 0.08985938131809235
0.3898570239543915 -0.2585318088531494 0.08037020266056061
0.38741058111190796 -0.2712523639202118 0.07074882835149765
0.38499119877815247 -0.2839060127735138 0.060923200100660324
0.38255324959754944 -0.29652175307273865 0.05084638297557831
0.3800574839115143 -0.309095561504364 0.040498167276382446
0.3774714171886444 -0.3215910494327545 0.02988688088953495
0.3747779428958893 -0.33393487334251404 0.0190627072006464
0.372001975774765 -0.34601491689682007 0.008150153793394566
0.36917540431022644 -0.35773831605911255 -0.002729340922087431
0.36632296442985535 -0.3690453767776489 -0.013483610935509205
0.36346229910850525 -0.37990695238113403 -0.024048995226621628
0.36060360074043274 -0.39032042026519775 -0.03438859432935715
0.35775044560432434 -0.4003066420555115 -0.044490087777376175
0.3548997640609741 -0.4099063277244568 -0.05436345189809799
0.35203394293785095 -0.4191822409629822 -0.06405707448720932
0.3491213917732239 -0.42820438742637634 -0.07365097850561142
0.34613296389579773 -0.4370277523994446 -0.08321299403905869
0.34304362535476685 -0.4456929564476013 -0.09279649704694748
0.3398323655128479 -0.454227089881897 -0.10244087129831314
0.33648237586021423 -0.46264412999153137 -0.11217159032821655
0.33298176527023315 -0.4709460437297821 -0.12200017273426056
0.329316109418869 -0.4791160523891449 -0.13191622495651245
0.32539358735084534 -0.48706120252609253 -0.14182324707508087
0.3210676312446594 -0.4946611225605011 -0.15159529447555542
0.3161802589893341 -0.5018145442008972 -0.16113124787807465
0.3105586767196655 -0.5084365606307983 -0.17035335302352905
0.3040090501308441 -0.5144547820091248 -0.17920488119125366
0.2963067889213562 -0.5198042392730713 -0.187646746635437
0.2871837913990021 -0.5244216918945312 -0.19565460085868835
0.27637237310409546 -0.5282834768295288 -0.20325352251529694
0.2637631297111511 -0.5314916968345642 -0.21058158576488495
0.24930888414382935 -0.5341553688049316 -0.21776869893074036
0.233017235994339 -0.5363695621490479 -0.22491219639778137
0.21498233079910278 -0.5382225513458252 -0.23207616806030273
0.19541814923286438 -0.5398005247116089 -0.23928792774677277
0.174689382314682 -0.5411898493766785 -0.24653370678424835
0.15331707894802094 -0.5424718856811523 -0.25374531745910645
0.13161668181419373 -0.5435584187507629 -0.26053622364997864
0.10952147841453552 -0.5441808700561523 -0.26622262597084045
0.08688458055257797 -0.5440798401832581 -0.27016404271125793
0.06350134313106537 -0.5430217981338501 -0.27179640531539917
0.03911357745528221 -0.5407997965812683 -0.27063435316085815
0.013413649052381516 -0.5372297763824463 -0.266260027885437
-0.013955646194517612 -0.5321426391601562 -0.25830334424972534
-0.04330907762050629 -0.5253894925117493 -0.24647854268550873
-0.07441148161888123 -0.5169163942337036 -0.23088955879211426
-0.106850266456604 -0.5066990852355957 -0.21176360547542572
-0.14027327299118042 -0.4947001039981842 -0.1892862170934677
-0.1743844598531723 -0.480865478515625 -0.16359759867191315
-0.2089403122663498 -0.4651210606098175 -0.134788379073143
-0.2437451034784317 -0.4473682641983032 -0.10289622843265533
-0.2786475419998169 -0.427480012178421 -0.0679020956158638
-0.31368255615234375 -0.4053720533847809 -0.029745295643806458
-0.34919610619544983 -0.3810900151729584 0.011636771261692047
-0.38555216789245605 -0.35468602180480957 0.05631517991423607
-0.42309999465942383 -0.3262036144733429 0.1043703705072403
-0.46217766404151917 -0.2956808805465698 0.15588898956775665
-0.503115713596344 -0.26315370202064514 0.21096095442771912
-0.5462388396263123 -0.22865872085094452 0.269676148891449
-0.5919132232666016 -0.19218459725379944 0.33220183849334717
-0.6411404609680176 -0.15300758183002472 0.39982303977012634
-0.6954089999198914 -0.10986208915710449 0.47467684745788574
-0.7562479376792908 -0.061445608735084534 0.5589631795883179
-0.8252223134040833 -0.006425097584724426 0.6549346446990967
-0.9039375185966492 0.056566786020994186 0.7649031281471252
-0.994042694568634 0.12893547117710114 0.8912448883056641
-1.097228765487671 0.2121221423149109 1.0363972187042236
0.8486681580543518 0.9983081817626953 0.2232632040977478
0.7840468883514404 0.8737253546714783 0.21450844407081604
0.7285519242286682 0.761832594871521 0.20860908925533295
0.681890070438385 0.6631900668144226 0.2051527500152588
0.6431917548179626 0.5772661566734314 0.20364229381084442
0.6112081408500671 0.5027231574058533 0.20355425775051117
0.5844786763191223 0.4376888871192932 0.20437806844711304
0.561444103717804 0.3799639344215393 0.20563507080078125
0.5405173897743225 0.32716479897499084 0.20688413083553314
0.520712673664093 0.27760031819343567 0.20785051584243774
0.5019303560256958 0.2307753711938858 0.2084542065858841
0.4842038154602051 0.18645977973937988 0.20861855149269104
0.46763575077056885 0.1445901244878769 0.20825575292110443
0.4523963928222656 0.10525564104318619 0.2072669118642807
0.4387218654155731 0.06868992745876312 0.20554274320602417
0.4269126355648041 0.03526514396071434 0.20296555757522583
0.41727590560913086 0.0053972890600562096 0.19942215085029602
0.4097212851047516 -0.02111230604350567 0.194878488779068
0.40394890308380127 -0.04477454349398613 0.18934857845306396
0.3996468782424927 -0.06608931720256805 0.1828634887933731
0.39648666977882385 -0.08555104583501816 0.17547723650932312
0.39412039518356323 -0.1036519706249237 0.16727231442928314
0.3921823501586914 -0.12087978422641754 0.15836401283740997
0.39029553532600403 -0.13770946860313416 0.14890272915363312
0.38820263743400574 -0.15440940856933594 0.13907630741596222
0.3859553337097168 -0.1707945615053177 0.12908554077148438
0.38364678621292114 -0.18667417764663696 0.11909802258014679
0.38136008381843567 -0.20192889869213104 0.1092396154999733
0.3791670501232147 -0.21650460362434387 0.09959475696086884
0.3771287202835083 -0.23040437698364258 0.09020910412073135
0.3752971291542053 -0.24368007481098175 0.08109322190284729
0.373714804649353 -0.25642675161361694 0.07222346216440201
0.37236207723617554 -0.2687973976135254 0.06349552422761917
0.37117016315460205 -0.28094932436943054 0.05476604402065277
0.37007415294647217 -0.29299962520599365 0.04591763764619827
0.36901339888572693 -0.3050263822078705 0.036859914660453796
0.3679303526878357 -0.3170701563358307 0.027530167251825333
0.3667708933353424 -0.3291332721710205 0.017895730212330818
0.3654850423336029 -0.341179758310318 0.007956462912261486
0.3640386462211609 -0.35312923789024353 -0.002238888991996646
0.3624519109725952 -0.3648514449596405 -0.01255380641669035
0.36075839400291443 -0.3762381970882416 -0.022854862734675407
0.3589867651462555 -0.38722145557403564 -0.03304285183548927
0.35716012120246887 -0.3977692127227783 -0.04305189475417137
0.35529565811157227 -0.40788164734840393 -0.05284732207655907
0.35340461134910583 -0.41758623719215393 -0.06242281571030617
0.3514921963214874 -0.42693424224853516 -0.07179774343967438
0.3495487570762634 -0.43599948287010193 -0.0810299962759018
0.34754806756973267 -0.4448588788509369 -0.09020421653985977
0.34546536207199097 -0.4535711109638214 -0.0993901863694191
0.343279093503952 -0.4621776342391968 -0.10864098370075226
0.3409709632396698 -0.4707036316394806 -0.11799325793981552
0.33852633833885193 -0.4791583716869354 -0.12746718525886536
0.33593475818634033 -0.48753589391708374 -0.13706599175930023
0.3331824541091919 -0.495808869600296 -0.14676865935325623
0.33017128705978394 -0.5038765072822571 -0.15647447109222412
0.3267458379268646 -0.5116135478019714 -0.1660577654838562
0.32274141907691956 -0.5189147591590881 -0.17541790008544922
0.31798067688941956 -0.5256927013397217 -0.18447791039943695
0.3122672438621521 -0.5318735241889954 -0.19318220019340515
0.30537623167037964 -0.5373921990394592 -0.20149365067481995
0.2970409095287323 -0.5421867370605469 -0.20939059555530548
0.2869986891746521 -0.5462350249290466 -0.2168995589017868
0.2751505374908447 -0.5496389269828796 -0.2241542786359787
0.2614588141441345 -0.5525053143501282 -0.2312789261341095
0.24593834578990936 -0.5549264550209045 -0.23836511373519897
0.2286880612373352 -0.556986391544342 -0.24547068774700165
0.20992369949817657 -0.5587654113769531 -0.25261637568473816
0.1900075376033783 -0.5603424906730652 -0.2597816288471222
0.1694526970386505 -0.5617897510528564 -0.2668918967247009
0.14855945110321045 -0.5629996657371521 -0.2735564708709717
0.1272437572479248 -0.5636755228042603 -0.2790916860103607
0.10534436255693436 -0.5635331869125366 -0.28286105394363403
0.08264606446027756 -0.5623195171356201 -0.2843082845211029
0.05888400971889496 -0.559811532497406 -0.2829580008983612
0.033747609704732895 -0.5558125376701355 -0.27840375900268555
0.006879940629005432 -0.5501424670219421 -0.27028724551200867
-0.02203047275543213 -0.5426459312438965 -0.25833550095558167
-0.05274167284369469 -0.5332856178283691 -0.2426706850528717
-0.08483632653951645 -0.5220608711242676 -0.22353766858577728
-0.11796121299266815 -0.5089538097381592 -0.20113614201545715
-0.15182240307331085 -0.4939265549182892 -0.17561720311641693
-0.18618129193782806 -0.47691673040390015 -0.14707936346530914
-0.22084961831569672 -0.45783403515815735 -0.11556589603424072
-0.2556859254837036 -0.43655577301979065 -0.08106114715337753
-0.2907273769378662 -0.4130047857761383 -0.04350835829973221
-0.3263062536716461 -0.3872428834438324 -0.002849963027983904
-0.3627767264842987 -0.3593345880508423 0.04098716005682945
-0.40048494935035706 -0.32932937145233154 0.08809467405080795
-0.4397740066051483 -0.2972647547721863 0.13858115673065186
-0.4809882342815399 -0.26316866278648376 0.19257110357284546
-0.5244773626327515 -0.2270618975162506 0.25020360946655273
-0.5706437826156616 -0.18890735507011414 0.3117087185382843
-0.6205132007598877 -0.14793600142002106 0.37839847803115845
-0.6755884289741516 -0.10282254964113235 0.4524098038673401
-0.737419068813324 -0.05219770967960358 0.5359517931938171
-0.8075979948043823 0.0053459955379366875 0.6312980651855469
-0.8877633810043335 0.07125683128833771 0.7407891750335693
-0.9795984625816345 0.14702431857585907 0.8668333292007446
-1.084821105003357 0.23417095839977264 1.0118911266326904
0.7989732623100281 1.0182071924209595 0.16919001936912537
0.7310186624526978 0.8863683938980103 0.1593444049358368
0.6744073033332825 0.7694470882415771 0.15367157757282257
0.628018856048584 0.6669796705245972 0.15139546990394592
0.5903749465942383 0.5777488946914673 0.15170876681804657
0.5598074793815613 0.5000300407409668 0.1538272202014923
0.5345792770385742 0.4317883551120758 0.15701909363269806
0.5129519701004028 0.3708149790763855 0.1606139987707138
0.49322280287742615 0.3148137927055359 0.16400007903575897
0.4743899405002594 0.26220035552978516 0.1668265014886856
0.45642465353012085 0.2125403732061386 0.16904866695404053
0.439423143863678 0.16564993560314178 0.1706250160932541
0.42354047298431396 0.12150395661592484 0.17149630188941956
0.40899085998535156 0.0802237018942833 0.17158691585063934
0.3960486352443695 0.04206997901201248 0.17080643773078918
0.3850490152835846 0.007438689935952425 0.16905154287815094
0.3763291537761688 -0.023240070790052414 0.1662188023328781
0.36980122327804565 -0.05021538957953453 0.16228169202804565
0.3651569187641144 -0.07406830787658691 0.15726104378700256
0.3620770573616028 -0.09535769373178482 0.15119558572769165
0.36022308468818665 -0.11463027447462082 0.14414992928504944
0.359232097864151 -0.1324271261692047 0.13622210919857025
0.35871630907058716 -0.14928263425827026 0.127549946308136
0.3582700490951538 -0.16571563482284546 0.11831396073102951
0.3576076626777649 -0.1820157766342163 0.10873472690582275
0.3567660450935364 -0.19797515869140625 0.09903472661972046
0.35583147406578064 -0.21338330209255219 0.08939563482999802
0.3548850119113922 -0.22811172902584076 0.07995089888572693
0.3540010154247284 -0.24210616946220398 0.07078684866428375
0.35324713587760925 -0.25537627935409546 0.06194665655493736
0.35268595814704895 -0.2679853141307831 0.05343547463417053
0.35237443447113037 -0.28004348278045654 0.045222073793411255
0.35230425000190735 -0.29172518849372864 0.03718728572130203
0.35241109132766724 -0.3032103478908539 0.029168883338570595
0.3526306450366974 -0.3146340250968933 0.021032903343439102
0.35289841890335083 -0.32608816027641296 0.012674372643232346
0.35314834117889404 -0.3376220762729645 0.004018385894596577
0.3533129394054413 -0.34924137592315674 -0.004976795054972172
0.35332468152046204 -0.360906720161438 -0.014316096901893616
0.3531302511692047 -0.372526079416275 -0.023948833346366882
0.352740615606308 -0.38394975662231445 -0.03372639790177345
0.35218745470046997 -0.39505335688591003 -0.043503787368535995
0.35150146484375 -0.4057590365409851 -0.05317454785108566
0.350710928440094 -0.41603145003318787 -0.0626700222492218
0.349840372800827 -0.425872266292572 -0.07195673137903214
0.34891048073768616 -0.43531495332717896 -0.08103302866220474
0.3479374647140503 -0.44442006945610046 -0.08992604166269302
0.3469218313694 -0.45327258110046387 -0.09870210289955139
0.3458441197872162 -0.46195775270462036 -0.10745134949684143
0.3446846902370453 -0.47054019570350647 -0.11624686419963837
0.3434252440929413 -0.4790642559528351 -0.12514296174049377
0.3420497477054596 -0.4875558614730835 -0.1341756135225296
0.3405444025993347 -0.49602195620536804 -0.14336173236370087
0.33889850974082947 -0.5044514536857605 -0.15269866585731506
0.33709657192230225 -0.5128086805343628 -0.16215693950653076
0.33503493666648865 -0.520984947681427 -0.17163138091564178
0.3325526714324951 -0.528849184513092 -0.18099579215049744
0.3294818103313446 -0.5362919569015503 -0.1901492327451706
0.32564476132392883 -0.5432230830192566 -0.1990152895450592
0.32084745168685913 -0.5495679974555969 -0.20753979682922363
0.31487011909484863 -0.5552622675895691 -0.21568791568279266
0.3074542284011841 -0.5602468848228455 -0.22344142198562622
0.29834887385368347 -0.5645030736923218 -0.23082871735095978
0.2874685823917389 -0.568131148815155 -0.2379775047302246
0.2747865915298462 -0.5712352991104126 -0.24500463902950287
0.26032471656799316 -0.5739032626152039 -0.25199419260025024
0.2441834658384323 -0.5762128829956055 -0.2589963972568512
0.22657352685928345 -0.5782361626625061 -0.26602455973625183
0.2078431397676468 -0.5800418853759766 -0.2730511426925659
0.18848107755184174 -0.581689715385437 -0.27999621629714966
0.16875974833965302 -0.5830497145652771 -0.2864722013473511
0.14857323467731476 -0.5837950110435486 -0.29180827736854553
0.12774385511875153 -0.5836154818534851 -0.2953834533691406
0.10604560375213623 -0.5822356939315796 -0.2966577410697937
0.08320813626050949 -0.5794152617454529 -0.2951715588569641
0.05891985818743706 -0.5749419331550598 -0.29053276777267456
0.03282627463340759 -0.5686216950416565 -0.28239545226097107
0.004619743209332228 -0.5602889657020569 -0.27049729228019714
-0.025459246709942818 -0.5499236583709717 -0.25497153401374817
-0.05699760094285011 -0.5375490784645081 -0.23607271909713745
-0.08964654058218002 -0.5231682658195496 -0.21400855481624603
-0.12311666458845139 -0.5067598223686218 -0.18893703818321228
-0.15717405080795288 -0.4882749617099762 -0.16096362471580505
-0.19163519144058228 -0.4676331877708435 -0.13013856112957
-0.22636345028877258 -0.4447185695171356 -0.09645392000675201
-0.2613900899887085 -0.41946277022361755 -0.05986391007900238
-0.2970219850540161 -0.39194196462631226 -0.020323242992162704
-0.3335929811000824 -0.3622300624847412 0.02223566733300686
-0.37143710255622864 -0.3303789794445038 0.06790771335363388
-0.41089433431625366 -0.2964209318161011 0.11681503802537918
-0.4523162245750427 -0.2603701949119568 0.16910800337791443
-0.496071457862854 -0.22222404181957245 0.2249664068222046
-0.5425949096679688 -0.181910902261734 0.2846747040748596
-0.5929425358772278 -0.13861510157585144 0.3495626151561737
-0.6486469507217407 -0.09095383435487747 0.42175981402397156
-0.7113016247749329 -0.03748771548271179 0.5034875273704529
-0.7825604677200317 0.023276276886463165 0.5970547795295715
-0.8641408681869507 0.09288880974054337 0.7048636674880981
-0.9578233361244202 0.17295879125595093 0.8294093608856201
-1.0654382705688477 0.26514267921447754 0.9732620120048523
0.7420134544372559 1.0394532680511475 0.10887672752141953
0.6719668507575989 0.8988662362098694 0.09958446025848389
0.6156483888626099 0.7766715288162231 0.09546829760074615
0.5707818865776062 0.6706441044807434 0.09536141902208328
0.5351617336273193 0.5784693956375122 0.09819155186414719
0.506696879863739 0.4978320896625519 0.10298648476600647
0.4834241271018982 0.4264639914035797 0.1088675856590271
0.463497519493103 0.36216115951538086 0.11503437161445618
0.4451753497123718 0.3027884364128113 0.12074946612119675
0.42749080061912537 0.24694740772247314 0.1256037801504135
0.4104965627193451 0.19429980218410492 0.12958410382270813
0.394356906414032 0.1447269320487976 0.13268129527568817
0.37928032875061035 0.09824880212545395 0.13486365973949432
0.365523099899292 0.05501527339220047 0.1360793262720108
0.3533925414085388 0.015301302075386047 0.13625788688659668
0.3432501554489136 -0.020495116710662842 0.13531233370304108
0.3354541063308716 -0.051956456154584885 0.13315163552761078
0.3299224078655243 -0.07939128577709198 0.1297641545534134
0.32634904980659485 -0.1034470796585083 0.12518678605556488
0.32441917061805725 -0.12473506480455399 0.11947443336248398
0.3237968385219574 -0.14384573698043823 0.11271025240421295
0.32411691546440125 -0.16135936975479126 0.10501570999622345
0.3249818980693817 -0.17784704267978668 0.09655830264091492
0.3259681463241577 -0.193862184882164 0.08755549788475037
0.3267638683319092 -0.20971302688121796 0.07826165109872818
0.3273784816265106 -0.22518041729927063 0.06890986114740372
0.3278771936893463 -0.240046426653862 0.059683527797460556
0.3283279538154602 -0.2541837990283966 0.05071268603205681
0.3287988603115082 -0.26754626631736755 0.04207618534564972
0.32935768365859985 -0.2801562547683716 0.03380705416202545
0.330072820186615 -0.29209280014038086 0.025898881256580353
0.3310128152370453 -0.3034839928150177 0.018308186903595924
0.3321855664253235 -0.31452345848083496 0.010903234593570232
0.333540678024292 -0.3254077434539795 0.003510401351377368
0.3350226581096649 -0.3362851142883301 -0.004014228004962206
0.3365699052810669 -0.3472568392753601 -0.011784222908318043
0.33811303973197937 -0.3583773672580719 -0.01988118886947632
0.33957475423812866 -0.3696512281894684 -0.028350580483675003
0.3408712148666382 -0.38103100657463074 -0.037196677178144455
0.3419288396835327 -0.3924082815647125 -0.04636203125119209
0.3427443206310272 -0.403611421585083 -0.05568505823612213
0.34334293007850647 -0.41449883580207825 -0.06500930339097977
0.34375452995300293 -0.42498207092285156 -0.07422104477882385
0.3440113067626953 -0.43502160906791687 -0.08324860781431198
0.34414544701576233 -0.4446203410625458 -0.09205934405326843
0.34418803453445435 -0.4538169801235199 -0.10065558552742004
0.34416821599006653 -0.4626811146736145 -0.10907109826803207
0.3440991938114166 -0.4713093936443329 -0.11738072335720062
0.3439694941043854 -0.4797980785369873 -0.12568213045597076
0.34376487135887146 -0.4882204234600067 -0.1340540647506714
0.34347084164619446 -0.49662694334983826 -0.14255480468273163
0.34307265281677246 -0.5050470232963562 -0.15122221410274506
0.3425559401512146 -0.5134884119033813 -0.16007289290428162
0.3419075608253479 -0.5219375491142273 -0.16910101473331451
0.34110769629478455 -0.5303525924682617 -0.17827120423316956
0.3400475084781647 -0.5386171936988831 -0.18747420608997345
0.3385629951953888 -0.5465934872627258 -0.19658192992210388
0.3364863395690918 -0.5541673898696899 -0.20549258589744568
0.33364352583885193 -0.5612461566925049 -0.21412989497184753
0.3298475444316864 -0.5677551031112671 -0.22244101762771606
0.32488951086997986 -0.573631763458252 -0.2303936779499054
0.31852585077285767 -0.57882159948349 -0.23797355592250824
0.3105242848396301 -0.5833101272583008 -0.2452109009027481
0.3008157014846802 -0.5871955156326294 -0.2522253692150116
0.2893850803375244 -0.5905768871307373 -0.2591240406036377
0.2762603759765625 -0.5935355424880981 -0.26598140597343445
0.2615399956703186 -0.5961402058601379 -0.2728384733200073
0.24542175233364105 -0.5984517931938171 -0.2796999216079712
0.228227436542511 -0.6005250215530396 -0.2865310609340668
0.21040475368499756 -0.6024038195610046 -0.2932477295398712
0.19218528270721436 -0.6039339303970337 -0.2994726598262787
0.1734374314546585 -0.6047577857971191 -0.3045605421066284
0.1539659947156906 -0.6045387983322144 -0.3079167306423187
0.1335347592830658 -0.6029792428016663 -0.3090250790119171
0.11186972260475159 -0.5998191833496094 -0.3074466586112976
0.08866075426340103 -0.5948290228843689 -0.3028056025505066
0.06355848163366318 -0.5877971649169922 -0.29476824402809143
0.036260176450014114 -0.5785446166992188 -0.2830805480480194
0.006998059805482626 -0.5670671463012695 -0.267879456281662
-0.02382638119161129 -0.553412914276123 -0.24942144751548767
-0.055873166769742966 -0.5376055836677551 -0.22791653871536255
-0.08885905891656876 -0.5196418762207031 -0.20352642238140106
-0.12255387008190155 -0.49948760867118835 -0.17636215686798096
-0.15677572786808014 -0.4770747125148773 -0.146482452750206
-0.19138798117637634 -0.452297568321228 -0.11389141529798508
-0.22640793025493622 -0.4250963628292084 -0.07856012880802155
-0.26210665702819824 -0.3955543637275696 -0.04046250879764557
-0.2987867593765259 -0.36374643445014954 0.00045468402095139027
-0.3367590308189392 -0.32971900701522827 0.044278211891651154
-0.376348614692688 -0.29349133372306824 0.09112957119941711
-0.41790133714675903 -0.25505584478378296 0.1411675363779068
-0.46179044246673584 -0.21437789499759674 0.19459129869937897
-0.5084680318832397 -0.17134346067905426 0.2517150044441223
-0.5590206384658813 -0.12510068714618683 0.3138674199581146
-0.615029513835907 -0.07422824203968048 0.38316676020622253
-0.678165078163147 -0.017225192859768867 0.46185633540153503
-0.7501943707466125 0.0474935919046402 0.5523135662078857
-0.8329956531524658 0.12161024659872055 0.6570692658424377
-0.9285688400268555 0.20691455900669098 0.7788227200508118
-1.0390369892120361 0.3053048253059387 0.9204452037811279
0.6771136522293091 1.0624451637268066 0.04144270718097687
0.6068405508995056 0.911618709564209 0.03488939255475998
0.5525138974189758 0.783898115158081 0.033925604075193405
0.5104950070381165 0.6745019555091858 0.03708551824092865
0.4778463840484619 0.5796462893486023 0.04315657168626785
0.45212092995643616 0.4962597191333771 0.05109792575240135
0.4312131702899933 0.42178359627723694 0.05998186022043228
0.4132493734359741 0.3540276885032654 0.06894966214895248
0.39652130007743835 0.2910768985748291 0.07718527317047119
0.38014015555381775 0.23179177939891815 0.08423548191785812
0.36424848437309265 0.175970196723938 0.09011072665452957
0.3490825593471527 0.12358059734106064 0.09482936561107635
0.3349062204360962 0.07469635456800461 0.09838595241308212
0.3220168650150299 0.029491771012544632 0.10075334459543228
0.3107507526874542 -0.011758849956095219 0.1018841490149498
0.30148935317993164 -0.04867975041270256 0.10171147435903549
0.29460468888282776 -0.08089538663625717 0.10016179084777832
0.2900235652923584 -0.10878310352563858 0.09724721312522888
0.2874515652656555 -0.13305243849754333 0.09303069859743118
0.28658851981163025 -0.1543600708246231 0.08759260177612305
0.2871127128601074 -0.17333146929740906 0.08104351907968521
0.28866925835609436 -0.19057615101337433 0.07353635877370834
0.29086390137672424 -0.20669156312942505 0.06527554988861084
0.29326680302619934 -0.22225601971149445 0.056521251797676086
0.2955438792705536 -0.23759499192237854 0.04756075516343117
0.29766392707824707 -0.2524930536746979 0.0386238656938076
0.29965731501579285 -0.2667398452758789 0.02988114207983017
0.3015666902065277 -0.2802209258079529 0.021446852013468742
0.30344435572624207 -0.29290613532066345 0.013382550328969955
0.3053506910800934 -0.3048361837863922 0.005703592207282782
0.3073544204235077 -0.3161090612411499 -0.0016137838829308748
0.30953124165534973 -0.3268726170063019 -0.008629628457129002
0.31190913915634155 -0.33733585476875305 -0.015485315583646297
0.31446173787117004 -0.3477051258087158 -0.022357624024152756
0.31715071201324463 -0.3581358790397644 -0.029393065720796585
0.31992486119270325 -0.368734210729599 -0.03670709580183029
0.3227176070213318 -0.37955477833747864 -0.04438156262040138
0.3254464268684387 -0.39059680700302124 -0.05245918780565262
0.3280137777328491 -0.40179938077926636 -0.06093698740005493
0.33032548427581787 -0.4130326211452484 -0.06974487006664276
0.3323586583137512 -0.42410048842430115 -0.07870660722255707
0.334126740694046 -0.43484270572662354 -0.08765418827533722
0.3356555998325348 -0.44515976309776306 -0.0964667871594429
0.3369794487953186 -0.4550076127052307 -0.10506999492645264
0.33813783526420593 -0.46439018845558167 -0.11343217641115189
0.3391731083393097 -0.47335177659988403 -0.12155961990356445
0.34012943506240845 -0.48197078704833984 -0.12949220836162567
0.3410349190235138 -0.49035656452178955 -0.13731379806995392
0.3418879508972168 -0.4986199140548706 -0.14513231813907623
0.3426807224750519 -0.5068455934524536 -0.15303517878055573
0.3434024155139923 -0.5150938034057617 -0.16108755767345428
0.34403911232948303 -0.5234003067016602 -0.1693323403596878
0.3445743918418884 -0.5317765474319458 -0.17778891324996948
0.344990074634552 -0.5402089357376099 -0.18645137548446655
0.3452586233615875 -0.5486519932746887 -0.19528129696846008
0.3452654182910919 -0.556981086730957 -0.20416538417339325
0.3448452651500702 -0.565051257610321 -0.2129729837179184
0.34383314847946167 -0.5727431178092957 -0.22160054743289948
0.3420621156692505 -0.579961895942688 -0.2299714982509613
0.3393566310405731 -0.5866326093673706 -0.23803402483463287
0.33552441000938416 -0.5926968455314636 -0.24575863778591156
0.33034342527389526 -0.5981058478355408 -0.25313493609428406
0.3236065208911896 -0.6028507351875305 -0.26019471883773804
0.3152633011341095 -0.6070256233215332 -0.2670471668243408
0.30531102418899536 -0.6107223033905029 -0.2737869918346405
0.29378220438957214 -0.6140126585960388 -0.2804768979549408
0.2807692885398865 -0.6169537901878357 -0.28714704513549805
0.26644954085350037 -0.619592010974884 -0.2937926650047302
0.2511066198348999 -0.6219652891159058 -0.30037209391593933
0.23513175547122955 -0.6240984201431274 -0.3067981004714966
0.21870450675487518 -0.6258118152618408 -0.31271103024482727
0.20166514813899994 -0.6267188787460327 -0.3175029754638672
0.183800607919693 -0.6264572739601135 -0.32061508297920227
0.1648656725883484 -0.6247068047523499 -0.3215620517730713
0.14458471536636353 -0.6211867928504944 -0.3199290931224823
0.12265141308307648 -0.61564701795578 -0.31535786390304565
0.0987238809466362 -0.6078553795814514 -0.3075264096260071
0.07250524312257767 -0.5976144671440125 -0.2961864471435547
0.04421345517039299 -0.584933876991272 -0.28147175908088684
0.014231787994503975 -0.5698856711387634 -0.2636336088180542
-0.017112599685788155 -0.552514374256134 -0.24287903308868408
-0.049544163048267365 -0.5328353643417358 -0.21937033534049988
-0.08283568173646927 -0.5108307003974915 -0.193223237991333
-0.11680421978235245 -0.4864479899406433 -0.16450637578964233
-0.15130820870399475 -0.45959582924842834 -0.133239284157753
-0.18634448945522308 -0.43022263050079346 -0.09941520541906357
-0.22213952243328094 -0.3984048068523407 -0.0630328431725502
-0.2589546740055084 -0.36420518159866333 -0.024062415584921837
-0.2970656454563141 -0.3276529908180237 0.01756158657371998
-0.33676788210868835 -0.28874415159225464 0.06194189563393593
-0.3783836364746094 -0.24744054675102234 0.1092216894030571
-0.4222688674926758 -0.20366798341274261 0.15958869457244873
-0.46886682510375977 -0.1572655290365219 0.213348388671875
-0.5192846059799194 -0.10736951977014542 0.2718007564544678
-0.5751675367355347 -0.052555933594703674 0.33704420924186707
-0.6382967829704285 0.008718411438167095 0.41135403513908386
-0.7106165885925293 0.07813700288534164 0.497214674949646
-0.7942748665809631 0.157558411359787 0.5973719954490662
-0.8916715979576111 0.2490580677986145 0.7148952484130859
-1.0055091381072998 0.35497045516967773 0.8532418012619019
0.6038548946380615 1.087479829788208 -0.03371462598443031
0.5357264280319214 0.9250040054321289 -0.03494396433234215
0.48521026968955994 0.7915219068527222 -0.03106209635734558
0.4473063051700592 0.6788738965988159 -0.023558426648378372
0.4184693396091461 0.5814915299415588 -0.01357110682874918
0.396025687456131 0.49542510509490967 -0.0020530049223452806
0.37783053517341614 0.41778114438056946 0.010127870365977287
0.3620590269565582 0.34638655185699463 0.02212492749094963
0.3470945656299591 0.2795930802822113 0.03308265656232834
0.3321574628353119 0.21658846735954285 0.04250920191407204
0.3174855411052704 0.157353937625885 0.05042577162384987
0.30339062213897705 0.10197196900844574 0.056871119886636734
0.2901943027973175 0.05057932436466217 0.06186433508992195
0.27823513746261597 0.003370191901922226 0.06540524959564209
0.2678765058517456 -0.03939872980117798 0.06747409701347351
0.25951525568962097 -0.07740096747875214 0.06803067028522491
0.25353190302848816 -0.11033511906862259 0.06702651083469391
0.24986444413661957 -0.13865762948989868 0.06450725346803665
0.24823664128780365 -0.16313637793064117 0.06057179719209671
0.24837060272693634 -0.18446771800518036 0.055335067212581635
0.24996788799762726 -0.20330475270748138 0.048943307250738144
0.2526942491531372 -0.22027744352817535 0.041588012129068375
0.2561703026294708 -0.2360004484653473 0.03351622819900513
0.25997188687324524 -0.2510685622692108 0.025034474208950996
0.2637477517127991 -0.2658245265483856 0.01646009087562561
0.2674160599708557 -0.2800728976726532 0.008005050010979176
0.27096062898635864 -0.29362601041793823 -0.00018713882309384644
0.2743884027004242 -0.3063929080963135 -0.008029371500015259
0.2777269780635834 -0.3183665871620178 -0.01548592746257782
0.2810220718383789 -0.32960933446884155 -0.022565262392163277
0.28433623909950256 -0.34023988246917725 -0.02931293286383152
0.2877475619316101 -0.3504258096218109 -0.03580886498093605
0.29130667448043823 -0.3603874146938324 -0.04220106080174446
0.2950195074081421 -0.37033361196517944 -0.04866180568933487
0.29887285828590393 -0.38042184710502625 -0.05533338338136673
0.30283287167549133 -0.3907579183578491 -0.062326714396476746
0.30684202909469604 -0.40139254927635193 -0.06971742957830429
0.31081733107566833 -0.4123148024082184 -0.07753879576921463
0.31465086340904236 -0.4234457015991211 -0.08577356487512589
0.31822800636291504 -0.43462884426116943 -0.09433265030384064
0.321500688791275 -0.44564107060432434 -0.10302309691905975
0.3244650959968567 -0.4563024044036865 -0.11166524142026901
0.3271390199661255 -0.4665018618106842 -0.12013164907693863
0.3295570909976959 -0.4761912524700165 -0.1283460557460785
0.33176565170288086 -0.48537638783454895 -0.1362786740064621
0.33381953835487366 -0.4941076636314392 -0.1439402550458908
0.3357797861099243 -0.502472460269928 -0.1513768881559372
0.33769261837005615 -0.5105943083763123 -0.15868203341960907
0.3395686149597168 -0.5186015963554382 -0.1659766435623169
0.3414081633090973 -0.5265939235687256 -0.17335952818393707
0.34320470690727234 -0.5346436500549316 -0.18090559542179108
0.34494468569755554 -0.5427961349487305 -0.18866577744483948
0.34660792350769043 -0.551068902015686 -0.19666525721549988
0.3481680452823639 -0.5594503879547119 -0.2049010843038559
0.3495856821537018 -0.5678923726081848 -0.21333417296409607
0.3507387042045593 -0.5762625336647034 -0.2218480408191681
0.351461261510849 -0.584407389163971 -0.23030836880207062
0.3515932559967041 -0.5922027230262756 -0.2386094629764557
0.35097742080688477 -0.599550724029541 -0.24667365849018097
0.34945401549339294 -0.6063783168792725 -0.25445011258125305
0.34685176610946655 -0.61263108253479 -0.26191166043281555
0.34297680854797363 -0.6182681918144226 -0.26905205845832825
0.33765310049057007 -0.6232876181602478 -0.27590397000312805
0.33085036277770996 -0.6277769804000854 -0.2825634181499481
0.32257774472236633 -0.6318179368972778 -0.28911033272743225
0.31287088990211487 -0.6354702711105347 -0.2955937385559082
0.3018123507499695 -0.6387773156166077 -0.30203190445899963
0.2895527184009552 -0.6417685151100159 -0.30841031670570374
0.27632832527160645 -0.6444630026817322 -0.31468117237091064
0.2624618113040924 -0.6468644142150879 -0.3207561671733856
0.24807295203208923 -0.6487686634063721 -0.3263000249862671
0.2329729050397873 -0.6497625708580017 -0.33075252175331116
0.21693137288093567 -0.6494598388671875 -0.333598792552948
0.19969530403614044 -0.6475173234939575 -0.3343895673751831
0.1809888482093811 -0.643631637096405 -0.33273693919181824
0.16051100194454193 -0.6375290751457214 -0.32830095291137695
0.13792851567268372 -0.6289507746696472 -0.3207703232765198
0.1129503920674324 -0.6176759600639343 -0.3099004626274109
0.08577441424131393 -0.6037240028381348 -0.2958155572414398
0.05675916746258736 -0.5871889591217041 -0.27875521779060364
0.0262147169560194 -0.5681353807449341 -0.2589190602302551
-0.005593269132077694 -0.5465969443321228 -0.23646698892116547
-0.03844061121344566 -0.5225745439529419 -0.21151864528656006
-0.0721411481499672 -0.49603432416915894 -0.1841534823179245
-0.10654441267251968 -0.4669051766395569 -0.15440984070301056
-0.1416216939687729 -0.43514153361320496 -0.12230659276247025
-0.1775500327348709 -0.4007937014102936 -0.0878709927201271
-0.21454152464866638 -0.3638940453529358 -0.05110451951622963
-0.2528250217437744 -0.3244398832321167 -0.01197630912065506
-0.2926506996154785 -0.28239285945892334 0.02957802265882492
-0.33429577946662903 -0.23767675459384918 0.07365889847278595
-0.3780706822872162 -0.19017431139945984 0.12040610611438751
-0.4243743121623993 -0.1396818459033966 0.17007015645503998
-0.4743128716945648 -0.08536644279956818 0.22388651967048645
-0.5295985341072083 -0.025856012478470802 0.28391870856285095
-0.5921491980552673 0.04040749743580818 0.35247448086738586
-0.6641485095024109 0.11521799117326736 0.43217483162879944
-0.7481380701065063 0.2006838321685791 0.5260640382766724
-0.8471454977989197 0.2993367910385132 0.6377620697021484
-0.9648533463478088 0.4142761528491974 0.7716661691665649
0.5222528576850891 1.1147090196609497 -0.1167575791478157
0.4588959813117981 0.9393755793571472 -0.1099444180727005
0.41390445828437805 0.7999390363693237 -0.09963785111904144
0.38117721676826477 0.6840828657150269 -0.08686915785074234
0.356803834438324 0.5842167139053345 -0.07241444289684296
0.33805134892463684 0.49543172121047974 -0.056964512914419174
0.3228403329849243 0.4144676923751831 -0.041222743690013885
0.30945703387260437 0.3391663134098053 -0.02596491388976574
0.29641345143318176 0.2681819796562195 -0.01206178031861782
0.28305506706237793 0.20109857618808746 -5.1627823268063366e-05
0.269716739654541 0.13813793659210205 0.01007787138223648
0.2567887008190155 0.07953079044818878 0.018375637009739876
0.24465309083461761 0.025489863008260727 0.02488297037780285
0.2336910367012024 -0.023776307702064514 0.0296299047768116
0.22429205477237701 -0.06804843991994858 0.03263140469789505
0.21686609089374542 -0.10708022117614746 0.03388318046927452
0.2117988020181656 -0.14068002998828888 0.03337223455309868
0.20904015004634857 -0.16939562559127808 0.031188031658530235
0.20833535492420197 -0.1940513402223587 0.027474598959088326
0.2094324678182602 -0.21537968516349792 0.02238934487104416
0.21206150949001312 -0.23405671119689941 0.01612074300646782
0.21591588854789734 -0.2507269084453583 0.008903753943741322
0.22063998878002167 -0.26601579785346985 0.001030846731737256
0.22582557797431946 -0.28052863478660583 -0.007144758943468332
0.23111043870449066 -0.2946266233921051 -0.015280681662261486
0.23635786771774292 -0.3081498146057129 -0.023195523768663406
0.24149826169013977 -0.32094606757164 -0.03078429587185383
0.2464960664510727 -0.3329561650753021 -0.037995509803295135
0.2513475716114044 -0.3442001938819885 -0.04482502490282059
0.25607749819755554 -0.35476332902908325 -0.05130871757864952
0.260736346244812 -0.3647841513156891 -0.057516295462846756
0.26539868116378784 -0.3744482696056366 -0.06354916840791702
0.2701386511325836 -0.3839823305606842 -0.06955905258655548
0.27500084042549133 -0.39359205961227417 -0.07570762932300568
0.2800031304359436 -0.40343186259269714 -0.0821273922920227
0.28513458371162415 -0.41360339522361755 -0.08891929686069489
0.2903518080711365 -0.4241494834423065 -0.0961470827460289
0.29557567834854126 -0.4350450038909912 -0.10382841527462006
0.3006908893585205 -0.4461890459060669 -0.11192541569471359
0.3055625855922699 -0.4573949873447418 -0.12032439559698105
0.31011176109313965 -0.4684106707572937 -0.12881387770175934
0.31431129574775696 -0.479035884141922 -0.13720285892486572
0.31816738843917847 -0.48914864659309387 -0.14535853266716003
0.3217131793498993 -0.49869778752326965 -0.15320436656475067
0.3250020146369934 -0.5076924562454224 -0.1607140451669693
0.3281024396419525 -0.5161901116371155 -0.1679038107395172
0.3310951888561249 -0.5242881178855896 -0.1748262345790863
0.33404818177223206 -0.5321252942085266 -0.18158502876758575
0.3369881510734558 -0.5398497581481934 -0.18831580877304077
0.33992624282836914 -0.547578752040863 -0.19513073563575745
0.34286150336265564 -0.5553984642028809 -0.2021164745092392
0.3457808792591095 -0.5633659958839417 -0.20933420956134796
0.3486587107181549 -0.5715066194534302 -0.2168174833059311
0.3514566421508789 -0.579811692237854 -0.22456856071949005
0.35411807894706726 -0.5882302522659302 -0.23254980146884918
0.35650986433029175 -0.5966216921806335 -0.24064196646213531
0.3584650754928589 -0.604823887348175 -0.2487068772315979
0.35982900857925415 -0.6127068400382996 -0.25663602352142334
0.3604563772678375 -0.6201711297035217 -0.2643504738807678
0.36020591855049133 -0.6271451711654663 -0.27179983258247375
0.3589320778846741 -0.6335803270339966 -0.27895912528038025
0.3564741611480713 -0.6394451856613159 -0.2858259081840515
0.3526923358440399 -0.6447452306747437 -0.29243290424346924
0.3475768566131592 -0.6495591998100281 -0.29886069893836975
0.3411479890346527 -0.6539559960365295 -0.3051723837852478
0.3334428369998932 -0.6579820513725281 -0.31140241026878357
0.32453155517578125 -0.6616649031639099 -0.31755685806274414
0.3145340085029602 -0.6650166511535645 -0.32361242175102234
0.30363404750823975 -0.6680372357368469 -0.3295169770717621
0.2920794188976288 -0.6707102656364441 -0.3351837992668152
0.27992677688598633 -0.6728089451789856 -0.3403080701828003
0.2669590711593628 -0.6738970279693604 -0.3443854749202728
0.2529298663139343 -0.6735655069351196 -0.34695103764533997
0.23757895827293396 -0.6714476346969604 -0.34759530425071716
0.2206304669380188 -0.6672143936157227 -0.34595897793769836
0.2017883062362671 -0.6605633497238159 -0.3417206108570099
0.18072713911533356 -0.6512028574943542 -0.3345789909362793
0.157160222530365 -0.6388806700706482 -0.3242911994457245
0.13125889003276825 -0.6236205697059631 -0.3109666109085083
0.10335026681423187 -0.6055347919464111 -0.29482772946357727
0.07372210919857025 -0.584705114364624 -0.2760624587535858
0.04262695088982582 -0.5611839294433594 -0.2548259496688843
0.01028455700725317 -0.5349918007850647 -0.23124074935913086
-0.023114893585443497 -0.5061180591583252 -0.20539788901805878
-0.05740886554121971 -0.47451838850975037 -0.1773570328950882
-0.0925409346818924 -0.44015002250671387 -0.1471647173166275
-0.1286393404006958 -0.40301159024238586 -0.11487697064876556
-0.16586336493492126 -0.3630817234516144 -0.08053156733512878
-0.20438586175441742 -0.3203088641166687 -0.044143546372652054
-0.24439610540866852 -0.27460992336273193 -0.0057052006013691425
-0.28610342741012573 -0.2258680909872055 0.034814707934856415
-0.32974106073379517 -0.17392994463443756 0.07747197151184082
-0.37562182545661926 -0.11856918036937714 0.12241563200950623
-0.42481404542922974 -0.05905231088399887 0.17077814042568207
-0.4790813624858856 0.005866426508873701 0.22456468641757965
-0.5404869914054871 0.0777278020977974 0.2861013412475586
-0.6115002632141113 0.15846313536167145 0.35814958810806274
-0.6951733231544495 0.25054672360420227 0.44410091638565063
-0.7954108715057373 0.3572302758693695 0.548273503780365
-0.9173847436904907 0.482901394367218 0.6763671636581421
0.43297895789146423 1.1440812349319458 -0.2071978747844696
0.3768525719642639 0.9550560712814331 -0.18992353975772858
0.3387165665626526 0.8095473051071167 -0.17198719084262848
0.31186822056770325 0.690459668636322 -0.15333090722560883
0.2923417389392853 0.5880422592163086 -0.1340574324131012
0.2775179147720337 0.49638742208480835 -0.11443303525447845
0.2654695510864258 0.4118432402610779 -0.09491033852100372
0.25463220477104187 0.3322581946849823 -0.07615524530410767
0.24365843832492828 0.25661951303482056 -0.05905000492930412
0.2320169061422348 0.1849818229675293 -0.044204920530319214
0.22013674676418304 0.11788109689950943 -0.03164578974246979
0.20848806202411652 0.055740658193826675 -0.02132890745997429
0.1975155621767044 -0.0011347674299031496 -0.013194678351283073
0.18764443695545197 -0.05252948775887489 -0.007178615778684616
0.17929095029830933 -0.09828660637140274 -0.003221601014956832
0.17287661135196686 -0.13827665150165558 -0.0012797341914847493
0.1687900573015213 -0.17245861887931824 -0.0013173387851566076
0.1669922173023224 -0.2014870047569275 -0.003190330695360899
0.16724893450737 -0.22624339163303375 -0.00670157466083765
0.16933362185955048 -0.24749656021595 -0.011645110324025154
0.17300504446029663 -0.2659444212913513 -0.017786355689167976
0.17798657715320587 -0.28224432468414307 -0.024845408275723457
0.18395115435123444 -0.29702994227409363 -0.03248574212193489
0.1905137300491333 -0.3109146058559418 -0.04031149297952652
0.19730883836746216 -0.3242810070514679 -0.047962311655282974
0.2041480988264084 -0.3370162546634674 -0.055296219885349274
0.21090927720069885 -0.3490127623081207 -0.062253206968307495
0.2175130844116211 -0.36024680733680725 -0.06882107257843018
0.22392161190509796 -0.37076595425605774 -0.07502876967191696
0.2301345020532608 -0.3806760907173157 -0.08093973249197006
0.23618507385253906 -0.39013200998306274 -0.0866471603512764
0.24213875830173492 -0.3993329107761383 -0.09227292239665985
0.24809181690216064 -0.4085063934326172 -0.09796950221061707
0.2541308104991913 -0.417850524187088 -0.10388384014368057
0.26030799746513367 -0.4275130033493042 -0.1101347953081131
0.26663872599601746 -0.43758803606033325 -0.11680936813354492
0.27309659123420715 -0.44810763001441956 -0.123955138027668
0.279608815908432 -0.45903030037879944 -0.1315697282552719
0.28605443239212036 -0.4702308773994446 -0.13959024846553802
0.2922775447368622 -0.4814916253089905 -0.14787520468235016
0.29816198348999023 -0.4925312399864197 -0.1561943143606186
0.3036511540412903 -0.5031300783157349 -0.16434678435325623
0.3087365925312042 -0.5131569504737854 -0.17219680547714233
0.31344905495643616 -0.5225603580474854 -0.17967024445533752
0.31784960627555847 -0.5313543081283569 -0.18674629926681519
0.32202282547950745 -0.5396053791046143 -0.1934482455253601
0.32607242465019226 -0.5474216938018799 -0.1998356580734253
0.33009323477745056 -0.5549582839012146 -0.20602239668369293
0.3341333270072937 -0.5623841285705566 -0.21215881407260895
0.3382187485694885 -0.5698343515396118 -0.2183704376220703
0.34235692024230957 -0.5774105787277222 -0.22475634515285492
0.346535861492157 -0.5851812958717346 -0.23138880729675293
0.3507228493690491 -0.5931798815727234 -0.23831062018871307
0.3548634648323059 -0.6013999581336975 -0.24553066492080688
0.3588765263557434 -0.6097860932350159 -0.2530135214328766
0.3626125752925873 -0.6181878447532654 -0.2606376111507416
0.36590129137039185 -0.6264345049858093 -0.26826125383377075
0.3685924708843231 -0.6343902945518494 -0.27577289938926697
0.3705533742904663 -0.6419543027877808 -0.28309229016304016
0.3716636002063751 -0.6490576267242432 -0.2901691794395447
0.37180620431900024 -0.6556583642959595 -0.2969805598258972
0.3708581030368805 -0.661736011505127 -0.30352750420570374
0.36871886253356934 -0.6673040390014648 -0.3098415732383728
0.36539924144744873 -0.6724304556846619 -0.31598666310310364
0.36092931032180786 -0.6771696209907532 -0.32200807332992554
0.35534653067588806 -0.6815536618232727 -0.32792600989341736
0.34870779514312744 -0.6855952143669128 -0.3337354362010956
0.34110188484191895 -0.6892907023429871 -0.3394067585468292
0.3326602578163147 -0.6926233172416687 -0.3448863923549652
0.32355669140815735 -0.6955595016479492 -0.35009288787841797
0.31378674507141113 -0.6978542804718018 -0.35475680232048035
0.3031078279018402 -0.6990513205528259 -0.35843488574028015
0.29125863313674927 -0.6987201571464539 -0.36071574687957764
0.2779715657234192 -0.6964688897132874 -0.36123156547546387
0.26296916604042053 -0.6919383406639099 -0.35965245962142944
0.2459576576948166 -0.6847907304763794 -0.3556753396987915
0.2266164869070053 -0.6746931672096252 -0.3490085005760193
0.20465894043445587 -0.6613522171974182 -0.33940935134887695
0.18022330105304718 -0.6447881460189819 -0.3269684314727783
0.15359780192375183 -0.6251254677772522 -0.3118865191936493
0.12504148483276367 -0.6024597883224487 -0.2943366765975952
0.09478866308927536 -0.5768592357635498 -0.2744665741920471
0.0630514994263649 -0.548366129398346 -0.2524009048938751
0.030023174360394478 -0.5169968008995056 -0.22824257612228394
-0.004120152443647385 -0.48274168372154236 -0.20207437872886658
-0.03929603099822998 -0.44555625319480896 -0.1739703267812729
-0.07559338957071304 -0.405354380607605 -0.14401021599769592
-0.11312241107225418 -0.36203235387802124 -0.11226832866668701
-0.1519956886768341 -0.31547123193740845 -0.07881200313568115
-0.19232873618602753 -0.2655368447303772 -0.043703608214855194
-0.23424069583415985 -0.21207986772060394 -0.007001963444054127
-0.27785465121269226 -0.15493562817573547 0.031235946342349052
-0.3233521282672882 -0.09390449523925781 0.07102123647928238
-0.3717101514339447 -0.02845587022602558 0.113348588347435
-0.42470425367355347 0.04243465140461922 0.16013535857200623
-0.484526127576828 0.12026147544384003 0.2136932611465454
-0.553948163986206 0.207146555185318 0.276890367269516
-0.6366170048713684 0.3061021566390991 0.35344696044921875
-0.7375489473342896 0.42147693037986755 0.44843414425849915
-0.8639827966690063 0.5597270131111145 0.5691298842430115
0.3373522460460663 1.1753416061401367 -0.3039020001888275
0.29024389386177063 0.9723606109619141 -0.27455607056617737
0.25964727997779846 0.8207539916038513 -0.24839918315410614
0.2388872504234314 0.6983366012573242 -0.22365044057369232
0.22425073385238647 0.5931814908981323 -0.19947366416454315
0.2133743315935135 0.49837929010391235 -0.17558756470680237
0.2045413702726364 0.40986642241477966 -0.1521359384059906
0.19634924829006195 0.3254830241203308 -0.12965622544288635
0.18757878243923187 0.2445753961801529 -0.1090579554438591
0.1778024286031723 0.1677568107843399 -0.09106850624084473
0.16753356158733368 0.09597383439540863 -0.07579551637172699
0.1573188751935959 0.029900889843702316 -0.06322476267814636
0.14766520261764526 -0.03004498966038227 -0.05328618735074997
0.1390417218208313 -0.08365222811698914 -0.04587695747613907
0.1318901628255844 -0.13085900247097015 -0.040882691740989685
0.1266421228647232 -0.17169831693172455 -0.038196515291929245
0.12368709594011307 -0.20632781088352203 -0.03771854564547539
0.12299308180809021 -0.23552867770195007 -0.03923941031098366
0.12434127926826477 -0.260245144367218 -0.0425027571618557
0.12752489745616913 -0.28128692507743835 -0.04725091531872749
0.13232624530792236 -0.2993778884410858 -0.05320313200354576
0.1384953111410141 -0.31519144773483276 -0.06003787741065025
0.1457328498363495 -0.3293724060058594 -0.06738124787807465
0.15367987751960754 -0.34254416823387146 -0.07480418682098389
0.16197581589221954 -0.3551149070262909 -0.08193729817867279
0.1703936606645584 -0.3670250177383423 -0.08868053555488586
0.17876918613910675 -0.3782130181789398 -0.09501767158508301
0.1869862824678421 -0.38868898153305054 -0.10097267478704453
0.19497577846050262 -0.3985229432582855 -0.1066032201051712
0.2027120739221573 -0.4078350365161896 -0.1119953915476799
0.21020884811878204 -0.4167887568473816 -0.11726085096597672
0.21751774847507477 -0.4255882799625397 -0.12253665924072266
0.22475416958332062 -0.43445664644241333 -0.1279725730419159
0.23204591870307922 -0.4435809850692749 -0.13369892537593842
0.2394794523715973 -0.45309990644454956 -0.1398189812898636
0.2470960170030594 -0.4630982279777527 -0.1464037150144577
0.2548859417438507 -0.4735957980155945 -0.15348249673843384
0.26278209686279297 -0.4845343232154846 -0.16103123128414154
0.27065616846084595 -0.49576640129089355 -0.16896170377731323
0.278328537940979 -0.5070468187332153 -0.17710621654987335
0.2856381833553314 -0.5180681943893433 -0.18521882593631744
0.2924938499927521 -0.5285950303077698 -0.1930931806564331
0.2988698184490204 -0.5384911298751831 -0.20059484243392944
0.3047948181629181 -0.5477077960968018 -0.20765574276447296
0.31033989787101746 -0.5562674403190613 -0.21426351368427277
0.315608948469162 -0.564247190952301 -0.2204499989748001
0.32073327898979187 -0.5717673897743225 -0.22628231346607208
0.32584068179130554 -0.5789988040924072 -0.2318831980228424
0.3310079872608185 -0.5861300230026245 -0.23741483688354492
0.336281955242157 -0.5933123826980591 -0.24301373958587646
0.3416825532913208 -0.6006612181663513 -0.24878914654254913
0.34720107913017273 -0.6082555055618286 -0.2548229396343231
0.3527964949607849 -0.6161336898803711 -0.26116591691970825
0.3583934009075165 -0.6242882609367371 -0.2678321599960327
0.36387747526168823 -0.6326541900634766 -0.27478721737861633
0.369075208902359 -0.6410695314407349 -0.28190770745277405
0.3738080561161041 -0.6493549346923828 -0.2890493869781494
0.37792766094207764 -0.6573696136474609 -0.2960985600948334
0.3813134431838989 -0.6650123000144958 -0.302974134683609
0.3838662803173065 -0.672217845916748 -0.30962643027305603
0.3855001926422119 -0.6789525747299194 -0.3160344064235687
0.38613229990005493 -0.6852083802223206 -0.3222023546695709
0.38570404052734375 -0.6910073757171631 -0.32816049456596375
0.3842448890209198 -0.6964054703712463 -0.33395519852638245
0.38179391622543335 -0.7014427185058594 -0.33961522579193115
0.37838873267173767 -0.7061376571655273 -0.345147967338562
0.3740745782852173 -0.7104907631874084 -0.3505405783653259
0.36891278624534607 -0.7144867777824402 -0.3557605743408203
0.36298859119415283 -0.7180976867675781 -0.3607572317123413
0.3564102053642273 -0.7212790250778198 -0.36545857787132263
0.3491199016571045 -0.7237725853919983 -0.3696337938308716
0.34085342288017273 -0.725105345249176 -0.37290289998054504
0.331336110830307 -0.724825382232666 -0.37490883469581604
0.32029178738594055 -0.7225126624107361 -0.37532562017440796
0.30743828415870667 -0.7177726626396179 -0.3738526701927185
0.2924792170524597 -0.7102241516113281 -0.3702051639556885
0.2750929296016693 -0.6994823813438416 -0.3641006648540497
0.2549865245819092 -0.6852009296417236 -0.35529667139053345
0.23225773870944977 -0.6673861145973206 -0.34386202692985535
0.20714807510375977 -0.6461665630340576 -0.32997286319732666
0.17987994849681854 -0.6216444969177246 -0.31378430128097534
0.15066225826740265 -0.5939013957977295 -0.2954351305961609
0.1196938008069992 -0.5629999041557312 -0.27505064010620117
0.08716713637113571 -0.5289874076843262 -0.2527456283569336
0.053271304816007614 -0.4918981194496155 -0.2286273092031479
0.018107347190380096 -0.45167893171310425 -0.20279373228549957
-0.018396349623799324 -0.4081180691719055 -0.17533719539642334
-0.05631576478481293 -0.36099502444267273 -0.14636054635047913
-0.09570740163326263 -0.31010517477989197 -0.1159818097949028
-0.1366054266691208 -0.2552650272846222 -0.08433756977319717
-0.17901885509490967 -0.19631867110729218 -0.05158620700240135
-0.22292816638946533 -0.13314582407474518 -0.01791098527610302
-0.2683374285697937 -0.06566519290208817 0.016545556485652924
-0.31606006622314453 0.006305026821792126 0.05261673778295517
-0.3678160011768341 0.08346039056777954 0.09209845960140228
-0.4258818030357361 0.16723789274692535 0.13723741471767426
-0.49331381916999817 0.2600423991680145 0.19092978537082672
-0.5743833184242249 0.36565449833869934 0.25711971521377563
-0.6753870248794556 0.4900031089782715 0.34153586626052856
-0.8062043190002441 0.6426751017570496 0.45309972763061523
0.23424288630485535 1.2089203596115112 -0.408074289560318
0.19811983406543732 0.9920735359191895 -0.3650127649307251
0.17566053569316864 0.8340758681297302 -0.330039381980896
0.16103656589984894 0.7078566551208496 -0.2990244925022125
0.1511377990245819 0.5994479060173035 -0.2699396312236786
0.14401720464229584 0.5009738206863403 -0.24182921648025513
0.1382465809583664 0.4079352021217346 -0.21444998681545258
0.13262565433979034 0.3181288540363312 -0.1881590485572815
0.12608423829078674 0.23125804960727692 -0.16386708617210388
0.11829245835542679 0.14856809377670288 -0.14244399964809418
0.10982273519039154 0.07151981443166733 -0.1241374984383583
0.10127923637628555 0.0011009176960214972 -0.10900154709815979
0.09321633726358414 -0.062141936272382736 -0.09697452932596207
0.08613528311252594 -0.11801830679178238 -0.08791960030794144
0.08049371838569641 -0.1665993332862854 -0.08166257292032242
0.07672614604234695 -0.2081264853477478 -0.07802478969097137
0.07521775364875793 -0.24299947917461395 -0.07683257758617401
0.0759371742606163 -0.2721504867076874 -0.077806256711483
0.07867199927568436 -0.2966005206108093 -0.08063056319952011
0.08322484791278839 -0.31721293926239014 -0.08500023186206818
0.08939036726951599 -0.3347497284412384 -0.09059599041938782
0.09693390876054764 -0.34991222620010376 -0.09706566482782364
0.10557368397712708 -0.36336731910705566 -0.10401150584220886
0.1149686649441719 -0.37575897574424744 -0.1109863892197609
0.1247653067111969 -0.38752561807632446 -0.11761996895074844
0.13472001254558563 -0.39865291118621826 -0.1238434761762619
0.14464902877807617 -0.4091135263442993 -0.12966962158679962
0.15441769361495972 -0.41893813014030457 -0.1351434737443924
0.16393980383872986 -0.42820656299591064 -0.140337273478508
0.1731746345758438 -0.4370405375957489 -0.14534655213356018
0.18212290108203888 -0.44559940695762634 -0.1502888947725296
0.19082699716091156 -0.45407986640930176 -0.1553046703338623
0.1994198113679886 -0.46269306540489197 -0.1605355143547058
0.2080654799938202 -0.47161468863487244 -0.1660955250263214
0.21688048541545868 -0.48097342252731323 -0.17207229137420654
0.22592797875404358 -0.49084410071372986 -0.17852060496807098
0.23521025478839874 -0.5012354254722595 -0.1854521632194519
0.24466007947921753 -0.5120752453804016 -0.19282351434230804
0.254135400056839 -0.5232000946998596 -0.2005261927843094
0.2634250223636627 -0.5343478322029114 -0.20837555825710297
0.27231425046920776 -0.5451976656913757 -0.2161230593919754
0.2806709110736847 -0.5555096864700317 -0.22356903553009033
0.2884499728679657 -0.5651515126228333 -0.2305903285741806
0.29567861557006836 -0.5740844011306763 -0.23713213205337524
0.3024400472640991 -0.5823427438735962 -0.24319495260715485
0.30886098742485046 -0.5900171995162964 -0.24882198870182037
0.3151044547557831 -0.5972417593002319 -0.2540892958641052
0.32133764028549194 -0.6042009592056274 -0.25912508368492126
0.32767412066459656 -0.61109459400177 -0.26409369707107544
0.3341882526874542 -0.6180828213691711 -0.26913321018218994
0.34091782569885254 -0.6252872943878174 -0.2743544280529022
0.3478604555130005 -0.6327892541885376 -0.2798406779766083
0.3549673557281494 -0.6406247615814209 -0.2856428623199463
0.3621380925178528 -0.6487753987312317 -0.29177284240722656
0.36921706795692444 -0.6571568846702576 -0.2981908321380615
0.37599921226501465 -0.6655951142311096 -0.3047731816768646
0.3822935223579407 -0.6739069223403931 -0.31137919425964355
0.38795095682144165 -0.6819515228271484 -0.31789833307266235
0.3928617835044861 -0.6896315813064575 -0.32425329089164734
0.39694905281066895 -0.6968902349472046 -0.33039867877960205
0.4001590311527252 -0.703705906867981 -0.33631837368011475
0.4024510085582733 -0.7100856900215149 -0.34202146530151367
0.4038088321685791 -0.7160620093345642 -0.347537636756897
0.4042776823043823 -0.7216774821281433 -0.35289639234542847
0.4039028286933899 -0.7269574999809265 -0.3581109642982483
0.4027217626571655 -0.7319090962409973 -0.363178551197052
0.4007701277732849 -0.736523449420929 -0.36808136105537415
0.3980877101421356 -0.7407782077789307 -0.3727874755859375
0.3947232663631439 -0.7446399331092834 -0.3772522211074829
0.39073315262794495 -0.7480591535568237 -0.3814156949520111
0.3860178291797638 -0.7507694959640503 -0.3850870430469513
0.3802966773509979 -0.7522822618484497 -0.38794857263565063
0.373283714056015 -0.7521229982376099 -0.38969698548316956
0.36469346284866333 -0.7498403191566467 -0.39004814624786377
0.35423561930656433 -0.7449982762336731 -0.38873153924942017
0.3416062593460083 -0.7371638417243958 -0.3854823410511017
0.3264760971069336 -0.7258899211883545 -0.38002994656562805
0.3085388243198395 -0.7107636332511902 -0.37213438749313354
0.287845253944397 -0.691765308380127 -0.36184337735176086
0.2645825147628784 -0.6690165400505066 -0.34930747747421265
0.23892749845981598 -0.6426172256469727 -0.3346635103225708
0.21105411648750305 -0.6126545071601868 -0.3180403709411621
0.18113891780376434 -0.5792088508605957 -0.2995636463165283
0.14936639368534088 -0.5423607230186462 -0.2793601155281067
0.11593356728553772 -0.5021961331367493 -0.2575620710849762
0.08094719797372818 -0.4586481750011444 -0.2342880368232727
0.044321998953819275 -0.4113379716873169 -0.20962879061698914
0.005991469603031874 -0.359896183013916 -0.18370302021503448
-0.03405803069472313 -0.3040196895599365 -0.15666845440864563
-0.07577971369028091 -0.24348953366279602 -0.12872663140296936
-0.11905951052904129 -0.1781902015209198 -0.10012590885162354
-0.16371016204357147 -0.10812962800264359 -0.07116237282752991
-0.20952190458774567 -0.03346983715891838 -0.042112257331609726
-0.25706738233566284 0.04546751454472542 -0.01230339240282774
-0.3079315721988678 0.1289737969636917 0.0199070293456316
-0.364420086145401 0.21846860647201538 0.05663508549332619
-0.4298241436481476 0.3167773187160492 0.10068242251873016
-0.5090007781982422 0.4287024438381195 0.15601159632205963
-0.6095603704452515 0.5622485280036926 0.2287028580904007
-0.7443989515304565 0.7313131093978882 0.328971803188324
0.12052913755178452 1.2458066940307617 -0.522821843624115
0.09803368151187897 1.0153862237930298 -0.463874876499176
0.0846371278166771 0.8501697182655334 -0.4190325438976288
0.07633496075868607 0.7190691232681274 -0.38127097487449646
0.0710206925868988 0.6063805222511292 -0.3471274971961975
0.06735870242118835 0.5033422708511353 -0.31482893228530884
0.0643291249871254 0.4050029516220093 -0.28363126516342163
0.06102932617068291 0.30906417965888977 -0.25360313057899475
0.05662547051906586 0.21553876996040344 -0.22555191814899445
0.05091479793190956 0.1263299137353897 -0.20046348869800568
0.04448719322681427 0.04349728301167488 -0.17878881096839905
0.037962693721055984 -0.03161182999610901 -0.16070179641246796
0.031907591968774796 -0.09831728786230087 -0.14618182182312012
0.02682601660490036 -0.1564749926328659 -0.1350758820772171
0.023169634863734245 -0.20632660388946533 -0.12715832889080048
0.02136131003499031 -0.24835775792598724 -0.12218213081359863
0.021774768829345703 -0.2832368016242981 -0.1199016347527504
0.024373752996325493 -0.312071293592453 -0.11996921896934509
0.028944270685315132 -0.33598095178604126 -0.12201707810163498
0.03528807312250137 -0.3559020161628723 -0.1257026344537735
0.04319918155670166 -0.37265247106552124 -0.13068144023418427
0.05244242399930954 -0.38697949051856995 -0.1365860104560852
0.06273536384105682 -0.39958974719047546 -0.14301133155822754
0.0737353190779686 -0.4111652076244354 -0.149508535861969
0.08508801460266113 -0.42218050360679626 -0.15571141242980957
0.09655579179525375 -0.43264511227607727 -0.16156025230884552
0.10796234011650085 -0.4425421357154846 -0.16707110404968262
0.11917977780103683 -0.4519011974334717 -0.17228613793849945
0.1301279217004776 -0.4607924520969391 -0.17727002501487732
0.14077156782150269 -0.4693218767642975 -0.18210765719413757
0.15111735463142395 -0.4776284098625183 -0.18690352141857147
0.16121529042720795 -0.48588505387306213 -0.1917828917503357
0.1712198406457901 -0.49428436160087585 -0.1968717724084854
0.18132460117340088 -0.5029906034469604 -0.2022695243358612
0.1916695535182953 -0.5121226906776428 -0.20804890990257263
0.20233309268951416 -0.5217468738555908 -0.21424973011016846
0.21332184970378876 -0.5318632125854492 -0.2208690047264099
0.22455933690071106 -0.5423925518989563 -0.2278500348329544
0.23587867617607117 -0.5531659722328186 -0.23507444560527802
0.24702514708042145 -0.5639207363128662 -0.24235664308071136
0.2577211260795593 -0.5743454098701477 -0.24946877360343933
0.2677878141403198 -0.5842152833938599 -0.25623849034309387
0.27715781331062317 -0.5934154987335205 -0.2625686228275299
0.2858560383319855 -0.6019246578216553 -0.26842695474624634
0.2939787805080414 -0.6097939610481262 -0.27383244037628174
0.301677405834198 -0.6171295046806335 -0.27884262800216675
0.30914920568466187 -0.6240809559822083 -0.283544659614563
0.31660541892051697 -0.630841851234436 -0.2880673110485077
0.3242027163505554 -0.6376087069511414 -0.29256078600883484
0.3320486843585968 -0.6445367932319641 -0.2971493601799011
0.3402036428451538 -0.6517404913902283 -0.301930695772171
0.3486749529838562 -0.659290611743927 -0.3069746792316437
0.35740724205970764 -0.6672056317329407 -0.31231769919395447
0.3662738800048828 -0.6754420399665833 -0.3179551362991333
0.37507355213165283 -0.6838837265968323 -0.3238307535648346
0.3835664987564087 -0.6923458576202393 -0.329824298620224
0.391548216342926 -0.7006528377532959 -0.3358103036880493
0.39886873960494995 -0.7086745500564575 -0.3416931927204132
0.4054296612739563 -0.7163272500038147 -0.34740906953811646
0.41117656230926514 -0.7235701084136963 -0.3529247045516968
0.416088730096817 -0.730399489402771 -0.3582345247268677
0.420168399810791 -0.7368423342704773 -0.3633567988872528
0.42344027757644653 -0.7429426312446594 -0.3683224022388458
0.4259585738182068 -0.7487280964851379 -0.3731444776058197
0.42776960134506226 -0.7542081475257874 -0.3778218924999237
0.4289083182811737 -0.7593785524368286 -0.3823429346084595
0.4294027090072632 -0.7642238736152649 -0.3866869807243347
0.4292769134044647 -0.7687177062034607 -0.3908241391181946
0.42855408787727356 -0.7728251218795776 -0.39471712708473206
0.4272545576095581 -0.7764972448348999 -0.3983185589313507
0.4252503216266632 -0.7794609665870667 -0.4014759361743927
0.4222506880760193 -0.7812117338180542 -0.40393224358558655
0.4179612696170807 -0.7812502980232239 -0.40543699264526367
0.4120878279209137 -0.7790900468826294 -0.4057486057281494
0.404330313205719 -0.7742484211921692 -0.40463000535964966
0.3943732678890228 -0.7662325501441956 -0.4018405079841614
0.38187482953071594 -0.7545227408409119 -0.39712777733802795
0.36650925874710083 -0.7386273145675659 -0.3902614712715149
0.3482761085033417 -0.718486487865448 -0.38127216696739197
0.32730162143707275 -0.6942012310028076 -0.3702874779701233
0.30370819568634033 -0.665856659412384 -0.35742801427841187
0.2776237428188324 -0.6335355043411255 -0.34281450510025024
0.24918977916240692 -0.597329318523407 -0.32657375931739807
0.2185710221529007 -0.5573511123657227 -0.308845579624176
0.18596197664737701 -0.5137460231781006 -0.28978773951530457
0.15145772695541382 -0.4664306044578552 -0.26953643560409546
0.11492480337619781 -0.4148273169994354 -0.24817043542861938
0.07627558708190918 -0.3583943545818329 -0.22580918669700623
0.03551836684346199 -0.2967285215854645 -0.2026311457157135
-0.007227632682770491 -0.22960390150547028 -0.17887833714485168
-0.05172082036733627 -0.15701007843017578 -0.15485668182373047
-0.09759122878313065 -0.07918599247932434 -0.13093137741088867
-0.14439168572425842 0.003329070983454585 -0.10745540261268616
-0.19238115847110748 0.08958744257688522 -0.08389648050069809
-0.24293068051338196 0.17946986854076385 -0.05879963934421539
-0.29831960797309875 0.27448245882987976 -0.0302615687251091
-0.36201292276382446 0.3780405521392822 0.004269071388989687
-0.4393630623817444 0.4962034821510315 0.048494916409254074
-0.539190948009491 0.6394754648208618 0.10835962742567062
-0.6774864196777344 0.8271887302398682 0.19454754889011383
-0.006429675966501236 1.2868351936340332 -0.6507673263549805
-0.012819458730518818 1.043570876121521 -0.5740746855735779
-0.01617271825671196 0.8698225617408752 -0.5181236267089844
-0.017871437594294548 0.7321243286132812 -0.4728621542453766
-0.018687238916754723 0.6135512590408325 -0.43328163027763367
-0.01916866935789585 0.504612147808075 -0.39669114351272583
-0.01979902759194374 0.39992329478263855 -0.3617372512817383
-0.021059008315205574 0.29704368114471436 -0.3280666470527649
-0.023415373638272285 0.19620507955551147 -0.2962239384651184
-0.026889625936746597 0.09992603212594986 -0.267235666513443
-0.03092888928949833 0.010907009243965149 -0.24181365966796875
-0.03495851531624794 -0.06913278251886368 -0.22030822932720184
-0.03845444321632385 -0.13939878344535828 -0.202781543135643
-0.040952444076538086 -0.1998269259929657 -0.18909326195716858
-0.04203663766384125 -0.25086119771003723 -0.17898617684841156
-0.041312411427497864 -0.2932499349117279 -0.17215962707996368
-0.038422271609306335 -0.3279334604740143 -0.16830681264400482
-0.03340572863817215 -0.35621377825737 -0.16701781749725342
-0.02647850103676319 -0.3793339729309082 -0.1678793579339981
-0.017843997105956078 -0.3983229994773865 -0.1705223023891449
-0.00771788926795125 -0.4140734076499939 -0.17458994686603546
0.0036495854146778584 -0.4273969233036041 -0.17971335351467133
0.01595480553805828 -0.43905991315841675 -0.18549379706382751
0.028827382251620293 -0.44980311393737793 -0.19149303436279297
0.041894469410181046 -0.4601437747478485 -0.197349414229393
0.05493845045566559 -0.4700891971588135 -0.20298665761947632
0.06781189143657684 -0.47960472106933594 -0.20839577913284302
0.08041708916425705 -0.4886951744556427 -0.21359023451805115
0.09270446002483368 -0.4974004924297333 -0.21860364079475403
0.1046699658036232 -0.5057926774024963 -0.2234882265329361
0.11635269224643707 -0.5139743089675903 -0.22831474244594574
0.12783750891685486 -0.5220792889595032 -0.23317331075668335
0.13931012153625488 -0.5302747488021851 -0.23816581070423126
0.1509874016046524 -0.5387145280838013 -0.2433784455060959
0.16302631795406342 -0.5475091338157654 -0.24887090921401978
0.17551347613334656 -0.5567179322242737 -0.25467056035995483
0.18845175206661224 -0.5663379430770874 -0.2607646882534027
0.20174546539783478 -0.5762913227081299 -0.26709190011024475
0.2151910364627838 -0.5864174365997314 -0.27353721857070923
0.22847768664360046 -0.596472442150116 -0.27993330359458923
0.2412591576576233 -0.6061813235282898 -0.2860995829105377
0.25330647826194763 -0.6153566837310791 -0.2919134199619293
0.26452651619911194 -0.6239144802093506 -0.2973184287548065
0.2749391794204712 -0.6318572163581848 -0.30231332778930664
0.28465208411216736 -0.6392554044723511 -0.3069397807121277
0.29384055733680725 -0.6462313532829285 -0.3112717568874359
0.3027360439300537 -0.6529502272605896 -0.3154093027114868
0.31159496307373047 -0.6596083641052246 -0.3194756805896759
0.32061976194381714 -0.6663815975189209 -0.32358914613723755
0.3299536108970642 -0.6734040975570679 -0.3278428316116333
0.33968138694763184 -0.6807674169540405 -0.3323044180870056
0.34982186555862427 -0.6885153651237488 -0.33701327443122864
0.36031490564346313 -0.6966333985328674 -0.34197404980659485
0.37100937962532043 -0.7050374150276184 -0.34714949131011963
0.38166025280952454 -0.7135677337646484 -0.35245493054389954
0.39199748635292053 -0.7220352292060852 -0.3577790856361389
0.4018081724643707 -0.7302873134613037 -0.36302727460861206
0.41094452142715454 -0.7382181882858276 -0.3681325912475586
0.4193207621574402 -0.7457692623138428 -0.373057097196579
0.4269053339958191 -0.7529244422912598 -0.3777892589569092
0.43370941281318665 -0.759704053401947 -0.38234102725982666
0.43977558612823486 -0.7661576867103577 -0.3867438733577728
0.4451640248298645 -0.7723411321640015 -0.39103201031684875
0.4499277174472809 -0.778264045715332 -0.39520296454429626
0.45410600304603577 -0.7839182615280151 -0.39924192428588867
0.45772814750671387 -0.7892886400222778 -0.40312978625297546
0.46081510186195374 -0.7943532466888428 -0.40684330463409424
0.46338140964508057 -0.799084484577179 -0.41035547852516174
0.4654369354248047 -0.8034496903419495 -0.41363582015037537
0.466982901096344 -0.8074035048484802 -0.4166482388973236
0.46787747740745544 -0.8106682300567627 -0.4192764461040497
0.4678262174129486 -0.8127202391624451 -0.4213216304779053
0.4665301442146301 -0.8130320906639099 -0.4225855767726898
0.4636879563331604 -0.8110781908035278 -0.422871470451355
0.45898953080177307 -0.806323230266571 -0.4219795763492584
0.4521062672138214 -0.7982078194618225 -0.41970115900039673
0.44267961382865906 -0.7861295938491821 -0.41581109166145325
0.4303603172302246 -0.7695052027702332 -0.41009944677352905
0.41509413719177246 -0.7482200860977173 -0.4025871455669403
0.39694222807884216 -0.722338855266571 -0.3933849632740021
0.3759634792804718 -0.6919159293174744 -0.3826020359992981
0.3522268831729889 -0.6570162177085876 -0.3703550398349762
0.325824111700058 -0.6177325248718262 -0.35677528381347656
0.29688239097595215 -0.5742074251174927 -0.34201663732528687
0.2655770778656006 -0.5266510248184204 -0.3262622356414795
0.23196923732757568 -0.47496625781059265 -0.3096638023853302
0.195842444896698 -0.41835734248161316 -0.29228177666664124
0.15705417096614838 -0.3560998737812042 -0.2742205262184143
0.11560845375061035 -0.2877034842967987 -0.25565212965011597
0.07168223708868027 -0.21297961473464966 -0.23681911826133728
0.025642894208431244 -0.1321028172969818 -0.21803060173988342
-0.021948451176285744 -0.04565292224287987 -0.19965064525604248
-0.0703907459974289 0.04533104598522186 -0.18202677369117737
-0.11955691874027252 0.1392076015472412 -0.1647394895553589
-0.17052529752254486 0.23551315069198608 -0.14657177031040192
-0.22549869120121002 0.33599135279655457 -0.12593398988246918
-0.28805574774742126 0.4448224902153015 -0.10069742053747177
-0.3639364242553711 0.5695168375968933 -0.06772387027740479
-0.46298807859420776 0.7234079241752625 -0.0217887032777071
-0.6041079163551331 0.9322500824928284 0.047067612409591675
-0.1484779268503189 1.3325893878936768 -0.7937363982200623
-0.13765104115009308 1.0780062675476074 -0.6989490389823914
-0.13035638630390167 0.8940247893333435 -0.6308921575546265
-0.12518015503883362 0.747314989566803 -0.5771881341934204
-0.12145175039768219 0.6205529570579529 -0.5314704179763794
-0.1188453733921051 0.5038158297538757 -0.4901561141014099
-0.1172153502702713 0.391386479139328 -0.4512324035167694
-0.11650999635457993 0.2806614935398102 -0.4138130247592926
-0.11670482903718948 0.17194752395153046 -0.37800848484039307
-0.11759397387504578 0.06823085993528366 -0.3447825312614441
-0.11872728168964386 -0.02718288078904152 -0.3151475191116333
-0.11964820325374603 -0.11224830150604248 -0.28967660665512085
-0.11993622779846191 -0.18610677123069763 -0.2685534954071045
-0.11921127140522003 -0.24881243705749512 -0.25168147683143616
-0.11711908131837845 -0.30102676153182983 -0.23879672586917877
-0.11330249160528183 -0.34374985098838806 -0.22956569492816925
-0.10741493850946426 -0.3781658411026001 -0.22363710403442383
-0.09948229044675827 -0.4057774543762207 -0.2205418348312378
-0.0897069051861763 -0.4279721975326538 -0.21982316672801971
-0.07828909158706665 -0.4458869695663452 -0.22109144926071167
-0.06545377522706985 -0.4605029821395874 -0.22398532927036285
-0.051475007086992264 -0.4727119207382202 -0.22814181447029114
-0.03669651970267296 -0.4833585023880005 -0.2331741750240326
-0.021546071395277977 -0.49326232075691223 -0.2386583387851715
-0.006443783640861511 -0.5029906630516052 -0.24423103034496307
0.00840862188488245 -0.5125237107276917 -0.24977584183216095
0.022898923605680466 -0.5217838883399963 -0.2552351951599121
0.03697259724140167 -0.5307304263114929 -0.26057252287864685
0.050629522651433945 -0.5393577218055725 -0.2657721936702728
0.06392059475183487 -0.5476915836334229 -0.2708375155925751
0.07694566249847412 -0.5557880401611328 -0.27579057216644287
0.08985631167888641 -0.5637340545654297 -0.28067243099212646
0.10288415104150772 -0.5716689825057983 -0.28555601835250854
0.11626549810171127 -0.5797375440597534 -0.29051652550697327
0.13016997277736664 -0.5880436301231384 -0.2956029176712036
0.14468786120414734 -0.5966432094573975 -0.30083391070365906
0.15981309115886688 -0.6055356860160828 -0.3061926066875458
0.17542479932308197 -0.6146541237831116 -0.3116219639778137
0.19127458333969116 -0.6238585114479065 -0.31702208518981934
0.20698785781860352 -0.6329405903816223 -0.3222596049308777
0.22215351462364197 -0.6416857838630676 -0.3272216022014618
0.23649460077285767 -0.6499620079994202 -0.33185142278671265
0.24988916516304016 -0.6577245593070984 -0.33614274859428406
0.2623465359210968 -0.6650035381317139 -0.34013012051582336
0.27397942543029785 -0.6718873977661133 -0.3438795506954193
0.28498131036758423 -0.6785123348236084 -0.34748151898384094
0.2956129312515259 -0.6850565075874329 -0.3510487675666809
0.30617111921310425 -0.691710352897644 -0.3546927571296692
0.3168996572494507 -0.6986122727394104 -0.3584841191768646
0.3279733955860138 -0.7058587074279785 -0.36246946454048157
0.3394985496997833 -0.7135032415390015 -0.3666716516017914
0.35150378942489624 -0.7215485572814941 -0.37108519673347473
0.363925963640213 -0.7299349308013916 -0.3756699562072754
0.37659528851509094 -0.7385291457176208 -0.3803452253341675
0.38923537731170654 -0.7471268773078918 -0.38499295711517334
0.40156224370002747 -0.7555463910102844 -0.38951894640922546
0.41336774826049805 -0.7636741399765015 -0.3938731253147125
0.4245145320892334 -0.7714422345161438 -0.3980304002761841
0.4349325895309448 -0.7788267135620117 -0.4019887149333954
0.4446112811565399 -0.7858414053916931 -0.4057656526565552
0.45358848571777344 -0.7925321459770203 -0.409395307302475
0.4619391858577728 -0.7989698648452759 -0.41292446851730347
0.4697471857070923 -0.8052183985710144 -0.41639143228530884
0.4770491123199463 -0.811266303062439 -0.419779896736145
0.48386716842651367 -0.8170862793922424 -0.4230632781982422
0.4902198016643524 -0.8226515650749207 -0.4262160360813141
0.49612241983413696 -0.8279359340667725 -0.4292134940624237
0.5015873908996582 -0.832912802696228 -0.4320310056209564
0.5066241025924683 -0.8375548124313354 -0.4346441328525543
0.5112339854240417 -0.841825008392334 -0.4370260238647461
0.5152772665023804 -0.8454411625862122 -0.4390941262245178
0.5184615850448608 -0.8478555679321289 -0.4407055974006653
0.5204870700836182 -0.848507821559906 -0.4417143762111664
0.5210481286048889 -0.8468279838562012 -0.44197121262550354
0.5198251605033875 -0.8422225117683411 -0.4413197338581085
0.5164753794670105 -0.8340569138526917 -0.43959155678749084
0.5106209516525269 -0.821636438369751 -0.436600923538208
0.5018857717514038 -0.8042726516723633 -0.43217214941978455
0.4901610314846039 -0.7817801833152771 -0.42632704973220825
0.47543951869010925 -0.7541692852973938 -0.4191674590110779
0.45770764350891113 -0.7214457988739014 -0.41079917550086975
0.43696150183677673 -0.683639645576477 -0.40134111046791077
0.41322341561317444 -0.640832781791687 -0.3909333050251007
0.3865603804588318 -0.5931920409202576 -0.37974515557289124
0.35710328817367554 -0.541000247001648 -0.36798223853111267
0.32485342025756836 -0.4841572642326355 -0.35580939054489136
0.289482444524765 -0.4216477572917938 -0.3432685136795044
0.25076374411582947 -0.3525744676589966 -0.330434650182724
0.2086731344461441 -0.27639129757881165 -0.3174411654472351
0.16343088448047638 -0.19300568103790283 -0.30447906255722046
0.1155271828174591 -0.10286106914281845 -0.2917894124984741
0.06571997702121735 -0.0069741494953632355 -0.2796480059623718
0.014976314269006252 0.09303532540798187 -0.2683045566082001
-0.03612539544701576 0.19483712315559387 -0.257428914308548
-0.0883018895983696 0.29774874448776245 -0.24610725045204163
-0.14364011585712433 0.40391743183135986 -0.2331758737564087
-0.20578473806381226 0.5184386968612671 -0.2170993834733963
-0.2807626724243164 0.6504125595092773 -0.19559858739376068
-0.3792354464530945 0.8162298798561096 -0.16476701200008392
-0.5226292610168457 1.048841118812561 -0.11678006500005722
-0.3064570724964142 1.3833352327346802 -0.9525530934333801
-0.2802112102508545 1.120235562324524 -0.8423783183097839
-0.26271218061447144 0.9240846037864685 -0.762129008769989
-0.2506052851676941 0.7651333808898926 -0.6990094184875488
-0.24207699298858643 0.6269696354866028 -0.6460013389587402
-0.23602727055549622 0.4998031556606293 -0.5989092588424683
-0.23169860243797302 0.3778286278247833 -0.5551576614379883
-0.22848951816558838 0.2583020031452179 -0.5133155584335327
-0.22586363554000854 0.14137113094329834 -0.4729572832584381
-0.22341309487819672 0.030170798301696777 -0.43489211797714233
-0.22086167335510254 -0.07154805213212967 -0.4004359841346741
-0.21793299913406372 -0.1615433692932129 -0.3703945279121399
-0.2143518477678299 -0.23897819221019745 -0.3450832664966583
-0.2098419964313507 -0.30405640602111816 -0.3244622051715851
-0.20411190390586853 -0.3576391041278839 -0.30827680230140686
-0.19682861864566803 -0.40092283487319946 -0.29617834091186523
-0.18763159215450287 -0.43526339530944824 -0.28778767585754395
-0.17649097740650177 -0.46234962344169617 -0.2825714647769928
-0.16355547308921814 -0.483722448348999 -0.2800200581550598
-0.14899249374866486 -0.5006304383277893 -0.27971917390823364
-0.13301819562911987 -0.514146625995636 -0.2812996506690979
-0.11592631042003632 -0.525249719619751 -0.2843998372554779
-0.09811315685510635 -0.5348734259605408 -0.28863656520843506
-0.08009403198957443 -0.5439305901527405 -0.29358580708503723
-0.06238028034567833 -0.5530447363853455 -0.298866331577301
-0.04519578814506531 -0.5621526837348938 -0.30430757999420166
-0.028640462085604668 -0.571120023727417 -0.3097931742668152
-0.012734116055071354 -0.5798534750938416 -0.31523019075393677
0.0025764559395611286 -0.5882995128631592 -0.3205503523349762
0.01741105318069458 -0.5964412689208984 -0.3257085084915161
0.031952597200870514 -0.6042953729629517 -0.33068087697029114
0.046448495239019394 -0.6119120717048645 -0.3354647755622864
0.06119329482316971 -0.6194093227386475 -0.340108186006546
0.0764441192150116 -0.6269247531890869 -0.34467852115631104
0.09238369762897491 -0.6345575451850891 -0.3492175042629242
0.10910717397928238 -0.642363429069519 -0.35373884439468384
0.12660212814807892 -0.6503491997718811 -0.3582264482975006
0.14472563564777374 -0.658464252948761 -0.36263224482536316
0.16318707168102264 -0.6665964126586914 -0.3668767511844635
0.18155226111412048 -0.6745797991752625 -0.3708638548851013
0.19936810433864594 -0.6822705864906311 -0.37455010414123535
0.21632426977157593 -0.6895962953567505 -0.37794291973114014
0.23227056860923767 -0.6965519189834595 -0.38108310103416443
0.2471969574689865 -0.7031894326210022 -0.38403692841529846
0.26120829582214355 -0.7096094489097595 -0.38689061999320984
0.27450188994407654 -0.7159537672996521 -0.3897470235824585
0.2873530983924866 -0.7224040031433105 -0.39272594451904297
0.30008193850517273 -0.7291319370269775 -0.3959197402000427
0.312955379486084 -0.7362253069877625 -0.39934369921684265
0.3261644244194031 -0.7437307238578796 -0.4029904305934906
0.3398251533508301 -0.751654326915741 -0.4068323075771332
0.3539697527885437 -0.7599525451660156 -0.4108158349990845
0.36853376030921936 -0.7685218453407288 -0.41485726833343506
0.3833436965942383 -0.7771914601325989 -0.418840229511261
0.39811989665031433 -0.7857329249382019 -0.4226260483264923
0.41259825229644775 -0.7939925193786621 -0.4261489510536194
0.42660075426101685 -0.8019073605537415 -0.4294096529483795
0.4400152862071991 -0.8094540238380432 -0.43242815136909485
0.45279157161712646 -0.8166428804397583 -0.43523937463760376
0.4649352729320526 -0.8235136866569519 -0.4378892183303833
0.4764988422393799 -0.8301298022270203 -0.4404313564300537
0.4875717759132385 -0.8365727066993713 -0.44292446970939636
0.49823904037475586 -0.842903733253479 -0.44540876150131226
0.5084994435310364 -0.8490873575210571 -0.4478588402271271
0.5183446407318115 -0.8550779819488525 -0.45024117827415466
0.5277776718139648 -0.8608399629592896 -0.45252716541290283
0.5368105173110962 -0.8663449287414551 -0.4546920955181122
0.5454627275466919 -0.8715720772743225 -0.4567147493362427
0.5537596940994263 -0.8765047788619995 -0.4585759937763214
0.5617265105247498 -0.8811203837394714 -0.4602568447589874
0.569242000579834 -0.8851315975189209 -0.46170568466186523
0.5760213136672974 -0.8879594206809998 -0.462833970785141
0.5817673802375793 -0.8890036940574646 -0.4635484218597412
0.5861718058586121 -0.8876425623893738 -0.4637504518032074
0.5889061689376831 -0.883216142654419 -0.46333375573158264
0.5896122455596924 -0.8750060200691223 -0.46218058466911316
0.5878905653953552 -0.8622129559516907 -0.46015816926956177
0.5833328366279602 -0.8440283536911011 -0.457141250371933
0.5757758617401123 -0.8201786875724792 -0.4531649053096771
0.5651393532752991 -0.7905995845794678 -0.44833168387413025
0.5513274669647217 -0.7552284598350525 -0.44275349378585815
0.5342456102371216 -0.7140411138534546 -0.43655890226364136
0.5138218998908997 -0.6670948266983032 -0.42990073561668396
0.49003249406814575 -0.61457759141922 -0.4229627847671509
0.4629286229610443 -0.5568558573722839 -0.415964275598526
0.43242430686950684 -0.49385136365890503 -0.40907785296440125
0.3980700969696045 -0.42435649037361145 -0.4023362398147583
0.3595479130744934 -0.34733840823173523 -0.39577895402908325
0.3168003559112549 -0.2622474730014801 -0.38947156071662903
0.2700916528701782 -0.16915202140808105 -0.383500874042511
0.22004015743732452 -0.06883058696985245 -0.37796705961227417
0.167606920003891 0.037215474992990494 -0.3729717433452606
0.11402864754199982 0.14678283035755157 -0.3685837984085083
0.06036677211523056 0.2569376826286316 -0.3645373284816742
0.006297675427049398 0.3669295608997345 -0.36027783155441284
-0.050135210156440735 0.47944778203964233 -0.3551684319972992
-0.11261618137359619 0.6006006598472595 -0.34841597080230713
-0.1873834729194641 0.7411514520645142 -0.3388568162918091
-0.285715788602829 0.9206692576408386 -0.32445546984672546
-0.4310893416404724 1.1797758340835571 -0.3009645342826843
-0.48010504245758057 1.4389903545379639 -1.1269406080245972
-0.44499871134757996 1.172055959701538 -1.009004831314087
-0.4198819100856781 0.9618130326271057 -0.9184736609458923
-0.4014052450656891 0.786372721195221 -0.8452507257461548
-0.3874954879283905 0.6323339939117432 -0.7831383943557739
-0.3767307996749878 0.4911101162433624 -0.728084146976471
-0.36802542209625244 0.3573094606399536 -0.6773689985275269
-0.3604695498943329 0.22810111939907074 -0.6292548179626465
-0.353271484375 0.10304852575063705 -0.5828779935836792
-0.3460099399089813 -0.015161984600126743 -0.5388707518577576
-0.3386291265487671 -0.12267158180475235 -0.4987778663635254
-0.3310330808162689 -0.21727211773395538 -0.4635583758354187
-0.32306334376335144 -0.2982623875141144 -0.43359822034835815
-0.31450217962265015 -0.36600321531295776 -0.40887656807899475
-0.3050680458545685 -0.42148610949516296 -0.38913285732269287
-0.29439911246299744 -0.4659889042377472 -0.3740060031414032
-0.28206631541252136 -0.5009114146232605 -0.3630999028682709
-0.2679058611392975 -0.528082549571991 -0.3557979166507721
-0.2519323527812958 -0.5491833686828613 -0.3515094816684723
-0.23421180248260498 -0.5655533671379089 -0.3497723639011383
-0.21489767730236053 -0.5783371925354004 -0.35018593072891235
-0.19426894187927246 -0.5885829925537109 -0.3523603081703186
-0.17276614904403687 -0.5973026752471924 -0.355877161026001
-0.15101569890975952 -0.6054971218109131 -0.36026373505592346
-0.1296888142824173 -0.6138445734977722 -0.36508312821388245
-0.10913823544979095 -0.6222483515739441 -0.37012407183647156
-0.08953427523374557 -0.6305345892906189 -0.3752354681491852
-0.0709138959646225 -0.6385822892189026 -0.38029688596725464
-0.053196538239717484 -0.6463216543197632 -0.3852200210094452
-0.03619970753788948 -0.6537287831306458 -0.3899465501308441
-0.01964913122355938 -0.6608204245567322 -0.3944445550441742
-0.0031825071200728416 -0.6676517724990845 -0.39870643615722656
0.013576929457485676 -0.6743386387825012 -0.4027745723724365
0.030918534845113754 -0.681010365486145 -0.406709760427475
0.04904792085289955 -0.6877611875534058 -0.4105483591556549
0.06807642430067062 -0.6946475505828857 -0.41430193185806274
0.08799976855516434 -0.7016846537590027 -0.4179568588733673
0.10867121815681458 -0.7088389992713928 -0.42147326469421387
0.12977752089500427 -0.7160224318504333 -0.424785852432251
0.15085086226463318 -0.7231042385101318 -0.4278212785720825
0.1714523434638977 -0.7299940586090088 -0.4305710196495056
0.19128087162971497 -0.7366586923599243 -0.4330698847770691
0.21017222106456757 -0.7431097626686096 -0.43537381291389465
0.2280900925397873 -0.7493997812271118 -0.4375545084476471
0.24511055648326874 -0.7556178569793701 -0.4396958649158478
0.26140567660331726 -0.7618866562843323 -0.44189217686653137
0.27723124623298645 -0.768362820148468 -0.44424840807914734
0.29288631677627563 -0.7751784920692444 -0.4468282163143158
0.3086121678352356 -0.7823694944381714 -0.4496055245399475
0.3245781362056732 -0.7899367213249207 -0.45253613591194153
0.3408835232257843 -0.7978490591049194 -0.45556217432022095
0.3575526475906372 -0.8060376644134521 -0.45860984921455383
0.37452730536460876 -0.8143903017044067 -0.46158766746520996
0.3916608691215515 -0.8227489590644836 -0.4643879532814026
0.40872669219970703 -0.8309230208396912 -0.466898649930954
0.4255397915840149 -0.8388146162033081 -0.4690939486026764
0.44199416041374207 -0.8464094400405884 -0.47101056575775146
0.45802605152130127 -0.8537154793739319 -0.47269514203071594
0.473611056804657 -0.8607590198516846 -0.4742000102996826
0.48876118659973145 -0.8675819039344788 -0.475580632686615
0.5035197734832764 -0.8742380142211914 -0.47689297795295715
0.5179560780525208 -0.880790114402771 -0.478192001581192
0.5321152210235596 -0.8872743844985962 -0.4795120656490326
0.5459277629852295 -0.893632173538208 -0.48083025217056274
0.5593380928039551 -0.8998054265975952 -0.4821174740791321
0.5723292231559753 -0.9057567119598389 -0.4833504557609558
0.5849155783653259 -0.911465048789978 -0.4845103621482849
0.5971385836601257 -0.9169234037399292 -0.4855822026729584
0.6090620160102844 -0.9221352338790894 -0.4865535497665405
0.6207640767097473 -0.9271023869514465 -0.48741307854652405
0.6321629285812378 -0.9315324425697327 -0.4881385564804077
0.6429845094680786 -0.9348035454750061 -0.4886934161186218
0.6529359221458435 -0.9362645745277405 -0.48903796076774597
0.661706268787384 -0.9352318048477173 -0.48912808299064636
0.6689568758010864 -0.9309672117233276 -0.4889145493507385
0.6743108034133911 -0.9226560592651367 -0.48834124207496643
0.6773401498794556 -0.9093793034553528 -0.48734304308891296
0.6775977611541748 -0.8901910781860352 -0.48586374521255493
0.674860417842865 -0.8647087216377258 -0.4839631915092468
0.6689680218696594 -0.8327720761299133 -0.4817548394203186
0.6597257852554321 -0.794227123260498 -0.4793647825717926
0.646923840045929 -0.7489773035049438 -0.47693711519241333
0.6303626298904419 -0.6970442533493042 -0.47463756799697876
0.6098851561546326 -0.638638973236084 -0.47265565395355225
0.5854160189628601 -0.5742349624633789 -0.47120365500450134
0.5567604899406433 -0.503824770450592 -0.4704512059688568
0.5233830213546753 -0.42607659101486206 -0.4704463481903076
0.4849184453487396 -0.339895635843277 -0.4712064564228058
0.44132187962532043 -0.24479852616786957 -0.4727218747138977
0.3929421901702881 -0.14106619358062744 -0.474947065114975
0.3405537009239197 -0.02982463501393795 -0.4777953326702118
0.2853277623653412 0.08698581904172897 -0.4811401963233948
0.22875148057937622 0.20669136941432953 -0.4848161041736603
0.17231376469135284 0.325911283493042 -0.48856696486473083
0.11602646857500076 0.44395357370376587 -0.49219033122062683
0.05803034454584122 0.5641136765480042 -0.4956260323524475
-0.005403706803917885 0.6935316324234009 -0.4989234209060669
-0.08068708330392838 0.844632625579834 -0.5022293925285339
-0.1795707643032074 1.0401631593704224 -0.5058265328407288
-0.3271077573299408 1.3284679651260376 -0.5102973580360413
-0.6680746674537659 1.4991298913955688 -1.3155416250228882
-0.6375647187232971 1.2356456518173218 -1.2045484781265259
-0.6114299297332764 1.0098320245742798 -1.1094975471496582
-0.5885742902755737 0.8123084306716919 -1.0264300107955933
-0.5681755542755127 0.6360562443733215 -0.9523824453353882
-0.5496060848236084 0.4757433235645294 -0.8851000666618347
-0.5323889851570129 0.32734087109565735 -0.8228749632835388
-0.5161759257316589 0.18792501091957092 -0.7644611597061157
-0.5007398724555969 0.05563247203826904 -0.7090568542480469
-0.48607274889945984 -0.06833615899085999 -0.6571905016899109
-0.4722542464733124 -0.18056415021419525 -0.6103777885437012
-0.4592044949531555 -0.2791983485221863 -0.569474458694458
-0.4467068612575531 -0.3637920916080475 -0.5347397327423096
-0.4344419538974762 -0.43482670187950134 -0.5060429573059082
-0.42200398445129395 -0.49329131841659546 -0.4830474257469177
-0.4088960886001587 -0.5403636693954468 -0.4653560519218445
-0.3945327699184418 -0.5772988796234131 -0.45256033539772034
-0.3784913420677185 -0.6059790253639221 -0.44392427802085876
-0.3605077862739563 -0.6281740069389343 -0.43871963024139404
-0.3404041826725006 -0.6452471613883972 -0.4363776445388794
-0.31813469529151917 -0.658336341381073 -0.4363958239555359
-0.29384705424308777 -0.6684784293174744 -0.4382654130458832
-0.2679511606693268 -0.676686704158783 -0.44141876697540283
-0.24117372930049896 -0.6839836239814758 -0.4452003836631775
-0.21446099877357483 -0.6910814046859741 -0.4490390121936798
-0.1885569542646408 -0.6979278922080994 -0.4527685046195984
-0.1639227271080017 -0.7044152021408081 -0.4563229978084564
-0.1407596617937088 -0.710504412651062 -0.4596741199493408
-0.11904413253068924 -0.7162151336669922 -0.4628257155418396
-0.09856922924518585 -0.7216145992279053 -0.465808242559433
-0.07897797971963882 -0.7268095016479492 -0.4686742126941681
-0.0597832091152668 -0.7319411635398865 -0.4714950919151306
-0.04049520567059517 -0.7371501326560974 -0.47433674335479736
-0.020757826045155525 -0.7425404787063599 -0.47723978757858276
-0.0003153420111630112 -0.7481911778450012 -0.48022934794425964
0.02098555490374565 -0.7541554570198059 -0.4833138585090637
0.04317771643400192 -0.7604547142982483 -0.48648297786712646
0.0661451667547226 -0.7670697569847107 -0.4897032678127289
0.08959175646305084 -0.7739309668540955 -0.49291473627090454
0.11307001858949661 -0.780921459197998 -0.4960368275642395
0.13626889884471893 -0.7879520654678345 -0.49901291728019714
0.15899702906608582 -0.7949619293212891 -0.5018053650856018
0.18113458156585693 -0.801909863948822 -0.5043880343437195
0.20263588428497314 -0.8087747693061829 -0.5067456364631653
0.22352847456932068 -0.815557599067688 -0.5088731646537781
0.24390949308872223 -0.8222801685333252 -0.5107743144035339
0.2639400362968445 -0.8289850950241089 -0.5124599933624268
0.28378766775131226 -0.8357197642326355 -0.5139455795288086
0.30354589223861694 -0.8425130248069763 -0.5152471661567688
0.32327398657798767 -0.8493819236755371 -0.5163782835006714
0.34300366044044495 -0.8563341498374939 -0.517351508140564
0.362738698720932 -0.8633671998977661 -0.5181784629821777
0.38245484232902527 -0.8704681396484375 -0.5188701748847961
0.402100533246994 -0.8776140213012695 -0.5194379091262817
0.4216058552265167 -0.8847734928131104 -0.5198928713798523
0.44096240401268005 -0.8919308185577393 -0.5202454328536987
0.460199236869812 -0.8990800976753235 -0.5205061435699463
0.479336678981781 -0.9062120318412781 -0.520686149597168
0.4983846843242645 -0.9133139252662659 -0.5207972526550293
0.5173442363739014 -0.9203706979751587 -0.5208516120910645
0.5362074375152588 -0.9273649454116821 -0.5208611488342285
0.554959237575531 -0.934278130531311 -0.5208379030227661
0.5735304951667786 -0.9410744309425354 -0.5207916498184204
0.5917373299598694 -0.9476790428161621 -0.5207254886627197
0.6094563603401184 -0.954041063785553 -0.5206413865089417
0.6266481876373291 -0.9601406455039978 -0.5205407738685608
0.6433430314064026 -0.9659831523895264 -0.5204245448112488
0.6596285104751587 -0.9715940356254578 -0.5202930569648743
0.6756409406661987 -0.9770150184631348 -0.520145833492279
0.6915532946586609 -0.9822882413864136 -0.5199820399284363
0.7073485255241394 -0.987116813659668 -0.5198072791099548
0.7227641940116882 -0.9908186197280884 -0.5196348428726196
0.7375093102455139 -0.9926748871803284 -0.5194783210754395
0.7512664794921875 -0.9919233918190002 -0.5193517208099365
0.763680636882782 -0.9877309203147888 -0.5192699432373047
0.774346649646759 -0.9791681170463562 -0.5192497372627258
0.7827956676483154 -0.9651758670806885 -0.5193093419075012
0.7885246872901917 -0.9446484446525574 -0.5194794535636902
0.7912375330924988 -0.9170699715614319 -0.5198555588722229
0.7906760573387146 -0.8821607828140259 -0.5205677151679993
0.7865188121795654 -0.8396533131599426 -0.5217601656913757
0.7784023284912109 -0.7893636226654053 -0.5235908627510071
0.7659507393836975 -0.7312752604484558 -0.5262282490730286
0.7488183975219727 -0.6656411290168762 -0.5298445820808411
0.7267450094223022 -0.5930874943733215 -0.534604012966156
0.6994264125823975 -0.5137667059898376 -0.5406529307365417
0.6663624048233032 -0.4263467788696289 -0.548105776309967
0.6272860765457153 -0.3297843337059021 -0.5570114850997925
0.5823050141334534 -0.22373616695404053 -0.5673304200172424
0.5319656133651733 -0.10869935154914856 -0.5789193511009216
0.47726333141326904 0.013942141085863113 -0.5915305614471436
0.4195830225944519 0.14199796319007874 -0.6048263907432556
0.3605955243110657 0.27258530259132385 -0.6184068918228149
0.3019961714744568 0.402084082365036 -0.6318917274475098
0.24390865862369537 0.5299054980278015 -0.6452769637107849
0.18445278704166412 0.6598970293998718 -0.6590176224708557
0.11979959905147552 0.8001445531845093 -0.674019455909729
0.0433478057384491 0.9646384119987488 -0.6918373703956604
-0.05707312747836113 1.1791313886642456 -0.7153376936912537
-0.20774638652801514 1.4991302490234375 -0.7507134675979614
