ply
format ascii 1.0
element vertex 3600
property float x
property float y
property float z
end_header
1.4991543292999268 -0.9312599301338196 1.4936197996139526
1.4991542100906372 -0.7222220301628113 1.46089506149292
1.4991543292999268 -0.540347158908844 1.4319387674331665
1.4991540908813477 -0.38136956095695496 1.4057742357254028
1.4991540908813477 -0.24167995154857635 1.3815257549285889
1.4991542100906372 -0.11815933883190155 1.3583904504776
1.4991542100906372 -0.008055628277361393 1.3356159925460815
1.4991542100906372 0.09110955148935318 1.3124878406524658
1.4991540908813477 0.1816103458404541 1.2883206605911255
1.4991430044174194 0.26551154255867004 1.262468695640564
1.4989198446273804 0.34383660554885864 1.2345235347747803
1.4981259107589722 0.4167889356613159 1.204266905784607
1.496395468711853 0.48452526330947876 1.1714931726455688
1.4933615922927856 0.5471835732460022 1.136006236076355
1.4886572360992432 0.6048864126205444 1.0976210832595825
1.481916904449463 0.6577451229095459 1.056167483329773
1.4727789163589478 0.7058621048927307 1.011491298675537
1.4608889818191528 0.7493355870246887 0.9634585380554199
1.4460692405700684 0.7883731722831726 0.911979615688324
1.4285991191864014 0.8234549760818481 0.8570749163627625
1.4088681936264038 0.855071485042572 0.7988781332969666
1.3873107433319092 0.8836819529533386 0.7376400232315063
1.3644073009490967 0.9097220301628113 0.6737364530563354
1.3406789302825928 0.9336057305335999 0.6076687574386597
1.3166800737380981 0.9557267427444458 0.5400577783584595
1.2929826974868774 0.9764567017555237 0.47162801027297974
1.2701544761657715 0.9961029887199402 0.4032241702079773
1.2486722469329834 1.0146111249923706 0.3360167443752289
1.2288439273834229 1.0318259000778198 0.270998477935791
1.2108322381973267 1.0477052927017212 0.2087225466966629
1.1946901082992554 1.0622957944869995 0.14937008917331696
1.180395483970642 1.075706958770752 0.09282365441322327
1.167879581451416 1.0880930423736572 0.03872568532824516
1.1570521593093872 1.0996403694152832 -0.013481353409588337
1.1478183269500732 1.1105636358261108 -0.06454368680715561
1.1400045156478882 1.121110439300537 -0.11541355401277542
1.1333287954330444 1.1315213441848755 -0.16704615950584412
1.1275579929351807 1.1419895887374878 -0.2201974242925644
1.1225049495697021 1.1526625156402588 -0.27541834115982056
1.1180133819580078 1.1636433601379395 -0.3330357074737549
1.113946557044983 1.1749848127365112 -0.3931068480014801
1.1101821660995483 1.1866801977157593 -0.45535388588905334
1.1066077947616577 1.1986502408981323 -0.5190932750701904
1.1031261682510376 1.2107810974121094 -0.5829939842224121
1.0996767282485962 1.2231993675231934 -0.644242525100708
1.0962032079696655 1.2361634969711304 -0.6995474696159363
1.092639684677124 1.2499606609344482 -0.7457090616226196
1.0889109373092651 1.264902949333191 -0.7796862721443176
1.084935188293457 1.2813267707824707 -0.798625111579895
1.0806227922439575 1.2995917797088623 -0.7998479604721069
1.0758765935897827 1.320086121559143 -0.7808084487915039
1.070572853088379 1.3432101011276245 -0.7389979362487793
1.0639894008636475 1.3686271905899048 -0.6713833808898926
1.0546897649765015 1.3950679302215576 -0.57432621717453
1.041196346282959 1.4211900234222412 -0.4441983699798584
1.0220391750335693 1.4456311464309692 -0.2774708569049835
0.995768666267395 1.4670172929763794 -0.0707743689417839
0.9609689712524414 1.4839704036712646 0.1790342479944229
0.9162798523902893 1.4951218366622925 0.4747888147830963
0.8604164719581604 1.499130129814148 0.8189385533332825
1.4958267211914062 -0.9474523067474365 1.3573395013809204
1.4682941436767578 -0.7438256740570068 1.3242883682250977
1.4437742233276367 -0.5680489540100098 1.29508376121521
1.4219038486480713 -0.4157401919364929 1.2687517404556274
1.402384638786316 -0.2831616699695587 1.244430422782898
1.3849706649780273 -0.16707666218280792 1.2213414907455444
1.3694572448730469 -0.06463939696550369 1.198768973350525
1.3556747436523438 0.026691099628806114 1.1760412454605103
1.3434809446334839 0.10921929776668549 1.1525191068649292
1.3327471017837524 0.18502405285835266 1.1275954246520996
1.3232005834579468 0.2553137242794037 1.1008895635604858
1.3144519329071045 0.3205792307853699 1.072206974029541
1.3061275482177734 0.38120150566101074 1.0413700342178345
1.2978649139404297 0.4374847114086151 1.0082118511199951
1.2893117666244507 0.4896673858165741 0.97258061170578
1.2801226377487183 0.5379330515861511 0.9343425035476685
1.269958257675171 0.5824184417724609 0.8933854699134827
1.258486270904541 0.6232213973999023 0.84962397813797
1.2455129623413086 0.660507321357727 0.8030309677124023
1.231197476387024 0.6946718692779541 0.7536933422088623
1.2157725095748901 0.72612065076828 0.7017689347267151
1.1994909048080444 0.755233108997345 0.6474838852882385
1.1826257705688477 0.7823650240898132 0.5911350250244141
1.1654696464538574 0.8078522086143494 0.5330924987792969
1.1483304500579834 0.8320096135139465 0.4737977981567383
1.1315263509750366 0.8551318645477295 0.413758248090744
1.1153696775436401 0.8774564862251282 0.3535555303096771
1.100057601928711 0.8988819718360901 0.2939296364784241
1.0856735706329346 0.9191928505897522 0.23551054298877716
1.072238564491272 0.9382619857788086 0.17868167161941528
1.05972421169281 0.9560375809669495 0.12360446900129318
1.0480635166168213 0.9725266098976135 0.0702478364109993
1.0371602773666382 0.9877813458442688 0.018413066864013672
1.026894450187683 1.0018866062164307 -0.032247960567474365
1.017126202583313 1.0149527788162231 -0.08222813904285431
1.007697343826294 1.027167797088623 -0.1321813464164734
0.998464047908783 1.0388028621673584 -0.182775616645813
0.9893178939819336 1.0500903129577637 -0.2345285564661026
0.9801836609840393 1.0612198114395142 -0.28779587149620056
0.9710198640823364 1.0723440647125244 -0.3427581191062927
0.9618192911148071 1.0835787057876587 -0.39939582347869873
0.9526127576828003 1.0950008630752563 -0.4574557840824127
0.9434714913368225 1.106642246246338 -0.5164200663566589
0.9344988465309143 1.1185109615325928 -0.5753143429756165
0.9257571697235107 1.1307419538497925 -0.6319400072097778
0.917266309261322 1.1435543298721313 -0.6837716698646545
0.9090177416801453 1.1572028398513794 -0.7284333109855652
0.9009765386581421 1.1719785928726196 -0.7637001276016235
0.8930823802947998 1.1882152557373047 -0.7874625325202942
0.8852509260177612 1.206299066543579 -0.7976568937301636
0.8773733973503113 1.2266827821731567 -0.7921624779701233
0.8692946434020996 1.2498961687088013 -0.768656849861145
0.8601793050765991 1.276129961013794 -0.7242037653923035
0.8483594655990601 1.3050425052642822 -0.6552051901817322
0.8320526480674744 1.3361722230911255 -0.5578374862670898
0.8094151020050049 1.368934988975525 -0.4282553195953369
0.7785822153091431 1.4025954008102417 -0.2628574073314667
0.7377465963363647 1.4362517595291138 -0.05863887444138527
0.6852751970291138 1.4688342809677124 0.18637152016162872
0.6198602914810181 1.499130129814148 0.47264158725738525
1.486465573310852 -0.9623979330062866 1.2347173690795898
1.4362684488296509 -0.763085663318634 1.2026569843292236
1.3928800821304321 -0.5928971767425537 1.17512845993042
1.3552292585372925 -0.4466501474380493 1.1509047746658325
1.32245934009552 -0.3201310336589813 1.1289479732513428
1.2938772439956665 -0.2098536193370819 1.1083563566207886
1.2689152956008911 -0.11288276314735413 1.088326096534729
1.2471038103103638 -0.026703447103500366 1.068122386932373
1.2280499935150146 0.05087897926568985 1.0470564365386963
1.2114157676696777 0.12178491801023483 1.02448308467865
1.1968022584915161 0.18723459541797638 1.000036597251892
1.18376886844635 0.2478674352169037 0.9735798239707947
1.1719138622283936 0.30418145656585693 0.9449900984764099
1.1608648300170898 0.3565692603588104 0.914155125617981
1.1502728462219238 0.4053354561328888 0.8809775710105896
1.1398042440414429 0.4507107436656952 0.8453787565231323
1.1291394233703613 0.492863267660141 0.8073041439056396
1.1179689168930054 0.5319082140922546 0.7667282223701477
1.1060932874679565 0.5679953694343567 0.7236831784248352
1.0935817956924438 0.6014484763145447 0.6782944798469543
1.080556035041809 0.6326004862785339 0.6307341456413269
1.067147970199585 0.6617639064788818 0.5812142491340637
1.0535008907318115 0.6892337799072266 0.5299899578094482
1.0397677421569824 0.7152890563011169 0.47736063599586487
1.0261107683181763 0.7401931881904602 0.4236702024936676
1.0127005577087402 0.7641947269439697 0.36930471658706665
0.9997026920318604 0.7874967455863953 0.3146941065788269
0.9871925711631775 0.8100191950798035 0.2603207230567932
0.9751695990562439 0.8315726518630981 0.2065826803445816
0.9636022448539734 0.8520267009735107 0.15373674035072327
0.9524326324462891 0.8713041543960571 0.10190648585557938
0.9415794014930725 0.889371395111084 0.05109398812055588
0.9309400916099548 0.9062304496765137 0.00118934060446918
0.9203922748565674 0.9219102263450623 -0.04802123084664345
0.9097918272018433 0.9364611506462097 -0.09685437381267548
0.8990092277526855 0.950024425983429 -0.1457480937242508
0.8879818916320801 0.9628573060035706 -0.19516253471374512
0.8766786456108093 0.975189745426178 -0.24544775485992432
0.8650965690612793 0.9872174859046936 -0.29683148860931396
0.853262722492218 0.9991053342819214 -0.34941110014915466
0.8412390351295471 1.0109902620315552 -0.403141051530838
0.8291250467300415 1.0229791402816772 -0.45781540870666504
0.8170599341392517 1.035148024559021 -0.5130559802055359
0.8052021265029907 1.0475481748580933 -0.568150520324707
0.7935986518859863 1.0602879524230957 -0.6213552951812744
0.7822170853614807 1.073531150817871 -0.6706854104995728
0.7709868550300598 1.0874823331832886 -0.7143208384513855
0.7597998976707458 1.1023889780044556 -0.7505858540534973
0.7485116124153137 1.118550181388855 -0.7778960466384888
0.7369388341903687 1.1363279819488525 -0.7946825623512268
0.7248538732528687 1.1561665534973145 -0.7992863059043884
0.7119592428207397 1.178617238998413 -0.789815366268158
0.6973810791969299 1.2042384147644043 -0.7638077139854431
0.6795566082000732 1.233480453491211 -0.7181327939033508
0.6567938327789307 1.2667512893676758 -0.6492615938186646
0.627311110496521 1.3043837547302246 -0.5534189343452454
0.5892776846885681 1.3465808629989624 -0.42682045698165894
0.5409050583839417 1.393346905708313 -0.2660304307937622
0.4805956184864044 1.4444066286087036 -0.06845904141664505
0.4071449637413025 1.4991302490234375 0.16703763604164124
1.4720194339752197 -0.9761930704116821 1.1244436502456665
1.4036951065063477 -0.7802586555480957 1.0946191549301147
1.3462574481964111 -0.615199625492096 1.0700340270996094
1.2975436449050903 -0.47453340888023376 1.0491094589233398
1.2559325695037842 -0.3533575236797333 1.030584454536438
1.2201861143112183 -0.2478751838207245 1.0134130716323853
1.189339518547058 -0.1550792157649994 0.9966941475868225
1.1626298427581787 -0.07253565639257431 0.9796246290206909
1.1394433975219727 0.0017680759774520993 0.9614642262458801
1.1192750930786133 0.06951361149549484 0.9415306448936462
1.1016335487365723 0.1318461149930954 0.9194849133491516
1.0860403776168823 0.18947908282279968 0.8952608108520508
1.0720717906951904 0.24297384917736053 0.8688014149665833
1.0593465566635132 0.2927752733230591 0.8400564789772034
1.0475149154663086 0.3392316401004791 0.808987557888031
1.0362498760223389 0.3826109766960144 0.7755737900733948
1.0252431631088257 0.42311352491378784 0.7398185729980469
1.0142000913619995 0.4608818590641022 0.7017547488212585
1.002915382385254 0.49606651067733765 0.6614652276039124
0.9913948178291321 0.5289342999458313 0.6190983057022095
0.9796833992004395 0.5597587823867798 0.5748313069343567
0.9678317308425903 0.5887991189956665 0.5288658142089844
0.9558973908424377 0.6163023114204407 0.4814302921295166
0.9439437389373779 0.642504096031189 0.43278029561042786
0.9320400357246399 0.6676297187805176 0.3831993341445923
0.9202612638473511 0.6918944120407104 0.3329979479312897
0.9086810946464539 0.71547931432724 0.282510370016098
0.8973172307014465 0.7383396029472351 0.23205770552158356
0.8861414194107056 0.7603334784507751 0.18188802897930145
0.8751083016395569 0.7813562750816345 0.13216835260391235
0.8641566038131714 0.8013375997543335 0.08298681676387787
0.8532096743583679 0.8202362656593323 0.03435711935162544
0.8421757817268372 0.838036298751831 -0.013778538443148136
0.8309469819068909 0.8547410368919373 -0.06154588237404823
0.8193979263305664 0.8703710436820984 -0.10913906246423721
0.8074318766593933 0.8850329518318176 -0.156840980052948
0.7950353026390076 0.8989517092704773 -0.2049611508846283
0.7822225093841553 0.9123354554176331 -0.2537311315536499
0.769030749797821 0.9253652095794678 -0.30329373478889465
0.7555230855941772 0.9381986856460571 -0.35369864106178284
0.7417907118797302 0.9509709477424622 -0.4048961102962494
0.7279559373855591 0.9637941718101501 -0.45672890543937683
0.7141721844673157 0.9767570495605469 -0.5089279413223267
0.7005947232246399 0.98992520570755 -0.5609742403030396
0.6872091889381409 1.0033786296844482 -0.6114798784255981
0.6738981008529663 1.0172380208969116 -0.6588712334632874
0.6605011224746704 1.0316658020019531 -0.7017348408699036
0.6468152403831482 1.046870470046997 -0.7387920618057251
0.6325920224189758 1.0631132125854492 -0.76884925365448
0.617530107498169 1.080718755722046 -0.7907323241233826
0.6012621521949768 1.1000945568084717 -0.8031991720199585
0.5833233594894409 1.121761441230774 -0.8048224449157715
0.5628218650817871 1.1465163230895996 -0.7936906218528748
0.538386881351471 1.1754131317138672 -0.7672602534294128
0.5085241198539734 1.209576964378357 -0.7225260138511658
0.47163429856300354 1.2501804828643799 -0.6560744047164917
0.42603766918182373 1.2984081506729126 -0.564190149307251
0.37003836035728455 1.3553881645202637 -0.4430532455444336
0.30204203724861145 1.422080636024475 -0.2890634834766388
0.22072909772396088 1.4991300106048584 -0.0993015393614769
1.4534525871276855 -0.9889382719993591 1.0251606702804565
1.3711236715316772 -0.7956205606460571 0.9986537098884583
1.3036409616470337 -0.6352714896202087 0.9777752757072449
1.247463583946228 -0.49977466464042664 0.960640013217926
1.200112223625183 -0.3834247589111328 0.945823609828949
1.1598024368286133 -0.28209030628204346 0.9321908354759216
1.1252187490463257 -0.19270214438438416 0.9187889695167542
1.0953702926635742 -0.11292928457260132 0.904780387878418
1.0694986581802368 -0.04096755385398865 0.8894000053405762
1.047009825706482 0.024596011266112328 0.8719491958618164
1.0273678302764893 0.08478593826293945 0.8521239757537842
1.0100724697113037 0.1403435915708542 0.8299264907836914
0.9946865439414978 0.19186176359653473 0.8053630590438843
0.9808206558227539 0.23981629312038422 0.7784422039985657
0.9681211113929749 0.2845868468284607 0.7491810321807861
0.9562612771987915 0.3264736235141754 0.7176125049591064
0.9449344873428345 0.36570966243743896 0.6837924718856812
0.9338494539260864 0.4024708867073059 0.6478064060211182
0.9227925539016724 0.43691930174827576 0.609778881072998
0.9117266535758972 0.4692780375480652 0.5698699355125427
0.9006457924842834 0.4997730851173401 0.5282561779022217
0.8895480036735535 0.5286215543746948 0.48512914776802063
0.8784347176551819 0.5560328960418701 0.4406968057155609
0.8673112988471985 0.5822094082832336 0.39518386125564575
0.8561870455741882 0.607347309589386 0.3488326072692871
0.8450745344161987 0.6316360235214233 0.30190199613571167
0.8339875936508179 0.6552408337593079 0.25466188788414
0.8229145407676697 0.6781481504440308 0.20732997357845306
0.8118207454681396 0.7002624869346619 0.16005747020244598
0.800661563873291 0.7215098738670349 0.11294987052679062
0.7893823981285095 0.7418374419212341 0.06606736779212952
0.7779186964035034 0.7612109184265137 0.019426334649324417
0.7661949992179871 0.7796120047569275 -0.027000198140740395
0.754124641418457 0.7970358729362488 -0.07328079640865326
0.7416088581085205 0.8134899139404297 -0.11952672153711319
0.7285813093185425 0.8290559649467468 -0.16591201722621918
0.7150587439537048 0.8439226150512695 -0.21263761818408966
0.7010810971260071 0.8582695126533508 -0.25985145568847656
0.6867067813873291 0.8722553253173828 -0.3076392710208893
0.6720141172409058 0.8860218524932861 -0.3560228645801544
0.6571027040481567 0.8996930718421936 -0.40495699644088745
0.6420953273773193 0.9133759140968323 -0.4543255865573883
0.6271371841430664 0.9271593689918518 -0.5039409399032593
0.612359881401062 0.9411125779151917 -0.5534272193908691
0.5976788401603699 0.9552979469299316 -0.6016873121261597
0.5828908085823059 0.9698095321655273 -0.6474785208702087
0.5677499771118164 0.9847826361656189 -0.6897037625312805
0.5519660711288452 1.000396966934204 -0.7273876070976257
0.5351988077163696 1.0168824195861816 -0.7596374750137329
0.5170450806617737 1.0345277786254883 -0.7855929136276245
0.4970201551914215 1.0536973476409912 -0.8043618202209473
0.4745236039161682 1.074864387512207 -0.8149343729019165
0.44867610931396484 1.0989739894866943 -0.8158947229385376
0.4183134138584137 1.1275149583816528 -0.8052501678466797
0.38214072585105896 1.1621524095535278 -0.7805694341659546
0.33872148394584656 1.204738974571228 -0.7389544248580933
0.2864667475223541 1.2573440074920654 -0.6770133972167969
0.22363939881324768 1.3222593069076538 -0.5908571481704712
0.1483859121799469 1.4019776582717896 -0.47614550590515137
0.058800820261240005 1.499130129814148 -0.32820314168930054
1.4317384958267212 -1.0007380247116089 0.9354742765426636
1.3390367031097412 -0.8094581961631775 0.9131597876548767
1.264734148979187 -0.6534271836280823 0.8963836431503296
1.2037791013717651 -0.5227155685424805 0.8831039667129517
1.1528476476669312 -0.4107804000377655 0.8718498945236206
1.1096725463867188 -0.31315508484840393 0.8614824414253235
1.0726650953292847 -0.22671060264110565 0.8510575890541077
1.0406885147094727 -0.14921770989894867 0.8397474884986877
1.0129177570343018 -0.07907762378454208 0.8267932534217834
0.9887445569038391 -0.015146106481552124 0.8115032911300659
0.967633068561554 0.043458543717861176 0.7936108112335205
0.9490735530853271 0.0974745824933052 0.7731756567955017
0.9326208829879761 0.14750459790229797 0.75025874376297
0.9178776144981384 0.1940414160490036 0.724918782711029
0.9044827818870544 0.23748789727687836 0.6972218751907349
0.8921026587486267 0.27817264199256897 0.6672478914260864
0.8804237246513367 0.316361665725708 0.6350989937782288
0.8691479563713074 0.35226815938949585 0.6009054780006409
0.8580489754676819 0.38607296347618103 0.5648255944252014
0.8470630049705505 0.41796624660491943 0.5270232558250427
0.8361530303955078 0.44813647866249084 0.48766911029815674
0.8252849578857422 0.4767678678035736 0.44694361090660095
0.8144259452819824 0.5040406584739685 0.40503692626953125
0.8035458922386169 0.5301316380500793 0.362149715423584
0.7926164865493774 0.5552141070365906 0.3184930384159088
0.7816116809844971 0.5794581770896912 0.2742883861064911
0.7705077528953552 0.6030163764953613 0.22975951433181763
0.7592765092849731 0.6258984208106995 0.1850576102733612
0.7478834390640259 0.6480443477630615 0.14027267694473267
0.7362877130508423 0.6694063544273376 0.09546955674886703
0.7244425415992737 0.6899490356445312 0.05068809911608696
0.7122950553894043 0.7096482515335083 0.0059436531737446785
0.6997849941253662 0.7284897565841675 -0.038773294538259506
0.6868453621864319 0.7464680671691895 -0.08349615335464478
0.67340087890625 0.7635853290557861 -0.12828318774700165
0.6594104170799255 0.7799057364463806 -0.17323507368564606
0.644909679889679 0.7955853343009949 -0.21847565472126007
0.6299535036087036 0.8107748627662659 -0.26409396529197693
0.6146102547645569 0.8256115913391113 -0.31013715267181396
0.5989628434181213 0.8402188420295715 -0.3566097021102905
0.5831103324890137 0.8547085523605347 -0.40347281098365784
0.5671671032905579 0.8691788911819458 -0.4506416320800781
0.5512635111808777 0.8837156891822815 -0.49798649549484253
0.5355034470558167 0.8983882069587708 -0.5452370643615723
0.519738495349884 0.9132547974586487 -0.5915418267250061
0.5036913156509399 0.9283995032310486 -0.6359362602233887
0.4870460033416748 0.9439452290534973 -0.6775801181793213
0.4694436192512512 0.9600542783737183 -0.7157396674156189
0.4504753053188324 0.9769341945648193 -0.7497589588165283
0.42966699600219727 0.9948456287384033 -0.7790263891220093
0.40645813941955566 1.0141128301620483 -0.8029301166534424
0.38016897439956665 1.0351598262786865 -0.8208016753196716
0.34996968507766724 1.0590190887451172 -0.8316168785095215
0.3148892819881439 1.0874745845794678 -0.8338296413421631
0.2737939953804016 1.1225709915161133 -0.8255374431610107
0.22533804178237915 1.1666722297668457 -0.8044060468673706
0.16789942979812622 1.222577691078186 -0.767551064491272
0.09949526190757751 1.2936718463897705 -0.7113781571388245
0.0176717359572649 1.3841192722320557 -0.6313694715499878
-0.08065002411603928 1.499130129814148 -0.5217878222465515
1.407853603363037 -1.0116997957229614 0.8539625406265259
1.3078539371490479 -0.8220630288124084 0.8364989161491394
1.2292228937149048 -0.6699739098548889 0.8239710927009583
1.1654256582260132 -0.5436602830886841 0.8143863677978516
1.1123826503753662 -0.4357698857784271 0.806359052658081
1.0674387216567993 -0.3415200412273407 0.7988317012786865
1.0288141965866089 -0.257720947265625 0.7909265160560608
0.9952967762947083 -0.18223071098327637 0.7818642854690552
0.966060221195221 -0.11363496631383896 0.7709209322929382
0.9405415654182434 -0.0510389618575573 0.7574328184127808
0.9182370901107788 0.006289799697697163 0.7411705851554871
0.898638129234314 0.05906558409333229 0.7222387790679932
0.8812941312789917 0.10788583755493164 0.7007406949996948
0.8657997250556946 0.15325047075748444 0.6767774820327759
0.8517835140228271 0.1955794095993042 0.6504557132720947
0.8388991355895996 0.2352268248796463 0.6218956112861633
0.8268186450004578 0.2724916636943817 0.5912381410598755
0.8152285814285278 0.3076260983943939 0.558651864528656
0.8038867115974426 0.34083524346351624 0.5243211388587952
0.7927139401435852 0.3722846806049347 0.4884071946144104
0.7816579341888428 0.40213391184806824 0.45107126235961914
0.7706672549247742 0.4305414855480194 0.4124806523323059
0.7596909403800964 0.4576648771762848 0.37280863523483276
0.7486794590950012 0.483661025762558 0.33223509788513184
0.7375839948654175 0.5086857676506042 0.29094603657722473
0.7263569831848145 0.5328940749168396 0.24913336336612701
0.7149529457092285 0.5564281940460205 0.20698650181293488
0.7033347487449646 0.5793119072914124 0.16461454331874847
0.6914674639701843 0.6015085577964783 0.12207026779651642
0.6793125867843628 0.6229880452156067 0.07939302176237106
0.6668283343315125 0.6437280178070068 0.03660869970917702
0.6539690494537354 0.6637124419212341 -0.006270057056099176
0.6406848430633545 0.6829316020011902 -0.049244318157434464
0.6269217729568481 0.7013808488845825 -0.09232815355062485
0.6126212477684021 0.7190611958503723 -0.13554947078227997
0.597759485244751 0.7360240817070007 -0.17896267771720886
0.5823844075202942 0.7523986101150513 -0.22263792157173157
0.5665594339370728 0.7683123350143433 -0.26662302017211914
0.5503579378128052 0.7838828563690186 -0.3109385371208191
0.5338637828826904 0.7992191910743713 -0.3555777668952942
0.5171710848808289 0.8144211769104004 -0.4005064070224762
0.500385046005249 0.8295793533325195 -0.4456612169742584
0.4836212694644928 0.8447758555412292 -0.49095138907432556
0.4669598340988159 0.8600807785987854 -0.5361836552619934
0.4501998722553253 0.8755601644515991 -0.5807179808616638
0.43300727009773254 0.8913034796714783 -0.62382972240448
0.41501444578170776 0.907433271408081 -0.6648944020271301
0.395816445350647 0.9241065382957458 -0.7033759355545044
0.37496256828308105 0.9415183067321777 -0.7388080358505249
0.35194194316864014 0.9599073529243469 -0.7707733511924744
0.32616356015205383 0.9795663952827454 -0.7988771796226501
0.29692915081977844 1.000874400138855 -0.8227097392082214
0.2634887397289276 1.0249069929122925 -0.8415259122848511
0.22503311932086945 1.053633689880371 -0.8541070222854614
0.18053430318832397 1.089348554611206 -0.8589950203895569
0.12865418195724487 1.1347754001617432 -0.8544033765792847
0.06761681288480759 1.193286657333374 -0.8380579352378845
-0.004987950902432203 1.2692323923110962 -0.806958794593811
-0.09251309186220169 1.3684537410736084 -0.7570040225982666
-0.1997683346271515 1.499130129814148 -0.6823735237121582
1.382770299911499 -1.021933674812317 0.7791874408721924
1.277936339378357 -0.8337268233299255 0.7670257091522217
1.1967878341674805 -0.6852105259895325 0.7587396502494812
1.1314597129821777 -0.562881350517273 0.7525988221168518
1.077252745628357 -0.4586608111858368 0.7474218010902405
1.03122079372406 -0.36748600006103516 0.7423020005226135
0.9914648532867432 -0.2861085534095764 0.7364717721939087
0.9567504525184631 -0.2124536633491516 0.7292311191558838
0.9262928366661072 -0.14526134729385376 0.7199131846427917
0.8996129631996155 -0.08385413885116577 0.7078999876976013
0.8762624263763428 -0.02764246240258217 0.6929993629455566
0.855739414691925 0.02405146136879921 0.6753482222557068
0.8375906348228455 0.07181044667959213 0.6550828218460083
0.8214025497436523 0.11613480746746063 0.6323376893997192
0.8067914843559265 0.15745732188224792 0.60725337266922
0.7933943271636963 0.1961553543806076 0.5799834132194519
0.780864417552948 0.2325599491596222 0.5507016777992249
0.7688665390014648 0.2669631242752075 0.5196080803871155
0.757140040397644 0.29959750175476074 0.4869067668914795
0.7455991506576538 0.33061105012893677 0.4527517259120941
0.7341862320899963 0.36014077067375183 0.41729095578193665
0.7228434681892395 0.3883250653743744 0.3806770145893097
0.711513102054596 0.41530361771583557 0.3430665135383606
0.7001374959945679 0.44121748208999634 0.30461984872817993
0.6886593699455261 0.4662085473537445 0.2655014991760254
0.6770216226577759 0.4904196858406067 0.2258790284395218
0.6651691198348999 0.5139835476875305 0.18591509759426117
0.6530593633651733 0.5369304418563843 0.14569279551506042
0.6406554579734802 0.5592357516288757 0.10524400323629379
0.6279184818267822 0.5808788537979126 0.06459303200244904
0.6148076057434082 0.6018446087837219 0.02375655248761177
0.6012797951698303 0.6221213340759277 -0.017256181687116623
0.5872891545295715 0.6417019963264465 -0.058443885296583176
0.5727881193161011 0.6605833768844604 -0.09981253743171692
0.5577260255813599 0.6787654161453247 -0.1413760930299759
0.5420885682106018 0.6962910294532776 -0.18316258490085602
0.525931715965271 0.7132689952850342 -0.22520573437213898
0.5093241333961487 0.7298091053962708 -0.26752492785453796
0.4923415184020996 0.7460143566131592 -0.31012222170829773
0.47506651282310486 0.7619816660881042 -0.35298237204551697
0.4575890600681305 0.7778018116950989 -0.3960731327533722
0.4400061368942261 0.7935593724250793 -0.4393444359302521
0.42242127656936646 0.8093321919441223 -0.4827289581298828
0.4048963487148285 0.8251929879188538 -0.5260889530181885
0.3871925473213196 0.841224730014801 -0.568967342376709
0.3689364492893219 0.8575350642204285 -0.6108485460281372
0.34972861409187317 0.8742571473121643 -0.6512922644615173
0.3291394114494324 0.8915515542030334 -0.6899269819259644
0.3067023754119873 0.9096089005470276 -0.7264390587806702
0.2819015085697174 0.9286550879478455 -0.7605616450309753
0.2541554570198059 0.9489572048187256 -0.7920606732368469
0.22279833257198334 0.9708550572395325 -0.820709764957428
0.1871754676103592 0.995435893535614 -0.8459426164627075
0.14659416675567627 1.024770736694336 -0.8667615652084351
0.10007227212190628 1.0613038539886475 -0.8820649981498718
0.04620743542909622 1.1080033779144287 -0.8905653357505798
-0.017015988007187843 1.1686770915985107 -0.8906337022781372
-0.092547208070755 1.248495101928711 -0.8800556063652039
-0.1848217397928238 1.3548789024353027 -0.8556215167045593
-0.30078163743019104 1.499130129814148 -0.8123916983604431
1.357451319694519 -1.0315507650375366 0.7097033858299255
1.2495958805084229 -0.844738781452179 0.7031069397926331
1.1671103239059448 -0.6994262337684631 0.6989785432815552
1.101037859916687 -0.5806248188018799 0.696033775806427
1.0462064743041992 -0.47965919971466064 0.6933839917182922
0.9994682669639587 -0.3912404179573059 0.6903215646743774
0.9588559865951538 -0.3120693564414978 0.6862167119979858
0.9231452941894531 -0.24012009799480438 0.6804673671722412
0.8916140198707581 -0.17425298690795898 0.6724792122840881
0.8638849258422852 -0.11396784335374832 0.6616927981376648
0.8395751118659973 -0.05880102887749672 0.6479532718658447
0.8181930780410767 -0.008115625008940697 0.6314209699630737
0.7992855906486511 0.03865225613117218 0.6122578978538513
0.7824316024780273 0.08199997991323471 0.590625524520874
0.7672344446182251 0.12237062305212021 0.566692590713501
0.7533139586448669 0.16016289591789246 0.540640652179718
0.7403019666671753 0.19573882222175598 0.5126708149909973
0.7278392314910889 0.22942958772182465 0.4830086827278137
0.7156457304954529 0.2614966928958893 0.4518730342388153
0.7036340236663818 0.2920757830142975 0.4194064438343048
0.691746711730957 0.3212861120700836 0.38574182987213135
0.6799260973930359 0.3492499887943268 0.35101523995399475
0.6681140065193176 0.37609243392944336 0.3153661787509918
0.6562514901161194 0.4019409418106079 0.27893656492233276
0.6442798376083374 0.4269251823425293 0.24187150597572327
0.6321403384208679 0.4511767625808716 0.20431767404079437
0.6197752952575684 0.4748190939426422 0.1664162278175354
0.6071395874023438 0.4978824555873871 0.1282346546649933
0.5941938161849976 0.5203468799591064 0.08979438990354538
0.5808972716331482 0.5421953797340393 0.05111163854598999
0.5672078132629395 0.5634153485298157 0.012197213247418404
0.5530816316604614 0.5839973092079163 -0.026943271979689598
0.5384730696678162 0.6039355397224426 -0.0663098692893982
0.5233352184295654 0.6232272982597351 -0.10590765625238419
0.5076195597648621 0.6418731808662415 -0.1457473337650299
0.49131476879119873 0.6599099040031433 -0.18584415316581726
0.4744810461997986 0.677432119846344 -0.22620803117752075
0.45718926191329956 0.6945359110832214 -0.2668391168117523
0.4395154118537903 0.7113128304481506 -0.30772626399993896
0.4215400815010071 0.7278502583503723 -0.34884756803512573
0.40334856510162354 0.7442314028739929 -0.3901704251766205
0.38503116369247437 0.760534942150116 -0.43165087699890137
0.3666822016239166 0.7768349051475525 -0.4732345938682556
0.34835025668144226 0.793205738067627 -0.5148223042488098
0.3297719359397888 0.8097540736198425 -0.556113064289093
0.31055134534835815 0.8266138434410095 -0.5967718958854675
0.29027438163757324 0.8439367413520813 -0.6365152597427368
0.268505722284317 0.861894428730011 -0.6751089096069336
0.2447839081287384 0.8806798458099365 -0.7123620510101318
0.21861223876476288 0.9005113244056702 -0.7481226325035095
0.1894477754831314 0.9216371774673462 -0.7822707295417786
0.15668985247612 0.9443632960319519 -0.814700722694397
0.11977691948413849 0.9697665572166443 -0.844948947429657
0.07808196544647217 0.9999626278877258 -0.8721618056297302
0.03061504475772381 1.0374798774719238 -0.895519495010376
-0.02413906343281269 1.0854485034942627 -0.9141747951507568
-0.08847390860319138 1.1480059623718262 -0.9271268844604492
-0.16590535640716553 1.23099946975708 -0.9330287575721741
-0.2619906961917877 1.3432633876800537 -0.929861307144165
-0.38595932722091675 1.499130129814148 -0.9143165349960327
1.3328112363815308 -1.0406618118286133 0.6440975069999695
1.2230859994888306 -0.8553792834281921 0.6431584358215332
1.1398736238479614 -0.7128982543945312 0.6430781483650208
1.073401927947998 -0.5971158742904663 0.6431437730789185
1.0181643962860107 -0.4989292323589325 0.6428114771842957
0.9708802103996277 -0.4128933548927307 0.6415948867797852
0.9295458793640137 -0.33567553758621216 0.6390138268470764
0.89295893907547 -0.26528602838516235 0.6345716118812561
0.8604609370231628 -0.20067334175109863 0.6277529001235962
0.8317726254463196 -0.1414702832698822 0.6180621385574341
0.8065741658210754 -0.08731355518102646 0.6053808927536011
0.7843868732452393 -0.03760393708944321 0.5898887515068054
0.7647588849067688 0.008204592391848564 0.5717689990997314
0.7472642660140991 0.05060647428035736 0.5512067079544067
0.7314944863319397 0.09005425125360489 0.528394341468811
0.7170535922050476 0.1269666999578476 0.5035374760627747
0.703554093837738 0.16173507273197174 0.476860374212265
0.6906141042709351 0.1947275698184967 0.44860970973968506
0.6779355406761169 0.22623389959335327 0.41901418566703796
0.6654297113418579 0.25638100504875183 0.38820353150367737
0.6530411839485168 0.28527361154556274 0.3562934696674347
0.6407132744789124 0.31302008032798767 0.32340314984321594
0.6283890604972839 0.3397320806980133 0.28965461254119873
0.6160106062889099 0.3655242919921875 0.2551725208759308
0.6035201549530029 0.39051398634910583 0.22008399665355682
0.5908594131469727 0.41482076048851013 0.1845177412033081
0.5779715180397034 0.43855732679367065 0.14859731495380402
0.5648112297058105 0.46175095438957214 0.11238081008195877
0.5513390302658081 0.4843832850456238 0.07588537037372589
0.5375141501426697 0.5064393281936646 0.0391233004629612
0.5232940316200256 0.5279082655906677 0.002101780381053686
0.5086349844932556 0.5487825274467468 -0.03517675772309303
0.4934912919998169 0.569058895111084 -0.07271527498960495
0.4778158962726593 0.5887365341186523 -0.11052139103412628
0.46156027913093567 0.6078189015388489 -0.1486079841852188
0.44471341371536255 0.6263397336006165 -0.18698549270629883
0.4273347854614258 0.6443815231323242 -0.22564920783042908
0.40949368476867676 0.6620286703109741 -0.26458674669265747
0.3912630081176758 0.6793625950813293 -0.3037780225276947
0.3727189302444458 0.6964607834815979 -0.34319570660591125
0.3539409339427948 0.713398277759552 -0.3828054964542389
0.3350120186805725 0.7302464246749878 -0.4225653409957886
0.3160180449485779 0.7470735311508179 -0.4624266028404236
0.2969970107078552 0.7639532089233398 -0.5023159384727478
0.2776716649532318 0.7810177206993103 -0.5420607328414917
0.25763675570487976 0.7984300851821899 -0.5814757347106934
0.23647639155387878 0.8163648247718811 -0.6204077005386353
0.21376241743564606 0.835008442401886 -0.6587347388267517
0.18905147910118103 0.8545606136322021 -0.696363091468811
0.16187936067581177 0.8752366900444031 -0.7332271337509155
0.13175466656684875 0.8972707986831665 -0.7692854404449463
0.09815321862697601 0.9209417104721069 -0.8045072555541992
0.0605899877846241 0.9473055601119995 -0.8384856581687927
0.018459206447005272 0.9784931540489197 -0.8704706430435181
-0.029272926971316338 1.0170814990997314 -0.8998722434043884
-0.08425259590148926 1.0663151741027832 -0.9262251257896423
-0.1490413397550583 1.1305855512619019 -0.9491065144538879
-0.22767098248004913 1.2162871360778809 -0.9680284857749939
-0.3267180025577545 1.3334498405456543 -0.9822770953178406
-0.4575638473033905 1.4991199970245361 -0.9906197190284729
1.3092010021209717 -1.049357533454895 0.5814902782440186
1.198339819908142 -0.8658173084259033 0.5861160159111023
1.1147000789642334 -0.725833535194397 0.5899370312690735
1.047957181930542 -0.6125860214233398 0.5928679704666138
0.9923880100250244 -0.516713559627533 0.594725489616394
0.944629430770874 -0.4326842129230499 0.5952481031417847
0.9026602506637573 -0.35715243220329285 0.5941037535667419
0.8653005957603455 -0.2881573438644409 0.5909000039100647
0.8319472670555115 -0.22470998764038086 0.5851993560791016
0.8024027943611145 -0.16653640568256378 0.576568603515625
0.7764027714729309 -0.11334788799285889 0.5649240612983704
0.7534807920455933 -0.06457656621932983 0.5504622459411621
0.733188271522522 -0.019691070541739464 0.5333855748176575
0.7150953412055969 0.021801376715302467 0.513899564743042
0.6987849473953247 0.06036267429590225 0.49221792817115784
0.6838480830192566 0.09643036127090454 0.4685671031475067
0.6698803305625916 0.13042248785495758 0.44319072365760803
0.6564806699752808 0.1627410650253296 0.4163528382778168
0.6433348059654236 0.1937021017074585 0.38828912377357483
0.6303529143333435 0.22342631220817566 0.35911545157432556
0.6174799203872681 0.25200632214546204 0.32893040776252747
0.6046604514122009 0.2795383334159851 0.29783642292022705
0.5918382406234741 0.3061215281486511 0.26593899726867676
0.5789566040039062 0.3318578898906708 0.233346626162529
0.5659587383270264 0.35685208439826965 0.20017045736312866
0.552787721157074 0.3812106251716614 0.1665237694978714
0.5393880605697632 0.40503400564193726 0.1325158327817917
0.5257171988487244 0.4283454716205597 0.09819949418306351
0.5117388367652893 0.45112767815589905 0.06359119713306427
0.4974147379398346 0.4733676016330719 0.028701934963464737
0.482704758644104 0.49505680799484253 -0.006463006138801575
0.4675668179988861 0.5161912441253662 -0.0419037826359272
0.45195677876472473 0.5367713570594788 -0.07762660086154938
0.4358285069465637 0.5568010210990906 -0.11364303529262543
0.4191337823867798 0.5762884616851807 -0.14997056126594543
0.40186017751693726 0.5952674150466919 -0.18661978840827942
0.3840625286102295 0.6138097643852234 -0.2235780656337738
0.3658045828342438 0.6319893002510071 -0.2608257234096527
0.34715303778648376 0.6498764157295227 -0.29833701252937317
0.32817745208740234 0.6675391793251038 -0.3360806107521057
0.30894994735717773 0.6850428581237793 -0.3740198612213135
0.2895457148551941 0.7024498581886292 -0.41211193799972534
0.27004221081733704 0.7198196649551392 -0.4503088593482971
0.2504689693450928 0.7372229695320129 -0.48855429887771606
0.23054227232933044 0.7548155188560486 -0.526776134967804
0.20985636115074158 0.7727895379066467 -0.5649095177650452
0.18800164759159088 0.7913426756858826 -0.6029054522514343
0.1645641028881073 0.8106776475906372 -0.6407315135002136
0.13912442326545715 0.8310027718544006 -0.6783698797225952
0.11125528067350388 0.8525338768959045 -0.7158185839653015
0.08051855862140656 0.8754950165748596 -0.753089964389801
0.0464639849960804 0.9001426696777344 -0.790197491645813
0.008663986809551716 0.9275104403495789 -0.8267693519592285
-0.033493831753730774 0.9597309231758118 -0.8621408343315125
-0.08110139518976212 0.9994122982025146 -0.8959147930145264
-0.13592834770679474 1.049885630607605 -0.9279512166976929
-0.20076364278793335 1.1157394647598267 -0.9583318829536438
-0.28006210923194885 1.203805923461914 -0.9873529672622681
-0.3812391459941864 1.325087070465088 -1.0155643224716187
-0.5175036787986755 1.4989166259765625 -1.0439175367355347
1.2865121364593506 -1.0577110052108765 0.5214400291442871
1.1750664710998535 -0.8761224746704102 0.5313873887062073
1.091200828552246 -0.7383662462234497 0.53891921043396
1.0242667198181152 -0.6272525191307068 0.5445770025253296
0.9684184193611145 -0.5333027839660645 0.5485294461250305
0.9202496409416199 -0.4509548246860504 0.5507298707962036
0.8777348399162292 -0.37686824798583984 0.5509875416755676
0.8397150635719299 -0.3091072142124176 0.5490081906318665
0.805631160736084 -0.2467261552810669 0.5444274544715881
0.7753502726554871 -0.1895134598016739 0.5368700623512268
0.7486530542373657 -0.1372338980436325 0.526283323764801
0.7250853180885315 -0.0893455371260643 0.5128790736198425
0.7042021751403809 -0.045328978449106216 0.49687668681144714
0.6855714917182922 -0.004692078568041325 0.47849956154823303
0.6687688827514648 0.03303588554263115 0.4579800069332123
0.6533745527267456 0.06830946356058121 0.43556228280067444
0.638969898223877 0.10157071053981781 0.41150641441345215
0.6251371502876282 0.13325174152851105 0.38609054684638977
0.6115484833717346 0.16369237005710602 0.3595551550388336
0.5981122851371765 0.1930091381072998 0.33200252056121826
0.5847745537757874 0.22128517925739288 0.30351534485816956
0.571480929851532 0.24860626459121704 0.27418050169944763
0.5581763386726379 0.2750605046749115 0.2440883070230484
0.5448058843612671 0.30073827505111694 0.2133328765630722
0.5313147306442261 0.32573187351226807 0.18201155960559845
0.5176478028297424 0.350134938955307 0.15022452175617218
0.5037528276443481 0.374035507440567 0.11806973814964294
0.48959165811538696 0.39745160937309265 0.08559759706258774
0.47513291239738464 0.4203662574291229 0.052826281636953354
0.46034255623817444 0.44276753067970276 0.019767293706536293
0.4451839327812195 0.4646497666835785 -0.013574762269854546
0.42961764335632324 0.48601239919662476 -0.04720207676291466
0.41360151767730713 0.5068607330322266 -0.08112413436174393
0.3970901668071747 0.5272043943405151 -0.11535721272230148
0.3800355792045593 0.5470580458641052 -0.14992479979991913
0.3624219298362732 0.5664568543434143 -0.1848408728837967
0.3442969024181366 0.5854651927947998 -0.2200901061296463
0.32571661472320557 0.6041473746299744 -0.2556495666503906
0.30674025416374207 0.6225646138191223 -0.2914904057979584
0.2874298095703125 0.6407753229141235 -0.32757848501205444
0.26785004138946533 0.6588349938392639 -0.363874226808548
0.2480689436197281 0.6767962574958801 -0.4003322720527649
0.22815707325935364 0.6947088837623596 -0.4369020164012909
0.20813792943954468 0.7126379609107971 -0.47353607416152954
0.18772712349891663 0.7307605743408203 -0.510239839553833
0.16652411222457886 0.7492964863777161 -0.5470425486564636
0.1441301852464676 0.7684652805328369 -0.5839771032333374
0.12014911323785782 0.7884863018989563 -0.6210811734199524
0.09418787062168121 0.8095775246620178 -0.6583954095840454
0.06585602462291718 0.8319568037986755 -0.6959648132324219
0.0347660630941391 0.8558406233787537 -0.733837902545929
0.0005342010990716517 0.8814676403999329 -0.7720533013343811
-0.03722415491938591 0.9098483920097351 -0.8102638125419617
-0.07914091646671295 0.9431076645851135 -0.8478793501853943
-0.12636539340019226 0.9838732481002808 -0.8846640586853027
-0.18077008426189423 1.0355404615402222 -0.9207456111907959
-0.2453206181526184 1.1028509140014648 -0.9566275477409363
-0.32479310035705566 1.1929781436920166 -0.9932748079299927
-0.4272456467151642 1.317696213722229 -1.0323585271835327
-0.5673286318778992 1.498193383216858 -1.0768697261810303
1.2646232843399048 -1.0657941102981567 0.4635223150253296
1.1530029773712158 -0.8863521218299866 0.4784635007381439
1.0690429210662842 -0.7506067752838135 0.4895000755786896
1.0019638538360596 -0.6412967443466187 0.49776047468185425
0.9458734393119812 -0.5489426851272583 0.5037400722503662
0.8973520994186401 -0.46799880266189575 0.5075910091400146
0.8543784618377686 -0.3951452970504761 0.5092524886131287
0.8158114552497864 -0.32846951484680176 0.5085205435752869
0.7811245322227478 -0.2670550048351288 0.5050973892211914
0.750231921672821 -0.21072813868522644 0.49865901470184326
0.722949206829071 -0.15929014980793 0.48918014764785767
0.6988328695297241 -0.11222023516893387 0.47688567638397217
0.6774419546127319 -0.06900870054960251 0.46200963854789734
0.6583424806594849 -0.02916347235441208 0.444791316986084
0.6411043405532837 0.007794249802827835 0.4254787266254425
0.625298261642456 0.042333945631980896 0.40433141589164734
0.6104939579963684 0.07491863518953323 0.3816232681274414
0.5962592363357544 0.10600651055574417 0.35764363408088684
0.5822545289993286 0.13595831394195557 0.3326365351676941
0.5683873295783997 0.1648881435394287 0.30669212341308594
0.5546050667762756 0.19287171959877014 0.2798789143562317
0.5408550500869751 0.21998625993728638 0.2522699236869812
0.5270842909812927 0.2463105320930481 0.22394239902496338
0.5132407546043396 0.2719246745109558 0.19497796893119812
0.4992723762989044 0.2969096601009369 0.16546231508255005
0.4851277768611908 0.3213474750518799 0.1354847252368927
0.47075867652893066 0.3453139662742615 0.1051340326666832
0.4561326801776886 0.3688215911388397 0.07446010410785675
0.44122400879859924 0.3918520510196686 0.043484173715114594
0.4260035753250122 0.414394348859787 0.012219429947435856
0.4104383587837219 0.4364446997642517 -0.019329428672790527
0.3944917321205139 0.45800602436065674 -0.051166076213121414
0.3781227171421051 0.47908827662467957 -0.08330307900905609
0.3612864017486572 0.49970707297325134 -0.11576148122549057
0.34393370151519775 0.5198842287063599 -0.1485712230205536
0.326044499874115 0.5396583676338196 -0.18175171315670013
0.30765771865844727 0.5590882897377014 -0.21528851985931396
0.2888210713863373 0.5782318115234375 -0.24915845692157745
0.2695856988430023 0.5971421599388123 -0.28333163261413574
0.2500065267086029 0.6158695220947266 -0.3177720010280609
0.23014172911643982 0.6344603300094604 -0.3524371087551117
0.21005363762378693 0.6529573798179626 -0.38727763295173645
0.18980804085731506 0.671400249004364 -0.42223823070526123
0.16942524909973145 0.6898472309112549 -0.4572747051715851
0.1486242264509201 0.708493709564209 -0.4924500584602356
0.1270132213830948 0.7275843620300293 -0.5278648734092712
0.10420694947242737 0.7473590970039368 -0.5636149644851685
0.0798281580209732 0.7680529952049255 -0.5997915863990784
0.0535096675157547 0.7898935675621033 -0.636479377746582
0.024895550683140755 0.8131017088890076 -0.6737579703330994
-0.006356530822813511 0.837888777256012 -0.7117001414299011
-0.04057332128286362 0.8644791841506958 -0.7503591179847717
-0.07810720056295395 0.8938602209091187 -0.789408266544342
-0.11961217224597931 0.9281420707702637 -0.828326404094696
-0.16628535091876984 0.9699616432189941 -0.8670098781585693
-0.2200756072998047 1.0227603912353516 -0.9058018922805786
-0.2840724289417267 1.0913945436477661 -0.94554203748703
-0.363273561000824 1.1832960844039917 -0.9877370595932007
-0.466185986995697 1.3108285665512085 -1.0349864959716797
-0.6084993481636047 1.4966166019439697 -1.092029094696045
1.243414044380188 -1.073677659034729 0.40731722116470337
1.131913423538208 -0.8965544104576111 0.42689478397369385
1.0479391813278198 -0.7626470923423767 0.4412374496459961
0.9807363152503967 -0.6548705697059631 0.4519965946674347
0.9244272708892822 -0.5638412237167358 0.4599606692790985
0.8756017684936523 -0.48406827449798584 0.4654605984687805
0.8322486281394958 -0.4122653901576996 0.46855318546295166
0.7932406663894653 -0.3465421795845032 0.4691157042980194
0.7580726742744446 -0.28600063920021057 0.466910183429718
0.7266897559165955 -0.23048600554466248 0.4616570472717285
0.6989311575889587 -0.17982155084609985 0.45335349440574646
0.6743630766868591 -0.1335037499666214 0.4422358572483063
0.6525476574897766 -0.091030552983284 0.42855069041252136
0.633049726486206 -0.05190965160727501 0.41255074739456177
0.6154343485832214 -0.015655212104320526 0.3944976329803467
0.5992640852928162 0.018215080723166466 0.37466365098953247
0.5840985774993896 0.05018196254968643 0.3533340394496918
0.5694933533668518 0.08072558790445328 0.3308078646659851
0.5550993084907532 0.11022453010082245 0.30733180046081543
0.540823757648468 0.13879139721393585 0.2829858362674713
0.5266168117523193 0.16649623215198517 0.2578265964984894
0.5124282836914062 0.19340959191322327 0.231915682554245
0.4982087016105652 0.2196025252342224 0.20531930029392242
0.48390936851501465 0.24514643847942352 0.1781085878610611
0.4694827198982239 0.2701128423213959 0.15035943686962128
0.45488229393959045 0.2945733666419983 0.12215211987495422
0.4400647282600403 0.3185930848121643 0.09356789290904999
0.42500409483909607 0.34217846393585205 0.0646570548415184
0.4096802771091461 0.36530935764312744 0.03544440492987633
0.39406847953796387 0.38797417283058167 0.005945282056927681
0.37813910841941833 0.41017046570777893 -0.023835044354200363
0.36185747385025024 0.43190398812294006 -0.053901221603155136
0.34518328309059143 0.45318880677223206 -0.08426845073699951
0.32807105779647827 0.4740463197231293 -0.11496209353208542
0.31046947836875916 0.49450498819351196 -0.1460181176662445
0.2923530638217926 0.5146079063415527 -0.17746205627918243
0.2737516760826111 0.5344115495681763 -0.20928286015987396
0.25470447540283203 0.5539688467979431 -0.24145914614200592
0.23525533080101013 0.5733280181884766 -0.27396151423454285
0.2154526710510254 0.5925322771072388 -0.3067527115345001
0.19534963369369507 0.6116201281547546 -0.33978763222694397
0.17500469088554382 0.630625307559967 -0.37301263213157654
0.15448109805583954 0.6495771408081055 -0.406366229057312
0.13379894196987152 0.6685267090797424 -0.43980368971824646
0.11268340051174164 0.6876844167709351 -0.4734286069869995
0.09075354039669037 0.7073166370391846 -0.5073938965797424
0.06763848662376404 0.7276815176010132 -0.5418417453765869
0.04297961667180061 0.7490281462669373 -0.5769033432006836
0.01643376424908638 0.7715935707092285 -0.6126959919929504
-0.012324539944529533 0.7956020832061768 -0.6493245363235474
-0.04359927400946617 0.8212624788284302 -0.6868788599967957
-0.07767044752836227 0.8487879037857056 -0.7254207134246826
-0.11486581712961197 0.879142165184021 -0.7646450400352478
-0.155857652425766 0.9144149422645569 -0.8040952086448669
-0.2018767148256302 0.9572425484657288 -0.8437759280204773
-0.25492042303085327 1.0110950469970703 -0.8841969966888428
-0.31815218925476074 1.080909013748169 -0.9264557361602783
-0.3966999053955078 1.1743007898330688 -0.9724739789962769
-0.49934136867523193 1.3040573596954346 -1.0255744457244873
-0.6424216032028198 1.493848204612732 -1.0918869972229004
1.2227652072906494 -1.0814309120178223 0.352412611246109
1.111587405204773 -0.906768798828125 0.37628403306007385
1.0276387929916382 -0.7745619416236877 0.3937596380710602
0.9603145122528076 -0.6681010127067566 0.40693944692611694
0.9037979245185852 -0.578175961971283 0.41686785221099854
0.8547060489654541 -0.4993821680545807 0.42403465509414673
0.8110412359237671 -0.42847761511802673 0.42860153317451477
0.7716865539550781 -0.3635944128036499 0.4305194020271301
0.7361475229263306 -0.3038441240787506 0.42960280179977417
0.7043843865394592 -0.2490754872560501 0.4256102740764618
0.676250696182251 -0.19912229478359222 0.4185575842857361
0.6513201594352722 -0.1534944474697113 0.4086901843547821
0.6291576623916626 -0.11169599741697311 0.3962651491165161
0.6093267798423767 -0.07323414832353592 0.3815464377403259
0.5913882255554199 -0.03761715441942215 0.3648070693016052
0.5748980641365051 -0.004352089948952198 0.34633028507232666
0.5594068765640259 0.027056287974119186 0.32641106843948364
0.5444601774215698 0.05710606649518013 0.3053566813468933
0.5297009348869324 0.08619028329849243 0.2834164500236511
0.5150381922721863 0.11442047357559204 0.26066261529922485
0.5004251599311829 0.1418621838092804 0.23714251816272736
0.48581603169441223 0.16858062148094177 0.2129085659980774
0.47116562724113464 0.19464074075222015 0.18801824748516083
0.45643019676208496 0.22010694444179535 0.16253402829170227
0.44156748056411743 0.24504314363002777 0.13652369379997253
0.4265367388725281 0.26951250433921814 0.1100597232580185
0.41130101680755615 0.29357147216796875 0.08321686834096909
0.39584028720855713 0.3172205984592438 0.056045763194561005
0.38013923168182373 0.3404368460178375 0.028574565425515175
0.36417683959007263 0.3632075786590576 0.0008207016508094966
0.3479258418083191 0.3855307400226593 -0.027209755033254623
0.33135250210762024 0.40741389989852905 -0.05552200973033905
0.3144164979457855 0.42887455224990845 -0.08413326740264893
0.29707053303718567 0.44993865489959717 -0.11307228356599808
0.27926018834114075 0.47064074873924255 -0.1423799693584442
0.26095396280288696 0.49102866649627686 -0.172087624669075
0.24217292666435242 0.5111588835716248 -0.2021888941526413
0.222948357462883 0.5310825109481812 -0.23266546428203583
0.2033175528049469 0.550844132900238 -0.26348933577537537
0.1833237260580063 0.5704818367958069 -0.29462283849716187
0.1630163937807083 0.590027928352356 -0.32601869106292725
0.14245201647281647 0.6095079183578491 -0.35761889815330505
0.12169356644153595 0.6289417743682861 -0.38935574889183044
0.10076320171356201 0.648373007774353 -0.4211813807487488
0.07939442247152328 0.6680242419242859 -0.4532264769077301
0.05721834674477577 0.6881799101829529 -0.4856804311275482
0.03387850150465965 0.7091137170791626 -0.5187181830406189
0.009033696725964546 0.731087327003479 -0.5524991154670715
-0.017637992277741432 0.7543469071388245 -0.5871652960777283
-0.04643630608916283 0.7791209816932678 -0.622839629650116
-0.07763416320085526 0.8056170344352722 -0.6596246957778931
-0.11147508025169373 0.8340407013893127 -0.6975889205932617
-0.14826752245426178 0.8653323650360107 -0.7364514470100403
-0.1886947751045227 0.901553750038147 -0.7758173942565918
-0.23400571942329407 0.9453303217887878 -0.8157783150672913
-0.286219984292984 1.0001436471939087 -0.856968879699707
-0.3485308885574341 1.070978045463562 -0.9006731510162354
-0.4261181056499481 1.1655670404434204 -0.9491143226623535
-0.5278764963150024 1.2969717979431152 -1.0061426162719727
-0.6704677939414978 1.4895474910736084 -1.0789170265197754
1.2025601863861084 -1.0891212224960327 0.29840585589408875
1.0918346643447876 -0.9170270562171936 0.3262811601161957
1.0079231262207031 -0.7864115238189697 0.34675735235214233
0.9404651522636414 -0.6810942888259888 0.36230942606925964
0.883741021156311 -0.5920993089675903 0.37420299649238586
0.8344076871871948 -0.5141327977180481 0.3830680549144745
0.7904844284057617 -0.4440058767795563 0.3891608417034149
0.750859797000885 -0.3798728585243225 0.39249861240386963
0.7150419354438782 -0.3208484947681427 0.39294350147247314
0.6829918622970581 -0.26677221059799194 0.3902868926525116
0.6545687317848206 -0.21747872233390808 0.3845595419406891
0.6293518543243408 -0.17248792946338654 0.3760141432285309
0.6069081425666809 -0.13130846619606018 0.36491623520851135
0.5867998003959656 -0.09344702959060669 0.35153910517692566
0.5685837268829346 -0.0584070160984993 0.3361651599407196
0.5518102645874023 -0.025687076151371002 0.31908705830574036
0.5360227823257446 0.0052194842137396336 0.3006082773208618
0.5207582712173462 0.034824758768081665 0.28104367852211
0.5056537389755249 0.06353285163640976 0.26064571738243103
0.49062156677246094 0.09145386517047882 0.23948147892951965
0.47561970353126526 0.11864936351776123 0.21759159862995148
0.4606076180934906 0.14518018066883087 0.19502165913581848
0.4455457925796509 0.17110630869865417 0.1718222051858902
0.4303963780403137 0.19648697972297668 0.14804887771606445
0.41512325406074524 0.2213803231716156 0.12376237660646439
0.399692177772522 0.24584338068962097 0.09902827441692352
0.38407278060913086 0.2699262797832489 0.07391498982906342
0.3682502508163452 0.2936244308948517 0.04847279191017151
0.3522128462791443 0.3169117271900177 0.022732287645339966
0.33594202995300293 0.33977365493774414 -0.0032875328324735165
0.3194117248058319 0.3622077703475952 -0.029579881578683853
0.3025883734226227 0.3842228353023529 -0.05615023523569107
0.28543025255203247 0.40583810210227966 -0.08301691710948944
0.26788780093193054 0.42708322405815125 -0.11021094024181366
0.24990278482437134 0.44799745082855225 -0.13777649402618408
0.23143750429153442 0.4686330258846283 -0.16574953496456146
0.21250483393669128 0.4890481233596802 -0.1941286027431488
0.19312912225723267 0.509294331073761 -0.2228989601135254
0.17334198951721191 0.5294142365455627 -0.252034455537796
0.15318270027637482 0.5494429469108582 -0.2814977467060089
0.1326984316110611 0.5694075226783752 -0.3112397789955139
0.11194510012865067 0.5893270373344421 -0.3411989212036133
0.09098704159259796 0.6092128157615662 -0.3713018596172333
0.0698503777384758 0.6291012763977051 -0.4014964699745178
0.048278409987688065 0.6492239832878113 -0.43192997574806213
0.025914860889315605 0.6698805093765259 -0.462815523147583
0.002417314564809203 0.6913576126098633 -0.4943500757217407
-0.02253950573503971 0.7139279246330261 -0.5267131924629211
-0.04925937578082085 0.7378458380699158 -0.560063898563385
-0.07802116125822067 0.7633448243141174 -0.5945395231246948
-0.10907382518053055 0.7906336188316345 -0.6302531957626343
-0.14263395965099335 0.8199136853218079 -0.6672804951667786
-0.17899468541145325 0.85210120677948 -0.705367922782898
-0.21884194016456604 0.8892205953598022 -0.744178295135498
-0.2634282112121582 0.9338749647140503 -0.7838725447654724
-0.3147728443145752 0.9895400404930115 -0.8251739740371704
-0.3760630488395691 1.061215877532959 -0.8694941401481628
-0.45246759057044983 1.156691551208496 -0.9192591905593872
-0.5528757572174072 1.2891696691513062 -0.9786766767501831
-0.6939924359321594 1.4833731651306152 -1.055606484413147
1.182685136795044 -1.0968139171600342 0.24490568041801453
1.0724838972091675 -0.9273529052734375 0.2765791118144989
0.988599956035614 -0.7982425093650818 0.2999773919582367
0.9209846258163452 -0.6939383149147034 0.31788721680641174
0.864041805267334 -0.605742335319519 0.3317660093307495
0.8144787549972534 -0.5284903645515442 0.3423694670200348
0.7703320980072021 -0.4590528905391693 0.350040465593338
0.7304936051368713 -0.3956061601638794 0.35485804080963135
0.694465696811676 -0.33726242184638977 0.35672885179519653
0.6621997356414795 -0.2838418483734131 0.35547417402267456
0.6335525512695312 -0.23517155647277832 0.35113757848739624
0.6081070899963379 -0.19077840447425842 0.34397709369659424
0.5854315161705017 -0.15017424523830414 0.3342648148536682
0.5650867223739624 -0.11286506801843643 0.32228153944015503
0.5466263294219971 -0.07835052907466888 0.30831781029701233
0.5295955538749695 -0.046122852712869644 0.29267412424087524
0.513532280921936 -0.01566673070192337 0.27566221356391907
0.49796628952026367 0.013540301471948624 0.25760406255722046
0.4825305938720703 0.041909944266080856 0.2387564331293106
0.46714264154434204 0.06954970210790634 0.21918363869190216
0.4517669975757599 0.09651695936918259 0.19892200827598572
0.43636947870254517 0.12286845594644547 0.17801237106323242
0.42091724276542664 0.14866027235984802 0.15650002658367157
0.40537896752357483 0.17394769191741943 0.1344348043203354
0.3897252380847931 0.19878512620925903 0.11187116801738739
0.3739282488822937 0.22322586178779602 0.08886786550283432
0.3579639196395874 0.24731631577014923 0.0654866024851799
0.3418213725090027 0.27104827761650085 0.041775818914175034
0.32549095153808594 0.2943926751613617 0.017767086625099182
0.30895501375198364 0.31733301281929016 -0.006519961636513472
0.29218757152557373 0.33986592292785645 -0.031078198924660683
0.2751540541648865 0.3620000183582306 -0.05591312423348427
0.2578110098838806 0.3837558627128601 -0.08104348927736282
0.2401059865951538 0.4051647186279297 -0.10650110989809036
0.22197680175304413 0.4262687563896179 -0.1323315054178238
0.20337994396686554 0.44712379574775696 -0.15857341885566711
0.18432115018367767 0.4677913188934326 -0.18522977828979492
0.16481848061084747 0.48832398653030396 -0.21228906512260437
0.1448988914489746 0.5087647438049316 -0.23972725868225098
0.12459860742092133 0.5291463732719421 -0.2675074338912964
0.10396333783864975 0.5494925379753113 -0.2955794930458069
0.08304939419031143 0.5698168277740479 -0.32387930154800415
0.06192336603999138 0.5901235938072205 -0.352328896522522
0.04061631113290787 0.6104424595832825 -0.3808722496032715
0.018882382661104202 0.6310120820999146 -0.40966567397117615
-0.003621643641963601 0.6521432399749756 -0.4389365613460541
-0.027224529534578323 0.6741338968276978 -0.4688962996006012
-0.05223719775676727 0.6972662806510925 -0.4997381269931793
-0.07894811034202576 0.7218025326728821 -0.5316340327262878
-0.10761972516775131 0.7479819655418396 -0.5647331476211548
-0.13848353922367096 0.7760168313980103 -0.5991588234901428
-0.17173771560192108 0.806108295917511 -0.6349954009056091
-0.20766320824623108 0.839146077632904 -0.6720195412635803
-0.24694140255451202 0.8771067261695862 -0.709946870803833
-0.29081639647483826 0.9225566983222961 -0.748991072177887
-0.34129032492637634 0.9789463877677917 -0.7899344563484192
-0.4015178978443146 1.0512615442276 -0.8342679142951965
-0.4766122102737427 1.1472892761230469 -0.8845417499542236
-0.5753697156906128 1.2802574634552002 -0.9451824426651001
-0.7143424153327942 1.4749853610992432 -1.0244807004928589
1.1630297899246216 -1.1045713424682617 0.19153450429439545
1.0533819198608398 -0.9377632141113281 0.2269119769334793
0.9695016741752625 -0.8100881576538086 0.2532203495502472
0.9016973972320557 -0.7067036032676697 0.27351099252700806
0.8445146083831787 -0.6192167401313782 0.2894129753112793
0.7947173118591309 -0.5426051616668701 0.3017987906932831
0.7503618597984314 -0.4738028943538666 0.3110939860343933
0.710340142250061 -0.41100698709487915 0.31743812561035156
0.6741435527801514 -0.35332241654396057 0.3207820653915405
0.6417052149772644 -0.3005415201187134 0.32097741961479187
0.612873911857605 -0.2524770498275757 0.31807979941368103
0.5872347354888916 -0.20865967869758606 0.3123512268066406
0.5643559694290161 -0.16860291361808777 0.3040686547756195
0.5437973141670227 -0.13181200623512268 0.2935188114643097
0.5251095294952393 -0.09778361767530441 0.28099894523620605
0.5078340172767639 -0.06600537896156311 0.266817182302475
0.49150362610816956 -0.035955917090177536 0.2512926757335663
0.47564321756362915 -0.007105697877705097 0.23475556075572968
0.45988374948501587 0.02096116542816162 0.21746809780597687
0.4441494345664978 0.048347532749176025 0.19949381053447723
0.42841294407844543 0.07510552555322647 0.18086671829223633
0.4126476049423218 0.10128744691610336 0.16162444651126862
0.3968280851840973 0.1269458383321762 0.1418081670999527
0.3809298872947693 0.1521332561969757 0.1214626207947731
0.3649299144744873 0.1769019514322281 0.1006360575556755
0.3488064706325531 0.20130401849746704 0.07937999814748764
0.3325405418872833 0.22538504004478455 0.05774827301502228
0.31612321734428406 0.2491351068019867 0.0357854925096035
0.29954513907432556 0.27252307534217834 0.013522205874323845
0.2827881872653961 0.29553094506263733 -0.00902259536087513
0.2658252418041229 0.31815406680107117 -0.03184210881590843
0.2486201971769333 0.3404003977775574 -0.05494184419512749
0.23112742602825165 0.36229023337364197 -0.07834023982286453
0.21329164505004883 0.38385504484176636 -0.10206855088472366
0.195047527551651 0.4051377475261688 -0.1261715292930603
0.1763465702533722 0.4261963963508606 -0.15068857371807098
0.15718813240528107 0.44709572196006775 -0.17562541365623474
0.13758492469787598 0.4678906202316284 -0.2009730488061905
0.11755987256765366 0.48862436413764954 -0.2267090529203415
0.09714648872613907 0.5093290209770203 -0.25279712677001953
0.0763893648982048 0.5300257802009583 -0.27918681502342224
0.0553453154861927 0.5507240891456604 -0.30581235885620117
0.034083060920238495 0.5714224576950073 -0.3325929641723633
0.012638479471206665 0.5921449065208435 -0.3594699501991272
-0.009222703985869884 0.6131346225738525 -0.38660404086112976
-0.031830042600631714 0.6347119212150574 -0.4142313301563263
-0.05549886077642441 0.6571833491325378 -0.44257253408432007
-0.08052685111761093 0.6808395385742188 -0.4718310534954071
-0.10718944668769836 0.7059507369995117 -0.5021898150444031
-0.13573653995990753 0.7327632904052734 -0.5338090062141418
-0.1663874238729477 0.7614949345588684 -0.5668229460716248
-0.19932901859283447 0.7923510074615479 -0.6013281941413879
-0.234833225607872 0.8261911869049072 -0.6371316313743591
-0.2735724151134491 0.8649305105209351 -0.6739948391914368
-0.3167746961116791 0.9110821485519409 -0.712168276309967
-0.366414338350296 0.9680504202842712 -0.7524692416191101
-0.42559847235679626 1.0407758951187134 -0.796430766582489
-0.4993593394756317 1.1369929313659668 -0.8466680645942688
-0.5963512659072876 1.2698525190353394 -0.9077226519584656
-0.7328619956970215 1.464050531387329 -0.9881154894828796
1.1435426473617554 -1.1124389171600342 0.13812555372714996
1.0344295501708984 -0.9482516050338745 0.17717045545578003
0.9505132436752319 -0.8219522833824158 0.20640522241592407
0.8824796080589294 -0.7194232940673828 0.22911083698272705
0.8250259160995483 -0.632590651512146 0.24707378447055817
0.774976909160614 -0.5565788149833679 0.26127752661705017
0.7304087281227112 -0.48838695883750916 0.2722286581993103
0.690211832523346 -0.4262312352657318 0.28012773394584656
0.6538623571395874 -0.36920496821403503 0.2849716544151306
0.6212698817253113 -0.3170665502548218 0.286644846200943
0.5922708511352539 -0.2696082890033722 0.2852155864238739
0.5664507150650024 -0.22636167705059052 0.28094854950904846
0.5433777570724487 -0.1868402510881424 0.274124413728714
0.5226104259490967 -0.15054814517498016 0.2650347948074341
0.5036971569061279 -0.11697965115308762 0.25398269295692444
0.48617660999298096 -0.08561912178993225 0.24128340184688568
0.46957841515541077 -0.05594124272465706 0.22726395726203918
0.4534239172935486 -0.027412133291363716 0.2122630923986435
0.4373440742492676 0.00038502641837112606 0.19654984772205353
0.4212717115879059 0.027545813471078873 0.18018855154514313
0.40518873929977417 0.054115280508995056 0.16321194171905518
0.38907694816589355 0.0801403671503067 0.1456553339958191
0.3729182779788971 0.10566987097263336 0.1275561898946762
0.3566949963569641 0.13075412809848785 0.10895417630672455
0.34038951992988586 0.15544474124908447 0.08989091962575912
0.32398462295532227 0.1797945499420166 0.07040984183549881
0.3074643909931183 0.20385096967220306 0.05055541917681694
0.29082030057907104 0.2276049256324768 0.0303663183003664
0.2740410268306732 0.2510245740413666 0.00987006165087223
0.25710684061050415 0.2740912139415741 -0.010916389524936676
0.23998890817165375 0.29679927229881287 -0.031987305730581284
0.22264917194843292 0.31915560364723206 -0.05334826931357384
0.20504005253314972 0.34117910265922546 -0.07501684874296188
0.18710431456565857 0.3629000782966614 -0.09702254086732864
0.16877461969852448 0.384360134601593 -0.11940740793943405
0.14999891817569733 0.4056176543235779 -0.14220909774303436
0.13077101111412048 0.4267401695251465 -0.16543464362621307
0.11109880357980728 0.44778451323509216 -0.18907614052295685
0.09100145101547241 0.4687947630882263 -0.21311214566230774
0.07050981372594833 0.4898025393486023 -0.2375069558620453
0.049667034298181534 0.5108271837234497 -0.2622101604938507
0.028529735282063484 0.5318750739097595 -0.2871555984020233
0.007167783100157976 0.5529400706291199 -0.3122614622116089
-0.014379233121871948 0.5740417838096619 -0.3374681770801544
-0.03633368760347366 0.595426619052887 -0.3629388213157654
-0.059010960161685944 0.6174215078353882 -0.38891464471817017
-0.0827130675315857 0.6403405070304871 -0.41562318801879883
-0.10772539675235748 0.6644821166992188 -0.4432764947414398
-0.13431231677532196 0.6901241540908813 -0.47206729650497437
-0.1627141237258911 0.7175211906433105 -0.502167284488678
-0.19314241409301758 0.7468996047973633 -0.5337235927581787
-0.22577859461307526 0.7784722447395325 -0.5668473839759827
-0.2608891725540161 0.8130652904510498 -0.6013748645782471
-0.2991354763507843 0.8525163531303406 -0.6371029615402222
-0.3417264223098755 0.8992680907249451 -0.6743047833442688
-0.39060378074645996 0.956657350063324 -0.7138118147850037
-0.4488207995891571 1.0295498371124268 -0.7571696043014526
-0.521318256855011 1.1255769729614258 -0.8070122599601746
-0.6165883541107178 1.2577239274978638 -0.8679186105728149
-0.7506052851676941 1.4503729343414307 -0.9484878182411194
1.124301552772522 -1.1204277276992798 0.08498355746269226
1.0156296491622925 -0.9587742686271667 0.12754769623279572
0.9316068887710571 -0.8337888121604919 0.15964369475841522
0.863291323184967 -0.7320680618286133 0.18474017083644867
0.805529773235321 -0.6458544731140137 0.2047605961561203
0.7552069425582886 -0.5704195499420166 0.22078919410705566
0.710416853427887 -0.5028267502784729 0.23340864479541779
0.6700453758239746 -0.4413096606731415 0.24287788569927216
0.6335504055023193 -0.3849474787712097 0.24923928081989288
0.6008123755455017 -0.3334598243236542 0.2524097263813019
0.5716519355773926 -0.28661438822746277 0.25247031450271606
0.5456545948982239 -0.24394062161445618 0.2496880292892456
0.5223880410194397 -0.20495043694972992 0.24434655904769897
0.5014100074768066 -0.1691461056470871 0.2367415428161621
0.482268363237381 -0.13601985573768616 0.22718173265457153
0.4645000100135803 -0.10505356639623642 0.21598879992961884
0.4476330280303955 -0.07571934908628464 0.20349788665771484
0.43118739128112793 -0.04748104140162468 0.1900566667318344
0.41479623317718506 -0.01992340385913849 0.1759415864944458
0.39840200543403625 0.007039391901344061 0.16121791303157806
0.3819960057735443 0.03344348073005676 0.14591725170612335
0.36556845903396606 0.05932925269007683 0.1300724595785141
0.3491083085536957 0.08474113792181015 0.11371714621782303
0.3326031267642975 0.10972728580236435 0.09688548743724823
0.3160395324230194 0.13433918356895447 0.07961205393075943
0.29940280318260193 0.15863154828548431 0.06193139776587486
0.2826780080795288 0.182655468583107 0.043877795338630676
0.26585453748703003 0.20640435814857483 0.025482580065727234
0.2489188015460968 0.22984768450260162 0.006769127212464809
0.2318485528230667 0.25296688079833984 -0.012248408049345016
0.2146129310131073 0.27575597167015076 -0.031565677374601364
0.19717228412628174 0.2982207238674164 -0.05118829756975174
0.1794777661561966 0.3203783631324768 -0.07113243639469147
0.16147129237651825 0.3422568738460541 -0.09142483025789261
0.1430850327014923 0.3638949990272522 -0.1121034249663353
0.1242649257183075 0.3853501081466675 -0.1332024782896042
0.1050000712275505 0.4066918194293976 -0.15472878515720367
0.08529403805732727 0.427978515625 -0.1766747236251831
0.06516233086585999 0.44925495982170105 -0.19901931285858154
0.044633083045482635 0.4705524444580078 -0.2217274159193039
0.023747572675347328 0.49188902974128723 -0.2447493076324463
0.0025614192709326744 0.5132686495780945 -0.2680194675922394
-0.01885550655424595 0.5346819758415222 -0.2914569079875946
-0.04046130180358887 0.5561444759368896 -0.31500259041786194
-0.06246690824627876 0.5779047012329102 -0.338820219039917
-0.08517400175333023 0.6002943515777588 -0.36315327882766724
-0.10887225717306137 0.6236329674720764 -0.38823360204696655
-0.13383635878562927 0.6482256650924683 -0.4142794907093048
-0.1603219360113144 0.6743582487106323 -0.4414921700954437
-0.18856291472911835 0.7022942304611206 -0.47005409002304077
-0.2187674194574356 0.7322705388069153 -0.500125527381897
-0.25111663341522217 0.764510989189148 -0.5318334698677063
-0.2858746647834778 0.799805223941803 -0.5650408864021301
-0.32369133830070496 0.8399021625518799 -0.5995709300041199
-0.3657538592815399 0.8871588110923767 -0.6357053518295288
-0.4139678180217743 0.9448252320289612 -0.6742704510688782
-0.47132745385169983 1.0176618099212646 -0.7167962193489075
-0.5426731705665588 1.1131482124328613 -0.7658909559249878
-0.6363142728805542 1.2440087795257568 -0.8260920643806458
-0.7678569555282593 1.4341061115264893 -0.9059200286865234
1.1053684949874878 -1.1285573244094849 0.03238415718078613
0.9969809055328369 -0.9692932367324829 0.07822773605585098
0.912757933139801 -0.8455523252487183 0.11304855346679688
0.8441000580787659 -0.7446021437644958 0.14045880734920502
0.7859927415847778 -0.6589871048927307 0.16249562799930573
0.735373854637146 -0.5841193199157715 0.18033073842525482
0.6903514266014099 -0.5171236991882324 0.19461463391780853
0.6498035788536072 -0.45624950528144836 0.20565979182720184
0.6131651401519775 -0.4005594551563263 0.21355004608631134
0.580284059047699 -0.34973275661468506 0.2182326316833496
0.5509629249572754 -0.30350959300994873 0.2198004275560379
0.5247862339019775 -0.2614145576953888 0.21852301061153412
0.5013220310211182 -0.2229565978050232 0.21468691527843475
0.4801281690597534 -0.18763518333435059 0.20859166979789734
0.4607526659965515 -0.15494026243686676 0.20055097341537476
0.44273316860198975 -0.12435164302587509 0.1908930093050003
0.4255979657173157 -0.09533979743719101 0.17996056377887726
0.40886834263801575 -0.06736765801906586 0.16811025142669678
0.39218127727508545 -0.04002338647842407 0.15562565624713898
0.37548884749412537 -0.013232912868261337 0.14257210493087769
0.35879164934158325 0.01302935741841793 0.1289793699979782
0.3420872688293457 0.03879596292972565 0.11487703025341034
0.32537028193473816 0.06410617381334305 0.10029420256614685
0.3086323142051697 0.0890055000782013 0.0852590948343277
0.29186201095581055 0.1135452538728714 0.06979871541261673
0.2750450372695923 0.13778232038021088 0.05393839254975319
0.25816476345062256 0.16177204251289368 0.03770190477371216
0.24120773375034332 0.18551215529441833 0.021112928166985512
0.22415700554847717 0.20897457003593445 0.0041902619414031506
0.20698808133602142 0.23214231431484222 -0.013054887764155865
0.18966828286647797 0.25500962138175964 -0.030619531869888306
0.17215698957443237 0.27758145332336426 -0.04850903898477554
0.15440501272678375 0.2998731732368469 -0.06673769652843475
0.13635477423667908 0.3219100832939148 -0.08532878011465073
0.11793963611125946 0.34372735023498535 -0.10431516170501709
0.09910518676042557 0.365380197763443 -0.12372656911611557
0.0798364207148552 0.38693949580192566 -0.1435685157775879
0.06013299524784088 0.4084647595882416 -0.1638331562280655
0.04000699147582054 0.43000099062919617 -0.18449963629245758
0.019483670592308044 0.45157939195632935 -0.20553362369537354
-0.0013980112271383405 0.4732168912887573 -0.2268865406513214
-0.022584162652492523 0.49491575360298157 -0.2484946995973587
-0.0440061017870903 0.5166639089584351 -0.270279198884964
-0.065621018409729 0.5384741425514221 -0.29218313097953796
-0.08762969076633453 0.5605953931808472 -0.314369261264801
-0.11032133549451828 0.5833616256713867 -0.33708006143569946
-0.133975088596344 0.6070970296859741 -0.36054906249046326
-0.1588570773601532 0.6321122646331787 -0.38499823212623596
-0.18521687388420105 0.6587002277374268 -0.41063523292541504
-0.21328532695770264 0.6871342062950134 -0.4376513957977295
-0.24327102303504944 0.7176631093025208 -0.46621906757354736
-0.27535930275917053 0.7505236864089966 -0.49648070335388184
-0.3098154067993164 0.7864687442779541 -0.528323233127594
-0.3472772240638733 0.8271502256393433 -0.5615873336791992
-0.38890862464904785 0.8748283386230469 -0.5965514779090881
-0.43657615780830383 0.9326484203338623 -0.6340186595916748
-0.49320974946022034 1.0052381753921509 -0.6754761934280396
-0.5635387301445007 1.0998749732971191 -0.7234619855880737
-0.655664324760437 1.228921890258789 -0.7823910117149353
-0.7847549319267273 1.41549813747406 -0.8605414628982544
1.0867668390274048 -1.136862874031067 -0.019508637487888336
0.9784607887268066 -0.9797841906547546 0.02933313697576523
0.8939293026924133 -0.8572048544883728 0.06670121848583221
0.8248683214187622 -0.7569934129714966 0.09631404280662537
0.7663804888725281 -0.6719675064086914 0.12030023336410522
0.7154468894004822 -0.5976679921150208 0.13990508019924164
0.6701831221580505 -0.5312753915786743 0.155837744474411
0.6294552087783813 -0.47105225920677185 0.16845734417438507
0.5926722288131714 -0.4160439074039459 0.1778840273618698
0.5596463084220886 -0.3658888339996338 0.18409064412117004
0.530160665512085 -0.32029852271080017 0.18718069791793823
0.5037988424301147 -0.27879056334495544 0.18742673099040985
0.4801294803619385 -0.24086914956569672 0.1851184219121933
0.4587121903896332 -0.20603033900260925 0.18055914342403412
0.43909668922424316 -0.17376133799552917 0.17406730353832245
0.42082294821739197 -0.14354003965854645 0.16597703099250793
0.40342220664024353 -0.11483574658632278 0.1566382795572281
0.38641899824142456 -0.08711126446723938 0.14641590416431427
0.36945638060569763 -0.059959497302770615 0.1355997622013092
0.35249537229537964 -0.033319488167762756 0.12425372749567032
0.33554449677467346 -0.007177521008998156 0.11240416020154953
0.318607360124588 0.018490038812160492 0.10007636249065399
0.30168238282203674 0.043716344982385635 0.08729398250579834
0.2847632169723511 0.06854356080293655 0.07407868653535843
0.2678385078907013 0.09302225708961487 0.06044961139559746
0.25089195370674133 0.11721114069223404 0.04642295092344284
0.2339031994342804 0.14116981625556946 0.03201235085725784
0.21685457229614258 0.16490110754966736 0.01723410189151764
0.19972628355026245 0.18838098645210266 0.0021027594339102507
0.182491734623909 0.21159502863883972 -0.013373133726418018
0.16511714458465576 0.23453845083713531 -0.02919161692261696
0.1475616693496704 0.2572159171104431 -0.045357443392276764
0.12977702915668488 0.2796413004398346 -0.0618826262652874
0.11170744895935059 0.3018369972705841 -0.07878652215003967
0.09328915178775787 0.32383430004119873 -0.09609632194042206
0.07446875423192978 0.34568557143211365 -0.11383651942014694
0.05522797256708145 0.36746224761009216 -0.13201087713241577
0.035562869161367416 0.38922417163848877 -0.15061083436012268
0.015482312999665737 0.4110165238380432 -0.16961570084095
-0.004991418216377497 0.4328700304031372 -0.18899208307266235
-0.025822089985013008 0.4548008143901825 -0.20869319140911102
-0.046958278864622116 0.47680988907814026 -0.22865791618824005
-0.06833353638648987 0.49888309836387634 -0.24881097674369812
-0.08990563452243805 0.521031379699707 -0.2690986692905426
-0.11186684668064117 0.5435024499893188 -0.2896811068058014
-0.1344960480928421 0.566631555557251 -0.3107975721359253
-0.15806393325328827 0.5907456278800964 -0.33268028497695923
-0.18283061683177948 0.6161595582962036 -0.3555523455142975
-0.20904238522052765 0.6431735754013062 -0.3796251118183136
-0.23693014681339264 0.6720702648162842 -0.40509670972824097
-0.26670628786087036 0.7031114101409912 -0.43214932084083557
-0.2985641658306122 0.7365487217903137 -0.4609392583370209
-0.3327731490135193 0.7730978727340698 -0.49137407541275024
-0.3699604570865631 0.8143110275268555 -0.5233054757118225
-0.41126561164855957 0.8623422980308533 -0.5569972395896912
-0.4585138261318207 0.9202179312705994 -0.5932134985923767
-0.5145653486251831 0.9924065470695496 -0.6333734393119812
-0.5840262770652771 1.0859332084655762 -0.6799017190933228
-0.6747593879699707 1.2126984596252441 -0.7370123267173767
-0.8014114499092102 1.394845962524414 -0.8125788569450378
1.0684845447540283 -1.1453944444656372 -0.07063369452953339
0.9600250124931335 -0.9902346134185791 -0.01907196082174778
0.8750725388526917 -0.8687164187431335 0.02065293677151203
0.8055533170700073 -0.7692129611968994 0.052340757101774216
0.7466586232185364 -0.6847748756408691 0.0781945139169693
0.6953982710838318 -0.6110531687736511 0.09952107071876526
0.6498876810073853 -0.5452756285667419 0.1170792430639267
0.6089766025543213 -0.4857144355773926 0.13126754760742188
0.5720457434654236 -0.4313972592353821 0.1422361135482788
0.5388703942298889 -0.3819236755371094 0.1499776393175125
0.5092136263847351 -0.3369763195514679 0.15460427105426788
0.48265835642814636 -0.29606419801712036 0.1563924103975296
0.4587750732898712 -0.25868555903434753 0.1556352823972702
0.43712595105171204 -0.2243320792913437 0.15264004468917847
0.4172644317150116 -0.19248799979686737 0.14772962033748627
0.39873477816581726 -0.1626291126012802 0.14124339818954468
0.3810730278491974 -0.13422377407550812 0.13353750109672546
0.3638099730014801 -0.1067352294921875 0.12498395144939423
0.3465959429740906 -0.07976170629262924 0.11587712913751602
0.32939982414245605 -0.05325613170862198 0.10627761483192444
0.31223607063293457 -0.027217350900173187 0.09620658308267593
0.2951122224330902 -0.0016314989188686013 0.085683673620224
0.2780288755893707 0.023527665063738823 0.07472624629735947
0.26097941398620605 0.04829810932278633 0.06334888935089111
0.24395041167736053 0.07272884994745255 0.05156289041042328
0.2269214242696762 0.0968795195221901 0.03937578573822975
0.2098664939403534 0.12081320583820343 0.026791943237185478
0.19276338815689087 0.14453841745853424 0.013821247965097427
0.17558982968330383 0.16803628206253052 0.0004747446218971163
0.15831783413887024 0.19129568338394165 -0.013241061009466648
0.14091327786445618 0.21431373059749603 -0.027324698865413666
0.12333618104457855 0.23709537088871002 -0.04177989065647125
0.10554023087024689 0.2596533000469208 -0.05661606788635254
0.08747270703315735 0.2820073366165161 -0.0718483254313469
0.06907417625188828 0.3041849434375763 -0.08749803155660629
0.05029362440109253 0.3262353837490082 -0.10358420759439468
0.031110085546970367 0.3482295870780945 -0.120108462870121
0.011516494676470757 0.37022721767425537 -0.13706138730049133
-0.00848133210092783 0.3922731578350067 -0.15442250669002533
-0.02886415459215641 0.41439756751060486 -0.1721595823764801
-0.04959878325462341 0.43661588430404663 -0.19022820889949799
-0.07063690572977066 0.4589279592037201 -0.2085706740617752
-0.09191527962684631 0.48131856322288513 -0.22711607813835144
-0.11339352279901505 0.5037968158721924 -0.24581502377986908
-0.13525761663913727 0.5266088843345642 -0.264823853969574
-0.15777847170829773 0.5500898361206055 -0.28437644243240356
-0.18122082948684692 0.5745678544044495 -0.30470144748687744
-0.20584137737751007 0.6003619432449341 -0.3260206878185272
-0.23188579082489014 0.6277782917022705 -0.34854650497436523
-0.25958767533302307 0.6571089029312134 -0.37248101830482483
-0.2891661524772644 0.6886287331581116 -0.3980139493942261
-0.3208254873752594 0.7226052284240723 -0.42531296610832214
-0.3548423945903778 0.75971919298172 -0.4543030261993408
-0.391835480928421 0.8014216423034668 -0.48484089970588684
-0.4329204559326172 0.8497564196586609 -0.5171671509742737
-0.47987934947013855 0.9076184630393982 -0.5519932508468628
-0.5354971289634705 0.9792928099632263 -0.5906477570533752
-0.6042426824569702 1.071504831314087 -0.6354034543037415
-0.6937046647071838 1.1955935955047607 -0.6902015209197998
-0.8179123401641846 1.372497320175171 -0.762361466884613
1.0504769086837769 -1.154219388961792 -0.1210244819521904
0.9416100382804871 -1.0006452798843384 -0.0669785887002945
0.8561276197433472 -0.8800642490386963 -0.025074156001210213
0.7861071228981018 -0.78123539686203 0.008561868220567703
0.7267919182777405 -0.6973888874053955 0.03619775176048279
0.6752026081085205 -0.624260663986206 0.05919370800256729
0.6294460892677307 -0.559114396572113 0.07835093885660172
0.5883512496948242 -0.5002273917198181 0.0941006988286972
0.551268994808197 -0.4466097950935364 0.10661648213863373
0.5179381966590881 -0.3978251516819 0.11590451747179031
0.48810258507728577 -0.3535287380218506 0.12208320945501328
0.4613453447818756 -0.31321993470191956 0.12543368339538574
0.4372393488883972 -0.2763902246952057 0.12625320255756378
0.415351003408432 -0.24252647161483765 0.12485278397798538
0.39523881673812866 -0.21110939979553223 0.12155918776988983
0.3764532804489136 -0.18161267042160034 0.11671623587608337
0.3585377335548401 -0.15350385010242462 0.11068490147590637
0.34103110432624817 -0.12624682486057281 0.10384253412485123
0.3235921263694763 -0.09944530576467514 0.09648597985506058
0.30619579553604126 -0.07306588441133499 0.08867035061120987
0.2888602614402771 -0.04712006822228432 0.08041001856327057
0.2715950012207031 -0.02160404622554779 0.07171767950057983
0.25440019369125366 0.0035009155981242657 0.06260361522436142
0.23726718127727509 0.02822781167924404 0.053075164556503296
0.2201785296201706 0.052623096853494644 0.04313614219427109
0.20310808718204498 0.07674617320299149 0.03278626874089241
0.1860228031873703 0.10066235810518265 0.022022031247615814
0.16889594495296478 0.12438586354255676 0.010848265141248703
0.15170346200466156 0.14790357649326324 -0.0007264536106958985
0.13441674411296844 0.171208456158638 -0.012696790508925915
0.11700236797332764 0.1943000853061676 -0.025061149150133133
0.09942208975553513 0.21718423068523407 -0.03782178461551666
0.08163250237703323 0.23987290263175964 -0.05098522827029228
0.06358512490987778 0.2623838782310486 -0.06456230580806732
0.04522596672177315 0.284741073846817 -0.07856859266757965
0.02650737203657627 0.30699047446250916 -0.09301768243312836
0.007406375836580992 0.32920175790786743 -0.10790889710187912
-0.012086733244359493 0.3514338731765747 -0.12323199212551117
-0.031968966126441956 0.37373095750808716 -0.13896673917770386
-0.052224092185497284 0.3961222171783447 -0.15508241951465607
-0.0728222131729126 0.41862252354621887 -0.1715373694896698
-0.09371861070394516 0.44123080372810364 -0.1882777214050293
-0.11485400050878525 0.4639311730861664 -0.20523801445960999
-0.13619114458560944 0.4867318570613861 -0.22237364947795868
-0.1579119861125946 0.5098769664764404 -0.2398366630077362
-0.1802820861339569 0.5337002277374268 -0.25785407423973083
-0.2035628855228424 0.5585307478904724 -0.27664914727211
-0.2280101180076599 0.5846904516220093 -0.29644036293029785
-0.2538711428642273 0.6124914288520813 -0.3174387812614441
-0.2813846468925476 0.6422346234321594 -0.3398481011390686
-0.3107784688472748 0.674207866191864 -0.36386266350746155
-0.3422699272632599 0.7086945176124573 -0.3896586000919342
-0.37614619731903076 0.7463430166244507 -0.4171753525733948
-0.4130209684371948 0.7885068655014038 -0.44627052545547485
-0.4539877474308014 0.8371173739433289 -0.4771551191806793
-0.5007835626602173 0.8949286937713623 -0.5104764699935913
-0.55611252784729 0.9660214781761169 -0.5474544167518616
-0.6242899894714355 1.056777834892273 -0.5901775360107422
-0.7125899791717529 1.1778817176818848 -0.6422532200813293
-0.8343173861503601 1.348851203918457 -0.7103226780891418
1.0326687097549438 -1.1634230613708496 -0.1708027720451355
0.9231308102607727 -1.0110276937484741 -0.11443015933036804
0.8370218873023987 -0.8912323713302612 -0.07048602402210236
0.7664755582809448 -0.7930380702018738 -0.03501145914196968
0.7067441940307617 -0.7097890973091125 -0.005671695340424776
0.6548382043838501 -0.6372745037078857 0.018944108858704567
0.6088454127311707 -0.5727785229682922 0.03967525064945221
0.5675703883171082 -0.5145779252052307 0.056980472058057785
0.5303341746330261 -0.4616655707359314 0.07105068862438202
0.49684208631515503 -0.41357332468032837 0.08189929276704788
0.4668208360671997 -0.36993205547332764 0.08964844048023224
0.43985435366630554 -0.33023104071617126 0.09458466619253159
0.4155190587043762 -0.2939547300338745 0.09700960665941238
0.39338645339012146 -0.26058492064476013 0.09723787009716034
0.37302181124687195 -0.229598730802536 0.09559943526983261
0.3539835810661316 -0.20046785473823547 0.0924411416053772
0.33582401275634766 -0.17265912890434265 0.08812706172466278
0.3180919289588928 -0.14563706517219543 0.08303743600845337
0.30045536160469055 -0.11901066452264786 0.07746914774179459
0.2828930914402008 -0.09275895357131958 0.07146994769573212
0.26542454957962036 -0.06690521538257599 0.06504599750041962
0.2480585277080536 -0.04145536944270134 0.05820215865969658
0.23079310357570648 -0.01639830693602562 0.05094131827354431
0.2136157602071762 0.008293407037854195 0.04326372593641281
0.196503683924675 0.03266267478466034 0.035166431218385696
0.17942392826080322 0.05676731467247009 0.02664264105260372
0.1623355895280838 0.08067326992750168 0.017682736739516258
0.14520789682865143 0.1043999195098877 0.008288105018436909
0.1280159205198288 0.1279401183128357 -0.0015339339151978493
0.11073141545057297 0.15129119157791138 -0.01177830621600151
0.09332232922315598 0.17445552349090576 -0.022442594170570374
0.07575301080942154 0.1974402219057083 -0.033527154475450516
0.05798372998833656 0.22025707364082336 -0.04503544420003891
0.03997093811631203 0.24292227625846863 -0.05697404593229294
0.021666772663593292 0.2654568552970886 -0.06935300678014755
0.003027683822438121 0.2879036068916321 -0.08218076080083847
-0.015970619395375252 0.310330331325531 -0.09545440971851349
-0.03533998131752014 0.33279433846473694 -0.1091628223657608
-0.05507988855242729 0.3553387224674225 -0.12328627705574036
-0.07517702132463455 0.377991646528244 -0.13779571652412415
-0.09560481458902359 0.40076717734336853 -0.15265242755413055
-0.11632250994443893 0.4236638844013214 -0.16780708730220795
-0.1372753381729126 0.44666558504104614 -0.1831998974084854
-0.15843018889427185 0.4697800874710083 -0.19879162311553955
-0.17996734380722046 0.49324938654899597 -0.21473003923892975
-0.20214980840682983 0.5174060463905334 -0.23123466968536377
-0.2252381592988968 0.5425795912742615 -0.24852254986763
-0.2494894415140152 0.5690947771072388 -0.26680728793144226
-0.2751547694206238 0.5972687602043152 -0.2862972021102905
-0.30247950553894043 0.6274111866950989 -0.30719512701034546
-0.33170145750045776 0.6598217487335205 -0.32969754934310913
-0.3630520701408386 0.6947994828224182 -0.35398632287979126
-0.39683258533477783 0.7329641580581665 -0.38001278042793274
-0.4336567521095276 0.7755782604217529 -0.4076329469680786
-0.47459810972213745 0.8244614601135254 -0.43702375888824463
-0.5213481783866882 0.8822209239006042 -0.46876123547554016
-0.5765224099159241 0.9527150392532349 -0.5039426684379578
-0.6442643404006958 1.0419434309005737 -0.5444483160972595
-0.7314873933792114 1.1598522663116455 -0.5935073494911194
-0.850659191608429 1.3243526220321655 -0.6569936871528625
1.0149539709091187 -1.1731125116348267 -0.22017651796340942
0.9044817686080933 -1.0214060544967651 -0.1615215241909027
0.8176702260971069 -0.9022107124328613 -0.11561640352010727
0.7465993165969849 -0.8046011328697205 -0.07837982475757599
0.6864790320396423 -0.7219552397727966 -0.04739655926823616
0.6342858076095581 -0.6500763893127441 -0.02120072767138481
0.5880782008171082 -0.586250901222229 0.0010848381789401174
0.5466326475143433 -0.52874755859375 0.019943583756685257
0.5092427730560303 -0.47654223442077637 0.035579342395067215
0.47558555006980896 -0.42914071679115295 0.048006873577833176
0.4453745484352112 -0.38615334033966064 0.057349544018507004
0.41819512844085693 -0.3470599353313446 0.0638996958732605
0.39362776279449463 -0.311337947845459 0.06796323508024216
0.37125030159950256 -0.27846458554267883 0.06985785067081451
0.3506357669830322 -0.24791377782821655 0.06991560012102127
0.331351637840271 -0.21915550529956818 0.06848462671041489
0.31296059489250183 -0.19165603816509247 0.06592971831560135
0.29502251744270325 -0.16488085687160492 0.06263121217489243
0.2772149443626404 -0.13844339549541473 0.058883242309093475
0.2595176696777344 -0.11233268678188324 0.054724860936403275
0.24194912612438202 -0.08658194541931152 0.05015333369374275
0.22451534867286682 -0.061205558478832245 0.04516543447971344
0.20721057057380676 -0.03619958087801933 0.039756789803504944
0.19001717865467072 -0.011542318388819695 0.033921241760253906
0.1729062795639038 0.012804784812033176 0.02765023335814476
0.1558377742767334 0.03689655289053917 0.020932085812091827
0.13876324892044067 0.060797758400440216 0.013753128238022327
0.12164861708879471 0.08453181385993958 0.006113012321293354
0.10446897149085999 0.10809715837240219 -0.001981014385819435
0.08719717711210251 0.13149535655975342 -0.010523208416998386
0.06980323791503906 0.1547316312789917 -0.019509684294462204
0.052254583686590195 0.17781446874141693 -0.028938498347997665
0.034515608102083206 0.2007560133934021 -0.03880991414189339
0.016547916457057 0.22357143461704254 -0.04912637546658516
-0.001690079690888524 0.24627944827079773 -0.059892795979976654
-0.02023751102387905 0.26891979575157166 -0.07111283391714096
-0.039119236171245575 0.29155784845352173 -0.08278147131204605
-0.058348625898361206 0.3142489790916443 -0.09488686174154282
-0.07792717963457108 0.3370343744754791 -0.1074097603559494
-0.09784417599439621 0.3599412739276886 -0.12032301723957062
-0.1180763766169548 0.3829830288887024 -0.13359108567237854
-0.13858698308467865 0.40615788102149963 -0.14716926217079163
-0.15932613611221313 0.42944979667663574 -0.16100375354290009
-0.18026553094387054 0.4528670310974121 -0.17506113648414612
-0.20158618688583374 0.4766502380371094 -0.18948549032211304
-0.22355110943317413 0.5011309385299683 -0.2044893205165863
-0.24642248451709747 0.5266396403312683 -0.22028358280658722
-0.2704605162143707 0.5535036325454712 -0.2370765507221222
-0.29592165350914 0.5820451378822327 -0.2550727427005768
-0.3230587840080261 0.6125814914703369 -0.2744729518890381
-0.3521204888820648 0.645423948764801 -0.29547372460365295
-0.383352130651474 0.6808853149414062 -0.31825992465019226
-0.417072594165802 0.7195621132850647 -0.3427933156490326
-0.45390212535858154 0.7626345157623291 -0.3689276874065399
-0.4948978126049042 0.8118149638175964 -0.3968043029308319
-0.5417041182518005 0.8695601224899292 -0.4269239902496338
-0.5968400835990906 0.9394916892051697 -0.4602537751197815
-0.6642552614212036 1.0271940231323242 -0.49845194816589355
-0.7504518628120422 1.141805648803711 -0.5443440079689026
-0.8669449090957642 1.2994822263717651 -0.6029909253120422
0.9971895813941956 -1.1834217309951782 -0.26944828033447266
0.8855330348014832 -1.031822919845581 -0.20840582251548767
0.7979742884635925 -0.9130033254623413 -0.16053202748298645
0.7264125943183899 -0.8159133195877075 -0.12155894935131073
0.6659587025642395 -0.7338714003562927 -0.08896215260028839
0.6135289669036865 -0.6626491546630859 -0.06120793893933296
0.5671417117118835 -0.5995127558708191 -0.037376273423433304
0.5255441665649414 -0.5427145957946777 -0.01695842854678631
0.48800575733184814 -0.49121296405792236 0.0002599524741526693
0.4541839361190796 -0.4444940686225891 0.01429069135338068
0.4237838685512543 -0.40215256810188293 0.025255948305130005
0.3963930606842041 -0.3636600077152252 0.03345366567373276
0.37159690260887146 -0.32848840951919556 0.039193619042634964
0.34897977113723755 -0.2961108684539795 0.042795538902282715
0.32812321186065674 -0.2659991681575775 0.044592004269361496
0.30860447883605957 -0.23762211203575134 0.044930361211299896
0.28999704122543335 -0.21044620871543884 0.044173333793878555
0.2718728184700012 -0.1839381903409958 0.04269814491271973
0.2539178729057312 -0.15771472454071045 0.040793389081954956
0.23611092567443848 -0.13177134096622467 0.03848902881145477
0.21846672892570496 -0.10614793747663498 0.0357736237347126
0.20098714530467987 -0.08086531609296799 0.03263638913631439
0.1836613416671753 -0.0559254065155983 0.029066553339362144
0.16646620631217957 -0.031311895698308945 0.025052739307284355
0.14936678111553192 -0.006991066969931126 0.0205822866410017
0.13231663405895233 0.017087679356336594 0.01564054563641548
0.11526083201169968 0.040986038744449615 0.010211953893303871
0.09816309064626694 0.06472984701395035 0.004296062048524618
0.08099942654371262 0.08832212537527084 -0.002098926343023777
0.06374427676200867 0.11176794022321701 -0.008965793997049332
0.046370118856430054 0.1350749433040619 -0.016298620030283928
0.02884756773710251 0.15825298428535461 -0.02409282699227333
0.011145065538585186 0.18131469190120697 -0.03234538063406944
-0.006770875304937363 0.20427457988262177 -0.04105477035045624
-0.024936052039265633 0.2271498590707779 -0.05022116377949715
-0.04338528588414192 0.24997767806053162 -0.059843938797712326
-0.0621432326734066 0.27282020449638367 -0.06991608440876007
-0.08122402429580688 0.295730322599411 -0.08042508363723755
-0.10063057392835617 0.3187473714351654 -0.09135231375694275
-0.12035436183214188 0.34189730882644653 -0.1026725247502327
-0.14037512242794037 0.36519280076026917 -0.11435341835021973
-0.16065996885299683 0.3886320888996124 -0.12635493278503418
-0.18116389214992523 0.41219988465309143 -0.13862934708595276
-0.20186391472816467 0.435905396938324 -0.1511492282152176
-0.22294394671916962 0.45998939871788025 -0.16405647993087769
-0.24466955661773682 0.484783798456192 -0.1775583177804947
-0.26730647683143616 0.5106204748153687 -0.19186052680015564
-0.2911195456981659 0.5378298163414001 -0.207166850566864
-0.3163716197013855 0.5667391419410706 -0.22367802262306213
-0.34332364797592163 0.5976729393005371 -0.24159228801727295
-0.3722343146800995 0.6309524178504944 -0.26110509037971497
-0.4033623933792114 0.6669028401374817 -0.28240254521369934
-0.4370475113391876 0.7061023712158203 -0.3054559528827667
-0.47392380237579346 0.7496616840362549 -0.33011916279792786
-0.5150355696678162 0.7991923689842224 -0.3564991056919098
-0.5619785785675049 0.8569997549057007 -0.38502174615859985
-0.6171655058860779 0.9264589548110962 -0.4165234863758087
-0.6843270063400269 1.0127137899398804 -0.4524383246898651
-0.7695016860961914 1.124042272567749 -0.495185524225235
-0.8831433057785034 1.274749994277954 -0.5490172505378723
0.9791635870933533 -1.194511890411377 -0.319037526845932
0.8661400079727173 -1.042395830154419 -0.2553322911262512
0.777836263179779 -0.9236903190612793 -0.20536760985851288
0.7058513164520264 -0.8270242810249329 -0.16460484266281128
0.6451436281204224 -0.7455632090568542 -0.13037046790122986
0.5925463438034058 -0.675000786781311 -0.10104300081729889
0.5460292100906372 -0.6125597357749939 -0.07564964890480042
0.504309356212616 -0.5564660429954529 -0.053652193397283554
0.4666377007961273 -0.5056591629981995 -0.03482508659362793
0.43266037106513977 -0.4596092998981476 -0.019161242991685867
0.4020799398422241 -0.41790008544921875 -0.006541205104440451
0.3744868040084839 -0.37999677658081055 0.0033381981775164604
0.3494712710380554 -0.3453669548034668 0.010790023021399975
0.3266250491142273 -0.3134814202785492 0.016135146841406822
0.30553826689720154 -0.2838105857372284 0.019705314189195633
0.28579825162887573 -0.2558233141899109 0.021845221519470215
0.26698964834213257 -0.22898688912391663 0.02291330322623253
0.24869617819786072 -0.20276972651481628 0.023280957713723183
0.2306118905544281 -0.17679063975811005 0.023229265585541725
0.21271228790283203 -0.1510477364063263 0.022779595106840134
0.1950068473815918 -0.12558400630950928 0.021912813186645508
0.17749200761318207 -0.10042401403188705 0.020611640065908432
0.16015158593654633 -0.07557396590709686 0.0188601091504097
0.14295706152915955 -0.05102219432592392 0.016642937436699867
0.12586817145347595 -0.026739859953522682 0.013944854028522968
0.10883324593305588 -0.002681487938389182 0.010749850422143936
0.09179270267486572 0.021209971979260445 0.007042260840535164
0.0747092068195343 0.044961117208004 0.0028226834256201982
0.05756016820669174 0.06857826560735703 -0.001899037859402597
0.04032200574874878 0.09206905215978622 -0.0071136970072984695
0.022969748824834824 0.11544298380613327 -0.012812980450689793
0.00547711830586195 0.1387110948562622 -0.01898948661983013
-0.01218372955918312 0.1618863195180893 -0.02563689462840557
-0.030041955411434174 0.184983029961586 -0.032749902456998825
-0.04812835156917572 0.20801754295825958 -0.0403243750333786
-0.06647378951311111 0.23102454841136932 -0.0483558215200901
-0.08510209619998932 0.2540627419948578 -0.05683549493551254
-0.10402751713991165 0.27718207240104675 -0.06575038284063339
-0.12325389683246613 0.3004196882247925 -0.07508254051208496
-0.1427745521068573 0.3238004148006439 -0.08480869978666306
-0.16257189214229584 0.34733617305755615 -0.09489977359771729
-0.18261688947677612 0.37102559208869934 -0.10532033443450928
-0.20286934077739716 0.3948546051979065 -0.11602862179279327
-0.22331193089485168 0.4188341200351715 -0.1270032525062561
-0.2441333383321762 0.4432063400745392 -0.13838563859462738
-0.26560357213020325 0.468304842710495 -0.15037940442562103
-0.2879936099052429 0.4944641888141632 -0.16318681836128235
-0.31157416105270386 0.5220181941986084 -0.17700806260108948
-0.33661478757858276 0.5512991547584534 -0.19204072654247284
-0.36338454484939575 0.5826383233070374 -0.208480566740036
-0.392151802778244 0.6163654923439026 -0.22652122378349304
-0.42318713665008545 0.6528164744377136 -0.24634884297847748
-0.4568525552749634 0.6925567388534546 -0.2679459750652313
-0.4938001334667206 0.7366394400596619 -0.29117196798324585
-0.5350624918937683 0.786583423614502 -0.3161062002182007
-0.5821834802627563 0.8445467948913574 -0.3431078791618347
-0.6374582052230835 0.9136553406715393 -0.372892826795578
-0.7043774127960205 0.9986053705215454 -0.40668705105781555
-0.7884775400161743 1.1068071126937866 -0.44653475284576416
-0.8990955948829651 1.2507340908050537 -0.4959520399570465
0.9606596827507019 -1.206544041633606 -0.36932530999183655
0.8461736440658569 -1.0532715320587158 -0.3025384843349457
0.7571744918823242 -0.9343863129615784 -0.25025784969329834
0.6848601698875427 -0.838013231754303 -0.20757758617401123
0.6239948868751526 -0.7570787668228149 -0.17162801325321198
0.5713112354278564 -0.6871548891067505 -0.14067518711090088
0.5247248411178589 -0.6253994703292847 -0.11368013918399811
0.4829237163066864 -0.5700007081031799 -0.09006782621145248
0.4451444745063782 -0.5198749303817749 -0.06959813088178635
0.41103047132492065 -0.47447770833969116 -0.052268002182245255
0.38028639554977417 -0.4333840608596802 -0.037961069494485855
0.35250625014305115 -0.39605507254600525 -0.026369288563728333
0.3272862434387207 -0.3619558811187744 -0.017176756635308266
0.30422529578208923 -0.3305560350418091 -0.010062038898468018
0.2829224765300751 -0.30132612586021423 -0.004695042036473751
0.26297527551651 -0.2737359404563904 -0.0007348001818172634
0.243979349732399 -0.24725434184074402 0.002171445870772004
0.22553002834320068 -0.22135169804096222 0.004387666936963797
0.20732872188091278 -0.19564799964427948 0.0061865150928497314
0.18934620916843414 -0.17014017701148987 0.007581967860460281
0.17158551514148712 -0.14487098157405853 0.008548622950911522
0.15403737127780914 -0.11986620724201202 0.009064067155122757
0.13668014109134674 -0.09513454884290695 0.009108373895287514
0.11948057264089584 -0.07066798210144043 0.008663532324135303
0.10239419341087341 -0.046442367136478424 0.0077127800323069096
0.08536563813686371 -0.022417793050408363 0.006239877548068762
0.06833242624998093 0.001456988276913762 0.004230138845741749
0.05125733092427254 0.025207869708538055 0.0016858400776982307
0.03411952406167984 0.048843249678611755 -0.0013812442775815725
0.016897592693567276 0.0723724514245987 -0.004959695972502232
-0.0004309401847422123 0.09580617398023605 -0.009038671851158142
-0.017889488488435745 0.11915632337331772 -0.013607925735414028
-0.035502634942531586 0.1424361765384674 -0.01865791529417038
-0.053295865654945374 0.165660098195076 -0.02417978085577488
-0.0712958425283432 0.18884387612342834 -0.030165428295731544
-0.08953000605106354 0.21202027797698975 -0.03660697862505913
-0.10802093148231506 0.2352440357208252 -0.04349430277943611
-0.12678262591362 0.2585618495941162 -0.05081415921449661
-0.14581958949565887 0.28200870752334595 -0.05854950100183487
-0.16512668132781982 0.30560797452926636 -0.06667907536029816
-0.18468903005123138 0.32937130331993103 -0.07517706602811813
-0.2044813483953476 0.3532978594303131 -0.08401256799697876
-0.2244683802127838 0.377375066280365 -0.0931495875120163
-0.2446388304233551 0.4016164541244507 -0.10257281363010406
-0.26518744230270386 0.4262668192386627 -0.1124243214726448
-0.2863902449607849 0.45166265964508057 -0.12290589511394501
-0.3085245192050934 0.478141725063324 -0.13421747088432312
-0.331867516040802 0.5060420632362366 -0.14655674993991852
-0.35669592022895813 0.5357006788253784 -0.16011884808540344
-0.38328662514686584 0.5674548745155334 -0.1750970482826233
-0.41191697120666504 0.6016421914100647 -0.19168327748775482
-0.44286787509918213 0.6386073231697083 -0.21006284654140472
-0.47652286291122437 0.6789075136184692 -0.23023279011249542
-0.5135511159896851 0.7235488891601562 -0.25206708908081055
-0.5549711585044861 0.7739670872688293 -0.27562931180000305
-0.6022694110870361 0.8321794271469116 -0.3012263774871826
-0.6576147079467773 0.9010708928108215 -0.32947394251823425
-0.7242441177368164 0.9849042892456055 -0.36142173409461975
-0.8071790933609009 1.0902620553970337 -0.39879658818244934
-0.9146519899368286 1.2279155254364014 -0.4445009231567383
0.9414964914321899 -1.2196671962738037 -0.42058172821998596
0.8255305290222168 -1.0645842552185059 -0.35018956661224365
0.7359245419502258 -0.9451969861984253 -0.295293927192688
0.6633936166763306 -0.8489542007446289 -0.25051504373550415
0.6024768948554993 -0.7684639096260071 -0.21273444592952728
0.5497951507568359 -0.6991368532180786 -0.18007788062095642
0.5032069087028503 -0.6380435228347778 -0.15142421424388885
0.4613727927207947 -0.583323061466217 -0.12615227699279785
0.4235202968120575 -0.5338629484176636 -0.1040019765496254
0.3892959952354431 -0.48910093307495117 -0.08497149497270584
0.3584112524986267 -0.4486048221588135 -0.06894723325967789
0.33046483993530273 -0.41183385252952576 -0.055616673082113266
0.30505937337875366 -0.3782525658607483 -0.044661376625299454
0.28180131316185 -0.34733083844184875 -0.03575964272022247
0.2602986991405487 -0.3185406029224396 -0.028583358973264694
0.24015913903713226 -0.29135364294052124 -0.022795740514993668
0.22098903357982635 -0.26524102687835693 -0.01805022358894348
0.2023950070142746 -0.23967549204826355 -0.013990890234708786
0.1840849071741104 -0.21427710354328156 -0.01035348605364561
0.1660238653421402 -0.1890384405851364 -0.00712975999340415
0.1482081264257431 -0.16399900615215302 -0.004349658265709877
0.13062246143817902 -0.1391834020614624 -0.0020393014419823885
0.11324042081832886 -0.11460096389055252 -0.00022138052736409009
0.09602486342191696 -0.09024631232023239 0.001084313727915287
0.07892841845750809 -0.06609948724508286 0.0018602840136736631
0.06189372390508652 -0.042126309126615524 0.0020906589925289154
0.04485742747783661 -0.01828213408589363 0.001762199797667563
0.027783313766121864 0.00545700266957283 0.0008790231659077108
0.010652602650225163 0.02910044603049755 -0.0005451579345390201
-0.006553960498422384 0.052658308297395706 -0.0024967200588434935
-0.02385651506483555 0.07614193856716156 -0.004962320905178785
-0.04127593711018562 0.09956365823745728 -0.007928934879601002
-0.05883409082889557 0.12293708324432373 -0.011383943259716034
-0.07655350118875504 0.14627665281295776 -0.015315121971070766
-0.09445766359567642 0.16959808766841888 -0.019710734486579895
-0.11257120221853256 0.1929323673248291 -0.02455993741750717
-0.13091525435447693 0.21633006632328033 -0.02985173650085926
-0.1495034098625183 0.23983463644981384 -0.03557306528091431
-0.16834063827991486 0.26347869634628296 -0.04170801490545273
-0.18742351233959198 0.28728437423706055 -0.04823756217956543
-0.20673973858356476 0.3112630844116211 -0.05513916537165642
-0.22626791894435883 0.33541491627693176 -0.06238633394241333
-0.24597781896591187 0.35972923040390015 -0.06994862854480743
-0.26586446166038513 0.3842226564884186 -0.0778166651725769
-0.2861296534538269 0.4091437757015228 -0.08613420277833939
-0.30705657601356506 0.43483278155326843 -0.09510233998298645
-0.32892924547195435 0.4616313576698303 -0.10491981357336044
-0.3520320951938629 0.4898817241191864 -0.1157827079296112
-0.37664902210235596 0.5199259519577026 -0.12788428366184235
-0.40306445956230164 0.5521068572998047 -0.14141587913036346
-0.4315635859966278 0.5867683291435242 -0.15656745433807373
-0.4624366760253906 0.6242625117301941 -0.17352330684661865
-0.4960853159427643 0.6651416420936584 -0.19229894876480103
-0.5331909656524658 0.7103743553161621 -0.2127942442893982
-0.5747531652450562 0.7613218426704407 -0.23507142066955566
-0.6221950650215149 0.8198712468147278 -0.25940361618995667
-0.6775533556938171 0.8886826634407043 -0.2863323390483856
-0.7438077926635742 0.9716163277626038 -0.31677037477493286
-0.8254761695861816 1.0745017528533936 -0.3521960377693176
-0.9297558665275574 1.2066090106964111 -0.39503639936447144
0.9215294122695923 -1.2340141534805298 -0.47296130657196045
0.8041354417800903 -1.0764567852020264 -0.39837712049484253
0.714040219783783 -0.9562197327613831 -0.3405236303806305
0.6414163112640381 -0.859916627407074 -0.2934330701828003
0.5805575847625732 -0.7797638177871704 -0.2536830008029938
0.5279675722122192 -0.7109733819961548 -0.2192290872335434
0.4814477562904358 -0.6505082249641418 -0.18885068595409393
0.43963372707366943 -0.5964453220367432 -0.16186989843845367
0.40174776315689087 -0.5476345419883728 -0.13800007104873657
0.36744505167007446 -0.5034910440444946 -0.11723659932613373
0.336447149515152 -0.4635747969150543 -0.09946773201227188
0.3083590269088745 -0.42734554409980774 -0.08437696099281311
0.28279003500938416 -0.39426904916763306 -0.07164353877305984
0.2593548893928528 -0.36381739377975464 -0.060945577919483185
0.23767060041427612 -0.3354649245738983 -0.0519568994641304
0.2173544317483902 -0.30868616700172424 -0.0443447083234787
0.19802336394786835 -0.28295519948005676 -0.03776843845844269
0.17929452657699585 -0.2577472925186157 -0.03187995031476021
0.16088150441646576 -0.23268172144889832 -0.026422569528222084
0.14274322986602783 -0.20774400234222412 -0.021391810849308968
0.12486902624368668 -0.18296776711940765 -0.01682036928832531
0.10723821073770523 -0.15837426483631134 -0.012736659497022629
0.08982018381357193 -0.13397198915481567 -0.009165109135210514
0.07257501035928726 -0.10975687950849533 -0.00612660450860858
0.055453844368457794 -0.08571261167526245 -0.003639006521552801
0.038399163633584976 -0.06181072071194649 -0.0017177134286612272
0.02134867012500763 -0.03801358863711357 -0.0003746327420230955
0.004268109332770109 -0.014300232753157616 0.00039596433634869754
-0.01285918615758419 0.00933859869837761 0.0006095355493016541
-0.03005036897957325 0.03291302174329758 0.0002817524364218116
-0.04732348397374153 0.05643443390727043 -0.0005716811865568161
-0.06469731777906418 0.07991527765989304 -0.0019350963411852717
-0.0821915939450264 0.1033693253993988 -0.0037929387763142586
-0.09982668608427048 0.1268112063407898 -0.006129798013716936
-0.11762383580207825 0.15025685727596283 -0.008930500596761703
-0.1356055587530136 0.17373570799827576 -0.01218167133629322
-0.15379159152507782 0.197294220328331 -0.015872076153755188
-0.17219509184360504 0.22097249329090118 -0.01998933218419552
-0.19082173705101013 0.24480099976062775 -0.024519098922610283
-0.20966947078704834 0.26880061626434326 -0.029444748535752296
-0.22872908413410187 0.2929829955101013 -0.03474712371826172
-0.24798302352428436 0.31734928488731384 -0.040404099971055984
-0.2674063444137573 0.34189143776893616 -0.04639057070016861
-0.2870004177093506 0.3666294813156128 -0.052702851593494415
-0.306974858045578 0.39181655645370483 -0.05948694795370102
-0.3276204764842987 0.4177972376346588 -0.06694424897432327
-0.34922879934310913 0.4449176788330078 -0.07527309656143188
-0.37209129333496094 0.4735244810581207 -0.0846686065196991
-0.3964989483356476 0.5039641857147217 -0.09532275050878525
-0.42274317145347595 0.5365846157073975 -0.10742522776126862
-0.45111656188964844 0.5717353224754333 -0.1211642250418663
-0.48191705346107483 0.6097742319107056 -0.13672296702861786
-0.5155595541000366 0.6512506008148193 -0.15413959324359894
-0.5527294874191284 0.6971024870872498 -0.17335136234760284
-0.5944004654884338 0.7486258149147034 -0.1944342851638794
-0.6419278383255005 0.807590901851654 -0.21764816343784332
-0.6972143650054932 0.8764551877975464 -0.24348770081996918
-0.7629904747009277 0.9587213397026062 -0.2727704644203186
-0.8433049321174622 1.0595649480819702 -0.30679601430892944
-0.9444325566291809 1.1869925260543823 -0.3476477265357971
0.9006554484367371 -1.2496941089630127 -0.5264911651611328
0.7819440960884094 -1.088996171951294 -0.44711410999298096
0.6914952993392944 -0.9675422310829163 -0.38594910502433777
0.6189029812812805 -0.8709642887115479 -0.33632487058639526
0.5582079887390137 -0.7910215854644775 -0.2944601774215698
0.5057958364486694 -0.7226927876472473 -0.25811082124710083
0.4594133198261261 -0.6628133058547974 -0.22593975067138672
0.41767391562461853 -0.6093845367431641 -0.19720156490802765
0.3797977566719055 -0.5612087845802307 -0.17157557606697083
0.3454521596431732 -0.5176696181297302 -0.14904999732971191
0.3143714666366577 -0.47831737995147705 -0.129513680934906
0.2861683964729309 -0.4426147937774658 -0.11264677345752716
0.2604600787162781 -0.41003111004829407 -0.09812646359205246
0.23686963319778442 -0.38004180788993835 -0.08563050627708435
0.21502311527729034 -0.3521248698234558 -0.07483426481485367
0.19454732537269592 -0.3257584273815155 -0.06540825963020325
0.17506901919841766 -0.3004198372364044 -0.05701708048582077
0.15621517598628998 -0.27558717131614685 -0.049319323152303696
0.13770437240600586 -0.2508782148361206 -0.04206440970301628
0.11948908120393753 -0.2262691706418991 -0.03524957224726677
0.10155200958251953 -0.2017858922481537 -0.02890852279961109
0.08386752754449844 -0.1774444431066513 -0.023070715367794037
0.06640175729990005 -0.15325093269348145 -0.01776149868965149
0.04911322146654129 -0.12920169532299042 -0.013002482242882252
0.031953100115060806 -0.10528344660997391 -0.008811906911432743
0.014865431934595108 -0.08147310465574265 -0.005205074325203896
-0.002209113445132971 -0.05774037167429924 -0.0021932192612439394
-0.019301997497677803 -0.034068066626787186 0.00023046880960464478
-0.036427780985832214 -0.010447950102388859 0.002082861727103591
-0.053601671010255814 0.013129383325576782 0.0033814285416156054
-0.07083993405103683 0.036674875766038895 0.004144042730331421
-0.08815974742174149 0.0602007620036602 0.0043888697400689125
-0.10557933151721954 0.08372084051370621 0.004134280141443014
-0.12311767041683197 0.10724997520446777 0.003398758126422763
-0.1407947838306427 0.1308046132326126 0.0022007999941706657
-0.15863178670406342 0.15441285073757172 0.0005559343844652176
-0.17664724588394165 0.1781173050403595 -0.001525123487226665
-0.1948540210723877 0.2019548863172531 -0.004031323362141848
-0.21325846016407013 0.2259540557861328 -0.00695035932585597
-0.23186050355434418 0.2501349449157715 -0.010268371552228928
-0.2506537139415741 0.2745094299316406 -0.01396971382200718
-0.26962482929229736 0.2990805208683014 -0.018036624416708946
-0.2887541353702545 0.32384273409843445 -0.022449130192399025
-0.308049738407135 0.34882038831710815 -0.027209002524614334
-0.32772913575172424 0.374271422624588 -0.03246479108929634
-0.3480912744998932 0.4005453288555145 -0.038418639451265335
-0.36943498253822327 0.4279925525188446 -0.0452689491212368
-0.39205893874168396 0.4569641947746277 -0.05321035534143448
-0.41626086831092834 0.4878110885620117 -0.06243389844894409
-0.44233888387680054 0.5208853483200073 -0.07312791794538498
-0.4705919623374939 0.5565409660339355 -0.08547895401716232
-0.5013245940208435 0.5951406955718994 -0.0996692031621933
-0.5349582433700562 0.6372306942939758 -0.11576302349567413
-0.5721718668937683 0.6837232708930969 -0.13374492526054382
-0.6139054298400879 0.7358572483062744 -0.15371912717819214
-0.6614435315132141 0.7953024506568909 -0.17595143616199493
-0.7165590524673462 0.8643416166305542 -0.20091651380062103
-0.7817530035972595 0.946176290512085 -0.22937658429145813
-0.8606595993041992 1.0454434156417847 -0.26251688599586487
-0.9587753415107727 1.1691410541534424 -0.3021940588951111
0.8788197040557861 -1.2667829990386963 -0.5810570120811462
0.7589472532272339 -1.1022928953170776 -0.4963310956954956
0.6682853698730469 -0.9792425632476807 -0.43152642250061035
0.5958402156829834 -0.8821563720703125 -0.3791615068912506
0.5354025363922119 -0.802278459072113 -0.3350459933280945
0.48324498534202576 -0.7343245148658752 -0.2967097759246826
0.43706315755844116 -0.6749824285507202 -0.26268360018730164
0.3954513669013977 -0.6221644878387451 -0.23214448988437653
0.35762932896614075 -0.5746124982833862 -0.20473116636276245
0.32327795028686523 -0.5316675901412964 -0.18041975796222687
0.2921461760997772 -0.4928668439388275 -0.15909872949123383
0.2638559639453888 -0.45767858624458313 -0.14044564962387085
0.2380334734916687 -0.42557746171951294 -0.12413591146469116
0.21431072056293488 -0.39604392647743225 -0.10984673351049423
0.1923227161169052 -0.3685605227947235 -0.09725422412157059
0.1717054843902588 -0.3426094949245453 -0.0860312432050705
0.15209496021270752 -0.3176719844341278 -0.07584608346223831
0.13312704861164093 -0.2932285964488983 -0.06636236608028412
0.11452451348304749 -0.2688951790332794 -0.05733365938067436
0.09623342752456665 -0.24463717639446259 -0.04875689372420311
0.07823029905557632 -0.2204710692167282 -0.04066529870033264
0.060485173016786575 -0.19640643894672394 -0.033088330179452896
0.0429619736969471 -0.17244596779346466 -0.026051757857203484
0.02561880648136139 -0.14858555793762207 -0.01957787200808525
0.00840828288346529 -0.1248142272233963 -0.013685702346265316
-0.008722319267690182 -0.1011141762137413 -0.008391293697059155
-0.02582760900259018 -0.07746248692274094 -0.0037063525523990393
-0.0429355651140213 -0.05384639650583267 0.0003762221022043377
-0.060058701783418655 -0.030259452760219574 0.0038743303157389164
-0.07721047848463058 -0.0066935415379703045 0.006806954275816679
-0.09440577775239944 0.016861390322446823 0.009193941950798035
-0.11166062206029892 0.04041707515716553 0.011055835522711277
-0.12899239361286163 0.06398723274469376 0.012413756921887398
-0.14641955494880676 0.08758705109357834 0.01328925509005785
-0.1639617532491684 0.11123363673686981 0.013704154640436172
-0.18163953721523285 0.13495421409606934 0.01367580983787775
-0.19947059452533722 0.1587878167629242 0.013213551603257656
-0.21746771037578583 0.18276862800121307 0.012326309457421303
-0.2356383055448532 0.20692357420921326 0.0110237505286932
-0.253984272480011 0.231272354722023 0.009316530078649521
-0.27250245213508606 0.25582775473594666 0.007216515950858593
-0.2911837697029114 0.28059473633766174 0.004737046547234058
-0.31001392006874084 0.3055711090564728 0.0018930489895865321
-0.32900771498680115 0.33078572154045105 -0.0013224523281678557
-0.34839075803756714 0.35650163888931274 -0.00506047485396266
-0.36846980452537537 0.383073091506958 -0.009523929096758366
-0.38955116271972656 0.4108549952507019 -0.014911399222910404
-0.4119403660297394 0.4402022659778595 -0.021417152136564255
-0.43594154715538025 0.47146955132484436 -0.02923138625919819
-0.46185895800590515 0.5050127506256104 -0.03854122385382652
-0.48999738693237305 0.5411893725395203 -0.04953160136938095
-0.5206667184829712 0.5803655385971069 -0.06238367781043053
-0.5542871952056885 0.6230828762054443 -0.07719005644321442
-0.5915188789367676 0.6702290773391724 -0.0939895510673523
-0.6332606673240662 0.7229945659637451 -0.1129259467124939
-0.6807256937026978 0.7829652428627014 -0.13428755104541779
-0.7355680465698242 0.8522844910621643 -0.15855316817760468
-0.8000901937484741 0.9339179396629333 -0.1864655315876007
-0.8775849342346191 1.0320912599563599 -0.21915306150913239
-0.9729365110397339 1.1530580520629883 -0.2583465576171875
0.8560275435447693 -1.2853139638900757 -0.6363856196403503
0.7351769208908081 -1.1164172887802124 -0.5458694100379944
0.6444311738014221 -0.9913884401321411 -0.4771629869937897
0.5722271800041199 -0.8935461044311523 -0.42189037799835205
0.5121201276779175 -0.8135742545127869 -0.3754136264324188
0.4602782130241394 -0.7458990216255188 -0.3350163400173187
0.41435086727142334 -0.6870431900024414 -0.2990850806236267
0.37291476130485535 -0.6348140239715576 -0.2667112350463867
0.33518990874290466 -0.5878795981407166 -0.23748748004436493
0.30086952447891235 -0.5455241799354553 -0.21137359738349915
0.2697179615497589 -0.50726717710495 -0.1882571130990982
0.24136842787265778 -0.47258463501930237 -0.1678139865398407
0.21545714139938354 -0.44095876812934875 -0.14971823990345
0.19162558019161224 -0.41187620162963867 -0.1336461752653122
0.16951793432235718 -0.3848249018192291 -0.11927380412817001
0.1487789750099182 -0.3592917323112488 -0.10627489537000656
0.12905313074588776 -0.33476153016090393 -0.09431963413953781
0.10998433083295822 -0.3107174336910248 -0.0830744206905365
0.09129862487316132 -0.2867726683616638 -0.07229456305503845
0.07293591648340225 -0.26288118958473206 -0.06197493150830269
0.0548669770359993 -0.23904918134212494 -0.05214708298444748
0.037058353424072266 -0.21527910232543945 -0.04283980652689934
0.019472600892186165 -0.19156953692436218 -0.034079115837812424
0.0020685074850916862 -0.16791531443595886 -0.025888288393616676
-0.015198612585663795 -0.14430738985538483 -0.01828796975314617
-0.03237680718302727 -0.12073296308517456 -0.011296212673187256
-0.04951445013284683 -0.09717655181884766 -0.004926823079586029
-0.06663548946380615 -0.07363037765026093 0.0008266320801340044
-0.08375044912099838 -0.05009027197957039 0.005982690490782261
-0.10087138414382935 -0.0265499297529459 0.01056159008294344
-0.11801207810640335 -0.003000513417646289 0.014585002325475216
-0.13518795371055603 0.020569028332829475 0.018075793981552124
-0.15241621434688568 0.0441722571849823 0.02105787582695484
-0.1697155237197876 0.06782475113868713 0.02355596050620079
-0.18710610270500183 0.09154451638460159 0.025595370680093765
-0.20460869371891022 0.11535833030939102 0.027195028960704803
-0.22224052250385284 0.1393023282289505 0.028361890465021133
-0.24001464247703552 0.16340859234333038 0.02910185605287552
-0.25793972611427307 0.18770305812358856 0.029421210289001465
-0.27602002024650574 0.2122056782245636 0.02932683750987053
-0.29425564408302307 0.23693060874938965 0.028826449066400528
-0.3126419186592102 0.2618854343891144 0.027928749099373817
-0.33117005228996277 0.28707173466682434 0.026643607765436172
-0.3498612344264984 0.31252309679985046 0.02495901845395565
-0.3689490854740143 0.33850765228271484 0.022721970453858376
-0.3887481093406677 0.3653841018676758 0.019729211926460266
-0.4095715880393982 0.3935110569000244 0.015782352536916733
-0.43173158168792725 0.42324692010879517 0.010687769390642643
-0.45553842186927795 0.45494961738586426 0.004256284795701504
-0.48130178451538086 0.4889776110649109 -0.003697809297591448
-0.5093318223953247 0.5256912112236023 -0.013357673771679401
-0.5399428606033325 0.5654584169387817 -0.024903273209929466
-0.5735454559326172 0.6088129878044128 -0.03845526650547981
-0.6107669472694397 0.6566156148910522 -0.0541088730096817
-0.6524587273597717 0.7100152373313904 -0.07205419987440109
-0.6997652053833008 0.7705336213111877 -0.09261425584554672
-0.754239559173584 0.8402146697044373 -0.1162916049361229
-0.8180280923843384 0.9218629002571106 -0.14384062588214874
-0.8941713571548462 1.0194329023361206 -0.1763841062784195
-0.9871236085891724 1.1387019157409668 -0.21561568975448608
0.8323498368263245 -1.3052595853805542 -0.6920310854911804
0.7107084393501282 -1.1314122676849365 -0.5954769253730774
0.619978129863739 -1.0040335655212402 -0.5227164626121521
0.5480751395225525 -0.9051805734634399 -0.464435338973999
0.4883425533771515 -0.8249468207359314 -0.41552892327308655
0.4368557631969452 -0.7574481964111328 -0.3730241656303406
0.3912222981452942 -0.6990259885787964 -0.33515697717666626
0.3500024676322937 -0.647367537021637 -0.3009287416934967
0.3124141991138458 -0.6010510325431824 -0.26988211274147034
0.2781597375869751 -0.5592874884605408 -0.2419579178094864
0.2470179796218872 -0.5215720534324646 -0.21704252064228058
0.21863558888435364 -0.48739153146743774 -0.1948118358850479
0.19266030192375183 -0.4562373161315918 -0.17493890225887299
0.1687437742948532 -0.4276033937931061 -0.1570988893508911
0.14653931558132172 -0.4009837508201599 -0.14096671342849731
0.1257002204656601 -0.3758701682090759 -0.12621541321277618
0.10587867349386215 -0.351750910282135 -0.11251486092805862
0.08672548085451126 -0.3281113803386688 -0.09953156113624573
0.06796924024820328 -0.3045615553855896 -0.08701986819505692
0.04954392462968826 -0.2810439467430115 -0.07497124373912811
0.031415119767189026 -0.25755438208580017 -0.0634147971868515
0.013546525500714779 -0.23408786952495575 -0.05237836390733719
-0.004099894780665636 -0.21063871681690216 -0.041888412088155746
-0.021563775837421417 -0.1872004270553589 -0.031969957053661346
-0.03888607397675514 -0.16376589238643646 -0.022646449506282806
-0.05610904470086098 -0.14032714068889618 -0.013939649797976017
-0.0732736587524414 -0.11687630414962769 -0.005867501255124807
-0.09039941430091858 -0.09341086447238922 0.0015746686840429902
-0.10749503970146179 -0.06992939114570618 0.008405710570514202
-0.12457138299942017 -0.04642767086625099 0.014646933414041996
-0.14164157211780548 -0.022898325696587563 0.02032177895307541
-0.1587209552526474 0.0006689148140139878 0.025455506518483162
-0.17582713067531586 0.02428748458623886 0.03007497452199459
-0.1929796189069748 0.047973450273275375 0.03420832008123398
-0.21020010113716125 0.07174594700336456 0.03788469359278679
-0.2275102287530899 0.09563186019659042 0.041124410927295685
-0.24492712318897247 0.11966536194086075 0.04393095523118973
-0.26246464252471924 0.1438773274421692 0.046306174248456955
-0.2801329791545868 0.16829358041286469 0.04825206845998764
-0.29793891310691833 0.19293507933616638 0.049771059304475784
-0.315885990858078 0.21781809628009796 0.05086614191532135
-0.3339739143848419 0.242953360080719 0.05154101550579071
-0.3521992862224579 0.2683468163013458 0.05180032178759575
-0.37058961391448975 0.2940372824668884 0.05162711441516876
-0.38938605785369873 0.32029739022254944 0.050867196172475815
-0.4089103043079376 0.34748923778533936 0.04931797832250595
-0.4294824004173279 0.3759745657444 0.046782102435827255
-0.45142048597335815 0.4061143398284912 0.043067339807748795
-0.475040465593338 0.4382685124874115 0.0379861555993557
-0.5006574988365173 0.4727976322174072 0.03135479614138603
-0.5285862684249878 0.5100635290145874 0.022992337122559547
-0.5591447353363037 0.5504350066184998 0.012720556929707527
-0.5927253365516663 0.5944317579269409 0.00039399080560542643
-0.6299082636833191 0.642881453037262 -0.014134750701487064
-0.6714923977851868 0.6968969106674194 -0.031102238222956657
-0.7185604572296143 0.7579574584960938 -0.050872206687927246
-0.7725891470909119 0.8280524015426636 -0.07398487627506256
-0.835622251033783 0.9099095463752747 -0.10123198479413986
-0.9105522632598877 1.0073665380477905 -0.13377653062343597
-1.0016030073165894 1.126007080078125 -0.17335733771324158
0.8077645301818848 -1.326383352279663 -0.7473840117454529
0.6855279803276062 -1.1471906900405884 -0.644766628742218
0.5948934555053711 -1.01715886592865 -0.5679287314414978
0.5233277678489685 -0.9170735478401184 -0.5066197514533997
0.4639930725097656 -0.8364266157150269 -0.4552701413631439
0.4128851890563965 -0.7690125703811646 -0.4106506109237671
0.3675750494003296 -0.7109786868095398 -0.3708457052707672
0.3266063630580902 -0.6598787903785706 -0.33476564288139343
0.289192259311676 -0.6141859889030457 -0.30190137028694153
0.2550389766693115 -0.5730215311050415 -0.27217307686805725
0.22393865883350372 -0.5358496904373169 -0.2454664260149002
0.19555304944515228 -0.502170205116272 -0.22145907580852509
0.16954253613948822 -0.47148534655570984 -0.19982409477233887
0.14556945860385895 -0.443297803401947 -0.18023544549942017
0.12329623848199844 -0.4171079397201538 -0.16236628592014313
0.10238412767648697 -0.3924124836921692 -0.14588747918605804
0.08249218016862869 -0.3687034547328949 -0.13046663999557495
0.0632769912481308 -0.34546786546707153 -0.11576776206493378
0.04446876421570778 -0.3223123848438263 -0.10154174268245697
0.025995975360274315 -0.2991684377193451 -0.08777552843093872
0.007819689810276031 -0.27602189779281616 -0.07449518889188766
-0.010098522529006004 -0.2528606057167053 -0.06172756105661392
-0.027796590700745583 -0.22967463731765747 -0.049499932676553726
-0.045311763882637024 -0.2064562737941742 -0.0378398522734642
-0.0626804530620575 -0.18320022523403168 -0.026774894446134567
-0.07993823289871216 -0.1599033921957016 -0.016332320868968964
-0.09711774438619614 -0.13656538724899292 -0.006536330096423626
-0.11423379182815552 -0.11318925768136978 0.0026148182805627584
-0.13129355013370514 -0.08977656066417694 0.011139906011521816
-0.14830689132213593 -0.06632531434297562 0.01906108483672142
-0.16528670489788055 -0.04282967746257782 0.026403479278087616
-0.18224871158599854 -0.019280197098851204 0.03319476917386055
-0.19921138882637024 0.004336465150117874 0.03946491703391075
-0.21619589626789093 0.028037050738930702 0.04524575546383858
-0.2332259565591812 0.05184205248951912 0.05057059973478317
-0.2503247857093811 0.07577908039093018 0.055461034178733826
-0.2675100862979889 0.09988141059875488 0.059916067868471146
-0.284796804189682 0.12417975813150406 0.06393247097730637
-0.30219700932502747 0.1487007886171341 0.06750715523958206
-0.3197202980518341 0.17346729338169098 0.07063736021518707
-0.3373737037181854 0.19849835336208344 0.07332084327936172
-0.3551613390445709 0.22380846738815308 0.07555591315031052
-0.3730848431587219 0.2494085133075714 0.07734173536300659
-0.3911779522895813 0.2753426730632782 0.07865648716688156
-0.4096887409687042 0.30188727378845215 0.07934582233428955
-0.42894551157951355 0.32940688729286194 0.07920903712511063
-0.4492743909358978 0.35826513171195984 0.07805091887712479
-0.4709993600845337 0.3888245224952698 0.07568161189556122
-0.49444133043289185 0.4214462637901306 0.07191607356071472
-0.5199204087257385 0.4564918875694275 0.06657323986291885
-0.5477557182312012 0.4943237602710724 0.05947506055235863
-0.5782684683799744 0.5353104472160339 0.050445765256881714
-0.6118242144584656 0.5799497365951538 0.039321355521678925
-0.6489453315734863 0.6290286183357239 0.025913137942552567
-0.6903743743896484 0.6836264133453369 0.0099451569840312
-0.7371432185173035 0.745201051235199 -0.008985483087599277
-0.790680468082428 0.8157328963279724 -0.03146248310804367
-0.8529853224754333 0.8979591131210327 -0.05833227187395096
-0.9269102215766907 0.9957542419433594 -0.09083455801010132
-1.0166492462158203 1.114789605140686 -0.1308257132768631
0.7819805145263672 -1.348156452178955 -0.8017883896827698
0.6593971848487854 -1.1634725332260132 -0.6932451128959656
0.5689661502838135 -1.0306328535079956 -0.6124085187911987
0.49778950214385986 -0.9291864633560181 -0.5481237769126892
0.4388849437236786 -0.8480335474014282 -0.4943713843822479
0.38818520307540894 -0.7806462645530701 -0.4476727247238159
0.3432312309741974 -0.7229728698730469 -0.40596410632133484
0.3025520145893097 -0.6724262833595276 -0.36806491017341614
0.2653546631336212 -0.6273640394210815 -0.3334139883518219
0.23134565353393555 -0.5868051648139954 -0.3019089996814728
0.20032884180545807 -0.5501779317855835 -0.2734356224536896
0.1719816029071808 -0.5169966816902161 -0.24767529964447021
0.14597731828689575 -0.4867759048938751 -0.2243024855852127
0.1219886764883995 -0.45902764797210693 -0.20299068093299866
0.09968669712543488 -0.4332597851753235 -0.18341125547885895
0.07873963564634323 -0.40897440910339355 -0.16523239016532898
0.05881234630942345 -0.3856674134731293 -0.14811824262142181
0.03956586495041847 -0.36282795667648315 -0.13172876834869385
0.020731233060359955 -0.3400600254535675 -0.11580966413021088
0.002232115948572755 -0.3172844350337982 -0.10034213215112686
-0.01597394421696663 -0.29447752237319946 -0.08534860610961914
-0.03392660990357399 -0.27162033319473267 -0.07085449993610382
-0.05166277289390564 -0.24869881570339203 -0.05688798427581787
-0.06921643018722534 -0.22570382058620453 -0.043479543179273605
-0.08661854267120361 -0.20263151824474335 -0.03066175989806652
-0.10389712452888489 -0.17948348820209503 -0.018468685448169708
-0.12107576429843903 -0.15626643598079681 -0.00693246815353632
-0.13816435635089874 -0.1329888254404068 0.003944525960832834
-0.15516865253448486 -0.10965525358915329 0.014180316589772701
-0.17209793627262115 -0.08626610040664673 0.023797359317541122
-0.18896521627902985 -0.06281708180904388 0.032822057604789734
-0.20578689873218536 -0.039299510419368744 0.0412842258810997
-0.22258307039737701 -0.015700053423643112 0.04921680688858032
-0.23937678337097168 0.007998852990567684 0.056655265390872955
-0.25619447231292725 0.031819265335798264 0.06363716721534729
-0.27306169271469116 0.055790066719055176 0.07018520683050156
-0.2899971902370453 0.07994464784860611 0.07629324495792389
-0.3070174753665924 0.10431448370218277 0.08195237070322037
-0.32413724064826965 0.12892791628837585 0.08715391904115677
-0.34136897325515747 0.15381014347076416 0.09188956022262573
-0.35872331261634827 0.17898352444171906 0.09615152329206467
-0.3762088119983673 0.2044668197631836 0.09993262588977814
-0.39383217692375183 0.23027585446834564 0.10322653502225876
-0.41163283586502075 0.25646018981933594 0.10600674897432327
-0.4298650920391083 0.28329914808273315 0.10811961442232132
-0.44886302947998047 0.3111586570739746 0.10936730355024338
-0.46895837783813477 0.3404031991958618 0.10955764353275299
-0.49047982692718506 0.3713960647583008 0.10850383341312408
-0.5137534141540527 0.40449896454811096 0.10602403432130814
-0.5391034483909607 0.44007354974746704 0.10194037854671478
-0.5668532848358154 0.4784824550151825 0.09607814252376556
-0.5973264575004578 0.5200927257537842 0.08826461434364319
-0.6308572888374329 0.5653743147850037 0.07832491397857666
-0.667902410030365 0.6150637865066528 0.06604400277137756
-0.7091491222381592 0.6702101826667786 0.051119036972522736
-0.7555894255638123 0.7322660088539124 0.033116664737463
-0.8086307644844055 0.8032407760620117 0.011412893421947956
-0.8702784776687622 0.8859524726867676 -0.014898700639605522
-0.9434375762939453 0.9844436645507812 -0.04715506359934807
-1.0324444770812988 1.1047154664993286 -0.08738020062446594
0.7546597123146057 -1.3700188398361206 -0.8546273112297058
0.6320393681526184 -1.1799609661102295 -0.7404386401176453
0.5419560670852661 -1.0443168878555298 -0.6557715535163879
0.47124382853507996 -0.941479504108429 -0.5886256694793701
0.41281718015670776 -0.85978764295578 -0.5325578451156616
0.3625650703907013 -0.7924041152000427 -0.4838535785675049
0.3180076479911804 -0.7350809574127197 -0.44030702114105225
0.277662992477417 -0.6850883364677429 -0.40064939856529236
0.240732342004776 -0.6406629085540771 -0.36426717042922974
0.20692048966884613 -0.6007140278816223 -0.3310340642929077
0.17604099214076996 -0.564630389213562 -0.30083611607551575
0.1477867066860199 -0.5319418907165527 -0.27336061000823975
0.12184310704469681 -0.5021762251853943 -0.24828504025936127
0.09789244830608368 -0.47485581040382385 -0.22528347373008728
0.07561331242322922 -0.4494962692260742 -0.20402614772319794
0.054679885506629944 -0.42560631036758423 -0.18417870998382568
0.03476149961352348 -0.4026864469051361 -0.16540171205997467
0.01552234124392271 -0.38022884726524353 -0.14735029637813568
-0.003306408878415823 -0.35783588886260986 -0.12976399064064026
-0.021804815158247948 -0.3354184925556183 -0.11261725425720215
-0.04001764953136444 -0.3129442036151886 -0.09592807292938232
-0.05798467621207237 -0.2903875410556793 -0.07971993833780289
-0.07574069499969482 -0.26773011684417725 -0.06402155756950378
-0.09331553429365158 -0.2449614405632019 -0.048866476863622665
-0.11073388904333115 -0.22207874059677124 -0.03429260477423668
-0.12801538407802582 -0.19908732175827026 -0.02034156024456024
-0.14517386257648468 -0.17600038647651672 -0.007054568268358707
-0.1622142344713211 -0.15283136069774628 0.005560743156820536
-0.17914113402366638 -0.12958797812461853 0.017520679160952568
-0.19596341252326965 -0.10627280175685883 0.028847144916653633
-0.21269455552101135 -0.08288303762674332 0.039567116647958755
-0.22935210168361664 -0.059410687536001205 0.049711961299180984
-0.24595783650875092 -0.03584223613142967 0.05931711196899414
-0.2625373899936676 -0.012159192934632301 0.06842133402824402
-0.27912014722824097 0.011662296950817108 0.07706619799137115
-0.2957344353199005 0.03565286099910736 0.08527526259422302
-0.31240105628967285 0.05984695255756378 0.09303699433803558
-0.3291389048099518 0.08427763730287552 0.10033658146858215
-0.34596529603004456 0.10897543281316757 0.10715954005718231
-0.3628961145877838 0.1339685171842575 0.11349191516637802
-0.3799460530281067 0.15928281843662262 0.11932042986154556
-0.3971278965473175 0.1849413514137268 0.12463247776031494
-0.41445329785346985 0.2109648585319519 0.1294163167476654
-0.43196702003479004 0.23740805685520172 0.1336410939693451
-0.4499286413192749 0.26455211639404297 0.1371545046567917
-0.4686773419380188 0.2927634119987488 0.13976223766803741
-0.4885493218898773 0.3224067687988281 0.1412758231163025
-0.5098778009414673 0.3538453280925751 0.14151209592819214
-0.5329927802085876 0.38744065165519714 0.14029277861118317
-0.5582225322723389 0.42355436086654663 0.1374436765909195
-0.5858941674232483 0.4625486135482788 0.13279366493225098
-0.6163336038589478 0.5047889947891235 0.1261734813451767
-0.649840772151947 0.5507113933563232 0.11740576475858688
-0.6868039965629578 0.6009951829910278 0.10626634955406189
-0.7278590202331543 0.6566593647003174 0.09244167059659958
-0.7739692330360413 0.7191639542579651 0.07548195868730545
-0.8265443444252014 0.7905771136283875 0.054734110832214355
-0.8876386880874634 0.8738546967506409 0.029237810522317886
-0.9602886438369751 0.9733165502548218 -0.002444991609081626
-1.0491218566894531 1.095503807067871 -0.04253211244940758
0.7254478931427002 -1.391417384147644 -0.905335545539856
0.6031641960144043 -1.1963648796081543 -0.7859081625938416
0.5136134624481201 -1.058077096939087 -0.6976561546325684
0.44346800446510315 -0.9539152383804321 -0.6278164982795715
0.38558605313301086 -0.8717111945152283 -0.5695606470108032
0.33583471179008484 -0.8043415546417236 -0.5189563632011414
0.29172468185424805 -0.7473739981651306 -0.4736649990081787
0.2517686188220978 -0.6979399919509888 -0.4323338568210602
0.21516390144824982 -0.6541557312011719 -0.39429792761802673
0.18161286413669586 -0.6148182153701782 -0.3594056963920593
0.1509370058774948 -0.5792749524116516 -0.3275432288646698
0.1228429451584816 -0.547071099281311 -0.2984054386615753
0.09702691435813904 -0.517748236656189 -0.27167442440986633
0.0731794461607933 -0.4908396601676941 -0.24702610075473785
0.05098533257842064 -0.4658699333667755 -0.22413061559200287
0.030123425647616386 -0.44235488772392273 -0.2026517540216446
0.010266336612403393 -0.4198010265827179 -0.18224690854549408
-0.008919783867895603 -0.3977050483226776 -0.16256669163703918
-0.027704020962119102 -0.37566888332366943 -0.14334417879581451
-0.046168841421604156 -0.3535948395729065 -0.1245463490486145
-0.06435990333557129 -0.3314422369003296 -0.10618593543767929
-0.08231581747531891 -0.3091794550418854 -0.08828388154506683
-0.10006826370954514 -0.28678420186042786 -0.07086897641420364
-0.11764195561408997 -0.2642439007759094 -0.05397748947143555
-0.1350545585155487 -0.24155640602111816 -0.037652645260095596
-0.15231676399707794 -0.21873006224632263 -0.021943824365735054
-0.1694321632385254 -0.19578325748443604 -0.0069018397480249405
-0.18640078604221344 -0.17273402214050293 0.007459369488060474
-0.2032262235879898 -0.14959272742271423 0.021153204143047333
-0.21991728246212006 -0.12636405229568481 0.03419995307922363
-0.2364879995584488 -0.10304644703865051 0.046626150608062744
-0.2529572546482086 -0.07963233441114426 0.05846384912729263
-0.2693489193916321 -0.05610791593790054 0.06975020468235016
-0.2856912314891815 -0.032453503459692 0.08052662760019302
-0.30201688408851624 -0.008643288165330887 0.09083811938762665
-0.3183574080467224 0.015355601906776428 0.10070886462926865
-0.33473628759384155 0.03957952931523323 0.11012192070484161
-0.3511754870414734 0.06406384706497192 0.11905670166015625
-0.36769577860832214 0.08884183317422867 0.12749305367469788
-0.3843167722225189 0.11394482851028442 0.13541154563426971
-0.4010571837425232 0.13940243422985077 0.14279349148273468
-0.41793420910835266 0.1652417927980423 0.14962103962898254
-0.43496423959732056 0.19148828089237213 0.15587739646434784
-0.45219704508781433 0.21820098161697388 0.16152755916118622
-0.4698966145515442 0.24566228687763214 0.16642102599143982
-0.48840591311454773 0.27423790097236633 0.1703675389289856
-0.5080650448799133 0.30429205298423767 0.17318260669708252
-0.5292106866836548 0.3361873924732208 0.17468717694282532
-0.5521763563156128 0.3702848553657532 0.17470690608024597
-0.5772939324378967 0.4069456160068512 0.1730715036392212
-0.6048937439918518 0.44653138518333435 0.16961367428302765
-0.6353040933609009 0.48940643668174744 0.16416804492473602
-0.6687899827957153 0.5359682440757751 0.15656311810016632
-0.7056723833084106 0.5868327617645264 0.1465834230184555
-0.7465407848358154 0.6429895162582397 0.1339227706193924
-0.7923409938812256 0.7059144377708435 0.11813274770975113
-0.844505250453949 0.7777557969093323 0.09854863584041595
-0.9051723480224609 0.8616517782211304 0.07417308539152145
-0.9775765538215637 0.9622877836227417 0.043480291962623596
-1.0667673349380493 1.0869290828704834 0.004059446509927511
0.6939749121665955 -1.411814570426941 -0.9534062743186951
0.572467029094696 -1.2124027013778687 -0.8292516469955444
0.4836775064468384 -1.0717847347259521 -0.7377238273620605
0.414232462644577 -0.9664599895477295 -0.6654011607170105
0.3569844365119934 -0.8838270902633667 -0.6051167249679565
0.30780404806137085 -0.8165134191513062 -0.5527440905570984
0.2642056941986084 -0.759921133518219 -0.5058239102363586
0.22470395267009735 -0.7110534906387329 -0.46292540431022644
0.18849562108516693 -0.6679117679595947 -0.42333364486694336
0.15528114140033722 -0.6291830539703369 -0.38687068223953247
0.12488794326782227 -0.5941736102104187 -0.3534218370914459
0.09703396260738373 -0.5624434947967529 -0.32269084453582764
0.07142423838376999 -0.53354811668396 -0.29436540603637695
0.047755785286426544 -0.5070317983627319 -0.26812461018562317
0.02571825683116913 -0.48242878913879395 -0.24363960325717926
0.004993907641619444 -0.4592633843421936 -0.22057364881038666
-0.014742402359843254 -0.43704915046691895 -0.19858184456825256
-0.033823415637016296 -0.41528892517089844 -0.1773112714290619
-0.05251852422952652 -0.39358609914779663 -0.1564890742301941
-0.07091105729341507 -0.3718358278274536 -0.13607439398765564
-0.08904600143432617 -0.34999004006385803 -0.11607407033443451
-0.1069595217704773 -0.3280114233493805 -0.09650588035583496
-0.12467918545007706 -0.3058738112449646 -0.07739810645580292
-0.1422237753868103 -0.2835625410079956 -0.05878915637731552
-0.15960337221622467 -0.26107537746429443 -0.04072706773877144
-0.1768193393945694 -0.23842266201972961 -0.023268641903996468
-0.1938650757074356 -0.2156268209218979 -0.006474206689745188
-0.21073570847511292 -0.19270943105220795 0.009635133668780327
-0.22743399441242218 -0.16968323290348053 0.02506854385137558
-0.24396882951259613 -0.14655452966690063 0.03984340652823448
-0.2603548765182495 -0.12332265824079514 0.05398459732532501
-0.27661246061325073 -0.0999801978468895 0.06752371788024902
-0.29276755452156067 -0.07651267200708389 0.0804985761642456
-0.3088509440422058 -0.05289900675415993 0.09295222908258438
-0.32489854097366333 -0.02911119908094406 0.10493230819702148
-0.34094536304473877 -0.005113672465085983 0.11646322160959244
-0.35701867938041687 0.019132690504193306 0.1275230199098587
-0.3731440305709839 0.043666157871484756 0.13808566331863403
-0.38934633135795593 0.06852316111326218 0.1481257826089859
-0.4056491255760193 0.09373840689659119 0.15761859714984894
-0.4220755398273468 0.11934509873390198 0.1665405035018921
-0.43864718079566956 0.14537416398525238 0.17486858367919922
-0.4553850293159485 0.17185498774051666 0.18258114159107208
-0.47234317660331726 0.19885027408599854 0.1896393597126007
-0.4897892475128174 0.22664235532283783 0.19589470326900482
-0.5080689787864685 0.2555955648422241 0.2011612504720688
-0.5275251865386963 0.2860727608203888 0.20525892078876495
-0.5484975576400757 0.3184354305267334 0.2080129235982895
-0.5713223218917847 0.3530435562133789 0.20925310254096985
-0.5963344573974609 0.390257865190506 0.20881345868110657
-0.6238676309585571 0.430439829826355 0.20653073489665985
-0.6542521715164185 0.47395235300064087 0.20224379003047943
-0.687719464302063 0.5211524963378906 0.1957947462797165
-0.7245272994041443 0.5725883841514587 0.18699370324611664
-0.7652252912521362 0.6292199492454529 0.17555993795394897
-0.8107523322105408 0.6925447583198547 0.1610659509897232
-0.8625789880752563 0.7648051381111145 0.14285758137702942
-0.9229570031166077 0.8493521213531494 0.11992638558149338
-0.9953715205192566 0.9513037204742432 0.09068917483091354
-1.0854098796844482 1.0788068771362305 0.05257358029484749
0.6598554849624634 -1.4306941032409668 -0.9983928799629211
0.5396287441253662 -1.2278039455413818 -0.8701039552688599
0.45187628269195557 -1.0853182077407837 -0.7756588459014893
0.3833000957965851 -0.9790838360786438 -0.7010974884033203
0.3268016576766968 -0.896160900592804 -0.6389689445495605
0.27828285098075867 -0.8289751410484314 -0.5849802494049072
0.23527716100215912 -0.7727901935577393 -0.5365660190582275
0.19630981981754303 -0.7244977951049805 -0.49222415685653687
0.1605817675590515 -0.6819955110549927 -0.45119279623031616
0.12779289484024048 -0.6438683271408081 -0.41326621174812317
0.09777455031871796 -0.6093828678131104 -0.3783276677131653
0.07025284320116043 -0.5781129002571106 -0.3460894823074341
0.04493911564350128 -0.5496265292167664 -0.3162456452846527
0.02153508923947811 -0.523479700088501 -0.28847938776016235
-0.00026619789423421025 -0.49921679496765137 -0.26246413588523865
-0.020780086517333984 -0.47637131810188293 -0.2378636747598648
-0.04033016040921211 -0.4544656276702881 -0.21433275938034058
-0.059248413890600204 -0.433010458946228 -0.19151635468006134
-0.07780414074659348 -0.4116128087043762 -0.16913704574108124
-0.09607982635498047 -0.3901619613170624 -0.1471460461616516
-0.11411820352077484 -0.3686037063598633 -0.12554407119750977
-0.13195179402828217 -0.34689590334892273 -0.10434521734714508
-0.14960306882858276 -0.32500869035720825 -0.08357656747102737
-0.16708436608314514 -0.3029251992702484 -0.06327786296606064
-0.1843978762626648 -0.280642569065094 -0.0435011200606823
-0.2015356868505478 -0.2581718862056732 -0.02430962771177292
-0.21848128736019135 -0.2355382889509201 -0.005772448610514402
-0.23522517085075378 -0.21276582777500153 0.012081507593393326
-0.25176945328712463 -0.1898690015077591 0.029255740344524384
-0.2681228220462799 -0.16685503721237183 0.045763254165649414
-0.2843007743358612 -0.14372366666793823 0.0616258904337883
-0.30032485723495483 -0.12046714127063751 0.07687339186668396
-0.3162228763103485 -0.09706994146108627 0.09154287725687027
-0.33202797174453735 -0.07350923866033554 0.10567785799503326
-0.347778856754303 -0.04975456744432449 0.11932731419801712
-0.3635143041610718 -0.025767149403691292 0.13251547515392303
-0.3792658746242523 -0.0015042966697365046 0.1452159881591797
-0.39506393671035767 0.023075804114341736 0.15739813446998596
-0.410937637090683 0.04801306128501892 0.16903160512447357
-0.4269152283668518 0.07334563881158829 0.18008697032928467
-0.4430241584777832 0.09911008179187775 0.190535768866539
-0.4592905342578888 0.12534068524837494 0.2003503441810608
-0.47573956847190857 0.15207001566886902 0.2095043659210205
-0.49242961406707764 0.1793634295463562 0.21795521676540375
-0.5096303820610046 0.20750188827514648 0.22555644810199738
-0.5276896357536316 0.23684734106063843 0.23212659358978271
-0.5469521284103394 0.26776039600372314 0.2374899983406067
-0.5677592754364014 0.30060091614723206 0.24147655069828033
-0.5904501676559448 0.3357277810573578 0.24392062425613403
-0.6153619885444641 0.3735010027885437 0.24466076493263245
-0.6428317427635193 0.41428235173225403 0.24353814125061035
-0.6731919646263123 0.45843422412872314 0.24039627611637115
-0.7066435813903809 0.5062720775604248 0.23509731888771057
-0.7433866858482361 0.5582751631736755 0.22749118506908417
-0.7839387059211731 0.6153738498687744 0.2173389047384262
-0.829240083694458 0.6790900826454163 0.20425301790237427
-0.8808120489120483 0.7517673373222351 0.1876140534877777
-0.9410392642021179 0.8369869589805603 0.16643494367599487
-1.0136979818344116 0.9403435587882996 0.1391201913356781
-1.105006217956543 1.0709853172302246 0.10299818217754364
0.6226872205734253 -1.4475637674331665 -1.0399081707000732
0.5043143033981323 -1.2423089742660522 -0.9081358909606934
0.4179258346557617 -1.0985618829727173 -0.8111671209335327
0.3504258692264557 -0.9917601346969604 -0.7346349358558655
0.29482340812683105 -0.908738911151886 -0.6708651185035706
0.2470814734697342 -0.8417813181877136 -0.61542809009552
0.2047697901725769 -0.7860469222068787 -0.5656689405441284
0.1664344072341919 -0.7383385300636292 -0.5200232863426208
0.13128617405891418 -0.6964669823646545 -0.4776851236820221
0.0990266278386116 -0.6589281558990479 -0.4384203255176544
0.06948878616094589 -0.624953031539917 -0.4021073281764984
0.04240339994430542 -0.5941264629364014 -0.3684658706188202
0.017485447227954865 -0.5660284757614136 -0.33719602227211
-0.005560527555644512 -0.5402257442474365 -0.3079853951931
-0.02703925594687462 -0.5162731409072876 -0.280510812997818
-0.04726430028676987 -0.49371466040611267 -0.2544384300708771
-0.0665578544139862 -0.4720824658870697 -0.2294241189956665
-0.08525093644857407 -0.45089730620384216 -0.2051132321357727
-0.1036117672920227 -0.42977187037467957 -0.1812257319688797
-0.12172018736600876 -0.40859147906303406 -0.15770553052425385
-0.13961514830589294 -0.38729721307754517 -0.13454726338386536
-0.1573244035243988 -0.36584287881851196 -0.11176095902919769
-0.1748647391796112 -0.34419551491737366 -0.08937183767557144
-0.19224168360233307 -0.3223361372947693 -0.06742008030414581
-0.2094496190547943 -0.30026042461395264 -0.04596035182476044
-0.22647197544574738 -0.2779797613620758 -0.02506100945174694
-0.24328307807445526 -0.2555199861526489 -0.00479835644364357
-0.25986921787261963 -0.23290657997131348 0.014790534041821957
-0.2762316167354584 -0.2101547122001648 0.03370200842618942
-0.29237887263298035 -0.1872718781232834 0.051943179219961166
-0.3083268105983734 -0.16425739228725433 0.06953122466802597
-0.32409799098968506 -0.1411026120185852 0.08649247139692307
-0.3397214114665985 -0.11779039353132248 0.10286179184913635
-0.3552321195602417 -0.09429574757814407 0.11868152767419815
-0.37067097425460815 -0.07058535516262054 0.13400059938430786
-0.38608023524284363 -0.046616699546575546 0.14884237945079803
-0.40149688720703125 -0.022342676296830177 0.16317711770534515
-0.4169563949108124 0.0022826797794550657 0.17697007954120636
-0.43249306082725525 0.02730308473110199 0.19018682837486267
-0.448140025138855 0.05276014655828476 0.20279359817504883
-0.46392926573753357 0.07869350910186768 0.21475745737552643
-0.4798913300037384 0.10514016449451447 0.22604623436927795
-0.4960554838180542 0.13213500380516052 0.23662884533405304
-0.5124835968017578 0.15974462032318115 0.24645891785621643
-0.5294468402862549 0.18824730813503265 0.255391925573349
-0.5472936630249023 0.2180013656616211 0.26325082778930664
-0.5663697719573975 0.24936437606811523 0.26986458897590637
-0.5870184302330017 0.2826939523220062 0.2750679850578308
-0.6095801591873169 0.3183475136756897 0.2787005305290222
-0.634394645690918 0.3566846549510956 0.2806055545806885
-0.661801815032959 0.3980677127838135 0.2806292176246643
-0.6921374201774597 0.4428596496582031 0.2786203622817993
-0.7255752682685852 0.49133601784706116 0.27446556091308594
-0.7622657418251038 0.5439083576202393 0.2680645287036896
-0.802700936794281 0.6014789342880249 0.2592324912548065
-0.8478296995162964 0.6655946969985962 0.24763822555541992
-0.89923095703125 0.7387006282806396 0.23271982371807098
-0.9594330787658691 0.824612021446228 0.2135459929704666
-1.032525897026062 0.9294188618659973 0.18856315314769745
-1.1254210472106934 1.0633419752120972 0.15508784353733063
0.5820467472076416 -1.4619556665420532 -1.0776201486587524
0.46616995334625244 -1.2556713819503784 -0.9430509209632874
0.3815273642539978 -1.1114070415496826 -0.843974232673645
0.31535518169403076 -1.0044670104980469 -0.7657546401023865
0.26083046197891235 -0.9215900301933289 -0.7005577087402344
0.2140098214149475 -0.8549870848655701 -0.6438510417938232
0.1725180298089981 -0.7997555732727051 -0.5929077863693237
0.13493312895298004 -0.7526381611824036 -0.5461107492446899
0.1004825010895729 -0.7113813757896423 -0.5026138424873352
0.06887196749448776 -0.6744109392166138 -0.4621536433696747
0.03993406146764755 -0.6409280300140381 -0.42460015416145325
0.013400333933532238 -0.6105254888534546 -0.38967791199684143
-0.011013193055987358 -0.5827929377555847 -0.35709142684936523
-0.033600710332393646 -0.5573068857192993 -0.3265329599380493
-0.054665472358465195 -0.5336330533027649 -0.2976832389831543
-0.07451930642127991 -0.5113258957862854 -0.27021217346191406
-0.09348253160715103 -0.48992908000946045 -0.2437790334224701
-0.11188414692878723 -0.4689750671386719 -0.21803252398967743
-0.1299896240234375 -0.4480845034122467 -0.19269254803657532
-0.14787441492080688 -0.4271409511566162 -0.16769707202911377
-0.16557234525680542 -0.4060824513435364 -0.14303499460220337
-0.18310560286045074 -0.38485994935035706 -0.11871225386857986
-0.20048478245735168 -0.36343812942504883 -0.09475161880254745
-0.21770884096622467 -0.3417961597442627 -0.07119254767894745
-0.2347649782896042 -0.3199281692504883 -0.04809083417057991
-0.2516288161277771 -0.297844260931015 -0.025517795234918594
-0.26826709508895874 -0.27556994557380676 -0.003554821712896228
-0.2846622169017792 -0.2531305253505707 0.017752837389707565
-0.30081456899642944 -0.23054081201553345 0.03839291259646416
-0.3167321979999542 -0.20780742168426514 0.058365002274513245
-0.3324306011199951 -0.18492837250232697 0.07767992466688156
-0.3479326367378235 -0.16189321875572205 0.09635879099369049
-0.3632678985595703 -0.13868258893489838 0.11443246155977249
-0.37847232818603516 -0.11526869237422943 0.13194023072719574
-0.3935879170894623 -0.09161494672298431 0.14892913401126862
-0.4086601436138153 -0.06767445802688599 0.1654209941625595
-0.4237320125102997 -0.04339482635259628 0.18138372898101807
-0.4388449192047119 -0.018725255504250526 0.1967795491218567
-0.4540387988090515 0.006382099352777004 0.21157068014144897
-0.46935194730758667 0.031972307711839676 0.2257194221019745
-0.4848209321498871 0.058087751269340515 0.23918862640857697
-0.5004806518554688 0.08476738631725311 0.2519414722919464
-0.5163640975952148 0.11204735934734344 0.26394206285476685
-0.5325362682342529 0.1399940401315689 0.27514004707336426
-0.5492685437202454 0.1688814014196396 0.2853923738002777
-0.5669094324111938 0.19906270503997803 0.2945263683795929
-0.5858049392700195 0.23089157044887543 0.3023759126663208
-0.6062990427017212 0.2647225260734558 0.30878087878227234
-0.6287336349487305 0.3009113073348999 0.31358641386032104
-0.6534510850906372 0.33981722593307495 0.31664156913757324
-0.6807941198348999 0.38180387020111084 0.3177981674671173
-0.7111021876335144 0.42723605036735535 0.31691113114356995
-0.7445270419120789 0.47635331749916077 0.31389322876930237
-0.7811775803565979 0.5295044779777527 0.3086981475353241
-0.8215266466140747 0.587566614151001 0.3012017011642456
-0.8665353059768677 0.6521105766296387 0.2911394238471985
-0.9178417921066284 0.7256781458854675 0.2780246436595917
-0.9781168103218079 0.8123087882995605 0.26101183891296387
-1.051764965057373 0.9185765981674194 0.23864269256591797
-1.1464067697525024 1.0557823181152344 0.20831982791423798
0.5375415682792664 -1.4735065698623657 -1.1113251447677612
0.42487138509750366 -1.267707347869873 -0.9746466875076294
0.34240975975990295 -1.123783826828003 -0.8738765716552734
0.2778579592704773 -1.0172051191329956 -0.7942503690719604
0.2246250957250595 -0.9347579479217529 -0.7278396487236023
0.17889592051506042 -0.8686584234237671 -0.6700423359870911
0.1383703351020813 -0.8139903545379639 -0.6180785298347473
0.10167092829942703 -0.76747065782547 -0.5702889561653137
0.06804878264665604 -0.7268081903457642 -0.5257912278175354
0.037217237055301666 -0.6903825402259827 -0.484291136264801
0.009006330743432045 -0.6573721766471863 -0.4456460475921631
-0.016855230554938316 -0.6273741126060486 -0.40958061814308167
-0.04065265879034996 -0.5999845266342163 -0.3758017420768738
-0.06267999857664108 -0.5747888088226318 -0.34400492906570435
-0.08323919028043747 -0.5513622164726257 -0.3138751685619354
-0.10263976454734802 -0.5292707681655884 -0.2850877344608307
-0.12119883298873901 -0.5080703496932983 -0.25730761885643005
-0.1392415165901184 -0.4873066842556 -0.23018987476825714
-0.15702836215496063 -0.4666109085083008 -0.2034580260515213
-0.17462879419326782 -0.4458671808242798 -0.1770458221435547
-0.19207048416137695 -0.42501237988471985 -0.15093737840652466
-0.20936954021453857 -0.40399637818336487 -0.12513475120067596
-0.22653044760227203 -0.3827822804450989 -0.09965783357620239
-0.24354608356952667 -0.3613477945327759 -0.07454421371221542
-0.2603975236415863 -0.33968544006347656 -0.04984898492693901
-0.27705442905426025 -0.3178034722805023 -0.02564394846558571
-0.29347771406173706 -0.2957254648208618 -0.002012785756960511
-0.3096467852592468 -0.2734750211238861 0.02099144458770752
-0.32556045055389404 -0.2510651648044586 0.043346501886844635
-0.3412257432937622 -0.22850047051906586 0.06504293531179428
-0.3566572368144989 -0.20577660202980042 0.08608350157737732
-0.37187713384628296 -0.18288032710552216 0.10648229718208313
-0.38691446185112 -0.15978921949863434 0.12626415491104126
-0.40180492401123047 -0.13647209107875824 0.1454634666442871
-0.4165903925895691 -0.11288855224847794 0.16412320733070374
-0.4313187301158905 -0.0889865979552269 0.1822628676891327
-0.44603973627090454 -0.06470753997564316 0.19984906911849976
-0.46080130338668823 -0.03999504819512367 0.21684208512306213
-0.4756491780281067 -0.014796712435781956 0.23320125043392181
-0.49062713980674744 0.010936059057712555 0.2488853484392166
-0.5057764053344727 0.03724811598658562 0.26385289430618286
-0.5211358666419983 0.06417971849441528 0.27806225419044495
-0.5367422699928284 0.09176713228225708 0.29147231578826904
-0.5526624917984009 0.12007495015859604 0.3040277659893036
-0.5691677927970886 0.1493709832429886 0.31558698415756226
-0.5866056680679321 0.18000182509422302 0.3259812891483307
-0.6053218245506287 0.21231572329998016 0.33504971861839294
-0.6256603002548218 0.24666357040405273 0.34263795614242554
-0.6479646563529968 0.28339892625808716 0.3485974669456482
-0.6725790500640869 0.32288089394569397 0.3527839779853821
-0.6998499631881714 0.36547502875328064 0.35505592823028564
-0.7301214337348938 0.4115496873855591 0.3552754819393158
-0.7635285258293152 0.46131452918052673 0.3533806800842285
-0.8001472353935242 0.5150650143623352 0.34937697649002075
-0.8404362201690674 0.5736570954322815 0.34320077300071716
-0.8853698372840881 0.6386843919754028 0.33465775847435
-0.9366403818130493 0.7127755284309387 0.3233456611633301
-0.9970480799674988 0.8001720905303955 0.30852535367012024
-1.0712858438491821 0.9078911542892456 0.28887590765953064
-1.167641043663025 1.0482450723648071 0.2619750201702118
0.48909518122673035 -1.4823719263076782 -1.1413415670394897
0.3803810477256775 -1.2785700559616089 -1.0031546354293823
0.30054476857185364 -1.135833978652954 -0.9010251760482788
0.23789891600608826 -1.0301090478897095 -0.8202065229415894
0.18615467846393585 -0.9483762383460999 -0.7527400851249695
0.141663059592247 -0.8829355239868164 -0.6939873695373535
0.1022217869758606 -0.8289051651954651 -0.6411333680152893
0.06651205569505692 -0.7830072641372681 -0.5924844145774841
0.033817630261182785 -0.7429388761520386 -0.5471246838569641
0.003864169353619218 -0.7070540189743042 -0.5047265887260437
-0.023521842435002327 -0.6745144724845886 -0.4651278257369995
-0.048617828637361526 -0.6449171900749207 -0.4280482232570648
-0.07171226292848587 -0.6178626418113708 -0.3931936025619507
-0.09309994429349899 -0.5929430723190308 -0.36026105284690857
-0.11308149248361588 -0.5697434544563293 -0.3289397954940796
-0.13196340203285217 -0.5478413701057434 -0.29891103506088257
-0.15005826950073242 -0.5268063545227051 -0.2698478102684021
-0.16768528521060944 -0.5061991810798645 -0.2414143979549408
-0.18509803712368011 -0.4856637418270111 -0.21334171295166016
-0.202358677983284 -0.4650871157646179 -0.18556147813796997
-0.2194882333278656 -0.4444068670272827 -0.1580544263124466
-0.23649652302265167 -0.4235730767250061 -0.1308194398880005
-0.2533824145793915 -0.40254855155944824 -0.10387348383665085
-0.27013346552848816 -0.3813099265098572 -0.07725153118371964
-0.28672605752944946 -0.35984814167022705 -0.0510065034031868
-0.3031255006790161 -0.33816900849342346 -0.02520851045846939
-0.31928911805152893 -0.31629297137260437 5.912459528190084e-05
-0.33519405126571655 -0.29424071311950684 0.02473626099526882
-0.3508376181125641 -0.2720223069190979 0.04879004508256912
-0.36622509360313416 -0.24963924288749695 0.07220107316970825
-0.38136976957321167 -0.22708390653133392 0.09496301412582397
-0.396292120218277 -0.20433957874774933 0.11708160489797592
-0.4110200107097626 -0.1813802272081375 0.13857433199882507
-0.42558759450912476 -0.15817086398601532 0.15946902334690094
-0.44003552198410034 -0.13466696441173553 0.1798030436038971
-0.45441335439682007 -0.1108110174536705 0.19959263503551483
-0.468777596950531 -0.0865369588136673 0.2188035100698471
-0.4831826984882355 -0.06178196147084236 0.23739422857761383
-0.49768030643463135 -0.0364883653819561 0.2553211450576782
-0.5123192071914673 -0.010603554546833038 0.27253904938697815
-0.5271453857421875 0.015919974073767662 0.2890014946460724
-0.5422013401985168 0.04312372952699661 0.3046611249446869
-0.557526707649231 0.07104369252920151 0.31947019696235657
-0.5731902718544006 0.09974181652069092 0.33336764574050903
-0.5894616842269897 0.12947764992713928 0.34621238708496094
-0.6066863536834717 0.16058912873268127 0.35784024000167847
-0.6252087354660034 0.19341765344142914 0.36809560656547546
-0.6453729271888733 0.22830919921398163 0.37683093547821045
-0.6675230860710144 0.26561471819877625 0.3839048147201538
-0.6920055747032166 0.3056931793689728 0.3891806900501251
-0.7191712260246277 0.34891316294670105 0.3925250768661499
-0.749369204044342 0.39564815163612366 0.3938082158565521
-0.78272545337677 0.446086049079895 0.39299333095550537
-0.8192939758300781 0.5004799365997314 0.3901362419128418
-0.8595261573791504 0.5596702694892883 0.3852338492870331
-0.9044104814529419 0.6252715587615967 0.3781651556491852
-0.9556866884231567 0.6999872326850891 0.36862054467201233
-1.0162672996520996 0.7882320284843445 0.3559858202934265
-1.0910935401916504 0.8974046111106873 0.3391178250312805
-1.1890374422073364 1.0407031774520874 0.3158591389656067
0.43675005435943604 -1.4889047145843506 -1.168188214302063
0.3327457010746002 -1.2885433435440063 -1.0289801359176636
0.25596198439598083 -1.1477878093719482 -0.9257222414016724
0.1954781413078308 -1.0433745384216309 -0.8438356518745422
0.14538297057151794 -0.9626254439353943 -0.7753977179527283
0.10223452746868134 -0.8980011343955994 -0.7157646417617798
0.06395276635885239 -0.8446962237358093 -0.6621013879776001
0.02929319441318512 -0.7994680404663086 -0.6126875877380371
-0.0024175504222512245 -0.7600210309028625 -0.5665735006332397
-0.031435176730155945 -0.724699079990387 -0.5233926177024841
-0.05793682113289833 -0.6926515698432922 -0.48295527696609497
-0.08220893144607544 -0.6634717583656311 -0.4449704587459564
-0.10454503446817398 -0.6367614269256592 -0.40913885831832886
-0.1252415031194687 -0.6121192574501038 -0.37515705823898315
-0.144597589969635 -0.5891395807266235 -0.34271740913391113
-0.16291610896587372 -0.567412257194519 -0.3115077614784241
-0.18050387501716614 -0.5465219616889954 -0.281210720539093
-0.19767248630523682 -0.5260464549064636 -0.2515028715133667
-0.21466673910617828 -0.5056450963020325 -0.22212569415569305
-0.23154088854789734 -0.48520973324775696 -0.19301146268844604
-0.24830912053585052 -0.46468016505241394 -0.16413918137550354
-0.26497527956962585 -0.4440077841281891 -0.13550564646720886
-0.2815331220626831 -0.4231560528278351 -0.10712525993585587
-0.29796597361564636 -0.4021010100841522 -0.07903014123439789
-0.3142467737197876 -0.38083192706108093 -0.05127006024122238
-0.33033835887908936 -0.35935187339782715 -0.02391178533434868
-0.3461964726448059 -0.337677538394928 0.002963840961456299
-0.36179694533348083 -0.3158254325389862 0.029290754348039627
-0.37713539600372314 -0.2938019037246704 0.05502566695213318
-0.3922156095504761 -0.27160459756851196 0.0801391452550888
-0.4070490002632141 -0.2492220103740692 0.10461541265249252
-0.4216541647911072 -0.226633682847023 0.12845143675804138
-0.43605688214302063 -0.20380975306034088 0.15165649354457855
-0.4502889811992645 -0.18071125447750092 0.17425097525119781
-0.46438899636268616 -0.15728984773159027 0.19626550376415253
-0.4784074127674103 -0.13348212838172913 0.2177121639251709
-0.4924067556858063 -0.10921373218297958 0.23855526745319366
-0.5064476728439331 -0.08441432565450668 0.25875088572502136
-0.5205869674682617 -0.05901996046304703 0.2782513499259949
-0.5348782539367676 -0.03297313675284386 0.2970062792301178
-0.5493716597557068 -0.006222877651453018 0.3149629533290863
-0.5641128420829773 0.021274233236908913 0.33206650614738464
-0.5791440010070801 0.04955439642071724 0.34826111793518066
-0.5945350527763367 0.07867686450481415 0.3634779751300812
-0.6105527877807617 0.10889094322919846 0.3775765597820282
-0.6275391578674316 0.14052334427833557 0.3903973400592804
-0.645836353302002 0.17390674352645874 0.4017912447452545
-0.6657873392105103 0.20938090980052948 0.41161811351776123
-0.6877365112304688 0.24729356169700623 0.41974514722824097
-0.7120326161384583 0.28800374269485474 0.426044762134552
-0.7390304803848267 0.33188384771347046 0.43039247393608093
-0.7690865397453308 0.379315048456192 0.4326680600643158
-0.8023263216018677 0.43047261238098145 0.4328610599040985
-0.8387958407402039 0.48558011651039124 0.4310791492462158
-0.8789482712745667 0.5454687476158142 0.42738261818885803
-0.9237882494926453 0.6117719411849976 0.4217285215854645
-0.9750980138778687 0.6872546672821045 0.4139101803302765
-1.0358811616897583 0.7764710783958435 0.40345802903175354
-1.1112815141677856 0.8871257901191711 0.3894488513469696
-1.2106436491012573 1.0331299304962158 0.370084285736084
0.38053879141807556 -1.4934616088867188 -1.192392110824585
0.2819700837135315 -1.2979187965393066 -1.0525450706481934
0.20863564312458038 -1.1598883867263794 -0.9482892155647278
0.15053673088550568 -1.0572152137756348 -0.8653713464736938
0.10221604257822037 -0.9777069687843323 -0.7959718704223633
0.060480523854494095 -0.9140575528144836 -0.7354720830917358
0.023397473618388176 -0.8615798950195312 -0.6810312867164612
-0.01018715649843216 -0.8170894980430603 -0.6309064030647278
-0.040893059223890305 -0.7783151865005493 -0.5841126441955566
-0.06895054131746292 -0.7436016798019409 -0.5402359962463379
-0.0945398360490799 -0.7120872139930725 -0.4990497827529907
-0.11795895546674728 -0.6833580732345581 -0.460246205329895
-0.1395079344511032 -0.6570162177085876 -0.42351630330085754
-0.15948528051376343 -0.6326653957366943 -0.3885533809661865
-0.17818890511989594 -0.6099095940589905 -0.35505175590515137
-0.19591721892356873 -0.5883524417877197 -0.32270604372024536
-0.21297016739845276 -0.5675949454307556 -0.2912095785140991
-0.22965008020401 -0.5472347140312195 -0.26025399565696716
-0.24619145691394806 -0.5269486308097839 -0.22959448397159576
-0.26264050602912903 -0.5066348910331726 -0.1991664171218872
-0.2790047526359558 -0.486237108707428 -0.16894903779029846
-0.2952826917171478 -0.4657088816165924 -0.13893815875053406
-0.31146368384361267 -0.4450148344039917 -0.10914641618728638
-0.32752785086631775 -0.4241308271884918 -0.07960313558578491
-0.3434460759162903 -0.4030444920063019 -0.05035439133644104
-0.3591804504394531 -0.38175615668296814 -0.021462509408593178
-0.3746868073940277 -0.36027783155441284 0.006995935924351215
-0.3899405598640442 -0.3386212885379791 0.034950364381074905
-0.40493637323379517 -0.3167884945869446 0.06234798580408096
-0.4196763336658478 -0.29477277398109436 0.08915001153945923
-0.43417003750801086 -0.2725585699081421 0.11533158272504807
-0.44843390583992004 -0.25012150406837463 0.14088094234466553
-0.4624912142753601 -0.22742795944213867 0.165799081325531
-0.476371169090271 -0.20443543791770935 0.19009849429130554
-0.4901094138622284 -0.1810920685529709 0.2138025462627411
-0.5037561655044556 -0.15732872486114502 0.23691801726818085
-0.5173794031143188 -0.13306191563606262 0.25940632820129395
-0.5310444831848145 -0.10821272432804108 0.2812194228172302
-0.5448132753372192 -0.08270987123250961 0.30230414867401123
-0.5587431788444519 -0.056489717215299606 0.3226029872894287
-0.5728875994682312 -0.029496565461158752 0.3420548737049103
-0.5872952938079834 -0.0016838344745337963 0.36059558391571045
-0.6020103096961975 0.026986192911863327 0.3781590163707733
-0.6171033382415771 0.0565708689391613 0.3946668803691864
-0.632836639881134 0.08730708807706833 0.40997904539108276
-0.6495471596717834 0.11950765550136566 0.4239417314529419
-0.6675731539726257 0.1534942388534546 0.43641340732574463
-0.6872553825378418 0.18959899246692657 0.44726288318634033
-0.7089378237724304 0.2281656712293625 0.4563671946525574
-0.7329710721969604 0.26955360174179077 0.46360912919044495
-0.7597150802612305 0.3141404390335083 0.4688746929168701
-0.7895343899726868 0.3623177707195282 0.47205403447151184
-0.8225646018981934 0.4142589867115021 0.4731656014919281
-0.8588610291481018 0.47017306089401245 0.4723726212978363
-0.8988891243934631 0.530889630317688 0.4698032736778259
-0.943673312664032 0.5980591773986816 0.4654989540576935
-0.9950313568115234 0.6744935512542725 0.4593665301799774
-1.0560365915298462 0.7648482322692871 0.45110151171684265
-1.1319787502288818 0.8770443797111511 0.440041184425354
-1.232534408569336 1.0254875421524048 0.4248366951942444
0.3204804062843323 -1.4963994026184082 -1.2144869565963745
0.2280096858739853 -1.3069943189620972 -1.0742853879928589
0.15847623348236084 -1.1723952293395996 -0.9690646529197693
0.10294747352600098 -1.0718668699264526 -0.8850643634796143
0.05649302899837494 -0.9938461780548096 -0.8146379590034485
0.016209490597248077 -0.9313327670097351 -0.7532228827476501
-0.01966395229101181 -0.8797950744628906 -0.6979852914810181
-0.052175264805555344 -0.8361287713050842 -0.6471622586250305
-0.08188024908304214 -0.7980988621711731 -0.5997292399406433
-0.1089775487780571 -0.764057993888855 -0.5552141070365906
-0.1336500346660614 -0.7331333160400391 -0.5133423209190369
-0.1562093049287796 -0.704901933670044 -0.47378212213516235
-0.17696303129196167 -0.6789641380310059 -0.4362108111381531
-0.1962122619152069 -0.6549285054206848 -0.4003151059150696
-0.2142532765865326 -0.6324096322059631 -0.3657900094985962
-0.23137935996055603 -0.6110257506370544 -0.33233642578125
-0.24788238108158112 -0.5903964042663574 -0.299659788608551
-0.26405397057533264 -0.570141613483429 -0.2674686908721924
-0.2801169455051422 -0.549958348274231 -0.23553556203842163
-0.2961096465587616 -0.5297527313232422 -0.20380106568336487
-0.31203362345695496 -0.5094725489616394 -0.17224648594856262
-0.3278824985027313 -0.4890744984149933 -0.1408681571483612
-0.3436422049999237 -0.46852463483810425 -0.10967770218849182
-0.35929086804389954 -0.4477991461753845 -0.07870205491781235
-0.37479859590530396 -0.4268842339515686 -0.04798340052366257
-0.3901280462741852 -0.4057767987251282 -0.017578842118382454
-0.40523675084114075 -0.384484201669693 0.012440554797649384
-0.42010101675987244 -0.3630129396915436 0.04200146347284317
-0.43471449613571167 -0.3413598835468292 0.07104316353797913
-0.44907841086387634 -0.31951409578323364 0.09951882809400558
-0.4632004201412201 -0.2974558174610138 0.12739543616771698
-0.4770949184894562 -0.2751568853855133 0.1546531468629837
-0.4907822608947754 -0.2525802552700043 0.18128497898578644
-0.504288911819458 -0.22968052327632904 0.20729555189609528
-0.5176469683647156 -0.2064030021429062 0.23270057141780853
-0.5309060215950012 -0.18267332017421722 0.2575005292892456
-0.5441372990608215 -0.15839816629886627 0.2816516160964966
-0.5574106574058533 -0.1334892362356186 0.3050993084907532
-0.5707913637161255 -0.10786686092615128 0.3277824819087982
-0.58433997631073 -0.08145985752344131 0.34963417053222656
-0.5981127619743347 -0.05420630797743797 0.3705829977989197
-0.6121605634689331 -0.02605464868247509 0.3905530273914337
-0.6265296339988708 0.0030363043770194054 0.40946564078330994
-0.6412907838821411 0.03312351927161217 0.4272313416004181
-0.6566999554634094 0.0644293874502182 0.44371065497398376
-0.6730872392654419 0.09724972397089005 0.45875728130340576
-0.6907849311828613 0.13189281523227692 0.47223860025405884
-0.7101301550865173 0.16868166625499725 0.4840342700481415
-0.731465756893158 0.20795537531375885 0.49403271079063416
-0.7551436424255371 0.25007396936416626 0.5021286010742188
-0.7815289497375488 0.2954220771789551 0.5082197785377502
-0.8109961152076721 0.34440499544143677 0.5122078657150269
-0.8437025547027588 0.3972071707248688 0.5141431093215942
-0.8797318339347839 0.4540407657623291 0.514249861240387
-0.9195739030838013 0.5157425403594971 0.5127291083335876
-0.9642766118049622 0.5839786529541016 0.509713888168335
-1.0156868696212769 0.661592423915863 0.5052352547645569
-1.0769226551055908 0.7532980442047119 0.499173104763031
-1.1533524990081787 0.8671301007270813 0.4911613166332245
-1.2548142671585083 1.0177266597747803 0.4803781509399414
0.2565792500972748 -1.4980748891830444 -1.2350096702575684
0.17076529562473297 -1.3160754442214966 -1.094647765159607
0.10532265901565552 -1.1855860948562622 -0.9884006381034851
0.05250609293580055 -1.087591290473938 -0.9031784534454346
0.007977209985256195 -1.0112993717193604 -0.83158278465271
-0.030840355902910233 -0.9500850439071655 -0.7691395878791809
-0.06551294028759003 -0.8996095657348633 -0.7130340337753296
-0.09696842730045319 -0.8568673133850098 -0.6614840626716614
-0.1256903111934662 -0.8196691870689392 -0.61341792345047
-0.1518411636352539 -0.7863789200782776 -0.5682914853096008
-0.17560668289661407 -0.7561122179031372 -0.5257697701454163
-0.19731353223323822 -0.7284344434738159 -0.4854903817176819
-0.2172778695821762 -0.702943742275238 -0.44711166620254517
-0.2358032912015915 -0.6792540550231934 -0.41031110286712646
-0.25318387150764465 -0.6569909453392029 -0.3747822940349579
-0.26970696449279785 -0.6357890367507935 -0.340232253074646
-0.28565502166748047 -0.6152889132499695 -0.30637916922569275
-0.3013072907924652 -0.595134973526001 -0.27295100688934326
-0.31687381863594055 -0.5750476717948914 -0.23974014818668365
-0.332385390996933 -0.5549414157867432 -0.2066948264837265
-0.3478383719921112 -0.5347687005996704 -0.1738000512123108
-0.36322256922721863 -0.5144898891448975 -0.14105400443077087
-0.3785214126110077 -0.49407273530960083 -0.10846823453903198
-0.39371195435523987 -0.4734937250614166 -0.07606770843267441
-0.4087647497653961 -0.4527375102043152 -0.04389084875583649
-0.42364421486854553 -0.43179792165756226 -0.011989177204668522
-0.4383109509944916 -0.41067707538604736 0.019572705030441284
-0.45274272561073303 -0.3893757462501526 0.05072065815329552
-0.4669334590435028 -0.36788588762283325 0.08138828724622726
-0.4808832108974457 -0.3461916148662567 0.11152240633964539
-0.4945985674858093 -0.3242693543434143 0.14108337461948395
-0.5080916285514832 -0.3020874261856079 0.17004427313804626
-0.5213804244995117 -0.2796061635017395 0.19839073717594147
-0.5344879031181335 -0.25677764415740967 0.22611992061138153
-0.5474424958229065 -0.2335454523563385 0.25323978066444397
-0.5602922439575195 -0.20983071625232697 0.27974313497543335
-0.5731106400489807 -0.18553024530410767 0.3055778741836548
-0.5859705209732056 -0.16054585576057434 0.33068007230758667
-0.5989390015602112 -0.13478830456733704 0.3549777567386627
-0.6120797395706177 -0.10817783325910568 0.3783923387527466
-0.6254509687423706 -0.08064443618059158 0.40083932876586914
-0.6391057372093201 -0.052129536867141724 0.42222917079925537
-0.6530919671058655 -0.022585928440093994 0.44246864318847656
-0.6674807667732239 0.00804512482136488 0.46145564317703247
-0.6825200915336609 0.03996944800019264 0.4790523052215576
-0.6985300183296204 0.073462575674057 0.49512168765068054
-0.7158353328704834 0.10881701111793518 0.5095424056053162
-0.7347674369812012 0.1463448852300644 0.5222067832946777
-0.7556664943695068 0.18638016283512115 0.5330166220664978
-0.7788857221603394 0.2292843461036682 0.5418801307678223
-0.8047952055931091 0.2754509150981903 0.5487083196640015
-0.8337810039520264 0.32530325651168823 0.5534155964851379
-0.8660342693328857 0.37905198335647583 0.5560867786407471
-0.9016883373260498 0.4369339942932129 0.5570130348205566
-0.9412703514099121 0.4998042583465576 0.5564737915992737
-0.9858561754226685 0.5693445801734924 0.5547007322311401
-1.037313461303711 0.6484118103981018 0.5518597960472107
-1.0987749099731445 0.741731584072113 0.54803067445755
-1.1756110191345215 0.8573339581489563 0.5431725978851318
-1.27761709690094 1.0097875595092773 0.5370451807975769
0.1888207644224167 -1.4988439083099365 -1.2545011043548584
0.11007362604141235 -1.3254777193069458 -1.1140929460525513
0.048929497599601746 -1.199762225151062 -1.0066646337509155
-0.0010832312982529402 -1.104683518409729 -0.9199899435043335
-0.0436587780714035 -1.0303596258163452 -0.8470021486282349
-0.08101508021354675 -0.9706109762191772 -0.7833511829376221
-0.11450507491827011 -0.9213270545005798 -0.7262527346611023
-0.14492575824260712 -0.8796181082725525 -0.673904538154602
-0.17268316447734833 -0.8433483839035034 -0.6251770853996277
-0.1979028731584549 -0.8108946681022644 -0.579436719417572
-0.22077471017837524 -0.7813593745231628 -0.5362733006477356
-0.24164177477359772 -0.7542954087257385 -0.4952870011329651
-0.26082876324653625 -0.7292982935905457 -0.4561121463775635
-0.27864137291908264 -0.7059875726699829 -0.41841360926628113
-0.29537078738212585 -0.6840018033981323 -0.38188204169273376
-0.3112969994544983 -0.6629934310913086 -0.3462299108505249
-0.3266916573047638 -0.6426262855529785 -0.31118911504745483
-0.3418199419975281 -0.6225727796554565 -0.2765089273452759
-0.35687774419784546 -0.6025784015655518 -0.2420043796300888
-0.37188899517059326 -0.5825667381286621 -0.20763316750526428
-0.38684576749801636 -0.5624952912330627 -0.17338544130325317
-0.40173494815826416 -0.5423277020454407 -0.1392623782157898
-0.41653844714164734 -0.5220338702201843 -0.10527634620666504
-0.43123316764831543 -0.5015900135040283 -0.07145089656114578
-0.44579097628593445 -0.48097971081733704 -0.03782098740339279
-0.46017906069755554 -0.460193008184433 -0.004432422108948231
-0.4743618071079254 -0.4392271935939789 0.028657160699367523
-0.48831960558891296 -0.4180768132209778 0.061374977231025696
-0.5020467638969421 -0.3967284858226776 0.09365157037973404
-0.5155434608459473 -0.3751617670059204 0.12542973458766937
-0.5288147926330566 -0.3533490300178528 0.1566648632287979
-0.5418713092803955 -0.3312557637691498 0.18732428550720215
-0.5547283291816711 -0.3088400363922119 0.21738730370998383
-0.567405641078949 -0.28605255484580994 0.24684388935565948
-0.5799278020858765 -0.2628362774848938 0.27569442987442017
-0.5923402309417725 -0.23910877108573914 0.3039224445819855
-0.6047177910804749 -0.21475747227668762 0.3314637839794159
-0.6171343326568604 -0.1896742731332779 0.35824158787727356
-0.6296595335006714 -0.1637599915266037 0.3841703236103058
-0.6423580646514893 -0.13692501187324524 0.40915682911872864
-0.655290424823761 -0.10908970236778259 0.4331015944480896
-0.6685118675231934 -0.08018618077039719 0.4558994472026825
-0.6820725202560425 -0.05015832930803299 0.47744131088256836
-0.6960439682006836 -0.018942920491099358 0.4976111650466919
-0.7106641530990601 0.013647285290062428 0.5162749290466309
-0.7262401580810547 0.047864221036434174 0.5333073735237122
-0.7430863380432129 0.08398203551769257 0.5486008524894714
-0.7615267634391785 0.12230052798986435 0.5620628595352173
-0.7818971872329712 0.1631481945514679 0.5736104846000671
-0.8045505285263062 0.20688889920711517 0.5831676125526428
-0.8298622965812683 0.2539277970790863 0.5906594395637512
-0.8582308292388916 0.30471107363700867 0.5960142612457275
-0.8898950219154358 0.3594946265220642 0.5993547439575195
-0.9250582456588745 0.4185657799243927 0.6010430455207825
-0.9642993807792664 0.48281288146972656 0.6014422178268433
-1.0087263584136963 0.5539335012435913 0.6008890867233276
-1.0602178573608398 0.6347800493240356 0.5996924042701721
-1.1218845844268799 0.7300342321395874 0.5981435179710388
-1.1990077495574951 0.8475876450538635 0.5965425968170166
-1.301106572151184 1.001599669456482 0.595251202583313
0.11717069894075394 -1.499060034751892 -1.2735036611557007
0.0456995889544487 -1.335530400276184 -1.1330960988998413
-0.01104588434100151 -1.2152574062347412 -1.0242420434951782
-0.058223363012075424 -1.1234829425811768 -0.9357888698577881
-0.09884913265705109 -1.0513701438903809 -0.8610991835594177
-0.13476026058197021 -0.9932571053504944 -0.7959886789321899
-0.16708339750766754 -0.9452972412109375 -0.7377164363861084
-0.19647900760173798 -0.9047339558601379 -0.6844556331634521
-0.22327573597431183 -0.8694913387298584 -0.6350048184394836
-0.2475665658712387 -0.8379603028297424 -0.5886187553405762
-0.26954904198646545 -0.809228241443634 -0.5447953343391418
-0.28958311676979065 -0.7828353047370911 -0.5030894875526428
-0.30800166726112366 -0.758375346660614 -0.4631071090698242
-0.32511159777641296 -0.735474705696106 -0.4244970977306366
-0.34119975566864014 -0.7137860655784607 -0.38694527745246887
-0.35653725266456604 -0.6929822564125061 -0.3501691222190857
-0.37138310074806213 -0.6727525591850281 -0.31391486525535583
-0.3859860897064209 -0.6528002023696899 -0.2779550850391388
-0.40052682161331177 -0.6328984498977661 -0.24213004112243652
-0.4150230884552002 -0.6129799485206604 -0.20640838146209717
-0.4294634759426117 -0.5930066704750061 -0.17078636586666107
-0.4438328146934509 -0.5729454755783081 -0.13526907563209534
-0.4581122398376465 -0.5527675747871399 -0.09987033158540726
-0.47227928042411804 -0.5324493050575256 -0.0646129921078682
-0.48630771040916443 -0.5119723677635193 -0.029528817161917686
-0.5001680254936218 -0.4913235306739807 0.005341792944818735
-0.5138289928436279 -0.4704945683479309 0.039948418736457825
-0.5272738337516785 -0.4494737684726715 0.07422187179327011
-0.5404981970787048 -0.42824193835258484 0.10809266567230225
-0.5535023808479309 -0.40677398443222046 0.14150205254554749
-0.5662910342216492 -0.38503873348236084 0.17440256476402283
-0.5788729190826416 -0.3629990220069885 0.2067573219537735
-0.5912607908248901 -0.34061118960380554 0.23854005336761475
-0.6034712791442871 -0.31782567501068115 0.26973429322242737
-0.6155247092247009 -0.29458579421043396 0.3003326654434204
-0.6274638772010803 -0.2708072364330292 0.33030763268470764
-0.6393633484840393 -0.24636931717395782 0.3595788776874542
-0.6512981057167053 -0.2211546003818512 0.38805273175239563
-0.6633385419845581 -0.1950540691614151 0.4156268239021301
-0.6755514740943909 -0.16796767711639404 0.442191481590271
-0.6879996061325073 -0.13980485498905182 0.46763044595718384
-0.7007408142089844 -0.11048614978790283 0.4918217062950134
-0.713828444480896 -0.07994348555803299 0.5146394371986389
-0.727335512638092 -0.04810606315732002 0.5359542965888977
-0.7414872646331787 -0.01480705477297306 0.555637776851654
-0.7565748691558838 0.020178494974970818 0.573579728603363
-0.7728991508483887 0.057103972882032394 0.5896897315979004
-0.7907738089561462 0.09625548869371414 0.6038927435874939
-0.8105280995368958 0.1379559487104416 0.6161238551139832
-0.8325133919715881 0.18257297575473785 0.6263239979743958
-0.857109785079956 0.2305266261100769 0.634434700012207
-0.8847290873527527 0.2822921574115753 0.6403988599777222
-0.9156697392463684 0.33819323778152466 0.6443788409233093
-0.9502272605895996 0.3986009359359741 0.6468105316162109
-0.9890469908714294 0.4644566476345062 0.6481441259384155
-1.0332714319229126 0.5374765396118164 0.6488250494003296
-1.084776759147644 0.6204870939254761 0.6493100523948669
-1.1466090679168701 0.7180634140968323 0.6501063704490662
-1.2238497734069824 0.8378034234046936 0.6518522500991821
-1.3254766464233398 0.9930812120437622 0.6554859280586243
0.041547730565071106 -1.4990710020065308 -1.2925610542297363
-0.022696131840348244 -1.3465791940689087 -1.1521519422531128
-0.07507851719856262 -1.232446312904358 -1.0415406227111816
-0.11945869028568268 -1.144385576248169 -0.9508834481239319
-0.15816561877727509 -1.0747385025024414 -0.8740891814231873
-0.19264619052410126 -1.0184340476989746 -0.8071898221969604
-0.22379714250564575 -0.9719284772872925 -0.7475026249885559
-0.25214481353759766 -0.9326167702674866 -0.6931705474853516
-0.2779487371444702 -0.8984910249710083 -0.6429005861282349
-0.3012810945510864 -0.8679574728012085 -0.5958085060119629
-0.3223537504673004 -0.8400890231132507 -0.5512804388999939
-0.3415428698062897 -0.8144137859344482 -0.5088188052177429
-0.35918816924095154 -0.7905246019363403 -0.46799564361572266
-0.37559589743614197 -0.7680566310882568 -0.4284408688545227
-0.3910464346408844 -0.7466785311698914 -0.3898336887359619
-0.40579983592033386 -0.7260856032371521 -0.35189616680145264
-0.42009997367858887 -0.7059954404830933 -0.31438949704170227
-0.43417713046073914 -0.6861448287963867 -0.2771115303039551
-0.4481945037841797 -0.6663364171981812 -0.23992998898029327
-0.4621644914150238 -0.6465117335319519 -0.20282530784606934
-0.47607293725013733 -0.6266364455223083 -0.16580037772655487
-0.48990342020988464 -0.6066795587539673 -0.12886473536491394
-0.5036367774009705 -0.5866132974624634 -0.09203434735536575
-0.5172514319419861 -0.5664132833480835 -0.05533171445131302
-0.5307233929634094 -0.5460591316223145 -0.01878601685166359
-0.544026255607605 -0.5255337357521057 0.017567364498972893
-0.5571332573890686 -0.5048233866691589 0.05368499085307121
-0.570030689239502 -0.48390981554985046 0.08950360864400864
-0.5827162265777588 -0.46276742219924927 0.12495692819356918
-0.5951903462409973 -0.4413662552833557 0.1599874347448349
-0.6074572801589966 -0.4196714758872986 0.19454681873321533
-0.6195244789123535 -0.3976438045501709 0.22859549522399902
-0.6314022541046143 -0.3752385377883911 0.26210278272628784
-0.6431037187576294 -0.35240644216537476 0.2950458824634552
-0.6546453833580017 -0.32909271121025085 0.32740986347198486
-0.6660661101341248 -0.3052126169204712 0.3591535687446594
-0.6774406433105469 -0.2806398868560791 0.3901759684085846
-0.6888441443443298 -0.25524935126304626 0.42036283016204834
-0.7003487348556519 -0.22892320156097412 0.4495925009250641
-0.7120233774185181 -0.20155097544193268 0.47773656249046326
-0.7239340543746948 -0.17303037643432617 0.5046613216400146
-0.7361427545547485 -0.14326860010623932 0.530227780342102
-0.74870765209198 -0.11218252032995224 0.5542941093444824
-0.7617044448852539 -0.07969044893980026 0.5767183303833008
-0.7753437161445618 -0.045647747814655304 0.5973814725875854
-0.789896547794342 -0.009859583340585232 0.6161924600601196
-0.8056468367576599 0.027904419228434563 0.6330811381340027
-0.8228943943977356 0.06791551411151886 0.6479932069778442
-0.8419596552848816 0.11049116402864456 0.660884439945221
-0.8631902933120728 0.15600459277629852 0.6717153191566467
-0.886969268321991 0.20489448308944702 0.6804450750350952
-0.9137223362922668 0.25767239928245544 0.6870335340499878
-0.9438188672065735 0.3147578239440918 0.6916821002960205
-0.9776675701141357 0.37664809823036194 0.6949000954627991
-1.0159920454025269 0.4443642795085907 0.6972236037254333
-1.059971809387207 0.5196480751037598 0.6992068886756897
-1.1114611625671387 0.6052764058113098 0.7014528512954712
-1.1733856201171875 0.7056421041488647 0.7046763896942139
-1.2504972219467163 0.8278704285621643 0.7098260521888733
-1.3509368896484375 0.9841399192810059 0.7183322906494141
-0.03895573318004608 -1.4990711212158203 -1.3121566772460938
-0.09621994942426682 -1.3588932752609253 -1.1717215776443481
-0.14429843425750732 -1.2517306804656982 -1.059009313583374
-0.18585292994976044 -1.1678916215896606 -0.9656949043273926
-0.22255784273147583 -1.1010109186172485 -0.8863539099693298
-0.2554854452610016 -1.0466872453689575 -0.8172926902770996
-0.28531593084335327 -1.0017292499542236 -0.7559036016464233
-0.31245794892311096 -0.9637154936790466 -0.7002928853034973
-0.3371211886405945 -0.9307267069816589 -0.6490570306777954
-0.3593786060810089 -0.9012007117271423 -0.601146936416626
-0.37946224212646484 -0.8742032647132874 -0.5558204054832458
-0.39775753021240234 -0.8492518067359924 -0.5125224590301514
-0.4146040081977844 -0.8259398937225342 -0.4707886278629303
-0.4303009510040283 -0.8039117455482483 -0.43022745847702026
-0.44511663913726807 -0.7828524112701416 -0.3905101716518402
-0.45929449796676636 -0.7624794840812683 -0.35136210918426514
-0.47305843234062195 -0.7425382137298584 -0.3125588595867157
-0.48661500215530396 -0.7227984070777893 -0.2739230692386627
-0.5001073479652405 -0.7030918002128601 -0.23534992337226868
-0.513542890548706 -0.6833671927452087 -0.1968313306570053
-0.5269066691398621 -0.6635931730270386 -0.15837694704532623
-0.540181577205658 -0.6437401175498962 -0.1200006902217865
-0.5533494353294373 -0.6237808465957642 -0.08172087371349335
-0.5663902759552002 -0.603689968585968 -0.04356011748313904
-0.5792827010154724 -0.5834446549415588 -0.005545503925532103
-0.5920042395591736 -0.5630243420600891 0.03229180723428726
-0.6045320630073547 -0.5424100160598755 0.06991482526063919
-0.6168569326400757 -0.5215763449668884 0.10726850479841232
-0.6289784908294678 -0.5004912614822388 0.14429327845573425
-0.6408988237380981 -0.4791194200515747 0.1809355765581131
-0.6526224613189697 -0.4574228525161743 0.21714849770069122
-0.6641556620597839 -0.43535998463630676 0.2528911232948303
-0.6755070090293884 -0.4128860533237457 0.2881290316581726
-0.6866867542266846 -0.389953076839447 0.3228333592414856
-0.6977071166038513 -0.36650919914245605 0.356980562210083
-0.7086036205291748 -0.34247174859046936 0.39051392674446106
-0.7194488048553467 -0.31771084666252136 0.4233073592185974
-0.7303168773651123 -0.2920956015586853 0.45522281527519226
-0.741280734539032 -0.26550036668777466 0.48611700534820557
-0.7524104714393616 -0.23780477046966553 0.5158422589302063
-0.7637743949890137 -0.20889408886432648 0.5442469716072083
-0.7754382491111755 -0.17866061627864838 0.5711763501167297
-0.7874650955200195 -0.14700356125831604 0.596473753452301
-0.7999337911605835 -0.1138271912932396 0.6199875473976135
-0.8130385279655457 -0.0790100023150444 0.6416125297546387
-0.8270288705825806 -0.042389728128910065 0.6612821817398071
-0.8421697616577148 -0.003760918043553829 0.6789515018463135
-0.8587454557418823 0.03713152930140495 0.694591760635376
-0.8770656585693359 0.08059903979301453 0.7081836462020874
-0.8974723815917969 0.12702080607414246 0.7197113633155823
-0.9203504323959351 0.17685586214065552 0.7291565537452698
-0.9461381435394287 0.2306564599275589 0.7364997267723083
-0.9752800464630127 0.28896623849868774 0.7419803738594055
-1.008304476737976 0.3524557650089264 0.7461702227592468
-1.0460164546966553 0.42226076126098633 0.749681293964386
-1.0896217823028564 0.500161349773407 0.7531656622886658
-1.1409204006195068 0.5888661742210388 0.7573567628860474
-1.202642560005188 0.6925112009048462 0.7631462216377258
-1.2790591716766357 0.8175750970840454 0.7717266082763672
-1.3771777153015137 0.9746801257133484 0.78486567735672
-0.12627269327640533 -1.4990711212158203 -1.3327096700668335
-0.17687731981277466 -1.3726378679275513 -1.192211627960205
-0.22059057652950287 -1.2735263109207153 -1.0771313905715942
-0.2590752840042114 -1.1946139335632324 -0.9807775616645813
-0.29344046115875244 -1.130905270576477 -0.8984891176223755
-0.3244340121746063 -1.078752040863037 -0.8268988132476807
-0.35255569219589233 -1.0353844165802002 -0.7634939551353455
-0.3781280219554901 -0.9986209273338318 -0.7063430547714233
-0.4013404846191406 -0.9666780233383179 -0.6539199352264404
-0.4222928583621979 -0.9380667805671692 -0.6049956679344177
-0.4412374794483185 -0.9118669629096985 -0.5586951971054077
-0.45855000615119934 -0.8875877857208252 -0.5144075155258179
-0.4745540916919708 -0.8648238182067871 -0.4716331958770752
-0.4895285665988922 -0.8432265520095825 -0.4299597442150116
-0.5037181377410889 -0.8224945068359375 -0.38904884457588196
-0.5173397064208984 -0.8023629188537598 -0.348626971244812
-0.5305878520011902 -0.782599151134491 -0.30848008394241333
-0.5436373353004456 -0.7629988789558411 -0.26845064759254456
-0.5566064715385437 -0.7434170842170715 -0.2284562587738037
-0.5694995522499084 -0.7238083481788635 -0.18849864602088928
-0.5823031067848206 -0.7041440010070801 -0.14859312772750854
-0.5950024724006653 -0.6843958497047424 -0.1087576374411583
-0.607582151889801 -0.6645369529724121 -0.06901253759860992
-0.620026171207428 -0.6445417404174805 -0.0293807964771986
-0.6323175430297852 -0.6243858933448792 0.010112049989402294
-0.644438624382019 -0.6040459871292114 0.04943813383579254
-0.6563724279403687 -0.5834991931915283 0.08856596797704697
-0.6681150794029236 -0.5627133250236511 0.1274511218070984
-0.6796707510948181 -0.5416489839553833 0.1660444289445877
-0.6910447478294373 -0.5202661752700806 0.20429934561252594
-0.702243447303772 -0.4985233545303345 0.24217234551906586
-0.713273823261261 -0.47637757658958435 0.27962246537208557
-0.724143922328949 -0.453784704208374 0.3166119158267975
-0.7348626852035522 -0.4306994080543518 0.3531052768230438
-0.7454397678375244 -0.4070746600627899 0.3890693783760071
-0.75590580701828 -0.3828313648700714 0.4244289696216583
-0.7663260698318481 -0.3578369617462158 0.45902934670448303
-0.7767687439918518 -0.33195531368255615 0.4927062690258026
-0.7873013615608215 -0.3050530254840851 0.5252932906150818
-0.7979903817176819 -0.27699926495552063 0.5566225647926331
-0.8089011907577515 -0.24766576290130615 0.5865251421928406
-0.8200981616973877 -0.21692834794521332 0.6148312091827393
-0.8316445350646973 -0.18466587364673615 0.6413710713386536
-0.8436179757118225 -0.15076570212841034 0.6659857630729675
-0.8561983704566956 -0.11512917280197144 0.6885907649993896
-0.8696158528327942 -0.07762753218412399 0.709151029586792
-0.8841192126274109 -0.03808180242776871 0.7276545763015747
-0.8999791741371155 0.0037450846284627914 0.7441049218177795
-0.9174947142601013 0.04815610498189926 0.7585148215293884
-0.9370027780532837 0.09553337097167969 0.7709006071090698
-0.9588883519172668 0.1463528424501419 0.7812750935554504
-0.9835994839668274 0.20120422542095184 0.7896498441696167
-1.0116456747055054 0.26077428460121155 0.7962989211082458
-1.043657898902893 0.325950562953949 0.8018360137939453
-1.0804996490478516 0.3980196714401245 0.8069258332252502
-1.1233701705932617 0.4788210391998291 0.8122910261154175
-1.1739603281021118 0.5709871053695679 0.8187577724456787
-1.2347112894058228 0.6783439517021179 0.82733553647995
-1.3092564344406128 0.8065999150276184 0.8393523097038269
-1.403232216835022 0.9646121263504028 0.856702446937561
-0.22250190377235413 -1.4990711212158203 -1.3546578884124756
-0.26682722568511963 -1.3879852294921875 -1.2140390872955322
-0.30602771043777466 -1.2982888221740723 -1.0964139699935913
-0.3410322964191437 -1.2252564430236816 -0.9967315793037415
-0.37252262234687805 -1.1652867794036865 -0.9111503958702087
-0.40100422501564026 -1.1155633926391602 -0.8366748094558716
-0.4268532693386078 -1.0738258361816406 -0.7709095478057861
-0.4503481984138489 -1.0382130146026611 -0.711891770362854
-0.4716918468475342 -1.0071510076522827 -0.6579715609550476
-0.49103617668151855 -0.9792906045913696 -0.6077395081520081
-0.5086455345153809 -0.9537574648857117 -0.5601933598518372
-0.5248587727546692 -0.9300576448440552 -0.5146766901016235
-0.5399606227874756 -0.9077854752540588 -0.470660001039505
-0.554192066192627 -0.8865979313850403 -0.42771226167678833
-0.5677590370178223 -0.866200864315033 -0.3854847252368927
-0.5808396339416504 -0.8463402390480042 -0.3437008559703827
-0.5935882925987244 -0.8267961740493774 -0.30215007066726685
-0.6061388850212097 -0.8073790073394775 -0.26068440079689026
-0.618579089641571 -0.7879567742347717 -0.21923351287841797
-0.6309136748313904 -0.7684889435768127 -0.17780546844005585
-0.6431341171264648 -0.7489488124847412 -0.13641948997974396
-0.6552318930625916 -0.7293106317520142 -0.09509620815515518
-0.6671977043151855 -0.7095487117767334 -0.053857434540987015
-0.6790220737457275 -0.6896378397941589 -0.012726333923637867
-0.6906951665878296 -0.6695536375045776 0.028272513300180435
-0.7022068500518799 -0.6492721438407898 0.06911344081163406
-0.7135477662086487 -0.6287680864334106 0.10976915806531906
-0.7247220277786255 -0.6080026030540466 0.15020836889743805
-0.7357413172721863 -0.5869292616844177 0.19039663672447205
-0.7466166615486145 -0.5655024647712708 0.2302975058555603
-0.757358968257904 -0.5436772108078003 0.2698729336261749
-0.7679784297943115 -0.5214100480079651 0.3090829849243164
-0.7784852981567383 -0.4986584186553955 0.34788650274276733
-0.7888891100883484 -0.4753810465335846 0.38624024391174316
-0.7991992831230164 -0.4515376687049866 0.4240992069244385
-0.8094392418861389 -0.427053838968277 0.4613662660121918
-0.819658100605011 -0.40179386734962463 0.4978548288345337
-0.8299074172973633 -0.3756149411201477 0.5333716869354248
-0.8402395844459534 -0.34837430715560913 0.5677252411842346
-0.8507069945335388 -0.31992897391319275 0.6007263660430908
-0.8613623976707458 -0.2901352345943451 0.6321885585784912
-0.8722590208053589 -0.25884994864463806 0.6619274616241455
-0.883449912071228 -0.22592897713184357 0.6897612810134888
-0.8950037360191345 -0.1912396401166916 0.7155258655548096
-0.9070888757705688 -0.1547042727470398 0.7391650676727295
-0.9199244379997253 -0.11622755974531174 0.760685384273529
-0.933748185634613 -0.07565771043300629 0.7801157236099243
-0.9488219022750854 -0.03277819976210594 0.7975016236305237
-0.9654383063316345 0.012701362371444702 0.8128983974456787
-0.9839292764663696 0.06115984916687012 0.826365053653717
-1.0046789646148682 0.11308140307664871 0.837958812713623
-1.028140664100647 0.16908209025859833 0.8477381467819214
-1.0548657178878784 0.2299996167421341 0.8560095429420471
-1.0855422019958496 0.29697185754776 0.8634001612663269
-1.1210452318191528 0.37146973609924316 0.8705942034721375
-1.1625101566314697 0.4554149806499481 0.8783427476882935
-1.2114430665969849 0.5513664484024048 0.8875070810317993
-1.2698932886123657 0.6628102660179138 0.8991273641586304
-1.3407269716262817 0.7946216464042664 0.9145302772521973
-1.4280873537063599 0.9538448452949524 0.9355092644691467
-0.32988399267196655 -1.4990712404251099 -1.3784681558609009
-0.36835840344429016 -1.4051192998886108 -1.2376385927200317
-0.40287140011787415 -1.3265234231948853 -1.1173985004425049
-0.433908075094223 -1.2606377601623535 -1.014215111732483
-0.4618910849094391 -1.2052135467529297 -0.9250704646110535
-0.4871889352798462 -1.158329725265503 -0.8473685383796692
-0.510123610496521 -1.1183323860168457 -0.778857946395874
-0.5309767723083496 -1.083783745765686 -0.7175631523132324
-0.5499961376190186 -1.0534168481826782 -0.6617251038551331
-0.5674039721488953 -1.0261106491088867 -0.6097680330276489
-0.5834627747535706 -1.0010828971862793 -0.5605843663215637
-0.5984421968460083 -0.9778429269790649 -0.5134900808334351
-0.6125640273094177 -0.9559876918792725 -0.46793675422668457
-0.6260117292404175 -0.9351762533187866 -0.42347902059555054
-0.6389374732971191 -0.9151167273521423 -0.3797568380832672
-0.6514679193496704 -0.8955574035644531 -0.33648473024368286
-0.6637079119682312 -0.8762800693511963 -0.29344451427459717
-0.6757428646087646 -0.8570966720581055 -0.25048160552978516
-0.6876264810562134 -0.8378759622573853 -0.20752115547657013
-0.6993676424026489 -0.8185807466506958 -0.16457197070121765
-0.7109678983688354 -0.7991870641708374 -0.12165427953004837
-0.7224288582801819 -0.7796716094017029 -0.07878939062356949
-0.7337515354156494 -0.7600114941596985 -0.035999368876218796
-0.7449368238449097 -0.7401835322380066 0.006692821159958839
-0.7559850215911865 -0.7201650142669678 0.0492631234228611
-0.7668963074684143 -0.6999330520629883 0.0916866660118103
-0.777672290802002 -0.6794632077217102 0.13393880426883698
-0.7883282899856567 -0.6587099432945251 0.1760043054819107
-0.798886775970459 -0.6376178860664368 0.217868372797966
-0.8093679547309875 -0.6161353588104248 0.2595081031322479
-0.8197908401489258 -0.5942143201828003 0.3008933365345001
-0.8301721215248108 -0.5718103051185608 0.34198594093322754
-0.8405272364616394 -0.5488830804824829 0.3827407658100128
-0.8508691787719727 -0.5253967642784119 0.42310449481010437
-0.8612098693847656 -0.5013201236724854 0.4630166292190552
-0.8715617656707764 -0.47658392786979675 0.5023534893989563
-0.881942868232727 -0.4510463774204254 0.5408923625946045
-0.8923729062080383 -0.4245544373989105 0.5784071087837219
-0.9028729200363159 -0.3969525396823883 0.6146780848503113
-0.9134663343429565 -0.3680821359157562 0.6494928002357483
-0.9241771101951599 -0.3377806544303894 0.6826452016830444
-0.9350316524505615 -0.3058823347091675 0.7139353156089783
-0.9460574388504028 -0.2722166180610657 0.7431691884994507
-0.9573015570640564 -0.23662705719470978 0.770179033279419
-0.9689253568649292 -0.1990536004304886 0.7949453592300415
-0.9811471700668335 -0.15943235158920288 0.817526638507843
-0.9942035675048828 -0.11763922870159149 0.8380041122436523
-1.008354902267456 -0.07348085939884186 0.8564761877059937
-1.0238919258117676 -0.026685088872909546 0.8730517029762268
-1.0411440134048462 0.02311449497938156 0.8878464698791504
-1.060492753982544 0.07639651000499725 0.9009779691696167
-1.0823897123336792 0.13378417491912842 0.9125695824623108
-1.1073894500732422 0.1962597668170929 0.9229584336280823
-1.1361700296401978 0.2652299106121063 0.9327549934387207
-1.169543743133545 0.3423713445663452 0.9426210522651672
-1.2085027694702148 0.42970651388168335 0.9532825946807861
-1.254281759262085 0.5297291278839111 0.9655628800392151
-1.3084479570388794 0.64558345079422 0.9804309606552124
-1.3730316162109375 0.7813199162483215 0.9990682005882263
-1.450723648071289 0.94228595495224 1.022970199584961
-0.45084941387176514 -1.4990712404251099 -1.4046459197998047
-0.4839155077934265 -1.4242403507232666 -1.2634695768356323
-0.5136140584945679 -1.3587921857833862 -1.140670895576477
-0.540249764919281 -1.3017231225967407 -1.0339703559875488
-0.5641527771949768 -1.2520109415054321 -0.9410970211029053
-0.5856614112854004 -1.2086539268493652 -0.8598562479019165
-0.605111300945282 -1.1706959009170532 -0.7881677150726318
-0.6228285431861877 -1.1372359991073608 -0.7240771055221558
-0.6391277313232422 -1.10743248462677 -0.6657515168190002
-0.6543093323707581 -1.0805035829544067 -0.6114861369132996
-0.668615460395813 -1.0558193922042847 -0.5601085424423218
-0.6822187900543213 -1.0329095125198364 -0.5109381675720215
-0.6952570080757141 -1.0113798379898071 -0.4634261727333069
-0.707839846611023 -0.9908933639526367 -0.41711995005607605
-0.7200546264648438 -0.9711578488349915 -0.3716474771499634
-0.7319689393043518 -0.9519170522689819 -0.32670512795448303
-0.743632972240448 -0.9329448342323303 -0.28205057978630066
-0.7550809979438782 -0.9140406250953674 -0.23749779164791107
-0.7663350105285645 -0.8950631618499756 -0.19294312596321106
-0.7774126529693604 -0.8759756684303284 -0.1483875960111618
-0.7883310317993164 -0.8567579984664917 -0.10384849458932877
-0.7991063594818115 -0.8373903036117554 -0.059344567358493805
-0.8097543716430664 -0.8178529739379883 -0.014896123670041561
-0.8202900886535645 -0.7981269359588623 0.029474802315235138
-0.83072829246521 -0.7781933546066284 0.07374437153339386
-0.8410826921463013 -0.7580331563949585 0.11788709461688995
-0.8513690829277039 -0.73762446641922 0.16187892854213715
-0.8616178035736084 -0.7169146537780762 0.20572449266910553
-0.8718661665916443 -0.6958374977111816 0.2494344562292099
-0.8821479678153992 -0.6743330359458923 0.29300400614738464
-0.8924940824508667 -0.6523483991622925 0.33641317486763
-0.9029316306114197 -0.6298377513885498 0.3796263039112091
-0.9134848117828369 -0.6067630648612976 0.42259249091148376
-0.9241733551025391 -0.5830946564674377 0.46524494886398315
-0.9350136518478394 -0.5588117837905884 0.5075013637542725
-0.9460011124610901 -0.5338502526283264 0.5492045283317566
-0.9571003913879395 -0.5080558061599731 0.5900886654853821
-0.9682762622833252 -0.4812592566013336 0.629889190196991
-0.9794954657554626 -0.4532860815525055 0.6683526039123535
-0.9907280802726746 -0.42395609617233276 0.7052381038665771
-1.001947283744812 -0.39308223128318787 0.7403163909912109
-1.0131289958953857 -0.36047089099884033 0.7733683586120605
-1.0242520570755005 -0.32591986656188965 0.8041850924491882
-1.0353224277496338 -0.2892439365386963 0.8325951099395752
-1.0465009212493896 -0.2503950595855713 0.8586251139640808
-1.058017373085022 -0.20933681726455688 0.8823970556259155
-1.0701192617416382 -0.16597230732440948 0.9040567278862
-1.083074927330017 -0.12013434618711472 0.9237666130065918
-1.097178339958191 -0.07157626003026962 0.9417018294334412
-1.1127591133117676 -0.019956639036536217 0.9580479264259338
-1.130192518234253 0.03517809137701988 0.9729974865913391
-1.149916648864746 0.0944298654794693 0.9867557287216187
-1.1724408864974976 0.15890179574489594 0.9996877908706665
-1.1983435153961182 0.23026329278945923 1.0123543739318848
-1.228283166885376 0.3103974163532257 1.0253533124923706
-1.2630196809768677 0.40143147110939026 1.039328694343567
-1.3034361600875854 0.505804181098938 1.0549918413162231
-1.3505688905715942 0.6263472437858582 1.0731462240219116
-1.405643343925476 0.7663815021514893 1.0947165489196777
-1.470118522644043 0.9298421144485474 1.1207852363586426
-0.588082492351532 -1.4990712404251099 -1.4337462186813354
-0.6161254644393921 -1.445563793182373 -1.2920199632644653
-0.6410234570503235 -1.3957221508026123 -1.1668734550476074
-0.663078784942627 -1.3496671915054321 -1.0568516254425049
-0.6826422214508057 -1.3073768615722656 -0.9602473378181458
-0.7000901699066162 -1.2687203884124756 -0.8752177953720093
-0.7158088088035583 -1.233489990234375 -0.7998721599578857
-0.7301839590072632 -1.201426386833191 -0.7323273420333862
-0.7435957193374634 -1.172238826751709 -0.6707392334938049
-0.7564089298248291 -1.1456146240234375 -0.6133435368537903
-0.768828809261322 -1.121159315109253 -0.5589742064476013
-0.7809196710586548 -1.098456859588623 -0.5070078372955322
-0.7927275896072388 -1.0771433115005493 -0.4569253623485565
-0.8042856454849243 -1.0568974018096924 -0.4082805812358856
-0.8156160712242126 -1.0374315977096558 -0.3606877326965332
-0.8267310261726379 -1.018485426902771 -0.3138112723827362
-0.8376330137252808 -0.9998195171356201 -0.2673587501049042
-0.848316490650177 -0.9812130928039551 -0.22107604146003723
-0.8587819933891296 -0.9625045657157898 -0.17479364573955536
-0.8690624833106995 -0.9436565041542053 -0.12849293649196625
-0.8791956901550293 -0.924652099609375 -0.08218194544315338
-0.8892166018486023 -0.9054753184318542 -0.03587230667471886
-0.8991599082946777 -0.8861112594604492 0.010420422069728374
-0.9090591073036194 -0.8665461540222168 0.056676845997571945
-0.9189465641975403 -0.8467665314674377 0.1028733178973198
-0.9288540482521057 -0.8267601132392883 0.1489822119474411
-0.9388148784637451 -0.8065104484558105 0.19497790932655334
-0.948879063129425 -0.785955011844635 0.24088984727859497
-0.9591033458709717 -0.7650122046470642 0.28676217794418335
-0.9695397019386292 -0.7436098456382751 0.33261382579803467
-0.9802353382110596 -0.7216861248016357 0.37843796610832214
-0.9912319779396057 -0.6991910338401794 0.4242015480995178
-1.0025659799575806 -0.6760866641998291 0.4698450565338135
-1.0142666101455688 -0.6523488759994507 0.515281617641449
-1.0263558626174927 -0.6279676556587219 0.5603967308998108
-1.0387998819351196 -0.6028807759284973 0.6049874424934387
-1.0514777898788452 -0.5769115686416626 0.6487345695495605
-1.0642634630203247 -0.5498640537261963 0.69132399559021
-1.0770337581634521 -0.5215343832969666 0.7324587106704712
-1.0896706581115723 -0.49171099066734314 0.7718600034713745
-1.102060317993164 -0.4601731300354004 0.8092666268348694
-1.1140940189361572 -0.42669108510017395 0.8444333672523499
-1.1256680488586426 -0.3910233676433563 0.8771300315856934
-1.1367180347442627 -0.3529485762119293 0.9071781039237976
-1.1474071741104126 -0.31242111325263977 0.9346594214439392
-1.1579934358596802 -0.26942557096481323 0.959773063659668
-1.1687473058700562 -0.22389014065265656 0.9827398657798767
-1.1799545288085938 -0.1756775975227356 1.0037977695465088
-1.1919193267822266 -0.12457701563835144 1.0231983661651611
-1.204971432685852 -0.07029009610414505 1.041205883026123
-1.2194744348526 -0.012416508048772812 1.0580973625183105
-1.235836148262024 0.04958284646272659 1.0741668939590454
-1.25446617603302 0.11688254028558731 1.0898001194000244
-1.2757502794265747 0.19137214124202728 1.105481505393982
-1.300106406211853 0.2751065194606781 1.1217122077941895
-1.3279894590377808 0.3702968955039978 1.139015555381775
-1.3598936796188354 0.47933465242385864 1.1579464673995972
-1.3963534832000732 0.6048088073730469 1.1790989637374878
-1.43793785572052 0.7495085000991821 1.2031116485595703
-1.4852463006973267 0.9164177179336548 1.2306721210479736
-0.7445990443229675 -1.4990711212158203 -1.4663891792297363
-0.7678167819976807 -1.4693219661712646 -1.3238102197647095
-0.7881845235824585 -1.4380141496658325 -1.1967154741287231
-0.8060328364372253 -1.405869960784912 -1.0838662385940552
-0.8217253684997559 -1.3735390901565552 -0.9837893843650818
-0.8356447815895081 -1.3415958881378174 -0.8948580026626587
-0.8481801152229309 -1.310537576675415 -0.815355658531189
-0.8597205877304077 -1.2807897329330444 -0.7435266971588135
-0.8706496953964233 -1.2527134418487549 -0.6776102781295776
-0.8813318610191345 -1.2265980243682861 -0.6158996820449829
-0.8919210433959961 -1.2023969888687134 -0.5573614239692688
-0.9024017453193665 -1.1798197031021118 -0.5015252828598022
-0.9127561450004578 -1.158583402633667 -0.44795846939086914
-0.9229689240455627 -1.1384198665618896 -0.3962455987930298
-0.9330266118049622 -1.1190718412399292 -0.345985472202301
-0.9429174065589905 -1.1002910137176514 -0.29678747057914734
-0.9526314735412598 -1.0818358659744263 -0.24826771020889282
-0.9621598124504089 -1.0634682178497314 -0.20004557073116302
-0.9715123772621155 -1.0450057983398438 -0.15182919800281525
-0.9807445406913757 -1.026408076286316 -0.10356223583221436
-0.9899163246154785 -1.007659673690796 -0.05523407831788063
-0.9990853071212769 -0.9887476563453674 -0.00684231286868453
-1.008307695388794 -0.9696616530418396 0.041607413440942764
-1.0176379680633545 -0.9503933191299438 0.09010127931833267
-1.0271300077438354 -0.9309366345405579 0.13861684501171112
-1.0368375778198242 -0.9112879037857056 0.18712323904037476
-1.0468167066574097 -0.8914386630058289 0.23559121787548065
-1.057141900062561 -0.8713120222091675 0.28408265113830566
-1.0678942203521729 -0.8508012890815735 0.33268678188323975
-1.0791488885879517 -0.8298134803771973 0.3814542293548584
-1.0909743309020996 -0.8082699775695801 0.43039581179618835
-1.103431224822998 -0.7861085534095764 0.479480504989624
-1.1165695190429688 -0.7632848620414734 0.5286343693733215
-1.1304291486740112 -0.7397747039794922 0.5777385830879211
-1.1450339555740356 -0.7155752182006836 0.6266281008720398
-1.160299301147461 -0.6906184554100037 0.6750325560569763
-1.1759659051895142 -0.66468745470047 0.7225592732429504
-1.1917592287063599 -0.6375405192375183 0.7688252925872803
-1.2074090242385864 -0.6089270710945129 0.8134706616401672
-1.2226511240005493 -0.5785874724388123 0.856160581111908
-1.237228512763977 -0.5462521314620972 0.896584689617157
-1.2508920431137085 -0.5116411447525024 0.9344565868377686
-1.263400673866272 -0.47446221113204956 0.9695116877555847
-1.2745742797851562 -0.4344464838504791 1.0015560388565063
-1.2845770120620728 -0.39153438806533813 1.0307340621948242
-1.2937078475952148 -0.345719575881958 1.0573322772979736
-1.302273154258728 -0.2969520092010498 1.081655502319336
-1.3105852603912354 -0.24513106048107147 1.1040239334106445
-1.3189650774002075 -0.19009941816329956 1.1247689723968506
-1.3277428150177002 -0.1316327452659607 1.1442337036132812
-1.3372652530670166 -0.0694306492805481 1.1627743244171143
-1.3478950262069702 -0.0030832847114652395 1.1807621717453003
-1.3599036931991577 0.06856151670217514 1.1985923051834106
-1.3734345436096191 0.14751078188419342 1.2166740894317627
-1.3886317014694214 0.23590368032455444 1.2354209423065186
-1.4056464433670044 0.3359805941581726 1.2552545070648193
-1.4246364831924438 0.4500947594642639 1.2766090631484985
-1.4457639455795288 0.5807178616523743 1.2999335527420044
-1.4691914319992065 0.7304316759109497 1.3256921768188477
-1.4950791597366333 0.9019162058830261 1.3543649911880493
-0.9238561391830444 -1.4990711212158203 -1.5032825469970703
-0.9420446157455444 -1.4957648515701294 -1.3593993186950684
-0.9585481882095337 -1.4864524602890015 -1.2309871912002563
-0.9735625982284546 -1.4720515012741089 -1.116225004196167
-0.9872738718986511 -1.4534968137741089 -1.0133639574050903
-0.9998602271080017 -1.4317426681518555 -0.9207109808921814
-1.0114926099777222 -1.407763957977295 -0.8366197347640991
-1.0223358869552612 -1.3825510740280151 -0.7594866156578064
-1.0325487852096558 -1.3571025133132935 -0.6877527832984924
-1.0422776937484741 -1.3323816061019897 -0.6199570894241333
-1.0515884160995483 -1.308825969696045 -0.5554285049438477
-1.0604941844940186 -1.2864114046096802 -0.494036465883255
-1.0690240859985352 -1.2650563716888428 -0.43554866313934326
-1.077222228050232 -1.2446420192718506 -0.37963080406188965
-1.0851445198059082 -1.225019097328186 -0.32586541771888733
-1.0928583145141602 -1.2060129642486572 -0.2737652659416199
-1.1004395484924316 -1.187426209449768 -0.22278226912021637
-1.1079732179641724 -1.1690409183502197 -0.17231132090091705
-1.1155487298965454 -1.1506727933883667 -0.12184581160545349
-1.1232481002807617 -1.132273554801941 -0.07126285880804062
-1.1311485767364502 -1.1138222217559814 -0.020518776029348373
-1.139326572418213 -1.095304012298584 0.030414460226893425
-1.1478583812713623 -1.076709508895874 0.08154980838298798
-1.1568206548690796 -1.0580350160598755 0.13288526237010956
-1.16629159450531 -1.0392820835113525 0.1844032108783722
-1.1763520240783691 -1.0204577445983887 0.23607030510902405
-1.1870875358581543 -1.0015642642974854 0.2878532111644745
-1.1986035108566284 -0.982500433921814 0.33985963463783264
-1.211011290550232 -0.9631178975105286 0.39224275946617126
-1.2244163751602173 -0.9432851672172546 0.445098876953125
-1.238912582397461 -0.9228885173797607 0.4984634816646576
-1.2545822858810425 -0.9018356204032898 0.552306592464447
-1.2714887857437134 -0.8800574541091919 0.6065290570259094
-1.2896736860275269 -0.8575125932693481 0.660956859588623
-1.3091484308242798 -0.834189236164093 0.7153385877609253
-1.3297299146652222 -0.8099917769432068 0.7692923545837402
-1.3509279489517212 -0.7846285700798035 0.8223130702972412
-1.3722182512283325 -0.7577774524688721 0.8739088177680969
-1.3930785655975342 -0.7291074991226196 0.9236165881156921
-1.4129951000213623 -0.6982797384262085 0.9710069894790649
-1.4314652681350708 -0.6649479269981384 1.0156852006912231
-1.4480009078979492 -0.6287583112716675 1.0572909116744995
-1.4621291160583496 -0.5893475413322449 1.0954973697662354
-1.4734748601913452 -0.5463812947273254 1.1300749778747559
-1.4821833372116089 -0.4997562766075134 1.1612293720245361
-1.4886008501052856 -0.4494529366493225 1.1893372535705566
-1.4930766820907593 -0.3954402506351471 1.2147867679595947
-1.4959622621536255 -0.33767205476760864 1.2379746437072754
-1.4976078271865845 -0.27608609199523926 1.2593029737472534
-1.4983634948730469 -0.21059896051883698 1.2791788578033447
-1.4985758066177368 -0.14110463857650757 1.2980128526687622
-1.4985865354537964 -0.06744816154241562 1.316218376159668
-1.4985864162445068 0.01131562888622284 1.3342170715332031
-1.4985865354537964 0.09710321575403214 1.352443814277649
-1.4985864162445068 0.19197925925254822 1.3713486194610596
-1.4985864162445068 0.2981314957141876 1.3914023637771606
-1.4985864162445068 0.4179120361804962 1.4131008386611938
-1.4985862970352173 0.5538920164108276 1.436975121498108
-1.4985862970352173 0.708925187587738 1.4636021852493286
-1.4985864162445068 0.886238694190979 1.4936197996139526
