ply
format ascii 1.0
element vertex 4096
property float x
property float y
property float z
end_header
0.010252515785396099 -0.0012702656676992774 0.7985838651657104
0.007653204724192619 0.04669933021068573 0.797757089138031
0.005014332477003336 0.09485635161399841 0.7949388027191162
0.002352616749703884 0.14289259910583496 0.7901354432106018
-0.00032310839742422104 0.19064757227897644 0.7833589911460876
-0.003005110425874591 0.23798251152038574 0.7746264338493347
-0.005686057265847921 0.2847675383090973 0.7639597654342651
-0.008358822204172611 0.3308778405189514 0.7513859272003174
-0.011016422882676125 0.3761926591396332 0.7369364500045776
-0.013651976361870766 0.42059436440467834 0.7206478714942932
-0.016258710995316505 0.4639686644077301 0.7025612592697144
-0.0188299510627985 0.5062042474746704 0.6827222108840942
-0.021359143778681755 0.5471934080123901 0.6611807942390442
-0.023839853703975677 0.5868316888809204 0.6379914283752441
-0.02626577764749527 0.6250182390213013 0.613212525844574
-0.02863076888024807 0.6616563200950623 0.5869069695472717
-0.030928829684853554 0.6966530084609985 0.5591410398483276
-0.03315414488315582 0.7299196124076843 0.5299851298332214
-0.0353010818362236 0.7613720297813416 0.4995131194591522
-0.037364207208156586 0.7909307479858398 0.4678022265434265
-0.039338309317827225 0.8185211420059204 0.43493300676345825
-0.041218388825654984 0.844073474407196 0.4009890556335449
-0.042999688535928726 0.8675232529640198 0.36605700850486755
-0.044677697122097015 0.8888113498687744 0.3302261531352997
-0.04624814912676811 0.9078840017318726 0.2935886085033417
-0.04770705848932266 0.9246931076049805 0.25623902678489685
-0.049050696194171906 0.9391962885856628 0.2182748019695282
-0.05027560517191887 0.9513569474220276 0.17979612946510315
-0.05137859284877777 0.9611443877220154 0.1409069001674652
-0.052356719970703125 0.968533992767334 0.10171636193990707
-0.05320719629526138 0.9735070466995239 0.06234455481171608
-0.053927045315504074 0.9760509133338928 0.02294665388762951
-0.05451202765107155 0.976158618927002 -0.016215573996305466
-0.054969437420368195 0.9738315343856812 -0.05563079193234444
-0.05529570206999779 0.9690751433372498 -0.09503719210624695
-0.055489156395196915 0.9619013071060181 -0.1342795044183731
-0.055549003183841705 0.9523279070854187 -0.17323756217956543
-0.055474914610385895 0.9403791427612305 -0.2118019461631775
-0.055266980081796646 0.9260851144790649 -0.24986857175827026
-0.05492565408349037 0.9094817638397217 -0.28733691573143005
-0.054451752454042435 0.8906110525131226 -0.32410937547683716
-0.05384643375873566 0.8695204257965088 -0.36009088158607483
-0.053111203014850616 0.8462632894515991 -0.39518898725509644
-0.05224789306521416 0.820898175239563 -0.4293139576911926
-0.051258672028779984 0.7934891581535339 -0.46237874031066895
-0.05014603212475777 0.7641054391860962 -0.49429917335510254
-0.04891277104616165 0.7328212857246399 -0.5249942541122437
-0.04756200686097145 0.6997156739234924 -0.5543861389160156
-0.046097151935100555 0.664872407913208 -0.5824003219604492
-0.04452192038297653 0.628379762172699 -0.6089659333229065
-0.04284030571579933 0.5903302431106567 -0.6340157985687256
-0.04105657711625099 0.5508202910423279 -0.657486617565155
-0.03917527571320534 0.5099504590034485 -0.6793190240859985
-0.037201203405857086 0.467824786901474 -0.6994580030441284
-0.035139404237270355 0.424550861120224 -0.7178526520729065
-0.032995179295539856 0.3802396059036255 -0.7344566583633423
-0.030774060636758804 0.33500516414642334 -0.7492280602455139
-0.028481829911470413 0.2889649271965027 -0.762129545211792
-0.026124514639377594 0.24223949015140533 -0.7731286287307739
-0.023708419874310493 0.19495351612567902 -0.7821975946426392
-0.02124020829796791 0.14723674952983856 -0.7893134355545044
-0.018727092072367668 0.09922786056995392 -0.794458270072937
-0.016177531331777573 0.051087286323308945 -0.7976189255714417
-0.013608014211058617 0.0031231758184731007 -0.7987867593765259
0.010252507403492928 -0.001270265900529921 0.7985838651657104
0.01754029281437397 0.04702567681670189 0.797610342502594
0.024826020002365112 0.09551028162240982 0.7946446537971497
0.03206288442015648 0.14387325942516327 0.7896943092346191
0.03922664374113083 0.19195300340652466 0.7827718257904053
0.046296440064907074 0.23960982263088226 0.7738944888114929
0.053252846002578735 0.2867129445075989 0.7630847692489624
0.060077279806137085 0.33313673734664917 0.7503698468208313
0.06675184518098831 0.37875959277153015 0.7357818484306335
0.07325920462608337 0.4234630763530731 0.7193575501441956
0.0795825868844986 0.4671321213245392 0.7011383771896362
0.08570576459169388 0.509654700756073 0.6811701655387878
0.09161310642957687 0.5509222745895386 0.6595035791397095
0.0972895473241806 0.5908298492431641 0.636193037033081
0.10272064805030823 0.6292757391929626 0.6112975478172302
0.10789264738559723 0.6661626100540161 0.5848800539970398
0.11279240250587463 0.7013968229293823 0.5570073127746582
0.11740753054618835 0.7348892688751221 0.5277498364448547
0.12172634154558182 0.7665550708770752 0.49718180298805237
0.12573792040348053 0.7963142991065979 0.4653807282447815
0.12943215668201447 0.8240917921066284 0.432427316904068
0.13279971480369568 0.8498173356056213 0.3984054625034332
0.13583211600780487 0.8734259605407715 0.36340194940567017
0.1385217308998108 0.8948583006858826 0.32750627398490906
0.14086177945137024 0.9140599966049194 0.29081064462661743
0.14284642040729523 0.930982768535614 0.2534099519252777
0.144470676779747 0.9455838799476624 0.21540166437625885
0.14573052525520325 0.957826554775238 0.17688609659671783
0.146622896194458 0.9676799178123474 0.13796724379062653
0.14714571833610535 0.9751190543174744 0.09875443577766418
0.14729797840118408 0.9801251888275146 0.05936773493885994
0.14708012342453003 0.9826856255531311 0.019962381571531296
0.14649514853954315 0.9827933311462402 -0.01919984444975853
0.14553573727607727 0.9804496765136719 -0.05860761180520058
0.14420673251152039 0.9756602048873901 -0.09799912571907043
0.14251233637332916 0.9684367775917053 -0.1372191458940506
0.1404571235179901 0.9587975144386292 -0.17614758014678955
0.13804645836353302 0.9467667937278748 -0.21467508375644684
0.13528649508953094 0.9323747754096985 -0.2526976466178894
0.13218428194522858 0.9156577587127686 -0.2901148796081543
0.12874767184257507 0.8966580033302307 -0.3268292546272278
0.12498536705970764 0.8754231929779053 -0.36274591088294983
0.12090690433979034 0.8520071506500244 -0.39777255058288574
0.11652257293462753 0.826468825340271 -0.4318196177482605
0.11184345185756683 0.798872709274292 -0.46480023860931396
0.10688138753175735 0.7692884802818298 -0.4966304898262024
0.10164890438318253 0.7377908825874329 -0.5272296071052551
0.09615922719240189 0.7044594883918762 -0.5565199255943298
0.0904262587428093 0.6693786978721619 -0.5844272375106812
0.08446451276540756 0.6326372623443604 -0.6108809113502502
0.07828909903764725 0.5943284034729004 -0.6358141899108887
0.07191567122936249 0.5545492172241211 -0.6591638326644897
0.06536044180393219 0.5134009122848511 -0.6808710098266602
0.058640096336603165 0.47098827362060547 -0.7008809447288513
0.051771774888038635 0.4274195432662964 -0.7191430330276489
0.04477309063076973 0.38280653953552246 -0.7356112599372864
0.03766204044222832 0.3372640609741211 -0.7502440810203552
0.03045707195997238 0.2909103333950043 -0.7630045413970947
0.02317703887820244 0.24386680126190186 -0.7738605737686157
0.01584133319556713 0.19625893235206604 -0.7827847599983215
0.008470060303807259 0.14821740984916687 -0.7897545099258423
0.0010845954529941082 0.09988179057836533 -0.7947523593902588
-0.006290442775934935 0.051413632929325104 -0.7977657318115234
-0.013608022592961788 0.003123175585642457 -0.7987867593765259
0.010252500884234905 -0.0012702657841145992 0.7985838651657104
0.02560882642865181 0.04684143140912056 0.7974892854690552
0.04099369794130325 0.09514109045267105 0.7944021224975586
0.05630847439169884 0.14331960678100586 0.7893306612968445
0.07150191813707352 0.19121599197387695 0.7822877168655396
0.08652984350919724 0.23869109153747559 0.7732909917831421
0.10135097801685333 0.28561460971832275 0.7623632550239563
0.11592576652765274 0.3318614363670349 0.749532163143158
0.13021601736545563 0.3773103654384613 0.7348299026489258
0.14418460428714752 0.4218434691429138 0.7182936668395996
0.15779557824134827 0.4653461277484894 0.6999651193618774
0.1710139811038971 0.5077067017555237 0.6798905730247498
0.18380610644817352 0.5488170981407166 0.6581206321716309
0.19613933563232422 0.5885725617408752 0.6347103118896484
0.20798230171203613 0.6268720626831055 0.6097186207771301
0.21930499374866486 0.6636185050010681 0.5832088589668274
0.23007865250110626 0.6987186074256897 0.555247962474823
0.240276038646698 0.7320835590362549 0.5259068012237549
0.24987132847309113 0.7636289000511169 0.4952596127986908
0.25884029269218445 0.7932748794555664 0.4633841812610626
0.2671602666378021 0.8209467530250549 0.43036139011383057
0.274810254573822 0.8465744853019714 0.39627528190612793
0.2817709743976593 0.8700934648513794 0.3612128496170044
0.2880248725414276 0.8914443850517273 0.3252636790275574
0.2935561537742615 0.9105731844902039 0.2885202169418335
0.2983509600162506 0.9274317622184753 0.2510773539543152
0.302397221326828 0.9419776201248169 0.21303273737430573
0.30568480491638184 0.9541739821434021 0.17448675632476807
0.3082055151462555 0.9639901518821716 0.13554348051548004
0.3099532127380371 0.9714013338088989 0.09631229192018509
0.3109237551689148 0.9763888120651245 0.05691331997513771
0.311115562915802 0.9789398312568665 0.017501819878816605
0.3105306029319763 0.9790475368499756 -0.02166040614247322
0.309161514043808 0.9767132997512817 -0.061062026768922806
0.30701422691345215 0.9719424843788147 -0.10044126957654953
0.30409494042396545 0.9647470116615295 -0.13964292407035828
0.3004114031791687 0.9551449418067932 -0.1785469353199005
0.295973002910614 0.9431604743003845 -0.21704401075839996
0.29079103469848633 0.9288237690925598 -0.25503024458885193
0.2848786413669586 0.912170946598053 -0.29240530729293823
0.2782508134841919 0.8932440280914307 -0.3290718197822571
0.2709242105484009 0.8720906972885132 -0.364935040473938
0.2629174590110779 0.8487643599510193 -0.3999027609825134
0.2542506754398346 0.8233237862586975 -0.4338855743408203
0.24494582414627075 0.7958332896232605 -0.4667968153953552
0.23502638936042786 0.7663623094558716 -0.49855270981788635
0.22451741993427277 0.7349851727485657 -0.529072642326355
0.2134454846382141 0.7017812728881836 -0.5582792162895203
0.20183859765529633 0.6668345928192139 -0.5860984325408936
0.18972615897655487 0.6302335858345032 -0.6124598383903503
0.17713887989521027 0.5920711159706116 -0.6372969150543213
0.16410866379737854 0.5524439811706543 -0.6605467796325684
0.150668665766716 0.511452853679657 -0.682150661945343
0.13685308396816254 0.4692022502422333 -0.7020541429519653
0.12269717454910278 0.4257999658584595 -0.7202069163322449
0.10823725908994675 0.3813573122024536 -0.7365632057189941
0.09351053088903427 0.33598875999450684 -0.7510818243026733
0.07855520397424698 0.28981199860572815 -0.7637260556221008
0.0634104385972023 0.24294807016849518 -0.7744641304016113
0.04811660572886467 0.19552193582057953 -0.783268928527832
0.03271564841270447 0.14766375720500946 -0.7901182174682617
0.017252273857593536 0.09951259940862656 -0.7949948906898499
0.0017780904890969396 0.051229387521743774 -0.7978867292404175
-0.01360802911221981 0.0031231758184731007 -0.7987867593765259
0.010252494364976883 -0.00127026520203799 0.7985838651657104
0.033006954938173294 0.046212147921323776 0.7973770499229431
0.055818021297454834 0.09388013929128647 0.794177234172821
0.07853952795267105 0.1414286345243454 0.7889933586120605
0.10109547525644302 0.18869876861572266 0.7818387150764465
0.12342029809951782 0.23555319011211395 0.7727313041687012
0.14545269310474396 0.28186333179473877 0.7616941928863525
0.1671338677406311 0.3275056779384613 0.7487552165985107
0.1884070187807083 0.3723606467247009 0.7339470386505127
0.2092168927192688 0.4163118302822113 0.7173070311546326
0.22950993478298187 0.45924609899520874 0.6988771557807922
0.24923403561115265 0.5010532736778259 0.6787038445472717
0.2683388888835907 0.5416267514228821 0.6568381786346436
0.2867757976055145 0.5808630585670471 0.6333352327346802
0.3044978976249695 0.6186624765396118 0.6082543134689331
0.32146021723747253 0.6549291610717773 0.5816590189933777
0.33761972188949585 0.6895711421966553 0.553616464138031
0.3529355525970459 0.722500741481781 0.5241975784301758
0.3673689067363739 0.7536345720291138 0.4934770166873932
0.3808833360671997 0.78289395570755 0.4615326225757599
0.3934447169303894 0.8102049827575684 0.4284454882144928
0.4050213098526001 0.8354987502098083 0.39429980516433716
0.41558390855789185 0.8587113618850708 0.3591827154159546
0.4251059591770172 0.8797842860221863 0.32318398356437683
0.43356332182884216 0.8986641764640808 0.2863961160182953
0.44093477725982666 0.915303647518158 0.2489141821861267
0.44720181822776794 0.9296605587005615 0.21083585917949677
0.45234864950180054 0.9416987895965576 0.17226167023181915
0.45636242628097534 0.9513879418373108 0.13329574465751648
0.45923319458961487 0.9587035775184631 0.09404751658439636
0.46095407009124756 0.9636272192001343 0.054637160152196884
0.4615215063095093 0.9661463499069214 0.015219961293041706
0.4609365165233612 0.9662540555000305 -0.023942265659570694
0.45919182896614075 0.9639517068862915 -0.06333819031715393
0.4562942087650299 0.9592447280883789 -0.10270604491233826
0.4522518515586853 0.9521448016166687 -0.14189065992832184
0.4470752477645874 0.9426697492599487 -0.18077202141284943
0.44077759981155396 0.9308434128761292 -0.21924088895320892
0.43337488174438477 0.9166956543922424 -0.2571934163570404
0.4248858094215393 0.9002619981765747 -0.29452940821647644
0.4153319001197815 0.8815839290618896 -0.33115154504776
0.4047371745109558 0.8607085347175598 -0.3669651448726654
0.39312851428985596 0.8376886248588562 -0.4018782079219818
0.3805351257324219 0.8125820755958557 -0.4358014762401581
0.366988867521286 0.7854523062705994 -0.46864837408065796
0.35252395272254944 0.7563679814338684 -0.5003352761268616
0.3371769189834595 0.7254024147987366 -0.5307818055152893
0.3209865391254425 0.6926338076591492 -0.559910774230957
0.303993821144104 0.6581452488899231 -0.5876482725143433
0.286241739988327 0.6220239996910095 -0.6139241456985474
0.26777535676956177 0.5843616127967834 -0.6386719942092896
0.2486414611339569 0.5452536344528198 -0.6618292331695557
0.22888872027397156 0.504799485206604 -0.6833373308181763
0.20856744050979614 0.463102251291275 -0.7031421065330505
0.18772946298122406 0.42026832699775696 -0.7211935520172119
0.16642825305461884 0.37640759348869324 -0.7374460697174072
0.14471863210201263 0.3316330015659332 -0.7518587112426758
0.122656911611557 0.28606072068214417 -0.7643951177597046
0.10030089318752289 0.23981016874313354 -0.7750237584114075
0.07771016657352448 0.19300471246242523 -0.7837178707122803
0.05494670197367668 0.145772784948349 -0.7904554605484009
0.03207659721374512 0.09825164824724197 -0.7952198386192322
0.009176217950880527 0.05060010403394699 -0.7979990243911743
-0.013608035631477833 0.003123176284134388 -0.7987867593765259
0.010252488777041435 -0.0012702643871307373 0.7985838651657104
0.03989380598068237 0.04515238106250763 0.7972712516784668
0.069617860019207 0.09175657480955124 0.7939652800559998
0.09923422336578369 0.13824407756328583 0.7886754870414734
0.12864387035369873 0.18445953726768494 0.781415581703186
0.15776130557060242 0.2302687019109726 0.772203803062439
0.18650659918785095 0.2755458354949951 0.7610635757446289
0.2148030549287796 0.32017022371292114 0.7480230331420898
0.24257652461528778 0.36402490735054016 0.7331149578094482
0.26975488662719727 0.40699607133865356 0.7163771390914917
0.2962682247161865 0.448973149061203 0.6978517174720764
0.3220484256744385 0.48984840512275696 0.6775853633880615
0.34702974557876587 0.5295175313949585 0.6556294560432434
0.3711485266685486 0.5678795576095581 0.6320391893386841
0.39434340596199036 0.6048368215560913 0.6068742275238037
0.41655561327934265 0.6402956247329712 0.5801982879638672
0.43772879242897034 0.6741660833358765 0.5520787239074707
0.45780932903289795 0.7063624858856201 0.5225866436958313
0.47674641013145447 0.7368032336235046 0.49179691076278687
0.49449217319488525 0.7654114961624146 0.459787517786026
0.5110018253326416 0.7921149730682373 0.42663973569869995
0.5262336730957031 0.8168462514877319 0.3924379050731659
0.5401492714881897 0.8395428657531738 0.3572693169116974
0.5527135729789734 0.8601476550102234 0.3212238550186157
0.5638948082923889 0.8786084055900574 0.28439414501190186
0.5736648440361023 0.8948787450790405 0.2468753606081009
0.5819991827011108 0.9089175462722778 0.20876528322696686
0.5888767838478088 0.9206894636154175 0.17016451060771942
0.5942804217338562 0.9301646947860718 0.13117723166942596
0.5981966853141785 0.9373195171356201 0.09191294759511948
0.6006159782409668 0.9421356916427612 0.052491866052150726
0.6015331149101257 0.9446009397506714 0.01306929625570774
0.6009480953216553 0.9447086453437805 -0.026092929765582085
0.5988537669181824 0.9424601197242737 -0.06548348069190979
0.5952576994895935 0.9378606677055359 -0.10484060645103455
0.5901698470115662 0.9309216141700745 -0.14400915801525116
0.5836033821105957 0.9216604232788086 -0.18286916613578796
0.5755749344825745 0.9101004600524902 -0.22131146490573883
0.5661049485206604 0.896270751953125 -0.25923222303390503
0.5552172660827637 0.8802062273025513 -0.2965313792228699
0.5429394841194153 0.8619473576545715 -0.3331116735935211
0.5293025374412537 0.8415400981903076 -0.3688785433769226
0.514340877532959 0.8190361261367798 -0.4037401080131531
0.4980922341346741 0.7944920063018799 -0.4376072287559509
0.48059770464897156 0.7679699063301086 -0.47039347887039185
0.46190145611763 0.7395366430282593 -0.5020154118537903
0.4420506954193115 0.7092640995979309 -0.5323927402496338
0.421095609664917 0.6772287487983704 -0.5614485144615173
0.3990892469882965 0.6435117125511169 -0.5891090035438538
0.3760872781276703 0.6081982851028442 -0.6153042316436768
0.35214805603027344 0.5713781118392944 -0.6399680376052856
0.3273322880268097 0.5331444144248962 -0.6630379557609558
0.3017030954360962 0.49359458684921265 -0.6844558119773865
0.2753257155418396 0.4528293013572693 -0.7041676044464111
0.24826747179031372 0.4109525680541992 -0.7221234440803528
0.2205977737903595 0.36807185411453247 -0.7382781505584717
0.19238781929016113 0.3242975175380707 -0.7525909543037415
0.163710817694664 0.2797432243824005 -0.7650257349014282
0.13464190065860748 0.2345256805419922 -0.7755512595176697
0.10525855422019958 0.1887654811143875 -0.7841410636901855
0.07564139366149902 0.14258822798728943 -0.7907733917236328
0.045876432210206985 0.09612809121608734 -0.7954317927360535
0.01606307178735733 0.049540333449840546 -0.7981047630310059
-0.01360804121941328 0.0031231772154569626 -0.7987867593765259
0.010252484120428562 -0.0012702631065621972 0.7985838651657104
0.046313684433698654 0.043672673404216766 0.7971712946891785
0.08248196542263031 0.08879155665636063 0.7937649488449097
0.1185256689786911 0.13379763066768646 0.7883750796318054
0.15432427823543549 0.17854051291942596 0.7810156941413879
0.18977375328540802 0.2228902131319046 0.7717053294181824
0.2247767597436905 0.2667250335216522 0.7604676485061646
0.25923994183540344 0.3099280297756195 0.7473310828208923
0.29307296872138977 0.35238608717918396 0.7323286533355713
0.32618799805641174 0.3939889371395111 0.7154983878135681
0.35849982500076294 0.43462949991226196 0.6968826651573181
0.389925479888916 0.47420355677604675 0.6765284538269043
0.42038479447364807 0.5126100778579712 0.6544871926307678
0.44980019330978394 0.5497512817382812 0.6308144927024841
0.47809678316116333 0.5855326652526855 0.6055700778961182
0.5052028894424438 0.6198635101318359 0.5788179636001587
0.5310497283935547 0.6526567339897156 0.5506255626678467
0.5555719137191772 0.6838293671607971 0.5210643410682678
0.5787073373794556 0.713302493095398 0.4902092516422272
0.600397527217865 0.741001546382904 0.45813843607902527
0.6205877065658569 0.7668567299842834 0.4249333143234253
0.6392269730567932 0.7908026576042175 0.3906784653663635
0.6562681794166565 0.8127788305282593 0.3554611802101135
0.6716684699058533 0.8327299356460571 0.3193715810775757
0.6853888630867004 0.8506054878234863 0.28250232338905334
0.6973949074745178 0.8663604259490967 0.24494872987270355
0.7076563239097595 0.8799550533294678 0.2068086415529251
0.7161473035812378 0.8913550972938538 0.16818274557590485
0.7228466272354126 0.9005317687988281 0.12917529046535492
0.7277374267578125 0.9074618816375732 0.0898958295583725
0.7308078408241272 0.9121279716491699 0.050464607775211334
0.7320509552955627 0.9145181179046631 0.01103696133941412
0.7314659357070923 0.914625883102417 -0.02812526375055313
0.7290456295013428 0.9124524593353271 -0.06751073896884918
0.7247984409332275 0.908003032207489 -0.10685773193836212
0.7187360525131226 0.901288628578186 -0.1460111141204834
0.7108739018440247 0.8923260569572449 -0.18485094606876373
0.7012321352958679 0.8811379671096802 -0.22326810657978058
0.6898350119590759 0.8677524328231812 -0.26115888357162476
0.67671138048172 0.8522032499313354 -0.2984232008457184
0.6618944406509399 0.8345296382904053 -0.33496394753456116
0.6454214453697205 0.8147760629653931 -0.37068668007850647
0.6273341774940491 0.7929924726486206 -0.40549957752227783
0.6076781749725342 0.769233763217926 -0.4393136203289032
0.5865030288696289 0.7435599565505981 -0.4720425605773926
0.5638623833656311 0.7160358428955078 -0.5036030411720276
0.5398132801055908 0.6867309808731079 -0.5339150428771973
0.5144165754318237 0.6557193994522095 -0.5629016160964966
0.4877365231513977 0.6230795979499817 -0.5904893279075623
0.45984065532684326 0.5888941287994385 -0.6166083812713623
0.4307997226715088 0.5532498359680176 -0.6411927342414856
0.4006873667240143 0.5162369608879089 -0.6641802191734314
0.36958014965057373 0.47794973850250244 -0.6855127811431885
0.337557315826416 0.43848565220832825 -0.7051365971565247
0.3047005832195282 0.3979454040527344 -0.7230021953582764
0.2710942029953003 0.35643303394317627 -0.7390643954277039
0.23682469129562378 0.31405535340309143 -0.753282904624939
0.20198099315166473 0.2709224224090576 -0.7656216621398926
0.16665434837341309 0.2271471917629242 -0.7760497331619263
0.13093897700309753 0.18284645676612854 -0.7845408916473389
0.09493284672498703 0.13814178109169006 -0.791073739528656
0.05874054506421089 0.09316306561231613 -0.7956321239471436
0.02248295024037361 0.04806062951683998 -0.7982047200202942
-0.013608045876026154 0.003123178379610181 -0.7987867593765259
0.010252478532493114 -0.0012702615931630135 0.7985838651657104
0.052272435277700424 0.04178347811102867 0.7970771193504333
0.09442207217216492 0.0850059986114502 0.793576180934906
0.13643145561218262 0.12812067568302155 0.7880920171737671
0.17816013097763062 0.1709834635257721 0.7806388735771179
0.21948681771755219 0.21346983313560486 0.7712355852127075
0.2602980434894562 0.2554631531238556 0.7599061131477356
0.3004850149154663 0.2968514859676361 0.7466790080070496
0.3399423360824585 0.3375263512134552 0.7315877079963684
0.378567636013031 0.37738218903541565 0.7146703004837036
0.4162614345550537 0.4163164496421814 0.6959694623947144
0.4529270529747009 0.4542291760444641 0.6755324006080627
0.4884709119796753 0.4910236895084381 0.653410792350769
0.5228024125099182 0.5266062617301941 0.6296603679656982
0.5558343529701233 0.5608863234519958 0.6043410897254944
0.5874828100204468 0.5937770009040833 0.5775171518325806
0.6176676750183105 0.6251949071884155 0.5492562055587769
0.646312415599823 0.6550604701042175 0.5196298360824585
0.673344612121582 0.6832981705665588 0.4887130856513977
0.6986958980560303 0.7098365426063538 0.4565843939781189
0.7223023176193237 0.7346085906028748 0.4233252704143524
0.7441042065620422 0.7575517892837524 0.3890204131603241
0.7640465497970581 0.7786082029342651 0.3537572920322418
0.7820791006088257 0.7977247834205627 0.31762605905532837
0.7981562614440918 0.8148530721664429 0.2807195484638214
0.8122376799583435 0.8299500346183777 0.24313312768936157
0.8242877721786499 0.8429775834083557 0.2049647718667984
0.8342762589454651 0.8539028167724609 0.1663151979446411
0.8421781063079834 0.8626981973648071 0.12728872895240784
0.8479735851287842 0.8693415522575378 0.08799497038125992
0.8516483306884766 0.8738160729408264 0.0485541932284832
0.8531939387321472 0.876110315322876 0.00912176538258791
0.8526089191436768 0.8762180209159851 -0.03004046157002449
0.8498860597610474 0.8741405606269836 -0.06942114979028702
0.8450345993041992 0.8698827028274536 -0.1087585911154747
0.8380675911903381 0.8634551167488098 -0.1478976607322693
0.8290029168128967 0.8548738360404968 -0.18671849370002747
0.8178635835647583 0.8441604971885681 -0.2251119762659073
0.8046777844429016 0.8313420414924622 -0.26297447085380554
0.7894787788391113 0.8164508938789368 -0.3002059757709503
0.7723050713539124 0.7995244860649109 -0.33670946955680847
0.7531998157501221 0.7806054353713989 -0.37239059805870056
0.7322114109992981 0.7597416639328003 -0.40715762972831726
0.7093927264213562 0.7369856238365173 -0.4409216642379761
0.684801459312439 0.7123948931694031 -0.47359660267829895
0.6584996581077576 0.6860315203666687 -0.5050992369651794
0.6305537819862366 0.6579621434211731 -0.5353496074676514
0.6010344624519348 0.6282575726509094 -0.5642709732055664
0.5700164437294006 0.596993088722229 -0.5917901396751404
0.5375781655311584 0.5642477869987488 -0.6178373694419861
0.5038020014762878 0.5301048159599304 -0.6423468589782715
0.4687734842300415 0.49465057253837585 -0.6652566194534302
0.43258172273635864 0.4579753875732422 -0.6865087747573853
0.3953189551830292 0.4201726019382477 -0.7060497999191284
0.3570801913738251 0.3813386857509613 -0.7238302826881409
0.317963570356369 0.3415732979774475 -0.7398054003715515
0.27806976437568665 0.30097880959510803 -0.753934919834137
0.23750227689743042 0.259660542011261 -0.7661831974983215
0.19636741280555725 0.21772679686546326 -0.7765194773674011
0.15477481484413147 0.17528940737247467 -0.7849177718162537
0.11283863335847855 0.13246482610702515 -0.7913568615913391
0.0706806480884552 0.0893775075674057 -0.7958208322525024
0.028441699221730232 0.046171434223651886 -0.7982989549636841
-0.013608051463961601 0.0031231800094246864 -0.7987867593765259
0.010252473875880241 -0.0012702597305178642 0.7985838651657104
0.05775965005159378 0.03949601203203201 0.796988844871521
0.10541732609272003 0.08042238652706146 0.7933993339538574
0.15292029082775116 0.12124694138765335 0.7878267765045166
0.20010976493358612 0.1618332713842392 0.7802858352661133
0.24684858322143555 0.20206347107887268 0.7707955241203308
0.2930084466934204 0.2418271005153656 0.7593799829483032
0.33846622705459595 0.2810181677341461 0.7460681200027466
0.38310280442237854 0.31953394412994385 0.7308934926986694
0.42680227756500244 0.35727450251579285 0.7138944864273071
0.4694522023200989 0.39414268732070923 0.6951139569282532
0.5109431147575378 0.43004390597343445 0.674599289894104
0.5511691570281982 0.46488654613494873 0.6524023413658142
0.5900278091430664 0.4985818564891815 0.6285791397094727
0.6274202466011047 0.5310441255569458 0.6031897068023682
0.6632516980171204 0.5621910691261292 0.5762984752655029
0.697431206703186 0.5919436812400818 0.5479732751846313
0.7298723459243774 0.6202266812324524 0.518285870552063
0.7604929208755493 0.646968424320221 0.48731139302253723
0.789215624332428 0.6721013784408569 0.4551284611225128
0.8159679174423218 0.6955620050430298 0.4218187630176544
0.8406821489334106 0.7172911167144775 0.38746705651283264
0.8632960319519043 0.7372338771820068 0.3521609604358673
0.8837525844573975 0.7553399205207825 0.31599074602127075
0.9020000696182251 0.7715634703636169 0.2790493369102478
0.9179925918579102 0.7858637571334839 0.24143217504024506
0.9316897988319397 0.7982046604156494 0.20323732495307922
0.9430573582649231 0.8085550665855408 0.1645655781030655
0.9520666003227234 0.8168888092041016 0.12552128732204437
0.9586950540542603 0.8231848478317261 0.08621413260698318
0.9629262685775757 0.8274273872375488 0.04676440358161926
0.9647504687309265 0.8296054601669312 0.00732749467715621
0.9641655087471008 0.8297131657600403 -0.03183473274111748
0.9611639976501465 0.827751874923706 -0.07121094316244125
0.9557560682296753 0.8237260580062866 -0.11053942888975143
0.9479560256004333 0.8176456689834595 -0.14966510236263275
0.93778395652771 0.8095260262489319 -0.1884681135416031
0.9252656102180481 0.7993875741958618 -0.22683942317962646
0.9104326367378235 0.7872557640075684 -0.26467543840408325
0.8933225274085999 0.7731612920761108 -0.3018762171268463
0.8739785552024841 0.7571396231651306 -0.3383447825908661
0.8524492979049683 0.7392310500144958 -0.3739868998527527
0.8287893533706665 0.7194809913635254 -0.4087109863758087
0.8030583262443542 0.6979390382766724 -0.4424281716346741
0.7753211855888367 0.6746597290039062 -0.47505250573158264
0.7456479668617249 0.6497018337249756 -0.5065008997917175
0.714113712310791 0.6231282949447632 -0.5366935729980469
0.6807980537414551 0.5950063467025757 -0.5655539035797119
0.6457853317260742 0.5654071569442749 -0.593008816242218
0.6091641187667847 0.5344056487083435 -0.6189887523651123
0.5710273385047913 0.5020803809165955 -0.6434280872344971
0.5314717292785645 0.4685134291648865 -0.666265070438385
0.49059781432151794 0.43379008769989014 -0.687441885471344
0.44850972294807434 0.3979988396167755 -0.7069053053855896
0.4053148627281189 0.3612309992313385 -0.7246060967445374
0.36112403869628906 0.32358089089393616 -0.7404996156692505
0.3160509765148163 0.28514549136161804 -0.7545458078384399
0.27021265029907227 0.246024489402771 -0.7667093276977539
0.2237291783094406 0.20632043480873108 -0.7769595980644226
0.17672444880008698 0.16613921523094177 -0.7852708101272583
0.12932747602462769 0.12559108436107635 -0.7916220426559448
0.08167590200901031 0.08479389548301697 -0.795997679233551
0.03392891585826874 0.04388396814465523 -0.7983872294425964
-0.0136080551892519 0.0031231818720698357 -0.7987867593765259
0.010252470150589943 -0.0012702575186267495 0.7985838651657104
0.06275767087936401 0.03682227432727814 0.7969068288803101
0.11543232947587967 0.0750647634267807 0.7932350039482117
0.16793912649154663 0.1132124736905098 0.7875803709030151
0.22010254859924316 0.15113794803619385 0.7799577713012695
0.27177101373672485 0.18873098492622375 0.7703865766525269
0.3228026330471039 0.2258884310722351 0.7588911056518555
0.37306132912635803 0.2625111937522888 0.7455004453659058
0.4224154055118561 0.2985033094882965 0.7302484512329102
0.4707367420196533 0.33377137780189514 0.7131735682487488
0.5179009437561035 0.3682245910167694 0.6943190097808838
0.5637869834899902 0.4017746150493622 0.6737322211265564
0.6082777380943298 0.43433576822280884 0.6514652967453003
0.6512598991394043 0.4658251702785492 0.6275743842124939
0.6926241517066956 0.49616268277168274 0.6021198034286499
0.7322655916213989 0.5252714157104492 0.5751660466194153
0.7700837254524231 0.5530775785446167 0.5467811226844788
0.805982768535614 0.5795106887817383 0.5170369744300842
0.8398718237876892 0.6045039296150208 0.486008882522583
0.871665358543396 0.6279941201210022 0.4537755846977234
0.9012830257415771 0.6499218940734863 0.4204188585281372
0.9286500215530396 0.6702319383621216 0.386023610830307
0.9536972641944885 0.6888728737831116 0.35067757964134216
0.9763616919517517 0.7057977914810181 0.31447112560272217
0.9965859651565552 0.7209638953208923 0.2774972915649414
1.0143191814422607 0.7343329191207886 0.23985157907009125
1.0295168161392212 0.7458712458610535 0.20163209736347198
1.0421403646469116 0.7555496692657471 0.16293974220752716
1.052158236503601 0.7633438110351562 0.12387891858816147
1.0595455169677734 0.7692340016365051 0.08455930650234222
1.0642836093902588 0.7732053399085999 0.04510125890374184
1.0663615465164185 0.7752476930618286 0.005660184193402529
1.0657765865325928 0.7753553986549377 -0.033502042293548584
1.0625213384628296 0.7735298275947571 -0.07287409156560898
1.0566065311431885 0.7697751522064209 -0.1121942549943924
1.0480477809906006 0.7641006708145142 -0.15130747854709625
1.0368670225143433 0.7565206289291382 -0.19009394943714142
1.02309250831604 0.7470541000366211 -0.2284446507692337
1.0067592859268188 0.735724925994873 -0.26625603437423706
0.9879084825515747 0.7225616574287415 -0.3034282326698303
0.9665876626968384 0.7075974941253662 -0.3398643732070923
0.9428505301475525 0.6908701062202454 -0.37547028064727783
0.9167572259902954 0.6724217534065247 -0.41015440225601196
0.8883734345436096 0.6522989273071289 -0.4438280761241913
0.8577708601951599 0.6305524706840515 -0.47640541195869446
0.8250268697738647 0.6072373390197754 -0.5078034400939941
0.7902241349220276 0.5824123620986938 -0.5379424691200256
0.7534505724906921 0.5561402440071106 -0.5667460560798645
0.7147992253303528 0.528487503528595 -0.5941412448883057
0.6743680238723755 0.49952420592308044 -0.6200586557388306
0.6322594285011292 0.4693237245082855 -0.6444328427314758
0.588580310344696 0.4379626512527466 -0.6672021150588989
0.543441653251648 0.40552079677581787 -0.6883090138435364
0.4969584345817566 0.3720807433128357 -0.7077003121376038
0.4492493271827698 0.3377278447151184 -0.7253269553184509
0.400436669588089 0.3025502562522888 -0.7411446571350098
0.35064610838890076 0.26663848757743835 -0.7551134824752808
0.3000068664550781 0.2300858050584793 -0.7671982049942017
0.24865159392356873 0.19298796355724335 -0.7773685455322266
0.1967172473669052 0.15544387698173523 -0.7855988144874573
0.14434631168842316 0.1175566241145134 -0.7918685078620911
0.09169090539216995 0.0794362723827362 -0.7961620688438416
0.03892693668603897 0.04121023043990135 -0.7984692454338074
-0.013608059845864773 0.0031231839675456285 -0.7987867593765259
0.010252466425299644 -0.0012702549574896693 0.7985838651657104
0.0672459602355957 0.03377459943294525 0.7968314290046692
0.12442594021558762 0.0689578503370285 0.7930838465690613
0.1814262419939041 0.10405434668064117 0.7873536944389343
0.23805634677410126 0.13894681632518768 0.7796560525894165
0.2941516637802124 0.1735338717699051 0.7700104713439941
0.3495582342147827 0.20772062242031097 0.7584414482116699
0.40412822365760803 0.24141588807106018 0.7449783682823181
0.45771870017051697 0.27453139424324036 0.7296551465988159
0.510190486907959 0.3069811761379242 0.7125105857849121
0.561408519744873 0.338681697845459 0.6935878396034241
0.6112414598464966 0.3695516586303711 0.6729347109794617
0.6595619916915894 0.39951229095458984 0.6506034731864929
0.7062471508979797 0.42848727107048035 0.626650333404541
0.7511781454086304 0.45640286803245544 0.601135790348053
0.7942410707473755 0.48318836092948914 0.5741245746612549
0.8353266716003418 0.5087757706642151 0.5456847548484802
0.8743309378623962 0.5331003665924072 0.5158883929252625
0.9111551642417908 0.5561005473136902 0.4848109781742096
0.9457063674926758 0.577718198299408 0.4525313079357147
0.9778971672058105 0.5978987216949463 0.4191313683986664
1.0076463222503662 0.6165911555290222 0.3846960961818695
1.0348788499832153 0.6337483525276184 0.349313348531723
1.059525966644287 0.6493269205093384 0.3130735456943512
1.081525444984436 0.6632876396179199 0.27606987953186035
1.100821852684021 0.675595223903656 0.23839789628982544
1.1173666715621948 0.6862186193466187 0.20015577971935272
1.1311182975769043 0.6951311230659485 0.16144447028636932
1.1420420408248901 0.7023102045059204 0.12236841768026352
1.1501106023788452 0.7077377438545227 0.0830373540520668
1.1553038358688354 0.711400032043457 0.04357166215777397
1.1576097011566162 0.7132875919342041 0.004126759711652994
1.1570247411727905 0.7133952975273132 -0.03503546491265297
1.1535416841506958 0.7117245197296143 -0.07440368086099625
1.1471716165542603 0.7082788944244385 -0.11371619999408722
1.1379314661026 0.7030671238899231 -0.1528179794549942
1.1258448362350464 0.6961021423339844 -0.19158922135829926
1.1109424829483032 0.687401533126831 -0.22992096841335297
1.093261957168579 0.6769872307777405 -0.2677097022533417
1.0728479623794556 0.664885401725769 -0.3048556447029114
1.049751877784729 0.6511266231536865 -0.34126195311546326
1.0240321159362793 0.6357455253601074 -0.37683454155921936
0.9957535862922668 0.6187810301780701 -0.41148194670677185
0.964987576007843 0.6002757549285889 -0.4451155960559845
0.9318118691444397 0.580276608467102 -0.47764965891838074
0.8963102102279663 0.5588339567184448 -0.5090013146400452
0.8585723042488098 0.5360020399093628 -0.5390910506248474
0.8186934590339661 0.511838436126709 -0.5678424835205078
0.7767747044563293 0.4864044487476349 -0.5951827168464661
0.7329220175743103 0.45976439118385315 -0.6210426688194275
0.6872467398643494 0.4319858253002167 -0.6453568935394287
0.6398645639419556 0.4031391739845276 -0.6680639386177063
0.5908961296081543 0.37329787015914917 -0.6891064643859863
0.5404660701751709 0.34253785014152527 -0.7084314227104187
0.48870307207107544 0.31093764305114746 -0.7259899973869324
0.4357399344444275 0.27857834100723267 -0.7417379021644592
0.38171300292015076 0.2455432116985321 -0.7556355595588684
0.32676246762275696 0.21191801130771637 -0.7676478624343872
0.27103227376937866 0.17779085040092468 -0.7777446508407593
0.2146710455417633 0.14325274527072906 -0.7859005331993103
0.15783342719078064 0.10839849710464478 -0.7920951247215271
0.1006845161318779 0.07332935929298401 -0.7963131666183472
0.04341522604227066 0.038162555545568466 -0.7985446453094482
-0.013608063571155071 0.0031231865286827087 -0.7987867593765259
0.01025246363133192 -0.0012702521635219455 0.7985838651657104
0.07120358943939209 0.030364688485860825 0.7967628836631775
0.1323562115430832 0.06212509050965309 0.7929465770721436
0.19331875443458557 0.09380771219730377 0.7871478796005249
0.253887414932251 0.12530668079853058 0.779382050037384
0.31388622522354126 0.156530499458313 0.7696688771247864
0.37315043807029724 0.18739347159862518 0.7580331563949585
0.431522011756897 0.21781328320503235 0.7445042729377747
0.4888479709625244 0.24771025776863098 0.7291164398193359
0.5449795126914978 0.27700677514076233 0.7119084596633911
0.5997721552848816 0.3056274652481079 0.692923903465271
0.6530852317810059 0.33349883556365967 0.6722105145454407
0.7047828435897827 0.36054983735084534 0.6498208045959473
0.754733145236969 0.3867115080356598 0.6258111596107483
0.8028091788291931 0.4119173586368561 0.6002422571182251
0.8488889932632446 0.4361034631729126 0.573178768157959
0.8928557634353638 0.4592084586620331 0.5446890592575073
0.9345981478691101 0.48117387294769287 0.5148453116416931
0.9740105271339417 0.5019441246986389 0.48372313380241394
1.010993242263794 0.5214666724205017 0.45140138268470764
1.0454530715942383 0.5396922826766968 0.4179621636867523
1.0773028135299683 0.5565748810768127 0.38349053263664246
1.1064621210098267 0.5720718502998352 0.34807443618774414
1.1328574419021606 0.5861441493034363 0.3118044137954712
1.1564222574234009 0.5987561345100403 0.27477362751960754
1.1770970821380615 0.6098760962486267 0.23707778751850128
1.1948299407958984 0.6194759607315063 0.19881512224674225
1.20957612991333 0.6275315284729004 0.16008658707141876
1.2212985754013062 0.6340224146842957 0.12099671363830566
1.2299678325653076 0.6389322876930237 0.08165525645017624
1.2355625629425049 0.6422487497329712 0.04218261316418648
1.2380694150924683 0.6439632177352905 0.002734232461079955
1.2374844551086426 0.6440709233283997 -0.03642799332737923
1.2338002920150757 0.6425732374191284 -0.07579272985458374
1.2270288467407227 0.6394734382629395 -0.11509830504655838
1.2171880006790161 0.6347793340682983 -0.15418969094753265
1.2043026685714722 0.6285024881362915 -0.19294710457324982
1.1884057521820068 0.6206588745117188 -0.23126162588596344
1.1695371866226196 0.6112681031227112 -0.26902979612350464
1.1477447748184204 0.6003539562225342 -0.3061518967151642
1.123083472251892 0.5879438519477844 -0.34253111481666565
1.095615267753601 0.574069082736969 -0.37807345390319824
1.0654098987579346 0.5587646961212158 -0.4126875102519989
1.032543420791626 0.5420693159103394 -0.44628480076789856
0.9970988035202026 0.5240250825881958 -0.4787795841693878
0.9591655731201172 0.5046775341033936 -0.5100891590118408
0.9188395142555237 0.48407551646232605 -0.540134072303772
0.876222550868988 0.462271124124527 -0.5688381195068359
0.8314226269721985 0.43931955099105835 -0.596128523349762
0.7845529913902283 0.4152788519859314 -0.6219362616539001
0.7357326745986938 0.3902100622653961 -0.6461960673332214
0.6850854158401489 0.3641767203807831 -0.668846607208252
0.6327399611473083 0.33724501729011536 -0.6898306608200073
0.5788296461105347 0.3094835877418518 -0.7090954184532166
0.5234920978546143 0.280963271856308 -0.7265921235084534
0.46686920523643494 0.2517572045326233 -0.742276668548584
0.4091067612171173 0.22194060683250427 -0.7561096549034119
0.3503546714782715 0.19159086048603058 -0.7680561542510986
0.29076680541038513 0.16078747808933258 -0.7780861854553223
0.23050211369991302 0.12961262464523315 -0.7861745357513428
0.1697259247303009 0.09815186262130737 -0.7923009395599365
0.10861478745937347 0.0664966031908989 -0.7964504361152649
0.04737285524606705 0.03475264459848404 -0.7986131310462952
-0.013608066365122795 0.0031231893226504326 -0.7987867593765259
0.010252460837364197 -0.001270249136723578 0.7985838651657104
0.07461078464984894 0.026601865887641907 0.7967016696929932
0.13918353617191315 0.05458517372608185 0.7928239107131958
0.20355722308158875 0.08250059932470322 0.7869638204574585
0.26751670241355896 0.11025486141443253 0.7791370749473572
0.33087608218193054 0.13776734471321106 0.769363522529602
0.3934614062309265 0.1649625301361084 0.7576680779457092
0.45510584115982056 0.19176791608333588 0.7440803647041321
0.5156477689743042 0.2181132584810257 0.7286347150802612
0.5749300718307495 0.2439301759004593 0.7113701105117798
0.6328001022338867 0.2691522240638733 0.6923301815986633
0.6891093850135803 0.293714702129364 0.6715629696846008
0.7437142729759216 0.31755492091178894 0.6491210460662842
0.7964756488800049 0.34061217308044434 0.6250608563423157
0.8472592830657959 0.36282777786254883 0.599443256855011
0.8959364295005798 0.38414546847343445 0.5723330974578857
0.9423836469650269 0.40451112389564514 0.5437988042831421
0.9864833354949951 0.4238732159137726 0.5139126777648926
1.0281238555908203 0.442182719707489 0.48275044560432434
1.0672000646591187 0.45939338207244873 0.45039108395576477
1.1036131381988525 0.4754617512226105 0.41691672801971436
1.1372712850570679 0.4903472065925598 0.3824126124382019
1.1680893898010254 0.5040121674537659 0.3469666838645935
1.195989966392517 0.5164222121238708 0.31066960096359253
1.2209023237228394 0.5275459885597229 0.2736146152019501
1.242763876914978 0.5373554229736328 0.23589743673801422
1.2615195512771606 0.545825719833374 0.19761638343334198
1.277121901512146 0.5529356598854065 0.15887245535850525
1.289531946182251 0.5586671233177185 0.11977022886276245
1.2987185716629028 0.563005805015564 0.08041947335004807
1.3046587705612183 0.5659406185150146 0.04094061627984047
1.3073385953903198 0.5674639940261841 0.0014891267055645585
1.3067536354064941 0.5675716996192932 -0.03767310082912445
1.3028966188430786 0.5662651062011719 -0.07703472673892975
1.2957795858383179 0.5635469555854797 -0.11633408814668655
1.285421371459961 0.5594240427017212 -0.15541617572307587
1.2718485593795776 0.5539066195487976 -0.19416122138500214
1.2550952434539795 0.5470086336135864 -0.2324603646993637
1.2352039813995361 0.5387474298477173 -0.2702101469039917
1.2122248411178589 0.529143750667572 -0.30731090903282166
1.186215877532959 0.518221914768219 -0.3436659276485443
1.1572426557540894 0.5060093998908997 -0.3791811764240265
1.1253784894943237 0.4925370216369629 -0.41376543045043945
1.0907036066055298 0.47783878445625305 -0.44733020663261414
1.0533055067062378 0.46195176243782043 -0.4797899127006531
1.0132789611816406 0.44491612911224365 -0.5110618472099304
0.9707247018814087 0.42677485942840576 -0.5410667061805725
0.9257504343986511 0.40757378935813904 -0.5697283744812012
0.8784700632095337 0.3873615562915802 -0.5969741940498352
0.8290031552314758 0.36618930101394653 -0.6227352023124695
0.7774751782417297 0.34411072731018066 -0.646946370601654
0.7240168452262878 0.3211818337440491 -0.669546365737915
0.668764054775238 0.2974608838558197 -0.6904782056808472
0.6118575930595398 0.2730083763599396 -0.7096890807151794
0.5534425973892212 0.24788667261600494 -0.7271304726600647
0.4936690032482147 0.222160205245018 -0.7427583932876587
0.4326905906200409 0.1958952397108078 -0.7565335631370544
0.37066563963890076 0.1691599190235138 -0.7684212327003479
0.3077566623687744 0.14202432334423065 -0.7783915996551514
0.24413138628005981 0.1145608052611351 -0.7864195108413696
0.17996440827846527 0.08684474229812622 -0.7924849987030029
0.11544210463762283 0.058956682682037354 -0.7965731620788574
0.050780050456523895 0.03098982200026512 -0.7986744046211243
-0.013608069159090519 0.0031231923494488 -0.7987867593765259
0.010252458043396473 -0.001270245760679245 0.7985838651657104
0.07745008915662766 0.02248973213136196 0.7966479659080505
0.14487290382385254 0.046345304697752 0.7927162647247314
0.21208921074867249 0.07014381885528564 0.7868024110794067
0.27887430787086487 0.09380575269460678 0.7789222002029419
0.345034122467041 0.11726236343383789 0.7690956592559814
0.4103870689868927 0.14044928550720215 0.757347822189331
0.4747588038444519 0.16330470144748688 0.7437084913253784
0.5379806756973267 0.1857687085866928 0.7282121181488037
0.5998885631561279 0.20778299868106842 0.7108978629112244
0.6603230834007263 0.2292909324169159 0.6918094754219055
0.719129204750061 0.2502373158931732 0.6709949970245361
0.7761568427085876 0.27056869864463806 0.6485071778297424
0.8312606811523438 0.290233314037323 0.6244027018547058
0.8843006491661072 0.3091811239719391 0.5987423658370972
0.9351422190666199 0.32736408710479736 0.5715912580490112
0.9836564660072327 0.34473609924316406 0.5430179238319397
1.0297205448150635 0.36125320196151733 0.5130946040153503
1.0732178688049316 0.37687352299690247 0.481897234916687
1.1140384674072266 0.3915576636791229 0.4495048522949219
1.152079463005066 0.40526852011680603 0.41599971055984497
1.1872445344924927 0.4179714322090149 0.3814670741558075
1.219444990158081 0.42963436245918274 0.3459950089454651
1.248599886894226 0.4402278661727905 0.3096741735935211
1.2746351957321167 0.4497251808643341 0.27259793877601624
1.297485589981079 0.45810240507125854 0.2348620593547821
1.3170934915542603 0.4653383791446686 0.19656486809253693
1.3334095478057861 0.47141483426094055 0.15780745446681976
1.3463926315307617 0.4763164520263672 0.11869437992572784
1.3560101985931396 0.4800308644771576 0.07933546602725983
1.3622384071350098 0.48254862427711487 0.03985116630792618
1.3650623559951782 0.4838632345199585 0.00039694758015684783
1.3644773960113525 0.4839709401130676 -0.038765277713537216
1.3604761362075806 0.4828731119632721 -0.07812418043613434
1.3530712127685547 0.48057201504707336 -0.11741809546947479
1.3422820568084717 0.4770733416080475 -0.15649202466011047
1.3281360864639282 0.47238582372665405 -0.19522623717784882
1.3106693029403687 0.4665212631225586 -0.23351186513900757
1.2899256944656372 0.459494411945343 -0.271245539188385
1.2659577131271362 0.4513229727745056 -0.3083275854587555
1.238825798034668 0.44202756881713867 -0.34466132521629333
1.208598256111145 0.43163156509399414 -0.3801528811454773
1.1753517389297485 0.42016124725341797 -0.41471096873283386
1.1391698122024536 0.4076455533504486 -0.4482472240924835
1.1001440286636353 0.39411604404449463 -0.4806761145591736
1.0583728551864624 0.3796069324016571 -0.5119150876998901
1.013961911201477 0.3641548156738281 -0.5418847799301147
0.9670232534408569 0.34779876470565796 -0.5705093145370483
0.9176758527755737 0.3305801749229431 -0.5977160334587097
0.8660445213317871 0.3125426173210144 -0.6234360933303833
0.8122602701187134 0.2937318682670593 -0.6476045250892639
0.7564594149589539 0.2741956114768982 -0.6701602339744568
0.6987838745117188 0.2539834976196289 -0.6910461783409119
0.6393805742263794 0.23314708471298218 -0.710209846496582
0.5784011483192444 0.21173948049545288 -0.7276026606559753
0.5160019397735596 0.18981565535068512 -0.7431809902191162
0.45234355330467224 0.1674320250749588 -0.7569054365158081
0.38759127259254456 0.14464667439460754 -0.7687414884567261
0.3219147324562073 0.12151934206485748 -0.778659462928772
0.2554889917373657 0.09811168909072876 -0.7866344451904297
0.18849638104438782 0.07448796182870865 -0.7926464080810547
0.12113147974014282 0.050716813653707504 -0.7966808080673218
0.05361935496330261 0.026877688243985176 -0.7987281084060669
-0.013608071953058243 0.003123195841908455 -0.7987867593765259
0.010252456180751324 -0.0012702420353889465 0.7985838651657104
0.07970736175775528 0.018018919974565506 0.7966019511222839
0.14939601719379425 0.03738671541213989 0.7926240563392639
0.21887221932411194 0.05670921877026558 0.7866641283035278
0.28790372610092163 0.07592186331748962 0.7787381410598755
0.35628995299339294 0.09496884047985077 0.7688661813735962
0.4238431453704834 0.11379788815975189 0.7570735216140747
0.4903831481933594 0.13235877454280853 0.7433900237083435
0.5557355880737305 0.15060289204120636 0.7278501987457275
0.6197308301925659 0.16848289966583252 0.7104933857917786
0.6822041869163513 0.18595273792743683 0.6913633942604065
0.7429952621459961 0.20296762883663177 0.6705085039138794
0.8019490242004395 0.2194841206073761 0.6479814052581787
0.8589152097702026 0.23546016216278076 0.6238389611244202
0.9137489795684814 0.25085511803627014 0.5981420874595642
0.9663112759590149 0.26562997698783875 0.5709558725357056
1.0164687633514404 0.27974721789360046 0.5423490405082703
1.0640945434570312 0.29317113757133484 0.5123938918113708
1.1090680360794067 0.3058677613735199 0.48116642236709595
1.151275634765625 0.3178049921989441 0.4487457871437073
1.190610647201538 0.32895269989967346 0.41521427035331726
1.2269737720489502 0.33928269147872925 0.3806571960449219
1.2602733373641968 0.3487689197063446 0.3451627194881439
1.2904253005981445 0.3573874533176422 0.30882155895233154
1.317353367805481 0.36511650681495667 0.27172714471817017
1.3409900665283203 0.3719365894794464 0.23397523164749146
1.361275553703308 0.37783050537109375 0.19566422700881958
1.3781588077545166 0.3827834129333496 0.156895250082016
1.3915973901748657 0.3867827355861664 0.11777288466691971
1.4015576839447021 0.3898184299468994 0.07840698212385178
1.4080148935317993 0.3918827772140503 0.03891801834106445
1.410953402519226 0.39297038316726685 -0.0005385376862250268
1.4103684425354004 0.39307811856269836 -0.039700765162706375
1.4062526226043701 0.3922072649002075 -0.07905732840299606
1.3986186981201172 0.3903596103191376 -0.11834657192230225
1.3874868154525757 0.3875396251678467 -0.157413512468338
1.3728853464126587 0.3837544023990631 -0.1961384415626526
1.3548513650894165 0.37901341915130615 -0.2344125211238861
1.3334301710128784 0.3733285963535309 -0.27213236689567566
1.3086758852005005 0.3667142987251282 -0.30919840931892395
1.2806512117385864 0.35918715596199036 -0.3455139398574829
1.2494266033172607 0.350766122341156 -0.3809851408004761
1.215080976486206 0.3414725363254547 -0.4155208468437195
1.1777009963989258 0.33132973313331604 -0.4490326941013336
1.1373810768127441 0.3203633725643158 -0.48143520951271057
1.094223141670227 0.30860117077827454 -0.5126459002494812
1.0483359098434448 0.296072781085968 -0.5425854921340942
0.9998356103897095 0.28280988335609436 -0.5711781978607178
0.9488449096679688 0.2688460648059845 -0.5983514189720154
0.8954927921295166 0.25421664118766785 -0.6240363717079163
0.8399147391319275 0.2389587163925171 -0.6481682658195496
0.7822515964508057 0.22311100363731384 -0.6706860065460205
0.7226499319076538 0.20671381056308746 -0.6915327310562134
0.6612616777420044 0.1898088902235031 -0.7106558680534363
0.5982434153556824 0.17243938148021698 -0.7280071973800659
0.5337568521499634 0.15464985370635986 -0.7435429096221924
0.4679678976535797 0.13648609817028046 -0.7572239637374878
0.40104734897613525 0.11799526959657669 -0.7690157890319824
0.3331705331802368 0.09922581911087036 -0.7788888812065125
0.2645184099674225 0.0802278071641922 -0.7868185043334961
0.19527938961982727 0.06105336546897888 -0.7927846908569336
0.12565459311008453 0.041758228093385696 -0.7967730164527893
0.055876631289720535 0.02240687422454357 -0.7987741231918335
-0.013608073815703392 0.0031231995671987534 -0.7987867593765259
0.010252455249428749 -0.0012702380772680044 0.7985838651657104
0.08137328922748566 0.013147967867553234 0.7965636253356934
0.1527341902256012 0.027626333758234978 0.792547345161438
0.22387824952602386 0.042072221636772156 0.7865490913391113
0.29456764459609985 0.05643736943602562 0.7785849571228027
0.36459699273109436 0.07068005204200745 0.7686752676963806
0.43377402424812317 0.08476117253303528 0.7568452954292297
0.5019142627716064 0.09864319860935211 0.7431250214576721
0.5688391327857971 0.11228975653648376 0.7275490760803223
0.6343749165534973 0.12566542625427246 0.7101568579673767
0.6983529329299927 0.13873577117919922 0.6909922957420349
0.760608971118927 0.15146727859973907 0.6701037287712097
0.8209842443466187 0.16382746398448944 0.6475439667701721
0.8793249130249023 0.17578482627868652 0.6233699321746826
0.9354825019836426 0.18730895221233368 0.5976426601409912
0.9893147349357605 0.19837063550949097 0.5704272985458374
1.0406850576400757 0.20894183218479156 0.5417925715446472
1.089463472366333 0.21899576485157013 0.5118109583854675
1.1355262994766235 0.22850698232650757 0.4805584251880646
1.1787574291229248 0.2374514639377594 0.448114275932312
1.2190475463867188 0.24580660462379456 0.41456079483032227
1.2562949657440186 0.25355133414268494 0.37998342514038086
1.290405511856079 0.26066604256629944 0.3444702923297882
1.3212934732437134 0.26713281869888306 0.308112233877182
1.3488805294036865 0.27293533086776733 0.2710026502609253
1.37309730052948 0.2780589461326599 0.23323743045330048
1.3938828706741333 0.28249070048332214 0.19491493701934814
1.4111847877502441 0.28621944785118103 0.15613633394241333
1.424959659576416 0.28923577070236206 0.11700624227523804
1.4351727962493896 0.2915320098400116 0.0776345357298851
1.4417989253997803 0.29310232400894165 0.038141682744026184
1.444822072982788 0.2939426600933075 -0.0013168146833777428
1.4442371129989624 0.2940503656864166 -0.04047904163599014
1.440036654472351 0.2934268116950989 -0.07983366400003433
1.4322338104248047 0.29207316040992737 -0.11911902576684952
1.420849084854126 0.28999263048171997 -0.15818016231060028
1.4059114456176758 0.28719043731689453 -0.19689735770225525
1.3874586820602417 0.28367358446121216 -0.23516181111335754
1.365537405014038 0.2794509530067444 -0.27287018299102783
1.3402029275894165 0.27453312277793884 -0.30992287397384644
1.3115193843841553 0.2689325213432312 -0.34622326493263245
1.279558777809143 0.26266324520111084 -0.3816775679588318
1.2444021701812744 0.255741149187088 -0.4161946177482605
1.206138014793396 0.24818365275859833 -0.4496861398220062
1.1648629903793335 0.2400098443031311 -0.48206672072410583
1.1206814050674438 0.231240376830101 -0.5132538676261902
1.0737048387527466 0.22189739346504211 -0.5431684851646423
1.0240519046783447 0.21200449764728546 -0.5717346668243408
0.9718483686447144 0.20158672332763672 -0.5988799929618835
0.9172263741493225 0.1906704604625702 -0.6245357990264893
0.8603244423866272 0.17928338050842285 -0.6486372947692871
0.8012868165969849 0.16745434701442719 -0.6711234450340271
0.7402637004852295 0.15521347522735596 -0.6919374465942383
0.6774104237556458 0.1425919234752655 -0.7110269665718079
0.6128875017166138 0.12962190806865692 -0.728343665599823
0.54686039686203 0.11633670330047607 -0.7438440322875977
0.47949904203414917 0.10277052223682404 -0.7574889063835144
0.4109782576560974 0.08895856142044067 -0.7692440152168274
0.3414776027202606 0.07493702322244644 -0.779079794883728
0.2711823582649231 0.0607433095574379 -0.7869716286659241
0.2002854198217392 0.04641637206077576 -0.7928997278213501
0.12899276614189148 0.03199784457683563 -0.7968497276306152
0.057542551308870316 0.017535923048853874 -0.7988123893737793
-0.013608074747025967 0.0031232035253196955 -0.7987867593765259
0.010252454318106174 -0.0012702335370704532 0.7985838651657104
0.08244770765304565 0.00772805605083704 0.7965326905250549
0.1548870950937271 0.01676594652235508 0.7924852967262268
0.22710682451725006 0.025785623118281364 0.7864561080932617
0.2988654673099518 0.03475695475935936 0.7784611582756042
0.36995452642440796 0.04365388676524162 0.7685209512710571
0.44017884135246277 0.052452001720666885 0.7566607594490051
0.5093511343002319 0.06112784519791603 0.7429107427597046
0.5772901177406311 0.06965868175029755 0.7273055911064148
0.6438194513320923 0.07802238315343857 0.709884762763977
0.7087678909301758 0.08619742095470428 0.6906922459602356
0.7719687819480896 0.09416281431913376 0.669776439666748
0.8332607746124268 0.10189824551343918 0.647190272808075
0.8924878835678101 0.10938400775194168 0.6229907274246216
0.9494993090629578 0.11660107225179672 0.5972388386726379
1.004150629043579 0.12353113293647766 0.5699998736381531
1.0563030242919922 0.13015660643577576 0.541342556476593
1.1058248281478882 0.13646075129508972 0.511339545249939
1.1525903940200806 0.14242756366729736 0.48006677627563477
1.1964815855026245 0.1480420082807541 0.44760361313819885
1.2373876571655273 0.15328988432884216 0.4140323996543884
1.2752052545547485 0.15815794467926025 0.379438579082489
1.3098390102386475 0.16263388097286224 0.3439103960990906
1.3412014245986938 0.16670642793178558 0.3075386583805084
1.3692134618759155 0.17036525905132294 0.27041682600975037
1.3938045501708984 0.1736011803150177 0.2326408177614212
1.4149125814437866 0.17640601098537445 0.1943090260028839
1.43248450756073 0.17877265810966492 0.1555226445198059
1.4464762210845947 0.18069514632225037 0.1163863092660904
1.4568525552749634 0.1821686029434204 0.0770099014043808
1.4635876417160034 0.183189257979393 0.037513911724090576
1.466665267944336 0.18375436961650848 -0.0019461590563878417
1.4660803079605103 0.1838620901107788 -0.0411083847284317
1.4618253707885742 0.18351374566555023 -0.08046143501996994
1.4539135694503784 0.18270976841449738 -0.11974366009235382
1.4423656463623047 0.18145202100276947 -0.15880009531974792
1.4272111654281616 0.17974364757537842 -0.19751104712486267
1.408488392829895 0.17758889496326447 -0.23576772212982178
1.3862446546554565 0.17499318718910217 -0.2734667956829071
1.360535979270935 0.17196305096149445 -0.31050869822502136
1.3314274549484253 0.16850611567497253 -0.3467968702316284
1.2989922761917114 0.16463109850883484 -0.3822374939918518
1.2633124589920044 0.16034775972366333 -0.41673946380615234
1.2244781255722046 0.15566693246364594 -0.45021456480026245
1.1825871467590332 0.150600403547287 -0.482577383518219
1.1377453804016113 0.145160973072052 -0.5137455463409424
1.0900661945343018 0.1393623799085617 -0.5436398983001709
1.0396698713302612 0.13321927189826965 -0.5721846222877502
0.9866842031478882 0.1267472207546234 -0.5993074178695679
0.9312431812286377 0.11996257305145264 -0.6249396204948425
0.8734874129295349 0.11288256198167801 -0.6490164995193481
0.813563346862793 0.10552513599395752 -0.6714771389961243
0.7516234517097473 0.09790899604558945 -0.6922647356987
0.6878253817558289 0.09005355834960938 -0.7113270163536072
0.6223320364952087 0.08197886496782303 -0.7286158204078674
0.555311381816864 0.07370563596487045 -0.7440875172615051
0.48693588376045227 0.06525516510009766 -0.7577031850814819
0.417383074760437 0.05664938688278198 -0.769428551197052
0.3468351364135742 0.04791086167097092 -0.7792341709136963
0.275480180978775 0.03906289488077164 -0.7870954275131226
0.2035139948129654 0.030129771679639816 -0.7929927706718445
0.1311456710100174 0.021137457340955734 -0.7969117164611816
0.05861696973443031 0.01211601123213768 -0.7988433837890625
-0.013608075678348541 0.003123207949101925 -0.7987867593765259
0.0102524533867836 -0.0012702277163043618 0.7985838651657104
0.08298402279615402 0.0006822939030826092 0.7965052723884583
0.1559617817401886 0.0026476907078176737 0.7924304008483887
0.22871844470500946 0.0046134148724377155 0.7863737940788269
0.3010108470916748 0.0065729087218642235 0.7783516049385071
0.3726288676261902 0.008520486764609814 0.7683843374252319
0.44337594509124756 0.010450809262692928 0.7564975023269653
0.5130634307861328 0.01235873345285654 0.7427211999893188
0.5815086364746094 0.014239261858165264 0.7270901799201965
0.6485339403152466 0.016087517142295837 0.7096440196037292
0.7139667868614197 0.017898745834827423 0.6904267072677612
0.7776392698287964 0.019668301567435265 0.6694868206977844
0.839388906955719 0.021391671150922775 0.6468773484230042
0.89905846118927 0.023064464330673218 0.6226551532745361
0.9564961194992065 0.024682428687810898 0.5968815088272095
1.0115562677383423 0.026241464540362358 0.5696216225624084
1.0640991926193237 0.027737615630030632 0.5409443974494934
1.1139919757843018 0.029167097061872482 0.5109224319458008
1.1611082553863525 0.030526285991072655 0.47963178157806396
1.2053289413452148 0.031811751425266266 0.447151780128479
1.2465425729751587 0.033020246773958206 0.41356486082077026
1.2846448421478271 0.03414871171116829 0.37895649671554565
1.3195396661758423 0.03519430011510849 0.34341496229171753
1.3511390686035156 0.0361543744802475 0.30703115463256836
1.3793631792068481 0.03702649474143982 0.2698984742164612
1.4041409492492676 0.03780847042798996 0.23211292922496796
1.4254100322723389 0.03849830850958824 0.19377292692661285
1.4431167840957642 0.039094265550374985 0.1549796462059021
1.457216739654541 0.03959481418132782 0.11583779007196426
1.4676743745803833 0.03999866917729378 0.07645722478628159
1.474463939666748 0.040304750204086304 0.03695845603942871
1.4775688648223877 0.04051212966442108 -0.0025030055548995733
1.476983904838562 0.04061984270811081 -0.04166522994637489
1.4727016687393188 0.04062923043966293 -0.0810168907046318
1.4647353887557983 0.04053982347249985 -0.12029633671045303
1.453106164932251 0.04035169258713722 -0.15934860706329346
1.4378434419631958 0.040065255016088486 -0.19805403053760529
1.4189858436584473 0.03968119993805885 -0.23630382120609283
1.3965810537338257 0.03920047730207443 -0.27399468421936035
1.3706856966018677 0.03862428665161133 -0.31102705001831055
1.3413649797439575 0.037954069674015045 -0.3473043739795685
1.3086928129196167 0.03719151392579079 -0.38273289799690247
1.272752046585083 0.03633853793144226 -0.4172215461730957
1.2336329221725464 0.03539728745818138 -0.4506821036338806
1.1914345026016235 0.03437013924121857 -0.48302921652793884
1.1462632417678833 0.033259689807891846 -0.5141805410385132
1.0982333421707153 0.032068733125925064 -0.5440569519996643
1.0474660396575928 0.030800284817814827 -0.5725827813148499
0.9940898418426514 0.02945755235850811 -0.5996856689453125
0.9382399320602417 0.02804393507540226 -0.625296950340271
0.8800579905509949 0.026563018560409546 -0.6493520736694336
0.8196914792060852 0.025018559768795967 -0.6717901229858398
0.7572939395904541 0.0234144888818264 -0.6925543546676636
0.6930242776870728 0.02175488881766796 -0.7115925550460815
0.6270464658737183 0.020043998956680298 -0.7288565635681152
0.5595298409461975 0.018286211416125298 -0.7443029284477234
0.49064818024635315 0.01648605242371559 -0.7578927874565125
0.4205801784992218 0.01464819721877575 -0.7695918083190918
0.34950947761535645 0.012777464464306831 -0.7793707251548767
0.27762553095817566 0.010878847911953926 -0.7872049808502197
0.2051256150007248 0.008957563899457455 -0.7930750846862793
0.1322203427553177 0.007019201293587685 -0.7969666123390198
0.05915328860282898 0.005070249550044537 -0.7988707423210144
-0.013608076609671116 0.0031232137698680162 -0.7987867593765259
0.0102524533867836 -0.001270222826860845 0.7985838651657104
0.08283518254756927 -0.005276706535369158 0.7964911460876465
0.15566352009773254 -0.009292918257415295 0.7924020290374756
0.22827117145061493 -0.013293121010065079 0.7863312363624573
0.30041542649269104 -0.01726393587887287 0.7782949209213257
0.371886670589447 -0.021193817257881165 0.7683137059211731
0.4424886703491211 -0.025071976706385612 0.7564130425453186
0.5120331645011902 -0.028888067230582237 0.7426230907440186
0.5803378820419312 -0.03263208270072937 0.7269787192344666
0.6472254991531372 -0.03629430755972862 0.7095194458961487
0.7125239372253418 -0.03986531123518944 0.6902894377708435
0.7760655283927917 -0.0433359257876873 0.6693370938301086
0.8376882076263428 -0.04669729992747307 0.6467154622077942
0.8972349166870117 -0.049940865486860275 0.6224815845489502
0.9545542597770691 -0.05305837094783783 0.596696674823761
1.0095009803771973 -0.056041914969682693 0.5694260001182556
1.061935544013977 -0.05888392776250839 0.5407384634017944
1.1117253303527832 -0.061577219516038895 0.5107067227363586
1.158744215965271 -0.06411496549844742 0.47940677404403687
1.2028735876083374 -0.06649076193571091 0.4469180703163147
1.2440017461776733 -0.06869859993457794 0.4133230149745941
1.2820250988006592 -0.07073291391134262 0.3787071704864502
1.3168474435806274 -0.07258857041597366 0.3431587517261505
1.3483810424804688 -0.0742608904838562 0.30676865577697754
1.3765462636947632 -0.07574564963579178 0.26963040232658386
1.4012722969055176 -0.07703911513090134 0.23183989524841309
1.4224966764450073 -0.07813804596662521 0.19349564611911774
1.4401659965515137 -0.07903966307640076 0.15469881892204285
1.4542359113693237 -0.07974173128604889 0.1155540868639946
1.464671015739441 -0.08024249970912933 0.07617136836051941
1.4714454412460327 -0.08054077625274658 0.036671169102191925
1.4745427370071411 -0.08063594996929169 -0.002791012404486537
1.4739577770233154 -0.08052823692560196 -0.04195323958992958
1.4696831703186035 -0.08021628856658936 -0.08130417764186859
1.461732029914856 -0.07970134168863297 -0.12058218568563461
1.4501253366470337 -0.07898484915494919 -0.15963231027126312
1.4348926544189453 -0.07806867361068726 -0.19833487272262573
1.4160724878311157 -0.076955147087574 -0.23658110201358795
1.3937124013900757 -0.07564710825681686 -0.27426770329475403
1.3678687810897827 -0.07414785772562027 -0.31129515171051025
1.3386069536209106 -0.07246118783950806 -0.3475668728351593
1.3060007095336914 -0.07059135288000107 -0.38298913836479187
1.270132303237915 -0.06854309141635895 -0.41747087240219116
1.2310922145843506 -0.06632155925035477 -0.4509239196777344
1.1889790296554565 -0.06393236666917801 -0.48326289653778076
1.1438993215560913 -0.061381563544273376 -0.5144055485725403
1.0959666967391968 -0.05867558345198631 -0.5442727208137512
1.045302391052246 -0.055821262300014496 -0.5727887153625488
0.9920345544815063 -0.05282583087682724 -0.5998812913894653
0.936298131942749 -0.04969686642289162 -0.6254817843437195
0.8782345056533813 -0.04644231125712395 -0.6495256423950195
0.8179907202720642 -0.04307040944695473 -0.671951949596405
0.7557201981544495 -0.039589740335941315 -0.6927041411399841
0.6915814280509949 -0.03600916638970375 -0.711729884147644
0.6257380843162537 -0.03233782574534416 -0.728981077671051
0.5583590865135193 -0.028585132211446762 -0.7444143891334534
0.4896179139614105 -0.024760747328400612 -0.757990837097168
0.41969290375709534 -0.020874589681625366 -0.7696762681007385
0.3487672507762909 -0.01693684048950672 -0.7794413566589355
0.2770301103591919 -0.012957995757460594 -0.7872616648674011
0.20467834174633026 -0.008948971517384052 -0.7931176424026489
0.13192209601402283 -0.00492140743881464 -0.7969949841499329
0.059004444628953934 -0.0008887509466148913 -0.798884928226471
-0.013608076609671116 0.003123218659311533 -0.7987867593765259
0.010252454318106174 -0.0012702185194939375 0.7985838651657104
0.08202321082353592 -0.01050651166588068 0.796488881111145
0.1540364921092987 -0.019772369414567947 0.7923974990844727
0.22583122551441193 -0.02900845557451248 0.7863244414329529
0.29716742038726807 -0.038183894008398056 0.7782859206199646
0.3678377866744995 -0.04727202281355858 0.7683024406433105
0.43764832615852356 -0.05624788627028465 0.7563996315002441
0.5064128637313843 -0.06508754938840866 0.7426075339317322
0.5739511847496033 -0.07376784086227417 0.7269610166549683
0.6400879621505737 -0.08226623386144638 0.7094996571540833
0.7046529650688171 -0.09056085348129272 0.6902675628662109
0.7674805521965027 -0.0986304059624672 0.6693132519721985
0.8284103870391846 -0.10645430535078049 0.6466896533966064
0.8872871994972229 -0.11401262134313583 0.6224539279937744
0.9439613223075867 -0.12128612399101257 0.5966672301292419
0.9982889890670776 -0.12825638055801392 0.5693948864936829
1.0501325130462646 -0.13490571081638336 0.540705680847168
1.099360466003418 -0.14121726155281067 0.510672390460968
1.1458483934402466 -0.14717508852481842 0.47937095165252686
1.189478874206543 -0.15276411175727844 0.44688087701797485
1.230141520500183 -0.15797023475170135 0.4132845401763916
1.2677339315414429 -0.16278031468391418 0.3786674737930298
1.3021608591079712 -0.16718217730522156 0.34311795234680176
1.3333358764648438 -0.17116476595401764 0.30672687292099
1.3611799478530884 -0.1747180074453354 0.2695876955986023
1.3856232166290283 -0.1778329461812973 0.23179642856121063
1.4066038131713867 -0.18050174415111542 0.19345149397850037
1.4240691661834717 -0.1827176958322525 0.1546541005373001
1.4379750490188599 -0.18447521328926086 0.11550892144441605
1.4482868909835815 -0.1857699155807495 0.0761258602142334
1.4549789428710938 -0.18659858405590057 0.03662542998790741
1.4580351114273071 -0.18695929646492004 -0.002836865372955799
1.4574501514434814 -0.18685157597064972 -0.04199909046292305
1.4532166719436646 -0.18627409636974335 -0.0813499167561531
1.4453480243682861 -0.18522875010967255 -0.12062769383192062
1.4338645935058594 -0.18371833860874176 -0.15967747569084167
1.4187957048416138 -0.181746706366539 -0.19837959110736847
1.4001796245574951 -0.1793188601732254 -0.23662525415420532
1.3780632019042969 -0.17644093930721283 -0.2743111848831177
1.352502465248108 -0.17312021553516388 -0.31133782863616943
1.3235617876052856 -0.1693650782108307 -0.34760865569114685
1.2913141250610352 -0.16518497467041016 -0.3830299377441406
1.2558410167694092 -0.16059048473834991 -0.4175105690956116
1.2172319889068604 -0.15559320151805878 -0.4509624242782593
1.175584316253662 -0.15020573139190674 -0.483300119638443
1.131003499031067 -0.14444167912006378 -0.5144413709640503
1.0836018323898315 -0.13831563293933868 -0.5443070530891418
1.0334992408752441 -0.13184303045272827 -0.5728214979171753
0.9808226227760315 -0.12504029273986816 -0.5999124050140381
0.9257051944732666 -0.11792462319135666 -0.6255112290382385
0.8682867884635925 -0.1105140671133995 -0.6495532989501953
0.8087129592895508 -0.10282741487026215 -0.6719777584075928
0.7471352219581604 -0.09488421678543091 -0.6927279829978943
0.683710515499115 -0.08670470863580704 -0.7117516994476318
0.6186005473136902 -0.07830975204706192 -0.7290009260177612
0.5519723892211914 -0.06972089409828186 -0.7444320917129517
0.4839976131916046 -0.06096022576093674 -0.7580064535140991
0.4148525595664978 -0.05205049738287926 -0.7696897387504578
0.34471839666366577 -0.043015044182538986 -0.7794526219367981
0.2737821042537689 -0.03387795388698578 -0.787270724773407
0.20223839581012726 -0.02466430701315403 -0.7931244373321533
0.130295068025589 -0.015400858595967293 -0.7969995141029358
0.05819247290492058 -0.006118556018918753 -0.7988871932029724
-0.013608075678348541 0.0031232230830937624 -0.7987867593765259
0.010252455249428749 -0.0012702145613729954 0.7985838651657104
0.08057312667369843 -0.015352709218859673 0.7964972257614136
0.15113084018230438 -0.02948315255343914 0.7924141883850098
0.2214738130569458 -0.043571069836616516 0.7863494753837585
0.29136690497398376 -0.05756937339901924 0.778319239616394
0.3606070280075073 -0.07143738120794296 0.768343985080719
0.42900413274765015 -0.08513703942298889 0.756449282169342
0.49637576937675476 -0.09863179177045822 0.74266517162323
0.5625453591346741 -0.11188628524541855 0.7270265221595764
0.6273412704467773 -0.12486611306667328 0.7095729112625122
0.6905965209007263 -0.1375378668308258 0.6903483271598816
0.7521489858627319 -0.14986902475357056 0.6694012880325317
0.8118414282798767 -0.16182813048362732 0.6467849016189575
0.8695219159126282 -0.17338471114635468 0.6225560307502747
0.9250437021255493 -0.18450936675071716 0.5967759490013123
0.9782660007476807 -0.19517390429973602 0.5695099234580994
1.029053807258606 -0.20535127818584442 0.5408267974853516
1.0772784948349 -0.215015709400177 0.51079922914505
1.1228182315826416 -0.22414274513721466 0.4795032739639282
1.165557622909546 -0.23270931839942932 0.4470182955265045
1.2053890228271484 -0.24069379270076752 0.4134267568588257
1.2422116994857788 -0.24807602167129517 0.37881410121917725
1.275932788848877 -0.2548373341560364 0.34326863288879395
1.3064671754837036 -0.26096075773239136 0.30688121914863586
1.3337377309799194 -0.26643073558807373 0.2697453796863556
1.3576759099960327 -0.27123352885246277 0.23195698857307434
1.3782212734222412 -0.27535706758499146 0.19361455738544464
1.3953220844268799 -0.2787909209728241 0.15481926500797272
1.4089354276657104 -0.28152647614479065 0.11567576974630356
1.4190272092819214 -0.28355687856674194 0.07629396766424179
1.425572156906128 -0.2848770320415497 0.03679438307881355
1.428554654121399 -0.28548380732536316 -0.002667488530278206
1.4279696941375732 -0.28537610173225403 -0.04182971641421318
1.4238098859786987 -0.28455254435539246 -0.08118096739053726
1.4160882234573364 -0.28301572799682617 -0.12045958638191223
1.4048248529434204 -0.28076961636543274 -0.15951062738895416
1.3900487422943115 -0.2778199315071106 -0.19821442663669586
1.3717970848083496 -0.27417418360710144 -0.23646217584609985
1.3501160144805908 -0.2698415219783783 -0.2741506099700928
1.325060248374939 -0.2648329436779022 -0.31118014454841614
1.2966930866241455 -0.2591610550880432 -0.3474542796611786
1.265086054801941 -0.252840131521225 -0.38287922739982605
1.2303189039230347 -0.2458861917257309 -0.4173639416694641
1.1924794912338257 -0.23831674456596375 -0.4508202075958252
1.1516631841659546 -0.23015092313289642 -0.48316267132759094
1.1079732179641724 -0.22140933573246002 -0.5143090486526489
1.0615198612213135 -0.21211406588554382 -0.544180154800415
1.0124205350875854 -0.20228861272335052 -0.5727003812789917
0.9607995748519897 -0.19195781648159027 -0.5997973680496216
0.9067875146865845 -0.18114785850048065 -0.6254025101661682
0.8505215048789978 -0.16988615691661835 -0.6494511961936951
0.7921440005302429 -0.15820124745368958 -0.6718825697898865
0.7318036556243896 -0.14612284302711487 -0.6926398873329163
0.6696540713310242 -0.13368172943592072 -0.711670994758606
0.605853796005249 -0.12090963125228882 -0.7289276719093323
0.540566623210907 -0.10783933848142624 -0.7443665862083435
0.4739605188369751 -0.0945044681429863 -0.7579487562179565
0.4062083661556244 -0.0809396505355835 -0.7696400284767151
0.3374876379966736 -0.06718041002750397 -0.7794110774993896
0.2679815888404846 -0.053263433277606964 -0.7872373461723328
0.19788098335266113 -0.039226919412612915 -0.7930994033813477
0.12738941609859467 -0.025111641734838486 -0.7969828248023987
0.05674239248037338 -0.010964754037559032 -0.7988788485527039
-0.013608074747025967 0.0031232270412147045 -0.7987867593765259
0.010252457112073898 -0.001270210836082697 0.7985838651657104
0.07849892973899841 -0.01989108696579933 0.796515703201294
0.1469745635986328 -0.0385771244764328 0.7924512624740601
0.21524092555046082 -0.05720869451761246 0.786405086517334
0.28306981921195984 -0.07572352141141891 0.7783932089805603
0.35026413202285767 -0.09406781196594238 0.7684362530708313
0.41663941740989685 -0.11219120025634766 0.7565595507621765
0.4820186495780945 -0.13004536926746368 0.7427932620048523
0.5462304949760437 -0.1475835144519806 0.7271720170974731
0.6091082692146301 -0.16476012766361237 0.7097355127334595
0.6704900860786438 -0.18153099715709686 0.690527617931366
0.7302185297012329 -0.19785307347774506 0.6695969104766846
0.788141131401062 -0.21368470788002014 0.646996259689331
0.844110369682312 -0.22898559272289276 0.6227826476097107
0.8979837894439697 -0.2437167912721634 0.5970172882080078
0.9496248960494995 -0.25784096121788025 0.5697653889656067
0.9989026784896851 -0.2713222801685333 0.5410957336425781
1.0456924438476562 -0.2841266095638275 0.5110809803009033
1.08987557888031 -0.2962215542793274 0.4797971248626709
1.1313406229019165 -0.3075765371322632 0.4473235011100769
1.16998291015625 -0.3181629180908203 0.4137425422668457
1.205704689025879 -0.32795390486717224 0.3791397213935852
1.2384158372879028 -0.33692482113838196 0.343603253364563
1.2680339813232422 -0.3450530469417572 0.3072240352630615
1.2944841384887695 -0.35231804847717285 0.27009549736976624
1.317699909210205 -0.3587014973163605 0.23231355845928192
1.3376226425170898 -0.3641873598098755 0.19397668540477753
1.3542022705078125 -0.3687617778778076 0.1551860272884369
1.3673969507217407 -0.3724132478237152 0.11604626476764679
1.3771737813949585 -0.37513259053230286 0.07666727900505066
1.3835084438323975 -0.37691304087638855 0.03716956824064255
1.3863856792449951 -0.3777502179145813 -0.002291365060955286
1.3858006000518799 -0.37764251232147217 -0.04145359247922897
1.3817461729049683 -0.3765885531902313 -0.08080577850341797
1.3742347955703735 -0.3745914399623871 -0.12008628249168396
1.3632863759994507 -0.3716563582420349 -0.15914013981819153
1.3489288091659546 -0.3677907884120941 -0.1978476643562317
1.3311984539031982 -0.3630044758319855 -0.23610006272792816
1.3101400136947632 -0.357309490442276 -0.2737940549850464
1.285806655883789 -0.35072025656700134 -0.3108300268650055
1.258259892463684 -0.34325334429740906 -0.3471114933490753
1.2275691032409668 -0.33492761850357056 -0.382544606924057
1.1938118934631348 -0.32576408982276917 -0.41703832149505615
1.1570733785629272 -0.31578585505485535 -0.4505043923854828
1.1174461841583252 -0.3050181567668915 -0.48285749554634094
1.0750306844711304 -0.29348814487457275 -0.5140151977539062
1.0299338102340698 -0.28122496604919434 -0.5438984632492065
0.9822694659233093 -0.26825961470603943 -0.5724314451217651
0.9321585297584534 -0.2546248733997345 -0.5995419025421143
0.8797276616096497 -0.24035528302192688 -0.6251611709594727
0.8251098990440369 -0.22548703849315643 -0.649224579334259
0.7684437036514282 -0.2100578248500824 -0.6716711521148682
0.7098731994628906 -0.19410689175128937 -0.6924442648887634
0.6495476365089417 -0.17767484486103058 -0.7114916443824768
0.5876208543777466 -0.1608036458492279 -0.728765070438385
0.5242516994476318 -0.14353656768798828 -0.744221031665802
0.4596033990383148 -0.12591804563999176 -0.757820725440979
0.3938436508178711 -0.10799381881952286 -0.7695297598838806
0.32714471220970154 -0.08981083333492279 -0.7793188095092773
0.2596845030784607 -0.07141758501529694 -0.7871633768081665
0.19164809584617615 -0.052864544093608856 -0.7930437922477722
0.1232331395149231 -0.034205611795186996 -0.7969457507133484
0.05466819554567337 -0.015503130853176117 -0.7988603115081787
-0.013608072884380817 0.003123230766505003 -0.7987867593765259
0.010252459906041622 -0.001270207343623042 0.7985838651657104
0.07581483572721481 -0.024141749367117882 0.7965441346168518
0.14159619808197021 -0.04709457606077194 0.7925081849098206
0.2071753293275833 -0.06998175382614136 0.7864904403686523
0.2723330557346344 -0.09272678196430206 0.7785068154335022
0.33687999844551086 -0.11526356637477875 0.7685778737068176
0.40063896775245667 -0.13753025233745575 0.7567288875579834
0.4634399712085724 -0.15946745872497559 0.7429898381233215
0.525118350982666 -0.1810176968574524 0.7273954749107361
0.5855140686035156 -0.20212504267692566 0.7099851965904236
0.6444715857505798 -0.22273515164852142 0.6908029913902283
0.7018397450447083 -0.24279513955116272 0.669897198677063
0.757472038269043 -0.2622538208961487 0.6473208069801331
0.8112267851829529 -0.2810616195201874 0.6231306195259094
0.8629671931266785 -0.29917073249816895 0.5973878502845764
0.9125622510910034 -0.31653520464897156 0.5701575875282288
0.9598859548568726 -0.3331109881401062 0.5415086150169373
1.0048186779022217 -0.3488561809062958 0.5115134716033936
1.0472465753555298 -0.36373087763786316 0.48024818301200867
1.0870625972747803 -0.37769752740859985 0.44779202342033386
1.1241660118103027 -0.39072081446647644 0.41422736644744873
1.1584631204605103 -0.4027678966522217 0.3796396255493164
1.1898674964904785 -0.41380831599235535 0.3441169857978821
1.2182999849319458 -0.4238142669200897 0.30775031447410583
1.2436885833740234 -0.43276047706604004 0.2706329822540283
1.2659693956375122 -0.4406243860721588 0.23286095261573792
1.2850865125656128 -0.4473862051963806 0.1945326030254364
1.3009915351867676 -0.4530288577079773 0.15574908256530762
1.313644528388977 -0.4575381577014923 0.11661505699157715
1.3230139017105103 -0.4609028100967407 0.07724037766456604
1.3290762901306152 -0.46311435103416443 0.03774555027484894
1.3318172693252563 -0.46416735649108887 -0.0017139398260042071
1.3312323093414307 -0.46405965089797974 -0.04087616503238678
1.327314019203186 -0.4627898633480072 -0.08022979646921158
1.3200749158859253 -0.46036165952682495 -0.11951317638158798
1.309533953666687 -0.4567812979221344 -0.15857134759426117
1.2957180738449097 -0.4520578682422638 -0.19728460907936096
1.2786622047424316 -0.4462032914161682 -0.2355441451072693
1.2584095001220703 -0.43923237919807434 -0.2732466459274292
1.2350109815597534 -0.43116268515586853 -0.3102925419807434
1.2085258960723877 -0.4220145642757416 -0.346585214138031
1.1790207624435425 -0.41181108355522156 -0.3820308744907379
1.1465703248977661 -0.4005780518054962 -0.41653841733932495
1.1112563610076904 -0.38834378123283386 -0.45001956820487976
1.0731680393218994 -0.37513911724090576 -0.4823889434337616
1.03240168094635 -0.3609974682331085 -0.5135641098022461
0.9890600442886353 -0.3459545373916626 -0.5434659123420715
0.9432528018951416 -0.3300483226776123 -0.572018563747406
0.8950958251953125 -0.3133191168308258 -0.5991497039794922
0.8447110652923584 -0.29580920934677124 -0.624790608882904
0.7922263145446777 -0.27756306529045105 -0.6488766074180603
0.7377745509147644 -0.25862693786621094 -0.6713466048240662
0.681494414806366 -0.23904894292354584 -0.692143976688385
0.6235291361808777 -0.21887899935245514 -0.7112163305282593
0.5640266537666321 -0.1981685608625412 -0.7285153865814209
0.5031396150588989 -0.17697075009346008 -0.7439976334571838
0.4410247206687927 -0.15534014999866486 -0.7576241493225098
0.3778432011604309 -0.13333286345005035 -0.7693604230880737
0.3137606084346771 -0.11100658774375916 -0.779177188873291
0.24894773960113525 -0.08842083811759949 -0.7870497703552246
0.18358251452445984 -0.06563760340213776 -0.7929584383964539
0.1178547665476799 -0.04272306710481644 -0.7968888282775879
0.05198409780859947 -0.019753795117139816 -0.7988319396972656
-0.013608070090413094 0.003123234258964658 -0.7987867593765259
0.010252461768686771 -0.001270204083994031 0.7985838651657104
0.07253685593605042 -0.02810453251004219 0.7965821623802185
0.13502779603004456 -0.05503517761826515 0.7925844788551331
0.19732514023780823 -0.08188974112272263 0.7866048216819763
0.2592206597328186 -0.10857847332954407 0.7786591053009033
0.32053446769714355 -0.1350238174200058 0.7687677145004272
0.38109827041625977 -0.16115319728851318 0.7569558024406433
0.4407505393028259 -0.1868969202041626 0.7432532906532288
0.4993349313735962 -0.2121875286102295 0.7276948690414429
0.5566993951797485 -0.23695938289165497 0.7103197574615479
0.6126962304115295 -0.26114872097969055 0.6911719441413879
0.6671817898750305 -0.2846934497356415 0.6702996492385864
0.7200170159339905 -0.30753353238105774 0.6477557420730591
0.7710673213005066 -0.32961076498031616 0.6235969662666321
0.8202028274536133 -0.35086897015571594 0.5978844165802002
0.8672990202903748 -0.3712542951107025 0.5706831812858582
0.9122363924980164 -0.3907150328159332 0.5420619249343872
0.9549012184143066 -0.40920189023017883 0.5120931267738342
0.9951854944229126 -0.42666807770729065 0.48085275292396545
1.032987356185913 -0.4430694580078125 0.4484199583530426
1.068211555480957 -0.45836466550827026 0.41487711668014526
1.1007689237594604 -0.4725150167942047 0.3803095817565918
1.1305773258209229 -0.485484778881073 0.3448054790496826
1.1575616598129272 -0.4972413182258606 0.30845561623573303
1.1816538572311401 -0.5077548623085022 0.2713533639907837
1.202793002128601 -0.5169989466667175 0.23359458148479462
1.22092604637146 -0.5249503254890442 0.19527766108512878
1.2360073328018188 -0.5315888524055481 0.15650370717048645
1.247998833656311 -0.5368979573249817 0.11737735569477081
1.2568705081939697 -0.5408641695976257 0.07800846546888351
1.2626005411148071 -0.5434775948524475 0.03851749002933502
1.2651749849319458 -0.5447317957878113 -0.0009400655399076641
1.2645900249481201 -0.5446240901947021 -0.040102291852235794
1.260838270187378 -0.5431531071662903 -0.0794578567147255
1.2539315223693848 -0.54032301902771 -0.1187450960278511
1.243888258934021 -0.536141037940979 -0.1578090339899063
1.230733871459961 -0.530617892742157 -0.19652998447418213
1.2145018577575684 -0.5237674117088318 -0.2347990870475769
1.1952331066131592 -0.5156069397926331 -0.2725130319595337
1.1729762554168701 -0.5061570405960083 -0.30957216024398804
1.1477876901626587 -0.49544161558151245 -0.3458799123764038
1.1197305917739868 -0.4834875762462616 -0.3813423812389374
1.0888761281967163 -0.47032517194747925 -0.41586846113204956
1.0553019046783447 -0.4559876322746277 -0.4493698179721832
1.0190929174423218 -0.4405110776424408 -0.48176100850105286
0.9803405404090881 -0.423934668302536 -0.5129595398902893
0.9391425848007202 -0.40630024671554565 -0.5428862571716309
0.8956032395362854 -0.38765236735343933 -0.571465253829956
0.8498326539993286 -0.36803820729255676 -0.5986241102218628
0.8019466996192932 -0.3475074768066406 -0.6242940425872803
0.7520668506622314 -0.32611221075057983 -0.6484102606773376
0.7003195881843567 -0.30390664935112 -0.6709116697311401
0.6468364596366882 -0.2809472680091858 -0.6917415261268616
0.5917537212371826 -0.25729256868362427 -0.7108473181724548
0.535211980342865 -0.2330029010772705 -0.7281807661056519
0.4773561656475067 -0.208140566945076 -0.743698239326477
0.41833528876304626 -0.18276959657669067 -0.7573606371879578
0.358302503824234 -0.1569558084011078 -0.7691335082054138
0.2974150776863098 -0.1307668387889862 -0.7789874076843262
0.23583535850048065 -0.10427252948284149 -0.7868974804878235
0.17373232543468475 -0.07754559069871902 -0.7928440570831299
0.11128637194633484 -0.05066366866230965 -0.7968125939369202
0.048706118017435074 -0.023716576397418976 -0.7987938523292542
-0.013608068227767944 0.003123237518593669 -0.7987867593765259
0.01025246549397707 -0.0012702010571956635 0.7985838651657104
0.06868286430835724 -0.03177042677998543 0.7966296672821045
0.12730519473552704 -0.062380872666835785 0.7926796078681946
0.18574409186840057 -0.09290559589862823 0.7867475152015686
0.2438041716814041 -0.1232425644993782 0.7788490653038025
0.3013167381286621 -0.15330363810062408 0.7690044641494751
0.35812389850616455 -0.18300631642341614 0.7572388648986816
0.4140741527080536 -0.21227137744426727 0.743582010269165
0.46902087330818176 -0.24102212488651276 0.7280683517456055
0.5228214263916016 -0.2691839635372162 0.7107372283935547
0.575337290763855 -0.2966843545436859 0.6916322708129883
0.626433789730072 -0.32345277070999146 0.6708017587661743
0.6759804487228394 -0.3494209051132202 0.6482983231544495
0.7238510847091675 -0.3745226263999939 0.6241787672042847
0.7699239253997803 -0.3986940383911133 0.5985039472579956
0.8140822052955627 -0.42187389731407166 0.5713388919830322
0.8562138676643372 -0.4440034031867981 0.542752206325531
0.8962122797966003 -0.46502652764320374 0.5128162503242493
0.9339762330055237 -0.48489004373550415 0.48160693049430847
0.9694101810455322 -0.5035437941551208 0.4492033123970032
1.0024248361587524 -0.5209406614303589 0.4156877100467682
1.032936692237854 -0.5370367169380188 0.3811453580856323
1.060868740081787 -0.5517913103103638 0.345664381980896
1.0861506462097168 -0.565167248249054 0.30933550000190735
1.1087183952331543 -0.5771306753158569 0.27225202322006226
1.1285152435302734 -0.5876516103744507 0.23450976610183716
1.1454914808273315 -0.5967033505439758 0.19620709121227264
1.1596041917800903 -0.604263186454773 0.15744508802890778
1.1708178520202637 -0.6103121042251587 0.11832831799983978
1.1791045665740967 -0.6148348450660706 0.07896663248538971
1.1844435930252075 -0.6178200840950012 0.03948047757148743
1.1868224143981934 -0.6192604303359985 2.5331548386020586e-05
1.1862374544143677 -0.6191527247428894 -0.039136894047260284
1.1826813220977783 -0.617495596408844 -0.07849486917257309
1.1761655807495117 -0.6142936944961548 -0.11778692901134491
1.1667072772979736 -0.6095552444458008 -0.15685808658599854
1.1543307304382324 -0.6032922267913818 -0.1955886036157608
1.13906729221344 -0.5955204963684082 -0.23386964201927185
1.1209553480148315 -0.5862596035003662 -0.27159783244132996
1.1000409126281738 -0.5755329132080078 -0.3086735010147095
1.0763765573501587 -0.5633675456047058 -0.3450000286102295
1.050022006034851 -0.54979407787323 -0.380483478307724
1.0210438966751099 -0.5348469018936157 -0.41503268480300903
0.9895152449607849 -0.5185636281967163 -0.4485592544078827
0.9555157423019409 -0.5009854435920715 -0.4809776544570923
0.9191312789916992 -0.4821566641330719 -0.5122053623199463
0.8804536461830139 -0.46212488412857056 -0.5421631336212158
0.8395807147026062 -0.4409407377243042 -0.5707749724388123
0.7966158390045166 -0.4186578094959259 -0.5979683995246887
0.7516677975654602 -0.39533254504203796 -0.6236745119094849
0.7048506140708923 -0.37102407217025757 -0.6478284597396851
0.6562830209732056 -0.34579402208328247 -0.6703690886497498
0.6060884594917297 -0.31970658898353577 -0.6912394762039185
0.5543947815895081 -0.29282820224761963 -0.7103869915008545
0.501334011554718 -0.26522746682167053 -0.7277633547782898
0.4470421075820923 -0.23697517812252045 -0.7433247566223145
0.3916589021682739 -0.20814405381679535 -0.7570319771766663
0.3353281319141388 -0.17880892753601074 -0.7688504457473755
0.27819734811782837 -0.14904667437076569 -0.7787505984306335
0.22041887044906616 -0.11893662810325623 -0.7867075204849243
0.1621512621641159 -0.08856144547462463 -0.7927013635635376
0.10356377065181732 -0.05800936371088028 -0.7967174053192139
0.044852130115032196 -0.027382470667362213 -0.7987464070320129
-0.013608064502477646 0.0031232405453920364 -0.7987867593765259
0.010252469219267368 -0.0012701982632279396 0.7985838651657104
0.06427209824323654 -0.03512648493051529 0.7966862916946411
0.11846693605184555 -0.06910572201013565 0.7927931547164917
0.1724899262189865 -0.10299040377140045 0.7869177460670471
0.22616048157215118 -0.13666726648807526 0.7790756821632385
0.27932265400886536 -0.17003849148750305 0.7692869901657104
0.3318304419517517 -0.20301245152950287 0.757576584815979
0.38354387879371643 -0.2355012148618698 0.7439741492271423
0.4343273639678955 -0.2674196660518646 0.7285139560699463
0.48404914140701294 -0.2986849546432495 0.7112352252006531
0.5325812101364136 -0.3292165696620941 0.6921814680099487
0.5797989368438721 -0.35893622040748596 0.6714007258415222
0.6255819797515869 -0.387768030166626 0.648945689201355
0.6698136329650879 -0.41563859581947327 0.6248728632926941
0.7123813033103943 -0.4424769878387451 0.5992430448532104
0.7531772255897522 -0.4682151973247528 0.5721212029457092
0.7920978665351868 -0.4927878975868225 0.5435757637023926
0.8290446996688843 -0.5161329507827759 0.513679027557373
0.8639241456985474 -0.5381911993026733 0.48250672221183777
0.896648108959198 -0.5589069724082947 0.4501379132270813
0.9271340370178223 -0.5782278776168823 0.4166547954082489
0.9553048014640808 -0.59610515832901 0.3821425139904022
0.9810894131660461 -0.6124936938285828 0.3466891050338745
1.0044227838516235 -0.6273521780967712 0.31038525700569153
1.025246024131775 -0.6406430006027222 0.273324191570282
1.0435067415237427 -0.6523327827453613 0.23560167849063873
1.0591589212417603 -0.6623919606208801 0.1973160058259964
1.0721631050109863 -0.6707952618598938 0.15856823325157166
1.082486629486084 -0.6775214076042175 0.11946289986371994
1.0901037454605103 -0.6825536489486694 0.08010981231927872
1.0949954986572266 -0.6858792304992676 0.04062940552830696
1.0971503257751465 -0.6874899864196777 0.0011771369026973844
1.0965653657913208 -0.6873822808265686 -0.03798509016633034
1.0932332277297974 -0.6855547428131104 -0.07734593749046326
1.0871647596359253 -0.6820124983787537 -0.1166437417268753
1.078376054763794 -0.6767645478248596 -0.15572349727153778
1.066889762878418 -0.6698242425918579 -0.19446545839309692
1.0527347326278687 -0.6612090468406677 -0.2327607423067093
1.0359468460083008 -0.6509407758712769 -0.2705059349536896
1.0165685415267944 -0.639045238494873 -0.30760133266448975
0.9946487545967102 -0.6255524754524231 -0.3439502716064453
0.9702426791191101 -0.610496461391449 -0.3794587552547455
0.9434120059013367 -0.5939153432846069 -0.41403552889823914
0.9142244458198547 -0.5758508443832397 -0.447592169046402
0.8827536702156067 -0.5563485622406006 -0.48004305362701416
0.8490791916847229 -0.5354577898979187 -0.511305570602417
0.8132860660552979 -0.5132313370704651 -0.5413004159927368
0.7754647135734558 -0.4897252321243286 -0.5699514746665955
0.735710859298706 -0.46499910950660706 -0.5971860885620117
0.6941251754760742 -0.4391154944896698 -0.62293541431427
0.6508131623268127 -0.41214004158973694 -0.6471343636512756
0.6058845520019531 -0.38414114713668823 -0.6697217226028442
0.5594536066055298 -0.3551900386810303 -0.6906404495239258
0.5116387009620667 -0.3253604471683502 -0.7098378539085388
0.4625617265701294 -0.29472845792770386 -0.7272653579711914
0.4123486280441284 -0.2633727192878723 -0.7428790926933289
0.36112862825393677 -0.2313738912343979 -0.756639838218689
0.30903467535972595 -0.19881506264209747 -0.7685127258300781
0.25620323419570923 -0.16578151285648346 -0.7784680724143982
0.20277518033981323 -0.13236133754253387 -0.7864809036254883
0.14889709651470184 -0.09864625334739685 -0.7925311326980591
0.09472551196813583 -0.06473421305418015 -0.7966039180755615
0.0404413640499115 -0.030738528817892075 -0.7986897230148315
-0.013608060777187347 0.0031232433393597603 -0.7987867593765259
0.010252472944557667 -0.0012701958185061812 0.7985838651657104
0.059324104338884354 -0.038158345967531204 0.7967519164085388
0.10855216532945633 -0.07518094778060913 0.7929245233535767
0.15762141346931458 -0.1121010035276413 0.7871147990226746
0.20636780560016632 -0.14879514276981354 0.779338002204895
0.25464966893196106 -0.18515673279762268 0.7696139812469482
0.3023344576358795 -0.22108596563339233 0.757967472076416
0.3492949903011322 -0.25648704171180725 0.7444279789924622
0.3954082131385803 -0.29126718640327454 0.7290297150611877
0.4405544102191925 -0.32533612847328186 0.7118116021156311
0.4846173822879791 -0.35860615968704224 0.6928170919418335
0.5274839997291565 -0.3909919261932373 0.6720940470695496
0.5690449476242065 -0.422410786151886 0.6496949195861816
0.6091943383216858 -0.4527827203273773 0.625676155090332
0.6478300094604492 -0.4820304811000824 0.6000984907150269
0.6848540306091309 -0.5100798606872559 0.5730265974998474
0.7201725244522095 -0.5368598103523254 0.5445289015769958
0.7536960244178772 -0.5623024106025696 0.5146775245666504
0.7853397130966187 -0.5863434076309204 0.4835481345653534
0.8150236010551453 -0.6089219450950623 0.4512196183204651
0.8426727652549744 -0.6299810409545898 0.4177740812301636
0.868217408657074 -0.6494675278663635 0.3832966089248657
0.8915929794311523 -0.6673321723937988 0.34787511825561523
0.9127405881881714 -0.6835299730300903 0.3116002380847931
0.9316068291664124 -0.6980199813842773 0.27456510066986084
0.9481441974639893 -0.7107656598091125 0.23686543107032776
0.9623110890388489 -0.7217349410057068 0.1985994428396225
0.9740718007087708 -0.7309001684188843 0.15986815094947815
0.9833967685699463 -0.7382382750511169 0.12077604979276657
0.9902626872062683 -0.7437307238578796 0.08143291622400284
0.9946525692939758 -0.747363805770874 0.04195915907621384
0.996556282043457 -0.749128520488739 0.002510217484086752
0.9959712624549866 -0.7490208148956299 -0.036652009934186935
0.9928903579711914 -0.7470393180847168 -0.07601618766784668
0.9873237013816833 -0.7431895732879639 -0.11532064527273178
0.9792861938476562 -0.737481415271759 -0.15441034734249115
0.9687983989715576 -0.7299292087554932 -0.19316554069519043
0.9558868408203125 -0.7205520868301392 -0.2314773052930832
0.9405843019485474 -0.7093736529350281 -0.26924216747283936
0.9229293465614319 -0.6964221596717834 -0.3063604235649109
0.9029665589332581 -0.6817302703857422 -0.34273529052734375
0.8807461857795715 -0.665334939956665 -0.37827274203300476
0.8563245534896851 -0.6472777128219604 -0.41288143396377563
0.8297631740570068 -0.6276040077209473 -0.4464728832244873
0.8011291027069092 -0.6063635349273682 -0.47896134853363037
0.7704947590827942 -0.5836099982261658 -0.5102641582489014
0.7379373908042908 -0.5594007968902588 -0.5403018593788147
0.7035393118858337 -0.5337971448898315 -0.5689982771873474
0.6673876643180847 -0.5068637728691101 -0.5962806940078735
0.6295738816261292 -0.4786689579486847 -0.6220799684524536
0.5901938676834106 -0.449284166097641 -0.6463310718536377
0.5493475198745728 -0.41878390312194824 -0.6689724922180176
0.5071386694908142 -0.3872457444667816 -0.6899471879005432
0.4636748731136322 -0.35475000739097595 -0.709202229976654
0.41906699538230896 -0.3213796317577362 -0.7266889810562134
0.37342944741249084 -0.2872202396392822 -0.7423633337020874
0.3268797695636749 -0.2523597180843353 -0.7561859488487244
0.27953869104385376 -0.21688857674598694 -0.7681218385696411
0.23153026401996613 -0.1808997541666031 -0.7781411409378052
0.18298248946666718 -0.14448919892311096 -0.7862186431884766
0.1340285837650299 -0.10775686055421829 -0.7923340797424316
0.08481074124574661 -0.07080943137407303 -0.7964724898338318
0.03549336642026901 -0.03377038985490799 -0.7986241579055786
-0.013608057051897049 0.003123245667666197 -0.7987867593765259
0.01025247760117054 -0.0012701936066150665 0.7985838651657104
0.05385693907737732 -0.04085172340273857 0.7968261241912842
0.09759709239006042 -0.08057791739702225 0.793073296546936
0.14119282364845276 -0.12019448727369308 0.7873378992080688
0.1844983696937561 -0.15956903994083405 0.7796350121498108
0.22738787531852722 -0.19858714938163757 0.769984245300293
0.26974359154701233 -0.23714172840118408 0.7584100961685181
0.31145256757736206 -0.2751299738883972 0.7449420094490051
0.35240545868873596 -0.3124523162841797 0.7296138405799866
0.3924960196018219 -0.3490118980407715 0.7124643325805664
0.4316209554672241 -0.38471463322639465 0.6935368776321411
0.46967995166778564 -0.41946887969970703 0.672879159450531
0.5065758228302002 -0.4531859755516052 0.6505433917045593
0.5422146320343018 -0.4857800304889679 0.6265859007835388
0.5765056610107422 -0.5171681642532349 0.6010672450065613
0.6093620657920837 -0.5472707152366638 0.5740519762039185
0.6407003998756409 -0.5760114192962646 0.5456083416938782
0.6704414486885071 -0.6033174991607666 0.5158083438873291
0.6985098123550415 -0.6291198134422302 0.4847274720668793
0.7248346209526062 -0.653353214263916 0.4524446129798889
0.7493494153022766 -0.6759564280509949 0.41904163360595703
0.7719923257827759 -0.6968724131584167 0.3846035599708557
0.7927061319351196 -0.7160484194755554 0.3492182493209839
0.8114386200904846 -0.7334359884262085 0.3129761517047882
0.828142523765564 -0.7489912509918213 0.2759703993797302
0.8427757620811462 -0.7626750469207764 0.23829658329486847
0.8553014993667603 -0.7744528651237488 0.2000528872013092
0.8656882047653198 -0.7842949628829956 0.16134025156497955
0.8739098310470581 -0.7921766042709351 0.12226314097642899
0.8799458146095276 -0.7980779409408569 0.082931287586689
0.8837812542915344 -0.8019841909408569 0.04346505552530289
0.8854073286056519 -0.8038856387138367 0.004019886255264282
0.8848223090171814 -0.8037778735160828 -0.03514233976602554
0.8820189833641052 -0.8016597032546997 -0.07451029121875763
0.8770068287849426 -0.7975367903709412 -0.11382227391004562
0.8697992563247681 -0.7914196848869324 -0.15292325615882874
0.8604148030281067 -0.7833239436149597 -0.19169344007968903
0.8488772511482239 -0.7732699513435364 -0.23002386093139648
0.8352158069610596 -0.7612830400466919 -0.26781103014945984
0.8194649815559387 -0.7473934888839722 -0.3049551248550415
0.8016645908355713 -0.7316362857818604 -0.34135937690734863
0.7818593382835388 -0.7140511870384216 -0.3769296109676361
0.7600995302200317 -0.6946825981140137 -0.41157448291778564
0.7364398837089539 -0.6735793948173523 -0.44520533084869385
0.7109401822090149 -0.6507948040962219 -0.47773638367652893
0.683664858341217 -0.6263864040374756 -0.5090848207473755
0.6546828150749207 -0.6004158854484558 -0.5391710996627808
0.6240672469139099 -0.5729487538337708 -0.5679188966751099
0.5918956995010376 -0.5440546274185181 -0.5952553153038025
0.5582495331764221 -0.5138066411018372 -0.6211112141609192
0.5232141613960266 -0.48228147625923157 -0.6454213261604309
0.4868783950805664 -0.4495590925216675 -0.6681240200996399
0.44933462142944336 -0.41572269797325134 -0.6891620755195618
0.4106784760951996 -0.38085848093032837 -0.7084823846817017
0.37100857496261597 -0.3450554311275482 -0.7260361909866333
0.33042672276496887 -0.3084053695201874 -0.7417792677879333
0.2890373170375824 -0.2710026502609253 -0.7556719779968262
0.24694782495498657 -0.2329443395137787 -0.7676792144775391
0.2042684704065323 -0.19433017075061798 -0.7777708768844604
0.16111305356025696 -0.15526309609413147 -0.785921573638916
0.11759999394416809 -0.11585033684968948 -0.7921109199523926
0.07385566830635071 -0.07620640844106674 -0.7963237166404724
0.030026203021407127 -0.036463767290115356 -0.7985498905181885
-0.013608052395284176 0.0031232479959726334 -0.7987867593765259
0.010252482257783413 -0.0012701916275545955 0.7985838651657104
0.04788404330611229 -0.04319346323609352 0.7969089150428772
0.08562864363193512 -0.08527028560638428 0.793239176273346
0.12324453145265579 -0.12723131477832794 0.7875866889953613
0.16060593724250793 -0.1689363270998001 0.7799661159515381
0.19760428369045258 -0.2102641463279724 0.7703970074653625
0.23413798213005066 -0.2511013150215149 0.7589035630226135
0.2701095938682556 -0.2913389503955841 0.745514988899231
0.30542483925819397 -0.3308716118335724 0.7302649021148682
0.33999204635620117 -0.3695966899394989 0.7131919860839844
0.37372222542762756 -0.4074144959449768 0.6943393349647522
0.4065288007259369 -0.44422802329063416 0.6737543344497681
0.4383280873298645 -0.47994327545166016 0.6514892578125
0.46903905272483826 -0.51446932554245 0.6276000738143921
0.4985836148262024 -0.547718346118927 0.6021471619606018
0.5268868207931519 -0.5796060562133789 0.5751950144767761
0.5538768768310547 -0.6100515723228455 0.5468116402626038
0.5794855356216431 -0.6389778256416321 0.5170688629150391
0.6036478877067566 -0.666311502456665 0.48604217171669006
0.6263028979301453 -0.691983699798584 0.4538101553916931
0.6473934054374695 -0.7159294486045837 0.42045462131500244
0.6668661236763 -0.7380883693695068 0.386060506105423
0.684671938419342 -0.7584044337272644 0.3507154881954193
0.7007659077644348 -0.7768265008926392 0.31450995802879333
0.7151073813438416 -0.7933079600334167 0.27753695845603943
0.7276603579521179 -0.8078073263168335 0.23989197611808777
0.7383931875228882 -0.8202880620956421 0.20167313516139984
0.7472788095474243 -0.8307186961174011 0.1629813015460968
0.7542950510978699 -0.8390729427337646 0.12392088770866394
0.7594242691993713 -0.845329761505127 0.08460159599781036
0.7626539468765259 -0.8494735360145569 0.04514376446604729
0.7639767527580261 -0.8514938354492188 0.005702797789126635
0.7633917927742004 -0.8513861298561096 -0.03345942869782448
0.7608916759490967 -0.8491490483283997 -0.07283157855272293
0.7564852833747864 -0.8447886109352112 -0.11215195804834366
0.7501844763755798 -0.8383160829544067 -0.15126550197601318
0.7420054078102112 -0.8297476768493652 -0.19005239009857178
0.7319689393043518 -0.8191052079200745 -0.22840361297130585
0.720100462436676 -0.806415319442749 -0.26621562242507935
0.7064298987388611 -0.7917101979255676 -0.3033885657787323
0.6909918189048767 -0.775026798248291 -0.3398255407810211
0.6738251447677612 -0.7564072012901306 -0.3754323720932007
0.6549733281135559 -0.7358985543251038 -0.4101175367832184
0.634483814239502 -0.7135524153709412 -0.44379231333732605
0.612408459186554 -0.6894252896308899 -0.47637081146240234
0.5888029336929321 -0.6635780930519104 -0.5077701210975647
0.5637269020080566 -0.6360761523246765 -0.537910521030426
0.5372437238693237 -0.6069889068603516 -0.5667155981063843
0.5094204545021057 -0.5763899683952332 -0.5941122770309448
0.48032745718955994 -0.5443568825721741 -0.6200312972068787
0.4500386118888855 -0.5109707713127136 -0.6444071531295776
0.4186306595802307 -0.4763163924217224 -0.6671781539916992
0.3861834704875946 -0.4404818117618561 -0.6882868409156799
0.35277971625328064 -0.4035583436489105 -0.7076799869537354
0.31850460171699524 -0.36564022302627563 -0.7253085374832153
0.2834460735321045 -0.3268246650695801 -0.741128146648407
0.24769434332847595 -0.2872116267681122 -0.7550989985466003
0.2113422006368637 -0.2469039261341095 -0.7671857476234436
0.17448487877845764 -0.20600716769695282 -0.7773580551147461
0.13722063601016998 -0.16463039815425873 -0.7855904698371887
0.09965170174837112 -0.12288717180490494 -0.7918621897697449
0.0618872195482254 -0.08089877665042877 -0.7961578369140625
0.024053307250142097 -0.038805507123470306 -0.7984670996665955
-0.013608047738671303 0.0031232498586177826 -0.7987867593765259
0.01025248784571886 -0.00127018999774009 0.7985838651657104
0.04140811786055565 -0.045172419399023056 0.7970002293586731
0.07265222072601318 -0.08923570811748505 0.7934221029281616
0.10378465801477432 -0.1331779956817627 0.7878609895706177
0.13470132648944855 -0.17685243487358093 0.7803313136100769
0.16531234979629517 -0.22013212740421295 0.7708522081375122
0.19553370773792267 -0.2628982663154602 0.7594478130340576
0.22528475522994995 -0.3050368130207062 0.7461468577384949
0.254487544298172 -0.34643736481666565 0.7309829592704773
0.2830662429332733 -0.3869924545288086 0.7139945030212402
0.3109472990036011 -0.4265976548194885 0.6952242255210876
0.3380591571331024 -0.46515142917633057 0.6747195720672607
0.3643326163291931 -0.5025553107261658 0.6525323390960693
0.3897007405757904 -0.5387140512466431 0.6287184953689575
0.4140990376472473 -0.5735357403755188 0.6033381223678589
0.4374656081199646 -0.6069319844245911 0.5764555335044861
0.45974117517471313 -0.6388182044029236 0.5481386184692383
0.4808694124221802 -0.6691135764122009 0.5184590816497803
0.5007967948913574 -0.6977414488792419 0.48749205470085144
0.5194729566574097 -0.7246294617652893 0.45531612634658813
0.5368507504463196 -0.7497097849845886 0.42201295495033264
0.5528863668441772 -0.7729190587997437 0.3876672685146332
0.5675392150878906 -0.7941986322402954 0.35236671566963196
0.5807724595069885 -0.8134949207305908 0.31620150804519653
0.5925526022911072 -0.8307590484619141 0.2792645990848541
0.6028501391410828 -0.8459476828575134 0.24165140092372894
0.6116389632225037 -0.8590224385261536 0.2034599632024765
0.6188971400260925 -0.8699504137039185 0.164791077375412
0.6246063709259033 -0.8787040114402771 0.12574909627437592
0.6287525296211243 -0.8852612972259521 0.08644366264343262
0.6313254237174988 -0.8896057605743408 0.04699508845806122
0.632319450378418 -0.891726553440094 0.007558755576610565
0.6317344903945923 -0.8916188478469849 -0.03160347044467926
0.6295632123947144 -0.8892812728881836 -0.0709802582859993
0.6258135437965393 -0.8847201466560364 -0.110309898853302
0.6204958558082581 -0.8779471516609192 -0.1494373083114624
0.6136237382888794 -0.8689793944358826 -0.1882426142692566
0.6052147746086121 -0.8578395843505859 -0.2266167849302292
0.5952901840209961 -0.844555675983429 -0.264456182718277
0.5838751196861267 -0.8291612863540649 -0.3016609251499176
0.5709983706474304 -0.8116952180862427 -0.3381340205669403
0.5566924810409546 -0.7922013998031616 -0.3737811744213104
0.5409935116767883 -0.7707292437553406 -0.4085107743740082
0.523941159248352 -0.747332751750946 -0.44223400950431824
0.5055784583091736 -0.72207111120224 -0.4748648405075073
0.48595184087753296 -0.6950080394744873 -0.5063202381134033
0.46511077880859375 -0.6662119030952454 -0.5365203619003296
0.4431080222129822 -0.6357555389404297 -0.565388560295105
0.41999921202659607 -0.6037158966064453 -0.5928517580032349
0.39584288001060486 -0.5701742172241211 -0.6188403367996216
0.37070029973983765 -0.5352154970169067 -0.6432887315750122
0.3446351885795593 -0.498928427696228 -0.6661350727081299
0.31771382689476013 -0.4614052176475525 -0.6873216032981873
0.29000481963157654 -0.42274153232574463 -0.7067950367927551
0.26157882809638977 -0.38303595781326294 -0.7245060801506042
0.2325087934732437 -0.34239041805267334 -0.7404100894927979
0.20286951959133148 -0.30090948939323425 -0.7544670701026917
0.17273792624473572 -0.2587008774280548 -0.7666415572166443
0.14219294488430023 -0.21587514877319336 -0.7769028544425964
0.1113160103559494 -0.17254649102687836 -0.7852252721786499
0.08019183576107025 -0.1288338452577591 -0.7915878891944885
0.048910800367593765 -0.08486419916152954 -0.7959749102592468
0.017577381804585457 -0.04078446328639984 -0.7983758449554443
-0.013608042150735855 0.003123251488432288 -0.7987867593765259
0.010252493433654308 -0.0012701887171715498 0.7985838651657104
0.03440748155117035 -0.04678058251738548 0.7971003651618958
0.05862438678741455 -0.09245812892913818 0.7936227917671204
0.08274804800748825 -0.13801045715808868 0.7881619334220886
0.10669777542352676 -0.18328531086444855 0.7807319164276123
0.13040396571159363 -0.2281511425971985 0.7713516354560852
0.15380150079727173 -0.27248483896255493 0.7600448131561279
0.17682798206806183 -0.3161681294441223 0.7468400597572327
0.19942304491996765 -0.3590865731239319 0.7317706942558289
0.2215280383825302 -0.40112876892089844 0.714874804019928
0.243086040019989 -0.44218650460243225 0.6961950063705444
0.2640417218208313 -0.4821544289588928 0.6757784485816956
0.28434163331985474 -0.5209305286407471 0.6536766290664673
0.3039340376853943 -0.5584160685539246 0.6299453973770142
0.32276907563209534 -0.5945156812667847 0.6046446561813354
0.3407990336418152 -0.6291378736495972 0.5778384208679199
0.35797813534736633 -0.6621947884559631 0.5495944023132324
0.3742629289627075 -0.6936028003692627 0.5199841260910034
0.3896121680736542 -0.7232823371887207 0.48908260464668274
0.4039870798587799 -0.7511584758758545 0.45696821808815
0.4173513948917389 -0.7771607637405396 0.42372244596481323
0.4296713173389435 -0.8012235760688782 0.3894299268722534
0.4409157931804657 -0.8232860565185547 0.35417813062667847
0.45105651021003723 -0.843292772769928 0.31805717945098877
0.4600678086280823 -0.8611930012702942 0.2811598777770996
0.46792706847190857 -0.8769417405128479 0.24358156323432922
0.4746145009994507 -0.8904992341995239 0.20542018115520477
0.48011329770088196 -0.901831328868866 0.16677646338939667
0.48440971970558167 -0.9109094738960266 0.12775468826293945
0.4874931275844574 -0.9177109003067017 0.08846445381641388
0.48935601115226746 -0.9222184419631958 0.049026038497686386
0.4899945855140686 -0.9244208931922913 0.009594792500138283
0.48940959572792053 -0.9243131875991821 -0.029567433521151543
0.48759377002716064 -0.9218939542770386 -0.06894930452108383
0.48455414175987244 -0.9171697497367859 -0.10828910022974014
0.480299174785614 -0.9101526141166687 -0.14743171632289886
0.4748398959636688 -0.9008603096008301 -0.1862572282552719
0.4681902825832367 -0.8893163204193115 -0.22465656697750092
0.4603671431541443 -0.8755497336387634 -0.2625260353088379
0.4513902962207794 -0.8595951795578003 -0.2997656762599945
0.4412824511528015 -0.8414930701255798 -0.33627834916114807
0.43006905913352966 -0.8212888836860657 -0.37196972966194153
0.41777852177619934 -0.7990337014198303 -0.40674811601638794
0.40444180369377136 -0.774783730506897 -0.44052448868751526
0.3900926113128662 -0.7486000657081604 -0.47321274876594543
0.3747672140598297 -0.7205489277839661 -0.504729688167572
0.3585042953491211 -0.6907011866569519 -0.5349952578544617
0.341344952583313 -0.6591321229934692 -0.5639327764511108
0.32333263754844666 -0.6259217858314514 -0.591468870639801
0.3045129179954529 -0.5911542177200317 -0.617533802986145
0.28493356704711914 -0.5549175143241882 -0.6420618295669556
0.26464420557022095 -0.5173036456108093 -0.6649907827377319
0.2436964064836502 -0.47840824723243713 -0.6862627863883972
0.22214354574680328 -0.43833035230636597 -0.7058242559432983
0.20004060864448547 -0.39717230200767517 -0.7236257195472717
0.17744429409503937 -0.3550396263599396 -0.7396224141120911
0.15441274642944336 -0.3120408058166504 -0.7537738680839539
0.13100573420524597 -0.26828745007514954 -0.7660444974899292
0.1072845607995987 -0.2238941639661789 -0.7764034867286682
0.08331246674060822 -0.17897936701774597 -0.7848246693611145
0.05915521830320358 -0.13366630673408508 -0.7912869453430176
0.034882962703704834 -0.08808661997318268 -0.7957742214202881
0.010576744563877583 -0.04239262640476227 -0.7982757091522217
-0.013608036562800407 0.00312325288541615 -0.7987867593765259
0.01025249995291233 -0.0012701876694336534 0.7985838651657104
0.02679714746773243 -0.04801544174551964 0.7972106337547302
0.04337485134601593 -0.09493253380060196 0.7938438057899475
0.059879329055547714 -0.14172114431858063 0.7884933352470398
0.07625537365674973 -0.1882249265909195 0.781173050403595
0.09245536476373672 -0.23430871963500977 0.771901547908783
0.10843479633331299 -0.27984607219696045 0.7607021927833557
0.12415105104446411 -0.3247155547142029 0.7476034164428711
0.1395629197359085 -0.3687995374202728 0.7326381802558899
0.1546303927898407 -0.4119836688041687 0.7158442735671997
0.1693146675825119 -0.4541567265987396 0.6972640752792358
0.18357805907726288 -0.49521052837371826 0.6769444346427917
0.19738414883613586 -0.5350403189659119 0.6549367904663086
0.21069778501987457 -0.5735446810722351 0.6312965154647827
0.2234850823879242 -0.6106256246566772 0.6060833930969238
0.2357136309146881 -0.6461891531944275 0.5793612003326416
0.24735240638256073 -0.6801450252532959 0.5511974692344666
0.2583719491958618 -0.7124074101448059 0.5216635465621948
0.2687443494796753 -0.7428944706916809 0.49083411693573
0.27844342589378357 -0.7715293169021606 0.4587874710559845
0.28744468092918396 -0.798239529132843 0.4256049394607544
0.29572537541389465 -0.8229577541351318 0.391370952129364
0.3032646179199219 -0.8456214666366577 0.3561728298664093
0.31004345417022705 -0.8661736845970154 0.3201006054878235
0.31604474782943726 -0.8845623135566711 0.2832469046115875
0.3212534487247467 -0.9007411003112793 0.24570702016353607
0.3256564140319824 -0.9146692752838135 0.20757874846458435
0.32924261689186096 -0.926311731338501 0.1689627468585968
0.3320031762123108 -0.9356391429901123 0.129963219165802
0.3339312672615051 -0.9426279664039612 0.09068973362445831
0.33502233028411865 -0.9472607374191284 0.0512625053524971
0.33527448773384094 -0.9495259523391724 0.011836855672299862
0.33468949794769287 -0.9494182467460632 -0.02732536941766739
0.33326008915901184 -0.946936309337616 -0.06671284139156342
0.33099228143692017 -0.9420868158340454 -0.10606382042169571
0.32789260149002075 -0.9348822832107544 -0.14522317051887512
0.3239692151546478 -0.9253407716751099 -0.18407094478607178
0.31923219561576843 -0.9134864211082458 -0.22249799966812134
0.3136935234069824 -0.8993490934371948 -0.26040059328079224
0.3073672652244568 -0.8829644918441772 -0.2976786196231842
0.3002694249153137 -0.8643739819526672 -0.33423492312431335
0.29241788387298584 -0.8436242938041687 -0.3699750304222107
0.2838325500488281 -0.8207679390907288 -0.40480709075927734
0.27453508973121643 -0.7958624958992004 -0.4386419951915741
0.2645489573478699 -0.7689709067344666 -0.47139349579811096
0.25389939546585083 -0.7401610612869263 -0.5029782056808472
0.2426133155822754 -0.7095057368278503 -0.533315896987915
0.23071922361850739 -0.677082359790802 -0.5623297095298767
0.21824724972248077 -0.6429730653762817 -0.5899460911750793
0.20522893965244293 -0.6072641015052795 -0.6160950660705566
0.19169734418392181 -0.5700461268424988 -0.640710711479187
0.17768672108650208 -0.5314134359359741 -0.6637306213378906
0.1632327288389206 -0.4914643466472626 -0.6850967407226562
0.14837217330932617 -0.45030057430267334 -0.7047552466392517
0.13314296305179596 -0.40802717208862305 -0.7226563096046448
0.11758416891098022 -0.3647525906562805 -0.73875492811203
0.10173581540584564 -0.32058823108673096 -0.7530105113983154
0.08563902974128723 -0.27564868330955505 -0.7653871178627014
0.06933595985174179 -0.23005174100399017 -0.7758535742759705
0.05287006497383118 -0.18391898274421692 -0.7843835353851318
0.03628650680184364 -0.13737699389457703 -0.7909555435180664
0.019633425399661064 -0.09056102484464645 -0.7955532670021057
0.002966412575915456 -0.04362748563289642 -0.7981653809547424
-0.013608030043542385 0.0031232538167387247 -0.7987867593765259
0.010252506472170353 -0.0012701869709417224 0.7985838651657104
0.018247030675411224 -0.04888998717069626 0.7973359823226929
0.026242177933454514 -0.09668494760990143 0.7940948605537415
0.034186605364084244 -0.1443491280078888 0.7888698577880859
0.0420536994934082 -0.19172324240207672 0.781674325466156
0.049820564687252045 -0.23866961896419525 0.7725263833999634
0.05746585503220558 -0.2850594222545624 0.7614492177963257
0.06496915966272354 -0.3307689428329468 0.7484707832336426
0.07231079787015915 -0.3756784200668335 0.7336238026618958
0.07947169989347458 -0.41967126727104187 0.7169457674026489
0.08643341809511185 -0.46263423562049866 0.6984787583351135
0.09317807853221893 -0.5044571161270142 0.6782693266868591
0.09968847036361694 -0.5450331568717957 0.656368613243103
0.10594799369573593 -0.584259033203125 0.6328317523002625
0.11194072663784027 -0.6220349073410034 0.6077181696891785
0.11765147000551224 -0.6582651138305664 0.5810915231704712
0.12306573241949081 -0.6928576827049255 0.5530190467834473
0.12816981971263885 -0.7257251143455505 0.523571789264679
0.1329508125782013 -0.7567841410636902 0.4928243160247803
0.13739661872386932 -0.7859562635421753 0.4608546793460846
0.14149603247642517 -0.813167929649353 0.42774397134780884
0.1452386975288391 -0.8383502960205078 0.3935765027999878
0.14861518144607544 -0.8614398241043091 0.3584393858909607
0.15161700546741486 -0.882378339767456 0.32242250442504883
0.1542365849018097 -0.9011128544807434 0.285618394613266
0.15646736323833466 -0.9175962805747986 0.24812212586402893
0.15830376744270325 -0.9317869544029236 0.21003147959709167
0.15974123775959015 -0.943649172782898 0.17144696414470673
0.16077624261379242 -0.9531530737876892 0.13247273862361908
0.16140633821487427 -0.9602746963500977 0.09321826696395874
0.1616302728652954 -0.9649961590766907 0.05380374565720558
0.16144831478595734 -0.9673057198524475 0.01438446156680584
0.16086332499980927 -0.9671980142593384 -0.024777764454483986
0.1598680317401886 -0.9646716713905334 -0.06417159736156464
0.1584673523902893 -0.9597335457801819 -0.10353528708219528
0.15666566789150238 -0.9523962140083313 -0.14271366596221924
0.15446783602237701 -0.9426782131195068 -0.18158672749996185
0.15187954902648926 -0.9306040406227112 -0.220045268535614
0.14890743792057037 -0.9162042737007141 -0.2579854726791382
0.14555907249450684 -0.8995150327682495 -0.29530712962150574
0.14184294641017914 -0.8805786371231079 -0.331913024187088
0.1377684324979782 -0.8594425916671753 -0.3677084743976593
0.13334588706493378 -0.8361604809761047 -0.40260154008865356
0.12858644127845764 -0.8107908368110657 -0.43650296330451965
0.12350215017795563 -0.7833978533744812 -0.46932631731033325
0.11810585856437683 -0.7540507316589355 -0.5009880065917969
0.11241119354963303 -0.722823441028595 -0.5314076542854309
0.10643255710601807 -0.6897950172424316 -0.560508131980896
0.1001850813627243 -0.6550490260124207 -0.5882157683372498
0.09368458390235901 -0.6186734437942505 -0.614460289478302
0.08694753795862198 -0.5807604789733887 -0.6391754746437073
0.07999103516340256 -0.5414062738418579 -0.6622987985610962
0.07283275574445724 -0.5007109045982361 -0.6837718486785889
0.06549092382192612 -0.4587780833244324 -0.7035405039787292
0.05798427015542984 -0.4157147705554962 -0.7215548157691956
0.05033203959465027 -0.3716314733028412 -0.7377693057060242
0.042553920298814774 -0.32664164900779724 -0.752143144607544
0.03467008098959923 -0.280862033367157 -0.7646400928497314
0.02670115977525711 -0.23441264033317566 -0.7752286791801453
0.018668387085199356 -0.18741729855537415 -0.7838822603225708
0.010593779385089874 -0.1400049775838852 -0.7905789613723755
0.0025007538497447968 -0.09231343865394592 -0.795302152633667
-0.005583703983575106 -0.04450203478336334 -0.7980400919914246
-0.013608023524284363 0.0031232545152306557 -0.7987867593765259
0.010252515785396099 -0.001270186505280435 0.7985838651657104
0.007391351740807295 -0.04947544261813164 0.797496497631073
0.004489633720368147 -0.09785807877779007 0.7944165468215942
0.0015657608164474368 -0.14610838890075684 0.789352297782898
-0.0013705561868846416 -0.194065123796463 0.7823165059089661
-0.004310827702283859 -0.24158896505832672 0.7733269333839417
-0.0072470130398869514 -0.28854942321777344 0.7624062299728394
-0.010171305388212204 -0.33482131361961365 0.749582052230835
-0.013076061382889748 -0.380283385515213 0.7348865866661072
-0.015953758731484413 -0.42481759190559387 0.7183570265769958
-0.018797000870108604 -0.4683093726634979 0.700035035610199
-0.021598506718873978 -0.5106470584869385 0.6799667477607727
-0.02435113489627838 -0.5517226457595825 0.6582030057907104
-0.027047881856560707 -0.5914315581321716 0.6347985863685608
-0.029681893065571785 -0.6296727061271667 0.6098126769065857
-0.03224649652838707 -0.6663492321968079 0.5833083987236023
-0.03473518788814545 -0.701367974281311 0.5553527474403381
-0.03714166581630707 -0.7346404194831848 0.5260165929794312
-0.039459843188524246 -0.7660823464393616 0.4953741133213043
-0.041683852672576904 -0.7956141829490662 0.4635030925273895
-0.04380807653069496 -0.8231614828109741 0.43048444390296936
-0.04582713916897774 -0.848654568195343 0.39640218019485474
-0.047735925763845444 -0.8720291256904602 0.36134323477745056
-0.049529608339071274 -0.8932262659072876 0.3253972828388214
-0.05120362713932991 -0.9121923446655273 0.28865665197372437
-0.05275373533368111 -0.9288796782493591 0.251216322183609
-0.054175976663827896 -0.9432461261749268 0.21317385137081146
-0.05546668916940689 -0.9552554488182068 0.17462968826293945
-0.05662252753973007 -0.9648774862289429 0.13568785786628723
-0.057640403509140015 -0.9720879793167114 0.09645776450634003
-0.05851743742823601 -0.9768688678741455 0.05705952271819115
-0.05925058200955391 -0.9792081713676453 0.01764838770031929
-0.059835564345121384 -0.9791004061698914 -0.021513838320970535
-0.06027967855334282 -0.9765443801879883 -0.06091582402586937
-0.06057938560843468 -0.9715468287467957 -0.10029579699039459
-0.060733091086149216 -0.964120626449585 -0.1394985467195511
-0.06074008718132973 -0.9542844891548157 -0.17840400338172913
-0.060600195080041885 -0.9420632123947144 -0.21690289676189423
-0.06031365692615509 -0.9274876713752747 -0.2548912763595581
-0.05988113209605217 -0.9105945825576782 -0.29226887226104736
-0.05930366367101669 -0.8914265632629395 -0.32893824577331543
-0.058582670986652374 -0.8700318932533264 -0.36480462551116943
-0.05771994963288307 -0.8464647531509399 -0.3997758626937866
-0.056717660278081894 -0.8207843899726868 -0.4337625205516815
-0.0555783174932003 -0.7930557727813721 -0.46667787432670593
-0.05430479347705841 -0.7633489370346069 -0.4984382092952728
-0.0529002919793129 -0.731738805770874 -0.5289628505706787
-0.051368363201618195 -0.6983053088188171 -0.5581744313240051
-0.049712881445884705 -0.6631331443786621 -0.5859988927841187
-0.047938037663698196 -0.626311182975769 -0.6123658418655396
-0.04604833573102951 -0.5879330039024353 -0.6372085809707642
-0.04404857009649277 -0.5480957627296448 -0.6604644060134888
-0.041943833231925964 -0.5069008469581604 -0.6820744276046753
-0.039739493280649185 -0.46445322036743164 -0.7019842267036438
-0.037441186606884 -0.4208611249923706 -0.7201435565948486
-0.03505481779575348 -0.3762364387512207 -0.7365065217018127
-0.03258654475212097 -0.3306939899921417 -0.7510319352149963
-0.03004278615117073 -0.28435203433036804 -0.7636830806732178
-0.027430230751633644 -0.23733198642730713 -0.774428129196167
-0.024755867198109627 -0.18975919485092163 -0.7832400798797607
-0.022027064114809036 -0.14176423847675323 -0.7900965213775635
-0.019251791760325432 -0.09348656237125397 -0.7949804663658142
-0.01643938384950161 -0.04508748650550842 -0.7978795766830444
-0.013608014211058617 0.003123254980891943 -0.7987867593765259
0.010252523235976696 -0.0012701863888651133 0.7985838651657104
-0.0012031857622787356 -0.049525514245033264 0.7976247668266296
-0.012732048518955708 -0.09795840829610825 0.7946735620498657
-0.024260448291897774 -0.1462588608264923 0.7897376418113708
-0.035749923437833786 -0.1942654252052307 0.7828295230865479
-0.047167129814624786 -0.24183864891529083 0.7739664316177368
-0.05848076194524765 -0.2888479232788086 0.7631707191467285
-0.06966067105531693 -0.33516791462898254 0.7504696846008301
-0.0806775912642479 -0.3806772232055664 0.7358952760696411
-0.09150293469429016 -0.42525777220726013 0.7194843292236328
-0.10210885107517242 -0.46879473328590393 0.7012781500816345
-0.11246814578771591 -0.5111764669418335 0.6813226938247681
-0.12255438417196274 -0.5522947907447815 0.6596683263778687
-0.1323418915271759 -0.5920450091362 0.6363697648048401
-0.1418057680130005 -0.630325973033905 0.6114857196807861
-0.1509220451116562 -0.6670406460762024 0.5850791931152344
-0.15966756641864777 -0.7020958662033081 0.5572169423103333
-0.16802023351192474 -0.7354029417037964 0.527969479560852
-0.17595888674259186 -0.7668775916099548 0.4974108636379242
-0.1834634393453598 -0.7964401841163635 0.46561864018440247
-0.19051498174667358 -0.8240161538124084 0.43267351388931274
-0.19709564745426178 -0.8495358824729919 0.3986593186855316
-0.20318883657455444 -0.8729348182678223 0.36366280913352966
-0.20877915620803833 -0.8941540718078613 0.32777348160743713
-0.21385246515274048 -0.9131399393081665 0.29108360409736633
-0.21839593350887299 -0.9298447370529175 0.25368791818618774
-0.2223980724811554 -0.9442262053489685 0.2156839519739151
-0.2258487045764923 -0.9562481045722961 0.1771720051765442
-0.22873905301094055 -0.965880274772644 0.13825607299804688
-0.231061652302742 -0.9730983972549438 0.09904544055461884
-0.23281033337116241 -0.9778842926025391 0.059660207480192184
-0.23397985100746155 -0.9802261590957642 0.02025558426976204
-0.23456482589244843 -0.9801183938980103 -0.018906641751527786
-0.23457257449626923 -0.9775598049163818 -0.05831513926386833
-0.23400062322616577 -0.9725571870803833 -0.09770811349153519
-0.2328496128320694 -0.9651234149932861 -0.13693033158779144
-0.23112210631370544 -0.955277144908905 -0.1758616715669632
-0.22882229089736938 -0.9430432915687561 -0.2143927961587906
-0.22595585882663727 -0.928452730178833 -0.25241968035697937
-0.22252996265888214 -0.9115421772003174 -0.2898419499397278
-0.21855321526527405 -0.8923543691635132 -0.3265620172023773
-0.21403557062149048 -0.8709375858306885 -0.36248505115509033
-0.20898845791816711 -0.8473460674285889 -0.39751872420310974
-0.20342455804347992 -0.8216391205787659 -0.43157345056533813
-0.1973579078912735 -0.7938818335533142 -0.464562326669693
-0.19080382585525513 -0.7641441822052002 -0.49640145897865295
-0.18377886712551117 -0.7325013279914856 -0.5270099639892578
-0.1763007491827011 -0.6990332007408142 -0.55631023645401
-0.16838842630386353 -0.6638245582580566 -0.5842280983924866
-0.16006191074848175 -0.6269644498825073 -0.6106927990913391
-0.15134234726428986 -0.5885464549064636 -0.6356374621391296
-0.14225181937217712 -0.5486679077148438 -0.6589990854263306
-0.1328134685754776 -0.5074303150177002 -0.6807185411453247
-0.12305134534835815 -0.46493861079216003 -0.7007411122322083
-0.1129903644323349 -0.4213012754917145 -0.7190162539482117
-0.10265634953975677 -0.3766302764415741 -0.735497772693634
-0.09207591414451599 -0.3310405910015106 -0.7501442432403564
-0.081276535987854 -0.2846505343914032 -0.7629185914993286
-0.07028653472661972 -0.23758167028427124 -0.7737886905670166
-0.059135232120752335 -0.18995948135852814 -0.782727062702179
-0.047853272408246994 -0.1419147104024887 -0.7897111773490906
-0.03647347167134285 -0.09358689934015274 -0.7947235107421875
-0.025033921003341675 -0.04513755813241005 -0.7977513074874878
-0.01360800676047802 0.003123254980891943 -0.7987867593765259
0.010252528823912144 -0.0012701867381110787 0.7985838651657104
-0.00890209712088108 -0.04911629110574722 0.7977408766746521
-0.02815908193588257 -0.097138412296772 0.7949062585830688
-0.04739534109830856 -0.14502915740013123 0.7900866270065308
-0.06654665619134903 -0.19262847304344177 0.7832940220832825
-0.08555743098258972 -0.23979806900024414 0.7745454907417297
-0.10437550395727158 -0.2864084541797638 0.7638629674911499
-0.1229507327079773 -0.33233535289764404 0.751273512840271
-0.14123445749282837 -0.3774584233760834 0.736808717250824
-0.159179225564003 -0.42166054248809814 0.7205051183700562
-0.1767388880252838 -0.46482789516448975 0.7024038434028625
-0.19386836886405945 -0.5068497657775879 0.6825504899024963
-0.21052400767803192 -0.5476189255714417 0.6609952449798584
-0.22666335105895996 -0.5870314836502075 0.6377924680709839
-0.2422453612089157 -0.6249872446060181 0.6130006909370422
-0.2572305500507355 -0.661389946937561 0.5866827368736267
-0.27158090472221375 -0.6961472630500793 0.5589050054550171
-0.2852601110935211 -0.7291712760925293 0.5297378301620483
-0.2982335388660431 -0.7603782415390015 0.4992552101612091
-0.3104683756828308 -0.7896894216537476 0.4675343334674835
-0.3219337463378906 -0.8170307874679565 0.4346557855606079
-0.3326006531715393 -0.8423333168029785 0.40070322155952454
-0.34244218468666077 -0.8655329942703247 0.36576324701309204
-0.35143351554870605 -0.88657146692276 0.3299252390861511
-0.3595518469810486 -0.9053955078125 0.2932812571525574
-0.3667767643928528 -0.9219577312469482 0.2559260427951813
-0.3730899393558502 -0.936216413974762 0.21795691549777985
-0.3784754276275635 -0.948135495185852 0.17947417497634888
-0.3829195201396942 -0.9576850533485413 0.1405816674232483
-0.3864108920097351 -0.9648410081863403 0.10138866305351257
-0.38894036412239075 -0.9695854187011719 0.06201520562171936
-0.3905007839202881 -0.9719064831733704 0.02261647954583168
-0.39108577370643616 -0.9717987775802612 -0.016545746475458145
-0.39070260524749756 -0.9692609310150146 -0.055960141122341156
-0.38934987783432007 -0.9642998576164246 -0.09536489099264145
-0.38703009486198425 -0.9569281339645386 -0.13460473716259003
-0.3837488293647766 -0.9471644759178162 -0.1735595166683197
-0.3795141577720642 -0.9350335001945496 -0.21211983263492584
-0.37433668971061707 -0.9205657243728638 -0.25018155574798584
-0.36822935938835144 -0.9037977457046509 -0.28764426708221436
-0.3612075746059418 -0.8847717642784119 -0.3244102895259857
-0.3532889485359192 -0.8635358214378357 -0.36038461327552795
-0.34449347853660583 -0.8401435017585754 -0.3954748213291168
-0.33484330773353577 -0.814653754234314 -0.42959117889404297
-0.3243628144264221 -0.7871310710906982 -0.4626466631889343
-0.31307846307754517 -0.7576448321342468 -0.49455711245536804
-0.30101874470710754 -0.7262696027755737 -0.5252415537834167
-0.2882140874862671 -0.6930845975875854 -0.554622232913971
-0.274696946144104 -0.6581738591194153 -0.5826245546340942
-0.260501503944397 -0.6216257214546204 -0.6091777682304382
-0.2456638067960739 -0.5835329294204712 -0.6342147588729858
-0.2302214354276657 -0.5439920425415039 -0.6576721668243408
-0.21421369910240173 -0.5031035542488098 -0.6794906854629517
-0.19768138229846954 -0.46097174286842346 -0.6996154189109802
-0.18066665530204773 -0.4177040457725525 -0.7179954648017883
-0.16321320831775665 -0.37341147661209106 -0.734584391117096
-0.14536596834659576 -0.3282080292701721 -0.7493404150009155
-0.12717127799987793 -0.2822110652923584 -0.7622263431549072
-0.10867683589458466 -0.23554109036922455 -0.7732096314430237
-0.08993197232484818 -0.1883225291967392 -0.7822625637054443
-0.07098817080259323 -0.14068500697612762 -0.7893622517585754
-0.051900506019592285 -0.0927668958902359 -0.7944908142089844
-0.03273283317685127 -0.04472833499312401 -0.7976351976394653
-0.013608001172542572 0.0031232547480612993 -0.7987867593765259
0.010252535343170166 -0.0012701874366030097 0.7985838651657104
-0.016034957021474838 -0.04827035591006279 0.797849714756012
-0.04245186224579811 -0.09544333070516586 0.7951244115829468
-0.06882927566766739 -0.14248716831207275 0.7904137969017029
-0.09507910907268524 -0.18924462795257568 0.7837295532226562
-0.12112513929605484 -0.23557984828948975 0.775088369846344
-0.1468959003686905 -0.28136569261550903 0.7645120024681091
-0.17232270538806915 -0.3264800012111664 0.7520270943641663
-0.19733895361423492 -0.3708046078681946 0.737665057182312
-0.2218797206878662 -0.4142244756221771 0.7214621901512146
-0.2458818405866623 -0.4566277861595154 0.7034592032432556
-0.2692837715148926 -0.49790576100349426 0.6837015748023987
-0.29202577471733093 -0.5379530787467957 0.6622392535209656
-0.31404995918273926 -0.5766677260398865 0.6391263008117676
-0.3353002667427063 -0.6139512658119202 0.614421010017395
-0.35572290420532227 -0.6497091054916382 0.5881860852241516
-0.3752659857273102 -0.6838505864143372 0.5604875683784485
-0.39388009905815125 -0.7162892818450928 0.5313957929611206
-0.4115180969238281 -0.7469430565834045 0.5009843111038208
-0.4281354248523712 -0.775734543800354 0.4693303406238556
-0.44369012117385864 -0.8025909066200256 0.4365141987800598
-0.45814284682273865 -0.8274444341659546 0.4026194214820862
-0.4714571535587311 -0.8502322435379028 0.3677324652671814
-0.48359939455986023 -0.8708970546722412 0.3319425582885742
-0.49453893303871155 -0.8893865346908569 0.2953416407108307
-0.5042480826377869 -0.9056541323661804 0.25802433490753174
-0.5127024054527283 -0.9196588397026062 0.2200879007577896
-0.519880473613739 -0.9313653111457825 0.18163251876831055
-0.5257641077041626 -0.940744161605835 0.1427619755268097
-0.5303382873535156 -0.9477717280387878 0.10358551144599915
-0.5335912108421326 -0.9524303078651428 0.06422309577465057
-0.5355137586593628 -0.954708456993103 0.024829896166920662
-0.5360987186431885 -0.9546007513999939 -0.014332330785691738
-0.535353422164917 -0.9521058797836304 -0.05375225469470024
-0.5332772731781006 -0.9472305774688721 -0.09316805005073547
-0.5298746824264526 -0.939987301826477 -0.13242441415786743
-0.5251538753509521 -0.9303943514823914 -0.17140117287635803
-0.5191266536712646 -0.9184759259223938 -0.20998884737491608
-0.5118080377578735 -0.904262125492096 -0.24808326363563538
-0.5032164454460144 -0.887788712978363 -0.28558388352394104
-0.49337345361709595 -0.8690973520278931 -0.3223929703235626
-0.4823038876056671 -0.8482350707054138 -0.3584153950214386
-0.4700356721878052 -0.8252546191215515 -0.3935585916042328
-0.4565996825695038 -0.8002138733863831 -0.4277327358722687
-0.4420298933982849 -0.7731761336326599 -0.46085062623023987
-0.4263630509376526 -0.7442097067832947 -0.49282798171043396
-0.40963873267173767 -0.713387668132782 -0.5235836505889893
-0.3918991684913635 -0.6807879209518433 -0.5530396103858948
-0.3731892704963684 -0.6464930176734924 -0.5811212062835693
-0.35355642437934875 -0.6105897426605225 -0.6077574491500854
-0.333050400018692 -0.5731691718101501 -0.6328809261322021
-0.3117232024669647 -0.5343261957168579 -0.6564281582832336
-0.28962910175323486 -0.4941595792770386 -0.6783396005630493
-0.266824334859848 -0.4527716338634491 -0.6985600590705872
-0.24336715042591095 -0.41026797890663147 -0.7170383930206299
-0.2193177044391632 -0.36675766110420227 -0.7337280511856079
-0.19473795592784882 -0.32235267758369446 -0.7485868334770203
-0.16969168186187744 -0.27716830372810364 -0.761577308177948
-0.14424453675746918 -0.23132286965847015 -0.7726667523384094
-0.11846441775560379 -0.1849386841058731 -0.7818270325660706
-0.09242209792137146 -0.13814301788806915 -0.7890350818634033
-0.06619329005479813 -0.09107182174921036 -0.7942726612091064
-0.03986569121479988 -0.043882399797439575 -0.7975262999534607
-0.01360799465328455 0.0031232540495693684 -0.7987867593765259
0.010252540931105614 -0.0012701884843409061 0.7985838651657104
-0.022685984149575233 -0.04699934646487236 0.7979525923728943
-0.05577915161848068 -0.0928964912891388 0.7953304648399353
-0.08881532400846481 -0.13866782188415527 0.7907228469848633
-0.12168415635824203 -0.18416039645671844 0.784140944480896
-0.15429019927978516 -0.2292420119047165 0.7756012082099915
-0.1865440011024475 -0.2737889289855957 0.7651250958442688
-0.2183595597743988 -0.3176823556423187 0.7527389526367188
-0.24965353310108185 -0.36080729961395264 0.7384740114212036
-0.28034472465515137 -0.40305179357528687 0.722366213798523
-0.3103541135787964 -0.4443071186542511 0.7044561505317688
-0.33960476517677307 -0.48446741700172424 0.6847889423370361
-0.36802199482917786 -0.5234301686286926 0.6634143590927124
-0.3955334722995758 -0.5610962510108948 0.6403862833976746
-0.4220692217350006 -0.5973696708679199 0.6157627105712891
-0.44756194949150085 -0.632158637046814 0.5896061658859253
-0.4719470143318176 -0.6653748154640198 0.5619825720787048
-0.4951626658439636 -0.696934163570404 0.532961905002594
-0.5171501636505127 -0.726756751537323 0.5026177167892456
-0.5378539562225342 -0.7547672986984253 0.4710269272327423
-0.5572217106819153 -0.7808949947357178 0.4382697343826294
-0.5752045512199402 -0.8050739169120789 0.40442955493927
-0.5917569994926453 -0.8272429704666138 0.36959266662597656
-0.6068373322486877 -0.8473462462425232 0.33384817838668823
-0.6204074621200562 -0.8653330206871033 0.2972879409790039
-0.6324331164360046 -0.8811579346656799 0.26000645756721497
-0.6428838968276978 -0.8947811126708984 0.2221008986234665
-0.6517334580421448 -0.9061682224273682 0.18367135524749756
-0.6589593887329102 -0.9152905344963074 0.14482156932353973
-0.6645432114601135 -0.9221251010894775 0.10566072165966034
-0.6684706807136536 -0.9266548752784729 0.06630873680114746
-0.6707309484481812 -0.9288684129714966 0.026920756325125694
-0.6713159084320068 -0.9287607073783875 -0.012241469696164131
-0.670232892036438 -0.9263303875923157 -0.051666613668203354
-0.6674821972846985 -0.9215839505195618 -0.09109283983707428
-0.6630699038505554 -0.9145336151123047 -0.1303648203611374
-0.6570068597793579 -0.9051972031593323 -0.16936233639717102
-0.6493081450462341 -0.893598198890686 -0.2079758495092392
-0.6399930119514465 -0.8797659277915955 -0.24610114097595215
-0.6290849447250366 -0.8637352585792542 -0.2836375832557678
-0.6166114211082458 -0.8455466032028198 -0.3204873502254486
-0.6026037335395813 -0.82524573802948 -0.35655519366264343
-0.5870973467826843 -0.8028841018676758 -0.39174848794937134
-0.5701313018798828 -0.7785179615020752 -0.4259772002696991
-0.5517483949661255 -0.7522088885307312 -0.45915403962135315
-0.5319951176643372 -0.7240234017372131 -0.49119460582733154
-0.51092129945755 -0.6940325498580933 -0.5220174789428711
-0.4885801672935486 -0.6623121500015259 -0.5515446066856384
-0.4650283455848694 -0.6289425492286682 -0.5797011256217957
-0.4403253495693207 -0.594008207321167 -0.6064157485961914
-0.41453394293785095 -0.5575976967811584 -0.6316209435462952
-0.38771945238113403 -0.5198032855987549 -0.6552530527114868
-0.35995009541511536 -0.48072120547294617 -0.6772522330284119
-0.3312966227531433 -0.4404509663581848 -0.697563111782074
-0.3018321394920349 -0.3990953266620636 -0.7161343693733215
-0.27163228392601013 -0.3567603528499603 -0.7329190969467163
-0.24077479541301727 -0.3135550320148468 -0.7478749752044678
-0.20933976769447327 -0.2695915400981903 -0.7609642148017883
-0.1774096041917801 -0.2249850332736969 -0.772153913974762
-0.14506946504116058 -0.17985445261001587 -0.7814156413078308
-0.11240814626216888 -0.13432367146015167 -0.7887260317802429
-0.0795205757021904 -0.08852497488260269 -0.7940665483474731
-0.046516720205545425 -0.042611390352249146 -0.7974234819412231
-0.013607989065349102 0.0031232531182467937 -0.7987867593765259
0.010252545587718487 -0.001270189881324768 0.7985838651657104
-0.02887587435543537 -0.04531354829668999 0.7980496883392334
-0.06818241626024246 -0.08951850235462189 0.7955250144004822
-0.10741566866636276 -0.1336020827293396 0.7910146117210388
-0.14644458889961243 -0.17741696536540985 0.7845293283462524
-0.18515583872795105 -0.2208358496427536 0.776085376739502
-0.2234431654214859 -0.26373955607414246 0.7657038569450378
-0.2612045407295227 -0.30601367354393005 0.753411054611206
-0.29834097623825073 -0.3475474417209625 0.7392377257347107
-0.33475616574287415 -0.3882330358028412 0.7232197523117065
-0.37035632133483887 -0.4279657006263733 0.705397367477417
-0.4050501883029938 -0.4666435718536377 0.6858155727386475
-0.43874919414520264 -0.5041678547859192 0.6645238399505615
-0.4713675081729889 -0.5404430627822876 0.641575813293457
-0.50282222032547 -0.5753768682479858 0.6170294880867004
-0.533033549785614 -0.6088807582855225 0.5909469127655029
-0.5619248151779175 -0.640869677066803 0.5633940100669861
-0.5894230008125305 -0.6712626814842224 0.5344405174255371
-0.6154584288597107 -0.6999828219413757 0.5041598081588745
-0.6399653553962708 -0.7269576191902161 0.4726286828517914
-0.6628817915916443 -0.7521188259124756 0.43992719054222107
-0.684149980545044 -0.7754030227661133 0.40613850951194763
-0.7037160396575928 -0.7967512607574463 0.37134891748428345
-0.7215307950973511 -0.8161098957061768 0.335647314786911
-0.7375491261482239 -0.8334298729896545 0.2991254925727844
-0.7517306208610535 -0.8486676812171936 0.26187780499458313
-0.7640395164489746 -0.861784815788269 0.22400139272212982
-0.7744446992874146 -0.8727481961250305 0.1855962574481964
-0.7829197645187378 -0.8815303444862366 0.1467660814523697
-0.78944331407547 -0.888109028339386 0.10761995613574982
-0.7939985394477844 -0.892467737197876 0.06827782094478607
-0.7965731024742126 -0.894595742225647 0.02889477275311947
-0.7971580624580383 -0.8944880366325378 -0.010267454199492931
-0.7957607507705688 -0.8921432495117188 -0.04969752952456474
-0.7923822999000549 -0.8875678777694702 -0.0891335979104042
-0.7870303392410278 -0.8807734251022339 -0.12842032313346863
-0.7797180414199829 -0.8717772364616394 -0.16743743419647217
-0.7704637050628662 -0.8606019020080566 -0.20607534050941467
-0.7592905759811401 -0.8472756743431091 -0.24422979354858398
-0.7462266087532043 -0.8318321108818054 -0.2818000316619873
-0.7313048839569092 -0.8143101930618286 -0.31868821382522583
-0.7145627737045288 -0.7947540879249573 -0.35479897260665894
-0.6960427761077881 -0.7732131481170654 -0.39003950357437134
-0.6757913827896118 -0.749741792678833 -0.4243197739124298
-0.6538597941398621 -0.724399209022522 -0.4575522840023041
-0.6303033828735352 -0.6972494721412659 -0.48965248465538025
-0.6051816344261169 -0.6683610677719116 -0.5205389261245728
-0.5785580277442932 -0.6378070116043091 -0.5501331686973572
-0.5504999160766602 -0.6056646704673767 -0.578360378742218
-0.52107834815979 -0.5720154047012329 -0.60514897108078
-0.49036797881126404 -0.5369445085525513 -0.6304314136505127
-0.4584466218948364 -0.5005409717559814 -0.6541435718536377
-0.42539551854133606 -0.462897390127182 -0.6762256026268005
-0.3912988305091858 -0.4241095781326294 -0.6966218948364258
-0.3562435805797577 -0.38427653908729553 -0.7152808308601379
-0.3203197419643402 -0.3435004949569702 -0.7321553826332092
-0.28361976146698 -0.30188634991645813 -0.7472028732299805
-0.24623894691467285 -0.25954216718673706 -0.7603854537010193
-0.20827524363994598 -0.216578871011734 -0.7716697454452515
-0.16982990503311157 -0.17311103641986847 -0.7810272574424744
-0.13100849092006683 -0.129257932305336 -0.7884342670440674
-0.09192384034395218 -0.08514698594808578 -0.7938719987869263
-0.05270661041140556 -0.04092559218406677 -0.797326385974884
-0.013607984408736229 0.003123251721262932 -0.7987867593765259
0.01025255024433136 -0.0012701916275545955 0.7985838651657104
-0.034600745886564255 -0.04322376474738121 0.7981409430503845
-0.07965388149023056 -0.08533100038766861 0.7957079410552979
-0.12461866438388824 -0.12732237577438354 0.7912888526916504
-0.16934490203857422 -0.16905753314495087 0.7848944067955017
-0.21370266377925873 -0.21041522920131683 0.7765404582023621
-0.2575702667236328 -0.2512819468975067 0.7662479281425476
-0.30083075165748596 -0.2915486693382263 0.7540427446365356
-0.3433707654476166 -0.3311099410057068 0.7399556040763855
-0.38507992029190063 -0.36986303329467773 0.7240219712257385
-0.42585083842277527 -0.40770819783210754 0.7062820196151733
-0.46557897329330444 -0.4445483684539795 0.6867804527282715
-0.5041629672050476 -0.480289489030838 0.665566623210907
-0.5415045022964478 -0.5148405432701111 0.6426938772201538
-0.5775085687637329 -0.5481136441230774 0.6182200908660889
-0.6120840311050415 -0.5800244808197021 0.5922070741653442
-0.6451430320739746 -0.6104919910430908 0.564720630645752
-0.6766020059585571 -0.6394392251968384 0.5358302593231201
-0.7063812613487244 -0.6667927503585815 0.5056092739105225
-0.7344055771827698 -0.6924834847450256 0.4741342067718506
-0.7606041431427002 -0.7164466381072998 0.4414850175380707
-0.7849107980728149 -0.7386216521263123 0.40774479508399963
-0.8072641491889954 -0.7589524984359741 0.3729996085166931
-0.8276078701019287 -0.7773879170417786 0.33733832836151123
-0.845890462398529 -0.793881356716156 0.30085259675979614
-0.862065851688385 -0.8083913326263428 0.2636367082595825
-0.8760932683944702 -0.8208811283111572 0.2257876843214035
-0.8879371285438538 -0.8313193321228027 0.18740548193454742
-0.897567629814148 -0.8396797180175781 0.1485937237739563
-0.9049602150917053 -0.8459411859512329 0.1094614565372467
-0.9100960493087769 -0.8500879406929016 0.07012857496738434
-0.9129612445831299 -0.8521098494529724 0.030750161036849022
-0.9135462641716003 -0.8520021438598633 -0.008412064984440804
-0.9118582606315613 -0.8497634530067444 -0.04784677177667618
-0.9078992009162903 -0.8453999757766724 -0.08729210495948792
-0.901678204536438 -0.8389228582382202 -0.12659268081188202
-0.8932105302810669 -0.8303483724594116 -0.16562820971012115
-0.8825174570083618 -0.8196982145309448 -0.204289048910141
-0.8696258068084717 -0.8069993257522583 -0.2424708902835846
-0.8545679450035095 -0.7922835946083069 -0.2800729274749756
-0.8373819589614868 -0.7755882143974304 -0.3169972002506256
-0.8181108832359314 -0.7569552659988403 -0.3531482517719269
-0.7968035936355591 -0.7364318370819092 -0.3884332478046417
-0.7735137343406677 -0.7140696048736572 -0.4227619469165802
-0.7483000159263611 -0.6899251341819763 -0.45604678988456726
-0.7212262153625488 -0.6640593409538269 -0.4882030487060547
-0.6923606395721436 -0.6365375518798828 -0.519149124622345
-0.6617761850357056 -0.6074293255805969 -0.5488065481185913
-0.6295503973960876 -0.5768083930015564 -0.5771002173423767
-0.595764696598053 -0.5447521805763245 -0.6039583683013916
-0.5605049133300781 -0.5113419890403748 -0.6293132901191711
-0.5238603949546814 -0.47666260600090027 -0.6531007885932922
-0.48592430353164673 -0.4408021867275238 -0.6752607226371765
-0.4467933475971222 -0.40385207533836365 -0.6957372426986694
-0.4065673351287842 -0.3659065365791321 -0.714478611946106
-0.36534950137138367 -0.3270629942417145 -0.7314375042915344
-0.32324597239494324 -0.2874213457107544 -0.7465711832046509
-0.28036603331565857 -0.24708454310894012 -0.7598413825035095
-0.23682206869125366 -0.20615825057029724 -0.7712146639823914
-0.19273020327091217 -0.1647515892982483 -0.7806621789932251
-0.1482114940881729 -0.12297821789979935 -0.7881600260734558
-0.10339530557394028 -0.0809594914317131 -0.7936891317367554
-0.058431483805179596 -0.038835808634757996 -0.7972350716590881
-0.013607979752123356 0.0031232498586177826 -0.7987867593765259
0.010252554900944233 -0.0012701937230303884 0.7985838651657104
-0.03984582796692848 -0.04074162244796753 0.7982261180877686
-0.0901639387011528 -0.08035729825496674 0.7958785891532898
-0.1403799057006836 -0.11986364424228668 0.7915447950363159
-0.19032596051692963 -0.15912862122058868 0.7852351069450378
-0.2398570477962494 -0.19803813099861145 0.7769651412963867
-0.2888372540473938 -0.23648540675640106 0.7667556405067444
-0.3371359705924988 -0.2743678689002991 0.754632294178009
-0.3846266567707062 -0.31158632040023804 0.7406255602836609
-0.43118610978126526 -0.34804409742355347 0.7247706651687622
-0.4766944646835327 -0.3836473822593689 0.707107663154602
-0.5210349559783936 -0.41830480098724365 0.6876810193061829
-0.5640944838523865 -0.45192795991897583 0.6665398478507996
-0.6057633757591248 -0.4844311773777008 0.6437373757362366
-0.645935595035553 -0.5157317519187927 0.6193312406539917
-0.6845093965530396 -0.5457504391670227 0.5933831930160522
-0.7213868498802185 -0.5744109749794006 0.5659587383270264
-0.7564746737480164 -0.6016408801078796 0.5371273159980774
-0.789683997631073 -0.6273711919784546 0.5069620013237
-0.8209308981895447 -0.6515369415283203 0.47553926706314087
-0.8501365184783936 -0.674077033996582 0.4429389238357544
-0.8772270679473877 -0.694934606552124 0.4092439115047455
-0.9021340608596802 -0.7140569686889648 0.37454020977020264
-0.9247947931289673 -0.731395959854126 0.338916540145874
-0.9451519250869751 -0.746907651424408 0.30246448516845703
-0.963154137134552 -0.7605531215667725 0.26527827978134155
-0.9787559509277344 -0.7722978591918945 0.22745482623577118
-0.9919179677963257 -0.7821122407913208 0.18909402191638947
-1.002606987953186 -0.7899717092514038 0.15029944479465485
-1.0107958316802979 -0.7958562970161438 0.11118011921644211
-1.0164636373519897 -0.7997514009475708 0.07185587286949158
-1.0195951461791992 -0.8016472458839417 0.032481785863637924
-1.020180106163025 -0.8015395402908325 -0.006680441088974476
-1.018225908279419 -0.7994269132614136 -0.04611947387456894
-1.0137348175048828 -0.795315146446228 -0.08557344228029251
-1.006717562675476 -0.7892147898674011 -0.12488695234060287
-0.9971913695335388 -0.7811412811279297 -0.1639396697282791
-0.985180139541626 -0.7711149454116821 -0.2026219218969345
-0.9707140326499939 -0.759161114692688 -0.24082931876182556
-0.9538294076919556 -0.7453098893165588 -0.2784610390663147
-0.9345688819885254 -0.7295962572097778 -0.3154189884662628
-0.9129807949066162 -0.712059736251831 -0.35160768032073975
-0.8891198635101318 -0.692744791507721 -0.3869341313838959
-0.8630461096763611 -0.6717000007629395 -0.4213080406188965
-0.834825336933136 -0.6489785313606262 -0.4546416997909546
-0.8045289516448975 -0.6246377825737 -0.4868502914905548
-0.7722333073616028 -0.5987392663955688 -0.5178520679473877
-0.7380200028419495 -0.5713483095169067 -0.5475684404373169
-0.7019757628440857 -0.542534351348877 -0.5759240984916687
-0.6641917824745178 -0.5123702883720398 -0.6028472185134888
-0.6247638463973999 -0.4809326231479645 -0.6282697916030884
-0.5837919116020203 -0.4483010470867157 -0.6521275639533997
-0.5413802862167358 -0.41455861926078796 -0.6743601560592651
-0.49763694405555725 -0.3797912299633026 -0.6949115991592407
-0.4526735246181488 -0.3440876007080078 -0.7137299180030823
-0.40660542249679565 -0.3075393736362457 -0.730767548084259
-0.35955119132995605 -0.27024054527282715 -0.7459816336631775
-0.31163302063941956 -0.23228801786899567 -0.7593336701393127
-0.26297643780708313 -0.19378115236759186 -0.7707899212837219
-0.21371127665042877 -0.1548226773738861 -0.780321478843689
-0.16397272050380707 -0.11551949381828308 -0.7879040837287903
-0.11390536278486252 -0.07598578929901123 -0.7935184240341187
-0.06367656588554382 -0.036353666335344315 -0.7971498966217041
-0.013607975095510483 0.0031232477631419897 -0.7987867593765259
0.010252558626234531 -0.001270196051336825 0.7985838651657104
-0.04459162428975105 -0.03787938132882118 0.7983048558235168
-0.09967353194952011 -0.07462196052074432 0.796036422252655
-0.1546408087015152 -0.1112627387046814 0.791781485080719
-0.20930981636047363 -0.14767925441265106 0.7855501770973206
-0.2635217607021332 -0.1837656944990158 0.7773578763008118
-0.31712785363197327 -0.21942302584648132 0.7672252058982849
-0.3699852228164673 -0.2545561194419861 0.7551774978637695
-0.4219553768634796 -0.2890729606151581 0.7412450313568115
-0.47290340065956116 -0.3228839337825775 0.7254630327224731
-0.5226982235908508 -0.3559020161628723 0.70787113904953
-0.5712120532989502 -0.38804247975349426 0.6885137557983398
-0.6183210611343384 -0.4192233085632324 0.6674398183822632
-0.6639053821563721 -0.44936510920524597 0.6447023153305054
-0.7078490257263184 -0.4783911406993866 0.6203587651252747
-0.7500405311584473 -0.5062279105186462 0.594470739364624
-0.790372908115387 -0.5328047275543213 0.5671036243438721
-0.8287441730499268 -0.5580543875694275 0.5383267402648926
-0.8650569915771484 -0.5819129347801208 0.5082129240036011
-0.899219810962677 -0.6043200492858887 0.4768385887145996
-0.9311462044715881 -0.6252192258834839 0.4442833662033081
-0.9607555866241455 -0.6445576548576355 0.41063016653060913
-0.9879732131958008 -0.6622864603996277 0.37596479058265686
-1.012730360031128 -0.6783610582351685 0.3403759300708771
-1.0349645614624023 -0.6927406787872314 0.3039550483226776
-1.0546196699142456 -0.7053892612457275 0.2667962610721588
-1.0716460943222046 -0.7162747979164124 0.22899645566940308
-1.0860008001327515 -0.725369930267334 0.1906554400920868
-1.0976475477218628 -0.7326517105102539 0.151876762509346
-1.1065568923950195 -0.7381018400192261 0.11276938766241074
-1.112705945968628 -0.7417066097259521 0.07345312833786011
-1.116078495979309 -0.7434571385383606 0.034083038568496704
-1.1166634559631348 -0.7433494329452515 -0.005079186521470547
-1.1144682168960571 -0.7413821220397949 -0.04452221840620041
-1.1094958782196045 -0.7375606894493103 -0.08398417383432388
-1.1017581224441528 -0.731894850730896 -0.12330964207649231
-1.0912741422653198 -0.7243989109992981 -0.1623782515525818
-1.0780702829360962 -0.7150919437408447 -0.2010802924633026
-1.0621795654296875 -0.7039972543716431 -0.2393113374710083
-1.0436420440673828 -0.6911429166793823 -0.2769704759120941
-1.022504448890686 -0.6765613555908203 -0.3139595687389374
-0.9988199472427368 -0.6602892875671387 -0.35018306970596313
-0.9726484417915344 -0.6423678398132324 -0.3855478763580322
-0.9440557956695557 -0.6228421926498413 -0.4199635684490204
-0.9131142497062683 -0.6017616987228394 -0.45334240794181824
-0.8799019455909729 -0.5791795253753662 -0.4855993986129761
-0.8445028066635132 -0.5551527142524719 -0.5166527032852173
-0.8070061206817627 -0.5297420620918274 -0.5464235544204712
-0.7675068974494934 -0.5030118227005005 -0.5748365521430969
-0.7261051535606384 -0.4750296473503113 -0.6018196940422058
-0.6829058527946472 -0.44586655497550964 -0.6273049116134644
-0.6380185484886169 -0.4155964255332947 -0.651227593421936
-0.5915573835372925 -0.3842962980270386 -0.6735274195671082
-0.543640673160553 -0.35204586386680603 -0.6941481232643127
-0.4943908452987671 -0.31892746686935425 -0.7130375504493713
-0.4439341127872467 -0.28502601385116577 -0.7301480770111084
-0.39240047335624695 -0.25042879581451416 -0.7454364895820618
-0.3399236500263214 -0.21522563695907593 -0.7588641047477722
-0.2866411507129669 -0.17950871586799622 -0.7703971862792969
-0.23269511759281158 -0.1433733105659485 -0.7800064086914062
-0.17823363840579987 -0.1069185882806778 -0.7876673936843872
-0.12341496348381042 -0.07025045156478882 -0.7933606505393982
-0.0684223547577858 -0.033491428941488266 -0.7970711588859558
-0.013607971370220184 0.003123245434835553 -0.7987867593765259
0.01025256235152483 -0.001270198728889227 0.7985838651657104
-0.04881715402007103 -0.03464922308921814 0.7983768582344055
-0.10814063251018524 -0.0681493878364563 0.7961806654930115
-0.16733834147453308 -0.10155624151229858 0.7919978499412537
-0.2262125313282013 -0.1347581446170807 0.7858381867408752
-0.2845921814441681 -0.16765862703323364 0.7777169346809387
-0.3423171043395996 -0.20016738772392273 0.7676544189453125
-0.3992333710193634 -0.23219771683216095 0.7556758522987366
-0.45519188046455383 -0.26366567611694336 0.7418113946914673
-0.5100473761558533 -0.29448962211608887 0.726095974445343
-0.5636587738990784 -0.32459017634391785 0.7085691094398499
-0.6158883571624756 -0.35389015078544617 0.6892750859260559
-0.6666030287742615 -0.3823147118091583 0.6682625412940979
-0.7156735062599182 -0.409791499376297 0.6455844640731812
-0.7629750967025757 -0.43625062704086304 0.6212981343269348
-0.8083877563476562 -0.46162500977516174 0.5954650044441223
-0.8517963290214539 -0.4858502745628357 0.5681502819061279
-0.8930910229682922 -0.5088651180267334 0.5394231677055359
-0.9321672320365906 -0.5306112766265869 0.5093564391136169
-0.968926191329956 -0.5510337948799133 0.4780263602733612
-1.0032751560211182 -0.5700810551643372 0.44551244378089905
-1.0351272821426392 -0.5877050757408142 0.4118974506855011
-1.0644021034240723 -0.6038612127304077 0.37726715207099915
-1.091025948524475 -0.6185088753700256 0.34171009063720703
-1.114931344985962 -0.6316109299659729 0.3053176701068878
-1.1360580921173096 -0.6431344747543335 0.26818394660949707
-1.1543530225753784 -0.653050422668457 0.2304057627916336
-1.1697696447372437 -0.6613337397575378 0.19208285212516785
-1.1822692155838013 -0.6679636240005493 0.15331870317459106
-1.1918200254440308 -0.6729233860969543 0.11422225832939148
-1.1983976364135742 -0.6762005686759949 0.07491330802440643
-1.2019846439361572 -0.6777870655059814 0.03554687276482582
-1.202569603919983 -0.6776793599128723 -0.003615352790802717
-1.2001599073410034 -0.6758760809898376 -0.04306203871965408
-1.1947590112686157 -0.6723822355270386 -0.08253129571676254
-1.1863797903060913 -0.6672067642211914 -0.12186769396066666
-1.175042986869812 -0.6603627800941467 -0.16095083951950073
-1.16077721118927 -0.6518675088882446 -0.19967098534107208
-1.143618106842041 -0.641742467880249 -0.23792363703250885
-1.1236088275909424 -0.6300131678581238 -0.2756078541278839
-1.1008000373840332 -0.6167091727256775 -0.3126254379749298
-1.0752488374710083 -0.6018640398979187 -0.34888073801994324
-1.0470200777053833 -0.5855152606964111 -0.38428059220314026
-1.016184687614441 -0.5677040219306946 -0.41873452067375183
-0.9828206300735474 -0.5484753847122192 -0.45215460658073425
-0.9470121264457703 -0.5278778672218323 -0.4844558537006378
-0.9088496565818787 -0.5059635043144226 -0.5155562162399292
-0.8684295415878296 -0.4827876091003418 -0.5453768968582153
-0.8258541226387024 -0.458408921957016 -0.5738422870635986
-0.7812312245368958 -0.4328891336917877 -0.6008803248405457
-0.7346739768981934 -0.40629294514656067 -0.6264227628707886
-0.6863004565238953 -0.3786878287792206 -0.6504048705101013
-0.6362336874008179 -0.3501439392566681 -0.6727661490440369
-0.5846012234687805 -0.32073405385017395 -0.6934501528739929
-0.5315348505973816 -0.2905331552028656 -0.7124046087265015
-0.4771706461906433 -0.25961872935295105 -0.7295817136764526
-0.42164862155914307 -0.22807039320468903 -0.74493807554245
-0.36511287093162537 -0.19596999883651733 -0.7584348917007446
-0.3077116012573242 -0.16340164840221405 -0.7700381278991699
-0.24959784746170044 -0.1304522156715393 -0.7797183990478516
-0.19093117117881775 -0.09721209853887558 -0.7874510288238525
-0.13188205659389496 -0.0637778714299202 -0.793216347694397
-0.07264789193868637 -0.030261265113949776 -0.7969991564750671
-0.013607967644929886 0.003123242873698473 -0.7987867593765259
0.010252565145492554 -0.0012702016392722726 0.7985838651657104
-0.05250191688537598 -0.031061943620443344 0.7984417676925659
-0.11552413552999496 -0.060961220413446426 0.7963107228279114
-0.17841090261936188 -0.09077662974596024 0.7921928763389587
-0.24095210433006287 -0.12040852755308151 0.7860978245735168
-0.3029661178588867 -0.1497708261013031 0.7780405879020691
-0.3642826974391937 -0.17878291010856628 0.7680413126945496
-0.42473843693733215 -0.2073674201965332 0.7561251521110535
-0.484174907207489 -0.23544944822788239 0.7423219084739685
-0.5424378514289856 -0.2629561126232147 0.7266665101051331
-0.5993772745132446 -0.28981661796569824 0.7091982960700989
-0.6548472046852112 -0.315962016582489 0.689961314201355
-0.7087060213088989 -0.3413256108760834 0.6690042018890381
-0.7608165740966797 -0.3658427894115448 0.6463796496391296
-0.811046302318573 -0.38945120573043823 0.622144877910614
-0.8592678904533386 -0.4120909869670868 0.5963612198829651
-0.9053589701652527 -0.4337047040462494 0.5690938234329224
-0.9492030143737793 -0.4542376697063446 0.5404115915298462
-0.9906888604164124 -0.4736378788948059 0.5103873014450073
-1.0297118425369263 -0.49185633659362793 0.4790970981121063
-1.0661731958389282 -0.5088469982147217 0.4466204047203064
-1.0999810695648193 -0.5245670080184937 0.4130398631095886
-1.1310498714447021 -0.5389766693115234 0.3784411549568176
-1.159301519393921 -0.552039623260498 0.3429127633571625
-1.184664249420166 -0.5637228488922119 0.30654603242874146
-1.2070744037628174 -0.5739970207214355 0.26943492889404297
-1.2264753580093384 -0.5828360915184021 0.23167620599269867
-1.2428181171417236 -0.5902178883552551 0.19336961209774017
-1.256061315536499 -0.5961238145828247 0.15461856126785278
-1.2661714553833008 -0.6005390286445618 0.11553196609020233
-1.273122787475586 -0.6034523844718933 0.07622959464788437
-1.2768968343734741 -0.6048567891120911 0.036866456270217896
-1.2774819135665894 -0.6047490239143372 -0.0022957713808864355
-1.2748849391937256 -0.6031278967857361 -0.041745755821466446
-1.2691104412078857 -0.599997878074646 -0.08122159540653229
-1.260171890258789 -0.5953669548034668 -0.12056784331798553
-1.248091459274292 -0.589246928691864 -0.1596640795469284
-1.23289954662323 -0.5816532373428345 -0.19840054214000702
-1.2146344184875488 -0.5726050138473511 -0.23667268455028534
-1.193341851234436 -0.5621250867843628 -0.27437952160835266
-1.169075608253479 -0.5502399206161499 -0.31142276525497437
-1.1418967247009277 -0.5369794368743896 -0.34770673513412476
-1.1118738651275635 -0.5223771929740906 -0.38313817977905273
-1.0790828466415405 -0.5064699649810791 -0.4176265597343445
-1.0436062812805176 -0.48929792642593384 -0.45108386874198914
-1.0055338144302368 -0.47090446949005127 -0.48342499136924744
-0.9649616479873657 -0.4513360261917114 -0.5145677924156189
-0.9219921827316284 -0.4306420385837555 -0.5444334149360657
-0.8767342567443848 -0.40887489914894104 -0.5729460716247559
-0.8293024301528931 -0.3860896825790405 -0.6000335812568665
-0.7798170447349548 -0.36234423518180847 -0.6256275773048401
-0.7284034490585327 -0.33769872784614563 -0.6496632695198059
-0.6751925349235535 -0.3122158348560333 -0.672079861164093
-0.6203197836875916 -0.28596046566963196 -0.6928209662437439
-0.5639252662658691 -0.25899964570999146 -0.7118340730667114
-0.5061536431312561 -0.23140250146389008 -0.7290711998939514
-0.4471536874771118 -0.20324009656906128 -0.7444888353347778
-0.38707849383354187 -0.1745855212211609 -0.7580479979515076
-0.32608550786972046 -0.1455138474702835 -0.7697144746780396
-0.264337420463562 -0.11610259115695953 -0.77945876121521
-0.20200371742248535 -0.08643247932195663 -0.7872560024261475
-0.13926556706428528 -0.05658970773220062 -0.7930862903594971
-0.07633265107870102 -0.02667398750782013 -0.7969342470169067
-0.013607964850962162 0.0031232398469001055 -0.7987867593765259
0.010252567939460278 -0.0012702048989012837 0.7985838651657104
-0.05562716722488403 -0.02712457999587059 0.7984992861747742
-0.12178649008274078 -0.053071554750204086 0.796425998210907
-0.18780213594436646 -0.07894502580165863 0.7923656702041626
-0.2534535527229309 -0.10465852171182632 0.7863278985023499
-0.3185500204563141 -0.13013732433319092 0.7783274054527283
-0.38291293382644653 -0.15531150996685028 0.7683841586112976
-0.4463706910610199 -0.18011391162872314 0.7565232515335083
-0.5087569952011108 -0.20447957515716553 0.7427743077278137
-0.569909930229187 -0.22834524512290955 0.7271720767021179
-0.6296721696853638 -0.2516494691371918 0.7097557783126831
-0.687890350818634 -0.2743324637413025 0.6905694007873535
-0.7444158792495728 -0.2963363528251648 0.6696613430976868
-0.7991048693656921 -0.3176051080226898 0.6470842361450195
-0.8518181443214417 -0.3380845785140991 0.6228951811790466
-0.9024221301078796 -0.3577228784561157 0.5971553921699524
-0.9507884383201599 -0.3764701783657074 0.569929838180542
-0.9967946410179138 -0.3942790627479553 0.5412874221801758
-1.040324330329895 -0.4111044108867645 0.5113007426261902
-1.0812673568725586 -0.42690372467041016 0.4800458550453186
-1.1195205450057983 -0.4416370987892151 0.44760212302207947
-1.1549872159957886 -0.4552673101425171 0.4140520989894867
-1.1875776052474976 -0.46775999665260315 0.37948140501976013
-1.2172096967697144 -0.4790836274623871 0.3439784049987793
-1.243808627128601 -0.4892095625400543 0.3076344132423401
-1.2673072814941406 -0.49811238050460815 0.27054333686828613
-1.2876462936401367 -0.5057695508003235 0.2328018993139267
-1.3047744035720825 -0.5121618509292603 0.19450975954532623
-1.318648338317871 -0.5172731280326843 0.15577031672000885
-1.329232931137085 -0.5210906267166138 0.116692453622818
-1.3365012407302856 -0.5236046314239502 0.07739591598510742
-1.3404340744018555 -0.5248091220855713 0.03803569823503494
-1.3410190343856812 -0.5247014164924622 -0.0011265279026702046
-1.3382635116577148 -0.523280143737793 -0.040579430758953094
-1.33217191696167 -0.520549476146698 -0.08006110787391663
-1.3227589130401611 -0.5165162682533264 -0.11941608786582947
-1.3100478649139404 -0.5111908316612244 -0.15852393209934235
-1.2940706014633179 -0.5045866966247559 -0.1972748339176178
-1.2748671770095825 -0.4967203736305237 -0.2355642467737198
-1.2524861097335815 -0.4876117706298828 -0.27329111099243164
-1.2269837856292725 -0.47728392481803894 -0.31035709381103516
-1.1984243392944336 -0.46576276421546936 -0.34666648507118225
-1.1668800115585327 -0.453077495098114 -0.38212594389915466
-1.1324301958084106 -0.4392600357532501 -0.4166448414325714
-1.0951619148254395 -0.42434531450271606 -0.45013511180877686
-1.0551692247390747 -0.4083710014820099 -0.48251157999038696
-1.012553334236145 -0.39137741923332214 -0.5136920213699341
-0.9674215912818909 -0.3734075129032135 -0.543597400188446
-0.9198884963989258 -0.35450679063796997 -0.5721518993377686
-0.8700742721557617 -0.3347230851650238 -0.5992832779884338
-0.8181052803993225 -0.3141065537929535 -0.6249229907989502
-0.7641133069992065 -0.29270946979522705 -0.6490060687065125
-0.7082356810569763 -0.2705862820148468 -0.6714717745780945
-0.6506146788597107 -0.2477933168411255 -0.6922634840011597
-0.5913974046707153 -0.22438876330852509 -0.7113285064697266
-0.5307357311248779 -0.20043262839317322 -0.7286188006401062
-0.4687859117984772 -0.17598660290241241 -0.744090735912323
-0.4057087302207947 -0.15111412107944489 -0.7577051520347595
-0.3416694402694702 -0.12588034570217133 -0.7694277167320251
-0.27683886885643005 -0.10035258531570435 -0.779228687286377
-0.21139496564865112 -0.07460088282823563 -0.7870831489562988
-0.1455279141664505 -0.04870004579424858 -0.7929710149765015
-0.07945790141820908 -0.022736625745892525 -0.7968767285346985
-0.013607962056994438 0.0031232365872710943 -0.7987867593765259
0.010252569802105427 -0.0012702083913609385 0.7985838651657104
-0.05817696824669838 -0.02283557876944542 0.7985491752624512
-0.12689577043056488 -0.04447728022933006 0.7965259552001953
-0.19546417891979218 -0.0660567656159401 0.7925155758857727
-0.26365312933921814 -0.08750191330909729 0.7865274548530579
-0.3312644958496094 -0.10875040292739868 0.778576135635376
-0.39811283349990845 -0.12974390387535095 0.768681526184082
-0.4640198051929474 -0.1504264622926712 0.7568684816360474
-0.528812825679779 -0.17074383795261383 0.7431666851043701
-0.5923236608505249 -0.1906433254480362 0.7276105880737305
-0.6543888449668884 -0.21007367968559265 0.7102393507957458
-0.7148492336273193 -0.22898505628108978 0.691096842288971
-0.7735505104064941 -0.24732919037342072 0.670231282711029
-0.8303431868553162 -0.26505938172340393 0.6476954221725464
-0.8850827217102051 -0.28213047981262207 0.6235460042953491
-0.9376304149627686 -0.2984992563724518 0.5978441834449768
-0.9878529906272888 -0.3141241669654846 0.5706549286842346
-1.03562331199646 -0.3289656639099121 0.5420470237731934
-1.0808204412460327 -0.34298619627952576 0.5120930075645447
-1.1233301162719727 -0.3561502993106842 0.48086875677108765
-1.1630451679229736 -0.36842477321624756 0.4484536349773407
-1.1998651027679443 -0.37977856397628784 0.4149300754070282
-1.2336969375610352 -0.39018306136131287 0.3803836703300476
-1.2644554376602173 -0.3996120095252991 0.34490272402763367
-1.292062759399414 -0.4080415964126587 0.3085784614086151
-1.316449522972107 -0.4154506027698517 0.2715047597885132
-1.3375539779663086 -0.4218203127384186 0.23377828299999237
-1.3553228378295898 -0.4271347224712372 0.19549867510795593
-1.3697113990783691 -0.4313804507255554 0.1567693054676056
-1.3806830644607544 -0.4345467984676361 0.11769901216030121
-1.3882099390029907 -0.4366258680820465 0.07840753346681595
-1.3922722339630127 -0.4376125633716583 0.03904985263943672
-1.3928571939468384 -0.4375048577785492 -0.00011237464059377089
-1.38997220993042 -0.4363013803958893 -0.03956780955195427
-1.3836220502853394 -0.43400564789772034 -0.07905454188585281
-1.3738219738006592 -0.4306235611438751 -0.11841709911823273
-1.3605962991714478 -0.4261637330055237 -0.15753501653671265
-1.3439781665802002 -0.42063742876052856 -0.19629845023155212
-1.3240094184875488 -0.4140585958957672 -0.23460283875465393
-1.3007402420043945 -0.4064438045024872 -0.2723470628261566
-1.2742295265197754 -0.3978123366832733 -0.3094328045845032
-1.2445436716079712 -0.38818585872650146 -0.3457642197608948
-1.2117578983306885 -0.37758874893188477 -0.38124793767929077
-1.1759546995162964 -0.3660477101802826 -0.4157933294773102
-1.137224555015564 -0.3535919189453125 -0.4493122100830078
-1.0956653356552124 -0.3402527868747711 -0.48171931505203247
-1.0513819456100464 -0.3260640501976013 -0.5129323601722717
-1.0044862031936646 -0.3110615015029907 -0.5428722500801086
-0.9550967812538147 -0.29528316855430603 -0.5714631080627441
-0.9033388495445251 -0.27876898646354675 -0.5986324548721313
-0.8493435978889465 -0.2615608274936676 -0.6243118047714233
-0.7932479381561279 -0.24370230734348297 -0.6484361290931702
-0.7351945638656616 -0.2252388745546341 -0.6709443926811218
-0.6753313541412354 -0.20621752738952637 -0.6917799115180969
-0.6138110756874084 -0.18668684363365173 -0.710889995098114
-0.5507915616035461 -0.16669689118862152 -0.7282264232635498
-0.48643505573272705 -0.14629913866519928 -0.7437454462051392
-0.4209086000919342 -0.12554652988910675 -0.7574077844619751
-0.3543839156627655 -0.10449342429637909 -0.7691789865493774
-0.2870384156703949 -0.08319596946239471 -0.779029130935669
-0.21905700862407684 -0.06171261519193649 -0.7869332432746887
-0.1506371945142746 -0.04010577127337456 -0.7928710579872131
-0.08200770616531372 -0.018447622656822205 -0.7968268394470215
-0.013607960194349289 0.0031232330948114395 -0.7987867593765259
0.010252571664750576 -0.0012702122330665588 0.7985838651657104
-0.060139335691928864 -0.01817341521382332 0.7985913157463074
-0.13082794845104218 -0.035135265439748764 0.7966103553771973
-0.2013610154390335 -0.05204717069864273 0.7926421761512756
-0.27150288224220276 -0.06885259598493576 0.7866960167884827
-0.34104979038238525 -0.08550272136926651 0.7787862420082092
-0.4098109006881714 -0.10195183008909225 0.7689327001571655
-0.47760286927223206 -0.1181560605764389 0.7571601867675781
-0.544248104095459 -0.134072944521904 0.7434980869293213
-0.6095736026763916 -0.14966116845607758 0.7279809713363647
-0.6734112501144409 -0.16488061845302582 0.7106478214263916
-0.7355973124504089 -0.17969222366809845 0.6915423274040222
-0.795973002910614 -0.19405819475650787 0.6707127690315247
-0.8543846607208252 -0.2079419493675232 0.6482115983963013
-0.9106836915016174 -0.2213081568479538 0.6240956783294678
-0.9647272825241089 -0.23412293195724487 0.5984260439872742
-1.0163785219192505 -0.24635377526283264 0.5712674260139465
-1.0655064582824707 -0.2579697370529175 0.5426886677742004
-1.1119868755340576 -0.26894140243530273 0.512762188911438
-1.1557023525238037 -0.27924102544784546 0.48156386613845825
-1.1965423822402954 -0.28884264826774597 0.44917288422584534
-1.2344038486480713 -0.2977219820022583 0.415671706199646
-1.269191026687622 -0.3058566153049469 0.38114577531814575
-1.3008164167404175 -0.3132260739803314 0.3456834554672241
-1.329200029373169 -0.3198116719722748 0.3093758523464203
-1.354270100593567 -0.3255968987941742 0.2723168432712555
-1.3759636878967285 -0.3305671513080597 0.23460301756858826
-1.3942257165908813 -0.33470988273620605 0.19633398950099945
-1.4090102910995483 -0.33801472187042236 0.1576131284236908
-1.420279860496521 -0.3404732942581177 0.11854922771453857
-1.4280058145523071 -0.3420795500278473 0.07926202565431595
-1.432167649269104 -0.34282952547073364 0.03990647941827774
-1.4327526092529297 -0.3427218198776245 0.0007442524656653404
-1.4297679662704468 -0.34175506234169006 -0.03871332108974457
-1.423218846321106 -0.3399321436882019 -0.07820432633161545
-1.4131208658218384 -0.33725783228874207 -0.11757327616214752
-1.3994991779327393 -0.33373889327049255 -0.15669970214366913
-1.3823878765106201 -0.3293842673301697 -0.19547373056411743
-1.3618301153182983 -0.3242048919200897 -0.23379075527191162
-1.3378775119781494 -0.31821388006210327 -0.27154967188835144
-1.3105905055999756 -0.3114263713359833 -0.30865204334259033
-1.280037760734558 -0.3038594126701355 -0.34500208497047424
-1.2462966442108154 -0.2955321669578552 -0.38050633668899536
-1.2094519138336182 -0.2864656150341034 -0.41507408022880554
-1.169596791267395 -0.27668264508247375 -0.4486171305179596
-1.1268318891525269 -0.2662079930305481 -0.4810501039028168
-1.0812650918960571 -0.2550680935382843 -0.5122907161712646
-1.0330116748809814 -0.24329110980033875 -0.5422597527503967
-0.9821937084197998 -0.23090684413909912 -0.5708812475204468
-0.9289398193359375 -0.21794664859771729 -0.5980827808380127
-0.8733851313591003 -0.20444339513778687 -0.6237956285476685
-0.8156704306602478 -0.19043131172657013 -0.6479546427726746
-0.7559425830841064 -0.17594604194164276 -0.6704989075660706
-0.6943537592887878 -0.16102448105812073 -0.691371500492096
-0.6310610175132751 -0.14570468664169312 -0.7105196118354797
-0.5662268400192261 -0.13002599775791168 -0.7278950214385986
-0.5000181198120117 -0.11402873694896698 -0.7434538006782532
-0.43260666728019714 -0.09775444120168686 -0.7571566104888916
-0.364169180393219 -0.08124574273824692 -0.7689688801765442
-0.2948881685733795 -0.06454665958881378 -0.7788606286048889
-0.22495383024215698 -0.04770302027463913 -0.7868066430091858
-0.1545693725347519 -0.03076375648379326 -0.7927866578102112
-0.0839700698852539 -0.013785460032522678 -0.7967846989631653
-0.01360795833170414 0.003123229369521141 -0.7987867593765259
0.01025257259607315 -0.0012702164240181446 0.7985838651657104
-0.06150851771235466 -0.013061242178082466 0.7986258268356323
-0.13357150554656982 -0.024891523644328117 0.7966795563697815
-0.2054753303527832 -0.036685310304164886 0.7927458882331848
-0.2769797742366791 -0.04840317741036415 0.7868340611457825
-0.3478771150112152 -0.06001107767224312 0.7789583206176758
-0.4179728329181671 -0.07147714495658875 0.7691384553909302
-0.48708000779151917 -0.08277078717947006 0.7573990225791931
-0.5550175309181213 -0.09386242926120758 0.7437695860862732
-0.6216092109680176 -0.10472326725721359 0.7282843589782715
-0.6866834759712219 -0.11532533913850784 0.7109823822975159
-0.7500735521316528 -0.12564145028591156 0.6919072270393372
-0.8116175532341003 -0.13564527034759521 0.6711071133613586
-0.8711588382720947 -0.14531132578849792 0.6486344337463379
-0.9285458922386169 -0.15461499989032745 0.6245459318161011
-0.983633279800415 -0.16353274881839752 0.5989025831222534
-1.0362812280654907 -0.17204192280769348 0.571769118309021
-1.086356520652771 -0.18012098968029022 0.5432142615318298
-1.1337323188781738 -0.1877494901418686 0.5133103132247925
-1.1782889366149902 -0.19490817189216614 0.4821331799030304
-1.2199139595031738 -0.20157893002033234 0.4497619867324829
-1.2585021257400513 -0.20774495601654053 0.416279137134552
-1.29395592212677 -0.21339063346385956 0.3817700445652008
-1.326186180114746 -0.21850177645683289 0.3463229537010193
-1.3551112413406372 -0.22306545078754425 0.310029000043869
-1.3806582689285278 -0.2270701676607132 0.27298200130462646
-1.402762770652771 -0.23050585389137268 0.23527853190898895
-1.421368956565857 -0.2333638221025467 0.19701819121837616
-1.4364298582077026 -0.23563693463802338 0.15830427408218384
-1.4479073286056519 -0.2373194545507431 0.11924562603235245
-1.455772042274475 -0.2384072244167328 0.07996191829442978
-1.4600034952163696 -0.2388976514339447 0.04060812667012215
-1.4605884552001953 -0.23878994584083557 0.0014459022786468267
-1.4575343132019043 -0.23808275163173676 -0.03801342472434044
-1.4508461952209473 -0.23677830398082733 -0.07750792801380157
-1.4405404329299927 -0.23488005995750427 -0.11688212305307388
-1.4266424179077148 -0.2323928326368332 -0.15601550042629242
-1.4091869592666626 -0.22932295501232147 -0.19479821622371674
-1.3882181644439697 -0.22567816078662872 -0.23312559723854065
-1.3637887239456177 -0.22146765887737274 -0.2708965241909027
-1.3359602689743042 -0.21670207381248474 -0.30801257491111755
-1.304802656173706 -0.21139343082904816 -0.3443778455257416
-1.2703949213027954 -0.20555512607097626 -0.37989890575408936
-1.2328234910964966 -0.19920189678668976 -0.4144849479198456
-1.1921833753585815 -0.19234977662563324 -0.44804778695106506
-1.1485772132873535 -0.18501609563827515 -0.4805019795894623
-1.1021151542663574 -0.17721934616565704 -0.51176518201828
-1.0529143810272217 -0.1689792424440384 -0.5417580604553223
-1.001099705696106 -0.16031666100025177 -0.5704047083854675
-0.946802020072937 -0.15125350654125214 -0.5976325273513794
-0.8901593089103699 -0.1418127566576004 -0.6233727931976318
-0.8313150405883789 -0.13201838731765747 -0.6475602984428406
-0.7704188823699951 -0.12189526110887527 -0.6701340079307556
-0.7076259851455688 -0.11146919429302216 -0.6910369396209717
-0.6430966258049011 -0.10076678544282913 -0.710216224193573
-0.5769963264465332 -0.08981547504663467 -0.7276235222816467
-0.5094952583312988 -0.07864347100257874 -0.7432149052619934
-0.44076859951019287 -0.06727975606918335 -0.756950855255127
-0.37099653482437134 -0.055754099041223526 -0.7687967419624329
-0.3003650903701782 -0.044097237288951874 -0.7787225246429443
-0.22906816005706787 -0.032341159880161285 -0.7867029309272766
-0.15731292963027954 -0.020520012825727463 -0.7927175164222717
-0.0853392481803894 -0.008673286065459251 -0.7967501878738403
-0.013607957400381565 0.0031232251785695553 -0.7987867593765259
0.010252573527395725 -0.0012702213134616613 0.7985838651657104
-0.062296755611896515 -0.0071527790278196335 0.7986538410186768
-0.1351509690284729 -0.013052180409431458 0.7967357039451599
-0.20784395933151245 -0.01893063634634018 0.7928301095962524
-0.28013285994529724 -0.024768490344285965 0.7869461178779602
-0.3518076539039612 -0.03054877556860447 0.7790980935096741
-0.42267167568206787 -0.036255620419979095 0.7693055272102356
-0.4925360083580017 -0.04187380149960518 0.757593035697937
-0.5612175464630127 -0.04738859087228775 0.7439900040626526
-0.6285381317138672 -0.052785683423280716 0.7285307049751282
-0.6943243741989136 -0.05805117264389992 0.7112540006637573
-0.7584075927734375 -0.06317155063152313 0.6922035217285156
-0.8206241726875305 -0.06813375651836395 0.671427309513092
-0.8808158040046692 -0.0729251354932785 0.6489777565002441
-0.938829243183136 -0.07753351330757141 0.6249115467071533
-0.9945175051689148 -0.0819472000002861 0.5992895364761353
-1.0477392673492432 -0.0861549973487854 0.5721765160560608
-1.0983598232269287 -0.0901462584733963 0.5436410307884216
-1.1462512016296387 -0.09391088038682938 0.5137554407119751
-1.1912921667099 -0.09743934869766235 0.4825955033302307
-1.233368992805481 -0.10072275251150131 0.4502403736114502
-1.2723755836486816 -0.10375280678272247 0.41677239537239075
-1.3082131147384644 -0.1065218597650528 0.3822769224643707
-1.3407915830612183 -0.10902293771505356 0.3468422293663025
-1.3700283765792847 -0.11124970763921738 0.31055936217308044
-1.3958499431610107 -0.11319659650325775 0.27352210879325867
-1.4181910753250122 -0.11485867202281952 0.23582707345485687
-1.4369953870773315 -0.1162317767739296 0.19757376611232758
-1.452215313911438 -0.1173124611377716 0.15886551141738892
-1.4638124704360962 -0.11809803545475006 0.11981111764907837
-1.471757173538208 -0.11858657747507095 0.08053025603294373
-1.476028561592102 -0.11877701431512833 0.04117788374423981
-1.4766135215759277 -0.1186693012714386 0.0020156579557806253
-1.4735193252563477 -0.11826209723949432 -0.03744509071111679
-1.4667514562606812 -0.11755688488483429 -0.07694244384765625
-1.456325888633728 -0.1165555864572525 -0.1163208857178688
-1.4422687292099 -0.1152607873082161 -0.155459925532341
-1.4246153831481934 -0.11367578059434891 -0.19424967467784882
-1.4034099578857422 -0.11180458217859268 -0.23258547484874725
-1.3787058591842651 -0.10965192317962646 -0.2703661620616913
-1.3505656719207764 -0.10722323507070541 -0.30749329924583435
-1.3190598487854004 -0.1045246496796608 -0.34387093782424927
-1.2842683792114258 -0.1015629842877388 -0.3794056475162506
-1.2462786436080933 -0.09834571182727814 -0.4140065610408783
-1.2051866054534912 -0.09488096088171005 -0.44758546352386475
-1.1610960960388184 -0.09117747843265533 -0.48005688190460205
-1.1141184568405151 -0.08724462240934372 -0.5113384127616882
-1.0643724203109741 -0.0830923318862915 -0.5413507223129272
-1.011983871459961 -0.07873111218214035 -0.5700177550315857
-0.957085371017456 -0.0741720050573349 -0.5972669124603271
-0.8998162150382996 -0.06942658126354218 -0.6230294704437256
-0.8403216004371643 -0.06450686603784561 -0.6472401022911072
-0.778752863407135 -0.059425365179777145 -0.6698376536369324
-0.7152668833732605 -0.05419502779841423 -0.6907652616500854
-0.6500255465507507 -0.048829201608896255 -0.7099698781967163
-0.5831962823867798 -0.04334164410829544 -0.7274031043052673
-0.514951229095459 -0.03774648159742355 -0.7430208921432495
-0.445467472076416 -0.0320582315325737 -0.7567837834358215
-0.3749270439147949 -0.026291796937584877 -0.7686570286750793
-0.303518146276474 -0.020462552085518837 -0.7786104679107666
-0.23143678903579712 -0.014586487784981728 -0.786618709564209
-0.15889239311218262 -0.008680670522153378 -0.7926613688468933
-0.08612748980522156 -0.002764823380857706 -0.7967221736907959
-0.01360795646905899 0.0031232202891260386 -0.7987867593765259
0.010252573527395725 -0.0012702271342277527 0.7985838651657104
-0.06252056360244751 -9.016287367558107e-05 0.798676609992981
-0.13559944927692413 0.0010998464422300458 0.7967813014984131
-0.20851649343967438 0.002292216056957841 0.7928985357284546
-0.2810281217098236 0.00348297250457108 0.7870372533798218
-0.3529236912727356 0.0046686637215316296 0.7792115807533264
-0.4240058660507202 0.00584604125469923 0.7694412469863892
-0.4940851628780365 0.007011969108134508 0.7577506303787231
-0.5629779696464539 0.008163395337760448 0.7441690564155579
-0.6305055022239685 0.00929733645170927 0.7287307977676392
-0.6964938640594482 0.010410873219370842 0.7114747166633606
-0.7607738971710205 0.011501152999699116 0.6924442648887634
-0.8231815099716187 0.012565393932163715 0.6716874837875366
-0.8835577368736267 0.013600886799395084 0.649256706237793
-0.9417490363121033 0.01460499968379736 0.6252085566520691
-0.997607946395874 0.015575186349451542 0.5996039509773254
-1.0509926080703735 0.016508987173438072 0.5725074410438538
-1.101768136024475 0.017404038459062576 0.5439877510070801
-1.1498057842254639 0.018258074298501015 0.5141170024871826
-1.1949841976165771 0.019068937748670578 0.48297110199928284
-1.2371894121170044 0.019834576174616814 0.45062902569770813
-1.2763147354125977 0.02055305615067482 0.4171731173992157
-1.3122613430023193 0.021222561597824097 0.3826887607574463
-1.3449386358261108 0.021841399371623993 0.3472641110420227
-1.3742640018463135 0.022408002987504005 0.31099024415016174
-1.4001635313034058 0.022920940071344376 0.2739609479904175
-1.4225717782974243 0.023378904908895493 0.23627272248268127
-1.4414323568344116 0.023780731484293938 0.19802513718605042
-1.4566974639892578 0.024125387892127037 0.15932148694992065
-1.4683284759521484 0.02441197633743286 0.12027053534984589
-1.4762959480285645 0.024639714509248734 0.08099198341369629
-1.4805786609649658 0.024807875975966454 0.04164076969027519
-1.481163740158081 0.02491558901965618 0.0024785439018160105
-1.478058099746704 0.024964196607470512 -0.03698336333036423
-1.4712674617767334 0.02495313249528408 -0.07648301869630814
-1.4608080387115479 0.02488226629793644 -0.11586491763591766
-1.44670569896698 0.024751722812652588 -0.15500855445861816
-1.428995966911316 0.024561796337366104 -0.19380402565002441
-1.4077234268188477 0.024312948808073997 -0.23214666545391083
-1.382941484451294 0.024005793035030365 -0.26993528008461
-1.354712724685669 0.02364109829068184 -0.30707141757011414
-1.3231080770492554 0.023219773545861244 -0.3434591293334961
-1.2882075309753418 0.022742880508303642 -0.37900492548942566
-1.2500989437103271 0.022211618721485138 -0.41361793875694275
-1.2088786363601685 0.02162732556462288 -0.4472098648548126
-1.1646506786346436 0.020991478115320206 -0.47969529032707214
-1.1175267696380615 0.020305676385760307 -0.5109916925430298
-1.0676257610321045 0.019571656361222267 -0.5410197377204895
-1.0150742530822754 0.01879127323627472 -0.5697033405303955
-0.9600052237510681 0.017966505140066147 -0.5969699025154114
-0.9025582075119019 0.017099441960453987 -0.6227505207061768
-0.8428789377212524 0.016192283481359482 -0.6469799280166626
-0.7811192274093628 0.015247339382767677 -0.6695969700813293
-0.7174363732337952 0.01426701620221138 -0.6905445456504822
-0.651992917060852 0.013253818266093731 -0.7097697257995605
-0.584956705570221 0.012210345827043056 -0.7272239923477173
-0.5165004134178162 0.011139288544654846 -0.7428632974624634
-0.44680163264274597 0.010043429210782051 -0.756648063659668
-0.37604308128356934 0.008925641886889935 -0.7685434818267822
-0.30441343784332275 0.0077889119274914265 -0.7785193920135498
-0.23210932314395905 0.006636364851146936 -0.7865502834320068
-0.15934087336063385 0.005471357144415379 -0.7926157116889954
-0.08635130524635315 0.004297792445868254 -0.7966994047164917
-0.01360795646905899 0.003123214468359947 -0.7987867593765259
0.01025257259607315 -0.001270231674425304 0.7985838651657104
-0.06203471124172211 0.005413895472884178 0.7986845374107361
-0.1346258819103241 0.012128844857215881 0.7967970967292786
-0.20705652236938477 0.01883167028427124 0.7929221987724304
-0.27908462285995483 0.025499984622001648 0.7870687246322632
-0.3505009710788727 0.0321144200861454 0.7792509198188782
-0.4211095869541168 0.03865682706236839 0.7694882154464722
-0.4907221794128418 0.045109767466783524 0.7578051686286926
-0.5591564178466797 0.051456332206726074 0.7442310452461243
-0.6262346506118774 0.057680051773786545 0.7288001179695129
-0.6917842030525208 0.06376491487026215 0.7115511298179626
-0.755636990070343 0.06969530135393143 0.6925275921821594
-0.8176299929618835 0.07545609027147293 0.6717775464057922
-0.8776053786277771 0.08103259652853012 0.6493532657623291
-0.9354106187820435 0.08641064912080765 0.6253113746643066
-0.9908990859985352 0.09157661348581314 0.5997127890586853
-1.0439300537109375 0.09651738405227661 0.5726220011711121
-1.0943694114685059 0.10122045129537582 0.5441077351570129
-1.1420893669128418 0.1056739091873169 0.5142421722412109
-1.18696928024292 0.10986650735139847 0.48310109972953796
-1.228895902633667 0.11378765851259232 0.4507635533809662
-1.267763376235962 0.11742746084928513 0.41731181740760803
-1.3034734725952148 0.1207767128944397 0.38283130526542664
-1.3359360694885254 0.12382697314023972 0.3474101424217224
-1.3650692701339722 0.12657052278518677 0.31113940477371216
-1.390799641609192 0.1290004402399063 0.2741128206253052
-1.4130620956420898 0.13111060857772827 0.23642697930335999
-1.4318004846572876 0.13289567828178406 0.1981813758611679
-1.4469674825668335 0.13435114920139313 0.1594793051481247
-1.4585248231887817 0.13547329604625702 0.12042956054210663
-1.4664429426193237 0.13625924289226532 0.0811518058180809
-1.4707010984420776 0.1367068588733673 0.04180099442601204
-1.4712860584259033 0.13681457936763763 0.002638767706230283
-1.468205213546753 0.13658373057842255 -0.036823537200689316
-1.4614638090133667 0.1360144466161728 -0.0763239935040474
-1.4510780572891235 0.13510802388191223 -0.11570709198713303
-1.437073826789856 0.13386666774749756 -0.15485231578350067
-1.4194862842559814 0.13229350745677948 -0.1936497688293457
-1.3983595371246338 0.13039246201515198 -0.23199477791786194
-1.3737467527389526 0.12816831469535828 -0.26978614926338196
-1.3457101583480835 0.12562666833400726 -0.30692538619041443
-1.3143202066421509 0.1227739229798317 -0.34331658482551575
-1.279656171798706 0.1196172833442688 -0.37886619567871094
-1.2418055534362793 0.11616470664739609 -0.4134834110736847
-1.2008637189865112 0.11242489516735077 -0.4470798671245575
-1.1569342613220215 0.10840731114149094 -0.4795701205730438
-1.1101280450820923 0.1041220873594284 -0.5108716487884521
-1.060563325881958 0.09958004951477051 -0.5409051775932312
-1.008365511894226 0.09479270130395889 -0.5695945024490356
-0.9536667466163635 0.08977215737104416 -0.5968670845031738
-0.8966058492660522 0.08453115075826645 -0.6226539611816406
-0.8373274207115173 0.07908298075199127 -0.646889865398407
-0.7759823203086853 0.07344149053096771 -0.6695136427879333
-0.7127267122268677 0.06762105226516724 -0.6904681324958801
-0.647722065448761 0.061636533588171005 -0.7097004652023315
-0.5811351537704468 0.05550328269600868 -0.7271620035171509
-0.5131374001502991 0.04923708736896515 -0.7428087592124939
-0.4439053535461426 0.04285421594977379 -0.756601095199585
-0.3736203908920288 0.03637139871716499 -0.7685042023658752
-0.302469938993454 0.029805924743413925 -0.7784878611564636
-0.23064935207366943 0.02317582070827484 -0.786526620388031
-0.1583673059940338 0.016500355675816536 -0.7925999164581299
-0.08586544543504715 0.009801850654184818 -0.7966915369033813
-0.013607957400381565 0.003123209811747074 -0.7987867593765259
0.010252571664750576 -0.0012702357489615679 0.7985838651657104
-0.06090179458260536 0.010435789823532104 0.798681378364563
-0.13235574960708618 0.022191686555743217 0.7967908978462219
-0.20365215837955475 0.03392224386334419 0.7929129004478455
-0.2745527923107147 0.04558827355504036 0.7870563268661499
-0.3448517322540283 0.05715588480234146 0.7792354226112366
-0.4143560528755188 0.0685933381319046 0.769469678401947
-0.4828804135322571 0.07987014204263687 0.7577836513519287
-0.5502452850341797 0.09095674008131027 0.7442066073417664
-0.6162758469581604 0.10182436555624008 0.728772759437561
-0.6808021664619446 0.11244505643844604 0.7115209698677063
-0.743658721446991 0.12279155105352402 0.6924946904182434
-0.8046849966049194 0.1328374594449997 0.6717420220375061
-0.8637257218360901 0.14255718886852264 0.6493151783943176
-0.9206306338310242 0.15192601084709167 0.6252708435058594
-0.9752554893493652 0.16092020273208618 0.5996698141098022
-1.0274617671966553 0.169516921043396 0.5725768208503723
-1.0771172046661377 0.1776944100856781 0.5440604090690613
-1.1240962743759155 0.18543197214603424 0.5141928195953369
-1.1682801246643066 0.19271007180213928 0.48304980993270874
-1.209557294845581 0.19951030611991882 0.4507104456424713
-1.2478234767913818 0.20581550896167755 0.4172571003437042
-1.2829818725585938 0.21160976588726044 0.38277503848075867
-1.3149441480636597 0.21687844395637512 0.3473525047302246
-1.343629240989685 0.2216082364320755 0.3110805153846741
-1.3689649105072021 0.2257872223854065 0.2740528881549835
-1.3908872604370117 0.22940485179424286 0.23636609315872192
-1.4093409776687622 0.23245199024677277 0.19811971485614777
-1.4242794513702393 0.2349209487438202 0.1594170182943344
-1.4356647729873657 0.23680546879768372 0.12036679685115814
-1.4434679746627808 0.23810072243213654 0.08108872920274734
-1.4476686716079712 0.23880332708358765 0.04173775762319565
-1.4482536315917969 0.23891104757785797 0.002575530903413892
-1.44523024559021 0.23842521011829376 -0.03688661754131317
-1.4386037588119507 0.2373466193675995 -0.07638675719499588
-1.4283900260925293 0.2356778234243393 -0.1157693862915039
-1.4146144390106201 0.23342299461364746 -0.1549139767885208
-1.3973115682601929 0.23058775067329407 -0.19371065497398376
-1.376524806022644 0.22717922925949097 -0.2320547252893448
-1.3523067235946655 0.223206028342247 -0.26984500885009766
-1.3247182369232178 0.21867814660072327 -0.30698302388191223
-1.2938286066055298 0.21360696852207184 -0.34337282180786133
-1.259716272354126 0.20800533890724182 -0.37892094254493713
-1.2224668264389038 0.2018873542547226 -0.4135364890098572
-1.182174563407898 0.19526846706867218 -0.4471311867237091
-1.1389411687850952 0.18816538155078888 -0.47961950302124023
-1.0928758382797241 0.18059605360031128 -0.5109190344810486
-1.0440949201583862 0.1725795865058899 -0.540950357913971
-0.9927218556404114 0.16413629055023193 -0.5696374773979187
-0.9388867616653442 0.15528751909732819 -0.5969076752662659
-0.8827261924743652 0.14605574309825897 -0.6226920485496521
-0.824382483959198 0.13646434247493744 -0.6469253897666931
-0.7640040516853333 0.1265377402305603 -0.6695464849472046
-0.7017446756362915 0.11630120128393173 -0.6904982924461365
-0.6377633213996887 0.10578084737062454 -0.7097278237342834
-0.5722240209579468 0.09500368684530258 -0.7271865010261536
-0.5052956342697144 0.0839974582195282 -0.7428302764892578
-0.43715181946754456 0.07279072701931 -0.7566196322441101
-0.36797112226486206 0.06141286343336105 -0.7685196995735168
-0.29793810844421387 0.04989421367645264 -0.7785003185272217
-0.22724498808383942 0.038266394287347794 -0.7865359783172607
-0.1560971885919571 0.026563197374343872 -0.7926061749458313
-0.0847325325012207 0.014823745004832745 -0.7966946363449097
-0.01360795833170414 0.0031232056207954884 -0.7987867593765259
0.010252570733428001 -0.00127023970708251 0.7985838651657104
-0.05913795903325081 0.015123464167118073 0.7986679673194885
-0.12882138788700104 0.03158481791615486 0.7967638969421387
-0.1983519047498703 0.048008501529693604 0.792872428894043
-0.2674972116947174 0.06433963030576706 0.7870025038719177
-0.3360564410686493 0.08053077757358551 0.7791683077812195
-0.40384146571159363 0.0965375006198883 0.7693894505500793
-0.47067156434059143 0.11231711506843567 0.7576905488967896
-0.5363715887069702 0.12782828509807587 0.74410080909729
-0.6007711291313171 0.14303076267242432 0.7286545038223267
-0.6637042760848999 0.15788540244102478 0.7113905549049377
-0.7250097393989563 0.1723541021347046 0.6923524141311646
-0.7845309972763062 0.18639995157718658 0.6715882420539856
-0.8421164751052856 0.19998715817928314 0.6491503119468689
-0.8976197242736816 0.21308116614818573 0.6250953078269958
-0.9509000182151794 0.22564879059791565 0.5994840264320374
-1.0018221139907837 0.23765814304351807 0.5723812580108643
-1.0502573251724243 0.24907882511615753 0.5438554883003235
-1.0960829257965088 0.2598819434642792 0.5139791369438171
-1.1391830444335938 0.2700401842594147 0.4828278422355652
-1.1794489622116089 0.2795279026031494 0.45048078894615173
-1.2167789936065674 0.2883211076259613 0.4170202910900116
-1.251078724861145 0.2963976263999939 0.38253170251846313
-1.2822617292404175 0.3037371039390564 0.34710320830345154
-1.3102492094039917 0.3103209435939789 0.310825914144516
-1.3349705934524536 0.3161326050758362 0.2737935781478882
-1.3563635349273682 0.3211573660373688 0.23610275983810425
-1.3743739128112793 0.3253825902938843 0.1978529840707779
-1.3889564275741577 0.3287975788116455 0.15914759039878845
-1.4000740051269531 0.3313937187194824 0.12009532749652863
-1.4076982736587524 0.33316439390182495 0.080815888941288
-1.4118093252182007 0.3341050148010254 0.04146423190832138
-1.412394404411316 0.3342127203941345 0.0023020075168460608
-1.4094605445861816 0.3334888815879822 -0.03715945780277252
-1.403012990951538 0.3319348692893982 -0.076658234000206
-1.3930670022964478 0.3295544683933258 -0.11603881418704987
-1.3796473741531372 0.3263535797595978 -0.1551806926727295
-1.3627877235412598 0.3223402500152588 -0.19397398829460144
-1.3425304889678955 0.31752461194992065 -0.23231402039527893
-1.3189266920089722 0.3119187355041504 -0.27009961009025574
-1.2920358180999756 0.30553680658340454 -0.3072323203086853
-1.261925458908081 0.2983948588371277 -0.34361618757247925
-1.2286717891693115 0.29051095247268677 -0.37915775179862976
-1.1923586130142212 0.281904935836792 -0.41376614570617676
-1.1530776023864746 0.2725985646247864 -0.4473531246185303
-1.1109278202056885 0.2626153528690338 -0.47983318567276
-1.0660159587860107 0.2519804835319519 -0.5111238956451416
-1.0184553861618042 0.24072080850601196 -0.5411459803581238
-0.9683663845062256 0.2288648784160614 -0.5698232650756836
-0.9158758521080017 0.21644267439842224 -0.5970831513404846
-0.8611169457435608 0.20348571240901947 -0.6228569149971008
-0.8042284250259399 0.19002683460712433 -0.6470791697502136
-0.7453550696372986 0.17610029876232147 -0.6696887612342834
-0.6846467852592468 0.16174155473709106 -0.690628707408905
-0.6222585439682007 0.14698724448680878 -0.7098460793495178
-0.5583503246307373 0.13187524676322937 -0.7272922992706299
-0.4930867850780487 0.11644443869590759 -0.7429234385490417
-0.4266372323036194 0.1007348895072937 -0.7566998600959778
-0.35917583107948303 0.0847877562046051 -0.7685867547988892
-0.29088252782821655 0.06864557415246964 -0.7785540819168091
-0.22194473445415497 0.052352648228406906 -0.7865763902664185
-0.15256281197071075 0.035956330597400665 -0.7926331162452698
-0.08296869695186615 0.019511420279741287 -0.7967081069946289
-0.013607959263026714 0.00312320189550519 -0.7987867593765259
0.010252568870782852 -0.0012702433159574866 0.7985838651657104
-0.05675693228840828 0.01951713301241398 0.798644483089447
-0.12405030429363251 0.04038882628083229 0.7967168688774109
-0.19119702279567719 0.06121128052473068 0.7928019165992737
-0.257972776889801 0.08191492408514023 0.7869085669517517
-0.32418355345726013 0.10243961960077286 0.7790512442588806
-0.3896476924419403 0.12272903323173523 0.7692494988441467
-0.4541906416416168 0.14272905886173248 0.7575280070304871
-0.5176432728767395 0.16238729655742645 0.7439160943031311
-0.5798410177230835 0.1816527396440506 0.7284480929374695
-0.6406236290931702 0.2004757970571518 0.7111629247665405
-0.6998352408409119 0.2188081592321396 0.692104160785675
-0.7573248147964478 0.23660306632518768 0.6713199615478516
-0.8129459023475647 0.2538151741027832 0.6488626599311829
-0.8665570020675659 0.270400732755661 0.6247889399528503
-0.9180222153663635 0.2863176763057709 0.5991597771644592
-0.9672109484672546 0.30152562260627747 0.5720399022102356
-1.0139988660812378 0.31598609685897827 0.5434979200363159
-1.0582672357559204 0.3296624720096588 0.5136061906814575
-1.0999045372009277 0.34252023696899414 0.4824405014514923
-1.1388053894042969 0.3545268774032593 0.4500799775123596
-1.1748716831207275 0.36565205454826355 0.41660699248313904
-1.2080121040344238 0.37586772441864014 0.3821069598197937
-1.2381433248519897 0.3851480782032013 0.3466681241989136
-1.2651890516281128 0.3934696912765503 0.31038153171539307
-1.2890812158584595 0.4008115828037262 0.27334100008010864
-1.3097593784332275 0.40715524554252625 0.2356431484222412
-1.3271714448928833 0.41248464584350586 0.1973874717950821
-1.341273307800293 0.4167863726615906 0.15867732465267181
-1.3520294427871704 0.4200494885444641 0.11962150782346725
-1.3594123125076294 0.42226576805114746 0.0803396925330162
-1.3634024858474731 0.4234294593334198 0.040986839681863785
-1.3639874458312988 0.4235371947288513 0.0018246150575578213
-1.3611745834350586 0.4225902557373047 -0.03763565793633461
-1.3549684286117554 0.4205906391143799 -0.07713205367326736
-1.345383882522583 0.4175432324409485 -0.11650907248258591
-1.3324447870254517 0.41345563530921936 -0.1556462198495865
-1.3161835670471191 0.40833815932273865 -0.19443359971046448
-1.2966411113739014 0.40220361948013306 -0.23276658356189728
-1.2738665342330933 0.3950674831867218 -0.27054399251937866
-1.2479174137115479 0.38694778084754944 -0.30766740441322327
-1.2188588380813599 0.37786492705345154 -0.3440409004688263
-1.1867644786834717 0.3678418695926666 -0.3795710504055023
-1.1517150402069092 0.35690391063690186 -0.41416698694229126
-1.113798975944519 0.34507861733436584 -0.44774049520492554
-1.0731122493743896 0.33239588141441345 -0.48020613193511963
-1.0297574996948242 0.31888774037361145 -0.511481523513794
-0.9838441610336304 0.30458828806877136 -0.5414872765541077
-0.9354885816574097 0.2895337641239166 -0.5701475143432617
-0.884813129901886 0.27376222610473633 -0.5973895192146301
-0.8319463729858398 0.25731372833251953 -0.6231445670127869
-0.7770222425460815 0.24022994935512543 -0.6473474502563477
-0.7201805710792542 0.22255434095859528 -0.669937014579773
-0.6615661382675171 0.20433193445205688 -0.6908563375473022
-0.601328432559967 0.18560922145843506 -0.710052490234375
-0.5396220684051514 0.16643425822257996 -0.7274770140647888
-0.4766058921813965 0.1468563824892044 -0.7430859804153442
-0.41244345903396606 0.12692642211914062 -0.7568398118019104
-0.34730294346809387 0.10669659823179245 -0.7687038779258728
-0.2813580632209778 0.0862208679318428 -0.7786480188369751
-0.21478985249996185 0.06555543094873428 -0.7866469621658325
-0.14779172837734222 0.044760335236787796 -0.7926801443099976
-0.08058767020702362 0.023905087262392044 -0.7967315912246704
-0.013607961125671864 0.0031231981702148914 -0.7987867593765259
0.010252566076815128 -0.0012702466920018196 0.7985838651657104
-0.05377376824617386 0.023624589666724205 0.7986112236976624
-0.11807266622781754 0.04861932247877121 0.796650230884552
-0.18223275244235992 0.07355400919914246 0.7927019596099854
-0.24603968858718872 0.09834533929824829 0.786775529384613
-0.30930814146995544 0.12292128056287766 0.7788853645324707
-0.3718644678592682 0.1472143977880478 0.769051194190979
-0.4335418939590454 0.17115990817546844 0.7572977542877197
-0.494178831577301 0.19469507038593292 0.7436544299125671
-0.5536178946495056 0.21775881946086884 0.7281556725502014
-0.6117060780525208 0.2402917593717575 0.7108404636383057
-0.6682944297790527 0.2622361183166504 0.6917524933815002
-0.7232385277748108 0.2835358679294586 0.6709398627281189
-0.7763983607292175 0.3041367530822754 0.6484551429748535
-0.8276388049125671 0.3239864110946655 0.6243550181388855
-0.8768299221992493 0.3430344760417938 0.5987004637718201
-0.923846960067749 0.3612326681613922 0.5715563893318176
-0.96857088804245 0.3785349130630493 0.5429913997650146
-1.0108884572982788 0.3948974013328552 0.5130779147148132
-1.0506929159164429 0.4102787971496582 0.4818917512893677
-1.087883472442627 0.4246402680873871 0.44951218366622925
-1.1223663091659546 0.43794551491737366 0.41602155566215515
-1.1540544033050537 0.4501609802246094 0.3815053105354309
-1.1828678846359253 0.461255818605423 0.34605178236961365
-1.2087336778640747 0.47120198607444763 0.3097520172595978
-1.2315868139266968 0.4799744784832001 0.27269992232322693
-1.2513694763183594 0.48755109310150146 0.23499207198619843
-1.2680318355560303 0.4939127564430237 0.19672805070877075
-1.2815316915512085 0.49904340505599976 0.15801118314266205
-1.2918349504470825 0.5029301047325134 0.11895031481981277
-1.2989152669906616 0.505562961101532 0.07966512441635132
-1.3027539253234863 0.506935179233551 0.040310587733983994
-1.3033390045166016 0.5070428848266602 0.0011483612470328808
-1.3006775379180908 0.5058874487876892 -0.0383102223277092
-1.2947739362716675 0.5034712553024292 -0.07780324667692184
-1.2856422662734985 0.49980029463768005 -0.11717521399259567
-1.2733051776885986 0.4948837459087372 -0.15630564093589783
-1.257793664932251 0.4887339770793915 -0.19508467614650726
-1.2391467094421387 0.48136648535728455 -0.23340767621994019
-1.2174111604690552 0.47279977798461914 -0.27117350697517395
-1.1926418542861938 0.4630555212497711 -0.3082837462425232
-1.1649011373519897 0.4521581828594208 -0.3446425497531891
-1.1342591047286987 0.4401353597640991 -0.3801564872264862
-1.1007930040359497 0.42701730132102966 -0.41473478078842163
-1.0645873546600342 0.4128372073173523 -0.4482892155647278
-1.025733470916748 0.39763081073760986 -0.4807344079017639
-0.9843295216560364 0.3814365565776825 -0.5119880437850952
-0.94048011302948 0.3642953336238861 -0.5419708490371704
-0.8942962884902954 0.3462505638599396 -0.5706068277359009
-0.8458949327468872 0.32734790444374084 -0.597823441028595
-0.7953988313674927 0.3076353073120117 -0.6235520839691162
-0.7429359555244446 0.28716275095939636 -0.6477275490760803
-0.688639760017395 0.2659823000431061 -0.6702887415885925
-0.6326485872268677 0.2441479116678238 -0.6911787986755371
-0.5751053094863892 0.2217153012752533 -0.7103449106216431
-0.5161575675010681 0.19874203205108643 -0.7277386784553528
-0.4559571444988251 0.17528723180294037 -0.7433161735534668
-0.39466023445129395 0.15141178667545319 -0.7570381164550781
-0.3324275314807892 0.12717826664447784 -0.7688697576522827
-0.26942500472068787 0.10265127569437027 -0.7787811160087585
-0.2058255821466446 0.07789815962314606 -0.7867469191551208
-0.14181408286094666 0.052990835160017014 -0.7927468419075012
-0.0776045024394989 0.02801254577934742 -0.7967648506164551
-0.013607963919639587 0.0031231949105858803 -0.7987867593765259
0.010252563282847404 -0.001270249835215509 0.7985838651657104
-0.050205446779727936 0.027440380305051804 0.7985683679580688
-0.11092248558998108 0.05626538023352623 0.7965644598007202
-0.17151010036468506 0.08502029627561569 0.7925732731819153
-0.23176589608192444 0.11360903829336166 0.7866042852401733
-0.2915148437023163 0.14194856584072113 0.77867192029953
-0.3505930006504059 0.169961079955101 0.7687960267066956
-0.4088428020477295 0.19757191836833954 0.7570014595985413
-0.4661116898059845 0.2247087061405182 0.743317723274231
-0.5222510099411011 0.25130102038383484 0.7277793884277344
-0.5771162509918213 0.27728042006492615 0.7104255557060242
-0.6305667161941528 0.3025802671909332 0.6912998557090759
-0.6824659705162048 0.32713598012924194 0.670450747013092
-0.7326818704605103 0.3508850336074829 0.6479306817054749
-0.7810866832733154 0.3737669885158539 0.6237965226173401
-0.8275576233863831 0.3957238793373108 0.5981094241142273
-0.871976912021637 0.41669994592666626 0.5709341168403625
-0.914232075214386 0.4366421699523926 0.5423395037651062
-0.9542161822319031 0.4555000364780426 0.5123980045318604
-0.9918281435966492 0.4732258915901184 0.4811856150627136
-1.026973009109497 0.4897749722003937 0.44878146052360535
-1.0595619678497314 0.5051054954528809 0.4152681231498718
-1.0895127058029175 0.5191786885261536 0.3807310461997986
-1.116749882698059 0.5319591760635376 0.34525859355926514
-1.1412043571472168 0.5434145927429199 0.30894193053245544
-1.1628146171569824 0.5535160303115845 0.27187493443489075
-1.1815261840820312 0.5622380971908569 0.23415422439575195
-1.1972917318344116 0.5695586800575256 0.19587942957878113
-1.2100715637207031 0.5754594206809998 0.1571539342403412
-1.2198330163955688 0.5799254179000854 0.1180865615606308
-1.2265515327453613 0.5829452276229858 0.07879703491926193
-1.2302089929580688 0.5845112204551697 0.039440322667360306
-1.2307939529418945 0.5846189260482788 0.0002780966751743108
-1.228313684463501 0.5832697153091431 -0.03917831555008888
-1.2227720022201538 0.5804665684700012 -0.07866699248552322
-1.2141821384429932 0.5762163400650024 -0.11803246289491653
-1.2025651931762695 0.5705296993255615 -0.15715424716472626
-1.1879504919052124 0.5634209513664246 -0.19592252373695374
-1.1703746318817139 0.554908037185669 -0.23423267900943756
-1.1498818397521973 0.545012354850769 -0.2719835937023163
-1.1265238523483276 0.5337588787078857 -0.3090769052505493
-1.1003594398498535 0.5211759209632874 -0.3454168140888214
-1.0714547634124756 0.5072953104972839 -0.38090991973876953
-1.0398825407028198 0.49215203523635864 -0.41546547412872314
-1.0057225227355957 0.4757842719554901 -0.4489953815937042
-0.9690611362457275 0.45823344588279724 -0.4814142882823944
-0.9299907088279724 0.43954381346702576 -0.5126398801803589
-0.8886100649833679 0.41976261138916016 -0.5425930619239807
-0.845024049282074 0.39893996715545654 -0.5711978673934937
-0.7993428111076355 0.3771284818649292 -0.5983819365501404
-0.7516823410987854 0.35438358783721924 -0.6240765452384949
-0.7021634578704834 0.3307628631591797 -0.6482166647911072
-0.6509120464324951 0.3063264489173889 -0.6707413196563721
-0.5980587601661682 0.28113657236099243 -0.6915937662124634
-0.5437384247779846 0.2552575170993805 -0.7107211947441101
-0.488090455532074 0.2287556529045105 -0.728075385093689
-0.43125805258750916 0.20169922709465027 -0.7436124682426453
-0.37338876724243164 0.1741584688425064 -0.7572932839393616
-0.3146342635154724 0.14620552957057953 -0.7690832018852234
-0.2551512122154236 0.11791497468948364 -0.7789523005485535
-0.19510293006896973 0.0893644392490387 -0.7868755459785461
-0.1346639096736908 0.060636889189481735 -0.792832612991333
-0.07403618097305298 0.03182833641767502 -0.7968076467514038
-0.013607966713607311 0.003123191650956869 -0.7987867593765259
0.010252559557557106 -0.0012702527455985546 0.7985838651657104
-0.04607061669230461 0.03095310367643833 0.7985162734985352
-0.10263713449239731 0.06330415606498718 0.7964600324630737
-0.15908512473106384 0.09557587653398514 0.7924167513847351
-0.21522599458694458 0.12766043841838837 0.7863958477973938
-0.27089670300483704 0.15946461260318756 0.7784121036529541
-0.3259444534778595 0.19090113043785095 0.768485426902771
-0.38022249937057495 0.22188617289066315 0.7566407918930054
-0.4335886240005493 0.2523385286331177 0.7429079413414001
-0.485904335975647 0.28217917680740356 0.7273213863372803
-0.5370349884033203 0.3113313317298889 0.7099204659461975
-0.5868493914604187 0.3397201597690582 0.6907489895820618
-0.6352204084396362 0.367273211479187 0.6698554158210754
-0.6820249557495117 0.393920361995697 0.6472923755645752
-0.7271438837051392 0.41959381103515625 0.6231168508529663
-0.7704628705978394 0.44422847032546997 0.5973899960517883
-0.8118720054626465 0.4677618145942688 0.5701767802238464
-0.8512664437294006 0.4901343584060669 0.541546106338501
-0.8885465264320374 0.5112893581390381 0.5115705728530884
-0.9236180186271667 0.5311734676361084 0.4803261160850525
-0.9563923478126526 0.5497364401817322 0.44789209961891174
-0.9867867231369019 0.5669313669204712 0.41435110569000244
-1.0147243738174438 0.5827147960662842 0.37978866696357727
-1.0401349067687988 0.5970470309257507 0.3442932069301605
-1.062954068183899 0.6098917722702026 0.30795592069625854
-1.0831242799758911 0.6212166547775269 0.27087077498435974
-1.1005946397781372 0.630993127822876 0.2331344187259674
-1.1153210401535034 0.6391965746879578 0.19484654068946838
-1.12726628780365 0.6458061933517456 0.15611052513122559
-1.1364001035690308 0.6508054137229919 0.11703524738550186
-1.1426992416381836 0.6541815400123596 0.07774043083190918
-1.1461467742919922 0.6559258699417114 0.038381073623895645
-1.1467318534851074 0.6560335755348206 -0.0007811518735252321
-1.1444615125656128 0.6545060276985168 -0.04023491591215134
-1.1393390893936157 0.6513465642929077 -0.07971831411123276
-1.13137686252594 0.6465631127357483 -0.11907587200403214
-1.1205945014953613 0.6401675343513489 -0.1581871509552002
-1.1070188283920288 0.6321760416030884 -0.19694232940673828
-1.090684175491333 0.6226086616516113 -0.23523683845996857
-1.0716315507888794 0.6114895343780518 -0.2729696035385132
-1.049908995628357 0.5988467335700989 -0.3100423216819763
-1.0255711078643799 0.584712028503418 -0.3463591933250427
-0.998679518699646 0.5691211819648743 -0.3818269371986389
-0.9693019390106201 0.5521134734153748 -0.41635483503341675
-0.9375124573707581 0.5337318778038025 -0.44985488057136536
-0.9033914804458618 0.5140227675437927 -0.48224174976348877
-0.8670250773429871 0.4930359721183777 -0.5134333372116089
-0.8285051584243774 0.4708244800567627 -0.5433504581451416
-0.7879292368888855 0.4474445581436157 -0.5719172954559326
-0.7454000115394592 0.42295530438423157 -0.5990616083145142
-0.7010254263877869 0.39741891622543335 -0.6247148513793945
-0.6549178957939148 0.37090012431144714 -0.6488119959831238
-0.607194721698761 0.3434663414955139 -0.6712921857833862
-0.5579774379730225 0.3151874542236328 -0.6920987963676453
-0.5073917508125305 0.2861356735229492 -0.7111791968345642
-0.4555673599243164 0.25638547539711 -0.7284851670265198
-0.4026377201080322 0.22601348161697388 -0.7439731359481812
-0.34874022006988525 0.19509851932525635 -0.7576038837432861
-0.2940160930156708 0.16372159123420715 -0.7693430185317993
-0.23861131072044373 0.13196636736392975 -0.779160737991333
-0.18267793953418732 0.09992002695798874 -0.7870321273803711
-0.12637856602668762 0.06767566502094269 -0.7929369807243347
-0.06990135461091995 0.035341061651706696 -0.7968597412109375
-0.01360797043889761 0.0031231888569891453 -0.7987867593765259
0.010252555832266808 -0.0012702553067356348 0.7985838651657104
-0.04138883575797081 0.03414887934923172 0.7984551787376404
-0.09325581043958664 0.06970783323049545 0.7963374853134155
-0.14501656591892242 0.10517904162406921 0.7922329902648926
-0.19649820029735565 0.14044398069381714 0.7861512899398804
-0.24755117297172546 0.17540021240711212 0.778107225894928
-0.2980354130268097 0.20995178818702698 0.7681209444999695
-0.3478162884712219 0.24400657415390015 0.7562175989151001
-0.3967633843421936 0.2774753272533417 0.7424269914627075
-0.44474971294403076 0.3102712333202362 0.7267839312553406
-0.491651713848114 0.342309832572937 0.709327757358551
-0.5373491048812866 0.37350893020629883 0.6901025176048279
-0.5817252397537231 0.4037889242172241 0.6691567897796631
-0.6246671676635742 0.43307268619537354 0.6465433239936829
-0.6660655736923218 0.46128571033477783 0.6223191618919373
-0.7058156132698059 0.4883565306663513 0.5965456962585449
-0.7438163757324219 0.514216423034668 0.5692879557609558
-0.779971718788147 0.5387999415397644 0.5406150221824646
-0.8141900897026062 0.5620449185371399 0.5105994343757629
-0.8463850617408752 0.5838925242424011 0.47931745648384094
-0.8764752745628357 0.6042876243591309 0.44684839248657227
-0.9043847918510437 0.6231787204742432 0.41327494382858276
-0.9300430417060852 0.640518069267273 0.3786827325820923
-0.9533854126930237 0.6562620401382446 0.3431602418422699
-0.9743527770042419 0.6703707575798035 0.3067987859249115
-0.9928923845291138 0.6828086972236633 0.2696923315525055
-1.0089573860168457 0.6935445070266724 0.23193764686584473
-1.0225073099136353 0.7025510668754578 0.19363439083099365
-1.0335077047348022 0.7098056674003601 0.15488603711128235
-1.0419307947158813 0.7152900099754333 0.11580148339271545
-1.0477550029754639 0.7189902067184448 0.07650046050548553
-1.0509649515151978 0.72089684009552 0.03713800385594368
-1.0515499114990234 0.7210045456886292 -0.002024222631007433
-1.049517273902893 0.719314694404602 -0.04147488251328468
-1.0448697805404663 0.7158311605453491 -0.08095207810401917
-1.0376182794570923 0.710562527179718 -0.12030035257339478
-1.0277806520462036 0.7035220265388489 -0.15939928591251373
-1.0153816938400269 0.69472736120224 -0.19813910126686096
-1.0004522800445557 0.6842007040977478 -0.23641525208950043
-0.9830303192138672 0.6719685196876526 -0.27412673830986023
-0.963159441947937 0.6580617427825928 -0.31117525696754456
-0.9408897757530212 0.6425153017044067 -0.3474651277065277
-0.9162775874137878 0.6253685355186462 -0.3829030990600586
-0.8893848657608032 0.6066646575927734 -0.4173985421657562
-0.8602795600891113 0.5864508748054504 -0.4508635401725769
-0.8290350437164307 0.5647783279418945 -0.4832128584384918
-0.7957303524017334 0.54170161485672 -0.5143644213676453
-0.7604495882987976 0.5172790884971619 -0.5442392230033875
-0.723281979560852 0.49157261848449707 -0.572761595249176
-0.6843217611312866 0.46464723348617554 -0.5998592972755432
-0.6436676383018494 0.43657124042510986 -0.6254639029502869
-0.6014226675033569 0.40741580724716187 -0.6495106220245361
-0.5576944351196289 0.3772551119327545 -0.6719386577606201
-0.5125942230224609 0.3461659550666809 -0.6926915049552917
-0.4662371277809143 0.3142277002334595 -0.7117166519165039
-0.4187421500682831 0.28152230381965637 -0.7289661169052124
-0.3702315390110016 0.24813389778137207 -0.7443963885307312
-0.32083117961883545 0.21414917707443237 -0.7579683661460876
-0.2706705927848816 0.1796571910381317 -0.7696478962898254
-0.2198835164308548 0.14474992454051971 -0.7794053554534912
-0.1686093956232071 0.10952319204807281 -0.7872158288955688
-0.11699723452329636 0.07407934218645096 -0.7930595278739929
-0.06521956622600555 0.038536835461854935 -0.796920895576477
-0.013607974164187908 0.003123186295852065 -0.7987867593765259
0.010252552106976509 -0.0012702576350420713 0.7985838651657104
-0.03617918863892555 0.03701323643326759 0.7983852028846741
-0.08281674981117249 0.07544741034507751 0.7961973547935486
-0.1293618083000183 0.11378630250692368 0.7920228242874146
-0.17565888166427612 0.15190181136131287 0.7858715057373047
-0.22157350182533264 0.189683198928833 0.7777584791183472
-0.2669796645641327 0.2270267754793167 0.7677040100097656
-0.31175634264945984 0.2638329565525055 0.7557334899902344
-0.35578620433807373 0.30000531673431396 0.7418768405914307
-0.39895498752593994 0.3354499936103821 0.7261691093444824
-0.44115158915519714 0.37007567286491394 0.7086498141288757
-0.4822677671909332 0.403793603181839 0.6893630623817444
-0.5221986174583435 0.43651771545410156 0.6683576107025146
-0.5608423948287964 0.46816468238830566 0.6456864476203918
-0.5981008410453796 0.49865394830703735 0.6214067339897156
-0.633879542350769 0.5279082655906677 0.5955799221992493
-0.6680876612663269 0.5558534264564514 0.568271279335022
-0.7006386518478394 0.58241868019104 0.5395499467849731
-0.7314501404762268 0.607536792755127 0.5094886422157288
-0.7604442834854126 0.6311442852020264 0.4781636893749237
-0.787547767162323 0.6531815528869629 0.4456545412540436
-0.8126922249794006 0.6735929250717163 0.412043958902359
-0.8358140587806702 0.6923268437385559 0.3774176836013794
-0.856855034828186 0.7093361616134644 0.34186431765556335
-0.8757619261741638 0.7245777249336243 0.3054752051830292
-0.892487108707428 0.7380133271217346 0.26834437251091003
-0.906988263130188 0.7496089339256287 0.23056869208812714
-0.9192288517951965 0.7593353390693665 0.19224786758422852
-0.9291778802871704 0.7671680450439453 0.15348540246486664
-0.9368101358413696 0.773087203502655 0.11439021676778793
-0.9421060085296631 0.7770779132843018 0.07508210837841034
-0.9450514316558838 0.7791299223899841 0.03571609780192375
-0.9456363916397095 0.7792376279830933 -0.0034461270552128553
-0.9438682794570923 0.777402400970459 -0.04289323836565018
-0.9397491216659546 0.7736283540725708 -0.08236333727836609
-0.9332884550094604 0.7679249048233032 -0.12170100212097168
-0.9245022535324097 0.7603062987327576 -0.16078582406044006
-0.9134125113487244 0.7507917881011963 -0.19950805604457855
-0.9000470042228699 0.7394053339958191 -0.2377632111310959
-0.8844394683837891 0.7261755466461182 -0.27545031905174255
-0.8666291236877441 0.7111358046531677 -0.3124712109565735
-0.8466607928276062 0.6943240761756897 -0.3487301766872406
-0.8245850205421448 0.6757827401161194 -0.38413408398628235
-0.8004573583602905 0.6555585861206055 -0.4185924232006073
-0.7743387222290039 0.6337026953697205 -0.45201730728149414
-0.7462950944900513 0.6102702021598816 -0.484323650598526
-0.7163972854614258 0.5853202939033508 -0.5154294967651367
-0.6847208142280579 0.5589160919189453 -0.5452558994293213
-0.6513459086418152 0.5311243534088135 -0.5737273693084717
-0.6163569688796997 0.5020154714584351 -0.6007717251777649
-0.5798428654670715 0.471663236618042 -0.6263207793235779
-0.5418960452079773 0.4401446282863617 -0.6503098011016846
-0.5026130676269531 0.40753981471061707 -0.6726781129837036
-0.46209409832954407 0.3739318251609802 -0.693369448184967
-0.4204424023628235 0.33940646052360535 -0.7123314738273621
-0.3777649700641632 0.3040522634983063 -0.7295162081718445
-0.3341715931892395 0.2679602801799774 -0.7448804974555969
-0.28977546095848083 0.2312241643667221 -0.7583853006362915
-0.24469290673732758 0.1939401775598526 -0.7699966430664062
-0.19904419779777527 0.15620775520801544 -0.7796850800514221
-0.15295463800430298 0.11813045293092728 -0.7874259948730469
-0.1065581738948822 0.07981891930103302 -0.7931996583938599
-0.060009922832250595 0.04140118882060051 -0.7969908118247986
-0.013607977889478207 0.0031231839675456285 -0.7987867593765259
0.010252546519041061 -0.0012702597305178642 0.7985838651657104
-0.03045794926583767 0.039532337337732315 0.7983067035675049
-0.07135256379842758 0.08049517124891281 0.7960399985313416
-0.11216973513364792 0.12135609984397888 0.7917868494987488
-0.15277311205863953 0.1619785875082016 0.7855573892593384
-0.1930447816848755 0.2022445946931839 0.7773668766021729
-0.23287422955036163 0.2420436590909958 0.7672358751296997
-0.2721552550792694 0.2812696099281311 0.7551898956298828
-0.3107849955558777 0.31981968879699707 0.7412591576576233
-0.34866318106651306 0.357593834400177 0.7254788279533386
-0.385692298412323 0.39449483156204224 0.7078885436058044
-0.4217773675918579 0.4304279685020447 0.6885327696800232
-0.4568263292312622 0.46530160307884216 0.6674603223800659
-0.49074992537498474 0.499026894569397 0.6447243094444275
-0.5234618782997131 0.5315180420875549 0.6203821897506714
-0.5548791885375977 0.5626927018165588 0.5944955348968506
-0.5849222540855408 0.592471718788147 0.5671297311782837
-0.6135150194168091 0.6207798719406128 0.5383540391921997
-0.6405850648880005 0.647545337677002 0.5082414150238037
-0.6660639643669128 0.6727005839347839 0.4768681824207306
-0.6898874640464783 0.6961820721626282 0.44431400299072266
-0.7119953036308289 0.7179304957389832 0.4106617569923401
-0.7323316931724548 0.737890899181366 0.37599727511405945
-0.7508453130722046 0.7560129761695862 0.34040918946266174
-0.7674893140792847 0.7722509503364563 0.3039889931678772
-0.7822218537330627 0.7865638732910156 0.26683083176612854
-0.7950056791305542 0.798915684223175 0.22903157770633698
-0.805808424949646 0.8092751502990723 0.1906910240650177
-0.814602792263031 0.8176162838935852 0.15191270411014557
-0.8213664889335632 0.8239178657531738 0.11280559748411179
-0.826082170009613 0.8281640410423279 0.07348952442407608
-0.8287370800971985 0.8303439617156982 0.03411952778697014
-0.8293220400810242 0.8304517269134521 -0.005042698234319687
-0.8278444409370422 0.8284885287284851 -0.044485822319984436
-0.8243054747581482 0.8244590163230896 -0.08394795656204224
-0.818713366985321 0.8183731436729431 -0.12327369302511215
-0.8110818266868591 0.8102461695671082 -0.16234266757965088
-0.8014298677444458 0.8000985980033875 -0.2010451704263687
-0.7897818088531494 0.7879558801651001 -0.23927675187587738
-0.7761668562889099 0.7738487124443054 -0.27693653106689453
-0.7606193423271179 0.7578126788139343 -0.3139263391494751
-0.7431784272193909 0.7398881316184998 -0.35015061497688293
-0.723888099193573 0.7201203107833862 -0.38551628589630127
-0.7027970552444458 0.6985591650009155 -0.41993293166160583
-0.6799584031105042 0.675258994102478 -0.45331278443336487
-0.6554299592971802 0.6502787470817566 -0.48557090759277344
-0.6292736530303955 0.6236814856529236 -0.5166253447532654
-0.6015554070472717 0.5955343842506409 -0.5463974475860596
-0.5723455548286438 0.5659087896347046 -0.5748117566108704
-0.5417180061340332 0.5348795652389526 -0.6017962694168091
-0.5097503662109375 0.5025254487991333 -0.6272829174995422
-0.476523756980896 0.4689284861087799 -0.6512070894241333
-0.4421226978302002 0.43417415022850037 -0.6735084652900696
-0.40663477778434753 0.39835095405578613 -0.6941307187080383
-0.3701505959033966 0.36155030131340027 -0.7130217552185059
-0.33276376128196716 0.3238666355609894 -0.7301339507102966
-0.2945705056190491 0.285396933555603 -0.7454240322113037
-0.2556700110435486 0.24624103307724 -0.7588534355163574
-0.21616418659687042 0.2065015733242035 -0.7703882455825806
-0.17615842819213867 0.16628451645374298 -0.7799992561340332
-0.135762557387352 0.12570025026798248 -0.7876619696617126
-0.0950939878821373 0.08486668020486832 -0.7933570146560669
-0.05428868532180786 0.04392029345035553 -0.7970693707466125
-0.013607983477413654 0.0031231818720698357 -0.7987867593765259
0.010252541862428188 -0.0012702614767476916 0.7985838651657104
-0.024234255775809288 0.04169391840696335 0.7982196807861328
-0.058881569653749466 0.08482653647661209 0.7958656549453735
-0.09346780925989151 0.12785154581069946 0.7915253639221191
-0.12787745893001556 0.1706252098083496 0.7852092385292053
-0.16201059520244598 0.21302323043346405 0.776932954788208
-0.19577355682849884 0.25492924451828003 0.7667171359062195
-0.2290763258934021 0.29623153805732727 0.7545875906944275
-0.261831670999527 0.33682188391685486 0.7405747175216675
-0.29395461082458496 0.3765949308872223 0.7247138619422913
-0.3253624141216278 0.41544827818870544 0.7070450186729431
-0.35597455501556396 0.45328226685523987 0.6876127123832703
-0.3857129216194153 0.49000033736228943 0.6664659976959229
-0.41450178623199463 0.5255089998245239 0.6436582207679749
-0.44226789474487305 0.5597178936004639 0.6192469596862793
-0.4689408838748932 0.5925403237342834 0.5932939648628235
-0.4944530725479126 0.6238930225372314 0.5658648014068604
-0.5187399387359619 0.6536966562271118 0.5370289087295532
-0.5417399406433105 0.6818757057189941 0.5068593621253967
-0.5633949637413025 0.7083590626716614 0.4754326641559601
-0.5836503505706787 0.7330797910690308 0.44282859563827515
-0.6024549603462219 0.7559754848480225 0.40913015604019165
-0.6197612285614014 0.7769882678985596 0.3744232952594757
-0.6355255246162415 0.7960652709007263 0.3387967646121979
-0.6497079730033875 0.8131581544876099 0.30234217643737793
-0.6622728705406189 0.8282239437103271 0.265153706073761
-0.6731884479522705 0.8412246108055115 0.2273283153772354
-0.6824271082878113 0.8521273136138916 0.18896588683128357
-0.6899654865264893 0.8609046339988708 0.15017001330852509
-0.6957843899726868 0.8675343990325928 0.11104969680309296
-0.6998688578605652 0.8719998002052307 0.0717247948050499
-0.7022077441215515 0.8742895126342773 0.03235037997364998
-0.7027927041053772 0.8743972182273865 -0.006811846047639847
-0.7016310691833496 0.8723242878913879 -0.04625055193901062
-0.6987233757972717 0.8680755496025085 -0.08570386469364166
-0.6940760612487793 0.8616614937782288 -0.12501639127731323
-0.6877005100250244 0.8530983328819275 -0.164067804813385
-0.6796126961708069 0.8424074649810791 -0.20274843275547028
-0.6698328256607056 0.8296159505844116 -0.24095389246940613
-0.6583855152130127 0.814755916595459 -0.2785833477973938
-0.6452995538711548 0.7978649735450745 -0.3155387341976166
-0.6306079626083374 0.7789855003356934 -0.3517245948314667
-0.6143477559089661 0.7581652998924255 -0.3870478868484497
-0.5965599417686462 0.7354568243026733 -0.42141836881637573
-0.5772894620895386 0.7109174728393555 -0.45474833250045776
-0.556584894657135 0.6846091151237488 -0.4869529604911804
-0.5344985723495483 0.6565982699394226 -0.5179505348205566
-0.5110862255096436 0.6269556879997253 -0.5476624369621277
-0.4864072799682617 0.5957564115524292 -0.5760133266448975
-0.4605240225791931 0.5630794167518616 -0.602931559085846
-0.4335022270679474 0.5290075540542603 -0.6283490061759949
-0.40541037917137146 0.4936272203922272 -0.6522014141082764
-0.37631988525390625 0.45702844858169556 -0.6744285225868225
-0.34630492329597473 0.41930440068244934 -0.6949742436408997
-0.3154420256614685 0.38055139780044556 -0.7137867212295532
-0.28381043672561646 0.34086883068084717 -0.7308183908462524
-0.25149157643318176 0.3003588616847992 -0.7460263967514038
-0.2185693383216858 0.2591266334056854 -0.7593721747398376
-0.18513000011444092 0.21728020906448364 -0.7708221673965454
-0.1512627750635147 0.174931138753891 -0.7803473472595215
-0.11706063151359558 0.13219569623470306 -0.7879235148429871
-0.08262299001216888 0.0891980454325676 -0.7935314178466797
-0.04806499183177948 0.04608187451958656 -0.7971563935279846
-0.013607988134026527 0.0031231800094246864 -0.7987867593765259
0.01025253627449274 -0.0012702629901468754 0.7985838651657104
-0.01750117354094982 0.043488215655088425 0.7981240153312683
-0.04538985714316368 0.08842194080352783 0.7956739664077759
-0.07323519140481949 0.13324333727359772 0.7912379503250122
-0.10094418376684189 0.1778026521205902 0.7848266959190369
-0.1284363567829132 0.22197042405605316 0.7764560580253601
-0.15563631057739258 0.2656254470348358 0.7661470174789429
-0.18247151374816895 0.30865126848220825 0.7539255619049072
-0.20887167751789093 0.3509351909160614 0.7398224472999573
-0.23476830124855042 0.39236748218536377 0.7238731384277344
-0.2600947320461273 0.4328414499759674 0.7061179280281067
-0.28478601574897766 0.47225329279899597 0.6866015195846558
-0.30877912044525146 0.5105024576187134 0.6653732061386108
-0.33201295137405396 0.5474914312362671 0.6424865126609802
-0.3544284701347351 0.5831262469291687 0.6179991960525513
-0.3759687840938568 0.617316484451294 0.5919733047485352
-0.3965792655944824 0.6499754190444946 0.5644745230674744
-0.41620779037475586 0.6810204386711121 0.5355724692344666
-0.43480464816093445 0.7103729248046875 0.5053403973579407
-0.4523228406906128 0.7379586696624756 0.4738549292087555
-0.46871811151504517 0.7637081146240234 0.4411960542201996
-0.48394906520843506 0.7875561118125916 0.40744683146476746
-0.49797719717025757 0.8094425201416016 0.37269341945648193
-0.5107671618461609 0.8293120861053467 0.33702465891838074
-0.522286593914032 0.8471146821975708 0.3005322217941284
-0.5325064659118652 0.8628054261207581 0.2633104622364044
-0.5414009094238281 0.8763446807861328 0.2254563421010971
-0.5489474534988403 0.8876982927322388 0.18706989288330078
-0.555126965045929 0.8968377709388733 0.14825470745563507
-0.5599237084388733 0.903739869594574 0.10911987721920013
-0.5633252859115601 0.908387303352356 0.06978527456521988
-0.5653223395347595 0.9107680916786194 0.030406001955270767
-0.5659072995185852 0.9108757972717285 -0.008756223134696484
-0.5650875568389893 0.9087117910385132 -0.04819007217884064
-0.5628626942634583 0.9042810201644897 -0.08763368427753448
-0.559237539768219 0.8975946307182312 -0.12693169713020325
-0.5542207956314087 0.8886693120002747 -0.1659637987613678
-0.5478250980377197 0.8775275349617004 -0.2046203911304474
-0.5400663614273071 0.8641974329948425 -0.2427971512079239
-0.5309640765190125 0.8487124443054199 -0.2803933024406433
-0.5205411911010742 0.8311117887496948 -0.3173108696937561
-0.5088239312171936 0.8114396929740906 -0.35345444083213806
-0.4958418607711792 0.7897459268569946 -0.3887312114238739
-0.4816277027130127 0.766085147857666 -0.4230509102344513
-0.4662173092365265 0.7405170798301697 -0.45632603764533997
-0.4496496021747589 0.7131062746047974 -0.4884719252586365
-0.4319664239883423 0.6839220523834229 -0.5194069147109985
-0.41321244835853577 0.6530380845069885 -0.5490526556968689
-0.39343515038490295 0.6205325722694397 -0.5773339867591858
-0.3726845979690552 0.5864877104759216 -0.6041792631149292
-0.3510134220123291 0.5509899854660034 -0.6295207142829895
-0.32847654819488525 0.5141293406486511 -0.6532942056655884
-0.30513131618499756 0.47599947452545166 -0.675439715385437
-0.28103721141815186 0.4366976022720337 -0.6959013342857361
-0.25625574588775635 0.39632394909858704 -0.7146274447441101
-0.2308504432439804 0.3549821376800537 -0.7315706610679626
-0.20488674938678741 0.3127785921096802 -0.7466883659362793
-0.17843209207057953 0.2698228359222412 -0.7599422931671143
-0.15155576169490814 0.22622740268707275 -0.7712990641593933
-0.12432949244976044 0.18210859596729279 -0.7807298898696899
-0.09682801365852356 0.13758748769760132 -0.7882108688354492
-0.0691312849521637 0.09279344975948334 -0.7937230467796326
-0.04133190959692001 0.04787617176771164 -0.7972519993782043
-0.013607993721961975 0.0031231786124408245 -0.7987867593765259
0.010252530686557293 -0.0012702641543000937 0.7985838651657104
-0.010213526897132397 0.044909510761499405 0.7980190515518188
-0.030786916613578796 0.09126992523670197 0.7954636812210083
-0.0513361319899559 0.13751427829265594 0.7909225821495056
-0.07179256528615952 0.18348804116249084 0.7844069004058838
-0.09209682047367096 0.2290576547384262 0.7759327292442322
-0.11219319701194763 0.27409806847572327 0.7655214071273804
-0.13202813267707825 0.318489134311676 0.7531991600990295
-0.15154968202114105 0.3621146082878113 0.7389969229698181
-0.17070718109607697 0.404861181974411 0.7229506373405457
-0.18945133686065674 0.446618914604187 0.7051005959510803
-0.20773406326770782 0.48728057742118835 0.6854918599128723
-0.2255087047815323 0.5267425179481506 0.6641740202903748
-0.2427300214767456 0.5649040937423706 0.6412007212638855
-0.25935420393943787 0.6016683578491211 0.6166300773620605
-0.2753390967845917 0.6369420886039734 0.5905241370201111
-0.29064419865608215 0.6706357002258301 0.5629489421844482
-0.3052307069301605 0.7026640772819519 0.533974289894104
-0.3190617263317108 0.7329460382461548 0.5036736130714417
-0.33210232853889465 0.7614050507545471 0.4721236526966095
-0.34431955218315125 0.7879692912101746 0.43940457701683044
-0.35568252205848694 0.8125717043876648 0.4055996835231781
-0.3661625385284424 0.8351500630378723 0.3707951605319977
-0.3757331967353821 0.8556475043296814 0.33508002758026123
-0.38437023758888245 0.8740122318267822 0.29854610562324524
-0.39205190539360046 0.8901979923248291 0.26128777861595154
-0.39875873923301697 0.9041638970375061 0.22340215742588043
-0.40447381138801575 0.915874719619751 0.184989333152771
-0.4091825783252716 0.9253010153770447 0.14615297317504883
-0.4128729999065399 0.9324188828468323 0.10700219869613647
-0.41553550958633423 0.9372104406356812 0.06765695661306381
-0.4171625077724457 0.9396634101867676 0.0282723568379879
-0.41774749755859375 0.9397711157798767 -0.010889868251979351
-0.41729775071144104 0.9375349283218384 -0.050318386405706406
-0.4158119857311249 0.9329600930213928 -0.08975135535001755
-0.41329312324523926 0.9260578751564026 -0.1290334314107895
-0.4097472131252289 0.9168457388877869 -0.16804435849189758
-0.40518295764923096 0.9053467512130737 -0.20667457580566406
-0.39961183071136475 0.8915899991989136 -0.24481983482837677
-0.3930477499961853 0.8756099939346313 -0.2823794186115265
-0.3855072557926178 0.8574472069740295 -0.3192554712295532
-0.3770093023777008 0.8371472358703613 -0.3553526997566223
-0.36757534742355347 0.8147615194320679 -0.39057835936546326
-0.3572291433811188 0.7903463244438171 -0.42484235763549805
-0.34599679708480835 0.7639634609222412 -0.45805734395980835
-0.3339066803455353 0.7356793880462646 -0.4901387095451355
-0.32098934054374695 0.7055656909942627 -0.5210050940513611
-0.3072773516178131 0.673698365688324 -0.550578236579895
-0.2928054928779602 0.6401581764221191 -0.5787831544876099
-0.2776103615760803 0.6050298810005188 -0.6055483818054199
-0.26173049211502075 0.5684026479721069 -0.6308064460754395
-0.24520614743232727 0.5303694009780884 -0.6544933915138245
-0.22807937860488892 0.49102675914764404 -0.6765493154525757
-0.21039383113384247 0.4504750370979309 -0.6969186663627625
-0.1921946108341217 0.40881767868995667 -0.7155499458312988
-0.17352843284606934 0.3661615550518036 -0.7323961853981018
-0.1544433832168579 0.32261645793914795 -0.7474148273468018
-0.13498897850513458 0.27829545736312866 -0.7605679035186768
-0.1152162179350853 0.2333146333694458 -0.7718223929405212
-0.09517787396907806 0.18779398500919342 -0.781149685382843
-0.07492895424365997 0.14185842871665955 -0.7885262370109558
-0.05452834069728851 0.09564143419265747 -0.7939333319664001
-0.034044262021780014 0.04929746687412262 -0.7973569631576538
-0.013607999309897423 0.0031231774482876062 -0.7987867593765259
0.010252523235976696 -0.0012702650856226683 0.7985838651657104
-0.0022115432657301426 0.0459604486823082 0.7979024052619934
-0.014752589166164398 0.0933757871389389 0.795229971408844
-0.027290519326925278 0.14067229628562927 0.7905721068382263
-0.03978349640965462 0.18769194185733795 0.783940315246582
-0.05219526216387749 0.23429811000823975 0.7753511071205139
-0.06449177861213684 0.28036290407180786 0.7648260593414307
-0.076640285551548 0.3257634937763214 0.7523918151855469
-0.08860896527767181 0.37038087844848633 0.7380794882774353
-0.10036677122116089 0.4140993356704712 0.7219253182411194
-0.11188344657421112 0.4568062424659729 0.7039699554443359
-0.1231294646859169 0.49839210510253906 0.6842586398124695
-0.13407611846923828 0.5387507677078247 0.6628413200378418
-0.14469555020332336 0.5777794122695923 0.6397717595100403
-0.1549607515335083 0.6153788566589355 0.6151084303855896
-0.16484569013118744 0.6514536738395691 0.58891361951828
-0.17432531714439392 0.6859124302864075 0.5612534880638123
-0.18337561190128326 0.7186678647994995 0.5321981310844421
-0.19197368621826172 0.7496370673179626 0.5018211007118225
-0.20009778439998627 0.7787418365478516 0.4701995253562927
-0.20772741734981537 0.8059085607528687 0.43741360306739807
-0.214843288064003 0.831068754196167 0.4035467803478241
-0.22142741084098816 0.8541587591171265 0.3686854839324951
-0.22746317088603973 0.8751205205917358 0.33291882276535034
-0.23293529450893402 0.8939008712768555 0.2963387668132782
-0.23782996833324432 0.910452663898468 0.2590397894382477
-0.24213479459285736 0.9247340559959412 0.22111919522285461
-0.24583885073661804 0.9367089867591858 0.18267704546451569
-0.24893268942832947 0.9463473558425903 0.14381714165210724
-0.2514083683490753 0.9536247849464417 0.10464867204427719
-0.2532593011856079 0.9585229158401489 0.06529159843921661
-0.2544800341129303 0.9610292315483093 0.025901073589920998
-0.255064994096756 0.9611369371414185 -0.013261153362691402
-0.2550215423107147 0.9588474035263062 -0.0526837520301342
-0.2543473541736603 0.9541659355163574 -0.09210488945245743
-0.2530432641506195 0.9471042156219482 -0.13136926293373108
-0.2511122524738312 0.9376800060272217 -0.1703566461801529
-0.24855901300907135 0.9259169101715088 -0.20895755290985107
-0.2453898936510086 0.9118446707725525 -0.24706779420375824
-0.24161280691623688 0.8954986929893494 -0.28458675742149353
-0.23723722994327545 0.876920223236084 -0.3214166760444641
-0.2322741448879242 0.8561559915542603 -0.35746240615844727
-0.22673609852790833 0.8332585692405701 -0.39263126254081726
-0.2206370085477829 0.8082855939865112 -0.4268333613872528
-0.21399225294589996 0.7813001871109009 -0.45998144149780273
-0.20681864023208618 0.7523704767227173 -0.49199119210243225
-0.1991342455148697 0.7215694785118103 -0.5227813124656677
-0.19095848500728607 0.6889750957489014 -0.552273690700531
-0.18231208622455597 0.6546697616577148 -0.5803936719894409
-0.17321689426898956 0.6187403202056885 -0.6070700883865356
-0.16369600594043732 0.5812779664993286 -0.6322354674339294
-0.15377356112003326 0.5423776507377625 -0.6558261513710022
-0.1434747874736786 0.5021382570266724 -0.6777825355529785
-0.13282594084739685 0.4606623947620392 -0.6980493068695068
-0.12185420095920563 0.41805580258369446 -0.7165752649307251
-0.1105877235531807 0.374427855014801 -0.7333136200904846
-0.09905552864074707 0.32989081740379333 -0.7482221722602844
-0.0872875526547432 0.28456029295921326 -0.7612632513046265
-0.07531466335058212 0.23855508863925934 -0.7724040150642395
-0.06316880881786346 0.19199788570404053 -0.7816162705421448
-0.05088334530591965 0.14501644670963287 -0.7888767719268799
-0.038494013249874115 0.09774729609489441 -0.7941670417785645
-0.026042278856039047 0.05034840479493141 -0.7974736094474792
-0.013608005829155445 0.0031231765169650316 -0.7987867593765259
0.010252515785396099 -0.0012702656676992774 0.7985838651657104
0.007653318345546722 0.04669933766126633 0.797757089138031
0.005014560651034117 0.0948563665151596 0.7949388027191162
0.0023529587779194117 0.14289261400699615 0.7901354432106018
-0.00032265312620438635 0.19064760208129883 0.7833589911460876
-0.0030045427847653627 0.23798254132270813 0.7746264338493347
-0.005685378797352314 0.2847675681114197 0.7639597654342651
-0.008358035236597061 0.3308779001235962 0.7513859272003174
-0.011015527881681919 0.37619271874427795 0.7369364500045776
-0.013650976121425629 0.4205944240093231 0.7206478714942932
-0.01625760830938816 0.4639687240123749 0.7025612592697144
-0.018828747794032097 0.5062043070793152 0.6827221512794495
-0.021357843652367592 0.5471934676170349 0.6611807942390442
-0.023838458582758904 0.5868317484855652 0.6379913687705994
-0.026264293119311333 0.6250183582305908 0.613212525844574
-0.02862919680774212 0.6616564393043518 0.5869069695472717
-0.030927175655961037 0.6966530680656433 0.5591410398483276
-0.03315241262316704 0.7299197316169739 0.5299851298332214
-0.03529927134513855 0.7613721489906311 0.49951308965682983
-0.03736232966184616 0.7909308671951294 0.4678022265434265
-0.03933636471629143 0.81852126121521 0.43493297696113586
-0.04121638461947441 0.8440735936164856 0.40098902583122253
-0.04299762845039368 0.8675233721733093 0.3660569489002228
-0.044675588607788086 0.888811469078064 0.3302261233329773
-0.0462459959089756 0.9078841209411621 0.2935885787010193
-0.04770486429333687 0.92469322681427 0.25623899698257446
-0.049048468470573425 0.9391964077949524 0.21827475726604462
-0.050273347645998 0.9513570666313171 0.17979609966278076
-0.05137631669640541 0.9611445069313049 0.14090687036514282
-0.052354421466588974 0.9685341119766235 0.10171633213758469
-0.053204890340566635 0.9735072255134583 0.062344521284103394
-0.05392473191022873 0.9760510325431824 0.022946618497371674
-0.054509714245796204 0.9761587381362915 -0.016215607523918152
-0.05496713146567345 0.9738316535949707 -0.05563082545995712
-0.055293403565883636 0.9690753221511841 -0.09503722935914993
-0.055486880242824554 0.9619014263153076 -0.1342795342206955
-0.05554674565792084 0.9523280262947083 -0.17323759198188782
-0.055472686886787415 0.94037926197052 -0.21180197596549988
-0.05526478588581085 0.9260852336883545 -0.24986860156059265
-0.05492350086569786 0.9094818830490112 -0.28733694553375244
-0.054449643939733505 0.8906111717224121 -0.32410940527915955
-0.05384437367320061 0.8695205450057983 -0.3600909113883972
-0.053109198808670044 0.8462634086608887 -0.3951890170574188
-0.05224594846367836 0.8208982944488525 -0.429313987493515
-0.05125679448246956 0.7934892177581787 -0.46237877011299133
-0.050144221633672714 0.7641055583953857 -0.4942992031574249
-0.04891103878617287 0.7328213453292847 -0.5249942541122437
-0.047560352832078934 0.6997157335281372 -0.5543861389160156
-0.0460955835878849 0.6648725271224976 -0.5824003219604492
-0.044520433992147446 0.6283798217773438 -0.6089659333229065
-0.04283891245722771 0.5903303027153015 -0.6340158581733704
-0.04105527698993683 0.5508203506469727 -0.657486617565155
-0.039174072444438934 0.5099505186080933 -0.6793190240859985
-0.03720010071992874 0.4678248465061188 -0.6994580030441284
-0.03513840213418007 0.4245508909225464 -0.7178527116775513
-0.03299428150057793 0.38023966550827026 -0.7344566583633423
-0.03077327273786068 0.3350052237510681 -0.7492280602455139
-0.028481151908636093 0.2889649569988251 -0.762129545211792
-0.02612394653260708 0.24223951995372772 -0.7731286287307739
-0.023707963526248932 0.1949535310268402 -0.7821975946426392
-0.021239865571260452 0.14723676443099976 -0.7893134355545044
-0.018726864829659462 0.09922787547111511 -0.794458270072937
-0.01617741771042347 0.05108729377388954 -0.7976189255714417
-0.013608014211058617 0.0031231758184731007 -0.7987867593765259
