ply
format ascii 1.0
element vertex 3600
property float x
property float y
property float z
end_header
1.4586122035980225 -0.7970246076583862 -1.1495800018310547
1.3929795026779175 -0.7421357035636902 -1.1107219457626343
1.3295063972473145 -0.6898624300956726 -1.0712740421295166
1.26815927028656 -0.6401125192642212 -1.0312546491622925
1.2089061737060547 -0.592796802520752 -0.9906818866729736
1.1517194509506226 -0.5478283166885376 -0.9495742917060852
1.096572995185852 -0.5051224827766418 -0.9079511761665344
1.0434437990188599 -0.4645969569683075 -0.8658313751220703
0.9923115372657776 -0.4261709451675415 -0.8232349753379822
0.943157970905304 -0.3897657096385956 -0.7801821231842041
0.8959673643112183 -0.35530370473861694 -0.7366935014724731
0.8507260680198669 -0.32270875573158264 -0.6927905678749084
0.8074232339859009 -0.29190608859062195 -0.6484953761100769
0.7660493850708008 -0.2628217339515686 -0.6038308143615723
0.7265978455543518 -0.23538261651992798 -0.5588204264640808
0.689063310623169 -0.20951642096042633 -0.5134885311126709
0.6534430980682373 -0.18515129387378693 -0.4678604304790497
0.6197360157966614 -0.16221587359905243 -0.42196232080459595
0.5879429578781128 -0.1406390219926834 -0.37582167983055115
0.5580667853355408 -0.12034983932971954 -0.3294668197631836
0.5301117300987244 -0.10127729177474976 -0.28292718529701233
0.5040841102600098 -0.0833503007888794 -0.2362334430217743
0.4799920916557312 -0.06649759411811829 -0.18941766023635864
0.45784515142440796 -0.05064743012189865 -0.14251309633255005
0.4376547038555145 -0.03572762385010719 -0.09555452316999435
0.41943350434303284 -0.02166539430618286 -0.04857811704277992
0.4031960666179657 -0.008387183770537376 -0.0016214947681874037
0.38895851373672485 0.004181303083896637 0.0452757366001606
0.37673813104629517 0.01611541211605072 0.09207294136285782
0.3665538430213928 0.027491461485624313 0.1387270838022232
0.3584260046482086 0.038387052714824677 0.18519380688667297
0.35237619280815125 0.04888090491294861 0.2314264476299286
0.3484274744987488 0.059053268283605576 0.27737700939178467
0.3466038405895233 0.06898569315671921 0.32299479842185974
0.34693095088005066 0.07876136153936386 0.3682273328304291
0.3494352102279663 0.08846515417098999 0.4130203127861023
0.3541443347930908 0.09818366914987564 0.4573165476322174
0.3610868752002716 0.10800530016422272 0.5010572671890259
0.37029263377189636 0.11802034825086594 0.5441809892654419
0.381791889667511 0.12832102179527283 0.5866237282752991
0.3956161141395569 0.13900180160999298 0.6283194422721863
0.41179731488227844 0.15015898644924164 0.6691992282867432
0.4303681552410126 0.16189123690128326 0.7091920375823975
0.4513618052005768 0.17429929971694946 0.7482237219810486
0.4748120605945587 0.18748636543750763 0.7862182855606079
0.5007527470588684 0.20155757665634155 0.8230961561203003
0.5292180180549622 0.21662069857120514 0.8587756156921387
0.560242235660553 0.2327856570482254 0.893172562122345
0.5938594341278076 0.25016462802886963 0.9261992573738098
0.6301038861274719 0.26887232065200806 0.9577663540840149
0.6690093278884888 0.28902560472488403 0.9877814054489136
0.7106084823608398 0.3107433617115021 1.0161486864089966
0.7549343705177307 0.3341471552848816 1.0427709817886353
0.8020182847976685 0.3593600392341614 1.0675476789474487
0.851891279220581 0.3865078389644623 1.0903761386871338
0.9045824408531189 0.41571760177612305 1.1111509799957275
0.9601197242736816 0.4471185505390167 1.129764437675476
1.0185294151306152 0.4808415472507477 1.1461070775985718
1.0798360109329224 0.5170187950134277 1.160066843032837
1.1440620422363281 0.5557840466499329 1.1715301275253296
1.3645944595336914 -0.7827617526054382 -1.1628499031066895
1.3027708530426025 -0.7292129397392273 -1.1205750703811646
1.243048906326294 -0.67813640832901 -1.077957034111023
1.1853975057601929 -0.6294502019882202 -1.0350091457366943
1.1297876834869385 -0.5830745100975037 -0.991744875907898
1.0761932134628296 -0.5389314293861389 -0.9481787085533142
1.024590015411377 -0.4969449043273926 -0.904325008392334
0.9749559760093689 -0.4570409655570984 -0.8601991534233093
0.9272715449333191 -0.4191465377807617 -0.8158167600631714
0.8815191388130188 -0.3831905424594879 -0.7711945176124573
0.8376825451850891 -0.3491026759147644 -0.7263493537902832
0.7957481741905212 -0.3168138563632965 -0.6812988519668579
0.7557041049003601 -0.2862560451030731 -0.6360618472099304
0.7175400257110596 -0.25736182928085327 -0.5906572341918945
0.6812474727630615 -0.23006463050842285 -0.5451052188873291
0.6468197107315063 -0.20429831743240356 -0.49942678213119507
0.6142517924308777 -0.17999733984470367 -0.453643798828125
0.583540141582489 -0.15709631145000458 -0.4077789783477783
0.5546829104423523 -0.13553020358085632 -0.36185622215270996
0.5276795625686646 -0.11523392796516418 -0.3159003257751465
0.5025314092636108 -0.09614244848489761 -0.269937127828598
0.47924095392227173 -0.07819059491157532 -0.22399377822875977
0.4578120708465576 -0.06131293252110481 -0.17809854447841644
0.43825021386146545 -0.04544368386268616 -0.1322808712720871
0.4205620288848877 -0.030516674742102623 -0.0865715965628624
0.404755562543869 -0.016465114429593086 -0.0410027951002121
0.3908398151397705 -0.0032215272076427937 0.004392107482999563
0.37882548570632935 0.009282154962420464 0.049577951431274414
0.36872410774230957 0.021114999428391457 0.09451860189437866
0.36054861545562744 0.032346922904253006 0.13917575776576996
0.3543127179145813 0.04304894432425499 0.18351009488105774
0.3500315546989441 0.0532931350171566 0.22748011350631714
0.3477211594581604 0.06315293163061142 0.27104324102401733
0.34739843010902405 0.07270285487174988 0.3141545057296753
0.3490813374519348 0.0820189118385315 0.3567672669887543
0.3527887761592865 0.09117865562438965 0.39883360266685486
0.35854029655456543 0.10026109963655472 0.4403027594089508
0.3663564622402191 0.1093469187617302 0.48112282156944275
0.3762584626674652 0.11851847916841507 0.5212395191192627
0.38826805353164673 0.1278599053621292 0.5605964660644531
0.40240782499313354 0.1374572217464447 0.5991353988647461
0.4187006950378418 0.14739826321601868 0.6367955207824707
0.4371701776981354 0.1577729433774948 0.6735146045684814
0.45784005522727966 0.1686730533838272 0.7092273235321045
0.48073461651802063 0.18019255995750427 0.7438668608665466
0.5058782696723938 0.19242750108242035 0.7773638963699341
0.5332953333854675 0.20547594130039215 0.8096464276313782
0.5630106329917908 0.2194383144378662 0.8406409025192261
0.5950484275817871 0.23441699147224426 0.8702707886695862
0.6294333338737488 0.250516802072525 0.8984577655792236
0.6661891341209412 0.2678445875644684 0.9251208901405334
0.7053394317626953 0.28650927543640137 0.9501769542694092
0.7469075322151184 0.30662235617637634 0.9735408425331116
0.7909154891967773 0.32829686999320984 0.9951247572898865
0.837385356426239 0.3516485095024109 1.0148389339447021
0.8863374590873718 0.37679460644721985 1.032591700553894
0.9377912282943726 0.4038545489311218 1.0482888221740723
0.9917651414871216 0.4329496920108795 1.061834454536438
1.0482757091522217 0.4642029106616974 1.07313072681427
1.107338309288025 0.4977390468120575 1.0820780992507935
1.2731393575668335 -0.7695629596710205 -1.1726479530334473
1.2150750160217285 -0.7173680067062378 -1.1273620128631592
1.1590508222579956 -0.6675074696540833 -1.0819553136825562
1.105037808418274 -0.6199085712432861 -1.0364371538162231
1.0530102252960205 -0.5745004415512085 -0.9908180832862854
1.0029431581497192 -0.531213641166687 -0.9451086521148682
0.9548140168190002 -0.48998042941093445 -0.8993194699287415
0.9086019396781921 -0.45073413848876953 -0.8534626960754395
0.864287793636322 -0.41340944170951843 -0.8075507283210754
0.8218541741371155 -0.37794214487075806 -0.7615967392921448
0.7812852263450623 -0.34426891803741455 -0.715614378452301
0.7425669431686401 -0.31232741475105286 -0.6696184277534485
0.705686628818512 -0.28205606341362 -0.6236242055892944
0.6706327795982361 -0.25339367985725403 -0.5776475667953491
0.6373960375785828 -0.2262798547744751 -0.5317057371139526
0.6059678792953491 -0.20065459609031677 -0.4858163893222809
0.5763415098190308 -0.17645815014839172 -0.43999817967414856
0.5485109686851501 -0.15363095700740814 -0.3942705988883972
0.522472083568573 -0.13211378455162048 -0.3486543297767639
0.498221755027771 -0.11184731125831604 -0.30317094922065735
0.4757578670978546 -0.09277204424142838 -0.2578427195549011
0.45507970452308655 -0.0748286172747612 -0.21269342303276062
0.4361877143383026 -0.057957228273153305 -0.16774773597717285
0.4190833270549774 -0.0420977957546711 -0.1230313628911972
0.4037691354751587 -0.027189861983060837 -0.07857140898704529
0.39024868607521057 -0.013172444887459278 -0.0343959778547287
0.3785264492034912 1.6081012290669605e-05 0.009465613402426243
0.36860817670822144 0.012437873519957066 0.05298241227865219
0.36050018668174744 0.024155978113412857 0.09612274169921875
0.3542099893093109 0.03523416817188263 0.13885286450386047
0.3497456908226013 0.045737214386463165 0.18113826215267181
0.34711650013923645 0.05573085695505142 0.2229425311088562
0.34633225202560425 0.0652819350361824 0.2642281651496887
0.34740355610847473 0.07445839047431946 0.30495578050613403
0.3503418266773224 0.08332937955856323 0.3450845777988434
0.3551589846611023 0.09196546673774719 0.38457223773002625
0.36186763644218445 0.10043847560882568 0.42337456345558167
0.37048113346099854 0.10882176458835602 0.461446076631546
0.3810132145881653 0.1171901747584343 0.4987393021583557
0.39347800612449646 0.1256200522184372 0.5352048873901367
0.4078904092311859 0.13418957591056824 0.5707921385765076
0.4242652356624603 0.14297841489315033 0.6054478287696838
0.44261813163757324 0.15206822752952576 0.6391180157661438
0.4629645347595215 0.16154225170612335 0.6717455983161926
0.48532044887542725 0.1714857816696167 0.7032725214958191
0.5097018480300903 0.1819859743118286 0.7336384057998657
0.5361246466636658 0.19313190877437592 0.7627809643745422
0.5646050572395325 0.20501472055912018 0.7906360626220703
0.5951587557792664 0.21772749722003937 0.8171374797821045
0.6278018951416016 0.23136554658412933 0.8422173261642456
0.6625497341156006 0.24602600932121277 0.8658052682876587
0.6994171738624573 0.26180821657180786 0.8878291845321655
0.7384194135665894 0.27881374955177307 0.9082155227661133
0.7795701622962952 0.2971459627151489 0.9268879890441895
0.8228832483291626 0.31691062450408936 0.9437689185142517
0.8683711886405945 0.33821526169776917 0.9587787389755249
0.9160457253456116 0.3611694276332855 0.971835732460022
0.9659179449081421 0.38588500022888184 0.9828569889068604
1.0179972648620605 0.41247525811195374 0.9917572140693665
1.072292447090149 0.4410557448863983 0.9984498620033264
1.1842108964920044 -0.7573776841163635 -1.1790635585784912
1.1298584938049316 -0.7065491080284119 -1.1311579942703247
1.0774811506271362 -0.6579223871231079 -1.0833321809768677
1.027052640914917 -0.6114331483840942 -1.0355920791625977
0.9785487055778503 -0.5670186877250671 -0.9879448413848877
0.931946337223053 -0.5246177911758423 -0.9403983354568481
0.8872242569923401 -0.48416975140571594 -0.8929608464241028
0.8443625569343567 -0.4456155300140381 -0.8456411361694336
0.8033427596092224 -0.40889668464660645 -0.7984488606452942
0.7641478180885315 -0.3739558160305023 -0.7513945698738098
0.7267618775367737 -0.3407360017299652 -0.7044892907142639
0.6911703944206238 -0.3091813325881958 -0.6577446460723877
0.6573603749275208 -0.2792362570762634 -0.6111733317375183
0.6253196001052856 -0.2508457601070404 -0.5647885799407959
0.5950372219085693 -0.2239552140235901 -0.5186045169830322
0.5665034651756287 -0.19851037859916687 -0.47263601422309875
0.539709746837616 -0.17445716261863708 -0.42689889669418335
0.5146482586860657 -0.15174166858196259 -0.381409615278244
0.4913126528263092 -0.1303100883960724 -0.3361858129501343
0.46969735622406006 -0.1101086363196373 -0.2912459075450897
0.44979748129844666 -0.09108328074216843 -0.2466089129447937
0.4316096305847168 -0.07318008691072464 -0.2022954523563385
0.4151307940483093 -0.056344691663980484 -0.158326655626297
0.40035900473594666 -0.04052251577377319 -0.11472470313310623
0.38729336857795715 -0.025658581405878067 -0.07151313126087189
0.37593337893486023 -0.011697438545525074 -0.028716152533888817
0.36627963185310364 0.0014169325586408377 0.013640794903039932
0.35833337903022766 0.01374096516519785 0.0555308535695076
0.35209640860557556 0.025331992655992508 0.09692660719156265
0.3475714325904846 0.03624796122312546 0.1377987563610077
0.34476181864738464 0.04654764011502266 0.17811743915081024
0.3436713218688965 0.056290678679943085 0.2178509533405304
0.34430453181266785 0.06553772836923599 0.2569669187068939
0.34666645526885986 0.07435038685798645 0.2954311668872833
0.3507627248764038 0.08279135078191757 0.33320826292037964
0.3565993010997772 0.090924471616745 0.3702617883682251
0.3641827702522278 0.09881485253572464 0.4065532684326172
0.3735201060771942 0.10652881860733032 0.4420435428619385
0.3846185505390167 0.1141340583562851 0.4766913950443268
0.3974856734275818 0.12169965356588364 0.5104543566703796
0.41212958097457886 0.1292961984872818 0.5432886481285095
0.42855823040008545 0.13699571788311005 0.5751484632492065
0.44678017497062683 0.14487192034721375 0.6059871315956116
0.4668038487434387 0.15300002694129944 0.6357555389404297
0.4886379837989807 0.1614571213722229 0.6644037365913391
0.5122911334037781 0.1703217774629593 0.6918798089027405
0.5377719402313232 0.17967456579208374 0.7181300520896912
0.5650892853736877 0.18959777057170868 0.7430996298789978
0.594251275062561 0.20017553865909576 0.766731321811676
0.6252666115760803 0.21149401366710663 0.7889668941497803
0.6581432223320007 0.22364121675491333 0.809746265411377
0.6928884983062744 0.2367069572210312 0.8290072083473206
0.7295101881027222 0.25078335404396057 0.8466864824295044
0.7680148482322693 0.26596421003341675 0.8627187609672546
0.8084091544151306 0.28234565258026123 0.8770374059677124
0.8506986498832703 0.30002543330192566 0.8895736336708069
0.8948880434036255 0.3191036581993103 0.9002577066421509
0.9409819841384888 0.33968228101730347 0.9090177416801453
0.9889832735061646 0.3618651330471039 0.9157806634902954
1.038894772529602 0.38575831055641174 0.9204718470573425
1.0977752208709717 -0.7461565136909485 -1.1821839809417725
1.0470904111862183 -0.6967055797576904 -1.1320381164550781
0.9983117580413818 -0.6493287682533264 -1.0821508169174194
0.9514155983924866 -0.603969931602478 -1.0325257778167725
0.9063790440559387 -0.5605736970901489 -0.9831678867340088
0.8631808161735535 -0.5190860033035278 -0.9340823292732239
0.821800708770752 -0.4794536232948303 -0.8852752447128296
0.7822198867797852 -0.44162407517433167 -0.8367533087730408
0.7444202899932861 -0.4055454134941101 -0.7885237336158752
0.7083855271339417 -0.37116679549217224 -0.7405946850776672
0.6740995049476624 -0.33843734860420227 -0.6929746866226196
0.6415477395057678 -0.3073071241378784 -0.6456732153892517
0.6107164621353149 -0.27772650122642517 -0.5987004041671753
0.5815929770469666 -0.2496461123228073 -0.5520668625831604
0.5541653633117676 -0.22301699221134186 -0.5057843327522278
0.5284225344657898 -0.1977902501821518 -0.45986488461494446
0.50435471534729 -0.17391736805438995 -0.41432178020477295
0.48195239901542664 -0.15134970843791962 -0.3691686689853668
0.4612071216106415 -0.1300387978553772 -0.3244204521179199
0.4421113133430481 -0.10993605852127075 -0.2800925374031067
0.42465782165527344 -0.0909927487373352 -0.2362009435892105
0.4088404178619385 -0.07316005975008011 -0.19276301562786102
0.39465370774269104 -0.05638900026679039 -0.14979685842990875
0.38209253549575806 -0.040630094707012177 -0.10732118040323257
0.3711528778076172 -0.025833699852228165 -0.06535596400499344
0.36183086037635803 -0.011949644424021244 -0.023921895772218704
0.354123592376709 0.001072667189873755 0.016959402710199356
0.34802836179733276 0.013284293934702873 0.057264987379312515
0.34354332089424133 0.024737074971199036 0.09697148948907852
0.3406669497489929 0.03548330441117287 0.1360539197921753
0.33939817547798157 0.045576103031635284 0.17448678612709045
0.3397364318370819 0.05506934970617294 0.21224302053451538
0.341681569814682 0.06401776522397995 0.2492949515581131
0.3452340066432953 0.07247690111398697 0.2856135368347168
0.3503940999507904 0.08050325512886047 0.32116833329200745
0.3571629822254181 0.08815444260835648 0.3559284806251526
0.3655417561531067 0.0954890251159668 0.3898610770702362
0.37553203105926514 0.10256677120923996 0.42293277382850647
0.3871355950832367 0.10944855958223343 0.4551084637641907
0.4003542363643646 0.11619651317596436 0.48635196685791016
0.41519036889076233 0.12287411093711853 0.5166260600090027
0.431645929813385 0.12954609096050262 0.5458917021751404
0.44972366094589233 0.1362786591053009 0.5741093158721924
0.46942561864852905 0.14313942193984985 0.6012369394302368
0.49075451493263245 0.15019749104976654 0.6272323727607727
0.5137127637863159 0.15752357244491577 0.6520515084266663
0.5383026003837585 0.1651899218559265 0.6756486296653748
0.564526379108429 0.17327047884464264 0.6979770660400391
0.5923860669136047 0.18184080719947815 0.7189884185791016
0.6218838095664978 0.19097833335399628 0.7386332750320435
0.6530211567878723 0.20076212286949158 0.7568604946136475
0.6857994198799133 0.21127308905124664 0.7736174464225769
0.7202194929122925 0.22259406745433807 0.7888502478599548
0.7562821507453918 0.23480963706970215 0.8025036454200745
0.7939875721931458 0.2480064481496811 0.8145207762718201
0.8333351016044617 0.2622728645801544 0.8248432874679565
0.8743239045143127 0.27769935131073 0.8334118127822876
0.9169522523880005 0.2943783104419708 0.8401650786399841
0.9612175226211548 0.31240400671958923 0.8450408577919006
1.0071171522140503 0.3318729102611542 0.8479753136634827
1.0138033628463745 -0.7358505725860596 -1.1820948123931885
0.9667442440986633 -0.6877871155738831 -1.1300756931304932
0.9215187430381775 -0.6416749954223633 -1.0784735679626465
0.8781043291091919 -0.5974652171134949 -1.0272903442382812
0.8364806175231934 -0.5551096200942993 -0.9765294194221497
0.7966274619102478 -0.5145609974861145 -0.9261943697929382
0.758526086807251 -0.4757726192474365 -0.8762890696525574
0.7221581339836121 -0.43869835138320923 -0.8268184661865234
0.6875064373016357 -0.4032924771308899 -0.7777878642082214
0.6545547842979431 -0.3695099353790283 -0.729203462600708
0.6232874989509583 -0.33730584383010864 -0.6810718178749084
0.5936895608901978 -0.30663585662841797 -0.6334000825881958
0.5657472014427185 -0.2774559259414673 -0.5861963629722595
0.539447009563446 -0.24972212314605713 -0.5394692420959473
0.514776349067688 -0.22339066863059998 -0.4932277798652649
0.49172326922416687 -0.1984180510044098 -0.4474819600582123
0.4702763855457306 -0.1747608482837677 -0.4022424519062042
0.4504252076148987 -0.15237553417682648 -0.3575204908847809
0.4321594834327698 -0.13121871650218964 -0.3133280873298645
0.41546982526779175 -0.11124681681394577 -0.26967811584472656
0.4003472328186035 -0.09241610765457153 -0.22658373415470123
0.38678330183029175 -0.07468285411596298 -0.18405930697917938
0.37477007508277893 -0.05800289660692215 -0.14211978018283844
0.36430034041404724 -0.04233194515109062 -0.10078082233667374
0.35536685585975647 -0.027625292539596558 -0.06005897745490074
0.34796321392059326 -0.013837932609021664 -0.019971564412117004
0.3420833349227905 -0.0009243551758117974 0.019463438540697098
0.3377215266227722 0.01116137020289898 0.0582268200814724
0.3348723351955414 0.022465713322162628 0.09629905223846436
0.33353090286254883 0.03303569555282593 0.133659228682518
0.3336925208568573 0.04291902855038643 0.17028599977493286
0.3353528380393982 0.052164025604724884 0.20615674555301666
0.338507741689682 0.060819774866104126 0.24124832451343536
0.3431534767150879 0.06893615424633026 0.27553632855415344
0.34928643703460693 0.076563760638237 0.30899539589881897
0.35690319538116455 0.08375418186187744 0.3415994942188263
0.36600059270858765 0.09055989980697632 0.3733212947845459
0.3765754997730255 0.09703436493873596 0.40413275361061096
0.38862520456314087 0.10323204100131989 0.434004545211792
0.40214666724205017 0.10920847207307816 0.4629063904285431
0.4171372652053833 0.11502036452293396 0.49080705642700195
0.433594286441803 0.12072553485631943 0.5176740288734436
0.4515151083469391 0.12638308107852936 0.543474018573761
0.4708968698978424 0.13205339014530182 0.56817227602005
0.4917370080947876 0.13779808580875397 0.5917330980300903
0.5140327215194702 0.14368025958538055 0.6141198873519897
0.5377808809280396 0.14976432919502258 0.6352942585945129
0.5629786252975464 0.1561162918806076 0.6552174091339111
0.5896224975585938 0.1628035306930542 0.6738487482070923
0.6177093386650085 0.16989512741565704 0.6911469101905823
0.6472352147102356 0.1774616688489914 0.7070689797401428
0.6781959533691406 0.18557532131671906 0.7215712070465088
0.7105876207351685 0.19431015849113464 0.7346084117889404
0.7444049715995789 0.20374172925949097 0.7461339831352234
0.7796433568000793 0.21394753456115723 0.7561006546020508
0.8162969350814819 0.2250068038702011 0.7644592523574829
0.85435950756073 0.23700053989887238 0.7711599469184875
0.8938245177268982 0.25001174211502075 0.7761512398719788
0.9346846342086792 0.26412516832351685 0.7793807983398438
0.9769319891929626 0.27942758798599243 0.7807945609092712
0.9322673678398132 -0.7264110445976257 -1.1788790225982666
0.8887942433357239 -0.679743230342865 -1.1253414154052734
0.8470773100852966 -0.6349084377288818 -1.0723600387573242
0.8070968985557556 -0.5918648838996887 -1.019936203956604
0.7688333988189697 -0.5505706667900085 -0.968071460723877
0.7322683334350586 -0.5109849572181702 -0.9167677760124207
0.6973837018013 -0.47306689620018005 -0.86602783203125
0.6641624569892883 -0.4367765486240387 -0.8158553838729858
0.6325878500938416 -0.4020738899707794 -0.7662537097930908
0.6026439666748047 -0.36891937255859375 -0.7172275185585022
0.5743153691291809 -0.3372737467288971 -0.6687813997268677
0.5475872755050659 -0.30709782242774963 -0.6209210753440857
0.522445559501648 -0.2783529460430145 -0.5736526250839233
0.4988764524459839 -0.25100016593933105 -0.526982307434082
0.4768667221069336 -0.22500093281269073 -0.48091772198677063
0.4564036428928375 -0.2003166526556015 -0.43546631932258606
0.4374749958515167 -0.1769087314605713 -0.3906365633010864
0.4200689494609833 -0.1547386348247528 -0.3464374244213104
0.4041741192340851 -0.13376764953136444 -0.30287840962409973
0.3897797465324402 -0.11395719647407532 -0.2599698007106781
0.37687498331069946 -0.09526815265417099 -0.21772220730781555
0.36544981598854065 -0.07766162604093552 -0.17614714801311493
0.3554944396018982 -0.06109824776649475 -0.13525673747062683
0.3469991981983185 -0.04553850740194321 -0.09506352245807648
0.33995503187179565 -0.03094257228076458 -0.05558105558156967
0.33435308933258057 -0.01727023534476757 -0.016823288053274155
0.33018460869789124 -0.004480848088860512 0.021195141598582268
0.32744139432907104 0.007466452196240425 0.05845857411623001
0.3261152505874634 0.018613221123814583 0.09495119005441666
0.32619839906692505 0.02900134213268757 0.13065584003925323
0.32768309116363525 0.038673367351293564 0.1655552089214325
0.33056187629699707 0.04767237976193428 0.1996307671070099
0.33482739329338074 0.05604212358593941 0.23286360502243042
0.3404724597930908 0.06382693350315094 0.2652338147163391
0.3474900722503662 0.07107192277908325 0.2967206537723541
0.35587334632873535 0.0778229832649231 0.3273029625415802
0.36561521887779236 0.08412674069404602 0.35695818066596985
0.37670910358428955 0.09003069996833801 0.3856635093688965
0.38914811611175537 0.0955832302570343 0.41339486837387085
0.4029255211353302 0.10083363205194473 0.4401276111602783
0.4180346727371216 0.10583223402500153 0.4658361077308655
0.43446865677833557 0.11063025891780853 0.4904937148094177
0.4522208571434021 0.1152801364660263 0.5140732526779175
0.4712842106819153 0.11983529478311539 0.5365461111068726
0.49165186285972595 0.12435035407543182 0.5578833222389221
0.5133166313171387 0.12888112664222717 0.5780546069145203
0.5362712144851685 0.13348467648029327 0.5970286130905151
0.5605083703994751 0.13821935653686523 0.6147735714912415
0.5860201716423035 0.14314478635787964 0.631256103515625
0.6127991676330566 0.14832212030887604 0.6464424729347229
0.6408368349075317 0.15381371974945068 0.6602972149848938
0.670124888420105 0.15968358516693115 0.6727843284606934
0.7006548047065735 0.16599717736244202 0.6838667392730713
0.7324169874191284 0.17282147705554962 0.693506121635437
0.765402615070343 0.1802251636981964 0.7016634345054626
0.7996013760566711 0.1882784515619278 0.7082982063293457
0.8350029587745667 0.1970532387495041 0.7133690714836121
0.87159663438797 0.20662331581115723 0.7168337106704712
0.909371018409729 0.2170640230178833 0.7186484336853027
0.9483142495155334 0.2284526824951172 0.7187685370445251
0.8531433343887329 -0.7177899479866028 -1.1726183891296387
0.8132181763648987 -0.6725242137908936 -1.117906093597412
0.7749680280685425 -0.6289780735969543 -1.063871145248413
0.7383747100830078 -0.5871156454086304 -1.0105139017105103
0.7034202218055725 -0.5469014048576355 -0.9578352570533752
0.6700872778892517 -0.5083000063896179 -0.9058359265327454
0.6383592486381531 -0.47127676010131836 -0.8545178771018982
0.608219563961029 -0.43579670786857605 -0.8038828372955322
0.5796524286270142 -0.40182551741600037 -0.7539336085319519
0.5526424050331116 -0.36932894587516785 -0.7046731114387512
0.5271742939949036 -0.33827266097068787 -0.6561046242713928
0.5032335519790649 -0.30862268805503845 -0.6082322001457214
0.4808058738708496 -0.2803451418876648 -0.5610601305961609
0.4598771929740906 -0.2534060776233673 -0.514593243598938
0.44043412804603577 -0.22777166962623596 -0.4688369333744049
0.4224633276462555 -0.20340804755687714 -0.423797070980072
0.4059518277645111 -0.18028129637241364 -0.3794797956943512
0.39088714122772217 -0.15835747122764587 -0.335891991853714
0.3772567808628082 -0.1376025378704071 -0.29304102063179016
0.36504876613616943 -0.11798235028982162 -0.2509346604347229
0.35425126552581787 -0.09946252405643463 -0.2095811516046524
0.34485265612602234 -0.08200860023498535 -0.168989360332489
0.3368417024612427 -0.06558584421873093 -0.12916871905326843
0.3302071690559387 -0.0501592792570591 -0.09012902528047562
0.32493823766708374 -0.03569367155432701 -0.05188075080513954
0.32102400064468384 -0.022153444588184357 -0.01443492155522108
0.31845393776893616 -0.009502680040895939 0.022197097539901733
0.31721770763397217 0.002294809091836214 0.05800295248627663
0.317304790019989 0.013275805860757828 0.09297022968530655
0.31870514154434204 0.023477327078580856 0.12708544731140137
0.3214087188243866 0.032937031239271164 0.16033494472503662
0.325405478477478 0.04169296845793724 0.19270408153533936
0.3306855261325836 0.04978381469845772 0.2241780161857605
0.33723899722099304 0.057248737663030624 0.2547409236431122
0.34505611658096313 0.06412753462791443 0.2843764126300812
0.35412704944610596 0.0704607143998146 0.3130677342414856
0.3644420802593231 0.07628937065601349 0.3407970070838928
0.3759913444519043 0.08165539056062698 0.3675461709499359
0.3887651860713959 0.08660134673118591 0.3932962119579315
0.4027535915374756 0.09117063134908676 0.4180273115634918
0.4179467558860779 0.09540751576423645 0.44171932339668274
0.43433457612991333 0.09935705363750458 0.4643509089946747
0.4519071877002716 0.10306527465581894 0.48590055108070374
0.4706542491912842 0.10657908022403717 0.5063455700874329
0.49056535959243774 0.10994642227888107 0.5256625413894653
0.5116301774978638 0.11321626603603363 0.5438275933265686
0.5338378548622131 0.1164386048913002 0.5608155727386475
0.557177722454071 0.11966460943222046 0.5766011476516724
0.581638514995575 0.12294653058052063 0.5911576151847839
0.6072090864181519 0.1263379007577896 0.6044577956199646
0.6338779330253601 0.12989340722560883 0.6164735555648804
0.6616328358650208 0.13366903364658356 0.6271758079528809
0.6904618740081787 0.1377221792936325 0.6365347504615784
0.7203524112701416 0.14211149513721466 0.6445196866989136
0.751291811466217 0.14689716696739197 0.6510989665985107
0.783266544342041 0.1521407663822174 0.656239926815033
0.8162630200386047 0.15790538489818573 0.6599092483520508
0.8502671718597412 0.16425573825836182 0.662072479724884
0.8852644562721252 0.17125804722309113 0.6626942753791809
0.9212397933006287 0.17898032069206238 0.6617382168769836
0.7764097452163696 -0.7099393606185913 -1.1633936166763306
0.7399962544441223 -0.6660802960395813 -1.1078388690948486
0.7051720023155212 -0.6238316893577576 -1.0530657768249512
0.6719204783439636 -0.5831634402275085 -0.9990734457969666
0.6402251720428467 -0.5440455675125122 -0.9458624124526978
0.6100700497627258 -0.5064480900764465 -0.8934325575828552
0.5814394354820251 -0.4703415632247925 -0.8417848348617554
0.5543177127838135 -0.43569624423980713 -0.7909203767776489
0.5286900401115417 -0.4024827480316162 -0.7408407330513
0.5045412182807922 -0.37067168951034546 -0.6915474534034729
0.48185673356056213 -0.34023356437683105 -0.6430429816246033
0.46062207221984863 -0.31113922595977783 -0.5953295826911926
0.44082316756248474 -0.2833593487739563 -0.5484104752540588
0.42244604229927063 -0.25686460733413696 -0.5022888779640198
0.40547704696655273 -0.23162569105625153 -0.4569684565067291
0.3899025321006775 -0.20761317014694214 -0.41245320439338684
0.37570920586586 -0.18479758501052856 -0.3687477111816406
0.36288392543792725 -0.1631493866443634 -0.32585662603378296
0.35141366720199585 -0.1426388919353485 -0.283785343170166
0.3412856459617615 -0.12323635071516037 -0.24253956973552704
0.33248698711395264 -0.10491166263818741 -0.20212505757808685
0.32500535249710083 -0.08763474971055984 -0.16254845261573792
0.31882810592651367 -0.07137519121170044 -0.12381654977798462
0.3139430284500122 -0.05610237643122673 -0.08593659847974777
0.3103378713130951 -0.04178547114133835 -0.04891636222600937
0.3080004155635834 -0.028393320739269257 -0.01276390627026558
0.3069186210632324 -0.015894442796707153 0.02251228131353855
0.3070805072784424 -0.004257133696228266 0.05690297856926918
0.3084741234779358 0.006550822872668505 0.09039900451898575
0.31108754873275757 0.016561832278966904 0.1229901909828186
0.31490883231163025 0.025808895006775856 0.15466636419296265
0.3199261426925659 0.03432529792189598 0.18541650474071503
0.32612767815589905 0.04214489459991455 0.21522943675518036
0.3335014581680298 0.04930194467306137 0.24409326910972595
0.3420356214046478 0.055831197649240494 0.27199557423591614
0.35171839594841003 0.061768077313899994 0.2989237308502197
0.36253756284713745 0.06714843213558197 0.32486414909362793
0.37448129057884216 0.07200882583856583 0.34980320930480957
0.3875373601913452 0.07638634741306305 0.3737263083457947
0.4016936421394348 0.08031883835792542 0.3966185450553894
0.41693782806396484 0.08384478092193604 0.41846439242362976
0.43325749039649963 0.08700340241193771 0.43924760818481445
0.4506402015686035 0.08983469009399414 0.45895183086395264
0.46907317638397217 0.09237941354513168 0.47755947709083557
0.4885435998439789 0.09467917680740356 0.49505284428596497
0.5090385675430298 0.09677646309137344 0.5114133954048157
0.530544638633728 0.09871461987495422 0.5266218781471252
0.5530486702919006 0.10053796321153641 0.5406585931777954
0.5765368342399597 0.10229175537824631 0.5535030961036682
0.6009953618049622 0.104022316634655 0.5651342272758484
0.6264101266860962 0.10577698796987534 0.5755301713943481
0.6527665257453918 0.10760421305894852 0.5846683979034424
0.6800501346588135 0.10955359786748886 0.5925257802009583
0.7082456350326538 0.11167588084936142 0.5990781188011169
0.7373378872871399 0.11402309685945511 0.6043007373809814
0.7673110961914062 0.11664848029613495 0.6081682443618774
0.798149049282074 0.11960665136575699 0.6106542348861694
0.8298354148864746 0.12295355647802353 0.6117315292358398
0.8623530864715576 0.12674656510353088 0.6113722920417786
0.8956850171089172 0.13104455173015594 0.6095477938652039
0.7020479440689087 -0.7028118968009949 -1.1512837409973145
0.6691109538078308 -0.6603619456291199 -1.095209002494812
0.6376730799674988 -0.6194177865982056 -1.040002703666687
0.6077192425727844 -0.5799544453620911 -0.9856646656990051
0.5792343616485596 -0.5419471263885498 -0.93219393491745
0.5522037148475647 -0.5053708553314209 -0.8795908093452454
0.5266125798225403 -0.4702007472515106 -0.8278550505638123
0.5024465322494507 -0.4364120662212372 -0.7769871354103088
0.4796910583972931 -0.403980016708374 -0.7269876003265381
0.4583321213722229 -0.37287983298301697 -0.6778574585914612
0.43835553526878357 -0.3430865705013275 -0.6295976638793945
0.4197472631931305 -0.3145753741264343 -0.5822097063064575
0.40249353647232056 -0.2873213291168213 -0.5356953144073486
0.38658058643341064 -0.2612994611263275 -0.4900563955307007
0.3719947338104248 -0.23648470640182495 -0.445295125246048
0.35872235894203186 -0.21285177767276764 -0.4014139771461487
0.34675005078315735 -0.19037552177906036 -0.358415812253952
0.3360643684864044 -0.16903048753738403 -0.3163035809993744
0.3266519606113434 -0.14879116415977478 -0.2750808298587799
0.3184995651245117 -0.1296318620443344 -0.23475110530853271
0.3115939795970917 -0.11152669787406921 -0.19531825184822083
0.30592191219329834 -0.09444960951805115 -0.15678657591342926
0.3014703691005707 -0.07837443053722382 -0.11916066706180573
0.29822614789009094 -0.06327460706233978 -0.08244524896144867
0.2961762249469757 -0.04912352189421654 -0.046645645052194595
0.2953074276447296 -0.035894181579351425 -0.01176727656275034
0.295606791973114 -0.02355935052037239 0.02218415029346943
0.29706114530563354 -0.012091617099940777 0.05520227178931236
0.2996574938297272 -0.0014630606165155768 0.08728084713220596
0.3033826947212219 0.008354343473911285 0.11841284483671188
0.3082236349582672 0.01738915592432022 0.14859125018119812
0.3141671419143677 0.025670155882835388 0.17780840396881104
0.32120001316070557 0.03322659805417061 0.20605656504631042
0.32930901646614075 0.040088120847940445 0.23332737386226654
0.33848074078559875 0.046284694224596024 0.2596120834350586
0.3487018942832947 0.05184689536690712 0.28490185737609863
0.35995885729789734 0.05680565536022186 0.30918705463409424
0.3722381591796875 0.06119244918227196 0.3324580192565918
0.3855261504650116 0.0650392472743988 0.35470446944236755
0.39980894327163696 0.06837858259677887 0.37591564655303955
0.4150726795196533 0.0712435245513916 0.39608049392700195
0.4313031733036041 0.07366776466369629 0.41518741846084595
0.44848644733428955 0.07568560540676117 0.43322446942329407
0.4666079580783844 0.07733200490474701 0.4501790702342987
0.4856533110141754 0.0786425769329071 0.46603837609291077
0.5056076645851135 0.07965367287397385 0.4807888865470886
0.5264561176300049 0.08040235936641693 0.49441659450531006
0.5481837391853333 0.08092647790908813 0.506907045841217
0.5707748532295227 0.08126469701528549 0.5182452201843262
0.5942143201828003 0.08145648241043091 0.5284156799316406
0.6184860467910767 0.08154220879077911 0.5374020934104919
0.6435737609863281 0.08156313747167587 0.5451880097389221
0.6694614291191101 0.08156146854162216 0.5517558455467224
0.696132242679596 0.08158043026924133 0.5570880174636841
0.7235692739486694 0.08166423439979553 0.5611656904220581
0.7517551779747009 0.08185817301273346 0.5639698505401611
0.7806720733642578 0.08220866322517395 0.565480649471283
0.8103023767471313 0.08276326954364777 0.5656774640083313
0.8406273722648621 0.08357077836990356 0.5645391345024109
0.8716282844543457 0.0846811980009079 0.5620436072349548
0.6300415992736816 -0.6963598728179932 -1.1363667249679565
0.6005470156669617 -0.6553195118904114 -1.0800836086273193
0.5724568963050842 -0.615684449672699 -1.0247408151626587
0.545757532119751 -0.5774344801902771 -0.9703367352485657
0.5204353332519531 -0.5405495166778564 -0.9168715476989746
0.4964766204357147 -0.5050089955329895 -0.8643442392349243
0.47386807203292847 -0.4707927703857422 -0.8127545714378357
0.4525960683822632 -0.43788036704063416 -0.7621024250984192
0.43264713883399963 -0.40625128149986267 -0.7123876214027405
0.41400790214538574 -0.3758850395679474 -0.6636102199554443
0.3966648280620575 -0.3467608690261841 -0.6157704591751099
0.38060462474823 -0.3188580870628357 -0.5688689351081848
0.3658137917518616 -0.2921558916568756 -0.5229061245918274
0.3522791564464569 -0.2666332721710205 -0.4778827726840973
0.339987188577652 -0.24226921796798706 -0.43379977345466614
0.32892462611198425 -0.21904243528842926 -0.39065825939178467
0.3190780282020569 -0.19693173468112946 -0.34845954179763794
0.3104340732097626 -0.17591549456119537 -0.30720508098602295
0.30297940969467163 -0.15597225725650787 -0.26689648628234863
0.29670068621635437 -0.13708019256591797 -0.22753570973873138
0.2915845215320587 -0.11921723932027817 -0.18912464380264282
0.28761741518974304 -0.10236136615276337 -0.1516656130552292
0.28478601574897766 -0.08649024367332458 -0.11516102403402328
0.28307679295539856 -0.07158131152391434 -0.07961352169513702
0.2824762463569641 -0.057611849159002304 -0.04502599313855171
0.28297093510627747 -0.044558897614479065 -0.011401510797441006
0.2845470905303955 -0.032399214804172516 0.021256716921925545
0.2871912121772766 -0.02110942453145981 0.05294499546289444
0.29088959097862244 -0.010665727779269218 0.08365977555513382
0.29562848806381226 -0.0010442485800012946 0.11339684575796127
0.3013940453529358 0.00777937239035964 0.1421521157026291
0.3081723153591156 0.01582964137196541 0.16992095112800598
0.315949410200119 0.023131495341658592 0.19669878482818604
0.32471126317977905 0.029710115864872932 0.22248044610023499
0.33444374799728394 0.03559103608131409 0.24726060032844543
0.3451325595378876 0.040800224989652634 0.27103379368782043
0.3567633628845215 0.04536394774913788 0.29379403591156006
0.3693217635154724 0.04930891469120979 0.3155352473258972
0.3827931880950928 0.052662208676338196 0.3362509608268738
0.39716285467147827 0.055451370775699615 0.3559342920780182
0.4124159514904022 0.05770439654588699 0.37457817792892456
0.4285374581813812 0.059449728578329086 0.3921751081943512
0.4455123841762543 0.06071632355451584 0.40871742367744446
0.46332526206970215 0.06153363734483719 0.42419683933258057
0.4819607734680176 0.06193166598677635 0.4386049211025238
0.5014032125473022 0.061940956860780716 0.4519326686859131
0.5216366052627563 0.06159266084432602 0.46417075395584106
0.542645275592804 0.060918524861335754 0.4753095805644989
0.5644125938415527 0.05995092913508415 0.48533895611763
0.5869225263595581 0.05872292071580887 0.4942483901977539
0.6101580858230591 0.057268235832452774 0.5020267963409424
0.6341022253036499 0.055621352046728134 0.5086625814437866
0.6587380766868591 0.053817473351955414 0.5141440033912659
0.6840478777885437 0.05189263075590134 0.5184584259986877
0.7100142240524292 0.0498836375772953 0.5215930342674255
0.7366188168525696 0.04782819002866745 0.5235341787338257
0.7638433575630188 0.04576487839221954 0.5242677330970764
0.7916691899299622 0.04373323172330856 0.5237792134284973
0.8200771808624268 0.04177374765276909 0.5220532417297363
0.8490480780601501 0.03992795571684837 0.5190739631652832
0.5603770613670349 -0.6905359029769897 -1.1187200546264648
0.5342915058135986 -0.6509031653404236 -1.0625306367874146
0.5095112323760986 -0.6125795841217041 -1.0073374509811401
0.4860239624977112 -0.5755491256713867 -0.9531395435333252
0.4638173282146454 -0.5397956967353821 -0.8999360203742981
0.4428791403770447 -0.5053033828735352 -0.847726583480835
0.4231969714164734 -0.4720557928085327 -0.7965101599693298
0.4047584533691406 -0.44003671407699585 -0.746286153793335
0.38755106925964355 -0.409229576587677 -0.6970540285110474
0.37156227231025696 -0.379617840051651 -0.6488132476806641
0.3567795753479004 -0.3511847257614136 -0.6015633940696716
0.3431902229785919 -0.3239133059978485 -0.5553039908409119
0.3307815492153168 -0.2977865934371948 -0.5100346803665161
0.31954076886177063 -0.2727874517440796 -0.4657551646232605
0.30945509672164917 -0.2488984912633896 -0.42246535420417786
0.30051159858703613 -0.22610236704349518 -0.3801649808883667
0.29269737005233765 -0.20438137650489807 -0.3388541638851166
0.2859993577003479 -0.1837177872657776 -0.29853275418281555
0.28040453791618347 -0.16409367322921753 -0.2592010796070099
0.2758997678756714 -0.14549100399017334 -0.2208593785762787
0.2724718451499939 -0.1278914213180542 -0.1835077852010727
0.2701074481010437 -0.1112765222787857 -0.14714688062667847
0.2687932252883911 -0.09562771022319794 -0.11177719384431839
0.2685158848762512 -0.08092615753412247 -0.07739933580160141
0.26926183700561523 -0.06715287268161774 -0.04401415213942528
0.27101749181747437 -0.05428868532180786 -0.0116224754601717
0.27376922965049744 -0.04231412708759308 0.01977471448481083
0.2775033712387085 -0.03120969608426094 0.05017606168985367
0.28220608830451965 -0.020955465734004974 0.07958048582077026
0.28786349296569824 -0.011531449854373932 0.10798637568950653
0.29446154832839966 -0.0029173106886446476 0.1353922039270401
0.3019862771034241 0.0049074506387114525 0.1617961823940277
0.310423344373703 0.011963654309511185 0.18719638884067535
0.31975871324539185 0.01827232353389263 0.21159076690673828
0.329977810382843 0.023854738101363182 0.2349768728017807
0.34106627106666565 0.028732558712363243 0.25735241174697876
0.3530093729496002 0.03292763978242874 0.27871453762054443
0.3657926023006439 0.036462198942899704 0.299060583114624
0.37940096855163574 0.0393587164580822 0.3183872699737549
0.3938196003437042 0.041640035808086395 0.33669134974479675
0.4090333878993988 0.04332936182618141 0.35396939516067505
0.425027072429657 0.04445020109415054 0.37021732330322266
0.44178536534309387 0.04502646625041962 0.3854314386844635
0.4592926800251007 0.0450824536383152 0.3996071517467499
0.47753340005874634 0.0446428544819355 0.4127401113510132
0.4964916706085205 0.04373276233673096 0.4248252809047699
0.5161514282226562 0.04237774759531021 0.4358575940132141
0.536496639251709 0.04060380533337593 0.4458315968513489
0.5575107932090759 0.03843742981553078 0.4547414183616638
0.5791774392127991 0.035905566066503525 0.46258094906806946
0.601479709148407 0.033035725355148315 0.46934375166893005
0.6244006752967834 0.029855959117412567 0.4750228822231293
0.6479231715202332 0.026394851505756378 0.47961124777793884
0.6720296144485474 0.022681619971990585 0.4831010401248932
0.6967025399208069 0.01874604821205139 0.4854843020439148
0.7219239473342896 0.014618628658354282 0.48675259947776794
0.7476754188537598 0.010330505669116974 0.4868967831134796
0.7739386558532715 0.005913513246923685 0.4859076142311096
0.8006947636604309 0.00140027713496238 0.4837751090526581
0.8279246091842651 -0.003175854915753007 0.48048868775367737
0.49304306507110596 -0.6852924823760986 -1.098420262336731
0.47033384442329407 -0.6470633149147034 -1.0426169633865356
0.44882604479789734 -0.6100509166717529 -0.9878511428833008
0.4285087585449219 -0.5742433071136475 -0.9341222643852234
0.4093713164329529 -0.5396283864974976 -0.8814294338226318
0.3914025127887726 -0.5061938166618347 -0.8297716975212097
0.37459129095077515 -0.47392719984054565 -0.779148280620575
0.3589264452457428 -0.442815899848938 -0.7295583486557007
0.34439653158187866 -0.4128471910953522 -0.6810007691383362
0.33099010586738586 -0.3840080201625824 -0.6334744691848755
0.3186955451965332 -0.35628536343574524 -0.5869784355163574
0.30750107765197754 -0.32966578006744385 -0.541511595249176
0.2973949909210205 -0.30413591861724854 -0.49707284569740295
0.2883652150630951 -0.27968209981918335 -0.45366084575653076
0.2803998291492462 -0.25629058480262756 -0.4112747609615326
0.273486465215683 -0.23394736647605896 -0.3699129819869995
0.2676130533218384 -0.21263828873634338 -0.32957467436790466
0.2627671957015991 -0.1923491209745407 -0.2902584373950958
0.25893640518188477 -0.1730654239654541 -0.25196322798728943
0.2561081051826477 -0.15477254986763 -0.214687779545784
0.25426962971687317 -0.13745571672916412 -0.17843085527420044
0.2534082233905792 -0.12109997123479843 -0.1431913673877716
0.253510981798172 -0.10569020360708237 -0.10896817594766617
0.25456503033638 -0.09121112525463104 -0.07576017081737518
0.2565572261810303 -0.07764726877212524 -0.04356624558568001
0.2594744861125946 -0.06498301029205322 -0.012385429814457893
0.2633034288883209 -0.05320250242948532 0.017783407121896744
0.2680308520793915 -0.042289845645427704 0.046940986067056656
0.27364322543144226 -0.032228779047727585 0.07508841902017593
0.2801271080970764 -0.02300303988158703 0.10222634673118591
0.28746873140335083 -0.014596016146242619 0.12835560739040375
0.29565441608428955 -0.006991042289882898 0.1534767895936966
0.3046703040599823 -0.00017115252558141947 0.17759057879447937
0.314502477645874 0.005880746059119701 0.2006973922252655
0.3251368999481201 0.011181941255927086 0.22279754281044006
0.3365594744682312 0.015750011429190636 0.24389147758483887
0.34875577688217163 0.019602669402956963 0.2639791667461395
0.36171162128448486 0.022757889702916145 0.28306078910827637
0.37541255354881287 0.02523384615778923 0.30113619565963745
0.3898438513278961 0.027048969641327858 0.3182051181793213
0.4049910008907318 0.028221920132637024 0.3342672288417816
0.42083895206451416 0.028771597892045975 0.3493218421936035
0.43737301230430603 0.02871718257665634 0.363368421792984
0.4545779526233673 0.028078094124794006 0.37640583515167236
0.47243866324424744 0.026874050498008728 0.38843315839767456
0.49093979597091675 0.0251250471919775 0.39944905042648315
0.5100657939910889 0.022851379588246346 0.4094519317150116
0.5298012495040894 0.020073646679520607 0.4184400737285614
0.5501300692558289 0.016812799498438835 0.426411509513855
0.571036696434021 0.013090061955153942 0.4333639442920685
0.5925047993659973 0.008927070535719395 0.4392949342727661
0.6145180463790894 0.004345828667283058 0.44420158863067627
0.6370602250099182 -0.0006313383928500116 0.4480809271335602
0.6601145267486572 -0.005981626454740763 0.4509294629096985
0.6836641430854797 -0.011681891977787018 0.45274344086647034
0.7076921463012695 -0.01770848222076893 0.4535187780857086
0.7321810722351074 -0.024037303403019905 0.4532511532306671
0.757113516330719 -0.030643822625279427 0.4519354999065399
0.7824717164039612 -0.037502922117710114 0.4495667815208435
0.8082378506660461 -0.04458904266357422 0.4461391568183899
0.4280310273170471 -0.6805822849273682 -1.0755436420440674
0.40866541862487793 -0.6437499523162842 -1.0204094648361206
0.39039286971092224 -0.6080459952354431 -0.9663398861885071
0.3732040524482727 -0.5734621286392212 -0.9133346676826477
0.3570895195007324 -0.539989709854126 -0.8613929748535156
0.342039555311203 -0.5076199173927307 -0.8105138540267944
0.3280443847179413 -0.4763437509536743 -0.7606963515281677
0.3150940239429474 -0.4461521506309509 -0.7119395136833191
0.30317825078964233 -0.4170355498790741 -0.6642417311668396
0.29228687286376953 -0.38898447155952454 -0.6176018118858337
0.2824092507362366 -0.36198902130126953 -0.572018027305603
0.27353495359420776 -0.33603933453559875 -0.5274889469146729
0.2656531035900116 -0.3111252188682556 -0.484012633562088
0.2587529122829437 -0.2872363030910492 -0.4415872097015381
0.25282323360443115 -0.264362096786499 -0.40021079778671265
0.24785290658473969 -0.24249188601970673 -0.35988110303878784
0.24383071064949036 -0.22161483764648438 -0.3205961585044861
0.2407451570034027 -0.20171986520290375 -0.2823535203933716
0.2385847121477127 -0.18279583752155304 -0.24515102803707123
0.23733769357204437 -0.16483139991760254 -0.20898622274398804
0.23699231445789337 -0.14781497418880463 -0.17385651171207428
0.2375367432832718 -0.1317349225282669 -0.13975945115089417
0.23895889520645142 -0.11657944321632385 -0.10669247061014175
0.24124665558338165 -0.10233650356531143 -0.0746527910232544
0.24438780546188354 -0.08899400383234024 -0.04363786429166794
0.24837003648281097 -0.07653965055942535 -0.013644886203110218
0.2531808912754059 -0.06496099382638931 0.015328904613852501
0.25880783796310425 -0.05424552783370018 0.04328614100813866
0.26523834466934204 -0.04438047483563423 0.07022982090711594
0.27245959639549255 -0.03535303846001625 0.09616252779960632
0.28045883774757385 -0.02715015597641468 0.1210872009396553
0.2892230749130249 -0.01975872926414013 0.1450064778327942
0.29873940348625183 -0.013165447860956192 0.16792333126068115
0.30899474024772644 -0.007356901653110981 0.18984033167362213
0.3199758529663086 -0.002319566672667861 0.2107601910829544
0.33166953921318054 0.001960315741598606 0.23068568110466003
0.34406235814094543 0.005496552214026451 0.2496192753314972
0.35714101791381836 0.008303152397274971 0.26756370067596436
0.37089186906814575 0.010394219309091568 0.28452134132385254
0.3853013217449188 0.011784045957028866 0.30049464106559753
0.4003557562828064 0.012487057596445084 0.31548601388931274
0.41604119539260864 0.01251781452447176 0.3294975459575653
0.432343989610672 0.011891045607626438 0.3425315320491791
0.4492499530315399 0.010621638037264347 0.35458987951278687
0.4667451083660126 0.008724617771804333 0.36567458510398865
0.4848152995109558 0.006215195171535015 0.3757873773574829
0.5034461617469788 0.0031087391544133425 0.3849298357963562
0.5226234197616577 -0.0005792147130705416 0.39310353994369507
0.5423324704170227 -0.0048329210840165615 0.40030962228775024
0.5625588297843933 -0.009636517614126205 0.4065493047237396
0.58328777551651 -0.014973889105021954 0.41182348132133484
0.6045043468475342 -0.020828712731599808 0.41613277792930603
0.6261937618255615 -0.02718454599380493 0.41947779059410095
0.64834064245224 -0.03402461111545563 0.42185863852500916
0.6709300875663757 -0.04133203625679016 0.4232754409313202
0.6939465403556824 -0.04908961057662964 0.423727810382843
0.717374324798584 -0.05727989599108696 0.42321524024009705
0.7411981821060181 -0.0658852756023407 0.42173683643341064
0.7654017806053162 -0.07488773763179779 0.4192914068698883
0.7899693250656128 -0.08426911383867264 0.4158773720264435
0.36533433198928833 -0.6763573884963989 -1.0501658916473389
0.3492796719074249 -0.6409125328063965 -0.9959745407104492
0.3342052400112152 -0.6065117120742798 -0.9428616166114807
0.3201032876968384 -0.5731497406959534 -0.8908266425132751
0.306965708732605 -0.5408210754394531 -0.83986896276474
0.2947843074798584 -0.5095202922821045 -0.7899877429008484
0.28355056047439575 -0.47924140095710754 -0.7411818504333496
0.27325597405433655 -0.44997844099998474 -0.693450391292572
0.26389166712760925 -0.42172500491142273 -0.6467914581298828
0.25544866919517517 -0.39447468519210815 -0.6012036204338074
0.24791789054870605 -0.36822080612182617 -0.5566849708557129
0.2412899285554886 -0.34295642375946045 -0.5132331848144531
0.23555538058280945 -0.3186744153499603 -0.4708462059497833
0.23070456087589264 -0.29536744952201843 -0.42952147126197815
0.22672775387763977 -0.2730282247066498 -0.3892562985420227
0.22361494600772858 -0.25164881348609924 -0.35004788637161255
0.2213560938835144 -0.23122166097164154 -0.31189316511154175
0.21994106471538544 -0.21173861622810364 -0.27478915452957153
0.21935947239398956 -0.19319158792495728 -0.23873242735862732
0.2196008861064911 -0.17557229101657867 -0.2037196308374405
0.22065472602844238 -0.15887218713760376 -0.16974705457687378
0.22251030802726746 -0.14308270812034607 -0.1368110477924347
0.22515687346458435 -0.1281951665878296 -0.10490787774324417
0.22858351469039917 -0.11420057713985443 -0.07403343915939331
0.23277916014194489 -0.10109000653028488 -0.044183794409036636
0.23773279786109924 -0.08885432034730911 -0.015354761853814125
0.24343322217464447 -0.07748420536518097 0.012457982636988163
0.24986909329891205 -0.06697040051221848 0.039258576929569244
0.2570291757583618 -0.05730332434177399 0.06505164504051208
0.26490187644958496 -0.04847347363829613 0.08984144032001495
0.2734757661819458 -0.04047112166881561 0.1136326715350151
0.28273922204971313 -0.03328651934862137 0.13642975687980652
0.29268062114715576 -0.026909776031970978 0.1582375019788742
0.30328822135925293 -0.021330947056412697 0.1790604591369629
0.31455013155937195 -0.016540031880140305 0.19890320301055908
0.3264545798301697 -0.012526856735348701 0.21777063608169556
0.33898958563804626 -0.009281272068619728 0.23566727340221405
0.3521432876586914 -0.006792983505874872 0.25259801745414734
0.3659035563468933 -0.005051692947745323 0.26856744289398193
0.3802582323551178 -0.004046983551234007 0.2835801839828491
0.39519524574279785 -0.003768403083086014 0.2976410388946533
0.41070231795310974 -0.004205440636724234 0.3107543885707855
0.42676740884780884 -0.005347531288862228 0.3229251503944397
0.44337794184684753 -0.007184043992310762 0.3341574966907501
0.4605218172073364 -0.009704317897558212 0.3444560468196869
0.4781864583492279 -0.01289762556552887 0.35382509231567383
0.4963594377040863 -0.01675320230424404 0.36226892471313477
0.5150282979011536 -0.021260250359773636 0.36979177594184875
0.5341803431510925 -0.026407897472381592 0.3763975501060486
0.5538031458854675 -0.03218529000878334 0.38209035992622375
0.5738840699195862 -0.0385814867913723 0.3868740499019623
0.5944101214408875 -0.04558549076318741 0.39075201749801636
0.6153687238693237 -0.05318634957075119 0.39372798800468445
0.636746883392334 -0.06137297302484512 0.3958052694797516
0.6585320234298706 -0.07013435661792755 0.3969869315624237
0.6807107925415039 -0.07945933192968369 0.3972759246826172
0.7032701969146729 -0.08933675289154053 0.3966750204563141
0.7261971235275269 -0.09975548088550568 0.3951866626739502
0.7494785785675049 -0.11070424318313599 0.392813116312027
0.7731009721755981 -0.12217183411121368 0.3895564079284668
0.30494868755340576 -0.672569990158081 -1.0223629474639893
0.29217198491096497 -0.6385006904602051 -0.9693797826766968
0.28025832772254944 -0.605394721031189 -0.9174750447273254
0.26920151710510254 -0.573249876499176 -0.8666486144065857
0.2589949071407318 -0.5420634746551514 -0.8169000744819641
0.24963174760341644 -0.5118328928947449 -0.7682284712791443
0.24110516905784607 -0.482555091381073 -0.7206330299377441
0.23340798914432526 -0.45422694087028503 -0.6741124391555786
0.226532980799675 -0.4268449544906616 -0.6286651492118835
0.2204725593328476 -0.4004054665565491 -0.584289014339447
0.21521909534931183 -0.3749045431613922 -0.5409821271896362
0.2107648104429245 -0.3503381907939911 -0.4987419843673706
0.20710164308547974 -0.3267020881175995 -0.45756596326828003
0.20422148704528809 -0.30399176478385925 -0.41745105385780334
0.20211607217788696 -0.2822025716304779 -0.378394216299057
0.20077694952487946 -0.2613295912742615 -0.3403918743133545
0.2001955658197403 -0.24136798083782196 -0.30344048142433167
0.20036327838897705 -0.22231242060661316 -0.2675361633300781
0.20127122104167938 -0.20415769517421722 -0.23267489671707153
0.20291049778461456 -0.18689829111099243 -0.19885237514972687
0.20527209341526031 -0.1705285757780075 -0.1660640835762024
0.2083469182252884 -0.1550428718328476 -0.13430547714233398
0.21212565898895264 -0.14043526351451874 -0.10357162356376648
0.21659909188747406 -0.1266998052597046 -0.07385757565498352
0.22175773978233337 -0.11383038759231567 -0.04515816643834114
0.22759220004081726 -0.10182085633277893 -0.017468038946390152
0.2340928465127945 -0.09066486358642578 0.009218280203640461
0.24125011265277863 -0.08035613596439362 0.034906260669231415
0.24905431270599365 -0.07088812440633774 0.0596017986536026
0.2574957013130188 -0.0622544102370739 0.0833105742931366
0.2665645182132721 -0.05444836989045143 0.10603870451450348
0.27625080943107605 -0.04746339097619057 0.12779206037521362
0.2865448594093323 -0.04129277914762497 0.14857697486877441
0.2974366843700409 -0.035929832607507706 0.16839954257011414
0.308916300535202 -0.031367842108011246 0.1872660517692566
0.32097384333610535 -0.027599986642599106 0.2051829844713211
0.3335990905761719 -0.024619534611701965 0.2221565991640091
0.34678220748901367 -0.02241966500878334 0.23819349706172943
0.36051318049430847 -0.020993627607822418 0.25330013036727905
0.37478184700012207 -0.020334629341959953 0.2674829661846161
0.3895781636238098 -0.020435918122529984 0.2807486653327942
0.40489205718040466 -0.021290769800543785 0.2931036055088043
0.42071348428726196 -0.02289249375462532 0.3045545816421509
0.43703243136405945 -0.02523442916572094 0.31510788202285767
0.4538387060165405 -0.02830999158322811 0.3247701823711395
0.4711224138736725 -0.03211263194680214 0.333547979593277
0.48887333273887634 -0.036635879427194595 0.341447651386261
0.5070815682411194 -0.04187335819005966 0.3484756350517273
0.525736927986145 -0.04781871289014816 0.35463815927505493
0.5448296666145325 -0.05446581915020943 0.3599417209625244
0.5643495321273804 -0.0618085078895092 0.3643922507762909
0.584286630153656 -0.06984076648950577 0.367995947599411
0.6046311259269714 -0.07855682820081711 0.3707588315010071
0.6253728270530701 -0.08795082569122314 0.3726866841316223
0.6465021371841431 -0.09801729768514633 0.3737852871417999
0.6680089235305786 -0.10875073075294495 0.3740602135658264
0.6898834705352783 -0.12014586478471756 0.3735169470310211
0.7121158242225647 -0.13219766318798065 0.3721607029438019
0.7346962094306946 -0.14490114152431488 0.3699966073036194
0.7576149106025696 -0.15825167298316956 0.3670295774936676
0.246872216463089 -0.6691717505455017 -0.9922099709510803
0.23733991384506226 -0.6364632248878479 -0.9406915903091431
0.22854925692081451 -0.6046410202980042 -0.8902384638786316
0.22049541771411896 -0.5737054944038391 -0.8408508896827698
0.213173508644104 -0.5436568856239319 -0.7925288081169128
0.206578329205513 -0.514494776725769 -0.7452713847160339
0.20070461928844452 -0.4862191081047058 -0.6990780234336853
0.19554677605628967 -0.45882901549339294 -0.6539472341537476
0.19109922647476196 -0.43232372403144836 -0.6098774671554565
0.18735606968402863 -0.4067021608352661 -0.5668666958808899
0.18431131541728973 -0.38196295499801636 -0.5249126553535461
0.18195880949497223 -0.3581046164035797 -0.4840126931667328
0.18029232323169708 -0.33512556552886963 -0.44416412711143494
0.17930538952350616 -0.3130238652229309 -0.4053633511066437
0.17899145185947418 -0.2917974591255188 -0.36760708689689636
0.17934387922286987 -0.27144402265548706 -0.33089137077331543
0.18035587668418884 -0.25196129083633423 -0.29521214962005615
0.18202053010463715 -0.2333465963602066 -0.26056504249572754
0.18433085083961487 -0.21559731662273407 -0.22694537043571472
0.1872798353433609 -0.19871065020561218 -0.19434839487075806
0.19086022675037384 -0.1826835572719574 -0.16276881098747253
0.19506484270095825 -0.16751298308372498 -0.13220129907131195
0.19988632202148438 -0.1531957983970642 -0.10264027118682861
0.20531730353832245 -0.13972865045070648 -0.07407989352941513
0.2113504260778427 -0.12710821628570557 -0.046514201909303665
0.2179780751466751 -0.11533105373382568 -0.01993696391582489
0.2251928448677063 -0.1043936237692833 0.005658301990479231
0.23298704624176025 -0.09429237991571426 0.03027801215648651
0.24135315418243408 -0.0850236564874649 0.05392909795045853
0.25028353929519653 -0.0765838772058487 0.07661833614110947
0.25977057218551636 -0.06896929442882538 0.0983528271317482
0.26980650424957275 -0.062176257371902466 0.11913973838090897
0.2803838551044464 -0.056201037019491196 0.1389864683151245
0.29149484634399414 -0.05103994905948639 0.15790043771266937
0.30313175916671753 -0.046689342707395554 0.1758890450000763
0.31528711318969727 -0.043145544826984406 0.19296018779277802
0.3279532492160797 -0.04040498286485672 0.2091214507818222
0.34112250804901123 -0.038464080542325974 0.2243807464838028
0.3547874391078949 -0.03731939196586609 0.23874598741531372
0.3689403831958771 -0.036967478692531586 0.25222501158714294
0.3835740089416504 -0.037405043840408325 0.2648259997367859
0.39868074655532837 -0.03862888365983963 0.27655693888664246
0.4142533540725708 -0.040635909885168076 0.2874259054660797
0.43028444051742554 -0.04342315346002579 0.2974410951137543
0.44676682353019714 -0.04698782041668892 0.306610643863678
0.4636932611465454 -0.051327239722013474 0.3149426579475403
0.4810566008090973 -0.05643892660737038 0.322445273399353
0.498850017786026 -0.06232062727212906 0.3291267156600952
0.5170663595199585 -0.0689702033996582 0.33499500155448914
0.5356990098953247 -0.07638585567474365 0.340058296918869
0.5547411441802979 -0.08456595242023468 0.34432458877563477
0.5741860866546631 -0.09350906312465668 0.3478018641471863
0.5940274596214294 -0.10321420431137085 0.3504980504512787
0.6142587065696716 -0.11368049681186676 0.3524210453033447
0.6348737478256226 -0.12490753829479218 0.35357865691185
0.655866265296936 -0.13689516484737396 0.3539784550666809
0.6772303581237793 -0.14964352548122406 0.35362815856933594
0.6989601850509644 -0.16315333545207977 0.3525351881980896
0.7210499048233032 -0.17742548882961273 0.3507068455219269
0.7434941530227661 -0.1924615502357483 0.34815043210983276
0.1911049336194992 -0.6661141514778137 -0.9597834944725037
0.18478268384933472 -0.6347485184669495 -0.9099774956703186
0.1790764033794403 -0.6041959524154663 -0.8612110614776611
0.17398299276828766 -0.5744593143463135 -0.8134850859642029
0.16949911415576935 -0.5455408096313477 -0.7667991518974304
0.16562135517597198 -0.5174425840377808 -0.7211531400680542
0.16234610974788666 -0.49016669392585754 -0.6765462756156921
0.15966962277889252 -0.46371492743492126 -0.632977306842804
0.15758801996707916 -0.438088595867157 -0.5904446244239807
0.15609726309776306 -0.41328907012939453 -0.5489464998245239
0.15519320964813232 -0.3893173933029175 -0.5084803700447083
0.1548716127872467 -0.3661743700504303 -0.4690437316894531
0.1551280915737152 -0.34386077523231506 -0.43063339591026306
0.1559581756591797 -0.3223770558834076 -0.39324599504470825
0.15735729038715363 -0.30172351002693176 -0.35687780380249023
0.15932075679302216 -0.2819002568721771 -0.3215247392654419
0.16184383630752563 -0.2629074156284332 -0.28718239068984985
0.16492174565792084 -0.24474473297595978 -0.25384607911109924
0.1685495376586914 -0.22741197049617767 -0.22151075303554535
0.17272233963012695 -0.21090880036354065 -0.1901712566614151
0.17743511497974396 -0.19523459672927856 -0.1598217785358429
0.1826828420162201 -0.18038885295391083 -0.13045665621757507
0.1884603649377823 -0.16637077927589417 -0.1020696833729744
0.194762721657753 -0.15317964553833008 -0.07465450465679169
0.20158465206623077 -0.1408146172761917 -0.048204563558101654
0.20892107486724854 -0.12927475571632385 -0.02271300181746483
0.2167668491601944 -0.1185591071844101 0.00182730529922992
0.22511674463748932 -0.10866674780845642 0.02542349137365818
0.23396578431129456 -0.09959664195775986 0.04808317497372627
0.2433086782693863 -0.0913478285074234 0.06981385499238968
0.2531404495239258 -0.08391925692558289 0.09062347561120987
0.26345592737197876 -0.0773100033402443 0.11051996052265167
0.2742501199245453 -0.07151909917593002 0.12951159477233887
0.2855181097984314 -0.06654566526412964 0.14760658144950867
0.29725489020347595 -0.06238890811800957 0.16481338441371918
0.3094555735588074 -0.05904802307486534 0.18114060163497925
0.3221154510974884 -0.05652241408824921 0.1965969204902649
0.3352297246456146 -0.05481148511171341 0.21119117736816406
0.3487938642501831 -0.0539148673415184 0.22493228316307068
0.362803190946579 -0.053832244127988815 0.23782916367053986
0.3772534430027008 -0.054563507437705994 0.2498910278081894
0.39214012026786804 -0.05610870197415352 0.26112693548202515
0.40745916962623596 -0.05846809595823288 0.2715461254119873
0.4232064187526703 -0.06164214387536049 0.28115788102149963
0.43937796354293823 -0.06563153117895126 0.2899715304374695
0.45597001910209656 -0.07043720781803131 0.297996461391449
0.4729789197444916 -0.07606038451194763 0.3052419126033783
0.4904012978076935 -0.0825025886297226 0.3117174208164215
0.5082336664199829 -0.08976561576128006 0.31743237376213074
0.5264730453491211 -0.0978517010807991 0.32239609956741333
0.5451165437698364 -0.10676334798336029 0.3266180455684662
0.5641613602638245 -0.11650343239307404 0.3301076292991638
0.583605170249939 -0.1270754188299179 0.33287423849105835
0.6034454107284546 -0.1384829431772232 0.3349270224571228
0.6236804723739624 -0.1507304608821869 0.33627548813819885
0.6443082094192505 -0.16382262110710144 0.33692872524261475
0.665327250957489 -0.17776475846767426 0.3368959426879883
0.6867364645004272 -0.19256286323070526 0.33618634939193726
0.7085347175598145 -0.20822328329086304 0.3348088264465332
0.7307218313217163 -0.22475339472293854 0.33277246356010437
0.13764910399913788 -0.6633481979370117 -0.9251596331596375
0.13450144231319427 -0.6333047151565552 -0.8773056268692017
0.13184010982513428 -0.6040047407150269 -0.8304531574249268
0.1296636164188385 -0.5754529237747192 -0.7846029996871948
0.12797051668167114 -0.5476536750793457 -0.7397555112838745
0.12675915658473969 -0.5206114053726196 -0.6959105134010315
0.12602777779102325 -0.4943302571773529 -0.6530676484107971
0.1257745623588562 -0.46881380677223206 -0.6112256646156311
0.12599752843379974 -0.444065660238266 -0.5703831315040588
0.1266947239637375 -0.42008939385414124 -0.5305385589599609
0.12786397337913513 -0.39688801765441895 -0.49168941378593445
0.12950314581394196 -0.3744647204875946 -0.45383310317993164
0.13160991668701172 -0.35282206535339355 -0.41696661710739136
0.13418203592300415 -0.3319629728794098 -0.3810864984989166
0.13721716403961182 -0.3118898272514343 -0.34618911147117615
0.14071282744407654 -0.2926049530506134 -0.31227007508277893
0.1446666270494461 -0.2741105556488037 -0.27932509779930115
0.14907605946063995 -0.2564086616039276 -0.24734917283058167
0.15393862128257751 -0.23950128257274628 -0.21633724868297577
0.15925179421901703 -0.22339029610157013 -0.1862838864326477
0.16501304507255554 -0.20807737112045288 -0.15718314051628113
0.1712198108434677 -0.19356414675712585 -0.12902896106243134
0.17786960303783417 -0.17985227704048157 -0.10181505978107452
0.18495991826057434 -0.1669432520866394 -0.07553468644618988
0.1924881935119629 -0.15483856201171875 -0.050180982798337936
0.20045205950737 -0.1435396373271942 -0.02574675716459751
0.2088490128517151 -0.13304786384105682 -0.002224514028057456
0.21767666935920715 -0.12336474657058716 0.02039322815835476
0.22693279385566711 -0.11449164152145386 0.04211454093456268
0.23661503195762634 -0.1064300537109375 0.06294731050729752
0.24672125279903412 -0.09918143600225449 0.08289997279644012
0.25724923610687256 -0.09274733066558838 0.10198087990283966
0.26819711923599243 -0.08712935447692871 0.1201988086104393
0.27956295013427734 -0.08232921361923218 0.13756254315376282
0.2913447618484497 -0.07834872603416443 0.15408095717430115
0.30354103446006775 -0.07518980652093887 0.16976334154605865
0.316150039434433 -0.07285451143980026 0.18461881577968597
0.32917046546936035 -0.07134507596492767 0.19865691661834717
0.3426010310649872 -0.0706639289855957 0.21188710629940033
0.3564404845237732 -0.0708136335015297 0.2243189662694931
0.37068796157836914 -0.07179703563451767 0.23596233129501343
0.3853425681591034 -0.07361718267202377 0.2468268722295761
0.4004039466381073 -0.07627743482589722 0.2569226622581482
0.41587138175964355 -0.07978137582540512 0.2662595510482788
0.4317449629306793 -0.08413295447826385 0.2748476564884186
0.448024719953537 -0.08933643251657486 0.28269708156585693
0.46471071243286133 -0.09539641439914703 0.2898178696632385
0.4818037748336792 -0.10231795161962509 0.2962203621864319
0.49930453300476074 -0.1101064383983612 0.30191469192504883
0.517214298248291 -0.11876784265041351 0.3069111704826355
0.5355342030525208 -0.1283084750175476 0.3112199604511261
0.5542661547660828 -0.13873520493507385 0.3148513734340668
0.573412299156189 -0.15005558729171753 0.3178158104419708
0.5929747223854065 -0.16227750480175018 0.3201233446598053
0.6129565238952637 -0.17540976405143738 0.3217844069004059
0.6333608627319336 -0.1894616186618805 0.322809100151062
0.6541910767555237 -0.2044430822134018 0.3232077956199646
0.6754515767097473 -0.22036506235599518 0.3229905664920807
0.697146475315094 -0.2372390329837799 0.3221675753593445
0.7192812561988831 -0.25507768988609314 0.32074904441833496
0.08650905638933182 -0.6608243584632874 -0.8884152173995972
0.08649919182062149 -0.6320791244506836 -0.8427445292472839
0.08684206753969193 -0.6040112376213074 -0.7980248928070068
0.08753811568021774 -0.5766271948814392 -0.7542573809623718
0.0885876938700676 -0.5499335527420044 -0.7114428281784058
0.08999110013246536 -0.5239360332489014 -0.6695812940597534
0.09174858778715134 -0.49864092469215393 -0.6286724805831909
0.09386036545038223 -0.47405365109443665 -0.5887157320976257
0.09632664173841476 -0.45017993450164795 -0.5497099161148071
0.09914752840995789 -0.4270249307155609 -0.5116534233093262
0.10232315212488174 -0.4045937657356262 -0.4745440185070038
0.1058536171913147 -0.3828914165496826 -0.4383794665336609
0.10973900556564331 -0.36192259192466736 -0.4031567871570587
0.11397942900657654 -0.3416919708251953 -0.368872731924057
0.11857490241527557 -0.32220402359962463 -0.33552369475364685
0.12352556735277176 -0.3034629821777344 -0.30310550332069397
0.12883149087429047 -0.28547316789627075 -0.2716138958930969
0.13449278473854065 -0.2682385742664337 -0.24104398488998413
0.14050962030887604 -0.2517632246017456 -0.21139079332351685
0.14688213169574738 -0.23605100810527802 -0.18264885246753693
0.15361052751541138 -0.22110562026500702 -0.1548122614622116
0.1606951206922531 -0.20693090558052063 -0.12787505984306335
0.16813616454601288 -0.19353049993515015 -0.10183089226484299
0.1759341061115265 -0.18090803921222687 -0.07667294889688492
0.18408934772014618 -0.1690671741962433 -0.05239441990852356
0.19260245561599731 -0.15801145136356354 -0.028988013043999672
0.20147402584552765 -0.14774444699287415 -0.00644618459045887
0.2107047438621521 -0.13826985657215118 0.015238640829920769
0.2202955037355423 -0.12959124147891998 0.03607457876205444
0.23024718463420868 -0.12171238660812378 0.05606968700885773
0.2405608743429184 -0.11463699489831924 0.07523246854543686
0.2512377202510834 -0.10836896300315857 0.09357142448425293
0.2622791528701782 -0.10291221737861633 0.11109546571969986
0.27368658781051636 -0.09827084839344025 0.12781351804733276
0.2854616940021515 -0.09444909542798996 0.1437346488237381
0.29760634899139404 -0.09145129472017288 0.15886825323104858
0.3101224899291992 -0.08928205072879791 0.17322374880313873
0.32301241159439087 -0.08794613182544708 0.18681079149246216
0.3362785577774048 -0.08744852989912033 0.19963908195495605
0.3499235212802887 -0.0877944752573967 0.21171842515468597
0.363950252532959 -0.08898952603340149 0.22305887937545776
0.37836188077926636 -0.0910394936800003 0.2336704134941101
0.3931618928909302 -0.0939505398273468 0.24356326460838318
0.40835386514663696 -0.0977291613817215 0.25274762511253357
0.4239419102668762 -0.10238227993249893 0.261233925819397
0.43993034958839417 -0.1079171821475029 0.26903247833251953
0.4563237726688385 -0.1143416240811348 0.2761537730693817
0.47312718629837036 -0.12166385352611542 0.2826083302497864
0.4903460443019867 -0.12989263236522675 0.28840672969818115
0.5079861283302307 -0.13903728127479553 0.29355955123901367
0.5260536074638367 -0.1491076797246933 0.29807746410369873
0.5445550680160522 -0.1601143330335617 0.3019711673259735
0.5634976625442505 -0.1720685213804245 0.30525124073028564
0.5828890204429626 -0.1849820911884308 0.30792850255966187
0.602737307548523 -0.19886785745620728 0.31001365184783936
0.6230511665344238 -0.21373926103115082 0.3115173876285553
0.6438396573066711 -0.22961066663265228 0.3124504089355469
0.6651128530502319 -0.24649754166603088 0.3128235340118408
0.686881422996521 -0.2644160985946655 0.31264740228652954
0.709156334400177 -0.28338390588760376 0.3119327127933502
0.037690769881010056 -0.6584925055503845 -0.8496273756027222
0.040780264884233475 -0.631018340587616 -0.806363046169281
0.0440852977335453 -0.604158878326416 -0.7639873027801514
0.04760820418596268 -0.5779224038124084 -0.7225015163421631
0.05135134980082512 -0.5523167848587036 -0.6819068193435669
0.05531711131334305 -0.5273498296737671 -0.6422036290168762
0.05950789526104927 -0.503028929233551 -0.6033921837806702
0.06392612308263779 -0.4793616533279419 -0.5654720067977905
0.06857427209615707 -0.45635509490966797 -0.5284423232078552
0.0734548345208168 -0.43401631712913513 -0.49230197072029114
0.07857033610343933 -0.4123520851135254 -0.45704907178878784
0.08392336219549179 -0.3913690745830536 -0.4226815402507782
0.08951655775308609 -0.371073842048645 -0.3891969621181488
0.09535259008407593 -0.35147279500961304 -0.35659220814704895
0.10143422335386276 -0.3325721025466919 -0.32486408948898315
0.10776423662900925 -0.31437790393829346 -0.29400864243507385
0.11434556543827057 -0.29689621925354004 -0.2640220820903778
0.12118112295866013 -0.2801329493522644 -0.234899640083313
0.12827396392822266 -0.26409387588500977 -0.20663665235042572
0.13562722504138947 -0.24878479540348053 -0.17922797799110413
0.14324413239955902 -0.23421131074428558 -0.1526680290699005
0.15112800896167755 -0.2203790545463562 -0.12695102393627167
0.15928229689598083 -0.20729364454746246 -0.10207083076238632
0.16771060228347778 -0.19496062397956848 -0.07802106440067291
0.1764165610074997 -0.18338552117347717 -0.05479500815272331
0.1854039877653122 -0.17257392406463623 -0.0323856845498085
0.19467692077159882 -0.16253134608268738 -0.010785799473524094
0.20423933863639832 -0.15326349437236786 0.010011991485953331
0.21409568190574646 -0.14477595686912537 0.030015617609024048
0.22425025701522827 -0.1370745599269867 0.0492328517138958
0.2347077876329422 -0.13016511499881744 0.0676720067858696
0.2454730123281479 -0.12405358999967575 0.08534136414527893
0.2565510869026184 -0.1187460795044899 0.1022496223449707
0.26794710755348206 -0.11424880474805832 0.11840548366308212
0.279666543006897 -0.11056824773550034 0.13381782174110413
0.29171520471572876 -0.10771097242832184 0.1484958976507187
0.3040989637374878 -0.10568387806415558 0.16244880855083466
0.3168240785598755 -0.10449402034282684 0.17568612098693848
0.32989701628685 -0.10414877533912659 0.18821731209754944
0.3433246314525604 -0.10465581715106964 0.20005202293395996
0.3571140468120575 -0.10602312535047531 0.21120011806488037
0.37127262353897095 -0.10825904458761215 0.2216714471578598
0.38580822944641113 -0.11137232929468155 0.2314760386943817
0.4007290303707123 -0.11537211388349533 0.24062398076057434
0.41604357957839966 -0.12026802450418472 0.24912546575069427
0.4317609369754791 -0.12607014179229736 0.2569907307624817
0.44789037108421326 -0.13278907537460327 0.2642301321029663
0.46444183588027954 -0.14043600857257843 0.27085405588150024
0.48142561316490173 -0.14902271330356598 0.2768729031085968
0.49885275959968567 -0.15856167674064636 0.282297283411026
0.5167346000671387 -0.16906596720218658 0.28713762760162354
0.535082995891571 -0.18054942786693573 0.2914045453071594
0.5539107918739319 -0.19302679598331451 0.2951086759567261
0.573231041431427 -0.20651347935199738 0.2982606887817383
0.5930579304695129 -0.22102601826190948 0.3008711636066437
0.6134058833122253 -0.23658163845539093 0.30295082926750183
0.6342903971672058 -0.2531988322734833 0.3045103847980499
0.6557278037071228 -0.2708970904350281 0.30556052923202515
0.6777352094650269 -0.2896970510482788 0.30611202120780945
0.7003306150436401 -0.30962073802948 0.30617550015449524
-0.008797386661171913 -0.6563020348548889 -0.8088744878768921
-0.0026488297153264284 -0.6300684809684753 -0.7682316899299622
0.003574566449970007 -0.604390561580658 -0.728402853012085
0.009877203032374382 -0.579277753829956 -0.6893898248672485
0.016263579949736595 -0.5547395348548889 -0.651194155216217
0.02273830585181713 -0.5307851433753967 -0.6138169169425964
0.0293060764670372 -0.507423460483551 -0.5772586464881897
0.03597170487046242 -0.4846634566783905 -0.541519284248352
0.042740121483802795 -0.4625137448310852 -0.5065985321998596
0.04961634427309036 -0.4409828782081604 -0.4724958837032318
0.05660553276538849 -0.42007917165756226 -0.4392097294330597
0.0637129470705986 -0.3998108208179474 -0.40673860907554626
0.07094394415616989 -0.3801860511302948 -0.37508049607276917
0.07830407470464706 -0.3612126410007477 -0.34423285722732544
0.08579893410205841 -0.34289854764938354 -0.3141929507255554
0.09343431144952774 -0.32525137066841125 -0.2849574387073517
0.10121610015630722 -0.308278888463974 -0.2565228343009949
0.10915036499500275 -0.2919884920120239 -0.22888508439064026
0.11724325269460678 -0.2763877213001251 -0.20203997194766998
0.1255010962486267 -0.26148393750190735 -0.17598284780979156
0.13393047451972961 -0.24728457629680634 -0.15070869028568268
0.14253796637058258 -0.2337968498468399 -0.1262122541666031
0.15133044123649597 -0.2210281789302826 -0.10248803347349167
0.1603149026632309 -0.20898573100566864 -0.0795300230383873
0.16949854791164398 -0.1976768523454666 -0.05733214691281319
0.1788887083530426 -0.18710890412330627 -0.035887960344552994
0.18849307298660278 -0.17728915810585022 -0.015190714970231056
0.19831933081150055 -0.16822515428066254 0.004766412544995546
0.20837557315826416 -0.15992434322834015 0.02399071864783764
0.21866998076438904 -0.1523943841457367 0.04248947650194168
0.22921112179756165 -0.145642951130867 0.06027042120695114
0.24000762403011322 -0.13967791199684143 0.07734125852584839
0.2510686218738556 -0.13450732827186584 0.09371014684438705
0.262403279542923 -0.13013938069343567 0.10938519239425659
0.2740212082862854 -0.1265825480222702 0.12437471002340317
0.2859323024749756 -0.12384539097547531 0.1386873722076416
0.29814666509628296 -0.12193690240383148 0.15233175456523895
0.3106749355792999 -0.12086623907089233 0.16531679034233093
0.3235280215740204 -0.12064293026924133 0.17765139043331146
0.33671706914901733 -0.12127681821584702 0.18934465944766998
0.3502538800239563 -0.12277812510728836 0.20040586590766907
0.36415037512779236 -0.12515749037265778 0.2108442187309265
0.3784191906452179 -0.12842600047588348 0.22066925466060638
0.3930732011795044 -0.13259516656398773 0.22989045083522797
0.40812599658966064 -0.13767710328102112 0.23851743340492249
0.4235914349555969 -0.14368438720703125 0.24655985832214355
0.4394841194152832 -0.15063023567199707 0.25402748584747314
0.45581910014152527 -0.15852852165699005 0.2609301209449768
0.47261205315589905 -0.16739371418952942 0.26727762818336487
0.48987945914268494 -0.17724116146564484 0.2730799913406372
0.5076382756233215 -0.18808689713478088 0.2783471345901489
0.5259062647819519 -0.1999477595090866 0.2830891013145447
0.5447019338607788 -0.21284162998199463 0.28731587529182434
0.5640445947647095 -0.22678712010383606 0.29103758931159973
0.5839546918869019 -0.24180424213409424 0.29426437616348267
0.6044530868530273 -0.2579137086868286 0.2970062792301178
0.6255618929862976 -0.2751375734806061 0.2992735207080841
0.6473044157028198 -0.293499231338501 0.301076203584671
0.6697047352790833 -0.31302326917648315 0.3024245798587799
0.6927883625030518 -0.33373576402664185 0.3033287823200226
-0.05294547230005264 -0.6542016267776489 -0.7662360072135925
-0.04378033056855202 -0.6291747093200684 -0.728421688079834
-0.03468428552150726 -0.6046478152275085 -0.6913348436355591
-0.02565072663128376 -0.580631673336029 -0.6549779772758484
-0.016672875732183456 -0.5571367740631104 -0.6193530559539795
-0.007743749767541885 -0.5341735482215881 -0.5844616293907166
0.001143816509284079 -0.5117525458335876 -0.5503048896789551
0.009997185319662094 -0.48988381028175354 -0.5168834924697876
0.01882391981780529 -0.46857720613479614 -0.4841977059841156
0.02763175778090954 -0.44784265756607056 -0.4522473216056824
0.03642866387963295 -0.42768988013267517 -0.4210318624973297
0.04522277042269707 -0.40812844038009644 -0.3905501961708069
0.0540224127471447 -0.3891678750514984 -0.3608011305332184
0.06283612549304962 -0.37081730365753174 -0.331782728433609
0.07167264074087143 -0.3530862331390381 -0.30349302291870117
0.08054093271493912 -0.33598366379737854 -0.27592945098876953
0.08945009857416153 -0.31951868534088135 -0.24908915162086487
0.09840952605009079 -0.3037002682685852 -0.2229689061641693
0.10742876678705215 -0.2885374426841736 -0.19756530225276947
0.11651760339736938 -0.27403900027275085 -0.17287442088127136
0.12568606436252594 -0.26021379232406616 -0.14889204502105713
0.134944349527359 -0.24707072973251343 -0.1256137639284134
0.14430294930934906 -0.23461854457855225 -0.10303483158349991
0.15377256274223328 -0.22286617755889893 -0.08115016669034958
0.16336411237716675 -0.21182246506214142 -0.05995446816086769
0.17308881878852844 -0.20149627327919006 -0.03944217786192894
0.18295814096927643 -0.19189655780792236 -0.019607406109571457
0.19298380613327026 -0.18303249776363373 -0.0004442411009222269
0.20317783951759338 -0.17491307854652405 0.01805376634001732
0.21355248987674713 -0.16754771769046783 0.03589298948645592
0.22412046790122986 -0.16094574332237244 0.0530802458524704
0.2348945289850235 -0.1551167368888855 0.06962233781814575
0.2458881139755249 -0.15007048845291138 0.0855264812707901
0.2571146488189697 -0.14581698179244995 0.10079988092184067
0.2685881555080414 -0.1423664093017578 0.11544991284608841
0.2803229093551636 -0.13972923159599304 0.12948426604270935
0.2923336625099182 -0.13791625201702118 0.14291062951087952
0.30463549494743347 -0.13693851232528687 0.15573690831661224
0.3172439932823181 -0.13680750131607056 0.16797108948230743
0.33017513155937195 -0.1375349760055542 0.17962130904197693
0.34344545006752014 -0.13913321495056152 0.19069580733776093
0.3570718765258789 -0.1416148841381073 0.2012028694152832
0.3710719645023346 -0.1449931412935257 0.21115104854106903
0.38546377420425415 -0.14928174018859863 0.22054876387119293
0.40026596188545227 -0.15449492633342743 0.22940465807914734
0.41549789905548096 -0.16064758598804474 0.23772744834423065
0.431179404258728 -0.16775526106357574 0.2455257922410965
0.4473312497138977 -0.17583420872688293 0.252808541059494
0.4639746844768524 -0.1849014312028885 0.25958451628685
0.48113203048706055 -0.19497476518154144 0.2658626437187195
0.498826265335083 -0.20607295632362366 0.27165186405181885
0.5170812606811523 -0.21821549534797668 0.27696114778518677
0.5359218120574951 -0.23142318427562714 0.2817994952201843
0.5553736686706543 -0.2457175850868225 0.2861759066581726
0.5754639506340027 -0.2611216604709625 0.29009953141212463
0.5962204337120056 -0.2776593565940857 0.2935793101787567
0.6176724433898926 -0.2953561246395111 0.29662439227104187
0.639850378036499 -0.3142387568950653 0.2992439270019531
0.6627861857414246 -0.3343353867530823 0.30144694447517395
0.6865131258964539 -0.35567596554756165 0.3032425045967102
-0.09474166482686996 -0.6521391272544861 -0.7217921614646912
-0.08260486274957657 -0.6282815337181091 -0.6870052218437195
-0.0706840455532074 -0.6048716306686401 -0.6528475284576416
-0.05897029489278793 -0.5819212794303894 -0.6193223595619202
-0.0474543571472168 -0.5594420433044434 -0.5864320397377014
-0.036126744002103806 -0.5374454855918884 -0.5541788935661316
-0.02497764490544796 -0.515943169593811 -0.5225648283958435
-0.013996950350701809 -0.49494606256484985 -0.4915912449359894
-0.0031743065919727087 -0.4744655191898346 -0.461259126663208
0.007500932086259127 -0.45451250672340393 -0.4315691888332367
0.018039727583527565 -0.4350977838039398 -0.4025215208530426
0.028453286737203598 -0.41623225808143616 -0.3741162121295929
0.03875308483839035 -0.3979265093803406 -0.34635257720947266
0.0489509142935276 -0.3801911473274231 -0.3192298710346222
0.05905879661440849 -0.3630366921424866 -0.29274699091911316
0.06908909976482391 -0.34647345542907715 -0.26690220832824707
0.07905437797307968 -0.33051174879074097 -0.24169379472732544
0.08896755427122116 -0.31516194343566895 -0.2171195149421692
0.09884174913167953 -0.3004342019557953 -0.19317692518234253
0.10869041830301285 -0.286338746547699 -0.16986322402954102
0.11852734535932541 -0.2728857398033142 -0.14717529714107513
0.12836651504039764 -0.2600853741168976 -0.1251097470521927
0.13822223246097565 -0.2479477971792221 -0.10366301238536835
0.14810918271541595 -0.23648326098918915 -0.08283109962940216
0.15804223716259003 -0.22570200264453888 -0.06260991096496582
0.16803665459156036 -0.21561430394649506 -0.04299502447247505
0.17810800671577454 -0.20623056590557098 -0.02398175187408924
0.188272163271904 -0.1975613236427307 -0.005565378814935684
0.198545441031456 -0.1896171122789383 0.012259318493306637
0.20894433557987213 -0.18240873515605927 0.029497483745217323
0.21948584914207458 -0.17594707012176514 0.04615465924143791
0.2301872819662094 -0.17024320363998413 0.06223641335964203
0.24106642603874207 -0.16530844569206238 0.07774867117404938
0.25214138627052307 -0.1611543595790863 0.09269734472036362
0.2634305953979492 -0.15779273211956024 0.10708849877119064
0.2749532163143158 -0.15523560345172882 0.12092854827642441
0.2867286503314972 -0.15349547564983368 0.1342237889766693
0.29877686500549316 -0.15258502960205078 0.14698083698749542
0.31111830472946167 -0.15251746773719788 0.1592063307762146
0.32377389073371887 -0.15330630540847778 0.17090697586536407
0.336765319108963 -0.1549656093120575 0.18208973109722137
0.3501145839691162 -0.15750983357429504 0.19276145100593567
0.3638446629047394 -0.1609540730714798 0.20292928814888
0.3779788315296173 -0.1653139591217041 0.21260026097297668
0.39254137873649597 -0.17060568928718567 0.2217816561460495
0.40755701065063477 -0.1768461912870407 0.2304806262254715
0.4230514466762543 -0.18405310809612274 0.23870451748371124
0.4390513002872467 -0.19224484264850616 0.24646073579788208
0.45558369159698486 -0.20144054293632507 0.2537565529346466
0.47267720103263855 -0.2116604447364807 0.2605994939804077
0.49036091566085815 -0.2229255735874176 0.26699697971343994
0.5086652040481567 -0.23525792360305786 0.2729564309120178
0.5276216864585876 -0.24868083000183105 0.2784854769706726
0.5472627282142639 -0.2632184326648712 0.28359147906303406
0.5676226019859314 -0.2788965702056885 0.2882820665836334
0.5887364149093628 -0.2957419455051422 0.29256466031074524
0.6106407642364502 -0.31378304958343506 0.29644685983657837
0.6333740949630737 -0.3330497443675995 0.29993611574172974
0.6569762229919434 -0.3535735309123993 0.30303987860679626
0.6814889311790466 -0.3753877580165863 0.30576571822166443
-0.134172260761261 -0.6500619053840637 -0.6756245493888855
-0.11911144852638245 -0.6273326873779297 -0.6440560817718506
-0.10441620647907257 -0.6050022840499878 -0.6130068898200989
-0.09007512778043747 -0.5830833315849304 -0.5824807286262512
-0.07607637345790863 -0.5615885853767395 -0.5524811148643494
-0.0624077171087265 -0.5405303835868835 -0.5230110883712769
-0.04905656352639198 -0.5199209451675415 -0.4940733313560486
-0.03600989654660225 -0.49977266788482666 -0.46567007899284363
-0.023254357278347015 -0.4800976812839508 -0.43780335783958435
-0.010776221752166748 -0.46090787649154663 -0.4104747772216797
0.0014386686962097883 -0.4422151744365692 -0.3836855888366699
0.01340477168560028 -0.4240313172340393 -0.35743680596351624
0.025136925280094147 -0.4063681364059448 -0.331728994846344
0.036650341004133224 -0.3892371952533722 -0.306562602519989
0.0479605570435524 -0.37264999747276306 -0.2819373905658722
0.05908350273966789 -0.3566180169582367 -0.2578531801700592
0.0700354129076004 -0.34115275740623474 -0.23430928587913513
0.08083294332027435 -0.32626548409461975 -0.21130481362342834
0.09149301052093506 -0.311967670917511 -0.1888386756181717
0.10203295201063156 -0.29827070236206055 -0.1669093668460846
0.11247041821479797 -0.28518563508987427 -0.1455150693655014
0.12282346934080124 -0.27272406220436096 -0.1246538981795311
0.13311044871807098 -0.2608972191810608 -0.1043236255645752
0.14335013926029205 -0.24971655011177063 -0.08452174812555313
0.15356165170669556 -0.23919351398944855 -0.06524564325809479
0.16376444697380066 -0.22933964431285858 -0.04649236425757408
0.17397844791412354 -0.22016651928424835 -0.028258752077817917
0.18422386050224304 -0.21168597042560577 -0.010541615076363087
0.1945214420557022 -0.203909769654274 0.006662704516202211
0.20489218831062317 -0.1968500316143036 0.023357773199677467
0.21535764634609222 -0.19051888585090637 0.03954754397273064
0.22593972086906433 -0.18492883443832397 0.05523596704006195
0.2366608828306198 -0.1800924688577652 0.0704273208975792
0.24754402041435242 -0.1760227233171463 0.0851258710026741
0.25861236453056335 -0.17273277044296265 0.09933602064847946
0.2698899507522583 -0.17023611068725586 0.11306250840425491
0.281401127576828 -0.16854660212993622 0.12630988657474518
0.2931709289550781 -0.16767847537994385 0.139083132147789
0.30522483587265015 -0.1676463782787323 0.1513870507478714
0.3175891637802124 -0.16846540570259094 0.16322670876979828
0.33029070496559143 -0.17015115916728973 0.17460724711418152
0.3433569073677063 -0.17271968722343445 0.1855337768793106
0.35681620240211487 -0.17618776857852936 0.19601158797740936
0.3706974685192108 -0.18057265877723694 0.2060459554195404
0.3850306272506714 -0.18589235842227936 0.2156423032283783
0.3998463749885559 -0.1921655237674713 0.22480598092079163
0.41517624258995056 -0.19941164553165436 0.23354247212409973
0.43105292320251465 -0.2076510488986969 0.24185727536678314
0.44750988483428955 -0.21690481901168823 0.24975581467151642
0.4645819365978241 -0.22719521820545197 0.25724372267723083
0.4823049306869507 -0.23854535818099976 0.26432639360427856
0.5007158517837524 -0.2509794533252716 0.2710094749927521
0.5198531746864319 -0.2645230293273926 0.2772984504699707
0.5397565960884094 -0.2792026698589325 0.2831987738609314
0.5604676604270935 -0.29504653811454773 0.28871604800224304
0.5820290446281433 -0.3120840787887573 0.2938556373119354
0.6044854521751404 -0.3303462266921997 0.29862308502197266
0.6278833746910095 -0.3498658537864685 0.3030237555503845
0.652271032333374 -0.37067723274230957 0.30706295371055603
0.677699089050293 -0.3928169012069702 0.3107460141181946
-0.17122197151184082 -0.6479161977767944 -0.6278162002563477
-0.15328779816627502 -0.6262706518173218 -0.5996489524841309
-0.13587121665477753 -0.6049785017967224 -0.5718794465065002
-0.11895805597305298 -0.584053099155426 -0.544512152671814
-0.10253380239009857 -0.5635077953338623 -0.517551600933075
-0.08658330142498016 -0.5433558821678162 -0.49100154638290405
-0.07109096646308899 -0.5236104130744934 -0.46486592292785645
-0.05604074150323868 -0.5042845010757446 -0.43914806842803955
-0.041416045278310776 -0.48539113998413086 -0.41385120153427124
-0.027199886739253998 -0.4669429659843445 -0.3889780342578888
-0.013374758884310722 -0.448952853679657 -0.36453115940093994
7.72684215917252e-05 -0.43143337965011597 -0.3405126929283142
0.013174542225897312 -0.4143972098827362 -0.3169248402118683
0.025935936719179153 -0.39785686135292053 -0.29376909136772156
0.03838064894080162 -0.3818247318267822 -0.2710469663143158
0.05052840709686279 -0.36631324887275696 -0.24875961244106293
0.06239929050207138 -0.35133475065231323 -0.22690795361995697
0.074013851583004 -0.33690160512924194 -0.20549258589744568
0.0853930115699768 -0.32302606105804443 -0.18451400101184845
0.09655815362930298 -0.30972054600715637 -0.16397236287593842
0.1075310930609703 -0.29699718952178955 -0.14386752247810364
0.11833401024341583 -0.2848684787750244 -0.12419930845499039
0.12898951768875122 -0.2733466625213623 -0.10496719181537628
0.13952071964740753 -0.2624441981315613 -0.08617047220468521
0.14995107054710388 -0.2521735727787018 -0.06780827790498734
0.1603044867515564 -0.2425474226474762 -0.0498795323073864
0.1706053614616394 -0.23357835412025452 -0.03238290548324585
0.1808784455060959 -0.22527922689914703 -0.015317044220864773
0.19114910066127777 -0.21766293048858643 0.0013197539374232292
0.20144301652908325 -0.21074271202087402 0.01752917468547821
0.2117863893508911 -0.20453178882598877 0.033313192427158356
0.22220604121685028 -0.19904381036758423 0.04867381229996681
0.23272918164730072 -0.19429248571395874 0.06361331045627594
0.24338361620903015 -0.19029194116592407 0.0781339481472969
0.2541976571083069 -0.1870565563440323 0.09223811328411102
0.26520031690597534 -0.1846010386943817 0.10592848062515259
0.27642109990119934 -0.1829405128955841 0.11920754611492157
0.2878901958465576 -0.1820904016494751 0.132078155875206
0.2996385097503662 -0.18206672370433807 0.1445430964231491
0.31169751286506653 -0.18288584053516388 0.15660524368286133
0.32409965991973877 -0.1845647096633911 0.16826757788658142
0.33687782287597656 -0.18712079524993896 0.17953307926654816
0.3500661849975586 -0.19057227671146393 0.19040489196777344
0.36369937658309937 -0.19493788480758667 0.20088604092597961
0.3778131902217865 -0.20023708045482635 0.21097972989082336
0.392444372177124 -0.20649011433124542 0.22068911790847778
0.4076305627822876 -0.21371807157993317 0.23001737892627716
0.4234107732772827 -0.22194288671016693 0.23896773159503937
0.4398248791694641 -0.2311873733997345 0.24754329025745392
0.45691442489624023 -0.24147556722164154 0.25574737787246704
0.4747219383716583 -0.25283244252204895 0.26358306407928467
0.49329134821891785 -0.26528400182724 0.2710534334182739
0.5126686096191406 -0.27885791659355164 0.27816176414489746
0.5329006314277649 -0.2935827374458313 0.28491097688674927
0.5540366768836975 -0.30948883295059204 0.2913041412830353
0.5761274099349976 -0.32660791277885437 0.2973442077636719
0.5992256999015808 -0.34497329592704773 0.3030340373516083
0.6233865022659302 -0.36462023854255676 0.3083764314651489
0.6486670970916748 -0.3855857253074646 0.3133740723133087
0.6751274466514587 -0.4079090654850006 0.31802964210510254
-0.20587386190891266 -0.6456475853919983 -0.5784515738487244
-0.18512031435966492 -0.6250373721122742 -0.5538605451583862
-0.1650383472442627 -0.6047384142875671 -0.5295338034629822
-0.14561107754707336 -0.584764838218689 -0.5054769515991211
-0.12682092189788818 -0.5651305913925171 -0.48169565200805664
-0.10864970088005066 -0.5458494424819946 -0.4581948220729828
-0.09107866883277893 -0.5269352197647095 -0.434979647397995
-0.07408847659826279 -0.5084016919136047 -0.41205474734306335
-0.05765923112630844 -0.49026238918304443 -0.38942471146583557
-0.041770461946725845 -0.47253087162971497 -0.3670937418937683
-0.0264010988175869 -0.45522060990333557 -0.3450658917427063
-0.011529588140547276 -0.43834495544433594 -0.32334497570991516
0.002866149879992008 -0.421917200088501 -0.3019345998764038
0.01680874451994896 -0.4059506058692932 -0.2808380126953125
0.030321326106786728 -0.390458345413208 -0.26005852222442627
0.043427545577287674 -0.37545379996299744 -0.23959894478321075
0.05615150183439255 -0.3609498143196106 -0.219462051987648
0.06851784139871597 -0.34695956110954285 -0.19965028762817383
0.08055169135332108 -0.3334963619709015 -0.180166095495224
0.09227856993675232 -0.32057300209999084 -0.1610114574432373
0.1037246435880661 -0.3082028925418854 -0.14218837022781372
0.11491639167070389 -0.2963990271091461 -0.12369859963655472
0.12588092684745789 -0.28517472743988037 -0.10554370284080505
0.13664573431015015 -0.27454307675361633 -0.08772502094507217
0.1472388207912445 -0.26451757550239563 -0.07024385780096054
0.1576886773109436 -0.25511160492897034 -0.053101252764463425
0.16802433133125305 -0.24633872509002686 -0.03629808500409126
0.1782752424478531 -0.2382127046585083 -0.019835233688354492
0.18847155570983887 -0.23074737191200256 -0.0037131933495402336
0.19864365458488464 -0.22395677864551544 0.0120674017816782
0.20882277190685272 -0.21785515546798706 0.027506276965141296
0.21904048323631287 -0.2124570906162262 0.04260309413075447
0.22932912409305573 -0.2077772617340088 0.057357799261808395
0.23972146213054657 -0.2038307636976242 0.07177028805017471
0.25025099515914917 -0.20063301920890808 0.08584055304527283
0.2609519064426422 -0.19819967448711395 0.09956882894039154
0.2718588709831238 -0.19654694199562073 0.1129552349448204
0.28300759196281433 -0.19569136202335358 0.12600015103816986
0.2944342792034149 -0.1956499069929123 0.1387038677930832
0.30617594718933105 -0.1964401751756668 0.15106678009033203
0.31827059388160706 -0.1980801820755005 0.16308937966823578
0.33075693249702454 -0.2005886435508728 0.17477203905582428
0.34367477893829346 -0.2039848417043686 0.18611539900302887
0.357064813375473 -0.20828883349895477 0.19711990654468536
0.37096884846687317 -0.2135213017463684 0.20778614282608032
0.3854296803474426 -0.21970385313034058 0.21811464428901672
0.40049147605895996 -0.22685886919498444 0.228105828166008
0.4161995053291321 -0.23500972986221313 0.23776036500930786
0.4326004683971405 -0.24418078362941742 0.24707859754562378
0.4497425854206085 -0.2543974816799164 0.2560610771179199
0.46767541766166687 -0.26568636298179626 0.26470813155174255
0.4864502251148224 -0.2780752182006836 0.27302005887031555
0.5061201453208923 -0.2915932536125183 0.2809971570968628
0.5267400145530701 -0.3062709867954254 0.2886395752429962
0.5483668446540833 -0.32214051485061646 0.29594743251800537
0.5710597038269043 -0.3392355740070343 0.3029206097126007
0.5948798656463623 -0.3575916290283203 0.3095589578151703
0.619891345500946 -0.37724602222442627 0.31586214900016785
0.6461604833602905 -0.3982381224632263 0.32182976603507996
0.6737567782402039 -0.42060965299606323 0.3274611830711365
-0.23810909688472748 -0.6432007551193237 -0.5276175141334534
-0.214593768119812 -0.6235737204551697 -0.5067692399024963
-0.19190578162670135 -0.6042192578315735 -0.48604029417037964
-0.17002516984939575 -0.5851520895957947 -0.4654374420642853
-0.14893119037151337 -0.566386342048645 -0.44496744871139526
-0.1286025196313858 -0.5479367971420288 -0.4246370196342468
-0.1090170368552208 -0.529817521572113 -0.4044526219367981
-0.09015191346406937 -0.5120427012443542 -0.3844204843044281
-0.0719837099313736 -0.4946267008781433 -0.3645467758178711
-0.05448835343122482 -0.4775834083557129 -0.3448375165462494
-0.037641026079654694 -0.46092694997787476 -0.3252984285354614
-0.02141636423766613 -0.4446711838245392 -0.30593520402908325
-0.005788409151136875 -0.428830087184906 -0.28675341606140137
0.009269466623663902 -0.41341742873191833 -0.2677582800388336
0.023784402757883072 -0.39844709634780884 -0.24895495176315308
0.037784188985824585 -0.383932888507843 -0.23034851253032684
0.05129710212349892 -0.3698884844779968 -0.21194371581077576
0.06435205042362213 -0.356327623128891 -0.19374531507492065
0.07697843015193939 -0.34326407313346863 -0.17575779557228088
0.08920619636774063 -0.33071169257164 -0.15798568725585938
0.10106592625379562 -0.31868407130241394 -0.14043304324150085
0.11258860677480698 -0.30719515681266785 -0.12310406565666199
0.12380582839250565 -0.296258807182312 -0.10600269585847855
0.13474974036216736 -0.2858889400959015 -0.08913274109363556
0.14545297622680664 -0.27609962224960327 -0.07249791920185089
0.15594875812530518 -0.2669049799442291 -0.056101806461811066
0.16627086699008942 -0.25831925868988037 -0.03994777798652649
0.1764535903930664 -0.2503570020198822 -0.024039288982748985
0.18653187155723572 -0.24303267896175385 -0.008379424922168255
0.19654110074043274 -0.23636113107204437 0.007028583902865648
0.20651744306087494 -0.23035742342472076 0.022181810811161995
0.2164975255727768 -0.22503674030303955 0.03707722947001457
0.22651873528957367 -0.2204146534204483 0.051712099462747574
0.23661909997463226 -0.21650707721710205 0.066083624958992
0.24683719873428345 -0.21333014965057373 0.08018901944160461
0.2572125792503357 -0.2109004408121109 0.09402580559253693
0.26778537034988403 -0.20923493802547455 0.10759126394987106
0.27859655022621155 -0.20835106074810028 0.12088299542665482
0.2896878719329834 -0.2082667052745819 0.13389843702316284
0.30110201239585876 -0.20900031924247742 0.14663510024547577
0.312882661819458 -0.21057090163230896 0.15909068286418915
0.32507437467575073 -0.21299810707569122 0.17126259207725525
0.3377228379249573 -0.21630223095417023 0.1831485629081726
0.3508746922016144 -0.2205042690038681 0.1947460174560547
0.364577978849411 -0.22562603652477264 0.20605263113975525
0.3788818418979645 -0.2316901683807373 0.21706590056419373
0.39383676648139954 -0.23872026801109314 0.22778324782848358
0.4094947874546051 -0.24674084782600403 0.23820219933986664
0.425909161567688 -0.25577738881111145 0.24831999838352203
0.44313523173332214 -0.26585671305656433 0.25813406705856323
0.46122968196868896 -0.27700671553611755 0.267641544342041
0.4802511930465698 -0.2892564833164215 0.2768394947052002
0.5002605319023132 -0.3026367723941803 0.2857249081134796
0.5213203430175781 -0.31717947125434875 0.2942945659160614
0.5434959530830383 -0.3329184651374817 0.3025452792644501
0.5668547749519348 -0.3498890697956085 0.3104734718799591
0.5914669632911682 -0.36812853813171387 0.31807538866996765
0.6174057126045227 -0.3876762390136719 0.3253472149372101
0.6447469592094421 -0.4085733890533447 0.3322847783565521
0.6735700964927673 -0.4308639168739319 0.33888372778892517
-0.2679077088832855 -0.6405192613601685 -0.47540149092674255
-0.24169215559959412 -0.6218193173408508 -0.45845460891723633
-0.21646089851856232 -0.6033567786216736 -0.44147005677223206
-0.19219084084033966 -0.5851465463638306 -0.42445632815361023
-0.16885797679424286 -0.56720370054245 -0.40742185711860657
-0.14643743634223938 -0.5495426654815674 -0.3903748393058777
-0.12490362673997879 -0.5321783423423767 -0.373323529958725
-0.10423009842634201 -0.5151252746582031 -0.35627612471580505
-0.08438970148563385 -0.4983980655670166 -0.3392406702041626
-0.06535451114177704 -0.48201122879981995 -0.3222251236438751
-0.04709583893418312 -0.4659791886806488 -0.30523741245269775
-0.029584325850009918 -0.45031630992889404 -0.2882852554321289
-0.012789989821612835 -0.4350369870662689 -0.27137646079063416
0.003317968687042594 -0.42015546560287476 -0.2545185089111328
0.018770871683955193 -0.4056861102581024 -0.23771905899047852
0.03360078111290932 -0.39164310693740845 -0.22098539769649506
0.04784030467271805 -0.3780405819416046 -0.2043248414993286
0.061522725969552994 -0.36489295959472656 -0.1877446472644806
0.07468191534280777 -0.3522143065929413 -0.17125184834003448
0.08735230565071106 -0.34001898765563965 -0.15485349297523499
0.09956905245780945 -0.3283212184906006 -0.13855640590190887
0.11136773228645325 -0.3171353340148926 -0.12236743420362473
0.12278462946414948 -0.3064756989479065 -0.10629327595233917
0.13385657966136932 -0.29635685682296753 -0.0903404951095581
0.14462101459503174 -0.2867932915687561 -0.07451562583446503
0.15511588752269745 -0.27779972553253174 -0.0588250458240509
0.16537991166114807 -0.2693909704685211 -0.04327508062124252
0.17545223236083984 -0.26158201694488525 -0.027872027829289436
0.1853727251291275 -0.2543879449367523 -0.012621943838894367
0.19518187642097473 -0.2478242665529251 0.0024689931888133287
0.20492079854011536 -0.24190640449523926 0.01739484816789627
0.21463128924369812 -0.23665034770965576 0.032149601727724075
0.22435590624809265 -0.2320721596479416 0.04672746732831001
0.23413784801959991 -0.22818835079669952 0.06112255901098251
0.24402104318141937 -0.22501574456691742 0.07532904297113419
0.2540503144264221 -0.2225715070962906 0.08934127539396286
0.26427119970321655 -0.22087326645851135 0.10315344482660294
0.27473029494285583 -0.21993914246559143 0.11675997078418732
0.28547489643096924 -0.21978770196437836 0.13015511631965637
0.29655328392982483 -0.2204381376504898 0.14333318173885345
0.30801501870155334 -0.22191013395786285 0.15628860890865326
0.31991034746170044 -0.22422409057617188 0.16901558637619019
0.3322910666465759 -0.22740110754966736 0.18150852620601654
0.3452099561691284 -0.2314629852771759 0.19376158714294434
0.35872119665145874 -0.23643238842487335 0.20576903223991394
0.3728802502155304 -0.24233278632164001 0.21752500534057617
0.38774430751800537 -0.24918869137763977 0.2290235459804535
0.4033719003200531 -0.2570255398750305 0.24025864899158478
0.4198233485221863 -0.2658698558807373 0.251224160194397
0.43716099858283997 -0.27574947476387024 0.26191386580467224
0.45544880628585815 -0.286693274974823 0.27232134342193604
0.4747530221939087 -0.29873165488243103 0.28244009613990784
0.4951421618461609 -0.3118963837623596 0.29226335883140564
0.5166869759559631 -0.3262208104133606 0.30178412795066833
0.5394611358642578 -0.34174007177352905 0.3109953999519348
0.5635408163070679 -0.35849082469940186 0.3198896646499634
0.589005172252655 -0.37651196122169495 0.3284592628479004
0.6159368753433228 -0.39584434032440186 0.3366962969303131
0.6444216966629028 -0.41653093695640564 0.34459230303764343
0.6745495796203613 -0.438617467880249 0.3521387279033661
-0.2952478229999542 -0.6375458836555481 -0.4218941330909729
-0.26639774441719055 -0.6197130680084229 -0.40899857878685
-0.23868992924690247 -0.6020859479904175 -0.3958968222141266
-0.21209777891635895 -0.584679901599884 -0.3825991749763489
-0.18659381568431854 -0.5675097703933716 -0.3691157400608063
-0.1621495485305786 -0.5505906939506531 -0.3554569184780121
-0.13873572647571564 -0.5339377522468567 -0.34163302183151245
-0.11632208526134491 -0.5175657868385315 -0.32765427231788635
-0.09487749636173248 -0.501489520072937 -0.3135310709476471
-0.0743701308965683 -0.48572397232055664 -0.2992737293243408
-0.0547671914100647 -0.4702835977077484 -0.28489241003990173
-0.03603523224592209 -0.45518335700035095 -0.2703975737094879
-0.01813999004662037 -0.4404378831386566 -0.25579944252967834
-0.001046430435962975 -0.4260617196559906 -0.24110814929008484
0.015281097032129765 -0.4120694100856781 -0.22633397579193115
0.03087908774614334 -0.39847564697265625 -0.2114870846271515
0.04578457772731781 -0.38529494404792786 -0.1965775042772293
0.06003539636731148 -0.37254175543785095 -0.18161532282829285
0.07366997003555298 -0.36023080348968506 -0.16661061346530914
0.08672735840082169 -0.34837666153907776 -0.1515732854604721
0.09924735128879547 -0.33699384331703186 -0.13651321828365326
0.11127027124166489 -0.32609713077545166 -0.12144030630588531
0.1228371113538742 -0.3157012164592743 -0.10636427998542786
0.13398951292037964 -0.3058210015296936 -0.09129489213228226
0.14476972818374634 -0.29647132754325867 -0.07624179124832153
0.15522067248821259 -0.28766730427742004 -0.061214592307806015
0.1653858870267868 -0.2794240713119507 -0.04622282832860947
0.17530949413776398 -0.2717570662498474 -0.03127604350447655
0.18503642082214355 -0.26468172669410706 -0.016383608803153038
0.19461213052272797 -0.25821390748023987 -0.001554983202368021
0.2040829360485077 -0.25236958265304565 0.013200543820858002
0.21349568665027618 -0.2471649944782257 0.027873598039150238
0.2228981852531433 -0.2426167130470276 0.04245500639081001
0.23233887553215027 -0.2387416660785675 0.056935470551252365
0.24186702072620392 -0.23555709421634674 0.07130572199821472
0.25153276324272156 -0.23308059573173523 0.08555667847394943
0.2613872289657593 -0.23133035004138947 0.09967904537916183
0.27148231863975525 -0.2303248643875122 0.11366372555494308
0.28187111020088196 -0.23008330166339874 0.1275014877319336
0.29260748624801636 -0.2306252270936966 0.14118307828903198
0.3037467896938324 -0.23197095096111298 0.15469932556152344
0.31534525752067566 -0.23414137959480286 0.16804084181785583
0.32746055722236633 -0.23715822398662567 0.18119840323925018
0.34015166759490967 -0.241043820977211 0.1941625028848648
0.3534790575504303 -0.2458215057849884 0.2069237381219864
0.36750462651252747 -0.25151535868644714 0.2194724828004837
0.3822919726371765 -0.2581506073474884 0.23179897665977478
0.3979066014289856 -0.2657533884048462 0.24389350414276123
0.4144156575202942 -0.27435097098350525 0.25574588775634766
0.4318885803222656 -0.28397196531295776 0.2673461437225342
0.45039692521095276 -0.29464617371559143 0.2786838710308075
0.4700143337249756 -0.3064047396183014 0.2897484004497528
0.49081748723983765 -0.31928059458732605 0.30052900314331055
0.5128851532936096 -0.3333079218864441 0.31101447343826294
0.5362996459007263 -0.34852296113967896 0.32119348645210266
0.5611460208892822 -0.364963561296463 0.3310542404651642
0.5875126123428345 -0.3826697766780853 0.34058457612991333
0.6154919266700745 -0.40168389678001404 0.34977203607559204
0.6451799273490906 -0.4220502972602844 0.3586035966873169
0.6766771078109741 -0.4438161253929138 0.3670658469200134
-0.32010650634765625 -0.6342223882675171 -0.3671875
-0.2886922359466553 -0.6171926856040955 -0.3584848642349243
-0.2585785686969757 -0.6003408432006836 -0.3493957221508026
-0.22973527014255524 -0.5836818218231201 -0.33993232250213623
-0.2021312713623047 -0.5672310590744019 -0.3301072418689728
-0.1757342517375946 -0.551003634929657 -0.3199329674243927
-0.1505109816789627 -0.535014808177948 -0.3094223737716675
-0.12642726302146912 -0.5192795991897583 -0.2985881268978119
-0.10344794392585754 -0.5038129091262817 -0.28744322061538696
-0.08153699338436127 -0.4886300265789032 -0.2760007381439209
-0.06065746769309044 -0.47374558448791504 -0.26427364349365234
-0.040771547704935074 -0.4591746926307678 -0.25227510929107666
-0.021840661764144897 -0.44493192434310913 -0.2400183081626892
-0.003825355088338256 -0.43103229999542236 -0.22751648724079132
0.013314470648765564 -0.41749054193496704 -0.21478290855884552
0.029619887471199036 -0.4043213725090027 -0.20183080434799194
0.045132480561733246 -0.3915395438671112 -0.18867351114749908
0.059894680976867676 -0.3791598677635193 -0.17532427608966827
0.07394958287477493 -0.36719709634780884 -0.161796435713768
0.08734094351530075 -0.355665922164917 -0.1481032520532608
0.10011330991983414 -0.3445812463760376 -0.1342579871416092
0.11231177300214767 -0.3339579999446869 -0.1202739030122757
0.12398214638233185 -0.32381105422973633 -0.10616428405046463
0.13517093658447266 -0.3141554892063141 -0.09194225817918777
0.14592528343200684 -0.3050064146518707 -0.07762107998132706
0.15629294514656067 -0.29637908935546875 -0.06321389973163605
0.1663224995136261 -0.2882888615131378 -0.048733774572610855
0.17606307566165924 -0.280751496553421 -0.03419393301010132
0.1855645775794983 -0.2737825810909271 -0.01960732415318489
0.19487755000591278 -0.2673981487751007 -0.0049870992079377174
0.2040533870458603 -0.26161450147628784 0.009653796441853046
0.21314415335655212 -0.25644803047180176 0.024302255362272263
0.22220279276371002 -0.2519156336784363 0.038945406675338745
0.2312830537557602 -0.24803443253040314 0.05357019975781441
0.24043942987918854 -0.2448219209909439 0.06816360354423523
0.24972756206989288 -0.24229605495929718 0.08271274715662003
0.25920379161834717 -0.24047517776489258 0.09720449894666672
0.2689257860183716 -0.2393781989812851 0.11162597686052322
0.2789519727230072 -0.23902441561222076 0.12596409022808075
0.28934207558631897 -0.2394338697195053 0.14020565152168274
0.3001571297645569 -0.24062716960906982 0.15433764457702637
0.3114592432975769 -0.24262553453445435 0.16834673285484314
0.3233121633529663 -0.24545101821422577 0.1822197139263153
0.33578091859817505 -0.24912641942501068 0.19594311714172363
0.3489322066307068 -0.2536754012107849 0.20950347185134888
0.3628343939781189 -0.2591225504875183 0.2228870987892151
0.3775577247142792 -0.2654935121536255 0.236080139875412
0.39317432045936584 -0.27281489968299866 0.24906861782073975
0.40975844860076904 -0.2811145782470703 0.26183828711509705
0.4273867905139923 -0.29042166471481323 0.2743748128414154
0.44613805413246155 -0.3007665276527405 0.28666335344314575
0.46609386801719666 -0.3121810853481293 0.29868900775909424
0.4873387813568115 -0.3246988356113434 0.3104364573955536
0.5099599957466125 -0.3383547067642212 0.32188984751701355
0.5340484380722046 -0.35318586230278015 0.3330332934856415
0.559698224067688 -0.3692310154438019 0.34385016560554504
0.5870071053504944 -0.38653117418289185 0.35432344675064087
0.6160776615142822 -0.405129611492157 0.3644355833530426
0.647016167640686 -0.4250718653202057 0.374168336391449
0.6799342036247253 -0.4464063346385956 0.3835030496120453
-0.34245914220809937 -0.6304892897605896 -0.31137633323669434
-0.3085559010505676 -0.6141949892044067 -0.306999534368515
-0.27611151337623596 -0.5980538725852966 -0.30204400420188904
-0.24509206414222717 -0.5820811986923218 -0.2965245544910431
-0.21546246111392975 -0.566292405128479 -0.29045620560646057
-0.18718652427196503 -0.5507025718688965 -0.28385433554649353
-0.16022689640522003 -0.5353270173072815 -0.27673444151878357
-0.13454528152942657 -0.5201808214187622 -0.2691121995449066
-0.11010225117206573 -0.5052791833877563 -0.26100361347198486
-0.08685746788978577 -0.49063703417778015 -0.2524247467517853
-0.06476962566375732 -0.47626936435699463 -0.24339184165000916
-0.043796513229608536 -0.4621911346912384 -0.23392125964164734
-0.023895060643553734 -0.4484172463417053 -0.2240295559167862
-0.005021268967539072 -0.43496251106262207 -0.2137332707643509
0.012869555503129959 -0.42184188961982727 -0.20304922759532928
0.029823066666722298 -0.40907007455825806 -0.19199413061141968
0.045885540544986725 -0.3966618776321411 -0.1805848330259323
0.06110413372516632 -0.3846322000026703 -0.1688382923603058
0.0755266547203064 -0.3729957938194275 -0.1567714959383011
0.08920161426067352 -0.3617675304412842 -0.1444014012813568
0.10217837989330292 -0.35096222162246704 -0.13174504041671753
0.11450685560703278 -0.3405948877334595 -0.11881944537162781
0.12623770534992218 -0.3306804895401001 -0.10564172267913818
0.1374223232269287 -0.3212340772151947 -0.09222888201475143
0.14811275899410248 -0.3122709095478058 -0.07859807461500168
0.15836170315742493 -0.30380627512931824 -0.06476632505655289
0.16822272539138794 -0.2958556115627289 -0.05075069144368172
0.1777498722076416 -0.28843462467193604 -0.0365682989358902
0.18699805438518524 -0.2815590798854828 -0.022236114367842674
0.19602298736572266 -0.2752451002597809 -0.007771293632686138
0.20488102734088898 -0.26950889825820923 0.006809202954173088
0.21362943947315216 -0.2643670439720154 0.021488245576620102
0.22232630848884583 -0.25983646512031555 0.036248888820409775
0.23103055357933044 -0.25593438744544983 0.05107400193810463
0.23980198800563812 -0.25267842411994934 0.06594647467136383
0.24870148301124573 -0.2500865161418915 0.08084931969642639
0.2577909529209137 -0.24817723035812378 0.09576530754566193
0.26713326573371887 -0.24696940183639526 0.1106773391366005
0.27679258584976196 -0.24648267030715942 0.1255681812763214
0.28683412075042725 -0.2467370182275772 0.14042049646377563
0.29732468724250793 -0.24775324761867523 0.1552170068025589
0.30833226442337036 -0.24955275654792786 0.16994014382362366
0.3199264705181122 -0.2521577775478363 0.18457242846488953
0.3321782946586609 -0.25559118390083313 0.19909600913524628
0.34516090154647827 -0.2598769962787628 0.21349318325519562
0.35894885659217834 -0.2650398910045624 0.22774577140808105
0.3736189901828766 -0.27110573649406433 0.24183547496795654
0.389250248670578 -0.2781015932559967 0.25574392080307007
0.40592384338378906 -0.28605544567108154 0.26945221424102783
0.4237235486507416 -0.29499682784080505 0.28294140100479126
0.4427357017993927 -0.30495646595954895 0.2961920499801636
0.46304962038993835 -0.3159666657447815 0.3091842234134674
0.48475784063339233 -0.3280613422393799 0.321897953748703
0.5079560279846191 -0.34127604961395264 0.334312379360199
0.5327438116073608 -0.355648398399353 0.3464064598083496
0.559224545955658 -0.3712178170681 0.3581584095954895
0.5875058174133301 -0.3880258798599243 0.3695458173751831
0.6177000403404236 -0.4061167240142822 0.3805456757545471
0.6499242186546326 -0.4255366325378418 0.3911340534687042
0.6843013763427734 -0.4463351368904114 0.40128639340400696
-0.362280011177063 -0.6262862682342529 -0.25455713272094727
-0.3259681761264801 -0.6106553673744202 -0.2546302080154419
-0.29127293825149536 -0.5951567888259888 -0.2539205253124237
-0.258156418800354 -0.579805850982666 -0.25244569778442383
-0.22657938301563263 -0.5646177530288696 -0.2502237856388092
-0.19650161266326904 -0.5496079325675964 -0.2472733110189438
-0.16788138449192047 -0.5347912907600403 -0.24361295998096466
-0.14067617058753967 -0.5201830863952637 -0.23926180601119995
-0.11484211683273315 -0.5057982206344604 -0.23423919081687927
-0.09033447504043579 -0.4916516840457916 -0.22856472432613373
-0.0671074166893959 -0.477758526802063 -0.22225826978683472
-0.045114174485206604 -0.46413353085517883 -0.21533986926078796
-0.02430710755288601 -0.45079153776168823 -0.2078297734260559
-0.004637543112039566 -0.43774735927581787 -0.1997484415769577
0.013943868689239025 -0.42501577734947205 -0.19111645221710205
0.03148748725652695 -0.41261154413223267 -0.1819545179605484
0.0480443574488163 -0.40054935216903687 -0.17228350043296814
0.06366634368896484 -0.38884392380714417 -0.16212432086467743
0.07840608060359955 -0.3775099813938141 -0.15149801969528198
0.09231690317392349 -0.3665623664855957 -0.14042577147483826
0.10545296967029572 -0.35601577162742615 -0.12892867624759674
0.11786904186010361 -0.3458850681781769 -0.11702799052000046
0.1296207308769226 -0.33618518710136414 -0.10474503040313721
0.14076416194438934 -0.32693108916282654 -0.09210103005170822
0.15135636925697327 -0.31813788414001465 -0.07911740243434906
0.16145502030849457 -0.30982086062431335 -0.06581544876098633
0.17111846804618835 -0.3019952178001404 -0.05221652612090111
0.18040578067302704 -0.29467666149139404 -0.03834208473563194
0.18937690556049347 -0.28788086771965027 -0.024213403463363647
0.1980924755334854 -0.2816237509250641 -0.009851989336311817
0.2066139131784439 -0.2759215533733368 0.004720833618193865
0.21500350534915924 -0.2707906663417816 0.019483570009469986
0.22332444787025452 -0.26624795794487 0.03441488370299339
0.23164081573486328 -0.26231056451797485 0.04949326440691948
0.2400175929069519 -0.2589959502220154 0.06469719111919403
0.2485208958387375 -0.2563220262527466 0.0800052285194397
0.2572178542613983 -0.25430724024772644 0.09539573639631271
0.2661767601966858 -0.252970427274704 0.11084716022014618
0.2754672169685364 -0.25233104825019836 0.12633778154850006
0.28516000509262085 -0.25240907073020935 0.14184577763080597
0.29532748460769653 -0.25322526693344116 0.1573493331670761
0.3060433566570282 -0.254800945520401 0.17282631993293762
0.3173830509185791 -0.2571582794189453 0.1882547289133072
0.32942378520965576 -0.2603202760219574 0.2036120891571045
0.34224453568458557 -0.26431071758270264 0.2188759595155716
0.3559264540672302 -0.26915448904037476 0.2340235561132431
0.3705526888370514 -0.2748773992061615 0.24903178215026855
0.3862088918685913 -0.2815065383911133 0.26387742161750793
0.4029832184314728 -0.2890700399875641 0.27853670716285706
0.42096656560897827 -0.2975974380970001 0.2929857671260834
0.4402528703212738 -0.3071197271347046 0.3072000741958618
0.46093904972076416 -0.3176693022251129 0.3211546540260315
0.4831257164478302 -0.32928022742271423 0.3348241150379181
0.5069170594215393 -0.34198838472366333 0.34818243980407715
0.5324215888977051 -0.35583174228668213 0.3612029552459717
0.5597518086433411 -0.3708499073982239 0.3738582730293274
0.5890251398086548 -0.38708508014678955 0.3861202299594879
0.6203643083572388 -0.4045816957950592 0.39795976877212524
0.6538974046707153 -0.423386812210083 0.4093468487262726
0.6897586584091187 -0.4435504078865051 0.4202505350112915
-0.3795420229434967 -0.6215517520904541 -0.19682961702346802
-0.34090760350227356 -0.6065082550048828 -0.2014675736427307
-0.3040463626384735 -0.5915800333023071 -0.2051067352294922
-0.26891636848449707 -0.5767824649810791 -0.20776814222335815
-0.23547403514385223 -0.562130331993103 -0.20947329699993134
-0.2036748230457306 -0.547639012336731 -0.21024426817893982
-0.17347270250320435 -0.5333234071731567 -0.21010340750217438
-0.14482049643993378 -0.5191984176635742 -0.20907367765903473
-0.11767000705003738 -0.5052789449691772 -0.2071782797574997
-0.09197184443473816 -0.49157989025115967 -0.20444080233573914
-0.06767550110816956 -0.47811582684516907 -0.20088514685630798
-0.044729627668857574 -0.4649015963077545 -0.19653551280498505
-0.023081835359334946 -0.45195186138153076 -0.19141636788845062
-0.002678794553503394 -0.439281165599823 -0.1855524182319641
0.016533702611923218 -0.42690402269363403 -0.17896851897239685
0.03461070731282234 -0.41483503580093384 -0.17168983817100525
0.05160808563232422 -0.4030888080596924 -0.16374161839485168
0.06758251786231995 -0.39167970418930054 -0.15514925122261047
0.08259142190217972 -0.38062232732772827 -0.14593829214572906
0.09669298678636551 -0.3699312210083008 -0.13613441586494446
0.10994619131088257 -0.3596208691596985 -0.12576329708099365
0.12241067737340927 -0.3497059941291809 -0.11485078930854797
0.1341467946767807 -0.34020113945007324 -0.10342277586460114
0.14521567523479462 -0.33112114667892456 -0.09150514751672745
0.1556791067123413 -0.32248085737228394 -0.07912390679121017
0.16559958457946777 -0.3142952024936676 -0.06630504131317139
0.17504043877124786 -0.3065793216228485 -0.05307457968592644
0.18406561017036438 -0.29934850335121155 -0.03945859521627426
0.19273991882801056 -0.2926182448863983 -0.02548307552933693
0.20112888514995575 -0.28640419244766235 -0.011174182407557964
0.20929886400699615 -0.2807222306728363 0.003442054847255349
0.21731717884540558 -0.2755886912345886 0.018339432775974274
0.2252519130706787 -0.27101999521255493 0.033491939306259155
0.2331722229719162 -0.26703310012817383 0.04887335002422333
0.24114814400672913 -0.263645201921463 0.06445743888616562
0.2492508590221405 -0.2608739137649536 0.08021803945302963
0.25755274295806885 -0.2587375044822693 0.09612875431776047
0.2661272883415222 -0.2572544813156128 0.11216332018375397
0.2750493586063385 -0.2564440667629242 0.12829524278640747
0.28439512848854065 -0.2563260495662689 0.14449790120124817
0.2942425310611725 -0.25692081451416016 0.16074471175670624
0.3046707808971405 -0.25824955105781555 0.17700868844985962
0.31576108932495117 -0.26033416390419006 0.19326293468475342
0.3275964856147766 -0.2631974220275879 0.2094801366329193
0.3402619957923889 -0.2668629288673401 0.22563286125659943
0.35384494066238403 -0.27135536074638367 0.24169336259365082
0.3684348165988922 -0.27670034766197205 0.2576334774494171
0.3841239809989929 -0.2829247713088989 0.27342483401298523
0.4010072648525238 -0.29005667567253113 0.2890385687351227
0.41918283700942993 -0.2981254458427429 0.30444538593292236
0.43875187635421753 -0.30716201663017273 0.31961557269096375
0.4598189890384674 -0.3171985447406769 0.3345184624195099
0.4824930429458618 -0.3282693028450012 0.3491232991218567
0.5068864822387695 -0.340410053730011 0.36339810490608215
0.5331168174743652 -0.3536587357521057 0.37731051445007324
0.5613059401512146 -0.36805519461631775 0.390826940536499
0.5915809869766235 -0.3836415410041809 0.4039129912853241
0.6240754723548889 -0.40046271681785583 0.41653332114219666
0.6589282751083374 -0.4185658395290375 0.42865103483200073
0.696285605430603 -0.4380013644695282 0.44022834300994873
-0.3942168653011322 -0.616223156452179 -0.13829590380191803
-0.3533517122268677 -0.601686954498291 -0.14760436117649078
-0.31441476941108704 -0.5872530341148376 -0.1556861251592636
-0.27735960483551025 -0.5729363560676575 -0.16256599128246307
-0.24213826656341553 -0.5587517619132996 -0.16826952993869781
-0.20870165526866913 -0.5447139739990234 -0.1728227734565735
-0.1769993007183075 -0.5308380722999573 -0.17625243961811066
-0.1469794064760208 -0.5171383619308472 -0.17858564853668213
-0.11858899891376495 -0.5036298036575317 -0.17985008656978607
-0.09177407622337341 -0.4903266727924347 -0.1800737828016281
-0.06647944450378418 -0.4772435426712036 -0.1792852282524109
-0.04264892637729645 -0.46439480781555176 -0.17751319706439972
-0.02022538147866726 -0.45179483294487 -0.17478691041469574
0.0008493564673699439 -0.43945780396461487 -0.17113575339317322
0.020634228363633156 -0.4273982048034668 -0.16658946871757507
0.03918915241956711 -0.4156299829483032 -0.16117799282073975
0.056574784219264984 -0.40416744351387024 -0.1549314558506012
0.07285266369581223 -0.393024742603302 -0.1478801816701889
0.08808498829603195 -0.38221612572669983 -0.14005467295646667
0.10233479738235474 -0.37175559997558594 -0.13148550689220428
0.11566586792469025 -0.3616575300693512 -0.12220340967178345
0.12814263999462128 -0.351936012506485 -0.11223915964365005
0.13983027637004852 -0.3426054120063782 -0.10162367671728134
0.15079469978809357 -0.33368009328842163 -0.09038786590099335
0.16110247373580933 -0.325174480676651 -0.07856274396181107
0.1708209216594696 -0.31710320711135864 -0.0661792978644371
0.1800181120634079 -0.3094809353351593 -0.05326858535408974
0.1887628138065338 -0.3023225665092468 -0.03986171633005142
0.19712458550930023 -0.295643150806427 -0.025989670306444168
0.20517376065254211 -0.2894580066204071 -0.011683649383485317
0.21298152208328247 -0.28378257155418396 0.0030253331642597914
0.22061994671821594 -0.27863267064094543 0.01810605637729168
0.22816209495067596 -0.27402442693710327 0.03352748975157738
0.23568184673786163 -0.2699742615222931 0.049258407205343246
0.2432541847229004 -0.26649898290634155 0.06526757031679153
0.25095534324645996 -0.26361584663391113 0.0815238282084465
0.25886255502700806 -0.2613425552845001 0.09799573570489883
0.2670544683933258 -0.25969722867012024 0.11465202271938324
0.2756110727787018 -0.2586987316608429 0.13146115839481354
0.2846137285232544 -0.25836631655693054 0.1483914703130722
0.2941456437110901 -0.2587200105190277 0.16541129350662231
0.30429157614707947 -0.25978055596351624 0.1824885606765747
0.3151382505893707 -0.26156944036483765 0.1995912492275238
0.32677435874938965 -0.2641089856624603 0.21668680012226105
0.3392907977104187 -0.2674224376678467 0.23374269902706146
0.352780818939209 -0.2715339958667755 0.25072580575942993
0.3673403561115265 -0.276468962430954 0.26760271191596985
0.3830680549144745 -0.28225380182266235 0.28433963656425476
0.4000655710697174 -0.2889161705970764 0.3009021580219269
0.41843801736831665 -0.29648518562316895 0.31725549697875977
0.4382937550544739 -0.3049912750720978 0.33336418867111206
0.45974522829055786 -0.3144665062427521 0.3491917848587036
0.4829091429710388 -0.3249446451663971 0.3647014796733856
0.5079065561294556 -0.3364613652229309 0.3798554241657257
0.5348637104034424 -0.3490543067455292 0.3946147561073303
0.5639119148254395 -0.36276310682296753 0.40893954038619995
0.5951884984970093 -0.3776298761367798 0.42278870940208435
0.6288371682167053 -0.3936992883682251 0.43611979484558105
0.6650084853172302 -0.41101861000061035 0.44888901710510254
0.7038606405258179 -0.42963823676109314 0.4610508680343628
-0.4062754213809967 -0.6102368235588074 -0.07906049489974976
-0.363277792930603 -0.596123993396759 -0.09313559532165527
-0.32236090302467346 -0.5821042656898499 -0.10574404895305634
-0.28347381949424744 -0.5681924223899841 -0.11691510677337646
-0.24656425416469574 -0.5544030070304871 -0.12667879462242126
-0.21157819032669067 -0.5407506227493286 -0.13506591320037842
-0.1784604787826538 -0.5272493958473206 -0.1421077698469162
-0.14715473353862762 -0.5139139294624329 -0.14783647656440735
-0.1176031157374382 -0.5007584095001221 -0.15228459239006042
-0.0897468701004982 -0.48779699206352234 -0.15548516809940338
-0.06352595239877701 -0.4750436544418335 -0.15747179090976715
-0.038879331201314926 -0.462512344121933 -0.1582784205675125
-0.01574508287012577 -0.4502171576023102 -0.15793943405151367
0.005939855240285397 -0.4381718337535858 -0.1564895212650299
0.02623921073973179 -0.42639023065567017 -0.15396367013454437
0.04521779343485832 -0.4148860275745392 -0.1503971964120865
0.0629410594701767 -0.40367305278778076 -0.1458255499601364
0.07947532087564468 -0.3927648961544037 -0.140284463763237
0.09488765895366669 -0.3821753263473511 -0.13380979001522064
0.10924578458070755 -0.3719179034233093 -0.12643751502037048
0.12261834740638733 -0.36200645565986633 -0.1182037964463234
0.1350744515657425 -0.35245463252067566 -0.10914481431245804
0.14668403565883636 -0.3432762622833252 -0.0992969200015068
0.1575177013874054 -0.3344850540161133 -0.08869637548923492
0.16764673590660095 -0.3260950744152069 -0.07737963646650314
0.17714306712150574 -0.3181203007698059 -0.06538308411836624
0.18607951700687408 -0.31057488918304443 -0.052743107080459595
0.19452938437461853 -0.30347320437431335 -0.03949623182415962
0.202566996216774 -0.2968296706676483 -0.02567877434194088
0.21026721596717834 -0.2906590700149536 -0.01132725179195404
0.21770599484443665 -0.2849763035774231 0.0035219478886574507
0.22495999932289124 -0.2797966003417969 0.018832309171557426
0.23210686445236206 -0.27513545751571655 0.03456752374768257
0.23922528326511383 -0.2710087299346924 0.05069102346897125
0.24639490246772766 -0.26743263006210327 0.06716632097959518
0.2536967098712921 -0.26442381739616394 0.08395694941282272
0.2612127661705017 -0.2619993984699249 0.10102622956037521
0.269026517868042 -0.26017695665359497 0.11833756417036057
0.2772229313850403 -0.2589746117591858 0.13585413992404938
0.2858884334564209 -0.2584110498428345 0.1535390019416809
0.2951112389564514 -0.25850579142570496 0.17135512828826904
0.3049813210964203 -0.259278804063797 0.18926510214805603
0.3155907988548279 -0.26075106859207153 0.2072315663099289
0.3270338177680969 -0.2629442512989044 0.2252165675163269
0.33940693736076355 -0.2658809721469879 0.2431819885969162
0.352809339761734 -0.26958486437797546 0.26108935475349426
0.36734285950660706 -0.2740806043148041 0.27889952063560486
0.38311251997947693 -0.2793940603733063 0.29657307267189026
0.4002264142036438 -0.2855522632598877 0.31406983733177185
0.4187966287136078 -0.29258379340171814 0.33134925365448
0.43893858790397644 -0.3005184233188629 0.3483695983886719
0.46077239513397217 -0.30938780307769775 0.36508864164352417
0.484422504901886 -0.31922510266304016 0.38146311044692993
0.5100184082984924 -0.33006536960601807 0.3974486291408539
0.5376953482627869 -0.34194591641426086 0.41299980878829956
0.5675938725471497 -0.3549058437347412 0.4280697703361511
0.5998614430427551 -0.3689868152141571 0.4426102340221405
0.6346526145935059 -0.3842332363128662 0.456571489572525
0.6721290946006775 -0.4006919264793396 0.4699019193649292
0.7124615907669067 -0.41841310262680054 0.4825479984283447
-0.4156872630119324 -0.6035277843475342 -0.019231459125876427
-0.3706618845462799 -0.5897499322891235 -0.03815940022468567
-0.32786691188812256 -0.5760604739189148 -0.05536876618862152
-0.2872466742992401 -0.5624737739562988 -0.07089383155107498
-0.24874411523342133 -0.5490037202835083 -0.08476974815130234
-0.21230058372020721 -0.5356646776199341 -0.09703253209590912
-0.17785601317882538 -0.5224704146385193 -0.10771892964839935
-0.14534911513328552 -0.5094349384307861 -0.11686640977859497
-0.11471730470657349 -0.496571809053421 -0.12451305985450745
-0.0858968198299408 -0.4838947653770447 -0.130697563290596
-0.05882279574871063 -0.4714173376560211 -0.13545913994312286
-0.033429328352212906 -0.45915305614471436 -0.13883744180202484
-0.009649583138525486 -0.4471151828765869 -0.14087265729904175
0.012584331445395947 -0.43531709909439087 -0.14160524308681488
0.03334105759859085 -0.42377200722694397 -0.1410760134458542
0.05269020423293114 -0.41249310970306396 -0.1393260657787323
0.0707019791007042 -0.40149354934692383 -0.13639679551124573
0.08744753897190094 -0.3907862603664398 -0.13232967257499695
0.10299868881702423 -0.38038453459739685 -0.12716655433177948
0.11742789298295975 -0.3703012764453888 -0.12094920873641968
0.13080841302871704 -0.36054956912994385 -0.1137196496129036
0.14321404695510864 -0.35114243626594543 -0.1055198684334755
0.15471935272216797 -0.3420931398868561 -0.09639210253953934
0.16539950668811798 -0.3334146738052368 -0.08637838810682297
0.17533032596111298 -0.32512038946151733 -0.07552093267440796
0.18458840250968933 -0.3172236680984497 -0.06386192888021469
0.1932508647441864 -0.3097378611564636 -0.05144346505403519
0.2013956755399704 -0.30267664790153503 -0.038307808339595795
0.20910151302814484 -0.29605385661125183 -0.024496937170624733
0.21644772589206696 -0.28988346457481384 -0.010053019970655441
0.22351470589637756 -0.28417956829071045 0.004981893114745617
0.23038354516029358 -0.2789568305015564 0.020565703511238098
0.23713640868663788 -0.27422988414764404 0.036656513810157776
0.24385640025138855 -0.27001386880874634 0.05321217328310013
0.25062763690948486 -0.2663242816925049 0.07019065320491791
0.2575356364250183 -0.26317694783210754 0.08754993230104446
0.26466700434684753 -0.26058825850486755 0.10524779558181763
0.2721099257469177 -0.2585749626159668 0.12324214726686478
0.27995383739471436 -0.2571544647216797 0.1414906233549118
0.2882901132106781 -0.25634467601776123 0.15995074808597565
0.29721179604530334 -0.25616422295570374 0.1785799115896225
0.3068137764930725 -0.25663235783576965 0.1973351538181305
0.3171932101249695 -0.2577691972255707 0.21617348492145538
0.3284495770931244 -0.2595956325531006 0.23505131900310516
0.3406849503517151 -0.26213353872299194 0.2539249062538147
0.3540038466453552 -0.2654055953025818 0.2727498412132263
0.3685140907764435 -0.2694357633590698 0.29148125648498535
0.38432687520980835 -0.2742491066455841 0.31007394194602966
0.40155646204948425 -0.27987173199653625 0.3284814953804016
0.42032161355018616 -0.2863314747810364 0.3466572165489197
0.44074493646621704 -0.2936573922634125 0.3645532727241516
0.4629535675048828 -0.3018801212310791 0.3821207880973816
0.48708009719848633 -0.311032235622406 0.39931002259254456
0.5132620930671692 -0.3211478888988495 0.41606971621513367
0.5416436195373535 -0.33226361870765686 0.43234744668006897
0.5723748207092285 -0.34441784024238586 0.44808900356292725
0.6056130528450012 -0.3576515316963196 0.4632386267185211
0.6415236592292786 -0.3720083236694336 0.4777386486530304
0.6802800297737122 -0.3875344693660736 0.49152904748916626
0.7220653295516968 -0.404279500246048 0.5045477747917175
-0.4224211573600769 -0.5960299968719482 0.04108097776770592
-0.37547987699508667 -0.5824950337409973 0.017224149778485298
-0.3309148848056793 -0.5690480470657349 -0.004650202114135027
-0.2886658012866974 -0.5557028651237488 -0.02458200976252556
-0.24867062270641327 -0.5424730777740479 -0.042612239718437195
-0.21086575090885162 -0.5293722748756409 -0.058782756328582764
-0.17518633604049683 -0.5164138078689575 -0.07313631474971771
-0.14156603813171387 -0.5036107897758484 -0.08571641892194748
-0.1099373921751976 -0.4909765422344208 -0.09656738489866257
-0.08023162186145782 -0.47852402925491333 -0.10573402047157288
-0.05237901210784912 -0.4662662446498871 -0.11326189339160919
-0.026308691129088402 -0.4542158842086792 -0.11919689178466797
-0.0019488796824589372 -0.442385733127594 -0.123585544526577
0.020773081108927727 -0.43078842759132385 -0.12647469341754913
0.04193071275949478 -0.4194364547729492 -0.1279115080833435
0.061598408967256546 -0.408342182636261 -0.12794344127178192
0.07985115796327591 -0.39751821756362915 -0.12661825120449066
0.09676481783390045 -0.3869767487049103 -0.12398381531238556
0.1124158576130867 -0.3767301142215729 -0.12008827924728394
0.1268814206123352 -0.3667907416820526 -0.11497978866100311
0.14023920893669128 -0.3571706712245941 -0.10870659351348877
0.15256766974925995 -0.34788236021995544 -0.10131707042455673
0.16394580900669098 -0.3389380872249603 -0.09285955131053925
0.1744532287120819 -0.33035019040107727 -0.08338237553834915
0.1841701865196228 -0.32213106751441956 -0.07293390482664108
0.19317752122879028 -0.31429335474967957 -0.0615624338388443
0.20155680179595947 -0.30684953927993774 -0.04931618645787239
0.20939014852046967 -0.29981252551078796 -0.03624340146780014
0.21676060557365417 -0.2931951880455017 -0.02239212393760681
0.2237517386674881 -0.2870106101036072 -0.007810500916093588
0.23044806718826294 -0.28127211332321167 0.0074535636231303215
0.23693498969078064 -0.2759934067726135 0.023352010175585747
0.24329881370067596 -0.27118825912475586 0.03983709588646889
0.24962688982486725 -0.26687091588974 0.056860871613025665
0.25600752234458923 -0.2630558907985687 0.0743754655122757
0.26253053545951843 -0.25975820422172546 0.092333123087883
0.2692868113517761 -0.2569931447505951 0.1106858178973198
0.27636876702308655 -0.25477665662765503 0.12938572466373444
0.2838704586029053 -0.2531251311302185 0.14838473498821259
0.29188746213912964 -0.2520555257797241 0.16763457655906677
0.3005175292491913 -0.2515855133533478 0.18708693981170654
0.3098602592945099 -0.25173333287239075 0.20669303834438324
0.32001766562461853 -0.2525181472301483 0.2264041304588318
0.3310941159725189 -0.25395986437797546 0.24617065489292145
0.3431967496871948 -0.25607922673225403 0.2659430205821991
0.3564355969429016 -0.2588980495929718 0.2856708765029907
0.3709239363670349 -0.26243916153907776 0.30530327558517456
0.38677868247032166 -0.266726553440094 0.3247887194156647
0.40412038564682007 -0.2717854678630829 0.34407469630241394
0.4230741262435913 -0.27764254808425903 0.3631080687046051
0.44376930594444275 -0.28432583808898926 0.3818344473838806
0.46634024381637573 -0.29186493158340454 0.4001981317996979
0.49092724919319153 -0.3002912700176239 0.41814249753952026
0.5176759958267212 -0.3096381425857544 0.4356091618537903
0.5467392206192017 -0.3199407756328583 0.4525381028652191
0.578276515007019 -0.3312367796897888 0.4688676595687866
0.6124551296234131 -0.343565970659256 0.48453375697135925
0.6494513750076294 -0.35697102546691895 0.49947041273117065
0.6894503831863403 -0.37149715423583984 0.5136087536811829
0.7326478958129883 -0.38719305396080017 0.5268774032592773
-0.42644497752189636 -0.5876762270927429 0.10176289826631546
-0.377706915140152 -0.5742878913879395 0.07291168719530106
-0.33148664236068726 -0.5609918236732483 0.04631880298256874
-0.28771889209747314 -0.5478011965751648 0.021937934681773186
-0.24633656442165375 -0.53472900390625 -0.00027834108914248645
-0.20727115869522095 -0.5217880010604858 -0.02037849649786949
-0.17045271396636963 -0.5089908838272095 -0.0384119488298893
-0.1358100175857544 -0.4963504374027252 -0.054428987205028534
-0.10327040404081345 -0.4838787615299225 -0.06848066300153732
-0.07276030629873276 -0.4715884327888489 -0.0806187316775322
-0.044204965233802795 -0.4594915509223938 -0.09089558571577072
-0.017528584226965904 -0.44760000705718994 -0.09936414659023285
0.00734542915597558 -0.4359259009361267 -0.10607776045799255
0.03049469366669655 -0.4244808554649353 -0.1110902801156044
0.05199742689728737 -0.41327667236328125 -0.11445574462413788
0.07193280756473541 -0.40232497453689575 -0.11622865498065948
0.0903804674744606 -0.39163729548454285 -0.1164635643362999
0.1074209064245224 -0.381225049495697 -0.11521527916193008
0.12313514202833176 -0.3710997402667999 -0.11253875494003296
0.13760478794574738 -0.36127275228500366 -0.10848898440599442
0.1509120613336563 -0.3517553508281708 -0.10312095284461975
0.16313974559307098 -0.34255900979042053 -0.09648974984884262
0.1743711233139038 -0.33369505405426025 -0.08865035325288773
0.18469010293483734 -0.3251749575138092 -0.07965774834156036
0.19418105483055115 -0.3170100450515747 -0.06956680864095688
0.2029290646314621 -0.3092120587825775 -0.05843232199549675
0.21101975440979004 -0.3017924726009369 -0.04630894586443901
0.2185393124818802 -0.2947632074356079 -0.0332513302564621
0.22557474672794342 -0.2881360650062561 -0.01931380107998848
0.23221361637115479 -0.28192320466041565 -0.004550797399133444
0.2385444939136505 -0.27613699436187744 0.010983598418533802
0.2446565330028534 -0.27078986167907715 0.027235116809606552
0.2506401538848877 -0.2658948004245758 0.04414995387196541
0.25658637285232544 -0.26146477460861206 0.06167404726147652
0.26258766651153564 -0.2575133442878723 0.07975352555513382
0.26873767375946045 -0.2540544271469116 0.09833458065986633
0.2751312851905823 -0.2511022090911865 0.11736327409744263
0.2818650007247925 -0.2486715018749237 0.13678577542304993
0.2890368402004242 -0.24677759408950806 0.15654803812503815
0.2967466711997986 -0.24543632566928864 0.17659586668014526
0.30509641766548157 -0.24466419219970703 0.1968749612569809
0.3141900599002838 -0.24447831511497498 0.21733057498931885
0.32413414120674133 -0.24489665031433105 0.23790794610977173
0.33503758907318115 -0.24593783915042877 0.2585515081882477
0.34701240062713623 -0.24762152135372162 0.2792055308818817
0.36017364263534546 -0.2499682605266571 0.29981347918510437
0.3746398687362671 -0.2529996335506439 0.3203181326389313
0.390533447265625 -0.2567383944988251 0.3406616449356079
0.40798088908195496 -0.26120850443840027 0.36078497767448425
0.42711326479911804 -0.26643529534339905 0.3806283175945282
0.4480666518211365 -0.27244552969932556 0.40013042092323303
0.4709821939468384 -0.2792675197124481 0.41922858357429504
0.4960077702999115 -0.2869313359260559 0.4378589987754822
0.5232970118522644 -0.2954689562320709 0.4559555947780609
0.5530112385749817 -0.30491429567337036 0.4734506905078888
0.5853191614151001 -0.3153035640716553 0.4902742803096771
0.6203982830047607 -0.3266752064228058 0.5063539147377014
0.6584357023239136 -0.3390706181526184 0.5216146111488342
0.6996281743049622 -0.3525336682796478 0.5359779596328735
0.7441844940185547 -0.36711159348487854 0.5493626594543457
-0.42772597074508667 -0.5783982872962952 0.16269727051258087
-0.37731805443763733 -0.565056562423706 0.12879711389541626
-0.3295642137527466 -0.5518161058425903 0.09744296967983246
-0.2843940556049347 -0.5386894941329956 0.06858149915933609
-0.2417355328798294 -0.5256887674331665 0.04215799644589424
-0.20151501893997192 -0.512826144695282 0.018116671591997147
-0.16365744173526764 -0.5001134872436523 -0.003599316580221057
-0.12808653712272644 -0.48756253719329834 -0.023047704249620438
-0.09472464770078659 -0.47518494725227356 -0.04028706252574921
-0.06349321454763412 -0.46299201250076294 -0.055376701056957245
-0.034312449395656586 -0.4509950578212738 -0.06837659329175949
-0.00710177980363369 -0.43920522928237915 -0.07934718579053879
0.018220331519842148 -0.42763349413871765 -0.08834951370954514
0.04173625633120537 -0.41629067063331604 -0.09544485807418823
0.0635288804769516 -0.4051875174045563 -0.10069488734006882
0.08368205279111862 -0.39433470368385315 -0.10416155308485031
0.10228003561496735 -0.3837427794933319 -0.1059068813920021
0.1194077804684639 -0.37342211604118347 -0.10599309951066971
0.1351507008075714 -0.3633832037448883 -0.104482501745224
0.1495947241783142 -0.35363635420799255 -0.10143732279539108
0.16282644867897034 -0.34419187903404236 -0.09691985696554184
0.17493276298046112 -0.33506008982658386 -0.0909922868013382
0.18600104749202728 -0.32625123858451843 -0.08371669054031372
0.1961192786693573 -0.3177757263183594 -0.07515504956245422
0.20537583529949188 -0.30964386463165283 -0.06536918878555298
0.21385963261127472 -0.3018661141395569 -0.054420698434114456
0.22166018187999725 -0.294452965259552 -0.04237106814980507
0.22886744141578674 -0.28741511702537537 -0.029281610623002052
0.23557212948799133 -0.2807632386684418 -0.01521327905356884
0.24186551570892334 -0.27450841665267944 -0.00022703198192175478
0.2478398233652115 -0.2686616778373718 0.01561650913208723
0.25358784198760986 -0.2632344365119934 0.03225671872496605
0.2592035233974457 -0.2582382559776306 0.04963337630033493
0.2647816836833954 -0.25368520617485046 0.06768617779016495
0.2704181671142578 -0.24958737194538116 0.08635496348142624
0.27621036767959595 -0.24595747888088226 0.10557979345321655
0.28225675225257874 -0.24280856549739838 0.12530046701431274
0.2886575162410736 -0.24015405774116516 0.14545704424381256
0.29551437497138977 -0.23800799250602722 0.16598938405513763
0.3029310405254364 -0.23638491332530975 0.1868370920419693
0.3110133707523346 -0.2352999746799469 0.20793987810611725
0.3198692500591278 -0.23476897180080414 0.2292366921901703
0.32960936427116394 -0.23480844497680664 0.25066670775413513
0.340347021818161 -0.23543573915958405 0.2721680700778961
0.35219866037368774 -0.23666904866695404 0.2936788499355316
0.3652839958667755 -0.23852746188640594 0.31513604521751404
0.3797265291213989 -0.24103118479251862 0.33647602796554565
0.3956538140773773 -0.2442014515399933 0.35763439536094666
0.413197785615921 -0.2480607032775879 0.37854525446891785
0.43249550461769104 -0.2526327967643738 0.3991420567035675
0.4536891281604767 -0.25794288516044617 0.4193563461303711
0.4769267141819 -0.2640177309513092 0.4391182065010071
0.5023630857467651 -0.2708858251571655 0.45835599303245544
0.5301598906517029 -0.2785775065422058 0.4769960939884186
0.5604866743087769 -0.28712499141693115 0.4949623942375183
0.5935214757919312 -0.2965628504753113 0.5121763348579407
0.6294516324996948 -0.306927889585495 0.5285563468933105
0.6684748530387878 -0.318259596824646 0.5440179109573364
0.7108001112937927 -0.3306002914905548 0.5584726929664612
0.7566490173339844 -0.34399548172950745 0.5718285441398621
-0.42623063921928406 -0.5681266188621521 0.22376422584056854
-0.3742879331111908 -0.5547274351119995 0.1847718060016632
-0.32512950897216797 -0.5414437651634216 0.14862492680549622
-0.27867987751960754 -0.5282871127128601 0.11526234447956085
-0.23486171662807465 -0.5152689218521118 0.08462131023406982
-0.19359640777111053 -0.5024003386497498 0.056637901812791824
-0.15480373799800873 -0.4896922707557678 0.031247135251760483
-0.11840235441923141 -0.47715556621551514 0.008382986299693584
-0.08430962264537811 -0.4648008644580841 -0.012021343223750591
-0.05244198068976402 -0.45263850688934326 -0.03003343567252159
-0.022714776918292046 -0.4406787157058716 -0.045721568167209625
0.0049575320445001125 -0.4289315938949585 -0.05915446951985359
0.030661115422844887 -0.4174070656299591 -0.07040130347013474
0.054483093321323395 -0.40611493587493896 -0.07953168451786041
0.07651101052761078 -0.39506474137306213 -0.08661536872386932
0.09683316946029663 -0.38426604866981506 -0.09172236174345016
0.11553826928138733 -0.37372827529907227 -0.09492278099060059
0.1327156126499176 -0.3634606599807739 -0.09628677368164062
0.14845485985279083 -0.35347244143486023 -0.09588450193405151
0.16284610331058502 -0.34377288818359375 -0.09378596395254135
0.17597997188568115 -0.33437103033065796 -0.09006119519472122
0.18794728815555573 -0.3252759873867035 -0.08477991819381714
0.1988394558429718 -0.3164967894554138 -0.07801173627376556
0.20874807238578796 -0.3080425560474396 -0.06982601433992386
0.21776528656482697 -0.2999224364757538 -0.06029190495610237
0.22598370909690857 -0.29214558005332947 -0.049478210508823395
0.2334962785243988 -0.2847212255001068 -0.03745345398783684
0.24039651453495026 -0.2776587903499603 -0.024286018684506416
0.24677857756614685 -0.27096763253211975 -0.01004372164607048
0.2527371048927307 -0.26465752720832825 0.005205631256103516
0.2583675980567932 -0.258738249540329 0.021394668146967888
0.26376616954803467 -0.25321975350379944 0.03845616802573204
0.26903000473976135 -0.24811246991157532 0.05632331594824791
0.2742571532726288 -0.24342679977416992 0.07492925971746445
0.2795467972755432 -0.23917372524738312 0.09420747309923172
0.28499940037727356 -0.2353644222021103 0.11409153789281845
0.29071682691574097 -0.23201055824756622 0.13451500236988068
0.29680246114730835 -0.22912415862083435 0.15541155636310577
0.30336153507232666 -0.2267177850008011 0.17671482264995575
0.3105010688304901 -0.22480449080467224 0.19835813343524933
0.3183303773403168 -0.223397895693779 0.22027482092380524
0.3269610106945038 -0.222512349486351 0.24239768087863922
0.3365074694156647 -0.22216284275054932 0.26465946435928345
0.3470868766307831 -0.2223650962114334 0.28699204325675964
0.35881972312927246 -0.22313569486141205 0.30932682752609253
0.3718301057815552 -0.2244921624660492 0.3315945863723755
0.3862459659576416 -0.22645296156406403 0.35372477769851685
0.4021998345851898 -0.22903765738010406 0.3756464123725891
0.4198286533355713 -0.23226699233055115 0.397286593914032
0.43927502632141113 -0.23616302013397217 0.4185716211795807
0.4606870114803314 -0.2407490611076355 0.43942564725875854
0.4842190146446228 -0.24605002999305725 0.4597712457180023
0.5100330114364624 -0.2520925998687744 0.47952887415885925
0.5382978320121765 -0.25890499353408813 0.49861639738082886
0.569191575050354 -0.266517698764801 0.5169494152069092
0.6029008030891418 -0.27496302127838135 0.5344400405883789
0.6396228671073914 -0.2842758297920227 0.550997257232666
0.679566502571106 -0.29449358582496643 0.5665264129638672
0.7229521870613098 -0.3056563138961792 0.5809282660484314
0.7700148224830627 -0.3178073763847351 0.5940991640090942
-0.42192500829696655 -0.556790828704834 0.28483983874320984
-0.3685910999774933 -0.543226420879364 0.2407236248254776
-0.31816473603248596 -0.5297968983650208 0.1997642070055008
-0.2705651521682739 -0.5165132284164429 0.16189147531986237
-0.2257099598646164 -0.5033853054046631 0.12703381478786469
-0.18351534008979797 -0.49042361974716187 0.09511838853359222
-0.1438959687948227 -0.4776378870010376 0.06607116013765335
-0.106765516102314 -0.4650377929210663 0.03981713950634003
-0.07203633338212967 -0.452632874250412 0.016280397772789
-0.03961995244026184 -0.44043228030204773 -0.004615649115294218
-0.009426791220903397 -0.42844516038894653 -0.022948281839489937
0.018633326515555382 -0.41668039560317993 -0.03879522532224655
0.044651344418525696 -0.40514659881591797 -0.05223456025123596
0.06871883571147919 -0.39385226368904114 -0.06334475427865982
0.09092786908149719 -0.3828059434890747 -0.0722043588757515
0.11137114465236664 -0.37201571464538574 -0.07889211922883987
0.13014157116413116 -0.36148974299430847 -0.0834866613149643
0.147332563996315 -0.3512359857559204 -0.08606670796871185
0.16303788125514984 -0.34126245975494385 -0.08671078085899353
0.17735159397125244 -0.3315769135951996 -0.08549713343381882
0.19036798179149628 -0.3221870958805084 -0.0825040265917778
0.20218172669410706 -0.31310078501701355 -0.0778091549873352
0.21288777887821198 -0.30432572960853577 -0.0714900866150856
0.22258122265338898 -0.2958695590496063 -0.06362394243478775
0.23135775327682495 -0.2877400815486908 -0.05428752303123474
0.23931312561035156 -0.2799449861049652 -0.04355723038315773
0.24654364585876465 -0.2724922001361847 -0.031509000808000565
0.2531459331512451 -0.2653895914554596 -0.01821840927004814
0.2592172622680664 -0.25864526629447937 -0.003760599298402667
0.26485520601272583 -0.25226733088493347 0.011789655312895775
0.2701583206653595 -0.24626417458057404 0.028357958421111107
0.27522560954093933 -0.24064435064792633 0.04587021842598915
0.2801571190357208 -0.23541665077209473 0.06425288319587708
0.2850538194179535 -0.2305901199579239 0.08343244343996048
0.29001763463020325 -0.22617414593696594 0.1033356785774231
0.295151948928833 -0.22217831015586853 0.12388966977596283
0.30056148767471313 -0.21861276030540466 0.1450214385986328
0.3063524663448334 -0.21548788249492645 0.16665828227996826
0.31263309717178345 -0.21281464397907257 0.18872734904289246
0.31951338052749634 -0.2106045037508011 0.21115557849407196
0.32710570096969604 -0.20886936783790588 0.23386989533901215
0.33552488684654236 -0.20762190222740173 0.2567967176437378
0.3448885977268219 -0.20687536895275116 0.27986231446266174
0.3553175926208496 -0.2066437155008316 0.30299195647239685
0.3669358789920807 -0.20694170892238617 0.32611069083213806
0.37987157702445984 -0.20778505504131317 0.3491423428058624
0.39425668120384216 -0.20919030904769897 0.372009813785553
0.41022804379463196 -0.21117518842220306 0.3946349322795868
0.42792749404907227 -0.21375833451747894 0.41693779826164246
0.44750264286994934 -0.21695983409881592 0.4388372600078583
0.4691072702407837 -0.22080098092556 0.4602499306201935
0.49290168285369873 -0.225304514169693 0.4810904860496521
0.5190543532371521 -0.23049485683441162 0.5012710690498352
0.5477414131164551 -0.23639804124832153 0.520700991153717
0.5791489481925964 -0.24304218590259552 0.539286732673645
0.6134722828865051 -0.2504573166370392 0.5569308996200562
0.6509182453155518 -0.2586756944656372 0.5735321640968323
0.6917063593864441 -0.2677323520183563 0.5889852046966553
0.7360687851905823 -0.2776646912097931 0.6031790971755981
0.7842538356781006 -0.2885133624076843 0.6159980297088623
-0.41477468609809875 -0.5443191528320312 0.34579774737358093
-0.3602021038532257 -0.5304778814315796 0.2965383231639862
-0.3086523115634918 -0.5167969465255737 0.25075849890708923
-0.26003947854042053 -0.5032857060432434 0.20837832987308502
-0.21427594125270844 -0.4899533689022064 0.16931648552417755
-0.17127278447151184 -0.4768088459968567 0.13349024951457977
-0.13093973696231842 -0.46386078000068665 0.10081576555967331
-0.09318538010120392 -0.4511175751686096 0.07120809704065323
-0.05791720002889633 -0.438587486743927 0.04458151012659073
-0.025041799992322922 -0.42627841234207153 0.020849550142884254
0.005534979980438948 -0.4141979515552521 -7.485863170586526e-05
0.03390803933143616 -0.4023537337779999 -0.018279120326042175
0.06017277017235756 -0.3907530903816223 -0.03385100141167641
0.08442525565624237 -0.3794030249118805 -0.04687850922346115
0.10676177591085434 -0.3683105707168579 -0.05744956061244011
0.1272791475057602 -0.35748255252838135 -0.06565230339765549
0.14607444405555725 -0.34692561626434326 -0.07157450169324875
0.16324494779109955 -0.3366462290287018 -0.07530394941568375
0.17888815701007843 -0.3266509175300598 -0.07692812383174896
0.19310183823108673 -0.31694602966308594 -0.07653407007455826
0.20598389208316803 -0.3075377345085144 -0.07420854270458221
0.21763230860233307 -0.2984323799610138 -0.070037841796875
0.22814539074897766 -0.2896360754966736 -0.06410778313875198
0.2376215159893036 -0.2811550796031952 -0.056503720581531525
0.24615928530693054 -0.27299556136131287 -0.0473104827105999
0.2538575530052185 -0.26516371965408325 -0.03661220148205757
0.26081544160842896 -0.25766581296920776 -0.02449263632297516
0.2671324610710144 -0.25050824880599976 -0.011035029776394367
0.272908478975296 -0.24369743466377258 0.003678229171782732
0.2782438397407532 -0.2372400164604187 0.01956489495933056
0.2832396328449249 -0.23114269971847534 0.03654351085424423
0.287997305393219 -0.22541244328022003 0.05453287065029144
0.2926194667816162 -0.22005632519721985 0.07345247268676758
0.2972094714641571 -0.21508178114891052 0.09322192519903183
0.3018716871738434 -0.21049652993679047 0.11376131325960159
0.30671194195747375 -0.20630843937397003 0.13499097526073456
0.3118372857570648 -0.20252589881420135 0.15683132410049438
0.31735652685165405 -0.19915764033794403 0.1792031228542328
0.3233802318572998 -0.1962127685546875 0.20202693343162537
0.33002105355262756 -0.19370093941688538 0.22522316873073578
0.33739396929740906 -0.19163230061531067 0.24871237576007843
0.34561651945114136 -0.19001753628253937 0.27241426706314087
0.35480931401252747 -0.18886801600456238 0.2962486147880554
0.36509594321250916 -0.18819577991962433 0.32013413310050964
0.3766039311885834 -0.18801361322402954 0.3439890444278717
0.38946446776390076 -0.1883351057767868 0.3677304685115814
0.40381351113319397 -0.18917478621006012 0.39127427339553833
0.41979169845581055 -0.1905481070280075 0.4145351052284241
0.43754515051841736 -0.19247156381607056 0.4374258518218994
0.45722633600234985 -0.19496294856071472 0.4598577320575714
0.4789939820766449 -0.1980411410331726 0.48173949122428894
0.5030141472816467 -0.20172657072544098 0.5029775500297546
0.5294615030288696 -0.20604102313518524 0.5234755873680115
0.5585190653800964 -0.21100805699825287 0.5431336760520935
0.5903803706169128 -0.2166530042886734 0.5618489980697632
0.6252493858337402 -0.22300311923027039 0.5795139074325562
0.6633421778678894 -0.23008787631988525 0.5960163474082947
0.7048888802528381 -0.23793919384479523 0.6112394332885742
0.7501335144042969 -0.2465914636850357 0.6250600814819336
0.7993373274803162 -0.25608211755752563 0.6373487114906311
-0.40474480390548706 -0.5306389331817627 0.4065069556236267
-0.3490954041481018 -0.5164058804512024 0.352097749710083
-0.296575129032135 -0.5023642182350159 0.3015020787715912
-0.24709294736385345 -0.48852232098579407 0.2546294927597046
-0.20055626332759857 -0.4748879373073578 0.21138781309127808
-0.1568710058927536 -0.46146857738494873 0.17168354988098145
-0.11594195663928986 -0.4482714831829071 0.13542211055755615
-0.07767277956008911 -0.4353037178516388 0.1025078073143959
-0.04196617752313614 -0.42257189750671387 0.07284411042928696
-0.00872412696480751 -0.41008248925209045 0.046333953738212585
0.022152172401547432 -0.3978416323661804 0.022879665717482567
0.05076208338141441 -0.38585540652275085 0.0023833687882870436
0.07720533013343811 -0.3741294741630554 -0.015253094956278801
0.1015821248292923 -0.36266934871673584 -0.03012799099087715
0.12399289757013321 -0.35148054361343384 -0.04233932122588158
0.14453832805156708 -0.34056809544563293 -0.051985155791044235
0.16331936419010162 -0.3299371898174286 -0.059163108468055725
0.18043681979179382 -0.3195926249027252 -0.06397052854299545
0.19599182903766632 -0.3095392882823944 -0.06650440394878387
0.21008539199829102 -0.2997818887233734 -0.06686100363731384
0.2228187620639801 -0.2903249263763428 -0.06513624638319016
0.23429295420646667 -0.2811730206012726 -0.06142522767186165
0.2446092814207077 -0.27233073115348816 -0.055822551250457764
0.253868967294693 -0.26380255818367004 -0.048422057181596756
0.26217329502105713 -0.255592942237854 -0.03931698575615883
0.26962384581565857 -0.24770647287368774 -0.02859967015683651
0.27632203698158264 -0.24014762043952942 -0.016361819580197334
0.28237003087997437 -0.23292112350463867 -0.002694474533200264
0.2878698408603668 -0.22603167593479156 0.012312152422964573
0.29292410612106323 -0.2194841206073761 0.028568491339683533
0.2976360023021698 -0.2132834494113922 0.045985590666532516
0.30210915207862854 -0.2074347883462906 0.06447499990463257
0.30644819140434265 -0.2019435316324234 0.08394914865493774
0.31075841188430786 -0.19681523740291595 0.10432067513465881
0.31514623761177063 -0.19205574691295624 0.12550267577171326
0.3197193443775177 -0.1876712143421173 0.1474088430404663
0.3245869278907776 -0.18366806209087372 0.16995273530483246
0.3298596739768982 -0.18005309998989105 0.19304849207401276
0.33565011620521545 -0.17683355510234833 0.21661008894443512
0.3420730531215668 -0.174017071723938 0.24055127799510956
0.3492456376552582 -0.17161181569099426 0.264786034822464
0.3572876453399658 -0.1696263998746872 0.2892274558544159
0.36632195115089417 -0.16807013750076294 0.31378865242004395
0.37647491693496704 -0.16695289313793182 0.3383815884590149
0.3878764808177948 -0.1662852168083191 0.3629177510738373
0.40066102147102356 -0.16607847809791565 0.38730722665786743
0.41496744751930237 -0.16634488105773926 0.4114587903022766
0.430940181016922 -0.16709746420383453 0.435279905796051
0.4487289488315582 -0.16835030913352966 0.458675742149353
0.4684904217720032 -0.17011858522891998 0.48154985904693604
0.49038809537887573 -0.17241857945919037 0.5038028955459595
0.5145931839942932 -0.17526791989803314 0.5253325700759888
0.5412861704826355 -0.17868563532829285 0.5460337996482849
0.5706564784049988 -0.1826922595500946 0.5657972097396851
0.6029047966003418 -0.1873100996017456 0.5845097899436951
0.6382433772087097 -0.19256319105625153 0.6020534038543701
0.6768975257873535 -0.19847768545150757 0.6183044910430908
0.7191072106361389 -0.20508193969726562 0.6331338286399841
0.7651283144950867 -0.21240685880184174 0.646405041217804
0.8152351975440979 -0.22048594057559967 0.657974362373352
-0.39180058240890503 -0.5156764984130859 0.46683403849601746
-0.33524587750434875 -0.5009329319000244 0.4072814881801605
-0.28191667795181274 -0.4864185154438019 0.3518875241279602
-0.2317168265581131 -0.47213998436927795 0.30055001378059387
-0.1845487505197525 -0.4581035375595093 0.253165066242218
-0.14031349122524261 -0.44431525468826294 0.2096274048089981
-0.09891096502542496 -0.43078070878982544 0.16983067989349365
-0.06024007499217987 -0.4175051748752594 0.1336674988269806
-0.024198971688747406 -0.4044938385486603 0.10102981328964233
0.009314913302659988 -0.3917512893676758 0.07180892676115036
0.04040480777621269 -0.3792821168899536 0.045895807445049286
0.06917423009872437 -0.36709049344062805 0.023181280121207237
0.09572707861661911 -0.3551804721355438 0.003556136041879654
0.12016749382019043 -0.3435557782649994 -0.013088952749967575
0.14259962737560272 -0.3322201073169708 -0.02686268649995327
0.16312800347805023 -0.32117676734924316 -0.037873800843954086
0.18185681104660034 -0.31042906641960144 -0.0462302602827549
0.19889035820960999 -0.2999800443649292 -0.05203963443636894
0.2143329679965973 -0.28983283042907715 -0.05540880188345909
0.2282886803150177 -0.27999013662338257 -0.056443870067596436
0.24086152017116547 -0.27045485377311707 -0.05525019392371178
0.2521553933620453 -0.2612297236919403 -0.05193238705396652
0.2622740864753723 -0.2523173689842224 -0.04659402370452881
0.2713213860988617 -0.24372047185897827 -0.03933786600828171
0.27940085530281067 -0.23544171452522278 -0.030265823006629944
0.2866162359714508 -0.22748370468616486 -0.019478701055049896
0.2930711805820465 -0.21984918415546417 -0.00707646831870079
0.29886969923973083 -0.21254095435142517 0.006841713096946478
0.3041157126426697 -0.2055617868900299 0.02217780612409115
0.3089137673377991 -0.19891472160816193 0.03883441910147667
0.313368558883667 -0.19260276854038239 0.05671517923474312
0.3175855278968811 -0.18662920594215393 0.07572422921657562
0.3216707706451416 -0.18099743127822876 0.09576675295829773
0.32573118805885315 -0.17571108043193817 0.11674821376800537
0.3298746645450592 -0.17077405750751495 0.13857482373714447
0.33421042561531067 -0.16619043052196503 0.16115330159664154
0.3388490080833435 -0.16196466982364655 0.18439045548439026
0.34390273690223694 -0.15810145437717438 0.20819362998008728
0.3494856357574463 -0.15460599958896637 0.23247013986110687
0.35571399331092834 -0.15148375928401947 0.2571271061897278
0.36270672082901 -0.1487407237291336 0.2820717692375183
0.37058520317077637 -0.14638333022594452 0.3072105646133423
0.37947437167167664 -0.14441855251789093 0.33244994282722473
0.38950246572494507 -0.14285393059253693 0.35769498348236084
0.4008016586303711 -0.14169766008853912 0.3828502595424652
0.41350871324539185 -0.14095860719680786 0.40781885385513306
0.42776528000831604 -0.14064641296863556 0.43250223994255066
0.4437185823917389 -0.14077149331569672 0.4568004608154297
0.46152183413505554 -0.14134520292282104 0.48061099648475647
0.481335312128067 -0.14237986505031586 0.5038293600082397
0.5033266544342041 -0.14388887584209442 0.5263476967811584
0.5276718735694885 -0.14588671922683716 0.548055112361908
0.5545566082000732 -0.1483893245458603 0.5688369274139404
0.5841763615608215 -0.15141382813453674 0.588574230670929
0.6167387366294861 -0.15497906506061554 0.6071431040763855
0.6524635553359985 -0.15910546481609344 0.6244142055511475
0.6915846467018127 -0.16381530463695526 0.6402519345283508
0.7343524694442749 -0.16913297772407532 0.6545137166976929
0.781033992767334 -0.17508503794670105 0.6670490503311157
0.8319165110588074 -0.18170066177845 0.6776986718177795
-0.3759070932865143 -0.49935707449913025 0.5266412496566772
-0.31862872838974 -0.4839811325073242 0.4619656503200531
-0.26466104388237 -0.4688788652420044 0.4018043279647827
-0.21390306949615479 -0.45405516028404236 0.3460424840450287
-0.16625230014324188 -0.4395145773887634 0.2945633828639984
-0.12160508334636688 -0.42526134848594666 0.24724900722503662
-0.07985663414001465 -0.4112992584705353 0.20398029685020447
-0.04090143367648125 -0.3976317048072815 0.16463720798492432
-0.004633061122149229 -0.38426193594932556 0.129099041223526
0.02905522845685482 -0.3711928129196167 0.09724490344524384
0.060270797461271286 -0.3584267795085907 0.06895332038402557
0.08912117034196854 -0.3459662199020386 0.044103071093559265
0.11571398377418518 -0.3338131308555603 0.02257305011153221
0.14015711843967438 -0.3219693899154663 0.004242247901856899
0.16255824267864227 -0.3104366064071655 -0.011009475216269493
0.1830250471830368 -0.2992161512374878 -0.02330208383500576
0.2016650140285492 -0.28830936551094055 -0.03275459632277489
0.21858544647693634 -0.2777172029018402 -0.03948523849248886
0.23389340937137604 -0.26744088530540466 -0.043611474335193634
0.24769558012485504 -0.257481187582016 -0.04524962976574898
0.2600986361503601 -0.2478388398885727 -0.04451506584882736
0.2712087035179138 -0.23851460218429565 -0.041522055864334106
0.281131774187088 -0.22950921952724457 -0.03638370335102081
0.2899736762046814 -0.2208232432603836 -0.029211990535259247
0.2978399693965912 -0.21245740354061127 -0.02011781744658947
0.30483606457710266 -0.2044123113155365 -0.009210703894495964
0.3110673725605011 -0.19668860733509064 0.0034007825888693333
0.316639244556427 -0.18928714096546173 0.01760929822921753
0.3216572701931 -0.18220862746238708 0.03330868482589722
0.3262271583080292 -0.17545408010482788 0.0503937304019928
0.33045485615730286 -0.16902443766593933 0.06876026093959808
0.33444705605506897 -0.16292095184326172 0.08830499649047852
0.3383108377456665 -0.15714488923549652 0.10892574489116669
0.34215426445007324 -0.1516978144645691 0.130520761013031
0.3460862338542938 -0.1465815156698227 0.1529892235994339
0.3502168655395508 -0.14179790019989014 0.17623090744018555
0.35465770959854126 -0.1373492181301117 0.20014570653438568
0.3595220446586609 -0.1332380473613739 0.22463424503803253
0.36492490768432617 -0.12946723401546478 0.24959702789783478
0.370983749628067 -0.1260400265455246 0.2749345302581787
0.37781840562820435 -0.12296000868082047 0.3005472421646118
0.38555172085762024 -0.12023124098777771 0.3263348937034607
0.39430972933769226 -0.11785823851823807 0.3521971106529236
0.40422213077545166 -0.11584601551294327 0.3780321776866913
0.41542303562164307 -0.1142001673579216 0.4037375748157501
0.4280507564544678 -0.11292684823274612 0.42920923233032227
0.4422491490840912 -0.1120329350233078 0.454341322183609
0.4581679105758667 -0.11152598261833191 0.47902628779411316
0.47596293687820435 -0.11141432076692581 0.5031536221504211
0.49579760432243347 -0.1117071732878685 0.5266106128692627
0.5178433060646057 -0.11241466552019119 0.5492807626724243
0.5422800183296204 -0.11354795843362808 0.5710439682006836
0.569298267364502 -0.11511930823326111 0.5917758941650391
0.5990990400314331 -0.1171422153711319 0.6113470196723938
0.6318961977958679 -0.11963154375553131 0.6296226382255554
0.6679166555404663 -0.12260358780622482 0.6464611887931824
0.7074028849601746 -0.12607628107070923 0.6617141962051392
0.7506147027015686 -0.13006940484046936 0.6752249598503113
0.7978301048278809 -0.13460460305213928 0.686827540397644
0.8493492603302002 -0.1397058665752411 0.6963457465171814
-0.35702934861183167 -0.48160520195961 0.585787296295166
-0.2992194890975952 -0.4654718339443207 0.5160230994224548
-0.24479323625564575 -0.44966384768486023 0.451139360666275
-0.19364482164382935 -0.434184193611145 0.3910071849822998
-0.14566722512245178 -0.419035404920578 0.33549612760543823
-0.10075218975543976 -0.40421968698501587 0.28447428345680237
-0.058790601789951324 -0.38973870873451233 0.2378087341785431
-0.019672593101859093 -0.3755938708782196 0.19536596536636353
0.016712259501218796 -0.36178624629974365 0.1570117026567459
0.05047484487295151 -0.3483164608478546 0.12261158227920532
0.08172620832920074 -0.3351849615573883 0.09203124046325684
0.11057757586240768 -0.3223918676376343 0.06513641029596329
0.13714008033275604 -0.30993708968162537 0.041793275624513626
0.1615249067544937 -0.29782015085220337 0.021868549287319183
0.18384283781051636 -0.28604060411453247 0.00522975530475378
0.2042044997215271 -0.27459752559661865 -0.00825483351945877
0.22272014617919922 -0.26349011063575745 -0.018715832382440567
0.2394997775554657 -0.2527172565460205 -0.026282843202352524
0.2546527087688446 -0.24227768182754517 -0.03108423762023449
0.2682879865169525 -0.23217017948627472 -0.03324715048074722
0.28051429986953735 -0.22239327430725098 -0.03289730101823807
0.2914396822452545 -0.21294550597667694 -0.030159031972289085
0.3011718988418579 -0.2038254290819168 -0.025155451148748398
0.30981841683387756 -0.19503143429756165 -0.018007909879088402
0.31748610734939575 -0.18656204640865326 -0.008836602792143822
0.32428184151649475 -0.1784157156944275 0.0022398345172405243
0.33031216263771057 -0.17059093713760376 0.015104314312338829
0.3356834948062897 -0.16308632493019104 0.029640795662999153
0.3405022919178009 -0.15590041875839233 0.04573507979512215
0.3448750972747803 -0.14903202652931213 0.06327373534440994
0.34890878200531006 -0.14247994124889374 0.08214496821165085
0.3527105748653412 -0.13624320924282074 0.10223781317472458
0.3563882112503052 -0.13032078742980957 0.12344267964363098
0.36005014181137085 -0.12471204251050949 0.14565061032772064
0.3638058602809906 -0.11941647529602051 0.168753519654274
0.36776599287986755 -0.11443371325731277 0.19264432787895203
0.37204256653785706 -0.1097637191414833 0.21721595525741577
0.3767491281032562 -0.10540664941072464 0.24236229062080383
0.38200145959854126 -0.10136295109987259 0.2679770290851593
0.3879171907901764 -0.09763340651988983 0.29395392537117004
0.39461708068847656 -0.09421912580728531 0.3201867341995239
0.4022243022918701 -0.09112157672643661 0.34656843543052673
0.4108659327030182 -0.08834262937307358 0.3729918599128723
0.4206724762916565 -0.08588458597660065 0.3993481993675232
0.4317789375782013 -0.08375020325183868 0.42552804946899414
0.44432514905929565 -0.08194278180599213 0.45142000913619995
0.45845648646354675 -0.0804661437869072 0.476910799741745
0.4743242561817169 -0.07932470738887787 0.5018849968910217
0.49208658933639526 -0.07852356880903244 0.5262241959571838
0.511909544467926 -0.07806852459907532 0.5498069524765015
0.5339673161506653 -0.0779661163687706 0.572507917881012
0.558443546295166 -0.07822375744581223 0.5941973924636841
0.5855329036712646 -0.07884978502988815 0.6147409081459045
0.6154412031173706 -0.07985351979732513 0.6339982151985168
0.6483880877494812 -0.08124542236328125 0.651822566986084
0.684607207775116 -0.08303715288639069 0.6680598258972168
0.7243488430976868 -0.08524168282747269 0.6825476288795471
0.7678817510604858 -0.08787351101636887 0.695114016532898
0.8154947757720947 -0.09094872325658798 0.7055766582489014
0.8675002455711365 -0.09448528289794922 0.7137407660484314
-0.3351328372955322 -0.46234428882598877 0.6441277861595154
-0.276994526386261 -0.4453255832195282 0.5693245530128479
-0.22229909896850586 -0.428691565990448 0.49977755546569824
-0.1709364354610443 -0.41244301199913025 0.43534302711486816
-0.12279513478279114 -0.396580308675766 0.3758755028247833
-0.07776271551847458 -0.38110318779945374 0.32122814655303955
-0.03572604060173035 -0.3660111129283905 0.27125313878059387
0.003428763011470437 -0.3513031005859375 0.22580231726169586
0.03981590270996094 -0.3369777202606201 0.18472693860530853
0.07354982197284698 -0.3230333626270294 0.14787845313549042
0.10474513471126556 -0.30946797132492065 0.11510829627513885
0.13351620733737946 -0.2962791621685028 0.08626864850521088
0.15997739136219025 -0.28346455097198486 0.06121207773685455
0.18424266576766968 -0.27102115750312805 0.03979221731424332
0.20642556250095367 -0.25894609093666077 0.021863723173737526
0.2266393005847931 -0.24723607301712036 0.007282335311174393
0.24499638378620148 -0.2358877807855606 -0.004094710107892752
0.26160892844200134 -0.22489771246910095 -0.012408936396241188
0.2765883505344391 -0.21426226198673248 -0.017800182104110718
0.2900453507900238 -0.20397771894931793 -0.020406732335686684
0.3020903170108795 -0.19404029846191406 -0.020365115255117416
0.31283268332481384 -0.18444612622261047 -0.017810236662626266
0.32238155603408813 -0.17519138753414154 -0.012875235639512539
0.33084529638290405 -0.1662721037864685 -0.005691427271813154
0.33833199739456177 -0.15768444538116455 0.0036115183029323816
0.3449491560459137 -0.14942452311515808 0.014905858784914017
0.3508041501045227 -0.14148849248886108 0.028065357357263565
0.3560038208961487 -0.13387258350849152 0.042965587228536606
0.36065518856048584 -0.12657305598258972 0.059483788907527924
0.36486509442329407 -0.11958635598421097 0.07749853283166885
0.36874061822891235 -0.11290891468524933 0.09689009934663773
0.3723889887332916 -0.1065373346209526 0.11753983795642853
0.37591826915740967 -0.10046836733818054 0.1393306851387024
0.3794368505477905 -0.09469886869192123 0.16214637458324432
0.38305410742759705 -0.08922594785690308 0.18587177991867065
0.38688063621520996 -0.08404678851366043 0.21039269864559174
0.39102837443351746 -0.07915887981653214 0.235595241189003
0.39561086893081665 -0.07455985248088837 0.2613663971424103
0.40074360370635986 -0.07024762779474258 0.2875932455062866
0.40654441714286804 -0.06622034311294556 0.31416261196136475
0.41313380002975464 -0.06247640773653984 0.3409616947174072
0.42063531279563904 -0.05901459977030754 0.3678766191005707
0.4291759431362152 -0.055833909660577774 0.394793301820755
0.4388866126537323 -0.05293375253677368 0.4215960204601288
0.44990283250808716 -0.050313882529735565 0.44816824793815613
0.46236512064933777 -0.04797443747520447 0.47439125180244446
0.4764196276664734 -0.045916009694337845 0.5001441240310669
0.492218941450119 -0.04413962736725807 0.5253034234046936
0.5099227428436279 -0.042646829038858414 0.549742579460144
0.5296988487243652 -0.041439685970544815 0.573331356048584
0.5517240166664124 -0.04052085429430008 0.595935046672821
0.5761845111846924 -0.03989361599087715 0.617414116859436
0.6032787561416626 -0.03956194221973419 0.6376234889030457
0.6332166194915771 -0.03953054919838905 0.6564111113548279
0.6662229299545288 -0.03980499878525734 0.6736181974411011
0.7025374174118042 -0.04039169102907181 0.6890769600868225
0.7424173355102539 -0.041298072785139084 0.7026099562644958
0.7861402630805969 -0.04253264144062996 0.7140293121337891
0.8340048789978027 -0.04410510137677193 0.7231341600418091
0.886335551738739 -0.046026501804590225 0.729710042476654
-0.3101833462715149 -0.4414973556995392 0.701513946056366
-0.25193092226982117 -0.423462450504303 0.6217365264892578
-0.19716575741767883 -0.40587982535362244 0.5476006865501404
-0.14577367901802063 -0.38874778151512146 0.47894617915153503
-0.09763933718204498 -0.3720639646053314 0.4156114459037781
-0.0526464469730854 -0.3558256924152374 0.35743358731269836
-0.010678128339350224 -0.34002968668937683 0.30424898862838745
0.02838301844894886 -0.3246723413467407 0.2558934688568115
0.06465458869934082 -0.3097495138645172 0.2122030407190323
0.09825420379638672 -0.2952568233013153 0.17301379144191742
0.12929944694042206 -0.28118959069252014 0.13816240429878235
0.1579076498746872 -0.2675427794456482 0.10748620331287384
0.18419569730758667 -0.254311203956604 0.08082377910614014
0.20827995240688324 -0.2414892315864563 0.05801466107368469
0.23027628660202026 -0.2290712296962738 0.03890007361769676
0.25029999017715454 -0.21705131232738495 0.02332255244255066
0.2684653401374817 -0.20542345941066742 0.011126604862511158
0.2848861515522003 -0.19418148696422577 0.0021582916378974915
0.2996752858161926 -0.18331921100616455 -0.003734222613275051
0.31294476985931396 -0.17283028364181519 -0.006700678262859583
0.32480597496032715 -0.16270825266838074 -0.006888996344059706
0.33536940813064575 -0.15294674038887024 -0.004444843158125877
0.34474480152130127 -0.14353929460048676 0.00048817761125974357
0.35304123163223267 -0.13447946310043335 0.007768678944557905
0.36036717891693115 -0.12576082348823547 0.017257267609238625
0.366830438375473 -0.11737697571516037 0.028816701844334602
0.3725385069847107 -0.10932154953479767 0.04231183975934982
0.3775983452796936 -0.10158829391002655 0.05760929360985756
0.38211676478385925 -0.0941709354519844 0.07457797229290009
0.38620051741600037 -0.08706341683864594 0.09308821707963943
0.38995635509490967 -0.08025967329740524 0.11301229149103165
0.39349111914634705 -0.07375379651784897 0.13422392308712006
0.3969123065471649 -0.0675399973988533 0.15659856796264648
0.4003279209136963 -0.061612632125616074 0.18001264333724976
0.4038466811180115 -0.05596621334552765 0.20434384047985077
0.40757861733436584 -0.050595346838235855 0.22947105765342712
0.4116349220275879 -0.045494891703128815 0.2552734613418579
0.41612857580184937 -0.04065980389714241 0.2816312909126282
0.4211744964122772 -0.03608530014753342 0.30842480063438416
0.42688965797424316 -0.03176674246788025 0.3355342447757721
0.433394193649292 -0.027699707075953484 0.3628399670124054
0.44081103801727295 -0.023880023509263992 0.39022135734558105
0.44926682114601135 -0.020303696393966675 0.4175575375556946
0.4588921368122101 -0.016967028379440308 0.44472572207450867
0.4698224365711212 -0.01386653259396553 0.4716021418571472
0.482198029756546 -0.010999009944498539 0.4980606734752655
0.49616557359695435 -0.00836156029254198 0.5239726901054382
0.5118780732154846 -0.005951543338596821 0.5492066740989685
0.5294960737228394 -0.0037666745483875275 0.5736274123191833
0.5491886734962463 -0.0018049711361527443 0.5970958471298218
0.5711339116096497 -6.483239849330857e-05 0.6194674372673035
0.5955208539962769 0.00145496625918895 0.6405924558639526
0.6225502490997314 0.0027552528772503138 0.6603146195411682
0.6524356007575989 0.0038363998755812645 0.6784696578979492
0.6854058504104614 0.004698324948549271 0.6948856115341187
0.7217064499855042 0.005340422969311476 0.7093803286552429
0.7616008520126343 0.005761532578617334 0.7217603325843811
0.8053745031356812 0.005959898233413696 0.7318200469017029
0.8533356189727783 0.005933091975748539 0.7393392324447632
0.9058197736740112 0.005677963141351938 0.7440813779830933
-0.2821471095085144 -0.4189862906932831 0.7577943205833435
-0.2240065336227417 -0.3998017907142639 0.6731237173080444
-0.1693812906742096 -0.38114601373672485 0.5944887399673462
-0.1181536391377449 -0.36301419138908386 0.521711528301239
-0.07020466029644012 -0.34540119767189026 0.45461300015449524
-0.02541475184261799 -0.328301340341568 0.39301320910453796
0.016336243599653244 -0.3117082715034485 0.3367312252521515
0.05516874045133591 -0.29561546444892883 0.285586416721344
0.0912032425403595 -0.28001585602760315 0.23939795792102814
0.12456002831459045 -0.26490190625190735 0.1979859620332718
0.15535926818847656 -0.2502659857273102 0.1611710786819458
0.18372055888175964 -0.2361000031232834 0.12877538800239563
0.2097628116607666 -0.22239570319652557 0.10062232613563538
0.23360449075698853 -0.20914459228515625 0.07653678953647614
0.2553630769252777 -0.19633802771568298 0.05634582042694092
0.27515533566474915 -0.18396711349487305 0.039878156036138535
0.29309695959091187 -0.1720229685306549 0.02696491777896881
0.30930274724960327 -0.16049645841121674 0.01743941195309162
0.32388654351234436 -0.14937850832939148 0.011137351393699646
0.33696112036705017 -0.13865992426872253 0.007896827533841133
0.3486384451389313 -0.12833146750926971 0.007558523211628199
0.35902926325798035 -0.11838392168283463 0.009965554811060429
0.36824363470077515 -0.10880806297063828 0.014963607303798199
0.376390665769577 -0.09959466755390167 0.0224009919911623
0.38357868790626526 -0.09073462337255478 0.032128311693668365
0.38991525769233704 -0.08221878856420517 0.04399886727333069
0.3955075442790985 -0.07403810322284698 0.05786823108792305
0.4004618227481842 -0.06618364155292511 0.07359424233436584
0.4048844575881958 -0.058646462857723236 0.09103718400001526
0.4088813364505768 -0.05141783878207207 0.1100592091679573
0.41255834698677063 -0.04448902979493141 0.13052460551261902
0.41602155566215515 -0.03785150498151779 0.15229938924312592
0.41937726736068726 -0.03149675205349922 0.1752515435218811
0.42273247241973877 -0.02541646920144558 0.1992502212524414
0.42619481682777405 -0.0196024551987648 0.22416603565216064
0.42987295985221863 -0.014046580530703068 0.2498708814382553
0.4338771104812622 -0.008740928955376148 0.2762370705604553
0.43831881880760193 -0.0036776431370526552 0.30313822627067566
0.4433118402957916 0.001150947529822588 0.33044785261154175
0.44897210597991943 0.005752390716224909 0.3580394983291626
0.4554183781147003 0.010134134441614151 0.38578686118125916
0.4627726078033447 0.014303436502814293 0.41356250643730164
0.47116029262542725 0.01826748624444008 0.4412386417388916
0.4807111918926239 0.022033290937542915 0.4686855971813202
0.49155986309051514 0.025607768446207047 0.49577224254608154
0.5038461685180664 0.028997700661420822 0.5223650336265564
0.517716109752655 0.03220972791314125 0.5483272671699524
0.5333227515220642 0.035250429064035416 0.5735195279121399
0.5508264899253845 0.03812621533870697 0.5977975130081177
0.570397138595581 0.04084344953298569 0.6210129261016846
0.5922136306762695 0.043408364057540894 0.6430112719535828
0.6164662837982178 0.045827094465494156 0.6636319756507874
0.6433579325675964 0.048105742782354355 0.682706892490387
0.6731047034263611 0.05025029182434082 0.7000593543052673
0.7059392929077148 0.052266690880060196 0.7155028581619263
0.7421112060546875 0.05416082963347435 0.7288399934768677
0.7818899154663086 0.05593856796622276 0.7398601770401001
0.8255676031112671 0.05760573968291283 0.7483385801315308
0.8734612464904785 0.05916817486286163 0.7540335059165955
0.9259169697761536 0.06063173711299896 0.7566847801208496
-0.25099122524261475 -0.39473268389701843 0.8128129839897156
-0.19320048391819 -0.37426307797431946 0.7233473062515259
-0.1389354020357132 -0.35440775752067566 0.6403189301490784
-0.08807513117790222 -0.3351587951183319 0.5635316371917725
-0.040497832000255585 -0.3165077567100525 0.49278751015663147
0.003918931353837252 -0.2984454929828644 0.4278879165649414
0.04529799893498421 -0.2809624969959259 0.3686339259147644
0.08376222848892212 -0.2640487253665924 0.31482696533203125
0.11943450570106506 -0.247693732380867 0.26626887917518616
0.15243712067604065 -0.23188669979572296 0.2227623164653778
0.18289226293563843 -0.21661648154258728 0.18411129713058472
0.21092122793197632 -0.20187175273895264 0.15012161433696747
0.236644446849823 -0.18764089047908783 0.12060078978538513
0.260181725025177 -0.17391207814216614 0.0953584760427475
0.2816515862941742 -0.1606733649969101 0.07420679926872253
0.30117174983024597 -0.1479126363992691 0.05696005001664162
0.31885862350463867 -0.13561776280403137 0.04343560338020325
0.3348275125026703 -0.12377648055553436 0.03345334157347679
0.34919264912605286 -0.11237654089927673 0.02683604694902897
0.3620668351650238 -0.10140564292669296 0.023409565910696983
0.3735620975494385 -0.09085144847631454 0.02300255000591278
0.38378894329071045 -0.08070175349712372 0.025446780025959015
0.39285704493522644 -0.07094431668519974 0.03057698905467987
0.4008749723434448 -0.061566974967718124 0.03823089599609375
0.40795037150382996 -0.052557628601789474 0.048249129205942154
0.4141899645328522 -0.04390428215265274 0.06047522649168968
0.41969990730285645 -0.035594966262578964 0.07475544512271881
0.4245855510234833 -0.0276179239153862 0.09093877673149109
0.42895185947418213 -0.01996135711669922 0.10887695848941803
0.4329034388065338 -0.012613706290721893 0.12842385470867157
0.43654486536979675 -0.005563427694141865 0.14943577349185944
0.4399806559085846 0.001200843951664865 0.17177116870880127
0.4433155357837677 0.0076904273591935635 0.19529041647911072
0.44665491580963135 0.013916481286287308 0.2198556512594223
0.4501045048236847 0.01989004760980606 0.24533028900623322
0.45377153158187866 0.02562214620411396 0.27157941460609436
0.4577641785144806 0.031123604625463486 0.2984686493873596
0.4621922969818115 0.036405257880687714 0.3258647918701172
0.4671678841114044 0.04147779196500778 0.353634774684906
0.472804993391037 0.0463518463075161 0.38164564967155457
0.4792206287384033 0.051038049161434174 0.40976426005363464
0.48653504252433777 0.05554691329598427 0.43785661458969116
0.4948720335960388 0.05988902226090431 0.46578797698020935
0.5043598413467407 0.06407487392425537 0.4934215843677521
0.5151315331459045 0.06811503320932388 0.5206190347671509
0.5273256301879883 0.07202011346817017 0.5472391843795776
0.5410872101783752 0.07580073922872543 0.5731374025344849
0.5565680861473083 0.07946769148111343 0.5981655716896057
0.5739284753799438 0.08303184807300568 0.6221708059310913
0.5933374762535095 0.08650428056716919 0.6449946761131287
0.6149745583534241 0.08989624679088593 0.6664726734161377
0.6390300989151001 0.09321923553943634 0.6864326000213623
0.6657084226608276 0.09648510813713074 0.7046942114830017
0.695227324962616 0.09970598667860031 0.7210670113563538
0.7278220057487488 0.10289451479911804 0.7353496551513672
0.7637457847595215 0.10606379806995392 0.7473280429840088
0.803272545337677 0.1092275008559227 0.7567729353904724
0.8467006683349609 0.11240002512931824 0.7634389400482178
0.8943545818328857 0.11559651792049408 0.7670611143112183
0.946590006351471 0.11883305758237839 0.7673526406288147
-0.2166837602853775 -0.3686576187610626 0.8664109110832214
-0.15949326753616333 -0.3467652499675751 0.7722655534744263
-0.10581942647695541 -0.3255826234817505 0.6849665641784668
-0.05553896725177765 -0.305098295211792 0.6042975783348083
-0.008527725003659725 -0.28529995679855347 0.5300408005714417
0.035338930785655975 -0.2661747634410858 0.4619777202606201
0.07618572562932968 -0.24770940840244293 0.39989039301872253
0.11413747072219849 -0.22989001870155334 0.34356099367141724
0.14931859076023102 -0.21270233392715454 0.29277265071868896
0.18185296654701233 -0.19613191485404968 0.247310072183609
0.21186384558677673 -0.18016372621059418 0.20695964992046356
0.23947371542453766 -0.16478271782398224 0.17150987684726715
0.26480382680892944 -0.14997361600399017 0.1407518982887268
0.28797462582588196 -0.13572090864181519 0.11447902023792267
0.30910512804985046 -0.1220090389251709 0.09248800575733185
0.32831329107284546 -0.10882233083248138 0.07457826286554337
0.3457154929637909 -0.09614508599042892 0.060552649199962616
0.3614270091056824 -0.08396157622337341 0.05021732300519943
0.37556174397468567 -0.07225615531206131 0.043381791561841965
0.3882319927215576 -0.0610131174325943 0.039859093725681305
0.3995489776134491 -0.05021682009100914 0.03946581855416298
0.40962255001068115 -0.03985174745321274 0.04202209413051605
0.41856130957603455 -0.029902461916208267 0.04735133424401283
0.4264727234840393 -0.020353585481643677 0.05528075993061066
0.43346303701400757 -0.01118990033864975 0.06564073264598846
0.4396376311779022 -0.0023962794803082943 0.0782650038599968
0.4451010525226593 0.006042293272912502 0.09299059957265854
0.4499569833278656 0.014140636660158634 0.10965755581855774
0.4543086290359497 0.021913545206189156 0.1281089186668396
0.4582587480545044 0.029375581070780754 0.1481904536485672
0.46190983057022095 0.03654126822948456 0.1697506308555603
0.4653642475605011 0.04342494532465935 0.19264008104801178
0.4687247574329376 0.05004091188311577 0.21671204268932343
0.47209444642066956 0.056403301656246185 0.24182136356830597
0.47557687759399414 0.062526173889637 0.267824649810791
0.4792768061161041 0.0684235617518425 0.2945801019668579
0.48330003023147583 0.07410936802625656 0.32194674015045166
0.48775431513786316 0.07959754019975662 0.349784791469574
0.492748886346817 0.08490194380283356 0.3779546618461609
0.4983956217765808 0.09003645181655884 0.40631669759750366
0.5048091411590576 0.0950150415301323 0.4347313344478607
0.5121071934700012 0.09985167533159256 0.4630577564239502
0.5204115509986877 0.104560486972332 0.4911544919013977
0.5298479199409485 0.10915568470954895 0.5188776254653931
0.5405475497245789 0.11365169286727905 0.5460813641548157
0.552646815776825 0.11806316673755646 0.5726168751716614
0.5662888288497925 0.12240500003099442 0.5983314514160156
0.5816239714622498 0.1266925036907196 0.6230683922767639
0.5988109707832336 0.1309412568807602 0.6466652750968933
0.6180177330970764 0.1351674497127533 0.6689539551734924
0.6394228935241699 0.13938778638839722 0.6897587776184082
0.6632169485092163 0.14361955225467682 0.7088959217071533
0.689603865146637 0.14788086712360382 0.7261717319488525
0.7188026905059814 0.15219062566757202 0.7413815855979919
0.7510499358177185 0.15656884014606476 0.7543079257011414
0.7866012454032898 0.16103656589984894 0.7647186517715454
0.8257344961166382 0.1656161993741989 0.7723649144172668
0.8687525987625122 0.17033174633979797 0.7769783139228821
0.9159867167472839 0.17520883679389954 0.7782685160636902
0.9678007364273071 0.18027517199516296 0.7759197354316711
-0.17919348180294037 -0.3406814634799957 0.9184256792068481
-0.12286636978387833 -0.31722691655158997 0.8197342157363892
-0.07002595067024231 -0.29458820819854736 0.7283046245574951
-0.02054726891219616 -0.27274972200393677 0.6438987255096436
0.02569534257054329 -0.25169482827186584 0.5662776231765747
0.06882790476083755 -0.2314065843820572 0.49520206451416016
0.10897647589445114 -0.2118673473596573 0.4304331839084625
0.14626677334308624 -0.1930590271949768 0.3717332184314728
0.1808241754770279 -0.174963116645813 0.3188655972480774
0.21277324855327606 -0.15756088495254517 0.2715959846973419
0.24223779141902924 -0.14083324372768402 0.2296922206878662
0.2693404257297516 -0.12476090341806412 0.19292479753494263
0.2942027151584625 -0.10932453721761703 0.16106733679771423
0.3169448971748352 -0.09450456500053406 0.13389675319194794
0.33768558502197266 -0.08028146624565125 0.11119343340396881
0.3565424680709839 -0.0666356161236763 0.09274138510227203
0.37363120913505554 -0.05354747548699379 0.07832853496074677
0.3890661597251892 -0.04099750891327858 0.06774687767028809
0.40296033024787903 -0.028966305777430534 0.0607922226190567
0.415424644947052 -0.01743454299867153 0.05726475641131401
0.42656922340393066 -0.0063829501159489155 0.05696846917271614
0.43650227785110474 0.004207509104162455 0.059711702167987823
0.4453306794166565 0.014355766586959362 0.06530659645795822
0.45316025614738464 0.024080626666545868 0.07356956601142883
0.4600951373577118 0.03340064734220505 0.08432064205408096
0.4662388265132904 0.042334284633398056 0.09738398343324661
0.47169357538223267 0.05089982599020004 0.1125870868563652
0.4765608310699463 0.05911530181765556 0.12976104021072388
0.4809414744377136 0.06699871271848679 0.14874055981636047
0.4849356710910797 0.07456778734922409 0.16936318576335907
0.4886433482170105 0.08184020221233368 0.19146956503391266
0.49216434359550476 0.08883341401815414 0.2149028778076172
0.49559858441352844 0.09556486457586288 0.23950903117656708
0.49904632568359375 0.10205181688070297 0.26513588428497314
0.5026083588600159 0.10831145197153091 0.2916332483291626
0.5063864588737488 0.1143610030412674 0.3188526928424835
0.5104838013648987 0.12021759897470474 0.34664666652679443
0.5150048136711121 0.12589842081069946 0.37486883997917175
0.520055890083313 0.13142068684101105 0.4033733308315277
0.5257459282875061 0.13680164515972137 0.43201395869255066
0.5321865677833557 0.14205880463123322 0.4606446325778961
0.5394926071166992 0.14720971882343292 0.48911792039871216
0.5477826595306396 0.15227225422859192 0.5172853469848633
0.5571799278259277 0.1572645753622055 0.5449960827827454
0.567812442779541 0.16220514476299286 0.5720970034599304
0.5798142552375793 0.16711294651031494 0.5984312891960144
0.5933256149291992 0.17200735211372375 0.623837947845459
0.6084946393966675 0.1769084930419922 0.6481515169143677
0.62547767162323 0.1818370819091797 0.6711997985839844
0.6444408297538757 0.18681477010250092 0.6928044557571411
0.6655609607696533 0.19186405837535858 0.7127782702445984
0.6890272498130798 0.19700853526592255 0.7309249043464661
0.7150428891181946 0.2022731900215149 0.7470369935035706
0.743826687335968 0.20768430829048157 0.7608945369720459
0.7756155729293823 0.21326996386051178 0.7722626328468323
0.8106664419174194 0.2190600335597992 0.7808899879455566
0.849259614944458 0.22508668899536133 0.786505937576294
0.8917014002799988 0.2313845157623291 0.7888174653053284
0.938327968120575 0.23799100518226624 0.7875061631202698
0.9895105361938477 0.24494709074497223 0.7822245359420776
-0.1384909749031067 -0.3107248842716217 0.9686911702156067
-0.08330345153808594 -0.28556737303733826 0.865606427192688
-0.031550001353025436 -0.26134297251701355 0.7702039480209351
0.01689511351287365 -0.2380313128232956 0.6822229623794556
0.06215823069214821 -0.21561115980148315 0.601401686668396
0.10436583310365677 -0.19406063854694366 0.5274789929389954
0.1436443030834198 -0.17335739731788635 0.4601942300796509
0.180119588971138 -0.15347851812839508 0.399288147687912
0.21391701698303223 -0.13440091907978058 0.3445036709308624
0.2451610565185547 -0.1161009892821312 0.2955864369869232
0.2739750146865845 -0.0985550656914711 0.25228461623191833
0.3004811108112335 -0.08173927664756775 0.21435022354125977
0.3248000144958496 -0.06562969833612442 0.18153858184814453
0.34705114364624023 -0.05020236596465111 0.1536092758178711
0.36735212802886963 -0.03543329983949661 0.13032597303390503
0.38581913709640503 -0.021298609673976898 0.11145668476819992
0.4025666117668152 -0.0077745346352458 0.0967741534113884
0.41770729422569275 0.005162610672414303 0.08605562895536423
0.43135204911231995 0.01753629371523857 0.0790831446647644
0.44361045956611633 0.02936982549726963 0.07564341276884079
0.4545901417732239 0.04068635404109955 0.07552797347307205
0.46439722180366516 0.051508739590644836 0.07853309065103531
0.4731362760066986 0.061859652400016785 0.0844595804810524
0.4809104800224304 0.07176154106855392 0.09311288595199585
0.48782169818878174 0.0812365859746933 0.10430289804935455
0.49397048354148865 0.09030676633119583 0.1178438737988472
0.49945637583732605 0.09899383038282394 0.13355407118797302
0.5043779015541077 0.10731925070285797 0.1512557864189148
0.5088327527046204 0.1153043732047081 0.17077524960041046
0.5129182934761047 0.12297030538320541 0.1919419765472412
0.5167312026023865 0.13033802807331085 0.2145889550447464
0.5203680396080017 0.13742825388908386 0.23855189979076385
0.5239254236221313 0.14426174759864807 0.2636697292327881
0.5275002717971802 0.15085899829864502 0.28978338837623596
0.531190037727356 0.15724056959152222 0.316736102104187
0.5350929498672485 0.1634269505739212 0.34437280893325806
0.5393086075782776 0.16943864524364471 0.37253960967063904
0.5439379811286926 0.17529624700546265 0.40108394622802734
0.5490838885307312 0.18102039396762848 0.4298533797264099
0.5548516511917114 0.18663199245929718 0.45869559049606323
0.5613492727279663 0.19215217232704163 0.48745793104171753
0.5686879754066467 0.19760222733020782 0.5159863829612732
0.5769829154014587 0.20300404727458954 0.5441257357597351
0.5863535404205322 0.2083798199892044 0.5717179775238037
0.5969244837760925 0.2137523740530014 0.5986024737358093
0.6088263392448425 0.21914516389369965 0.6246145963668823
0.6221960783004761 0.2245824635028839 0.6495848298072815
0.6371784210205078 0.23008939623832703 0.6733384132385254
0.6539266705513 0.23569218814373016 0.6956934928894043
0.6726043224334717 0.24141831696033478 0.716460645198822
0.6933851838111877 0.24729658663272858 0.7354410290718079
0.7164565324783325 0.2533574402332306 0.7524247765541077
0.7420193552970886 0.25963324308395386 0.7671899199485779
0.7702912092208862 0.2661583721637726 0.7794999480247498
0.8015081882476807 0.2729697823524475 0.7891017198562622
0.8359271883964539 0.2801070511341095 0.7957229614257812
0.8738291263580322 0.2876130938529968 0.7990691661834717
0.9155226349830627 0.29553455114364624 0.7988206744194031
0.9613474011421204 0.3039220869541168 0.7946282029151917
1.011679768562317 0.3128315508365631 0.7861087918281555
-0.09454761445522308 -0.2787077724933624 1.017038345336914
-0.040789272636175156 -0.2517052888870239 0.9097326397895813
0.009612051770091057 -0.22576524317264557 0.8105338215827942
0.056781865656375885 -0.20086178183555603 0.719156801700592
0.10084614157676697 -0.17696832120418549 0.6353160738945007
0.14193080365657806 -0.15405765175819397 0.5587267875671387
0.18016153573989868 -0.13210205733776093 0.48910531401634216
0.21566353738307953 -0.11107338219881058 0.42617037892341614
0.24856115877628326 -0.09094306826591492 0.369642972946167
0.27897751331329346 -0.071682408452034 0.3192477524280548
0.30703485012054443 -0.05326252803206444 0.2747126519680023
0.3328537046909332 -0.03565444424748421 0.23576994240283966
0.35655319690704346 -0.01882927119731903 0.2021564394235611
0.3782508671283722 -0.0027580615133047104 0.17361348867416382
0.3980623781681061 0.012587900273501873 0.14988766610622406
0.4161018133163452 0.02723727375268936 0.1307305097579956
0.43248119950294495 0.041218437254428864 0.11589907854795456
0.44731083512306213 0.054559580981731415 0.10515568405389786
0.46069929003715515 0.06728857755661011 0.09826812148094177
0.47275304794311523 0.07943304628133774 0.09500978887081146
0.4835771322250366 0.09102033078670502 0.0951593741774559
0.49327462911605835 0.10207740217447281 0.09850103408098221
0.5019471049308777 0.1126309409737587 0.10482409596443176
0.509694516658783 0.1227072924375534 0.11392325162887573
0.5166153907775879 0.13233251869678497 0.1255979984998703
0.5228070020675659 0.1415323168039322 0.13965299725532532
0.528365433216095 0.15033213794231415 0.1558973491191864
0.5333856344223022 0.15875709056854248 0.17414453625679016
0.5379617810249329 0.1668320745229721 0.19421249628067017
0.5421873927116394 0.17458169162273407 0.21592283248901367
0.5461553335189819 0.18203039467334747 0.23910105228424072
0.5499585270881653 0.18920238316059113 0.2635757625102997
0.55368971824646 0.19612187147140503 0.28917887806892395
0.5574418902397156 0.20281276106834412 0.3157446086406708
0.5613082647323608 0.2092990279197693 0.34310969710350037
0.56538325548172 0.21560464799404144 0.3711128830909729
0.5697624683380127 0.22175364196300507 0.39959394931793213
0.5745424628257751 0.2277701050043106 0.42839404940605164
0.5798222422599792 0.23367835581302643 0.45735475420951843
0.5857027173042297 0.2395029515028 0.48631739616394043
0.5922878384590149 0.24526889622211456 0.5151229500770569
0.599684476852417 0.2510014772415161 0.5436109900474548
0.6080036759376526 0.25672659277915955 0.5716193914413452
0.6173606514930725 0.2624708116054535 0.5989830493927002
0.627875804901123 0.26826155185699463 0.6255337595939636
0.6396754384040833 0.27412697672843933 0.6510987877845764
0.6528924703598022 0.2800964117050171 0.6755000948905945
0.667667806148529 0.28620049357414246 0.6985535025596619
0.6841505169868469 0.29247117042541504 0.7200667262077332
0.7025002837181091 0.2989422380924225 0.7398390769958496
0.7228875160217285 0.3056492507457733 0.7576590180397034
0.745495617389679 0.3126300275325775 0.7733029127120972
0.7705230116844177 0.3199249505996704 0.7865331172943115
0.7981842756271362 0.3275772035121918 0.7970953583717346
0.8287134766578674 0.3356334865093231 0.8047168254852295
0.8623659014701843 0.3441441059112549 0.8091023564338684
0.8994218707084656 0.3531639277935028 0.8099321126937866
0.9401901364326477 0.362752765417099 0.8068565130233765
0.9850122928619385 0.37297630310058594 0.7994927167892456
1.034267544746399 0.38390710949897766 0.7874182462692261
-0.047337085008621216 -0.24455061554908752 1.0632950067520142
0.004688794258981943 -0.21556061506271362 0.9519611597061157
0.05346107482910156 -0.18777477741241455 0.8491615653038025
0.09910382330417633 -0.1611614227294922 0.7545856237411499
0.14174136519432068 -0.1356879323720932 0.6679224371910095
0.18149803578853607 -0.11132106184959412 0.588862419128418
0.21849770843982697 -0.08802708983421326 0.5170979499816895
0.25286349654197693 -0.06577183306217194 0.45232391357421875
0.28471770882606506 -0.04452094808220863 0.3942391574382782
0.31418129801750183 -0.024239832535386086 0.34254589676856995
0.34137392044067383 -0.004893893375992775 0.29695120453834534
0.3664138615131378 0.013551494106650352 0.25716710090637207
0.38941723108291626 0.031130729243159294 0.22291088104248047
0.4104990065097809 0.047878190875053406 0.1939052790403366
0.42977175116539 0.06382785737514496 0.1698792427778244
0.44734644889831543 0.07901355624198914 0.150567427277565
0.46333205699920654 0.09346871823072433 0.1357109099626541
0.47783544659614563 0.1072264239192009 0.12505671381950378
0.4909616708755493 0.12031932175159454 0.11835844069719315
0.5028138756752014 0.13277970254421234 0.11537566781044006
0.5134932994842529 0.14463944733142853 0.11587443947792053
0.5230991840362549 0.15592992305755615 0.11962658166885376
0.5317294597625732 0.16668209433555603 0.12641015648841858
0.5394802093505859 0.17692653834819794 0.13600896298885345
0.546445906162262 0.18669337034225464 0.14821238815784454
0.5527196526527405 0.1960122436285019 0.16281536221504211
0.5583934783935547 0.20491260290145874 0.1796180009841919
0.5635582804679871 0.21342328190803528 0.1984253078699112
0.5683037638664246 0.22157301008701324 0.2190469354391098
0.5727192759513855 0.22939005494117737 0.24129699170589447
0.5768935680389404 0.23690256476402283 0.2649935483932495
0.5809146761894226 0.24413825571537018 0.2899582087993622
0.5848711133003235 0.2511250078678131 0.31601622700691223
0.5888514518737793 0.2578903138637543 0.34299543499946594
0.5929442644119263 0.2644616365432739 0.3707261085510254
0.5972394347190857 0.27086666226387024 0.39904096722602844
0.6018278002738953 0.2771329879760742 0.42777371406555176
0.606801450252533 0.2832884192466736 0.4567595422267914
0.6122545599937439 0.2893611192703247 0.4858339726924896
0.6182832717895508 0.2953793704509735 0.5148321986198425
0.6249866485595703 0.3013722598552704 0.5435888767242432
0.6324670910835266 0.3073691725730896 0.5719371438026428
0.6408302783966064 0.3134003281593323 0.5997081995010376
0.6501868367195129 0.31949684023857117 0.6267295479774475
0.6606522798538208 0.32569077610969543 0.6528257131576538
0.672347903251648 0.3320154547691345 0.6778154373168945
0.6854017972946167 0.3385055363178253 0.7015120983123779
0.6999495625495911 0.3451973795890808 0.7237213253974915
0.7161360383033752 0.35212916135787964 0.7442405223846436
0.7341156005859375 0.3593413233757019 0.7628570795059204
0.7540542483329773 0.3668766915798187 0.7793461084365845
0.7761307954788208 0.37478107213974 0.793469250202179
0.8005393743515015 0.38310346007347107 0.8049719929695129
0.8274902701377869 0.3918967545032501 0.8135814666748047
0.8572140336036682 0.40121811628341675 0.8190029859542847
0.889962911605835 0.41112983226776123 0.8209172487258911
0.9260145425796509 0.4216998219490051 0.8189761638641357
0.9656763672828674 0.4330027997493744 0.8127978444099426
1.0092887878417969 0.44512102007865906 0.8019619584083557
1.0572329759597778 0.45814597606658936 0.7860029935836792
0.0031652417965233326 -0.20817387104034424 1.1072853803634644
0.05314145237207413 -0.17705319821834564 0.992137610912323
0.09999577701091766 -0.14729203283786774 0.8859529495239258
0.1438494324684143 -0.11885182559490204 0.7883936166763306
0.1848239004611969 -0.09169325977563858 0.6991220712661743
0.22304046154022217 -0.06577635556459427 0.6178028583526611
0.2586198151111603 -0.04106063395738602 0.5441029071807861
0.2916819751262665 -0.017505288124084473 0.47769293189048767
0.3223457932472229 0.004930608905851841 0.41824766993522644
0.3507287800312042 0.026288103312253952 0.3654468357563019
0.3769471049308777 0.04660819098353386 0.31897544860839844
0.4011150300502777 0.06593166291713715 0.2785245180130005
0.42334526777267456 0.08429903537034988 0.243791401386261
0.4437486529350281 0.10175061970949173 0.21447980403900146
0.46243369579315186 0.11832624673843384 0.19030040502548218
0.4795074462890625 0.13406531512737274 0.17097081243991852
0.49507448077201843 0.14900678396224976 0.15621571242809296
0.50923752784729 0.16318900883197784 0.14576683938503265
0.5220972895622253 0.17664989829063416 0.1393631398677826
0.5337523818016052 0.1894267201423645 0.136750727891922
0.5442994832992554 0.20155620574951172 0.13768240809440613
0.5538336038589478 0.21307452023029327 0.14191834628582
0.5624476671218872 0.2240171730518341 0.1492249071598053
0.5702334642410278 0.23441925644874573 0.1593753844499588
0.5772803425788879 0.24431514739990234 0.17214901745319366
0.5836769342422485 0.2537388503551483 0.1873314082622528
0.5895103216171265 0.26272380352020264 0.20471367239952087
0.5948667526245117 0.2713030278682709 0.2240925282239914
0.5998309850692749 0.2795090973377228 0.24526984989643097
0.6044873595237732 0.2873741686344147 0.2680521607398987
0.6089196801185608 0.2949301600456238 0.29225048422813416
0.6132110357284546 0.30220869183540344 0.31767967343330383
0.6174450516700745 0.30924123525619507 0.3441585302352905
0.6217049360275269 0.3160591423511505 0.37150871753692627
0.626074492931366 0.3226935863494873 0.39955443143844604
0.6306383609771729 0.3291758894920349 0.4281224310398102
0.6354820728302002 0.33553746342658997 0.4570406675338745
0.6406927108764648 0.34181010723114014 0.4861384630203247
0.6463589072227478 0.3480256497859955 0.5152454972267151
0.6525716185569763 0.3542165756225586 0.5441908836364746
0.6594246029853821 0.3604159653186798 0.572803258895874
0.6670145988464355 0.36665767431259155 0.6009092330932617
0.6754420399665833 0.3729763329029083 0.6283332705497742
0.6848119497299194 0.3794077932834625 0.6548958420753479
0.6952340602874756 0.3859890401363373 0.680413544178009
0.7068240642547607 0.3927587568759918 0.7046968936920166
0.7197043895721436 0.3997572958469391 0.7275497913360596
0.7340049743652344 0.407027006149292 0.7487683892250061
0.7498646378517151 0.41461268067359924 0.7681384682655334
0.7674320340156555 0.4225619435310364 0.7854350209236145
0.7868673801422119 0.4309254288673401 0.8004193305969238
0.8083437085151672 0.4397573173046112 0.8128370046615601
0.8320494890213013 0.4491162598133087 0.8224161863327026
0.858189582824707 0.459065318107605 0.8288631439208984
0.886989176273346 0.4696734845638275 0.8318604230880737
0.9186954498291016 0.4810158908367157 0.8310617208480835
0.9535817503929138 0.49317502975463867 0.8260883688926697
0.991951584815979 0.506242036819458 0.8165231943130493
1.0341428518295288 0.5203179717063904 0.8019046187400818
1.0805344581604004 0.535515308380127 0.7817186117172241
0.05698228254914284 -0.16949808597564697 1.1488316059112549
0.10457741469144821 -0.13610373437404633 1.0301061868667603
0.14921270310878754 -0.1042383536696434 0.9207725524902344
0.19100500643253326 -0.07385586202144623 0.8204642534255981
0.23007138073444366 -0.04490933567285538 0.7288159132003784
0.2665286064147949 -0.017351238057017326 0.6454648971557617
0.3004928529262543 0.00886641163378954 0.5700517296791077
0.3320794105529785 0.03379177674651146 0.5022215843200684
0.36140239238739014 0.057473160326480865 0.4416244626045227
0.388574481010437 0.07995873689651489 0.3879164755344391
0.41370689868927 0.10129652917385101 0.34076008200645447
0.4369090795516968 0.12153421342372894 0.29982465505599976
0.45828863978385925 0.14071902632713318 0.26478707790374756
0.4779511094093323 0.1588977873325348 0.23533134162425995
0.4960002303123474 0.17611663043498993 0.21114981174468994
0.5125375390052795 0.19242119789123535 0.19194255769252777
0.5276623368263245 0.20785631239414215 0.17741777002811432
0.5414722561836243 0.22246623039245605 0.1672917753458023
0.5540624856948853 0.23629431426525116 0.16128887236118317
0.5655263066291809 0.2493833303451538 0.1591414362192154
0.5759552121162415 0.26177528500556946 0.16058959066867828
0.5854385495185852 0.2735113203525543 0.1653812676668167
0.594063937664032 0.28463196754455566 0.1732717752456665
0.6019174456596375 0.29517698287963867 0.1840238869190216
0.6090834140777588 0.3051854074001312 0.19740687310695648
0.6156447529792786 0.3146957457065582 0.2131972759962082
0.6216831207275391 0.3237456977367401 0.23117756843566895
0.6272791028022766 0.3323725759983063 0.25113627314567566
0.632512092590332 0.34061306715011597 0.27286770939826965
0.6374610066413879 0.3485035002231598 0.2961713373661041
0.6422037482261658 0.35607972741127014 0.32085120677948
0.6468185186386108 0.36337724328041077 0.34671586751937866
0.6513826847076416 0.3704315423965454 0.37357795238494873
0.6559740900993347 0.3772776424884796 0.40125298500061035
0.6606709957122803 0.38395074009895325 0.4295595586299896
0.6655521988868713 0.3904860317707062 0.4583187401294708
0.6706976294517517 0.39691877365112305 0.48735272884368896
0.6761886477470398 0.40328481793403625 0.5164855122566223
0.6821079850196838 0.40961989760398865 0.5455406308174133
0.6885407567024231 0.41596081852912903 0.5743417739868164
0.6955747008323669 0.42234501242637634 0.6027114987373352
0.7033005952835083 0.42881059646606445 0.630469799041748
0.7118126749992371 0.4353969991207123 0.6574345231056213
0.721209704875946 0.4421449601650238 0.6834190487861633
0.7315953373908997 0.4490967392921448 0.7082316875457764
0.7430787682533264 0.4562966227531433 0.7316751480102539
0.7557755708694458 0.4637907147407532 0.7535431981086731
0.7698094844818115 0.4716280400753021 0.7736217975616455
0.785312294960022 0.4798603355884552 0.7916851043701172
0.8024258613586426 0.4885426163673401 0.8074949383735657
0.82130366563797 0.49773409962654114 0.8207979202270508
0.8421114087104797 0.507498025894165 0.8313227295875549
0.8650304675102234 0.517903208732605 0.8387783765792847
0.8902588486671448 0.5290241241455078 0.8428493738174438
0.918014645576477 0.5409423112869263 0.8431929349899292
0.9485379457473755 0.5537471175193787 0.8394341468811035
0.9820956587791443 0.5675371885299683 0.8311605453491211
1.0189850330352783 0.5824218988418579 0.8179158568382263
1.0595382452011108 0.5985230207443237 0.7991932034492493
1.1041293144226074 0.6159769892692566 0.7744250297546387
0.11413398385047913 -0.1284448504447937 1.1877527236938477
0.15900225937366486 -0.0926341712474823 1.0657089948654175
0.20110519230365753 -0.058536965399980545 0.9534834027290344
0.24055352807044983 -0.0260987039655447 0.8506801724433899
0.2774582803249359 0.0047360570169985294 0.7569044828414917
0.31193000078201294 0.03402328863739967 0.6717653274536133
0.3440786600112915 0.06181931123137474 0.594875693321228
0.374013215303421 0.08818057179450989 0.5258540511131287
0.4018416404724121 0.11316347122192383 0.46432527899742126
0.4276701807975769 0.1368241012096405 0.40992090106010437
0.45160380005836487 0.15921828150749207 0.3622799515724182
0.4737454950809479 0.18040123581886292 0.32104983925819397
0.49419644474983215 0.2004275619983673 0.28588613867759705
0.5130559206008911 0.21935127675533295 0.25645342469215393
0.5304211378097534 0.23722533881664276 0.23242497444152832
0.546387255191803 0.2541021704673767 0.21348321437835693
0.5610474348068237 0.270033061504364 0.19931982457637787
0.5744924545288086 0.285068541765213 0.18963554501533508
0.5868115425109863 0.2992579936981201 0.18413996696472168
0.5980914831161499 0.31265002489089966 0.18255209922790527
0.6084173321723938 0.3252922594547272 0.18459917604923248
0.6178722977638245 0.33723127841949463 0.190017431974411
0.6265376806259155 0.34851282835006714 0.1985510140657425
0.634493350982666 0.3591817319393158 0.20995235443115234
0.6418170928955078 0.3692818582057953 0.22398138046264648
0.648586094379425 0.3788565397262573 0.24040557444095612
0.654875636100769 0.38794803619384766 0.2589990794658661
0.6607599854469299 0.39659810066223145 0.2795426547527313
0.6663126349449158 0.4048478305339813 0.3018234670162201
0.6716060638427734 0.4127376079559326 0.32563379406929016
0.6767125725746155 0.4203076660633087 0.3507716953754425
0.681703507900238 0.42759743332862854 0.3770391643047333
0.6866507530212402 0.4346465468406677 0.40424323081970215
0.6916258931159973 0.44149404764175415 0.4321936368942261
0.6967007517814636 0.4481790065765381 0.4607035517692566
0.7019481658935547 0.4547406733036041 0.48958855867385864
0.7074417471885681 0.4612185060977936 0.518665611743927
0.7132564783096313 0.4676521420478821 0.547753095626831
0.7194689512252808 0.4740819036960602 0.5766692757606506
0.7261577844619751 0.4805486798286438 0.6052320003509521
0.7334041595458984 0.48709428310394287 0.6332578659057617
0.7412922382354736 0.4937615990638733 0.6605607271194458
0.7499097585678101 0.500594973564148 0.6869515180587769
0.7593482136726379 0.5076401233673096 0.7122363448143005
0.7697044610977173 0.5149449110031128 0.7362157702445984
0.781080424785614 0.5225592255592346 0.7586831450462341
0.7935847043991089 0.530535876750946 0.7794233560562134
0.8073330521583557 0.5389301776885986 0.7982109189033508
0.8224495649337769 0.5478015542030334 0.8148077130317688
0.839068591594696 0.5572130680084229 0.8289620876312256
0.8573348522186279 0.5672327876091003 0.8404045701026917
0.8774061799049377 0.5779337882995605 0.8488464951515198
0.8994552493095398 0.589396059513092 0.853975772857666
0.9236711263656616 0.6017060875892639 0.8554536700248718
0.9502630233764648 0.6149593591690063 0.8529101014137268
0.9794623851776123 0.6292608380317688 0.8459386229515076
1.0115265846252441 0.6447268128395081 0.8340901732444763
1.0467439889907837 0.6614867448806763 0.8168653845787048
1.0854381322860718 0.6796857118606567 0.793707013130188
1.1279749870300293 0.6994868516921997 0.7639884352684021
0.1746385246515274 -0.08493587374687195 1.2238657474517822
0.2164195477962494 -0.04656704142689705 1.0987862348556519
0.2556644380092621 -0.010112115181982517 0.9839481711387634
0.2924758791923523 0.024492979049682617 0.8789237141609192
0.3269568979740143 0.05731314793229103 0.7832883596420288
0.35920992493629456 0.08841381222009659 0.6966211199760437
0.3893369734287262 0.11786055564880371 0.6185064315795898
0.4174390435218811 0.1457190215587616 0.5485354065895081
0.44361594319343567 0.17205457389354706 0.4863066077232361
0.46796607971191406 0.1969321072101593 0.43142634630203247
0.49058642983436584 0.22041594982147217 0.3835098445415497
0.5115721225738525 0.24256975948810577 0.34218207001686096
0.5310165286064148 0.2634561359882355 0.30707699060440063
0.5490110516548157 0.2831368148326874 0.27783891558647156
0.5656452178955078 0.3016725182533264 0.25412240624427795
0.5810064077377319 0.31912288069725037 0.23559196293354034
0.595180332660675 0.3355461359024048 0.22192272543907166
0.6082502603530884 0.3509996235370636 0.21279984712600708
0.6202976703643799 0.3655393123626709 0.20791850984096527
0.6314023733139038 0.37921997904777527 0.20698419213294983
0.6416417360305786 0.3920952379703522 0.20971167087554932
0.6510920524597168 0.40421760082244873 0.21582560241222382
0.6598272919654846 0.415638267993927 0.22505930066108704
0.6679202318191528 0.42640751600265503 0.23715530335903168
0.6754418015480042 0.436574250459671 0.2518642246723175
0.682462215423584 0.44618695974349976 0.26894500851631165
0.6890496015548706 0.455292671918869 0.28816384077072144
0.6952717304229736 0.4639376997947693 0.30929407477378845
0.701195240020752 0.4721677303314209 0.33211588859558105
0.706885814666748 0.4800277650356293 0.3564152121543884
0.7124090194702148 0.4875620901584625 0.3819839358329773
0.7178296446800232 0.4948144853115082 0.408618301153183
0.7232128977775574 0.5018288493156433 0.4361197054386139
0.7286235690116882 0.5086482167243958 0.4642927050590515
0.7341269850730896 0.5153159499168396 0.49294528365135193
0.7397891879081726 0.5218753814697266 0.5218878388404846
0.7456772327423096 0.5283701419830322 0.5509322285652161
0.7518590688705444 0.5348440408706665 0.5798916220664978
0.7584044933319092 0.5413417816162109 0.6085790991783142
0.7653853893280029 0.5479086637496948 0.636806845664978
0.7728756666183472 0.554591178894043 0.6643856167793274
0.7809522747993469 0.5614369511604309 0.6911230087280273
0.789695680141449 0.5684953927993774 0.7168232798576355
0.7991901636123657 0.5758175849914551 0.7412852048873901
0.8095245361328125 0.5834571123123169 0.7643011808395386
0.8207928538322449 0.5914698839187622 0.7856554985046387
0.8330958485603333 0.5999153852462769 0.8051230907440186
0.8465404510498047 0.6088560223579407 0.8224667906761169
0.8612423539161682 0.6183589696884155 0.8374361395835876
0.8773265480995178 0.6284961104393005 0.8497644662857056
0.894928514957428 0.6393448710441589 0.8591659069061279
0.9141965508460999 0.6509889960289001 0.8653324246406555
0.9352927207946777 0.663520097732544 0.8679301142692566
0.9583959579467773 0.6770381927490234 0.866594672203064
0.9837043881416321 0.6916535496711731 0.860926628112793
1.0114378929138184 0.7074884176254272 0.8504851460456848
1.0418424606323242 0.7246783375740051 0.8347806930541992
1.0751944780349731 0.7433753609657288 0.813267171382904
1.1118053197860718 0.7637501955032349 0.7853314280509949
1.1520280838012695 0.7859958410263062 0.7502807378768921
