ply
format ascii 1.0
element vertex 10000
property float x
property float y
property float z
end_header
1.4991528987884521 1.0764782428741455 -0.5114670991897583
0.49269264936447144 1.1695151329040527 -0.8799165487289429
-0.059267815202474594 1.1667523384094238 -0.9727277755737305
-0.3694908320903778 1.1034457683563232 -0.913023829460144
-0.5303919911384583 0.9937148094177246 -0.7588135004043579
-0.5895885825157166 0.8446273803710938 -0.5478709936141968
-0.5768613815307617 0.6621947288513184 -0.315542072057724
-0.5166182518005371 0.4554328918457031 -0.10422006994485855
-0.43464165925979614 0.23969122767448425 0.03283286839723587
-0.3486708998680115 0.030271049588918686 0.06632248312234879
-0.2610553801059723 -0.16590961813926697 0.012901288457214832
-0.1725526601076126 -0.34403273463249207 -0.10338559001684189
-0.08338359743356705 -0.5008305311203003 -0.25636300444602966
0.0068121543154120445 -0.6344432830810547 -0.4194404184818268
0.09900126606225967 -0.744123637676239 -0.5665330290794373
0.19479387998580933 -0.8298656940460205 -0.6721128225326538
0.2961173355579376 -0.8922773003578186 -0.7134912014007568
0.402019202709198 -0.9340000748634338 -0.6920326352119446
0.5094121694564819 -0.9582833647727966 -0.6208084225654602
0.6143255829811096 -0.9681715965270996 -0.5135236382484436
0.7118374705314636 -0.9667771458625793 -0.3853049576282501
0.7961478233337402 -0.9574758410453796 -0.25313326716423035
0.8608676195144653 -0.9439957141876221 -0.13569800555706024
0.8995722532272339 -0.9303654432296753 -0.05251684412360191
0.909038782119751 -0.9197418093681335 -0.016306813806295395
0.893509030342102 -0.912662923336029 -0.02240840159356594
0.8588626384735107 -0.9090855717658997 -0.0624270997941494
0.8109341859817505 -0.9088400602340698 -0.12777110934257507
0.7550538778305054 -0.9116997718811035 -0.21043874323368073
0.6958289742469788 -0.917439877986908 -0.3034442961215973
0.6371108889579773 -0.9258816838264465 -0.4009534418582916
0.5820519328117371 -0.9369030594825745 -0.49819082021713257
0.5326733589172363 -0.9500315189361572 -0.5907090306282043
0.49028280377388 -0.9644893407821655 -0.67397540807724
0.45622390508651733 -0.9795628190040588 -0.7435263395309448
0.4319583475589752 -0.9945870041847229 -0.794792652130127
0.4191337525844574 -1.008919358253479 -0.8229001760482788
0.4196650981903076 -1.021911859512329 -0.8224404454231262
0.4358387291431427 -1.0328818559646606 -0.7871947288513184
0.46956270933151245 -1.0406417846679688 -0.7120562791824341
0.5187297463417053 -1.0416128635406494 -0.6023549437522888
0.5798034071922302 -1.031087040901184 -0.4671422243118286
0.6488859057426453 -1.0038076639175415 -0.31638556718826294
0.7214690446853638 -0.9539738297462463 -0.16154204308986664
0.7922451496124268 -0.8753726482391357 -0.015968993306159973
0.8550172448158264 -0.761685848236084 0.1049245223402977
0.9027940034866333 -0.6070899367332458 0.18402285873889923
0.9304925203323364 -0.41243505477905273 0.21114784479141235
0.9372351765632629 -0.18923747539520264 0.19001002609729767
0.9230389595031738 0.049093808978796005 0.12700243294239044
0.8883894085884094 0.2887027859687805 0.02963792346417904
0.8341506123542786 0.5157954096794128 -0.09384273737668991
0.7614579200744629 0.7170455455780029 -0.2348438948392868
0.6716067790985107 0.879871129989624 -0.38473793864250183
0.5662858486175537 0.993638813495636 -0.5351653695106506
0.4507097601890564 1.0598771572113037 -0.678715169429779
0.331936776638031 1.0873327255249023 -0.8088387250900269
0.2166052907705307 1.084847331047058 -0.9195114374160767
0.11092089861631393 1.0610448122024536 -1.0051054954528809
0.020745860412716866 1.0242289304733276 -1.0602043867111206
-0.04823871701955795 0.982387900352478 -1.0793538093566895
-0.09030593931674957 0.9432916045188904 -1.0567457675933838
-0.10194611549377441 0.9115254282951355 -0.9894939064979553
-0.08728682994842529 0.8817517757415771 -0.8856725692749023
-0.0518675297498703 0.8466443419456482 -0.7558140754699707
-0.0013963967794552445 0.7987866401672363 -0.6111939549446106
0.05799906700849533 0.7307543754577637 -0.4641548693180084
0.1196606382727623 0.6353884935379028 -0.3281438648700714
0.1764567792415619 0.5062556862831116 -0.21740062534809113
0.22119878232479095 0.3386571705341339 -0.14587734639644623
0.25145289301872253 0.14063093066215515 -0.1161063015460968
0.2702759802341461 -0.06766531616449356 -0.11785459518432617
0.28122663497924805 -0.26728278398513794 -0.14000089466571808
0.28785455226898193 -0.44157037138938904 -0.17183682322502136
0.2935669422149658 -0.5760133266448975 -0.20339828729629517
0.3016027510166168 -0.6576230525970459 -0.22547468543052673
0.31509852409362793 -0.6740246415138245 -0.22936487197875977
0.3368610739707947 -0.6158559918403625 -0.20762310922145844
0.3674936890602112 -0.4949645400047302 -0.16002602875232697
0.40674182772636414 -0.33104032278060913 -0.0889546126127243
0.454287052154541 -0.14390519261360168 0.003232527058571577
0.5096263289451599 0.045689333230257034 0.11385564506053925
0.5719584822654724 0.21579387784004211 0.23963014781475067
0.6400889158248901 0.34357455372810364 0.37646323442459106
0.7123638987541199 0.4063306152820587 0.5193507671356201
0.7857211232185364 0.39339134097099304 0.6595589518547058
0.8552584648132324 0.31740954518318176 0.7828463315963745
0.9165816307067871 0.19386045634746552 0.8760440945625305
0.9660366773605347 0.03711874037981033 0.92766273021698
1.000515341758728 -0.14020945131778717 0.9272556304931641
1.0171692371368408 -0.3274743854999542 0.8644797205924988
1.0130534172058105 -0.515835702419281 0.7278865575790405
0.9847906231880188 -0.6968489289283752 0.5052520632743835
0.9294141530990601 -0.8476952314376831 0.2069864571094513
0.8437528014183044 -0.9324450492858887 -0.1394384652376175
0.7231746315956116 -0.9097900986671448 -0.5064122676849365
0.5611355304718018 -0.7298420667648315 -0.8644977807998657
0.34849265217781067 -0.3293747305870056 -1.179888367652893
0.07239463180303574 0.37524381279945374 -1.4109876155853271
-0.28551051020622253 1.4991298913955688 -1.5032811164855957
1.2969003915786743 0.5173550844192505 -0.0038317679427564144
0.38404083251953125 0.7441128492355347 -0.34522759914398193
-0.11859505623579025 0.8359144926071167 -0.47125133872032166
-0.37650829553604126 0.8416175246238708 -0.469168484210968
-0.47312629222869873 0.7850601673126221 -0.38626381754875183
-0.45817384123802185 0.6801221370697021 -0.2553201913833618
-0.36810603737831116 0.5374742746353149 -0.10585542023181915
-0.2365938425064087 0.3685520887374878 0.03001685068011284
-0.09994222223758698 0.18816669285297394 0.1155373677611351
0.018556667491793633 0.009422141127288342 0.13231585919857025
0.11847034841775894 -0.1615929901599884 0.09270857274532318
0.20194026827812195 -0.3200594484806061 0.012917008250951767
0.27182838320732117 -0.4619726538658142 -0.09007950127124786
0.3315073549747467 -0.5840931534767151 -0.1992289125919342
0.3847005367279053 -0.6837982535362244 -0.2977605164051056
0.43539291620254517 -0.7588608264923096 -0.3691736161708832
0.4874311685562134 -0.8077157735824585 -0.3987904191017151
0.5416056513786316 -0.8330370187759399 -0.3870895504951477
0.5969510078430176 -0.8393896818161011 -0.34191304445266724
0.652185320854187 -0.8313327431678772 -0.2714000344276428
0.7057004570960999 -0.8136242032051086 -0.1843339204788208
0.7555807828903198 -0.7913283705711365 -0.09033340960741043
0.7996755838394165 -0.7697919607162476 0.0002081331331282854
0.8357375860214233 -0.7544686794281006 0.07648370414972305
0.8619139194488525 -0.7486580014228821 0.13054555654525757
0.8774697184562683 -0.7503471970558167 0.162029430270195
0.8822284936904907 -0.7566698789596558 0.17245492339134216
0.8762744069099426 -0.7648967504501343 0.1637343168258667
0.8597627878189087 -0.7725306749343872 0.1377878487110138
0.8327490091323853 -0.7773070335388184 0.09625610709190369
0.7950396537780762 -0.7771238684654236 0.040293801575899124
0.7461584210395813 -0.7700141668319702 -0.029414229094982147
0.6872698664665222 -0.755756139755249 -0.10954266786575317
0.6211779117584229 -0.7356231808662415 -0.194086492061615
0.5507193803787231 -0.7108333110809326 -0.2768656015396118
0.47885143756866455 -0.6825751662254333 -0.35137248039245605
0.4087739884853363 -0.6520761251449585 -0.41058364510536194
0.3440234661102295 -0.6206580996513367 -0.4468380808830261
0.2885313332080841 -0.5897797346115112 -0.45179811120033264
0.2459198534488678 -0.5604849457740784 -0.4188949465751648
0.21645903587341309 -0.5309975147247314 -0.35338422656059265
0.19930170476436615 -0.498557984828949 -0.2647783160209656
0.1935478150844574 -0.46032238006591797 -0.16324946284294128
0.19820727407932281 -0.41339489817619324 -0.059654779732227325
0.2121671438217163 -0.35488298535346985 0.03452007845044136
0.2341672033071518 -0.28197547793388367 0.10731422156095505
0.26277032494544983 -0.19208568334579468 0.1466374695301056
0.2952558696269989 -0.0858289897441864 0.14728650450706482
0.32695427536964417 0.031141091138124466 0.11574140191078186
0.3530619442462921 0.1527387499809265 0.05993720144033432
0.3688948154449463 0.27305328845977783 -0.012049980461597443
0.36992111802101135 0.3864382207393646 -0.092204250395298
0.3517535924911499 0.4875478148460388 -0.172700434923172
0.3101023733615875 0.5713245272636414 -0.24596545100212097
0.24139459431171417 0.6334327459335327 -0.30514487624168396
0.1494016796350479 0.6748490333557129 -0.34853678941726685
0.042204003781080246 0.6996100544929504 -0.37742772698402405
-0.07220714539289474 0.711692750453949 -0.3930821418762207
-0.1859397143125534 0.7149935960769653 -0.39670684933662415
-0.2911568880081177 0.7133520245552063 -0.3894588053226471
-0.3800298869609833 0.7105721235275269 -0.3724510967731476
-0.4446917772293091 0.7104456424713135 -0.34675928950309753
-0.48000290989875793 0.7150745391845703 -0.31360864639282227
-0.48966774344444275 0.7211667895317078 -0.2747898995876312
-0.47911128401756287 0.7243408560752869 -0.23223578929901123
-0.4537713825702667 0.7201869487762451 -0.18792380392551422
-0.41913938522338867 0.7042792439460754 -0.14388339221477509
-0.3807763457298279 0.6722080707550049 -0.10219305008649826
-0.344302773475647 0.6196338534355164 -0.06496813148260117
-0.3152189552783966 0.5425790548324585 -0.034287694841623306
-0.2950505018234253 0.443347305059433 -0.010836383327841759
-0.2809140086174011 0.3309859037399292 0.006274528801441193
-0.26968663930892944 0.21470992267131805 0.018054349347949028
-0.2582628130912781 0.10347844660282135 0.025529947131872177
-0.24356438219547272 0.005979125387966633 0.029727954417467117
-0.2225317507982254 -0.06932356208562851 0.031663551926612854
-0.1920945942401886 -0.11409365385770798 0.03233633190393448
-0.14954064786434174 -0.1219339594244957 0.032853640615940094
-0.09474202990531921 -0.09877809137105942 0.035091616213321686
-0.0286351777613163 -0.05533820763230324 0.04123438149690628
0.0477491058409214 -0.002363650593906641 0.05346902832388878
0.13323131203651428 0.049281828105449677 0.07396315038204193
0.226441890001297 0.08863986283540726 0.10482222586870193
0.3257918357849121 0.10478243231773376 0.14802677929401398
0.42944929003715515 0.08708641678094864 0.2053270787000656
0.5335419178009033 0.03191707655787468 0.2745237648487091
0.6306226849555969 -0.05085190758109093 0.3459360897541046
0.7133588790893555 -0.15002407133579254 0.4094451367855072
0.774985671043396 -0.2549854815006256 0.45549559593200684
0.809160590171814 -0.3557901680469513 0.47499600052833557
0.809726893901825 -0.44308608770370483 0.45908212661743164
0.7703919410705566 -0.5079042315483093 0.3987556993961334
0.6849610209465027 -0.5412318706512451 0.2857734262943268
0.5553213953971863 -0.5323063731193542 0.13021638989448547
0.3890495300292969 -0.46839234232902527 -0.044323310256004333
0.19307953119277954 -0.3351231813430786 -0.21394802629947662
-0.02626732736825943 -0.11575397849082947 -0.3538321256637573
-0.26309558749198914 0.20986755192279816 -0.4370472729206085
-0.5117446780204773 0.6667439341545105 -0.4330342710018158
-0.7665510177612305 1.2867791652679443 -0.30549225211143494
0.9854028224945068 0.04098035767674446 0.23948420584201813
0.2381872981786728 0.3321419954299927 -0.036825526505708694
-0.17175894975662231 0.4852648973464966 -0.16061171889305115
-0.36006852984428406 0.5443156361579895 -0.18647247552871704
-0.3950560986995697 0.5342898368835449 -0.14844313263893127
-0.323740690946579 0.47149255871772766 -0.07200910151004791
-0.184711292386055 0.3687240481376648 0.019912589341402054
-0.015284881927073002 0.23835866153240204 0.10375691205263138
0.14505691826343536 0.09421294182538986 0.1542719453573227
0.2727103531360626 -0.05237012729048729 0.15966027975082397
0.36950621008872986 -0.19573956727981567 0.12867693603038788
0.43984413146972656 -0.33098936080932617 0.07214286923408508
0.4886425733566284 -0.4535943567752838 0.001134137506596744
0.5211274027824402 -0.5594033598899841 -0.07328353077173233
0.5426800847053528 -0.6445719003677368 -0.14017894864082336
0.5587531924247742 -0.705439567565918 -0.1887371987104416
0.5744721293449402 -0.7390815019607544 -0.20931072533130646
0.591894268989563 -0.7483065724372864 -0.20189781486988068
0.6115297079086304 -0.7386773228645325 -0.17119604349136353
0.6338168978691101 -0.7158566117286682 -0.12207064032554626
0.6591079831123352 -0.685727596282959 -0.059710875153541565
0.687634289264679 -0.6544191837310791 0.010278964415192604
0.7194711565971375 -0.6282113194465637 0.08190220594406128
0.7545018792152405 -0.6133081912994385 0.14892153441905975
0.79139643907547 -0.6128799319267273 0.2061152309179306
0.8263418078422546 -0.622988224029541 0.25123122334480286
0.8556011915206909 -0.6387230753898621 0.28305864334106445
0.8759379982948303 -0.655514657497406 0.3008415400981903
0.8844889998435974 -0.6691972017288208 0.30403536558151245
0.8785556554794312 -0.6759326457977295 0.2920655906200409
0.8553311824798584 -0.6720256209373474 0.26408931612968445
0.8117658495903015 -0.6538315415382385 0.2189415544271469
0.7480494379997253 -0.6209198236465454 0.15864238142967224
0.6674836874008179 -0.5757765769958496 0.08839330822229385
0.5734638571739197 -0.5209134221076965 0.013696549460291862
0.46969670057296753 -0.45899954438209534 -0.05943108722567558
0.36048606038093567 -0.3930644392967224 -0.12422817945480347
0.25095462799072266 -0.32665181159973145 -0.17308883368968964
0.14716178178787231 -0.2639009356498718 -0.1976446509361267
0.05528734251856804 -0.20868685841560364 -0.1911901980638504
-0.021974800154566765 -0.16092760860919952 -0.15786676108837128
-0.08336727321147919 -0.11904126405715942 -0.10586022585630417
-0.1279420405626297 -0.0812508687376976 -0.043884944170713425
-0.15505428612232208 -0.04564157873392105 0.019079195335507393
-0.1643419712781906 -0.01021417323499918 0.07402361184358597
-0.1556917428970337 0.027067190036177635 0.11210798472166061
-0.12923115491867065 0.06821494549512863 0.12488334625959396
-0.08781293034553528 0.11375854909420013 0.1098925769329071
-0.038533858954906464 0.16184793412685394 0.07415162771940231
0.011328155174851418 0.21052196621894836 0.025426840409636497
0.0547814704477787 0.25795605778694153 -0.02876930497586727
0.0851137712597847 0.3024596869945526 -0.08122557401657104
0.0958278700709343 0.34245947003364563 -0.1250152885913849
0.08052588254213333 0.3764704763889313 -0.15342289209365845
0.03359018638730049 0.4032469093799591 -0.16049262881278992
-0.04186515510082245 0.4235519468784332 -0.14733590185642242
-0.13753943145275116 0.4392795264720917 -0.11918871104717255
-0.24509352445602417 0.45227116346359253 -0.08125458657741547
-0.35608041286468506 0.46433010697364807 -0.03874380886554718
-0.4618757963180542 0.4772379994392395 0.003072734223678708
-0.553676426410675 0.4927557706832886 0.038852423429489136
-0.6225724220275879 0.5126099586486816 0.06321471929550171
-0.6626869440078735 0.5374828577041626 0.07273050397634506
-0.6778473854064941 0.5648953318595886 0.07014781981706619
-0.6738836169242859 0.5918048620223999 0.059449486434459686
-0.6566102504730225 0.6152567267417908 0.04457647725939751
-0.6317446231842041 0.6323827505111694 0.029392516240477562
-0.6048727631568909 0.640374481678009 0.017681824043393135
-0.5814639329910278 0.6364356279373169 0.01317803654819727
-0.5667684674263 0.6178123354911804 0.019498437643051147
-0.5616858601570129 0.5844405889511108 0.03688662499189377
-0.562339723110199 0.5392781496047974 0.0618387833237648
-0.5646152496337891 0.48544302582740784 0.09064632654190063
-0.5643527507781982 0.4261268079280853 0.11953127384185791
-0.5573201775550842 0.36464354395866394 0.14461298286914825
-0.5392206311225891 0.3044584393501282 0.16190262138843536
-0.5057318806648254 0.24918615818023682 0.16733025014400482
-0.4532521367073059 0.20185941457748413 0.15770992636680603
-0.3825799226760864 0.16105937957763672 0.1356998085975647
-0.29630815982818604 0.12354282289743423 0.10632725805044174
-0.19709952175617218 0.08601758629083633 0.07466968148946762
-0.0876445546746254 0.04518137872219086 0.045796483755111694
0.029375409707427025 -0.002252834616228938 0.024725601077079773
0.15131714940071106 -0.05953766778111458 0.01639264076948166
0.2755851447582245 -0.12985436618328094 0.02560546062886715
0.39771831035614014 -0.21258969604969025 0.05325667932629585
0.5094197988510132 -0.29951196908950806 0.09243351221084595
0.6021061539649963 -0.3816181421279907 0.1353815197944641
0.6673935651779175 -0.450093150138855 0.1744869351387024
0.6970670223236084 -0.49629759788513184 0.20227675139904022
0.683030903339386 -0.5117349624633789 0.21140018105506897
0.6172407865524292 -0.4879976511001587 0.19459258019924164
0.4926084578037262 -0.4173096716403961 0.14570489525794983
0.31579625606536865 -0.30041974782943726 0.07374322414398193
0.10301923751831055 -0.14392225444316864 -0.0013923656661063433
-0.13028082251548767 0.04630370810627937 -0.059821389615535736
-0.36956244707107544 0.26540622115135193 -0.08145399391651154
-0.6008615493774414 0.5096778273582458 -0.04516437277197838
-0.8102667331695557 0.7766762375831604 0.07245166599750519
-0.9831214547157288 1.065368890762329 0.29890644550323486
0.6205586791038513 -0.33619239926338196 0.28243696689605713
0.07377342134714127 -0.03323997184634209 0.07399448752403259
-0.21715283393859863 0.1489110141992569 -0.028815191239118576
-0.32669660449028015 0.24247518181800842 -0.058924660086631775
-0.3064190149307251 0.2685246765613556 -0.03989049047231674
-0.1967800408601761 0.24236071109771729 0.009074430912733078
-0.03386300802230835 0.17659983038902283 0.07026785612106323
0.14662028849124908 0.08311539888381958 0.1258893609046936
0.30762341618537903 -0.025797519832849503 0.15758328139781952
0.42834681272506714 -0.14034992456436157 0.15720003843307495
0.5123838186264038 -0.2551453411579132 0.13135100901126862
0.5655131340026855 -0.3652183413505554 0.08792416006326675
0.5938030481338501 -0.46575242280960083 0.03489915654063225
0.6034752726554871 -0.5520875453948975 -0.019752660766243935
0.6008101105690002 -0.6196941137313843 -0.06811276078224182
0.5920950174331665 -0.6641137003898621 -0.10230442136526108
0.5832294225692749 -0.6816937327384949 -0.11530039459466934
0.5769792199134827 -0.675422728061676 -0.10711194574832916
0.5746046304702759 -0.6515615582466125 -0.08120737969875336
0.5773709416389465 -0.6165195107460022 -0.04118862748146057
0.5865178108215332 -0.5768968462944031 0.00913772638887167
0.6031985878944397 -0.5394495725631714 0.06572377681732178
0.6284053325653076 -0.5109539031982422 0.12430725991725922
0.662882387638092 -0.4979657232761383 0.18050774931907654
0.7053925395011902 -0.5034092664718628 0.23054976761341095
0.7504819631576538 -0.5218974351882935 0.2724316716194153
0.7925878167152405 -0.547031044960022 0.3048718273639679
0.8267804980278015 -0.5729084014892578 0.32695072889328003
0.8486359119415283 -0.5941506624221802 0.337931364774704
0.8539819717407227 -0.6057577729225159 0.3370714485645294
0.838538646697998 -0.6028285026550293 0.3234265148639679
0.7977123856544495 -0.5804073810577393 0.29578083753585815
0.7310446500778198 -0.5377506613731384 0.2552952766418457
0.6420679688453674 -0.4780372083187103 0.2055412083864212
0.5344704389572144 -0.40456515550613403 0.15036186575889587
0.4124467670917511 -0.3210012912750244 0.0940864160656929
0.281147301197052 -0.23172350227832794 0.04174947738647461
0.14704030752182007 -0.14207997918128967 -0.00081096455687657
0.018104124814271927 -0.05850046128034592 -0.027042508125305176
-0.09724615514278412 0.012705724686384201 -0.03159376606345177
-0.19494661688804626 0.07036975771188736 -0.0173309538513422
-0.2730114161968231 0.11549226939678192 0.009718230925500393
-0.3301440179347992 0.14954790472984314 0.04312041774392128
-0.36567649245262146 0.17436060309410095 0.07634919136762619
-0.379463791847229 0.19197943806648254 0.10302749276161194
-0.37174975872039795 0.20456857979297638 0.11708400398492813
-0.3430602252483368 0.21430987119674683 0.1128809005022049
-0.2967544496059418 0.2226298749446869 0.0895484909415245
-0.24054697155952454 0.22973288595676422 0.053556736558675766
-0.18217428028583527 0.23571990430355072 0.011750648729503155
-0.12894754111766815 0.2406984120607376 -0.029383553192019463
-0.08781109005212784 0.24477770924568176 -0.06368570774793625
-0.06545597314834595 0.2480655014514923 -0.08523768186569214
-0.0684845894575119 0.25066566467285156 -0.08823458105325699
-0.1027788370847702 0.2527361214160919 -0.0675450935959816
-0.1655808389186859 0.25505539774894714 -0.025579554960131645
-0.2489802986383438 0.2587728500366211 0.030766408890485764
-0.34497231245040894 0.26504480838775635 0.09452550858259201
-0.4453320801258087 0.27502697706222534 0.15857504308223724
-0.5415313839912415 0.2898569107055664 0.2155878245830536
-0.6247666478157043 0.31062018871307373 0.25808095932006836
-0.6861120462417603 0.33830180764198303 0.2785699963569641
-0.7198166251182556 0.37300240993499756 0.27277129888534546
-0.7301132678985596 0.412432998418808 0.24612413346767426
-0.7233198285102844 0.4539692997932434 0.20593933761119843
-0.7056772708892822 0.49518442153930664 0.1592862904071808
-0.6832066178321838 0.5338608026504517 0.11288410425186157
-0.6616722345352173 0.5679634213447571 0.07311173528432846
-0.6466422080993652 0.5955802202224731 0.04612255096435547
-0.6434531807899475 0.6148667335510254 0.037851616740226746
-0.6525532603263855 0.6247349381446838 0.04891865700483322
-0.6689854860305786 0.6248354315757751 0.07408062368631363
-0.6874792575836182 0.6146975755691528 0.10782995074987411
-0.7025869488716125 0.5937505960464478 0.14450135827064514
-0.7086129784584045 0.561402440071106 0.17814479768276215
-0.6996315717697144 0.5171324014663696 0.20248699188232422
-0.6696081757545471 0.4605971574783325 0.2109992504119873
-0.6136069297790527 0.39193058013916016 0.1983311027288437
-0.5332850813865662 0.3127375841140747 0.16730599105358124
-0.4330175518989563 0.22515346109867096 0.12413977086544037
-0.31724634766578674 0.13125286996364594 0.07514075189828873
-0.190322145819664 0.03298388794064522 0.026559924706816673
-0.0563899427652359 -0.06788113713264465 -0.015492761507630348
0.08067773282527924 -0.1697709858417511 -0.0450688861310482
0.2172972857952118 -0.27131107449531555 -0.05636926367878914
0.34851664304733276 -0.3693421483039856 -0.04735751822590828
0.46606549620628357 -0.4566907584667206 -0.023566067218780518
0.5611107349395752 -0.5255796909332275 0.008591892197728157
0.624690592288971 -0.5681403279304504 0.0427011214196682
0.6478023529052734 -0.5764851570129395 0.0723261758685112
0.6215497255325317 -0.5428330898284912 0.09103613346815109
0.5373473763465881 -0.45968398451805115 0.0924711599946022
0.38836991786956787 -0.3211468756198883 0.07141342014074326
0.1851218044757843 -0.1373877376317978 0.03639330714941025
-0.05037562921643257 0.0707392692565918 0.005646478850394487
-0.2976303994655609 0.2837330102920532 -0.002831989200785756
-0.5379530787467957 0.4836069345474243 0.028961272910237312
-0.7539124488830566 0.653269350528717 0.12005666643381119
-0.9283167719841003 0.7754233479499817 0.29216426610946655
-1.0426268577575684 0.8308629989624023 0.5722373127937317
0.24904434382915497 -0.6155933141708374 0.19925430417060852
-0.09216438978910446 -0.33309298753738403 0.042140860110521317
-0.25519901514053345 -0.1469542682170868 -0.03559238091111183
-0.2850764989852905 -0.03644813597202301 -0.05564621835947037
-0.21795478463172913 0.013898397795855999 -0.03570965304970741
-0.08555029332637787 0.01654345728456974 0.008503120392560959
0.0820324718952179 -0.017606575042009354 0.06197074428200722
0.25452497601509094 -0.07820489257574081 0.10959611088037491
0.40094470977783203 -0.15486201643943787 0.1360796093940735
0.5048975944519043 -0.2392590045928955 0.13495129346847534
0.5710372924804688 -0.32624220848083496 0.11216820776462555
0.60575270652771 -0.41090136766433716 0.07468749582767487
0.6155883073806763 -0.48836398124694824 0.029524145647883415
0.6071721315383911 -0.553805947303772 -0.016294287517666817
0.5871668457984924 -0.602446436882019 -0.0557495579123497
0.5622411966323853 -0.6295265555381775 -0.08183177560567856
0.5386549234390259 -0.6311430335044861 -0.08833382278680801
0.519349217414856 -0.6104746460914612 -0.07570070028305054
0.5056787729263306 -0.5742260813713074 -0.04767058044672012
0.4990072548389435 -0.5292629599571228 -0.008115638047456741
0.5006689429283142 -0.4825960099697113 0.03893691673874855
0.5119049549102783 -0.44130614399909973 0.08931105583906174
0.5337881445884705 -0.4123879373073578 0.13873852789402008
0.5671375393867493 -0.40251195430755615 0.182967409491539
0.6106148958206177 -0.41431769728660583 0.21887271106243134
0.6582314968109131 -0.4413345754146576 0.24609589576721191
0.703848123550415 -0.47607505321502686 0.26495102047920227
0.7419851422309875 -0.5116729140281677 0.27589404582977295
0.7676817774772644 -0.5418774485588074 0.279390811920166
0.7762206792831421 -0.5608624815940857 0.27580976486206055
0.7627343535423279 -0.5628836154937744 0.2653311491012573
0.7219727635383606 -0.5420820116996765 0.24791458249092102
0.6532474160194397 -0.497478187084198 0.22433477640151978
0.5603169798851013 -0.432669460773468 0.19629250466823578
0.44716987013816833 -0.3514105975627899 0.1656714528799057
0.31844815611839294 -0.25794517993927 0.1346670240163803
0.1799890100955963 -0.15744848549365997 0.1059059351682663
0.0392589308321476 -0.05636672303080559 0.08249708265066147
-0.09443353116512299 0.03744294494390488 0.0679696723818779
-0.21134929358959198 0.1161494106054306 0.0651567280292511
-0.30741459131240845 0.1778881847858429 0.07216168940067291
-0.3813023269176483 0.2234402745962143 0.08524908870458603
-0.4326081871986389 0.25426483154296875 0.1004624292254448
-0.46170568466186523 0.27231746912002563 0.11383973062038422
-0.46955329179763794 0.2798643410205841 0.12156931310892105
-0.457484632730484 0.2793155312538147 0.12007565796375275
-0.4270372986793518 0.2730870842933655 0.1060817763209343
-0.381822794675827 0.26303619146347046 0.0797290951013565
-0.3286391496658325 0.25013360381126404 0.046404849737882614
-0.27418220043182373 0.2352084368467331 0.011672180145978928
-0.22472980618476868 0.21901939809322357 -0.019233664497733116
-0.1862163543701172 0.2022562474012375 -0.041346218436956406
-0.16435347497463226 0.18554677069187164 -0.04986915737390518
-0.1647937148809433 0.1694682240486145 -0.040041472762823105
-0.19259116053581238 0.15459829568862915 -0.007656092289835215
-0.245223730802536 0.14189381897449493 0.044459763914346695
-0.3156300187110901 0.13259732723236084 0.10922957956790924
-0.3966239392757416 0.1280217319726944 0.17942385375499725
-0.4807642698287964 0.12952624261379242 0.2475675642490387
-0.5602846741676331 0.13847248256206512 0.3059145212173462
-0.6271522045135498 0.15615728497505188 0.3465504050254822
-0.6732662320137024 0.18372386693954468 0.3616332411766052
-0.6936925053596497 0.2213049679994583 0.3469600975513458
-0.69317626953125 0.266472190618515 0.3090171217918396
-0.6784210205078125 0.3164709210395813 0.25626665353775024
-0.6559398174285889 0.36882728338241577 0.19675134122371674
-0.631904661655426 0.42138931155204773 0.13794656097888947
-0.6121403574943542 0.47231554985046387 0.08678929507732391
-0.6022430658340454 0.5200252532958984 0.049852240830659866
-0.607607364654541 0.5631169080734253 0.03342965617775917
-0.628287672996521 0.6000216007232666 0.03820984438061714
-0.6583824157714844 0.6287004351615906 0.05876292288303375
-0.6916154026985168 0.6467565298080444 0.08945640921592712
-0.72141033411026 0.6514692902565002 0.1245000809431076
-0.7407675981521606 0.6398663520812988 0.15775993466377258
-0.7422753572463989 0.6088579893112183 0.18268702924251556
-0.7182860970497131 0.5554486513137817 0.19238704442977905
-0.662539005279541 0.47776150703430176 0.1811217963695526
-0.5773464441299438 0.37916550040245056 0.15150463581085205
-0.4685972034931183 0.265119343996048 0.10965631157159805
-0.3422669470310211 0.14102821052074432 0.06180140748620033
-0.20416119694709778 0.01205418910831213 0.014082381501793861
-0.05974326282739639 -0.11699900776147842 -0.027535881847143173
0.08595244586467743 -0.24172408878803253 -0.057274676859378815
0.22832654416561127 -0.35807982087135315 -0.06949488818645477
0.3620026409626007 -0.4614565968513489 -0.062131207436323166
0.4792025089263916 -0.5454355478286743 -0.04036746546626091
0.5714641809463501 -0.6030521988868713 -0.01025879941880703
0.6299883723258972 -0.6270925998687744 0.022066237404942513
0.6458210349082947 -0.6102800369262695 0.05037339776754379
0.610149085521698 -0.5455540418624878 0.06836829334497452
0.5147038698196411 -0.42643463611602783 0.0698203444480896
0.3535396158695221 -0.2488832026720047 0.049741145223379135
0.13977660238742828 -0.02981649897992611 0.01722734421491623
-0.10142072290182114 0.20057006180286407 -0.008881132118403912
-0.3473343253135681 0.4145364463329315 -0.010223422199487686
-0.5779113173484802 0.5865505337715149 0.031521789729595184
-0.7748174071311951 0.691594660282135 0.13612478971481323
-0.9197489619255066 0.7023499608039856 0.3272899091243744
-0.9917945265769958 0.5847455859184265 0.6367265582084656
-0.09625600278377533 -0.8089776635169983 0.0577811524271965
-0.24725551903247833 -0.5619285106658936 -0.0699869841337204
-0.2879040837287903 -0.3873652517795563 -0.12767499685287476
-0.24393224716186523 -0.2731706500053406 -0.1324988156557083
-0.1388578861951828 -0.20905527472496033 -0.10018030554056168
0.00479656457901001 -0.18585050106048584 -0.04573643580079079
0.16465799510478973 -0.1949886977672577 0.015979990363121033
0.31796643137931824 -0.22812318801879883 0.06994809955358505
0.44162073731422424 -0.2769024968147278 0.10105932503938675
0.5242387056350708 -0.3344153165817261 0.10318879783153534
0.5709601044654846 -0.39582809805870056 0.08269988745450974
0.5882508158683777 -0.45643237233161926 0.04694646596908569
0.5826874375343323 -0.5115100145339966 0.003351364517584443
0.560918390750885 -0.5563461780548096 -0.040625013411045074
0.5296335220336914 -0.5862341523170471 -0.07750526070594788
0.49554479122161865 -0.5964754819869995 -0.09980513155460358
0.46493175625801086 -0.5832479000091553 -0.10097368061542511
0.4404776096343994 -0.549909234046936 -0.08214344084262848
0.42313241958618164 -0.5034042000770569 -0.04826096072793007
0.4138382077217102 -0.4508325457572937 -0.0044148871675133705
0.413494735956192 -0.3993951082229614 0.044183291494846344
0.42290598154067993 -0.3562951982021332 0.09224563837051392
0.442722350358963 -0.32857373356819153 0.13450346887111664
0.4733783006668091 -0.32287999987602234 0.16585348546504974
0.5133823752403259 -0.34157201647758484 0.1833605170249939
0.5570560097694397 -0.3773740828037262 0.1890733540058136
0.5985969305038452 -0.4220016896724701 0.18580792844295502
0.6327961087226868 -0.46788695454597473 0.17622917890548706
0.654893696308136 -0.5081549882888794 0.1627657264471054
0.6603112816810608 -0.536406397819519 0.14760076999664307
0.644271194934845 -0.5463413000106812 0.13272002339363098
0.6015830039978027 -0.5315439105033875 0.11994613707065582
0.5316728353500366 -0.4909254014492035 0.1099749282002449
0.4385245144367218 -0.4283689856529236 0.10259886831045151
0.32643601298332214 -0.3478989601135254 0.09770721942186356
0.20045223832130432 -0.25404366850852966 0.09528153389692307
0.06691008061170578 -0.1523236632347107 0.09535568952560425
-0.06614076346158981 -0.049629371613264084 0.09797154366970062
-0.18876954913139343 0.04561781883239746 0.10312655568122864
-0.29091328382492065 0.12500162422657013 0.11053963750600815
-0.36958110332489014 0.18648208677768707 0.11890777945518494
-0.425065815448761 0.23086132109165192 0.12657380104064941
-0.458629310131073 0.25967931747436523 0.1318964809179306
-0.4722684621810913 0.27501407265663147 0.13331879675388336
-0.4684601128101349 0.2792760729789734 0.1294052004814148
-0.4499196708202362 0.2750244438648224 0.1188475713133812
-0.41941240429878235 0.2648144066333771 0.1004716232419014
-0.3804984390735626 0.2505294978618622 0.0751401036977768
-0.33799800276756287 0.23299665749073029 0.046880774199962616
-0.2965611219406128 0.21288447082042694 0.01977935992181301
-0.2605457007884979 0.1907876431941986 -0.002317227656021714
-0.23407921195030212 0.16722474992275238 -0.01574637182056904
-0.22115235030651093 0.14264017343521118 -0.016946736723184586
-0.22574196755886078 0.11740826815366745 -0.0023486337158828974
-0.25138553977012634 0.09192240238189697 0.031189188361167908
-0.29574304819107056 0.06742266565561295 0.08096621930599213
-0.35291987657546997 0.045748766511678696 0.1407136470079422
-0.41688305139541626 0.028856594115495682 0.2039867341518402
-0.4813658893108368 0.018794521689414978 0.26409342885017395
-0.5398367643356323 0.017649047076702118 0.31409502029418945
-0.5855857133865356 0.02745279110968113 0.346932590007782
-0.6119367480278015 0.050055861473083496 0.35568463802337646
-0.615230917930603 0.08601746708154678 0.3368363380432129
-0.6007100343704224 0.1326131820678711 0.296619176864624
-0.575287938117981 0.18666066229343414 0.24299368262290955
-0.5455484390258789 0.24531209468841553 0.1834297627210617
-0.5176252126693726 0.3061283826828003 0.12476430833339691
-0.4972425699234009 0.36708444356918335 0.07324081659317017
-0.4898894727230072 0.4265267550945282 0.03469380736351013
-0.500891387462616 0.4830828905105591 0.014664391055703163
-0.5299208760261536 0.5349261164665222 0.013766242191195488
-0.570313572883606 0.5793187618255615 0.02730093151330948
-0.6150088906288147 0.613044798374176 0.050461411476135254
-0.6565781235694885 0.6324331760406494 0.07834326475858688
-0.6870543956756592 0.6334154009819031 0.10575740784406662
-0.6979272365570068 0.6116716861724854 0.12714730203151703
-0.6803390979766846 0.562889575958252 0.13663391768932343
-0.6269979476928711 0.4841517508029938 0.12929891049861908
-0.5406551957130432 0.3796384036540985 0.10736750066280365
-0.4282800555229187 0.25640442967414856 0.07607132941484451
-0.29695364832878113 0.12146833539009094 0.04072975367307663
-0.15355852246284485 -0.018439749255776405 0.006590872537344694
-0.004577847197651863 -0.15702295303344727 -0.021242130547761917
0.14399465918540955 -0.2884542644023895 -0.03780379891395569
0.2866480052471161 -0.40732210874557495 -0.038207851350307465
0.4176676869392395 -0.5083158016204834 -0.020978325977921486
0.5300193428993225 -0.5856115818023682 0.00832074973732233
0.6160057187080383 -0.6329001188278198 0.04321411997079849
0.6675095558166504 -0.643573522567749 0.0770796686410904
0.6762356758117676 -0.6109885573387146 0.10313641279935837
0.634085476398468 -0.5288389325141907 0.11453843116760254
0.5336579084396362 -0.3916226327419281 0.10457663238048553
0.3701365888118744 -0.19677898287773132 0.06806429475545883
0.1580517292022705 0.03463781252503395 0.01554921641945839
-0.07642115652561188 0.2672165036201477 -0.031860873103141785
-0.3102959394454956 0.46891066431999207 -0.05396834760904312
-0.5237742066383362 0.6101328730583191 -0.03078937716782093
-0.6988353133201599 0.6607754230499268 0.05957885459065437
-0.8168435096740723 0.5853014588356018 0.24461503326892853
-0.8547000885009766 0.33452141284942627 0.5637490749359131
-0.39492154121398926 -0.9318214654922485 -0.08696972578763962
-0.3842472732067108 -0.7233005166053772 -0.20504575967788696
-0.318202942609787 -0.567206621170044 -0.25177618861198425
-0.21074485778808594 -0.4571233093738556 -0.24315015971660614
-0.07593047618865967 -0.38677459955215454 -0.19517281651496887
0.07197161018848419 -0.34993284940719604 -0.12400302290916443
0.21841640770435333 -0.3403460681438446 -0.046039924025535583
0.348562628030777 -0.3516843616962433 0.02204199694097042
0.44750460982322693 -0.3775289058685303 0.06355242431163788
0.5087897181510925 -0.41226881742477417 0.07184930145740509
0.5376846194267273 -0.45146605372428894 0.05415985733270645
0.5404254794120789 -0.49072739481925964 0.018826652318239212
0.5233572125434875 -0.5256345272064209 -0.025710873305797577
0.4929010570049286 -0.5517585277557373 -0.0709521621465683
0.45552682876586914 -0.5646711587905884 -0.10836423933506012
0.41773173213005066 -0.5599514245986938 -0.1294030249118805
0.3855457305908203 -0.5340487957000732 -0.12665994465351105
0.3611055314540863 -0.4904691278934479 -0.10200250893831253
0.34465867280960083 -0.43624618649482727 -0.0618978850543499
0.33643099665641785 -0.37855374813079834 -0.012959943152964115
0.33660316467285156 -0.32463258504867554 0.03810340166091919
0.3452740013599396 -0.28168022632598877 0.08456975966691971
0.36242619156837463 -0.2566854655742645 0.11983473598957062
0.3878919780254364 -0.2562074363231659 0.13759773969650269
0.42006951570510864 -0.2823498547077179 0.13491421937942505
0.4542108178138733 -0.32723990082740784 0.11642453074455261
0.48550066351890564 -0.3820057213306427 0.08768875896930695
0.5095815062522888 -0.4385610818862915 0.05381762608885765
0.522419273853302 -0.4895758628845215 0.019431117922067642
0.5200686454772949 -0.5282490849494934 -0.011253840290009975
0.49834349751472473 -0.5479189157485962 -0.03423412889242172
0.4526497721672058 -0.5418497323989868 -0.0456186980009079
0.38273170590400696 -0.5089418888092041 -0.0446651317179203
0.29268351197242737 -0.4533027410507202 -0.033423494547605515
0.18699833750724792 -0.37913399934768677 -0.01391427032649517
0.07096070051193237 -0.29109030961990356 0.01173184160143137
-0.048871710896492004 -0.19477003812789917 0.04106398671865463
-0.1643204689025879 -0.09709563851356506 0.07115515321493149
-0.2655016779899597 -0.006483158562332392 0.09853676706552505
-0.3428395688533783 0.06870812922716141 0.11979208886623383
-0.39500150084495544 0.1266491562128067 0.13398535549640656
-0.4242897629737854 0.16836409270763397 0.1412474364042282
-0.43391016125679016 0.1955706775188446 0.14196424186229706
-0.4276652932167053 0.21048744022846222 0.1367090344429016
-0.40966111421585083 0.21563854813575745 0.1261698305606842
-0.3840636909008026 0.2136819064617157 0.11108117550611496
-0.35491737723350525 0.20726405084133148 0.09217769652605057
-0.3255613148212433 0.1980472207069397 0.07087812572717667
-0.2983191907405853 0.18613554537296295 0.04971197247505188
-0.27528902888298035 0.1714729517698288 0.031175389885902405
-0.2584463059902191 0.153976172208786 0.01763130910694599
-0.24968527257442474 0.13352376222610474 0.011346887797117233
-0.2508718967437744 0.1099441647529602 0.014547065831720829
-0.2639104723930359 0.08300214260816574 0.029483918100595474
-0.2904457151889801 0.05254967510700226 0.05810997635126114
-0.3282797038555145 0.0201469287276268 0.0981692299246788
-0.3728472590446472 -0.011525511741638184 0.14481404423713684
-0.4194474518299103 -0.039652787148952484 0.19304931163787842
-0.4632042348384857 -0.06129946559667587 0.23769661784172058
-0.4990820586681366 -0.07346200942993164 0.27341607213020325
-0.5219904184341431 -0.07317385822534561 0.2948225140571594
-0.526980996131897 -0.05766289681196213 0.29669833183288574
-0.5118588209152222 -0.025770612061023712 0.2765484154224396
-0.482246994972229 0.019450902938842773 0.23950272798538208
-0.44507932662963867 0.0743015706539154 0.19198501110076904
-0.4068326950073242 0.13544054329395294 0.13996730744838715
-0.3734549582004547 0.19998566806316376 0.08886241912841797
-0.35045182704925537 0.2655296325683594 0.043564602732658386
-0.3430975377559662 0.3300977051258087 0.008603351190686226
-0.3565301299095154 0.3920536935329437 -0.011754901148378849
-0.39006391167640686 0.44942015409469604 -0.017016751691699028
-0.4364871382713318 0.49939319491386414 -0.010704079642891884
-0.4882117211818695 0.5386800169944763 0.003630463732406497
-0.5372798442840576 0.5635117888450623 0.022408485412597656
-0.5751680731773376 0.5696941018104553 0.04187680035829544
-0.5927631258964539 0.5527457594871521 0.05803316831588745
-0.5805486440658569 0.5081498622894287 0.06664127111434937
-0.5306495428085327 0.43279558420181274 0.06417180597782135
-0.44605502486228943 0.3310212194919586 0.052446890622377396
-0.33431684970855713 0.21019326150417328 0.03552944213151932
-0.20311537384986877 0.07765800505876541 0.017541131004691124
-0.05994613841176033 -0.05950445309281349 0.0025612732861191034
0.08807643502950668 -0.1946183443069458 -0.005410559009760618
0.23430220782756805 -0.32144179940223694 -0.002431754255667329
0.37252941727638245 -0.4341057240962982 0.015439609996974468
0.496844083070755 -0.5271332263946533 0.048818670213222504
0.601083517074585 -0.595206618309021 0.09130540490150452
0.6785485744476318 -0.6326106190681458 0.13550139963626862
0.7221363186836243 -0.6333592534065247 0.17378577589988708
0.7246037125587463 -0.5914855599403381 0.19834734499454498
0.678953230381012 -0.5014336705207825 0.20134729146957397
0.578933835029602 -0.35853883624076843 0.1752120554447174
0.4208654463291168 -0.16123732924461365 0.11427778750658035
0.2196512669324875 0.0674823448061943 0.030918825417757034
0.0009571991395205259 0.29010045528411865 -0.05079241842031479
-0.21312421560287476 0.4729050397872925 -0.10833164304494858
-0.40378135442733765 0.5843625664710999 -0.11976789683103561
-0.5536553859710693 0.5908838510513306 -0.06094440445303917
-0.6437892913818359 0.44970035552978516 0.09948718547821045
-0.6484555006027222 0.09602641314268112 0.40926408767700195
-0.635205864906311 -0.999174177646637 -0.19217577576637268
-0.4998973608016968 -0.8249708414077759 -0.31515321135520935
-0.3494887948036194 -0.6875609159469604 -0.36099374294281006
-0.1915392428636551 -0.5841643214225769 -0.3453458547592163
-0.03385540470480919 -0.511402428150177 -0.28518229722976685
0.1156422346830368 -0.4654031991958618 -0.19844338297843933
0.24902738630771637 -0.4419066905975342 -0.10371733456850052
0.3584437370300293 -0.43636542558670044 -0.019977299496531487
0.43627166748046875 -0.44404199719429016 0.03387900069355965
0.48034822940826416 -0.4604545831680298 0.05028297007083893
0.4958796799182892 -0.4815630614757538 0.037192221730947495
0.48873212933540344 -0.5033168196678162 0.0038295830599963665
0.46487823128700256 -0.5216396450996399 -0.04046481102705002
0.43035978078842163 -0.5324463248252869 -0.0862828716635704
0.39125752449035645 -0.5316542387008667 -0.12418697029352188
0.3536674678325653 -0.5151907801628113 -0.14473748207092285
0.32317984104156494 -0.4798280596733093 -0.13979969918727875
0.3012614846229553 -0.42917361855506897 -0.11181317269802094
0.28737571835517883 -0.37024861574172974 -0.06844425946474075
0.2809619903564453 -0.3101966977119446 -0.017497200518846512
0.28142520785331726 -0.25620514154434204 0.03315700590610504
0.2881168723106384 -0.21539372205734253 0.07567855715751648
0.3003227412700653 -0.19465255737304688 0.10241355001926422
0.3172558546066284 -0.20042948424816132 0.10610632598400116
0.3373180329799652 -0.23461481928825378 0.08383694291114807
0.35710418224334717 -0.28888946771621704 0.042460113763809204
0.37320375442504883 -0.35393857955932617 -0.01011238619685173
0.3824847936630249 -0.4212792217731476 -0.0666562020778656
0.38198116421699524 -0.4832308292388916 -0.12063796073198318
0.36870813369750977 -0.5326877236366272 -0.1660485863685608
0.3394066393375397 -0.5627279877662659 -0.19709844887256622
0.2904355823993683 -0.566410481929779 -0.20806702971458435
0.22190509736537933 -0.5426716804504395 -0.1981729120016098
0.13777150213718414 -0.4958185851573944 -0.1710994839668274
0.04246636852622032 -0.43020376563072205 -0.1305590122938156
-0.05878138542175293 -0.35056599974632263 -0.08054102957248688
-0.15955932438373566 -0.26250550150871277 -0.02566390298306942
-0.252025306224823 -0.17284969985485077 0.02857467718422413
-0.32691529393196106 -0.08981824666261673 0.07571567595005035
-0.3757016956806183 -0.021472373977303505 0.10963801294565201
-0.39878082275390625 0.030771609395742416 0.12974286079406738
-0.40032508969306946 0.0683220699429512 0.13771916925907135
-0.3853055536746979 0.09320774674415588 0.13570989668369293
-0.35913342237472534 0.10789121687412262 0.12613742053508759
-0.327349990606308 0.11508895456790924 0.11154518276453018
-0.29539528489112854 0.11761894077062607 0.09447170794010162
-0.2684459090232849 0.11827170103788376 0.0773608386516571
-0.2495693415403366 0.11843574047088623 0.06206972897052765
-0.2386503517627716 0.11726558953523636 0.04959706589579582
-0.23527437448501587 0.11374080926179886 0.04081551358103752
-0.23904560506343842 0.10686848312616348 0.036559849977493286
-0.24960939586162567 0.09566761553287506 0.03764679282903671
-0.2666715085506439 0.07914766669273376 0.044899024069309235
-0.2900150418281555 0.056281059980392456 0.05917391926050186
-0.31933900713920593 0.026228006929159164 0.08116447180509567
-0.3525369167327881 -0.00918510276824236 0.10917314887046814
-0.38633888959884644 -0.046457771211862564 0.14001516997814178
-0.4173622727394104 -0.08196691423654556 0.17041103541851044
-0.44212260842323303 -0.1119748130440712 0.1969846934080124
-0.45708516240119934 -0.13267482817173004 0.21629565954208374
-0.4587709307670593 -0.14029590785503387 0.22492440044879913
-0.4439157247543335 -0.1312648504972458 0.21961066126823425
-0.41167303919792175 -0.10387921333312988 0.19896328449249268
-0.36784741282463074 -0.061444394290447235 0.1667325645685196
-0.3192126750946045 -0.008080720901489258 0.1274896115064621
-0.27201035618782043 0.05244796723127365 0.08545319736003876
-0.23192380368709564 0.11684036254882812 0.04442845284938812
-0.20419102907180786 0.18227438628673553 0.007842003367841244
-0.19382598996162415 0.24636094272136688 -0.02114906720817089
-0.20570813119411469 0.3070516586303711 -0.03958824649453163
-0.23887880146503448 0.36229994893074036 -0.04710903763771057
-0.28586941957473755 0.40964674949645996 -0.04607030749320984
-0.3388856053352356 0.44621098041534424 -0.03881971910595894
-0.3898221254348755 0.468697190284729 -0.027684716507792473
-0.4300665259361267 0.4734481871128082 -0.015073317103087902
-0.4504604935646057 0.45656532049179077 -0.003530563786625862
-0.44145429134368896 0.41411855816841125 0.004256080836057663
-0.39512157440185547 0.34343430399894714 0.006091870833188295
-0.3144887089729309 0.24862036108970642 0.0035285872872918844
-0.2071581482887268 0.13653194904327393 -0.0003285991551820189
-0.08085980266332626 0.014012505300343037 -0.002340751700103283
0.05681799724698067 -0.11230175942182541 0.000614896765910089
0.19859665632247925 -0.23609061539173126 0.011637739837169647
0.337575227022171 -0.35136982798576355 0.033836379647254944
0.4672125577926636 -0.45243701338768005 0.07037629932165146
0.5816100835800171 -0.5340233445167542 0.12104939669370651
0.6755118370056152 -0.5912554264068604 0.17843112349510193
0.7433038949966431 -0.6189631223678589 0.2339984029531479
0.7790478467941284 -0.6117767095565796 0.2789532542228699
0.7767256498336792 -0.5643965601921082 0.3042988181114197
0.7305853366851807 -0.4719510078430176 0.3010599911212921
0.6355730891227722 -0.3304259479045868 0.26064491271972656
0.4889819324016571 -0.13880585134029388 0.1767124980688095
0.30527007579803467 0.07961327582597733 0.06317082792520523
0.1086229756474495 0.28729599714279175 -0.05328596755862236
-0.08030729740858078 0.45048606395721436 -0.14817580580711365
-0.24383634328842163 0.5369817018508911 -0.19809049367904663
-0.3650979697704315 0.5109111070632935 -0.17733997106552124
-0.42441895604133606 0.3236519992351532 -0.05190068483352661
-0.3927524983882904 -0.10368962585926056 0.23237627744674683
-0.8102220296859741 -1.0236696004867554 -0.22363786399364471
-0.593464195728302 -0.8753280639648438 -0.3608633279800415
-0.3854258358478546 -0.752021312713623 -0.41553986072540283
-0.19136552512645721 -0.6534431576728821 -0.4023767113685608
-0.016045065596699715 -0.5783781409263611 -0.33879294991493225
0.1363908350467682 -0.5248309373855591 -0.24407535791397095
0.2624559998512268 -0.49018749594688416 -0.13859792053699493
0.35928860306739807 -0.47138524055480957 -0.04319366067647934
0.42462170124053955 -0.4650696814060211 0.021541686728596687
0.4594264328479767 -0.46765628457069397 0.047175657004117966
0.46876052021980286 -0.47538867592811584 0.041743479669094086
0.45808905363082886 -0.48446357250213623 0.01460448931902647
0.43295907974243164 -0.4910615384578705 -0.024784758687019348
0.3989582061767578 -0.49136289954185486 -0.06692918390035629
0.36168408393859863 -0.4815572500228882 -0.10233524441719055
0.32672446966171265 -0.4578453600406647 -0.12153366208076477
0.29913297295570374 -0.41724419593811035 -0.11639978736639023
0.2797529995441437 -0.3634066879749298 -0.08958378434181213
0.2673899531364441 -0.3032885193824768 -0.04903309792280197
0.26083725690841675 -0.24394795298576355 -0.00280099269002676
0.25887569785118103 -0.19247305393218994 0.04102160409092903
0.2602688670158386 -0.1558765023946762 0.0744011402130127
0.26376864314079285 -0.14094211161136627 0.08951318264007568
0.2681291401386261 -0.15401993691921234 0.07895375043153763
0.2719287872314453 -0.19683776795864105 0.04008960723876953
0.27331337332725525 -0.26073145866394043 -0.018925275653600693
0.27046969532966614 -0.33603641390800476 -0.08883865177631378
0.2616669535636902 -0.41394609212875366 -0.16120843589305878
0.24517206847667694 -0.4864828288555145 -0.2283746302127838
0.2191242277622223 -0.5462712645530701 -0.2832421362400055
0.1813639998435974 -0.5861483812332153 -0.3189053237438202
0.12938231229782104 -0.5989709496498108 -0.3284766972064972
0.06356564164161682 -0.5837066769599915 -0.31121930480003357
-0.012609410099685192 -0.5448676347732544 -0.27201923727989197
-0.0951305404305458 -0.48698344826698303 -0.21586231887340546
-0.17920437455177307 -0.414930135011673 -0.14815524220466614
-0.25897905230522156 -0.3343966007232666 -0.07517006248235703
-0.3274025321006775 -0.25223591923713684 -0.004350277129560709
-0.3763188421726227 -0.1766165941953659 0.05561205372214317
-0.3986251950263977 -0.1154245063662529 0.09664133936166763
-0.3961465656757355 -0.06964583694934845 0.11860494315624237
-0.37438005208969116 -0.03739206865429878 0.12461855262517929
-0.3394908607006073 -0.01619923859834671 0.11839255690574646
-0.29792219400405884 -0.0032266583293676376 0.10396450012922287
-0.25608617067337036 0.004564554430544376 0.0854729488492012
-0.22016386687755585 0.010272493585944176 0.06699478626251221
-0.19598323106765747 0.016942543908953667 0.05243442952632904
-0.18630072474479675 0.02582121267914772 0.043981462717056274
-0.18917140364646912 0.03527196869254112 0.0411907322704792
-0.2022874504327774 0.04344306141138077 0.04339328035712242
-0.22343142330646515 0.04853463172912598 0.04994925111532211
-0.25047919154167175 0.04878440126776695 0.060252297669649124
-0.2813953757286072 0.04244805872440338 0.07373172044754028
-0.3142232298851013 0.027774307876825333 0.08985303342342377
-0.3470500707626343 0.0032986775040626526 0.10804972052574158
-0.3777913749217987 -0.029056958854198456 0.12706273794174194
-0.4041903614997864 -0.06529858708381653 0.14518125355243683
-0.42392227053642273 -0.10134576261043549 0.16064976155757904
-0.4346277713775635 -0.1330479085445404 0.17168410122394562
-0.4339759349822998 -0.15622422099113464 0.17650426924228668
-0.4197513461112976 -0.1667519211769104 0.17338688671588898
-0.38996604084968567 -0.16070161759853363 0.16073714196681976
-0.34470075368881226 -0.13610340654850006 0.13812598586082458
-0.2896600663661957 -0.0963529646396637 0.1082846000790596
-0.23128275573253632 -0.04573477432131767 0.07439775764942169
-0.17548330128192902 0.011794942431151867 0.039389535784721375
-0.12765198945999146 0.07269465178251266 0.005899956915527582
-0.09276602417230606 0.1338445395231247 -0.023682352155447006
-0.07558746635913849 0.1924944519996643 -0.047144558280706406
-0.08071991056203842 0.24618297815322876 -0.06240924447774887
-0.10711751878261566 0.2928907573223114 -0.06924715638160706
-0.14748625457286835 0.33076027035713196 -0.06937368959188461
-0.19427084922790527 0.3576226234436035 -0.06449064612388611
-0.23970307409763336 0.3709999620914459 -0.05627209693193436
-0.2756298780441284 0.3681620657444 -0.0464322492480278
-0.2934701442718506 0.34622716903686523 -0.03676624968647957
-0.2843228876590729 0.3023175001144409 -0.029160384088754654
-0.2407955378293991 0.2345878928899765 -0.025093697011470795
-0.16572654247283936 0.1467544138431549 -0.023010212928056717
-0.0661909282207489 0.04476560279726982 -0.020107394084334373
0.0506262481212616 -0.06544145941734314 -0.013558446429669857
0.17762848734855652 -0.1780720353126526 -0.0005388442659750581
0.30793219804763794 -0.2875463664531708 0.021778414025902748
0.4349158704280853 -0.3885100185871124 0.05625598505139351
0.5522068738937378 -0.4757920801639557 0.105828657746315
0.6542298197746277 -0.5445519089698792 0.16983409225940704
0.7365713715553284 -0.590298056602478 0.23991075158119202
0.7946335673332214 -0.6083345413208008 0.306510865688324
0.8235933184623718 -0.5938453078269958 0.35980236530303955
0.8186028599739075 -0.5421212315559387 0.38976600766181946
0.7750611305236816 -0.4488524794578552 0.3864329755306244
0.6889443397521973 -0.31047603487968445 0.34025776386260986
0.5582277178764343 -0.1261756420135498 0.24408955872058868
0.39631301164627075 0.08146489411592484 0.11239837110042572
0.22536447644233704 0.27608591318130493 -0.026805805042386055
0.06444136798381805 0.42475625872612 -0.14809328317642212
-0.06974425166845322 0.49542707204818726 -0.2274392992258072
-0.1604977399110794 0.4512045085430145 -0.23866601288318634
-0.18710480630397797 0.24010741710662842 -0.14690516889095306
-0.11708369106054306 -0.2256190925836563 0.10456253588199615
-0.923948347568512 -1.0145087242126465 -0.17421449720859528
-0.6667608022689819 -0.8832268714904785 -0.3306218087673187
-0.42703863978385925 -0.7680635452270508 -0.40195024013519287
-0.2105392962694168 -0.6706152558326721 -0.40082865953445435
-0.02164730802178383 -0.5914663076400757 -0.34405091404914856
0.1367616355419159 -0.5302450060844421 -0.2512688934803009
0.26326635479927063 -0.4857676327228546 -0.1436937302350998
0.357693612575531 -0.45623406767845154 -0.04303149878978729
0.42085039615631104 -0.4394212067127228 0.02947808802127838
0.4554983675479889 -0.43239909410476685 0.06483492255210876
0.46648257970809937 -0.43150097131729126 0.07029633969068527
0.4588741660118103 -0.4329909682273865 0.054369207471609116
0.43778273463249207 -0.43313509225845337 0.025595122948288918
0.4083157479763031 -0.42821651697158813 -0.007504995446652174
0.37555158138275146 -0.4145391881465912 -0.03646233677864075
0.34452638030052185 -0.3884221911430359 -0.05286839231848717
0.31973233819007874 -0.346983939409256 -0.04953601956367493
0.3015364110469818 -0.2938689887523651 -0.028891121968626976
0.28832459449768066 -0.23595045506954193 0.0019510273123160005
0.27849069237709045 -0.1801813840866089 0.03581955283880234
0.27044346928596497 -0.133535236120224 0.06553789973258972
0.2626122534275055 -0.10291408747434616 0.0839979276061058
0.2534642219543457 -0.09500733762979507 0.08428541570901871
0.24153289198875427 -0.1160971000790596 0.05986129865050316
0.22574801743030548 -0.1678038090467453 0.008734725415706635
0.20584772527217865 -0.24120137095451355 -0.06074950844049454
0.18163567781448364 -0.3263498842716217 -0.13924448192119598
0.15280631184577942 -0.41417548060417175 -0.21821194887161255
0.11889239400625229 -0.4964374899864197 -0.2898663878440857
0.079201340675354 -0.5655011534690857 -0.3469356298446655
0.03273000568151474 -0.6139441728591919 -0.3822630047798157
-0.021837567910552025 -0.6343737840652466 -0.38863861560821533
-0.08396738022565842 -0.6257591247558594 -0.36546775698661804
-0.15097370743751526 -0.5928325057029724 -0.31828200817108154
-0.21959275007247925 -0.5403439998626709 -0.2528064548969269
-0.28581711649894714 -0.4733954966068268 -0.17532429099082947
-0.34473004937171936 -0.39791277050971985 -0.09316364675760269
-0.39046725630760193 -0.3209904432296753 -0.01501488033682108
-0.41639450192451477 -0.25101998448371887 0.04903407022356987
-0.41711848974227905 -0.19597575068473816 0.0897999182343483
-0.39549121260643005 -0.15647804737091064 0.10781159996986389
-0.35767099261283875 -0.13011163473129272 0.10754168033599854
-0.31030720472335815 -0.11389407515525818 0.0941302627325058
-0.2601344883441925 -0.10451040416955948 0.07301852852106094
-0.2136891782283783 -0.09850632399320602 0.04966641589999199
-0.17716503143310547 -0.09241989254951477 0.029377181082963943
-0.15636254847049713 -0.08287158608436584 0.01720150001347065
-0.15364129841327667 -0.06856616586446762 0.015547647140920162
-0.1660534143447876 -0.05156494304537773 0.022718096151947975
-0.19027885794639587 -0.03419272601604462 0.03670516237616539
-0.22310051321983337 -0.018734605982899666 0.055562276393175125
-0.2613760828971863 -0.007451196666806936 0.0773870125412941
-0.30201417207717896 -0.0025904460344463587 0.10030702501535416
-0.3419557809829712 -0.006396619137376547 0.12246882170438766
-0.37823715806007385 -0.020770050585269928 0.14209336042404175
-0.40872541069984436 -0.04394204542040825 0.15808622539043427
-0.431759774684906 -0.07193128019571304 0.16974963247776031
-0.4456717371940613 -0.10071349889039993 0.17638321220874786
-0.4488121271133423 -0.1262570321559906 0.17729690670967102
-0.4395979344844818 -0.1445574015378952 0.1718345731496811
-0.41656729578971863 -0.15169742703437805 0.15940114855766296
-0.37844231724739075 -0.1439320147037506 0.1394922435283661
-0.3256894052028656 -0.11936672031879425 0.1123797670006752
-0.2636072039604187 -0.08130533993244171 0.08045712113380432
-0.19812129437923431 -0.033910658210515976 0.04638313874602318
-0.13472282886505127 0.018930062651634216 0.012610537931323051
-0.07847671210765839 0.07365287840366364 -0.018614476546645164
-0.034106411039829254 0.12700772285461426 -0.045218389481306076
-0.006141148507595062 0.1760033816099167 -0.06523894518613815
0.0010782306781038642 0.21784937381744385 -0.07680818438529968
-0.01157560758292675 0.2506716847419739 -0.0798569917678833
-0.03751514106988907 0.27339881658554077 -0.07624616473913193
-0.06995033472776413 0.28477543592453003 -0.06785468757152557
-0.10198450088500977 0.28335294127464294 -0.056551843881607056
-0.12648536264896393 0.2675475478172302 -0.04425226151943207
-0.13604529201984406 0.23571890592575073 -0.03294749930500984
-0.1230430006980896 0.18627379834651947 -0.0247108805924654
-0.08115315437316895 0.1183982789516449 -0.021131783723831177
-0.012791572138667107 0.035372085869312286 -0.020331570878624916
0.07604622095823288 -0.05790254846215248 -0.019014140591025352
0.17928189039230347 -0.15653590857982635 -0.013852243311703205
0.29087623953819275 -0.2557234764099121 -0.0015131167601794004
0.40490609407424927 -0.350786417722702 0.021342536434531212
0.5155954360961914 -0.43717435002326965 0.05808553844690323
0.6173100471496582 -0.5104371309280396 0.11213928461074829
0.705145537853241 -0.5662779211997986 0.1829308122396469
0.7754155993461609 -0.6005304455757141 0.2614187002182007
0.8243734836578369 -0.6088932752609253 0.3373018503189087
0.848141074180603 -0.5870169997215271 0.40002864599227905
0.8428513407707214 -0.5306753516197205 0.438888281583786
0.8048332929611206 -0.4359835088253021 0.44321951270103455
0.7308342456817627 -0.29965248703956604 0.40273240208625793
0.6192034482955933 -0.120815709233284 0.30943188071250916
0.4818320572376251 0.07926829159259796 0.17709511518478394
0.33851131796836853 0.2660897374153137 0.03331097960472107
0.20661503076553345 0.4080587923526764 -0.09679429233074188
0.1019354984164238 0.4739598333835602 -0.18949584662914276
0.04100620001554489 0.42730650305747986 -0.2190876603126526
0.045237552374601364 0.21610642969608307 -0.1515810191631317
0.14912360906600952 -0.2481371909379959 0.0681263729929924
-0.9905377626419067 -0.9776454567909241 -0.06610164046287537
-0.7228794097900391 -0.8577161431312561 -0.24373775720596313
-0.4714049994945526 -0.7467676401138306 -0.3365281820297241
-0.24355053901672363 -0.6479588150978088 -0.35416921973228455
-0.044836800545454025 -0.5635007619857788 -0.3118799328804016
0.12142980843782425 -0.49455609917640686 -0.22874940931797028
0.2541012167930603 -0.4412989020347595 -0.12594927847385406
0.3538571298122406 -0.40309253334999084 -0.02521648071706295
0.4227365553379059 -0.3787054717540741 0.05238620936870575
0.46419206261634827 -0.365680992603302 0.09748005867004395
0.48277509212493896 -0.3602483868598938 0.11585671454668045
0.4831511974334717 -0.35855355858802795 0.11441179364919662
0.46997973322868347 -0.3567735254764557 0.10001346468925476
0.44787395000457764 -0.35112887620925903 0.07945612818002701
0.42137816548347473 -0.3378823399543762 0.05943984538316727
0.3949621021747589 -0.31332358717918396 0.04657384008169174
0.3725574314594269 -0.2745420038700104 0.04648822546005249
0.3542088568210602 -0.2251361608505249 0.057330064475536346
0.3381110429763794 -0.1718967854976654 0.07363127171993256
0.32248592376708984 -0.12166813015937805 0.08991608768701553
0.3055950999259949 -0.08130639791488647 0.10073177516460419
0.28575313091278076 -0.0576053112745285 0.1006978377699852
0.26135319471359253 -0.057171206921339035 0.0845954418182373
0.23090574145317078 -0.0862419530749321 0.04750163480639458
0.19380414485931396 -0.14638447761535645 -0.011669511906802654
0.15131360292434692 -0.22850817441940308 -0.0852476954460144
0.10477697849273682 -0.32248979806900024 -0.16476833820343018
0.055258702486753464 -0.41906020045280457 -0.24248729646205902
0.0035254645626991987 -0.5097647905349731 -0.31129974126815796
-0.0499577596783638 -0.5867329835891724 -0.3645000755786896
-0.1050296425819397 -0.6422825455665588 -0.39539939165115356
-0.16179455816745758 -0.6687418818473816 -0.39717283844947815
-0.21964333951473236 -0.6650527715682983 -0.36944738030433655
-0.2768526077270508 -0.6361660361289978 -0.3179208040237427
-0.3311034142971039 -0.5870760679244995 -0.24859407544136047
-0.37939953804016113 -0.5231705904006958 -0.16815386712551117
-0.41801753640174866 -0.450719952583313 -0.08446145057678223
-0.4425707757472992 -0.3772188127040863 -0.006841606460511684
-0.44825810194015503 -0.31147927045822144 0.05395754799246788
-0.43161168694496155 -0.2617453932762146 0.08839349448680878
-0.3962096571922302 -0.2283003181219101 0.09782978892326355
-0.3483544588088989 -0.20815669000148773 0.08801969885826111
-0.2946088910102844 -0.1977555751800537 0.06537425518035889
-0.24140238761901855 -0.19325701892375946 0.03649425134062767
-0.19479867815971375 -0.1907564252614975 0.0078476183116436
-0.16043010354042053 -0.18640774488449097 -0.014387430623173714
-0.14353705942630768 -0.1764814555644989 -0.02436305768787861
-0.14600752294063568 -0.1595102697610855 -0.019572453573346138
-0.16452866792678833 -0.13767971098423004 -0.0027316585183143616
-0.19545966386795044 -0.11347261816263199 0.023074578493833542
-0.23524579405784607 -0.08936047554016113 0.05482405424118042
-0.2803499102592468 -0.06783037632703781 0.08950386941432953
-0.32720762491226196 -0.05139484256505966 0.12407800555229187
-0.3722076117992401 -0.0425853431224823 0.155475452542305
-0.41181808710098267 -0.04359559342265129 0.18076233565807343
-0.44380897283554077 -0.05305076017975807 0.19874884188175201
-0.4667709171772003 -0.06742943078279495 0.20931993424892426
-0.4793553948402405 -0.08319273591041565 0.21240681409835815
-0.4802776873111725 -0.09683883935213089 0.2079760581254959
-0.4683324098587036 -0.10493159294128418 0.1960332691669464
-0.44240811467170715 -0.10413065552711487 0.1766257882118225
-0.4015023410320282 -0.09122360497713089 0.149845153093338
-0.3460566997528076 -0.06461216509342194 0.11641864478588104
-0.28071242570877075 -0.027389228343963623 0.07892727106809616
-0.21070708334445953 0.016573330387473106 0.04018639028072357
-0.1409827321767807 0.06360388547182083 0.0028488554526120424
-0.07619658857584 0.11023882031440735 -0.030583200976252556
-0.0207735113799572 0.15319852530956268 -0.05772469937801361
0.021005935966968536 0.1893363893032074 -0.07625464349985123
0.04505269229412079 0.21561770141124725 -0.083933524787426
0.051805462688207626 0.23044650256633759 -0.08086584508419037
0.04663994163274765 0.23372161388397217 -0.06972233206033707
0.035094428807497025 0.2252863347530365 -0.053251929581165314
0.022730736061930656 0.20489293336868286 -0.034215863794088364
0.015213139355182648 0.17225268483161926 -0.015436423942446709
0.018338657915592194 0.1270904392004013 0.0001771305251168087
0.03801456838846207 0.06920205801725388 0.009629561565816402
0.07914425432682037 -0.0011151102371513844 0.010609074495732784
0.13993260264396667 -0.08106067031621933 0.005548886489123106
0.21587221324443817 -0.1668540984392166 -0.0011879389639943838
0.3023999035358429 -0.2547205686569214 -0.005190309602767229
0.3949523866176605 -0.34092018008232117 -0.0020278149750083685
0.48900294303894043 -0.4217658042907715 0.012741650454699993
0.5800772309303284 -0.4936226010322571 0.043582573533058167
0.6637551784515381 -0.5528934597969055 0.09497907757759094
0.7361052632331848 -0.595917284488678 0.16690514981746674
0.7940760850906372 -0.6188254356384277 0.24990415573120117
0.834621250629425 -0.6176586747169495 0.33319252729415894
0.8546395897865295 -0.5884652733802795 0.40580180287361145
0.851058840751648 -0.5274151563644409 0.4566514194011688
0.8209407925605774 -0.43093937635421753 0.47470226883888245
0.7616062760353088 -0.29589420557022095 0.4491881728172302
0.6715810298919678 -0.12119083851575851 0.3713648319244385
0.5609034299850464 0.07370219379663467 0.2532886564731598
0.4466252326965332 0.2566865384578705 0.12057147175073624
0.34415915608406067 0.3980109989643097 -0.003145674942061305
0.2680831253528595 0.46797752380371094 -0.09534475952386856
0.23425622284412384 0.43186670541763306 -0.13171207904815674
0.26364660263061523 0.24074198305606842 -0.08065395057201385
0.3899824321269989 -0.1872244030237198 0.10779239237308502
-1.0213148593902588 -0.9171594977378845 0.08071969449520111
-0.7637452483177185 -0.8060482144355774 -0.11857510358095169
-0.515194833278656 -0.6977275609970093 -0.23542769253253937
-0.2848304510116577 -0.5966793298721313 -0.2761492133140564
-0.07991083711385727 -0.5066583752632141 -0.25367018580436707
0.09482063353061676 -0.4303710162639618 -0.18573495745658875
0.23723477125167847 -0.36938726902008057 -0.09274037927389145
0.34748849272727966 -0.32425636053085327 0.004186496138572693
0.4274572730064392 -0.29472559690475464 0.08469630032777786
0.480444997549057 -0.27871236205101013 0.13908976316452026
0.5106195211410522 -0.27215975522994995 0.17118540406227112
0.5222151279449463 -0.2709182798862457 0.18575450778007507
0.5194264650344849 -0.27091076970100403 0.18751832842826843
0.5063668489456177 -0.26814359426498413 0.18110942840576172
0.4870470464229584 -0.25869858264923096 0.17105485498905182
0.46537214517593384 -0.23870867490768433 0.1617799699306488
0.44473007321357727 -0.20512732863426208 0.15704840421676636
0.42499393224716187 -0.16148626804351807 0.155838280916214
0.40437808632850647 -0.11450672894716263 0.15484073758125305
0.3811350166797638 -0.0709308311343193 0.15076740086078644
0.35357341170310974 -0.03750002384185791 0.14037133753299713
0.3200775980949402 -0.020901210606098175 0.12047790735960007
0.27913931012153625 -0.02766200713813305 0.08803973346948624
0.22940205037593842 -0.06398843973875046 0.04021933674812317
0.17077794671058655 -0.13144223392009735 -0.023010263219475746
0.10590281337499619 -0.22088083624839783 -0.09526225924491882
0.03749707713723183 -0.3221077620983124 -0.1696426272392273
-0.03213106468319893 -0.42574843764305115 -0.23983755707740784
-0.10107211023569107 -0.5232006311416626 -0.30001169443130493
-0.1677646040916443 -0.6064000725746155 -0.34458327293395996
-0.23092064261436462 -0.6674215793609619 -0.3678831458091736
-0.2894551157951355 -0.6983093023300171 -0.36402925848960876
-0.3427061438560486 -0.6979536414146423 -0.3329431712627411
-0.38995805382728577 -0.6715061664581299 -0.28012052178382874
-0.42991194128990173 -0.6242107152938843 -0.21147075295448303
-0.4606924057006836 -0.5617774724960327 -0.13369685411453247
-0.4799157381057739 -0.4908929467201233 -0.054747942835092545
-0.48485201597213745 -0.41955819725990295 0.015952302142977715
-0.472726970911026 -0.3571324348449707 0.06764812767505646
-0.4421156048774719 -0.3122312128543854 0.09110040217638016
-0.39709359407424927 -0.284784197807312 0.08865218609571457
-0.343721479177475 -0.27116841077804565 0.06723436713218689
-0.2880553901195526 -0.26719167828559875 0.034329965710639954
-0.2357989251613617 -0.26845458149909973 -0.0025856210850179195
-0.19214901328086853 -0.2705935537815094 -0.036379359662532806
-0.16181926429271698 -0.26939067244529724 -0.06036456674337387
-0.14916978776454926 -0.26078668236732483 -0.06824955344200134
-0.15558752417564392 -0.24308817088603973 -0.05754939094185829
-0.1778167486190796 -0.21841605007648468 -0.03175865486264229
-0.21235108375549316 -0.18919503688812256 0.005238059908151627
-0.2557452917098999 -0.15786302089691162 0.04960096627473831
-0.3045055568218231 -0.12692289054393768 0.09742860496044159
-0.3550224006175995 -0.0989644005894661 0.14469853043556213
-0.4035477042198181 -0.07665460556745529 0.18725693225860596
-0.44634929299354553 -0.06239836663007736 0.22109469771385193
-0.4810775816440582 -0.05541567504405975 0.24471107125282288
-0.5063285231590271 -0.05298002064228058 0.25821104645729065
-0.5208301544189453 -0.05233588442206383 0.2618139386177063
-0.5234165787696838 -0.050763797014951706 0.2558024525642395
-0.5130075216293335 -0.045603957027196884 0.24049489200115204
-0.4885810613632202 -0.034265000373125076 0.216218039393425
-0.44914257526397705 -0.014219500124454498 0.18328359723091125
-0.3948574960231781 0.015735791996121407 0.14265716075897217
-0.3295247554779053 0.05276741087436676 0.09742455184459686
-0.2575272023677826 0.09334369748830795 0.050997890532016754
-0.18309885263442993 0.13403865694999695 0.0066898236982524395
-0.11034674197435379 0.17151159048080444 -0.03226403146982193
-0.04328332096338272 0.20247934758663177 -0.06267522275447845
0.014133250340819359 0.22368089854717255 -0.08136536926031113
0.058081988245248795 0.23191024363040924 -0.08524569869041443
0.0883321464061737 0.22598542273044586 -0.07457847148180008
0.1085887998342514 0.20695118606090546 -0.05333809554576874
0.12270508706569672 0.1759137213230133 -0.025667449459433556
0.13452211022377014 0.13395671546459198 0.00426584854722023
0.14790219068527222 0.08217142522335052 0.032234422862529755
0.16674552857875824 0.0216851644217968 0.05393140763044357
0.19499121606349945 -0.046316955238580704 0.06497026979923248
0.2359284609556198 -0.12044534087181091 0.06192855164408684
0.28853774070739746 -0.19842123985290527 0.04793338477611542
0.35006949305534363 -0.27761220932006836 0.02875707857310772
0.4177372455596924 -0.35537150502204895 0.010241255164146423
0.4887305796146393 -0.4290429353713989 -0.0017252310644835234
0.5602246522903442 -0.4959682822227478 -0.0012187502579763532
0.6293861269950867 -0.5534892678260803 0.017711779102683067
0.6933780312538147 -0.5989470481872559 0.06100786104798317
0.7494820356369019 -0.6293862462043762 0.12953850626945496
0.795211672782898 -0.6412367224693298 0.2136927843093872
0.8280836939811707 -0.6308538913726807 0.3024632930755615
0.8456150889396667 -0.5946387052536011 0.38474172353744507
0.8453575968742371 -0.5290938019752502 0.44937577843666077
0.8249412178993225 -0.43089231848716736 0.4852629601955414
0.7821241617202759 -0.29695481061935425 0.4814795255661011
0.7155103087425232 -0.12587058544158936 0.4287649095058441
0.6330414414405823 0.06502410024404526 0.3367028832435608
0.5486471652984619 0.2465142160654068 0.22757664322853088
0.4753417372703552 0.3911493718624115 0.12236335128545761
0.42590436339378357 0.47135597467422485 0.04132083058357239
0.4146054685115814 0.4552447497844696 0.00624791020527482
0.46033239364624023 0.2991187274456024 0.04474043846130371
0.5927334427833557 -0.06727723032236099 0.19860157370567322
-1.025261640548706 -0.8359543681144714 0.24860288202762604
-0.7903492450714111 -0.7344938516616821 0.02776910923421383
-0.5547211170196533 -0.6298485994338989 -0.11421405524015427
-0.32867631316185 -0.5275845527648926 -0.18028052151203156
-0.12113825231790543 -0.4329342246055603 -0.18070966005325317
0.061323314905166626 -0.35021960735321045 -0.13137145340442657
0.21487808227539062 -0.28255558013916016 -0.05136450380086899
0.3382597863674164 -0.2318514585494995 0.03920407593250275
0.4322313964366913 -0.19899608194828033 0.12095703184604645
0.49935439229011536 -0.18229857087135315 0.1838296502828598
0.5433045625686646 -0.17725664377212524 0.22936086356639862
0.5678345561027527 -0.17926256358623505 0.2599312663078308
0.576644778251648 -0.18383492529392242 0.2779088318347931
0.5733364224433899 -0.1866292655467987 0.28561145067214966
0.561385989189148 -0.18342457711696625 0.2852831184864044
0.5441386699676514 -0.17008882761001587 0.27908340096473694
0.5244578719139099 -0.14335332810878754 0.26886531710624695
0.5021915435791016 -0.10667311400175095 0.254611611366272
0.47577163577079773 -0.06671871989965439 0.23541994392871857
0.44366729259490967 -0.03014056757092476 0.2104056179523468
0.4044084846973419 -0.0035675158724188805 0.17872533202171326
0.3566105365753174 0.006424376275390387 0.1396011859178543
0.29900944232940674 -0.006607901770621538 0.09235014021396637
0.23050805926322937 -0.048837024718523026 0.03642122447490692
0.15154509246349335 -0.12186060100793839 -0.027113378047943115
0.06589078903198242 -0.21660920977592468 -0.09353059530258179
-0.022595319896936417 -0.3229401707649231 -0.15792959928512573
-0.11055485159158707 -0.4314810037612915 -0.21582481265068054
-0.1950855702161789 -0.5335654020309448 -0.26303115487098694
-0.27364346385002136 -0.6209952235221863 -0.2954671382904053
-0.3439018726348877 -0.6856406331062317 -0.30887410044670105
-0.40365612506866455 -0.7192806005477905 -0.29872503876686096
-0.4521801471710205 -0.7207362651824951 -0.2653053402900696
-0.48970580101013184 -0.6953328847885132 -0.2136508673429489
-0.5159252882003784 -0.6485574841499329 -0.14930976927280426
-0.5300889611244202 -0.5864620804786682 -0.07869529724121094
-0.531189501285553 -0.5161938667297363 -0.00947040319442749
-0.5182133316993713 -0.4463237226009369 0.049313195049762726
-0.49047333002090454 -0.38682499527931213 0.08747253566980362
-0.448586642742157 -0.3467159569263458 0.09665174782276154
-0.3969518840312958 -0.3255099356174469 0.08027375489473343
-0.341130793094635 -0.3188606798648834 0.04629999026656151
-0.2864064574241638 -0.3218746781349182 0.0030392417684197426
-0.23751871287822723 -0.3295576870441437 -0.04147450253367424
-0.198606476187706 -0.33708304166793823 -0.07979241758584976
-0.173319473862648 -0.33987870812416077 -0.10506978631019592
-0.16502247750759125 -0.33358511328697205 -0.11089805513620377
-0.17462287843227386 -0.3162810504436493 -0.09492527693510056
-0.1991495043039322 -0.28995269536972046 -0.061204034835100174
-0.235466867685318 -0.2568683624267578 -0.014160949736833572
-0.2804776132106781 -0.219318225979805 0.04179874807596207
-0.33097994327545166 -0.17970265448093414 0.10211872309446335
-0.3835783302783966 -0.14058111608028412 0.16199560463428497
-0.4346523880958557 -0.1046774685382843 0.2163652777671814
-0.48050937056541443 -0.07458611577749252 0.2602614164352417
-0.5186837911605835 -0.05025448650121689 0.2917235195636749
-0.5476388931274414 -0.02993846870958805 0.3107965588569641
-0.566038191318512 -0.011810083873569965 0.3177288770675659
-0.5726951360702515 0.005976337939500809 0.31287312507629395
-0.5665193796157837 0.025261765345931053 0.2966163158416748
-0.5464515686035156 0.047880012542009354 0.26931533217430115
-0.5113888382911682 0.07567472010850906 0.23123951256275177
-0.46111541986465454 0.10944922268390656 0.1834103763103485
-0.39847615361213684 0.1466245800256729 0.1295468807220459
-0.32686078548431396 0.18397384881973267 0.07387061417102814
-0.24962852895259857 0.21826544404029846 0.020603658631443977
-0.17015665769577026 0.24623382091522217 -0.025989921763539314
-0.09187525510787964 0.2645629644393921 -0.06157929450273514
-0.01828901655972004 0.26988309621810913 -0.08175905793905258
0.04710577800869942 0.2588767111301422 -0.08222811669111252
0.10322636365890503 0.23089544475078583 -0.06335436552762985
0.1517256796360016 0.18826816976070404 -0.030717885121703148
0.19441372156143188 0.13348151743412018 0.009809129871428013
0.23311440646648407 0.06902310252189636 0.05233166739344597
0.269666463136673 -0.0026220849249511957 0.09092903137207031
0.3059237003326416 -0.07896926254034042 0.11964493989944458
0.34375816583633423 -0.15753337740898132 0.13247506320476532
0.3847878575325012 -0.235930934548378 0.12470089644193649
0.4288753569126129 -0.31243619322776794 0.10019063949584961
0.4751693308353424 -0.3855434060096741 0.06625224649906158
0.5227892994880676 -0.45369818806648254 0.030283790081739426
0.5708237290382385 -0.5152984857559204 -0.00022474316938314587
0.6183299422264099 -0.5687037110328674 -0.017700770869851112
0.6643362045288086 -0.6122459769248962 -0.014514775015413761
0.7078433036804199 -0.6442415118217468 0.016938183456659317
0.7475170493125916 -0.662487268447876 0.07865003496408463
0.7813760638237 -0.6637310981750488 0.16111788153648376
0.8073794841766357 -0.6446393728256226 0.25336754322052
0.8235150575637817 -0.6019408106803894 0.3444119393825531
0.827806830406189 -0.5324344635009766 0.4233061373233795
0.8183192610740662 -0.43299514055252075 0.4791944921016693
0.7931613326072693 -0.30057698488235474 0.5013501048088074
0.7509906888008118 -0.13342073559761047 0.48034146428108215
0.6974854469299316 0.053484369069337845 0.42278602719306946
0.6430678963661194 0.23416931927204132 0.3464839458465576
0.5978026390075684 0.38387808203697205 0.268556147813797
0.5718886852264404 0.47763705253601074 0.20576231181621552
0.5768730640411377 0.48706188797950745 0.17601008713245392
0.6278135180473328 0.37479427456855774 0.20118041336536407
0.7473765015602112 0.0840497836470604 0.3125128149986267
-1.0100210905075073 -0.7361834645271301 0.42056727409362793
-0.8030210733413696 -0.649066686630249 0.1779576539993286
-0.5857853889465332 -0.5522180795669556 0.010835811495780945
-0.36889705061912537 -0.4519907236099243 -0.08089029788970947
-0.16237814724445343 -0.3550056517124176 -0.10497814416885376
0.02558138221502304 -0.26732295751571655 -0.07528821378946304
0.18932810425758362 -0.19388742744922638 -0.009408700279891491
0.3258189260959625 -0.1383470743894577 0.07371050864458084
0.4342367649078369 -0.10313723981380463 0.15565508604049683
0.5160431861877441 -0.0871395394206047 0.22589166462421417
0.5742742419242859 -0.0852837935090065 0.2836152911186218
0.6121018528938293 -0.09236202389001846 0.32881054282188416
0.6326656341552734 -0.10335344076156616 0.3615431487560272
0.6390131115913391 -0.11343847215175629 0.3819170892238617
0.6340648531913757 -0.1179824247956276 0.3900356590747833
0.6205954551696777 -0.11249183863401413 0.3859640061855316
0.600954532623291 -0.09340186417102814 0.3698236346244812
0.5751048922538757 -0.06408407539129257 0.3426940143108368
0.5418891906738281 -0.031175998970866203 0.3060959577560425
0.5001728534698486 -0.0012450622161850333 0.2615291178226471
0.44887205958366394 0.01919476129114628 0.21050791442394257
0.3869824707508087 0.02369028702378273 0.15458934009075165
0.31361374258995056 0.005900987423956394 0.09538981318473816
0.2280338555574417 -0.04029632732272148 0.03459131717681885
0.13117794692516327 -0.11656727641820908 -0.025714419782161713
0.027646074071526527 -0.21405136585235596 -0.08264892548322678
-0.07787095010280609 -0.32280147075653076 -0.1334870308637619
-0.18122157454490662 -0.4335709810256958 -0.1757490485906601
-0.2787196934223175 -0.5377309918403625 -0.20708458125591278
-0.3670079708099365 -0.6270287036895752 -0.2251143753528595
-0.4428648352622986 -0.6931903958320618 -0.22722283005714417
-0.5030928254127502 -0.7277758717536926 -0.2105044275522232
-0.5468730926513672 -0.7295322418212891 -0.1756671965122223
-0.5752379894256592 -0.7039256691932678 -0.12712864577770233
-0.5887519717216492 -0.6566768884658813 -0.06989135593175888
-0.5876966714859009 -0.5941873788833618 -0.009846316650509834
-0.5723645091056824 -0.5240870118141174 0.04594012349843979
-0.5433849692344666 -0.4555397927761078 0.08919558674097061
-0.5020650029182434 -0.39914223551750183 0.11081352829933167
-0.4509318768978119 -0.3642808198928833 0.10380146652460098
-0.3945934772491455 -0.34994417428970337 0.07269260287284851
-0.3379984200000763 -0.35094794631004333 0.026271739974617958
-0.2855592966079712 -0.36161595582962036 -0.026616400107741356
-0.24099759757518768 -0.37631475925445557 -0.07770751416683197
-0.20739005506038666 -0.38974159955978394 -0.11956535279750824
-0.18735945224761963 -0.3969780206680298 -0.14549271762371063
-0.1833309382200241 -0.3933814465999603 -0.1492406278848648
-0.1957934945821762 -0.3768361806869507 -0.12868385016918182
-0.22212086617946625 -0.34923604130744934 -0.08824700862169266
-0.2595978081226349 -0.3127155601978302 -0.032683178782463074
-0.30552953481674194 -0.26942235231399536 0.03325696289539337
-0.35707637667655945 -0.2216486930847168 0.10458510369062424
-0.4111463725566864 -0.17191873490810394 0.17593681812286377
-0.4643518924713135 -0.12302299588918686 0.24154652655124664
-0.5131437182426453 -0.07778387516736984 0.29566091299057007
-0.5549688339233398 -0.03691697120666504 0.3357981741428375
-0.5881322622299194 0.0003248027933295816 0.3617567718029022
-0.6111989617347717 0.03486147150397301 0.3736388087272644
-0.6229273080825806 0.06772356480360031 0.37170225381851196
-0.6221882700920105 0.10002458095550537 0.35624516010284424
-0.6078689098358154 0.1329495757818222 0.32749703526496887
-0.5787615776062012 0.16776254773139954 0.2855190932750702
-0.5342815518379211 0.2049255073070526 0.23124635219573975
-0.476285845041275 0.24207954108715057 0.16901205480098724
-0.4070855677127838 0.27622726559638977 0.10387074947357178
-0.3290300965309143 0.3042480945587158 0.04101433977484703
-0.2445920705795288 0.32287779450416565 -0.014153349213302135
-0.15643109381198883 0.3287191689014435 -0.05599309131503105
-0.06743250787258148 0.31828659772872925 -0.07866241782903671
0.019327081739902496 0.2882046401500702 -0.0764283612370491
0.10181351006031036 0.23844008147716522 -0.04968012496829033
0.17937088012695312 0.17266428470611572 -0.005690222140401602
0.25152307748794556 0.09477882087230682 0.04782048612833023
0.31789523363113403 0.008662455715239048 0.10312242805957794
0.37820154428482056 -0.0818767100572586 0.15252898633480072
0.43222713470458984 -0.17312276363372803 0.18840162456035614
0.47981178760528564 -0.26145702600479126 0.20311492681503296
0.5209556818008423 -0.34366074204444885 0.19065214693546295
0.5564532279968262 -0.4185711741447449 0.15557561814785004
0.5873693823814392 -0.48573940992355347 0.10664982348680496
0.614736020565033 -0.5446233153343201 0.052746064960956573
0.6395630240440369 -0.5946016907691956 0.0028847339563071728
0.6628463268280029 -0.6349963545799255 -0.03376185894012451
0.6855710744857788 -0.6650968790054321 -0.047911327332258224
0.7087031602859497 -0.6841844916343689 -0.030303306877613068
0.7323788404464722 -0.6908233761787415 0.022269103676080704
0.7550731301307678 -0.6821141242980957 0.10068371891975403
0.7750837802886963 -0.6550474166870117 0.1942729949951172
0.7907437682151794 -0.6066752076148987 0.2924342155456543
0.8004211783409119 -0.534081220626831 0.3847014009952545
0.8025122880935669 -0.43433821201324463 0.4607705771923065
0.7954266667366028 -0.3044537603855133 0.5104776620864868
0.7778950333595276 -0.14236849546432495 0.5246301293373108
0.7532178163528442 0.03934745118021965 0.5065975189208984
0.7279336452484131 0.2181965708732605 0.46874120831489563
0.7085515856742859 0.3724097013473511 0.4231681525707245
0.7018283605575562 0.479940801858902 0.38180169463157654
0.7154350280761719 0.5162144303321838 0.35715627670288086
0.759111225605011 0.4503434896469116 0.3637794554233551
0.8467453718185425 0.23842354118824005 0.4208787679672241
-0.9826083183288574 -0.6195445656776428 0.5789880156517029
-0.8016276359558105 -0.5560581684112549 0.31335750222206116
-0.6036304235458374 -0.47468534111976624 0.12192903459072113
-0.398653119802475 -0.38225531578063965 0.006289327051490545
-0.19688957929611206 -0.2866964340209961 -0.03956553712487221
-0.0073428042232990265 -0.19600115716457367 -0.02788899838924408
0.16306720674037933 -0.11739450693130493 0.025044724345207214
0.30980584025382996 -0.056893106549978256 0.10127093642950058
0.43054458498954773 -0.019185824319720268 0.183073952794075
0.5255277156829834 -0.004118161741644144 0.2593372166156769
0.5969422459602356 -0.00598405534401536 0.32713764905929565
0.6472075581550598 -0.01885906420648098 0.3843414783477783
0.6787717938423157 -0.03706079348921776 0.4290192425251007
0.6940358281135559 -0.05517566204071045 0.459398090839386
0.6952989101409912 -0.06804538518190384 0.47380492091178894
0.6847236752510071 -0.07071961462497711 0.4706011116504669
0.664135217666626 -0.05926448106765747 0.4485451877117157
0.6337480545043945 -0.03695690259337425 0.4098227024078369
0.5930107831954956 -0.010413521900773048 0.35818445682525635
0.5413660407066345 0.013877499848604202 0.2972862124443054
0.47828084230422974 0.02952532283961773 0.2307387888431549
0.40327516198158264 0.03022029809653759 0.1621459722518921
0.31595298647880554 0.009754003025591373 0.09512235969305038
0.21603788435459137 -0.037916071712970734 0.033288177102804184
0.10490190982818604 -0.11454591900110245 -0.020447589457035065
-0.012389052659273148 -0.21162691712379456 -0.06505812704563141
-0.1306810975074768 -0.3195621073246002 -0.0999603420495987
-0.24534541368484497 -0.4293690621852875 -0.12465550750494003
-0.352178156375885 -0.5325756072998047 -0.13862745463848114
-0.447236567735672 -0.6209748983383179 -0.14123313128948212
-0.5266103744506836 -0.6862357258796692 -0.13157504796981812
-0.5863045454025269 -0.7197773456573486 -0.10848640650510788
-0.6253770589828491 -0.7202850580215454 -0.0731317475438118
-0.6454429030418396 -0.6933351755142212 -0.029230378568172455
-0.6477394700050354 -0.6448713541030884 0.0188762117177248
-0.6333895325660706 -0.581645667552948 0.06599248945713043
-0.6037855744361877 -0.5117685794830322 0.10590009391307831
-0.5609773397445679 -0.4449790120124817 0.13144469261169434
-0.5079986453056335 -0.392444372177124 0.13500453531742096
-0.44901540875434875 -0.3638184368610382 0.11130192130804062
-0.3888069689273834 -0.3574138283729553 0.0659107118844986
-0.33176517486572266 -0.3670733571052551 0.00816262885928154
-0.2815202474594116 -0.3862438499927521 -0.0528840646147728
-0.24090264737606049 -0.40859705209732056 -0.10905192792415619
-0.21208912134170532 -0.4283257722854614 -0.15319904685020447
-0.1968587338924408 -0.44015106558799744 -0.1790161430835724
-0.19688346982002258 -0.4391404092311859 -0.18062575161457062
-0.21231788396835327 -0.4230373799800873 -0.15620090067386627
-0.24079552292823792 -0.3937889039516449 -0.11039255559444427
-0.2799144685268402 -0.353535532951355 -0.04811802878975868
-0.32727909088134766 -0.30440855026245117 0.025700319558382034
-0.3803212642669678 -0.24870893359184265 0.10583792626857758
-0.4361797273159027 -0.1890350580215454 0.18659020960330963
-0.49164485931396484 -0.12835176289081573 0.2617306113243103
-0.5432776808738708 -0.06980454921722412 0.3249480128288269
-0.5884888172149658 -0.014812583103775978 0.3732776343822479
-0.6255121231079102 0.03654276207089424 0.40618571639060974
-0.6528880596160889 0.0844539925456047 0.42353248596191406
-0.6693832278251648 0.12932617962360382 0.4253845810890198
-0.6738925576210022 0.171737402677536 0.4118577539920807
-0.6653198003768921 0.21240855753421783 0.38296568393707275
-0.6424416899681091 0.252188116312027 0.33847421407699585
-0.6044028401374817 0.29129350185394287 0.2791336178779602
-0.5521125197410583 0.3275434374809265 0.209768608212471
-0.4867924153804779 0.3580961525440216 0.13614679872989655
-0.4097163677215576 0.3798741102218628 0.06433012336492538
-0.322333425283432 0.38956350088119507 0.0007957574562169611
-0.2263767570257187 0.3836619555950165 -0.047533538192510605
-0.12395434081554413 0.35858315229415894 -0.07336406409740448
-0.017607854679226875 0.31095683574676514 -0.06949476897716522
0.08968790620565414 0.24138689041137695 -0.03623177856206894
0.19489488005638123 0.1548188477754593 0.017612461000680923
0.29517579078674316 0.05647510290145874 0.08259907364845276
0.3879266083240509 -0.04850485175848007 0.14929769933223724
0.4707726538181305 -0.15516284108161926 0.20841144025325775
0.541532576084137 -0.2587619721889496 0.2508026659488678
0.5981641411781311 -0.3547832667827606 0.267429918050766
0.6391923427581787 -0.43937575817108154 0.2511437237262726
0.6663265824317932 -0.511918306350708 0.20705462992191315
0.6824459433555603 -0.5728981494903564 0.14510324597358704
0.6903835535049438 -0.6226634383201599 0.07534737884998322
0.6929730176925659 -0.6614604592323303 0.008052070625126362
0.6930773854255676 -0.6894767880439758 -0.046287763863801956
0.693597137928009 -0.7068811058998108 -0.07700218260288239
0.6974462270736694 -0.7138567566871643 -0.0734264925122261
0.706219494342804 -0.709716260433197 -0.03120136633515358
0.7188078761100769 -0.6919543147087097 0.04122554510831833
0.7337726354598999 -0.6579132676124573 0.1338053047657013
0.7496967911720276 -0.604982852935791 0.23660828173160553
0.7651987075805664 -0.5305457711219788 0.3399285674095154
0.7789338231086731 -0.4319053292274475 0.43431219458580017
0.7895866632461548 -0.3061932325363159 0.5105131268501282
0.7959955930709839 -0.15117543935775757 0.5599915981292725
0.798990786075592 0.02291278727352619 0.582736611366272
0.8008737564086914 0.19710059463977814 0.5849217772483826
0.8040118217468262 0.3527681231498718 0.5726162195205688
0.8109064698219299 0.47098010778427124 0.5516484975814819
0.8243789076805115 0.5309967398643494 0.5277664065361023
0.8478822708129883 0.5078939199447632 0.5069689154624939
0.8860342502593994 0.36860811710357666 0.4960962235927582
-0.9499661922454834 -0.48750630021095276 0.7044461965560913
-0.7857498526573181 -0.4624372124671936 0.4133743941783905
-0.6030365228652954 -0.4081491231918335 0.19948546588420868
-0.4105376601219177 -0.3318881690502167 0.06407153606414795
-0.21736997365951538 -0.2429743856191635 0.001352648832835257
-0.03194953128695488 -0.15166138112545013 -0.0003375356027390808
0.13881134986877441 -0.06807371973991394 0.04339371249079704
0.2898765206336975 -0.0014733822317793965 0.1150766909122467
0.41807448863983154 0.04016884043812752 0.1971888691186905
0.5225843191146851 0.05540565773844719 0.27793756127357483
0.6044683456420898 0.05056856572628021 0.3528357446193695
0.6651325225830078 0.0323784239590168 0.4182153046131134
0.7061200141906738 0.007288280408829451 0.4707251191139221
0.7290167212486267 -0.018573282286524773 0.5072872638702393
0.7353755831718445 -0.03940557688474655 0.5250306725502014
0.7266573309898376 -0.04969458281993866 0.5212066173553467
0.7041221857070923 -0.04505591839551926 0.49375098943710327
0.6683698296546936 -0.02865167148411274 0.44587135314941406
0.6196595430374146 -0.007083496544510126 0.3831448256969452
0.5581989288330078 0.013240192085504532 0.3109520673751831
0.4841725528240204 0.02606467716395855 0.234533429145813
0.3977658748626709 0.02525143139064312 0.1590389460325241
0.29918748140335083 0.0047640386037528515 0.08955827355384827
0.18869468569755554 -0.04131361097097397 0.031127706170082092
0.06801092624664307 -0.1148378998041153 -0.012849215418100357
-0.05774466693401337 -0.2077992558479309 -0.0430477000772953
-0.18337467312812805 -0.3111141324043274 -0.06079636141657829
-0.3041410744190216 -0.4162162244319916 -0.06736539304256439
-0.41564464569091797 -0.514927327632904 -0.06389812380075455
-0.5136463046073914 -0.5992103219032288 -0.05135788768529892
-0.5938237309455872 -0.6607943773269653 -0.030481979250907898
-0.6516591906547546 -0.6910760402679443 -0.001802191254682839
-0.6860698461532593 -0.6887146830558777 0.03306998685002327
-0.6989752650260925 -0.6593700051307678 0.07113783061504364
-0.6920129656791687 -0.6091991066932678 0.1087898537516594
-0.6668567061424255 -0.5452954769134521 0.14165346324443817
-0.6256688237190247 -0.4762209355831146 0.1645543873310089
-0.5715258717536926 -0.4122197926044464 0.17171445488929749
-0.5087285041809082 -0.36490949988365173 0.15728242695331573
-0.44266247749328613 -0.3440433144569397 0.11788325011730194
-0.3783372938632965 -0.3470759093761444 0.059935010969638824
-0.319842666387558 -0.36673277616500854 -0.007031548302620649
-0.2703169286251068 -0.395483136177063 -0.07408327609300613
-0.23200957477092743 -0.42623549699783325 -0.1334133893251419
-0.20650984346866608 -0.4526277482509613 -0.17839127779006958
-0.19505645334720612 -0.46897757053375244 -0.20326051115989685
-0.19885556399822235 -0.4700215458869934 -0.2026592344045639
-0.21781785786151886 -0.4534299671649933 -0.1751076877117157
-0.2496158927679062 -0.42144548892974854 -0.12537579238414764
-0.29191330075263977 -0.37646618485450745 -0.05843593552708626
-0.3423697054386139 -0.3208532929420471 0.02074206806719303
-0.3984519839286804 -0.25715434551239014 0.10685942322015762
-0.4573039412498474 -0.18826700747013092 0.19408449530601501
-0.5156858563423157 -0.11753389239311218 0.2759941816329956
-0.5701025724411011 -0.04857010766863823 0.3460060954093933
-0.6180013418197632 0.016673926264047623 0.4008147418498993
-0.6577415466308594 0.07763338834047318 0.43956997990608215
-0.6880148649215698 0.1341000646352768 0.46186989545822144
-0.7077515721321106 0.18615232408046722 0.4675509035587311
-0.7160099744796753 0.23409947752952576 0.4565028250217438
-0.7118476629257202 0.2784307897090912 0.42848601937294006
-0.6941760778427124 0.319778174161911 0.3829483985900879
-0.6620269417762756 0.3582352101802826 0.3204032778739929
-0.6154692769050598 0.3917650580406189 0.24597479403018951
-0.5547096133232117 0.41763928532600403 0.16591835021972656
-0.4799787998199463 0.43280744552612305 0.08693411946296692
-0.3916837275028229 0.433920294046402 0.01633746363222599
-0.2905648946762085 0.41741514205932617 -0.037895042449235916
-0.1778538078069687 0.3796791136264801 -0.06723593175411224
-0.05545554682612419 0.3174418807029724 -0.06320709735155106
0.07285445183515549 0.23189036548137665 -0.02592526003718376
0.20182682573795319 0.12900184094905853 0.034672774374485016
0.3264163136482239 0.015052063390612602 0.1078469529747963
0.4419541656970978 -0.10384224355220795 0.18287324905395508
0.5441720485687256 -0.22186769545078278 0.2492474913597107
0.6291519999504089 -0.3335660398006439 0.29673653841018677
0.6932249665260315 -0.4338131248950958 0.3152906596660614
0.7336572408676147 -0.5183640122413635 0.29695290327072144
0.7529793381690979 -0.5870758891105652 0.24712811410427094
0.7556585669517517 -0.6411993503570557 0.17644821107387543
0.7461009621620178 -0.6818077564239502 0.09566237777471542
0.7287428975105286 -0.7098631858825684 0.015771588310599327
0.708106517791748 -0.7262799739837646 -0.05192919820547104
0.688814103603363 -0.7319791913032532 -0.0959128811955452
0.6755446791648865 -0.7279277443885803 -0.10463637113571167
0.6712261438369751 -0.7141255736351013 -0.07282580435276031
0.6751376986503601 -0.6885049939155579 -0.007927650585770607
0.6860674619674683 -0.6488010883331299 0.08100076764822006
0.702799379825592 -0.5927749872207642 0.18504281342029572
0.7241503596305847 -0.5181503295898438 0.2955622375011444
0.7489964962005615 -0.42252978682518005 0.404254674911499
0.7762857675552368 -0.3032897114753723 0.5031151175498962
0.8049874901771545 -0.15821950137615204 0.5846200585365295
0.8333640098571777 0.004532397724688053 0.6453261375427246
0.8591657876968384 0.1693815290927887 0.6846932172775269
0.8801296353340149 0.3208627700805664 0.7019939422607422
0.893875002861023 0.44319963455200195 0.6960194706916809
0.8977319598197937 0.5193524956703186 0.6647944450378418
0.8884837627410889 0.5295857191085815 0.605176568031311
0.8619693517684937 0.44923821091651917 0.5122445821762085
-0.9188112616539001 -0.34176626801490784 0.7773950695991516
-0.7552071213722229 -0.37549957633018494 0.45803165435791016
-0.579497754573822 -0.36324140429496765 0.22511056065559387
-0.3980241119861603 -0.3134736120700836 0.07666172832250595
-0.21723784506320953 -0.2374895066022873 0.004902239888906479
-0.043123144656419754 -0.1483364850282669 -0.0027470143977552652
0.11923778057098389 -0.05972611531615257 0.03779952973127365
0.26589956879615784 0.014868236146867275 0.10884316265583038
0.39409956336021423 0.06297015398740768 0.19235682487487793
0.5024159550666809 0.08067675679922104 0.2758028209209442
0.5904926657676697 0.07482361048460007 0.3539828658103943
0.6583961844444275 0.05294732749462128 0.4225638508796692
0.706475019454956 0.022354278713464737 0.4775984287261963
0.7352569699287415 -0.009994340129196644 0.5154969096183777
0.7453563213348389 -0.03752715513110161 0.532965898513794
0.7373895645141602 -0.05404697358608246 0.5269215106964111
0.71197909116745 -0.05462723970413208 0.4951590597629547
0.6702388525009155 -0.042288750410079956 0.4417155981063843
0.6134473085403442 -0.023622317239642143 0.37337788939476013
0.5427658557891846 -0.0049571986310184 0.296620637178421
0.45925578474998474 0.007600854616612196 0.21765577793121338
0.3638928532600403 0.008114272728562355 0.1424912065267563
0.25758054852485657 -0.009234782308340073 0.07698361575603485
0.14116504788398743 -0.05017721652984619 0.02687828429043293
0.016614489257335663 -0.11666379123926163 -0.004342168569564819
-0.1113354042172432 -0.20132435858249664 -0.01876566745340824
-0.23788820207118988 -0.2957509458065033 -0.019233470782637596
-0.3585956394672394 -0.3919503092765808 -0.008413615636527538
-0.4692254066467285 -0.4821886718273163 0.01121689472347498
-0.5655832886695862 -0.5587456822395325 0.037364114075899124
-0.643277645111084 -0.6135614514350891 0.0678873360157013
-0.6976233720779419 -0.6381723880767822 0.10075051337480545
-0.7274019122123718 -0.6312751173973083 0.13396276533603668
-0.7345158457756042 -0.5985910892486572 0.16524432599544525
-0.7206687927246094 -0.5464777946472168 0.1917562633752823
-0.6877090334892273 -0.48234477639198303 0.21004430949687958
-0.6381123065948486 -0.415138840675354 0.21611922979354858
-0.575428307056427 -0.3554830551147461 0.20574237406253815
-0.5045797824859619 -0.3152545392513275 0.17497068643569946
-0.43161916732788086 -0.3040827512741089 0.12233182042837143
-0.3619433343410492 -0.3183784484863281 0.05476011708378792
-0.29978716373443604 -0.3496192693710327 -0.01841926947236061
-0.2482815533876419 -0.38920098543167114 -0.08873114734888077
-0.20957082509994507 -0.42918816208839417 -0.14897289872169495
-0.18509790301322937 -0.46258699893951416 -0.19317057728767395
-0.17596061527729034 -0.48323366045951843 -0.2162129282951355
-0.1832619309425354 -0.4854563772678375 -0.21333818137645721
-0.20675121247768402 -0.4669291079044342 -0.1834413707256317
-0.24379223585128784 -0.43052035570144653 -0.1313338279724121
-0.2917408347129822 -0.37923750281333923 -0.061973970383405685
-0.347947359085083 -0.3160206079483032 0.01970576122403145
-0.40955498814582825 -0.24400237202644348 0.10846496373414993
-0.47336429357528687 -0.16669508814811707 0.19854630529880524
-0.5357745289802551 -0.0880943238735199 0.2836073935031891
-0.5929630994796753 -0.012464135885238647 0.3571222722530365
-0.6425051093101501 0.057975444942712784 0.4156723916530609
-0.6831699013710022 0.12265737354755402 0.4581950604915619
-0.7140572667121887 0.18140628933906555 0.4840710759162903
-0.734484851360321 0.23434783518314362 0.49291563034057617
-0.7438730597496033 0.28183773159980774 0.48438799381256104
-0.7416191101074219 0.32439741492271423 0.4579978585243225
-0.7269596457481384 0.36266499757766724 0.4129042327404022
-0.6990117430686951 0.3967539370059967 0.34937575459480286
-0.6571662425994873 0.42476099729537964 0.27260199189186096
-0.6007694005966187 0.44407546520233154 0.18903034925460815
-0.5291486382484436 0.4517293870449066 0.10566652566194534
-0.44177600741386414 0.4444391131401062 0.030284270644187927
-0.338459312915802 0.4187183082103729 -0.02851208858191967
-0.21956045925617218 0.37108299136161804 -0.06141679733991623
-0.08629652857780457 0.29850074648857117 -0.0591123029589653
0.057022396475076675 0.20260602235794067 -0.02143765240907669
0.2033812254667282 0.08997376263141632 0.04121727496385574
0.3459419310092926 -0.03252681344747543 0.1175178736448288
0.4783569574356079 -0.15825000405311584 0.19613134860992432
0.5948294997215271 -0.2809482514858246 0.2659950852394104
0.6900578141212463 -0.39482685923576355 0.3163943290710449
0.7590932846069336 -0.494505912065506 0.3368658125400543
0.7982189655303955 -0.5756090879440308 0.319114089012146
0.8106118440628052 -0.6383683085441589 0.2684785723686218
0.8019835948944092 -0.6845734715461731 0.19560278952121735
0.7779744267463684 -0.7158206701278687 0.11123634874820709
0.7442840337753296 -0.7335999608039856 0.026394834741950035
0.7067510485649109 -0.7393741011619568 -0.0475856177508831
0.671370267868042 -0.7346416115760803 -0.09911040961742401
0.6442326307296753 -0.7209767699241638 -0.11655502766370773
0.6293554902076721 -0.6989621520042419 -0.09414226561784744
0.6263940334320068 -0.6670096516609192 -0.037958405911922455
0.6343744993209839 -0.6233000755310059 0.044373318552970886
0.6522853374481201 -0.56601881980896 0.14535202085971832
0.679140567779541 -0.4932979941368103 0.257762610912323
0.7140303254127502 -0.4031400978565216 0.3747555613517761
0.7561612129211426 -0.29332274198532104 0.4898484945297241
0.8046262264251709 -0.16190576553344727 0.5968049764633179
0.8550004363059998 -0.015334668569266796 0.688724935054779
0.9002402424812317 0.13386476039886475 0.7580662369728088
0.9331495761871338 0.27321892976760864 0.7969373464584351
0.9461454153060913 0.39002296328544617 0.796675443649292
0.9308333992958069 0.47071462869644165 0.7472448945045471
0.8773950934410095 0.4999817907810211 0.6363798379898071
0.7736829519271851 0.459444135427475 0.4483182728290558
-0.8913726806640625 -0.1866142898797989 0.7979459166526794
-0.7127634286880493 -0.2984023988246918 0.4488934576511383
-0.5360721349716187 -0.34077394008636475 0.20135803520679474
-0.3637346029281616 -0.3257981538772583 0.04685819894075394
-0.19807671010494232 -0.2680024206638336 -0.026439718902111053
-0.04121476784348488 -0.18380029499530792 -0.03325244411826134
0.10502765327692032 -0.0908236876130104 0.009452818892896175
0.2391800433397293 -0.007223573047667742 0.08319017291069031
0.36014193296432495 0.04923267662525177 0.16885145008563995
0.4665015637874603 0.0714796707034111 0.25311464071273804
0.5563456416130066 0.0666273757815361 0.3308674991130829
0.6281742453575134 0.04294266179203987 0.39793798327445984
0.6809077262878418 0.008585503324866295 0.4505709409713745
0.7138041257858276 -0.02859654277563095 0.48541876673698425
0.726364254951477 -0.061184052377939224 0.49949291348457336
0.7182361483573914 -0.08222109079360962 0.490085631608963
0.6893478631973267 -0.0861859992146492 0.45545440912246704
0.6414299011230469 -0.07594259828329086 0.40021759271621704
0.5769354104995728 -0.05807533860206604 0.3317205607891083
0.49810874462127686 -0.038838084787130356 0.25688299536705017
0.4069790542125702 -0.02418094500899315 0.18223221600055695
0.30536648631095886 -0.019817862659692764 0.11397218704223633
0.19489088654518127 -0.03130688518285751 0.058065928518772125
0.07698547840118408 -0.064133420586586 0.0203236173838377
-0.0462462455034256 -0.12031330168247223 0.003955898340791464
-0.17078933119773865 -0.1932028979063034 0.005798641592264175
-0.2925867438316345 -0.27517831325531006 0.02192714437842369
-0.4077901244163513 -0.35893332958221436 0.04866814240813255
-0.5126283764839172 -0.4373003840446472 0.08255654573440552
-0.603245198726654 -0.5030088424682617 0.12026719748973846
-0.6754894852638245 -0.5483588576316833 0.15851956605911255
-0.7248427867889404 -0.5651979446411133 0.19401274621486664
-0.7499809265136719 -0.5523394346237183 0.2244671881198883
-0.7525232434272766 -0.5155516862869263 0.24831025302410126
-0.7339510917663574 -0.4613778293132782 0.26350948214530945
-0.6959484815597534 -0.3975047767162323 0.26759961247444153
-0.6408810615539551 -0.3331787884235382 0.2578642666339874
-0.5722443461418152 -0.27925437688827515 0.23167656362056732
-0.4949665665626526 -0.24766948819160461 0.18701204657554626
-0.41524070501327515 -0.24772734940052032 0.12417139858007431
-0.33900147676467896 -0.2746753394603729 0.05024164542555809
-0.2710641026496887 -0.31867673993110657 -0.0260311346501112
-0.21502526104450226 -0.36999526619911194 -0.09690386801958084
-0.17338386178016663 -0.4197838306427002 -0.15594619512557983
-0.14785286784172058 -0.46033596992492676 -0.19792760908603668
-0.1397544890642166 -0.48491814732551575 -0.2184276580810547
-0.15040893852710724 -0.487366646528244 -0.2133328765630722
-0.1794566661119461 -0.4654332399368286 -0.18192194402217865
-0.22360765933990479 -0.42293581366539 -0.12897126376628876
-0.2795504331588745 -0.3638371527194977 -0.059359218925237656
-0.343985378742218 -0.29199159145355225 0.022099629044532776
-0.41340863704681396 -0.2114316076040268 0.11034656316041946
-0.4839741289615631 -0.12656362354755402 0.19988426566123962
-0.5514398217201233 -0.04226578399538994 0.28470543026924133
-0.6114293932914734 0.036413393914699554 0.3586437404155731
-0.6617299318313599 0.1072482168674469 0.4183816611766815
-0.701763391494751 0.17011794447898865 0.46274423599243164
-0.7312502264976501 0.22527162730693817 0.4909391701221466
-0.7500799894332886 0.27321282029151917 0.5023693442344666
-0.758199155330658 0.3146200478076935 0.4964587390422821
-0.7555001378059387 0.3502815365791321 0.47247031331062317
-0.7417069673538208 0.3810479938983917 0.4293064475059509
-0.7161975502967834 0.4071977138519287 0.36699748039245605
-0.6778573989868164 0.426970899105072 0.2905966639518738
-0.6253566145896912 0.43790918588638306 0.20647558569908142
-0.5573088526725769 0.4372170865535736 0.12162785977125168
-0.4724283516407013 0.4218140244483948 0.043896518647670746
-0.3697347044944763 0.38845983147621155 -0.01795000024139881
-0.24880778789520264 0.3339740037918091 -0.054349929094314575
-0.11017890274524689 0.2556948959827423 -0.05566490814089775
0.04160824418067932 0.1555301398038864 -0.02140367217361927
0.19832831621170044 0.04016484320163727 0.03829662501811981
0.3518766462802887 -0.08344801515340805 0.11227164417505264
0.4946974515914917 -0.20861579477787018 0.1893218755722046
0.6198813319206238 -0.329088419675827 0.25851792097091675
0.7211123704910278 -0.4391101002693176 0.30930155515670776
0.7925035953521729 -0.5333679914474487 0.3313995897769928
0.8296148777008057 -0.6075888872146606 0.3166487216949463
0.8360748291015625 -0.6622682809829712 0.2699620723724365
0.8184855580329895 -0.6995208263397217 0.2013188898563385
0.78337562084198 -0.721274733543396 0.12078554183244705
0.7373570799827576 -0.7293702960014343 0.038675252348184586
0.6872180104255676 -0.7256444096565247 -0.03439384326338768
0.6399403810501099 -0.7119953036308289 -0.08755579590797424
0.6026249527931213 -0.690418541431427 -0.10991121083498001
0.5800962448120117 -0.6619556546211243 -0.09560957551002502
0.5723675489425659 -0.6255196332931519 -0.04904725030064583
0.5787253379821777 -0.5797752141952515 0.024007059633731842
0.5983839631080627 -0.5233754515647888 0.11785484850406647
0.6305661201477051 -0.45491787791252136 0.22703315317630768
0.6745728850364685 -0.3728874623775482 0.3464147448539734
0.7298439741134644 -0.27558633685112 0.4712483584880829
0.7955434322357178 -0.16153642535209656 0.5967339873313904
0.8644652962684631 -0.03583414852619171 0.7124727964401245
0.9246988892555237 0.0916881337761879 0.8038240075111389
0.9641074538230896 0.21129567921161652 0.8557307124137878
0.9699851274490356 0.3131580650806427 0.8521758913993835
0.9284135103225708 0.3869097828865051 0.7752892971038818
0.8233550786972046 0.4210399389266968 0.6040951609611511
0.6353434324264526 0.4020141363143921 0.31270620226860046
-0.8677583336830139 -0.0289173424243927 0.7766391038894653
-0.6629024744033813 -0.23216742277145386 0.3992610573768616
-0.4798179268836975 -0.33616188168525696 0.14208701252937317
-0.31505295634269714 -0.36027246713638306 -0.012664350681006908
-0.16574710607528687 -0.32391998171806335 -0.08213779330253601
-0.029493864625692368 -0.24729740619659424 -0.08373421430587769
0.095756895840168 -0.1517733335494995 -0.03573954105377197
0.21176515519618988 -0.059924136847257614 0.04234987124800682
0.31999436020851135 0.005158497951924801 0.13002948462963104
0.419663667678833 0.03292530030012131 0.2131805568933487
0.507398247718811 0.030465174466371536 0.2873339354991913
0.5800996422767639 0.006579412147402763 0.3490917980670929
0.6351738572120667 -0.02982955239713192 0.3955000340938568
0.6705043315887451 -0.07007898390293121 0.42404434084892273
0.6843881607055664 -0.10592035949230194 0.43260663747787476
0.6754465103149414 -0.12965168058872223 0.4193916618824005
0.6429062485694885 -0.1351780891418457 0.38354265689849854
0.5891671180725098 -0.12521326541900635 0.3299778699874878
0.5179166793823242 -0.10633797198534012 0.26599958539009094
0.4325094223022461 -0.08473509550094604 0.19838866591453552
0.33593422174453735 -0.06619606912136078 0.13342659175395966
0.23081450164318085 -0.056195519864559174 0.07697825133800507
0.11942477524280548 -0.059998519718647 0.034609559923410416
0.003718445310369134 -0.08278860151767731 0.011726963333785534
-0.11416569352149963 -0.12659594416618347 0.011051705107092857
-0.2311214953660965 -0.18552246689796448 0.02868393249809742
-0.3440127968788147 -0.2527657449245453 0.060011375695466995
-0.44976484775543213 -0.3217591941356659 0.1007084995508194
-0.5452473163604736 -0.3859744668006897 0.14663101732730865
-0.6271384358406067 -0.4386870563030243 0.19369418919086456
-0.6917520761489868 -0.4726821780204773 0.2377258688211441
-0.7349923253059387 -0.48027268052101135 0.27439942955970764
-0.7554731965065002 -0.46046775579452515 0.30124205350875854
-0.7543578147888184 -0.4190751910209656 0.31737571954727173
-0.7327094674110413 -0.36280152201652527 0.3215954005718231
-0.6918076872825623 -0.29955819249153137 0.31246277689933777
-0.633597731590271 -0.23879286646842957 0.28856125473976135
-0.5611267685890198 -0.19144590198993683 0.2488575428724289
-0.47885721921920776 -0.1693411022424698 0.193146213889122
-0.3927079737186432 -0.18131282925605774 0.12328475713729858
-0.30923059582710266 -0.22142687439918518 0.04617736488580704
-0.23412515223026276 -0.27855488657951355 -0.03030475042760372
-0.17180392146110535 -0.34182944893836975 -0.09934854507446289
-0.1254723072052002 -0.40145567059516907 -0.1554037481546402
-0.09743772447109222 -0.4489489793777466 -0.19402971863746643
-0.08952917903661728 -0.4769270122051239 -0.2115166038274765
-0.10352136939764023 -0.4786640703678131 -0.20442558825016022
-0.13896778225898743 -0.4520559012889862 -0.1724073737859726
-0.1916450709104538 -0.4021387994289398 -0.120108962059021
-0.257291704416275 -0.3341124355792999 -0.05224015191197395
-0.3317056894302368 -0.25300538539886475 0.026600781828165054
-0.41051772236824036 -0.1639745533466339 0.11166400462388992
-0.4890504777431488 -0.07249947637319565 0.1978800892829895
-0.5622674226760864 0.015528935007750988 0.27978959679603577
-0.6251229643821716 0.09421536326408386 0.35182705521583557
-0.6756797432899475 0.16154341399669647 0.4109255075454712
-0.714154064655304 0.21817006170749664 0.45585253834724426
-0.7410017848014832 0.2650509178638458 0.4856603741645813
-0.7567834258079529 0.3033088743686676 0.49953439831733704
-0.7620648145675659 0.3341580927371979 0.4966500997543335
-0.7573301196098328 0.3588493764400482 0.4760163128376007
-0.7429003715515137 0.3786386251449585 0.4362972676753998
-0.7185491919517517 0.39412182569503784 0.3772881031036377
-0.6828203201293945 0.40370872616767883 0.3037518560886383
-0.6338922381401062 0.40513572096824646 0.22177471220493317
-0.5698621273040771 0.395865797996521 0.13807621598243713
-0.488884299993515 0.3731423020362854 0.06023387983441353
-0.38936933875083923 0.33411046862602234 -0.0032366847153753042
-0.27024775743484497 0.27602431178092957 -0.04300263151526451
-0.13140863180160522 0.196668803691864 -0.049598682671785355
0.02264620177447796 0.09803837537765503 -0.022189538925886154
0.1830340325832367 -0.013514302670955658 0.029953280463814735
0.3409156799316406 -0.13141094148159027 0.09651891142129898
0.48800042271614075 -0.2493388056755066 0.16711214184761047
0.6166718006134033 -0.3614199161529541 0.23156240582466125
0.7199466228485107 -0.4622539281845093 0.2800406217575073
0.7913055419921875 -0.5468617081642151 0.3029971122741699
0.8258135914802551 -0.6112623810768127 0.29281294345855713
0.8273698091506958 -0.656120240688324 0.2536713778972626
0.803144633769989 -0.6836952567100525 0.19431670010089874
0.76024329662323 -0.6960878372192383 0.12355729937553406
0.7058696150779724 -0.6953368782997131 0.05040596425533295
0.6474207043647766 -0.6835008263587952 -0.015867991372942924
0.5925020575523376 -0.6627156138420105 -0.06578539311885834
0.548841655254364 -0.635224461555481 -0.08983661234378815
0.5217933654785156 -0.6024014949798584 -0.08245906233787537
0.5116947889328003 -0.5636542439460754 -0.04610951617360115
0.5181024074554443 -0.5181435942649841 0.015627071261405945
0.5404693484306335 -0.4650084674358368 0.09916239976882935
0.5782310366630554 -0.4033387005329132 0.20104889571666718
0.6308830380439758 -0.33214086294174194 0.3180847764015198
0.6980509757995605 -0.2502969801425934 0.4473824203014374
0.7788866758346558 -0.15687885880470276 0.5856292247772217
0.8633982539176941 -0.05588050186634064 0.7189052700996399
0.9349629282951355 0.04523509740829468 0.8255544900894165
0.976802408695221 0.13917970657348633 0.8836382031440735
0.9715226292610168 0.2186984419822693 0.8702468872070312
0.9002220034599304 0.27623873949050903 0.7602594494819641
0.7412246465682983 0.3034895062446594 0.5245912075042725
0.4682510495185852 0.2907204329967499 0.12766698002815247
-0.8483237624168396 0.1222422644495964 0.7250971794128418
-0.6105220913887024 -0.17792044579982758 0.3236389458179474
-0.41803666949272156 -0.34439027309417725 0.06194831803441048
-0.25947725772857666 -0.40794745087623596 -0.08880896866321564
-0.1262277066707611 -0.39438459277153015 -0.15141497552394867
-0.011381648480892181 -0.3277602791786194 -0.14587052166461945
0.09090355038642883 -0.2325618416070938 -0.0916517898440361
0.18577013909816742 -0.1349514126777649 -0.009211184456944466
0.27771976590156555 -0.06266279518604279 0.07948653399944305
0.3671446442604065 -0.029600095003843307 0.15955650806427002
0.44950729608535767 -0.02899697981774807 0.22749528288841248
0.5202805995941162 -0.051796674728393555 0.2810758054256439
0.5754403471946716 -0.08857497572898865 0.31856757402420044
0.6115316152572632 -0.1299840360879898 0.3387112021446228
0.6256667375564575 -0.16708321869373322 0.34065625071525574
0.6154707670211792 -0.19154702126979828 0.32387611269950867
0.5795165300369263 -0.19682039320468903 0.2886401116847992
0.5208629965782166 -0.1854960173368454 0.2398562878370285
0.44437214732170105 -0.1641440987586975 0.1842375099658966
0.35442396998405457 -0.13887083530426025 0.1279182732105255
0.2548563778400421 -0.11529997736215591 0.07647769153118134
0.14896835386753082 -0.09864963591098785 0.03504132479429245
0.03955879807472229 -0.09386125206947327 0.00843125581741333
-0.07101479172706604 -0.10576420277357101 0.0013490122510120273
-0.18066318333148956 -0.1363377720117569 0.01592983677983284
-0.28724008798599243 -0.18039239943027496 0.04787551239132881
-0.3885711431503296 -0.2319246530532837 0.0922469049692154
-0.4824056029319763 -0.2851046025753021 0.14438170194625854
-0.5663262009620667 -0.33406856656074524 0.19973525404930115
-0.637645959854126 -0.3726951777935028 0.2537172734737396
-0.6932795643806458 -0.39434561133384705 0.3015100955963135
-0.729719877243042 -0.39192119240760803 0.3380143642425537
-0.7455661296844482 -0.36469846963882446 0.36066699028015137
-0.7414356470108032 -0.31851792335510254 0.36925917863845825
-0.7178652286529541 -0.2602164149284363 0.36340758204460144
-0.6755875945091248 -0.19786149263381958 0.3426911234855652
-0.6159381866455078 -0.14099331200122833 0.3069470524787903
-0.5412641167640686 -0.10049571096897125 0.25661998987197876
-0.455251544713974 -0.08793239295482635 0.19311627745628357
-0.36325040459632874 -0.11158648133277893 0.11955809593200684
-0.27243074774742126 -0.1644241362810135 0.0423763133585453
-0.1895344853401184 -0.23413968086242676 -0.03164412081241608
-0.12000222504138947 -0.3088006377220154 -0.0967460572719574
-0.06798320263624191 -0.3776712417602539 -0.14831672608852386
-0.036611735820770264 -0.4314481019973755 -0.18272081017494202
-0.028430167585611343 -0.4620397686958313 -0.19695881009101868
-0.04583252966403961 -0.46210870146751404 -0.18827368319034576
-0.08828677982091904 -0.42975306510925293 -0.15665236115455627
-0.15042749047279358 -0.37143123149871826 -0.10649280995130539
-0.22683997452259064 -0.29378756880760193 -0.04221860691905022
-0.31225648522377014 -0.2032000571489334 0.03190809488296509
-0.4013251066207886 -0.10607805848121643 0.11157829314470291
-0.48846572637557983 -0.009052574634552002 0.19229932129383087
-0.5678106546401978 0.08093556016683578 0.2693263292312622
-0.6336297988891602 0.15714289247989655 0.33786922693252563
-0.6843026280403137 0.2179190069437027 0.3951965868473053
-0.7208870053291321 0.26491251587867737 0.44003167748451233
-0.744600236415863 0.29996535181999207 0.4712693393230438
-0.7566936016082764 0.3249843120574951 0.48786482214927673
-0.7583812475204468 0.3418843448162079 0.48872873187065125
-0.750782310962677 0.3525562286376953 0.4726037383079529
-0.7348780632019043 0.35886019468307495 0.4379206895828247
-0.7109342217445374 0.36188599467277527 0.38423362374305725
-0.6773094534873962 0.3602525591850281 0.3158941864967346
-0.6318686008453369 0.35192638635635376 0.2385358214378357
-0.5723848938941956 0.3346887230873108 0.15838928520679474
-0.4966532289981842 0.306181401014328 0.08248540014028549
-0.40266793966293335 0.26400989294052124 0.018730511888861656
-0.28886836767196655 0.2059144824743271 -0.024194970726966858
-0.15458250045776367 0.130121111869812 -0.03744027391076088
-0.0040380218997597694 0.03851534053683281 -0.01984534226357937
0.15374331176280975 -0.06324957311153412 0.02067953534424305
0.3097006678581238 -0.16934479773044586 0.07524672895669937
0.45526978373527527 -0.27418434619903564 0.13483747839927673
0.5825245976448059 -0.3725650906562805 0.19058293104171753
0.6841517090797424 -0.4596973955631256 0.2338840514421463
0.7532930970191956 -0.5311506986618042 0.25638091564178467
0.7847356796264648 -0.5833906531333923 0.25135692954063416
0.782482385635376 -0.6171743273735046 0.2220328003168106
0.7539738416671753 -0.6347600221633911 0.1754647195339203
0.706601083278656 -0.6382865309715271 0.1187509074807167
0.6478593945503235 -0.6298589706420898 0.05913935601711273
0.585435688495636 -0.6116190552711487 0.004069342743605375
0.5272172093391418 -0.5857928991317749 -0.03886205703020096
0.4812004268169403 -0.5547104477882385 -0.06203124299645424
0.4530037045478821 -0.5199522376060486 -0.06044665351510048
0.4432395398616791 -0.4813898801803589 -0.034480705857276917
0.4517270624637604 -0.43866685032844543 0.014672036282718182
0.47815632820129395 -0.3913993239402771 0.08573352545499802
0.5221664309501648 -0.33916357159614563 0.17744582891464233
0.5834185481071472 -0.281480997800827 0.28866130113601685
0.661662757396698 -0.2178012728691101 0.4184185862541199
0.7559502124786377 -0.147735133767128 0.564876139163971
0.8536252975463867 -0.07432562112808228 0.7106478810310364
0.9337531924247742 -0.0029544513672590256 0.8273499608039856
0.9754781126976013 0.06121111288666725 0.8866745233535767
0.9574218988418579 0.11309904605150223 0.8595238924026489
0.8564806580543518 0.14746534824371338 0.7143274545669556
0.6460862755775452 0.15851911902427673 0.4146192967891693
0.29366254806518555 0.13938283920288086 -0.08449861407279968
-0.8336402177810669 0.2552620470523834 0.6569412350654602
-0.5609120726585388 -0.13684889674186707 0.2377026081085205
-0.3580407202243805 -0.360241174697876 -0.02415720373392105
-0.20428283512592316 -0.45998623967170715 -0.1687086820602417
-0.08531460911035538 -0.4688439965248108 -0.2238052785396576
0.00972379744052887 -0.41433200240135193 -0.21151717007160187
0.08989013731479645 -0.32311001420021057 -0.15214604139328003
0.16335773468017578 -0.22368556261062622 -0.06685391813516617
0.2376672327518463 -0.14714930951595306 0.021112198010087013
0.31472641229629517 -0.11015799641609192 0.09621724486351013
0.38926517963409424 -0.10651472210884094 0.15603899955749512
0.4556739330291748 -0.12723302841186523 0.19969817996025085
0.5087615847587585 -0.16268637776374817 0.2269013375043869
0.5439331531524658 -0.20316019654273987 0.23786209523677826
0.5572747588157654 -0.23929576575756073 0.2331920862197876
0.5455547571182251 -0.26239705085754395 0.21378019452095032
0.5068052411079407 -0.2656656503677368 0.18106667697429657
0.44465506076812744 -0.25161686539649963 0.139633446931839
0.3649463951587677 -0.22677481174468994 0.09515629708766937
0.2728821337223053 -0.1971370130777359 0.05273166298866272
0.17294326424598694 -0.16812950372695923 0.016915785148739815
0.06890670210123062 -0.1446847915649414 -0.008154427632689476
-0.03608290106058121 -0.13138721883296967 -0.018589340150356293
-0.13941188156604767 -0.13266430795192719 -0.010540012270212173
-0.23910538852214813 -0.1503741592168808 0.01754598692059517
-0.33390575647354126 -0.17995688319206238 0.061290960758924484
-0.4225192070007324 -0.21613666415214539 0.11574789136648178
-0.5034612417221069 -0.2537705600261688 0.17619657516479492
-0.574999988079071 -0.287638396024704 0.237946555018425
-0.6350888609886169 -0.31223368644714355 0.2961480915546417
-0.6812812685966492 -0.32153910398483276 0.34559425711631775
-0.7107251882553101 -0.30912041664123535 0.38069236278533936
-0.7220417857170105 -0.27457278966903687 0.39889952540397644
-0.7152948975563049 -0.22376343607902527 0.400625616312027
-0.690470814704895 -0.16361810266971588 0.3862605690956116
-0.6477160453796387 -0.10228173434734344 0.35632753372192383
-0.5876902937889099 -0.04927468299865723 0.3117865324020386
-0.5119423270225525 -0.015295897610485554 0.25434330105781555
-0.4232417941093445 -0.011537761427462101 0.18670500814914703
-0.32620686292648315 -0.04570872336626053 0.11290104687213898
-0.2285502701997757 -0.1098422259092331 0.03865627199411392
-0.1380586326122284 -0.19065168499946594 -0.03045300766825676
-0.061263300478458405 -0.2752736806869507 -0.08978128433227539
-0.003365470329299569 -0.35209012031555176 -0.1356641799211502
0.03154468536376953 -0.41097840666770935 -0.16525837779045105
0.04008907079696655 -0.44310811161994934 -0.17625470459461212
0.01916428841650486 -0.44050922989845276 -0.1665620505809784
-0.03060222417116165 -0.40152886509895325 -0.13644073903560638
-0.10258540511131287 -0.3341722786426544 -0.08989263325929642
-0.19011150300502777 -0.24664783477783203 -0.030910814180970192
-0.2867831885814667 -0.14676444232463837 0.0367162749171257
-0.3862524926662445 -0.04221582040190697 0.10925218462944031
-0.4820705056190491 0.059228915721178055 0.18290631473064423
-0.5676053762435913 0.14961929619312286 0.25376859307289124
-0.6365134119987488 0.22140800952911377 0.3179360330104828
-0.687508225440979 0.2734086215496063 0.373039186000824
-0.7224509716033936 0.30836987495422363 0.4177352488040924
-0.7432655692100525 0.3291131854057312 0.4507431387901306
-0.7518454194068909 0.33843252062797546 0.4707700312137604
-0.7500191330909729 0.33907416462898254 0.47644132375717163
-0.7395305633544922 0.33373793959617615 0.46621453762054443
-0.7220315337181091 0.3251022398471832 0.4382734000682831
-0.6983346343040466 0.3149523138999939 0.3919074833393097
-0.6667584180831909 0.3021589517593384 0.3309594690799713
-0.6250222325325012 0.2849308252334595 0.2604776918888092
-0.5707549452781677 0.26137927174568176 0.1860349178314209
-0.5015814304351807 0.22954800724983215 0.11389460414648056
-0.4152689576148987 0.1874859482049942 0.05107427388429642
-0.3099367916584015 0.13336901366710663 0.005267976783216
-0.18446531891822815 0.06576219946146011 -0.015644345432519913
-0.042634040117263794 -0.013755131512880325 -0.010219259187579155
0.10685162991285324 -0.10049576312303543 0.015349139459431171
0.2551749646663666 -0.18964499235153198 0.054018545895814896
0.3939308524131775 -0.2765881419181824 0.09858512878417969
0.5152658820152283 -0.35701221227645874 0.1419115662574768
0.6118678450584412 -0.4269239902496338 0.17703689634799957
0.6768337488174438 -0.48260191082954407 0.19717371463775635
0.704890251159668 -0.5210769772529602 0.19680574536323547
0.6999961137771606 -0.543143093585968 0.17804856598377228
0.6695851683616638 -0.5509418845176697 0.14596383273601532
0.6210601329803467 -0.5465379953384399 0.1056363433599472
0.5619257092475891 -0.5319879651069641 0.062246035784482956
0.49986135959625244 -0.509394645690918 0.021097157150506973
0.44272175431251526 -0.48094120621681213 -0.012401018291711807
0.3984474837779999 -0.4489007890224457 -0.03281334042549133
0.3726765811443329 -0.4149411618709564 -0.03591616824269295
0.366231769323349 -0.3793433606624603 -0.01998179592192173
0.37916579842567444 -0.3421935737133026 0.016239924356341362
0.4113822281360626 -0.3035469353199005 0.07384447008371353
0.4626953601837158 -0.26342374086380005 0.15382270514965057
0.5328881144523621 -0.22180655598640442 0.2571166753768921
0.6217658519744873 -0.17863741517066956 0.3846779763698578
0.7282001376152039 -0.13397173583507538 0.5360664129257202
0.837153434753418 -0.0899863913655281 0.6906076073646545
0.9240246415138245 -0.05025356635451317 0.8136968612670898
0.9646634459495544 -0.018172526732087135 0.8713527917861938
0.9346067905426025 0.0029119187965989113 0.8291492462158203
0.8075175285339355 0.009480644017457962 0.6500152945518494
0.5529012680053711 -0.0024806272704154253 0.29101577401161194
0.13272540271282196 -0.03794512152671814 -0.3014116883277893
-0.8244098424911499 0.35617342591285706 0.5883423089981079
-0.5196824073791504 -0.11012502759695053 0.1581740528345108
-0.3070283532142639 -0.3784341812133789 -0.101388119161129
-0.15638995170593262 -0.5078813433647156 -0.24001310765743256
-0.048501793295145035 -0.5372873544692993 -0.28937724232673645
0.030532628297805786 -0.496599942445755 -0.27287226915359497
0.09211429953575134 -0.4134587049484253 -0.2111779898405075
0.14672403037548065 -0.3172400891780853 -0.12580476701259613
0.20445887744426727 -0.240643709897995 -0.04086970165371895
0.2687714695930481 -0.20203064382076263 0.027687475085258484
0.3341287076473236 -0.1959282010793686 0.0784677192568779
0.3943128287792206 -0.21376274526119232 0.11188793182373047
0.4433939456939697 -0.2461118847131729 0.1290564388036728
0.476009726524353 -0.2833246886730194 0.1316203773021698
0.48753800988197327 -0.31604817509651184 0.1215895414352417
0.4741603136062622 -0.33561208844184875 0.10116283595561981
0.43355661630630493 -0.33529937267303467 0.07278501242399216
0.3697514235973358 -0.31758877635002136 0.04044046998023987
0.2892327606678009 -0.28887084126472473 0.008489659987390041
0.19771037995815277 -0.2549537420272827 -0.019224273040890694
0.1000233069062233 -0.22100023925304413 -0.039311669766902924
0.00017858210776466876 -0.19160683453083038 -0.048703890293836594
-0.09853985160589218 -0.17096072435379028 -0.0444774404168129
-0.19342762231826782 -0.16304753720760345 -0.0236480962485075
-0.28266870975494385 -0.16953876614570618 0.014830869622528553
-0.3657173812389374 -0.18639688193798065 0.06678325682878494
-0.4419761002063751 -0.2089664340019226 0.12752389907836914
-0.51057368516922 -0.2327008694410324 0.19251693785190582
-0.5703436136245728 -0.25295716524124146 0.2571616768836975
-0.6197888851165771 -0.2648044526576996 0.3165954649448395
-0.6570338606834412 -0.2628336250782013 0.36549848318099976
-0.6798311471939087 -0.24128392338752747 0.398098886013031
-0.6868449449539185 -0.20008979737758636 0.41198989748954773
-0.6776557564735413 -0.14514201879501343 0.4081083834171295
-0.6517664194107056 -0.08341309428215027 0.3875090479850769
-0.6088031530380249 -0.023048928007483482 0.35150793194770813
-0.5488151907920837 0.02655002847313881 0.3019618093967438
-0.472611665725708 0.05497024953365326 0.24151912331581116
-0.38208335638046265 0.051457662135362625 0.17378100752830505
-0.28109532594680786 0.008847763761878014 0.10327163338661194
-0.1777581125497818 -0.06418944150209427 0.034844473004341125
-0.0807507112622261 -0.15364541113376617 -0.027163375169038773
0.0024028001353144646 -0.24592241644859314 -0.079203762114048
0.06548859179019928 -0.32863956689834595 -0.11852388083934784
0.10345703363418579 -0.39090847969055176 -0.14302757382392883
0.11207522451877594 -0.4231765866279602 -0.15105046331882477
0.08752727508544922 -0.41685763001441956 -0.1411220133304596
0.030547551810741425 -0.37057846784591675 -0.11368231475353241
-0.05098455771803856 -0.2939175069332123 -0.07216976583003998
-0.14915519952774048 -0.19666361808776855 -0.01998402550816536
-0.2564903199672699 -0.08803818374872208 0.03970528766512871
-0.3657408356666565 0.023039262741804123 0.10385698825120926
-0.4697209596633911 0.12775076925754547 0.1694803535938263
-0.5611894726753235 0.21723350882530212 0.23357649147510529
-0.6333328485488892 0.283210813999176 0.29318782687187195
-0.6851887702941895 0.32500481605529785 0.34628620743751526
-0.719307005405426 0.3464890122413635 0.39141249656677246
-0.7381958961486816 0.3514919579029083 0.4270761013031006
-0.7442778944969177 0.34375348687171936 0.45170891284942627
-0.7399032711982727 0.3269581198692322 0.4636225700378418
-0.7273686528205872 0.3047791123390198 0.4609539210796356
-0.7089444398880005 0.28093811869621277 0.441598504781723
-0.6859880685806274 0.2581314444541931 0.4045301377773285
-0.6569057106971741 0.23550960421562195 0.3530043959617615
-0.619425356388092 0.21149154007434845 0.2913874387741089
-0.5711918473243713 0.18446066975593567 0.22447563707828522
-0.5098304152488708 0.15277406573295593 0.15761685371398926
-0.4330582618713379 0.11479999870061874 0.09675785154104233
-0.33884647488594055 0.06898817420005798 0.048390232026576996
-0.22577065229415894 0.014046539552509785 0.01918662153184414
-0.09705782681703568 -0.04893708974123001 0.010824097320437431
0.03927183151245117 -0.11638900637626648 0.019020462408661842
0.17503824830055237 -0.18464457988739014 0.038822025060653687
0.30237552523612976 -0.25018510222435 0.06510774046182632
0.41385576128959656 -0.3097010552883148 0.09275084733963013
0.5024876594543457 -0.36009857058525085 0.11670711636543274
0.5616146922111511 -0.3984615206718445 0.13203155994415283
0.5861253142356873 -0.42246168851852417 0.13462641835212708
0.5798124670982361 -0.4328925311565399 0.12547338008880615
0.5498515963554382 -0.43169504404067993 0.10751675814390182
0.5034056305885315 -0.4207717478275299 0.08371032774448395
0.4477314352989197 -0.4020363688468933 0.05705670639872551
0.39023444056510925 -0.3774503171443939 0.030625510960817337
0.338462769985199 -0.34904417395591736 0.007547096349298954
0.30002278089523315 -0.31891751289367676 -0.009019128978252411
0.28035834431648254 -0.2887183427810669 -0.01572108455002308
0.28042152523994446 -0.2590603232383728 -0.008862955495715141
0.30044177174568176 -0.23040075600147247 0.01512891985476017
0.3404841721057892 -0.20316088199615479 0.05962391942739487
0.40048471093177795 -0.1777234673500061 0.1277787685394287
0.4802863597869873 -0.1544322669506073 0.2225433588027954
0.579674243927002 -0.13359335064888 0.34667831659317017
0.6972829699516296 -0.11555386334657669 0.5010253190994263
0.8161513209342957 -0.10168170183897018 0.6619527339935303
0.9088945984840393 -0.09402042627334595 0.7893710136413574
0.9490240812301636 -0.0945727601647377 0.8444665670394897
0.9100242853164673 -0.10542917251586914 0.7884410619735718
0.7634558081626892 -0.12897160649299622 0.5797981023788452
0.4761667251586914 -0.1681591123342514 0.17033560574054718
0.0061368318274617195 -0.22694793343544006 -0.5008379817008972
-0.8213334679603577 0.40954461693763733 0.5378376841545105
-0.4926272928714752 -0.09881442785263062 0.10250641405582428
-0.2720516622066498 -0.39370596408843994 -0.1550895869731903
-0.12240102887153625 -0.543465793132782 -0.2908741533756256
-0.021009473130106926 -0.5902120471000671 -0.33869054913520813
0.04787573963403702 -0.5645995140075684 -0.3224667012691498
0.09697260707616806 -0.4938296675682068 -0.2628248631954193
0.13808666169643402 -0.4065249562263489 -0.18118882179260254
0.18292772769927979 -0.3349060118198395 -0.10190311074256897
0.23613546788692474 -0.2976146340370178 -0.04090889170765877
0.2923438549041748 -0.28996899724006653 0.001205169246532023
0.3452727794647217 -0.3041614890098572 0.025853576138615608
0.38881716132164 -0.33146071434020996 0.035213690251111984
0.4173867702484131 -0.3628387749195099 0.03200557082891464
0.42613595724105835 -0.389521062374115 0.019254397600889206
0.4110712707042694 -0.40339934825897217 6.99760130373761e-05
0.3697942793369293 -0.39826104044914246 -0.02248186245560646
0.3064720928668976 -0.3765634298324585 -0.04517652466893196
0.2277728170156479 -0.344399631023407 -0.0649915486574173
0.13950158655643463 -0.3072429299354553 -0.07931096106767654
0.046510424464941025 -0.26988038420677185 -0.08584103733301163
-0.04724157229065895 -0.23649558424949646 -0.08247995376586914
-0.13855192065238953 -0.2108314335346222 -0.06715749204158783
-0.22480221092700958 -0.19640299677848816 -0.03765182942152023
-0.3043651580810547 -0.19464345276355743 0.006704329513013363
-0.3771425485610962 -0.20191402733325958 0.06216202303767204
-0.4429608881473541 -0.21404486894607544 0.12451250851154327
-0.5013266801834106 -0.22696009278297424 0.18961162865161896
-0.5514290928840637 -0.2364816516637802 0.2531699240207672
-0.5921300053596497 -0.23815709352493286 0.310565710067749
-0.621941328048706 -0.22710050642490387 0.35666853189468384
-0.6390414834022522 -0.19814826548099518 0.38588017225265503
-0.6421310305595398 -0.1515541523694992 0.3960418403148651
-0.6304630041122437 -0.09323809295892715 0.388469398021698
-0.6032204627990723 -0.030189502984285355 0.3646966218948364
-0.5596882700920105 0.02950230985879898 0.3265884816646576
-0.49950528144836426 0.076624795794487 0.2765725553035736
-0.42295747995376587 0.1011044979095459 0.2178235650062561
-0.331272691488266 0.09263817220926285 0.15434521436691284
-0.22768980264663696 0.04452407732605934 0.09070156514644623
-0.12051277607679367 -0.034126803278923035 0.030781488865613937
-0.0190126970410347 -0.12888027727603912 -0.022254982963204384
0.0685567781329155 -0.22565262019634247 -0.06587135791778564
0.13517342507839203 -0.3114827573299408 -0.0981375202536583
0.1749757081270218 -0.37483668327331543 -0.1176203042268753
0.18298585712909698 -0.40551650524139404 -0.12321976572275162
0.15477707982063293 -0.3943825364112854 -0.11400211602449417
0.09119521826505661 -0.34034889936447144 -0.0904630646109581
0.0012087153736501932 -0.25447797775268555 -0.05530230700969696
-0.1062050461769104 -0.14803791046142578 -0.011160285212099552
-0.22268369793891907 -0.03154326230287552 0.03955104574561119
-0.34028398990631104 0.08499889075756073 0.09458994120359421
-0.45130521059036255 0.19186747074127197 0.15183401107788086
-0.5481244325637817 0.2794199287891388 0.2092343270778656
-0.6236605048179626 0.3387407958507538 0.2647973895072937
-0.6772380471229553 0.3696640729904175 0.3167821764945984
-0.7119123935699463 0.37715280055999756 0.3635399341583252
-0.7305960059165955 0.3660297095775604 0.4033200740814209
-0.7360715270042419 0.3410123288631439 0.43423670530319214
-0.7310563921928406 0.3068145215511322 0.45423969626426697
-0.7182604074478149 0.2682410180568695 0.46108314394950867
-0.7004390954971313 0.23027832806110382 0.4522916376590729
-0.6794174909591675 0.19673670828342438 0.42643412947654724
-0.653792142868042 0.16703316569328308 0.38612091541290283
-0.6214357614517212 0.13969677686691284 0.33498305082321167
-0.5801489949226379 0.11323558539152145 0.2769837975502014
-0.5277061462402344 0.08612672239542007 0.21649612486362457
-0.461934357881546 0.05682477355003357 0.15833154320716858
-0.38082653284072876 0.023791197687387466 0.10770595073699951
-0.28282108902931213 -0.014392073266208172 0.06999677419662476
-0.17056262493133545 -0.05728255212306976 0.04707084968686104
-0.051121629774570465 -0.1024368554353714 0.0365837886929512
0.06825483590364456 -0.1473379135131836 0.035714682191610336
0.18054388463497162 -0.18955779075622559 0.04149216040968895
0.27904313802719116 -0.22678981721401215 0.05089070275425911
0.35737189650535583 -0.2568472623825073 0.06089206784963608
0.40939584374427795 -0.27763620018959045 0.06851033121347427
0.4303832948207855 -0.28748780488967896 0.0711771622300148
0.42387160658836365 -0.28717151284217834 0.06884272396564484
0.3965679109096527 -0.2783791422843933 0.06243189796805382
0.3551812469959259 -0.2627931833267212 0.052870169281959534
0.3065034747123718 -0.24211883544921875 0.041097961366176605
0.25744757056236267 -0.21810537576675415 0.028080273419618607
0.21503682434558868 -0.19255533814430237 0.014809634536504745
0.186329185962677 -0.16731810569763184 0.0023114110808819532
0.17639987170696259 -0.14393572509288788 -0.006938077975064516
0.18623030185699463 -0.12324955314397812 -0.007562639657407999
0.21613745391368866 -0.10598038136959076 0.006026416085660458
0.26626136898994446 -0.09280288219451904 0.039192479103803635
0.33657556772232056 -0.08433892577886581 0.09701041877269745
0.42690134048461914 -0.08115258812904358 0.18421557545661926
0.5369226336479187 -0.08374690264463425 0.3051648437976837
0.665006160736084 -0.09257839620113373 0.46180862188339233
0.7929079532623291 -0.10827848315238953 0.6280600428581238
0.8915601372718811 -0.13167539238929749 0.7593116164207458
0.9332196712493896 -0.1637524515390396 0.8128753900527954
0.8904399871826172 -0.2057858258485794 0.7465981245040894
0.7339521050453186 -0.25952795147895813 0.5157573223114014
0.4295607805252075 -0.3274696469306946 0.06846144050359726
-0.06647603958845139 -0.41323983669281006 -0.6612250804901123
-0.8249214887619019 0.4003646671772003 0.5250673294067383
-0.48551279306411743 -0.1037667915225029 0.08834189176559448
-0.26006293296813965 -0.40082642436027527 -0.17075388133525848
-0.10878227651119232 -0.558743417263031 -0.3096727728843689
-0.007937164045870304 -0.6183624863624573 -0.3625268042087555
0.05865269899368286 -0.6086143851280212 -0.3530046343803406
0.10387624800205231 -0.5545706152915955 -0.3012445569038391
0.13967104256153107 -0.4823095202445984 -0.22806276381015778
0.17799100279808044 -0.42120620608329773 -0.1571572870016098
0.22391022741794586 -0.3884860873222351 -0.10391847789287567
0.27258849143981934 -0.3802946209907532 -0.06850484758615494
0.3182629942893982 -0.38997963070869446 -0.04908132553100586
0.3553183376789093 -0.4100714921951294 -0.043076273053884506
0.3786175549030304 -0.43283993005752563 -0.04742521420121193
0.38372841477394104 -0.45078545808792114 -0.05882588401436806
0.367031455039978 -0.4570097029209137 -0.07396740466356277
0.32641270756721497 -0.4462986886501312 -0.08975044637918472
0.2658694088459015 -0.42105889320373535 -0.10370134562253952
0.19168062508106232 -0.3868353068828583 -0.11383526772260666
0.10926393419504166 -0.3485519587993622 -0.11845221370458603
0.0230993814766407 -0.3104614317417145 -0.11605054140090942
-0.0631999596953392 -0.27623245120048523 -0.10521400719881058
-0.1467454731464386 -0.24911202490329742 -0.0844799354672432
-0.2251983880996704 -0.2321295589208603 -0.05219026654958725
-0.29714787006378174 -0.226446732878685 -0.007897449657320976
-0.3626057803630829 -0.22868898510932922 0.045238178223371506
-0.42147424817085266 -0.23501457273960114 0.10364405810832977
-0.4733220636844635 -0.24165849387645721 0.16374462842941284
-0.5173963308334351 -0.24474754929542542 0.2217748910188675
-0.552620530128479 -0.24014586210250854 0.2736188769340515
-0.5775853395462036 -0.223322793841362 0.31466469168663025
-0.5905744433403015 -0.18953566253185272 0.33987221121788025
-0.5902913808822632 -0.1392923891544342 0.3474273383617401
-0.5759068727493286 -0.07856528460979462 0.33880287408828735
-0.5465540289878845 -0.01435793936252594 0.3157341182231903
-0.5014756917953491 0.045314960181713104 0.28029000759124756
-0.4402364492416382 0.09144405275583267 0.23504319787025452
-0.3629697561264038 0.11428739130496979 0.18318937718868256
-0.2706274092197418 0.10394006967544556 0.12857499718666077
-0.16609472036361694 0.054035283625125885 0.07531921565532684
-0.05761660262942314 -0.026144826784729958 0.02632788196206093
0.045380156487226486 -0.12204694747924805 -0.016263552010059357
0.13433735072612762 -0.21938492357730865 -0.050771430134773254
0.20180349051952362 -0.30485931038856506 -0.07594060152769089
0.24142423272132874 -0.3664824664592743 -0.09086722880601883
0.2477414309978485 -0.39355769753456116 -0.09488978981971741
0.21594201028347015 -0.37650591135025024 -0.08748000860214233
0.14697420597076416 -0.31450605392456055 -0.06903810799121857
0.050537753850221634 -0.21988576650619507 -0.041361864656209946
-0.06368812918663025 -0.10516655445098877 -0.00618379469960928
-0.18679234385490417 0.018060458824038506 0.03495900705456734
-0.3104579746723175 0.1389046013355255 0.08070261776447296
-0.4267725646495819 0.2469230592250824 0.12983323633670807
-0.5280211567878723 0.3318423330783844 0.1812639981508255
-0.6071061491966248 0.38420626521110535 0.2339598536491394
-0.6635732650756836 0.404335618019104 0.28639188408851624
-0.7007409930229187 0.3982148766517639 0.3366284668445587
-0.7216945290565491 0.3716302812099457 0.3825874626636505
-0.7293561697006226 0.33029845356941223 0.4219975471496582
-0.7265938520431519 0.28004390001296997 0.45236736536026
-0.7163100242614746 0.22694429755210876 0.47096365690231323
-0.701514482498169 0.17744363844394684 0.474803626537323
-0.6843270659446716 0.1366174817085266 0.4619174599647522
-0.6636036038398743 0.1040615439414978 0.4342404901981354
-0.637479841709137 0.07822269946336746 0.39467278122901917
-0.6040337085723877 0.05748312920331955 0.3463679254055023
-0.561320424079895 0.04014400765299797 0.29277002811431885
-0.5074232220649719 0.024421507492661476 0.23762424290180206
-0.4405250549316406 0.008458052761852741 0.1849537193775177
-0.3591156601905823 -0.009593893773853779 0.13891592621803284
-0.26529935002326965 -0.030034810304641724 0.10153928399085999
-0.16504469513893127 -0.05143467336893082 0.07227425277233124
-0.0644812062382698 -0.07228435575962067 0.05027395114302635
0.030416857451200485 -0.09111140668392181 0.03456955403089523
0.11389440298080444 -0.10649256408214569 0.024115122854709625
0.18041256070137024 -0.11705008894205093 0.017824562266469002
0.2245934009552002 -0.12143489718437195 0.014597381465137005
0.2422783374786377 -0.11858206242322922 0.013367826119065285
0.23670195043087006 -0.10922447592020035 0.013292019255459309
0.2139533907175064 -0.09479629993438721 0.013613714836537838
0.180133655667305 -0.07674239575862885 0.013573185540735722
0.14141583442687988 -0.056536126881837845 0.012404394336044788
0.10407092422246933 -0.03568859025835991 0.009337292052805424
0.07445520162582397 -0.01574888825416565 0.0036050749476999044
0.05894359201192856 0.0017074227798730135 -0.005527226720005274
0.06211651489138603 0.015303482301533222 -0.016358710825443268
0.08486180752515793 0.024107959121465683 -0.02226858213543892
0.12745799124240875 0.027287682518363 -0.01614365726709366
0.18999621272087097 0.02407105453312397 0.00891102384775877
0.2723717987537384 0.013761424459517002 0.059465788304805756
0.37428098917007446 -0.004250723402947187 0.14166294038295746
0.49522125720977783 -0.030477246269583702 0.26111993193626404
0.6332879066467285 -0.06530273705720901 0.4206632673740387
0.7697683572769165 -0.10874644666910172 0.592427134513855
0.8752032518386841 -0.16078241169452667 0.7284770011901855
0.9217721819877625 -0.22174251079559326 0.7833033800125122
0.8822705745697021 -0.29245296120643616 0.71245276927948
0.7279801368713379 -0.37439581751823425 0.4692877233028412
0.42557621002197266 -0.46994900703430176 0.00019293965306133032
-0.06741613894701004 -0.5827666521072388 -0.7625221014022827
-0.8349952101707458 0.3250671923160553 0.5603152513504028
-0.5011729598045349 -0.12350192666053772 0.12503816187381744
-0.27474698424339294 -0.3959237039089203 -0.140459805727005
-0.11914828419685364 -0.548642635345459 -0.28986233472824097
-0.012329742312431335 -0.6160472631454468 -0.3555160164833069
0.06074550375342369 -0.6225965023040771 -0.36003997921943665
0.11192881315946579 -0.5893602967262268 -0.32260432839393616
0.1520109623670578 -0.5379987955093384 -0.26281681656837463
0.1916404366493225 -0.49265342950820923 -0.2027502954006195
0.23539000749588013 -0.4674677848815918 -0.15667025744915009
0.27924761176109314 -0.45951178669929504 -0.12482396513223648
0.31852591037750244 -0.46372273564338684 -0.10572732239961624
0.34876617789268494 -0.47448837757110596 -0.09730812907218933
0.36598560214042664 -0.4860580861568451 -0.09710385650396347
0.3668319880962372 -0.49289754033088684 -0.10246632993221283
0.34864068031311035 -0.4899480640888214 -0.11074376106262207
0.3099727928638458 -0.47346389293670654 -0.11946568638086319
0.25434619188308716 -0.44573497772216797 -0.12674441933631897
0.187083899974823 -0.4114760160446167 -0.13109873235225677
0.112745001912117 -0.37482908368110657 -0.13124322891235352
0.03506873548030853 -0.33934512734413147 -0.12602300941944122
-0.042961765080690384 -0.3080768883228302 -0.1143282875418663
-0.1189974695444107 -0.28373026847839355 -0.09499335289001465
-0.19117794930934906 -0.2688490152359009 -0.06668087095022202
-0.2583443820476532 -0.2643069326877594 -0.02899729087948799
-0.3202649652957916 -0.26685985922813416 0.015587806701660156
-0.3765455484390259 -0.2728287875652313 0.06425132602453232
-0.4264710247516632 -0.27858254313468933 0.11413595080375671
-0.4690035283565521 -0.28036341071128845 0.16220104694366455
-0.5027737021446228 -0.2741471827030182 0.20509673655033112
-0.5260688066482544 -0.25553277134895325 0.2390565127134323
-0.536876916885376 -0.21995194256305695 0.25997430086135864
-0.5338560938835144 -0.16806818544864655 0.26644349098205566
-0.5163969397544861 -0.10594455897808075 0.2598138451576233
-0.483918696641922 -0.04062496870756149 0.24167780578136444
-0.43599018454551697 0.01992764323949814 0.21390022337436676
-0.3725097179412842 0.06687105447053909 0.17872560024261475
-0.29390373826026917 0.09073060750961304 0.13884499669075012
-0.2013164460659027 0.08189938962459564 0.09739485383033752
-0.09762922674417496 0.03419642895460129 0.05760008469223976
0.009236929938197136 -0.043170563876628876 0.021435391157865524
0.11019226908683777 -0.1358109712600708 -0.009771034121513367
0.19687992334365845 -0.22952091693878174 -0.03497929871082306
0.26190251111984253 -0.3109337091445923 -0.05342083424329758
0.29884833097457886 -0.36785030364990234 -0.064552441239357
0.3021552860736847 -0.38927754759788513 -0.06799285113811493
0.2669394016265869 -0.3653528094291687 -0.06345770508050919
0.194231316447258 -0.2954743206501007 -0.05109965428709984
0.09396775811910629 -0.19291351735591888 -0.031696680933237076
-0.023960711434483528 -0.07112574577331543 -0.005971264559775591
-0.15052977204322815 0.05750375613570213 0.025489043444395065
-0.2774312496185303 0.1814393401145935 0.062239956110715866
-0.3968786895275116 0.2897096276283264 0.10398776084184647
-0.5013718605041504 0.37155914306640625 0.1505988985300064
-0.5840615630149841 0.4170914590358734 0.20197825133800507
-0.644636332988739 0.4270748198032379 0.25673356652259827
-0.6864152550697327 0.4084341824054718 0.312557578086853
-0.7124122977256775 0.36788466572761536 0.36695629358291626
-0.7254496216773987 0.31215769052505493 0.4171881377696991
-0.7282954454421997 0.2482530176639557 0.4602154493331909
-0.7237731218338013 0.18362702429294586 0.4926796853542328
-0.7148428559303284 0.12630847096443176 0.5109124779701233
-0.70367032289505 0.08269579708576202 0.5122427344322205
-0.6894029974937439 0.05239057540893555 0.49793708324432373
-0.6705338358879089 0.0334816500544548 0.47023287415504456
-0.6455219388008118 0.023900030180811882 0.43158137798309326
-0.6128162145614624 0.021419642493128777 0.3846482038497925
-0.5708871483802795 0.023667261004447937 0.332302987575531
-0.5182631015777588 0.02814294397830963 0.2775951623916626
-0.45367223024368286 0.03230706602334976 0.22367724776268005
-0.37877076864242554 0.03510063514113426 0.17273329198360443
-0.2983779311180115 0.03716232255101204 0.1257411241531372
-0.217434823513031 0.039233554154634476 0.08351589739322662
-0.14077293872833252 0.04206123575568199 0.04677559435367584
-0.07308059930801392 0.04639337956905365 0.016154643148183823
-0.018913179636001587 0.0529804453253746 -0.00777428038418293
0.017264317721128464 0.062582828104496 -0.02447550557553768
0.03200623020529747 0.07578130066394806 -0.033674512058496475
0.02823808789253235 0.09188690036535263 -0.03669697046279907
0.01135966181755066 0.10969613492488861 -0.03548348695039749
-0.013211068697273731 0.1279808133840561 -0.031976647675037384
-0.039992593228816986 0.14548054337501526 -0.02813628315925598
-0.06342140585184097 0.16090260446071625 -0.025944793596863747
-0.0778656154870987 0.17292869091033936 -0.02740086242556572
-0.07768330723047256 0.1802307665348053 -0.03448038548231125
-0.05886099115014076 0.18162691593170166 -0.04608438163995743
-0.02073366753757 0.1762484759092331 -0.05485796183347702
0.036797791719436646 0.16332130134105682 -0.052751701325178146
0.11363739520311356 0.1421513557434082 -0.031906191259622574
0.20947547256946564 0.11214333027601242 0.015214521437883377
0.32377636432647705 0.07281791418790817 0.09568188339471817
0.4557722508907318 0.02382727898657322 0.2159605622291565
0.6033047437667847 -0.03499716892838478 0.3794892430305481
0.7480682134628296 -0.10324124991893768 0.5574228763580322
0.8615374565124512 -0.1804032027721405 0.6998369097709656
0.9169566631317139 -0.26648426055908203 0.7594975829124451
0.888458251953125 -0.36211133003234863 0.690691351890564
0.7491617202758789 -0.4686727821826935 0.44617703557014465
0.4684497117996216 -0.5885264277458191 -0.027307720854878426
0.008060596883296967 -0.7253370881080627 -0.7955705523490906
-0.8502234816551208 0.2052849382162094 0.6305278539657593
-0.5352704524993896 -0.15112148225307465 0.2012074738740921
-0.311465859413147 -0.3785652220249176 -0.07309393584728241
-0.14973723888397217 -0.5155880451202393 -0.2379988133907318
-0.0319281630218029 -0.5866882801055908 -0.3222070634365082
0.05451804772019386 -0.6097540259361267 -0.346370130777359
0.1193818524479866 -0.6002681851387024 -0.32813405990600586
0.1712753027677536 -0.5739209055900574 -0.28533580899238586
0.21837514638900757 -0.5478465557098389 -0.23766914010047913
0.26409491896629333 -0.5320184230804443 -0.19791820645332336
0.30550891160964966 -0.524631142616272 -0.16691277921199799
0.33942288160324097 -0.522599995136261 -0.1441819816827774
0.36300528049468994 -0.5226159691810608 -0.12887679040431976
0.37390413880348206 -0.5213683843612671 -0.11986878514289856
0.3702920377254486 -0.5157241225242615 -0.1158587783575058
0.3508465588092804 -0.5028491616249084 -0.11547873169183731
0.3150693476200104 -0.48074883222579956 -0.11735225468873978
0.26579785346984863 -0.45154082775115967 -0.11999555677175522
0.20702756941318512 -0.41892698407173157 -0.12197598814964294
0.14215335249900818 -0.38612619042396545 -0.12201324105262756
0.07393121719360352 -0.35589247941970825 -0.11894800513982773
0.004522756673395634 -0.33061063289642334 -0.11168619245290756
-0.06442230939865112 -0.31243112683296204 -0.0991254448890686
-0.13167031109333038 -0.30342772603034973 -0.0800662487745285
-0.19634783267974854 -0.3041827380657196 -0.05404896289110184
-0.25772586464881897 -0.3114740252494812 -0.022792309522628784
-0.3148411214351654 -0.32164931297302246 0.011708416976034641
-0.36643365025520325 -0.331063449382782 0.04742973670363426
-0.4109174907207489 -0.33591291308403015 0.08221497386693954
-0.4463534355163574 -0.3321074843406677 0.11368760466575623
-0.47042641043663025 -0.3151763379573822 0.13918112218379974
-0.48051750659942627 -0.28050684928894043 0.1558028906583786
-0.4752132296562195 -0.22882160544395447 0.16257129609584808
-0.4543779194355011 -0.16629792749881744 0.16045083105564117
-0.4179946184158325 -0.10004110634326935 0.15057559311389923
-0.3662548363208771 -0.037987567484378815 0.13425004482269287
-0.2997078001499176 0.01114673726260662 0.11300491541624069
-0.2194104790687561 0.03809121996164322 0.08862828463315964
-0.12705418467521667 0.03345147892832756 0.06315863132476807
-0.025787271559238434 -0.008878851309418678 0.03864133730530739
0.07699556648731232 -0.07995326071977615 0.01622547209262848
0.17292235791683197 -0.16576573252677917 -0.0033508578781038523
0.2542409598827362 -0.2524316608905792 -0.019496366381645203
0.31401142477989197 -0.32676205039024353 -0.03176097199320793
0.34614601731300354 -0.3765830993652344 -0.03981655091047287
0.3453209102153778 -0.3908180594444275 -0.04342849180102348
0.30686938762664795 -0.3594927191734314 -0.042422059923410416
0.23188966512680054 -0.28218260407447815 -0.036600783467292786
0.13011930882930756 -0.17277222871780396 -0.02568659372627735
0.01122951041907072 -0.04532375559210777 -0.009366386570036411
-0.11601467430591583 0.0872637927532196 0.012732299044728279
-0.24362830817699432 0.21303938329219818 0.04107597842812538
-0.3642161786556244 0.3206835687160492 0.0762651115655899
-0.4707275331020355 0.39910054206848145 0.11908330768346786
-0.5567647218704224 0.43805646896362305 0.17033889889717102
-0.6221023797988892 0.4387245178222656 0.22872866690158844
-0.6698673367500305 0.408877968788147 0.29152148962020874
-0.7028249502182007 0.35611265897750854 0.35576489567756653
-0.7235164046287537 0.2881673276424408 0.41818755865097046
-0.7344099283218384 0.2132417857646942 0.47512003779411316
-0.738018274307251 0.14021413028240204 0.5224592089653015
-0.7369827032089233 0.07873182743787766 0.5556935667991638
-0.7332848906517029 0.03647025302052498 0.5713158845901489
-0.726361870765686 0.01282430812716484 0.5699608325958252
-0.7151232361793518 0.00523805245757103 0.5533159971237183
-0.6984774470329285 0.01088046096265316 0.523292601108551
-0.6753461360931396 0.026695456355810165 0.4819890558719635
-0.644676148891449 0.04945405200123787 0.431652694940567
-0.6054505705833435 0.07580669224262238 0.3746403157711029
-0.5567733645439148 0.10239365696907043 0.3133743405342102
-0.4999508559703827 0.12747420370578766 0.250209242105484
-0.43868207931518555 0.15114706754684448 0.18735550343990326
-0.37674275040626526 0.17364129424095154 0.12694211304187775
-0.31782910227775574 0.19521713256835938 0.07101216912269592
-0.26554831862449646 0.2161625176668167 0.02152547612786293
-0.22343376278877258 0.23678956925868988 -0.01962330937385559
-0.19497916102409363 0.25743454694747925 -0.0505780354142189
-0.1828535944223404 0.2783222198486328 -0.06995001435279846
-0.1844208538532257 0.2988162338733673 -0.07929618656635284
-0.19497331976890564 0.3179118037223816 -0.08130477368831635
-0.2097802758216858 0.3345676362514496 -0.07865960896015167
-0.22405298054218292 0.3477064371109009 -0.07406558096408844
-0.2329319566488266 0.35622191429138184 -0.07026227563619614
-0.23150095343589783 0.3589911460876465 -0.07002243399620056
-0.21483901143074036 0.3548946976661682 -0.07611143589019775
-0.17951740324497223 0.3429524898529053 -0.08787631243467331
-0.12517890334129333 0.3224661946296692 -0.09766130894422531
-0.05200023949146271 0.29284238815307617 -0.09698386490345001
0.03964143246412277 0.2535858452320099 -0.07750984281301498
0.14914625883102417 0.20432130992412567 -0.03119976632297039
0.27567705512046814 0.14481277763843536 0.049528785049915314
0.41815245151519775 0.07498011738061905 0.17162954807281494
0.5741872191429138 -0.005056058522313833 0.33894047141075134
0.7265684604644775 -0.09462248533964157 0.5224303007125854
0.8487254977226257 -0.19303810596466064 0.67148357629776
0.9158169627189636 -0.30018582940101624 0.7381944060325623
0.9040773510932922 -0.4166145920753479 0.6765346527099609
0.7892915606498718 -0.5436469912528992 0.43975016474723816
0.5446366667747498 -0.6835470795631409 -0.023475540801882744
0.13767701387405396 -0.8397896885871887 -0.7744594812393188
-0.8690207600593567 0.0667986124753952 0.7184728384017944
-0.5821368098258972 -0.17888207733631134 0.30180642008781433
-0.36420273780822754 -0.34887057542800903 0.019673176109790802
-0.1956663429737091 -0.46309736371040344 -0.16266535222530365
-0.06371008604764938 -0.5349724292755127 -0.26859936118125916
0.04066536948084831 -0.5745733380317688 -0.3158190846443176
0.1242951974272728 -0.5905837416648865 -0.3197961449623108
0.19284379482269287 -0.5915507674217224 -0.29608505964279175
0.25132226943969727 -0.5865145325660706 -0.2615252733230591
0.30170443654060364 -0.5808140635490417 -0.2273174524307251
0.34238600730895996 -0.574045717716217 -0.19530388712882996
0.37193724513053894 -0.565403163433075 -0.1665026992559433
0.38940495252609253 -0.5541332960128784 -0.14174309372901917
0.3942880630493164 -0.5395637154579163 -0.12164560705423355
0.3864712119102478 -0.5211135745048523 -0.10662629455327988
0.36613526940345764 -0.4982925355434418 -0.0969201922416687
0.33384108543395996 -0.47094669938087463 -0.09248102456331253
0.2916630208492279 -0.44100144505500793 -0.09209363162517548
0.2421138435602188 -0.4110957086086273 -0.0940934419631958
0.18729270994663239 -0.3834990859031677 -0.0969630628824234
0.12886075675487518 -0.36016252636909485 -0.09933476895093918
0.06805931031703949 -0.3428109288215637 -0.09996005892753601
0.005746525712311268 -0.33305856585502625 -0.09765783697366714
-0.05756300315260887 -0.3325391709804535 -0.09124700725078583
-0.12130697816610336 -0.3415459096431732 -0.08011909574270248
-0.18410992622375488 -0.356792688369751 -0.0652078166604042
-0.24427101016044617 -0.37454676628112793 -0.047630175948143005
-0.2998194396495819 -0.3910352885723114 -0.028497377410531044
-0.34845197200775146 -0.402287095785141 -0.008975074626505375
-0.38748249411582947 -0.4040132164955139 0.009667777456343174
-0.4138069450855255 -0.39152663946151733 0.02602032944560051
-0.4240116775035858 -0.3600088655948639 0.038559310138225555
-0.416615754365921 -0.3101593255996704 0.046702101826667786
-0.3921431005001068 -0.24826595187187195 0.050816114991903305
-0.35133686661720276 -0.18149428069591522 0.0513310432434082
-0.2952113151550293 -0.11776143312454224 0.04872943088412285
-0.22517116367816925 -0.06567922234535217 0.043567292392253876
-0.14311572909355164 -0.03435422107577324 0.03648729994893074
-0.051506407558918 -0.03301934897899628 0.028220782056450844
0.046066466718912125 -0.06777063757181168 0.01951153203845024
0.1428704708814621 -0.13006319105625153 0.010818366892635822
0.23150669038295746 -0.20644934475421906 0.002483005402609706
0.30510619282722473 -0.2835562825202942 -0.0051870704628527164
0.35747960209846497 -0.348583459854126 -0.011924915947020054
0.3831547498703003 -0.3896009922027588 -0.017505204305052757
0.3773183822631836 -0.3956565856933594 -0.021740859374403954
0.33575528860092163 -0.3568423390388489 -0.024470090866088867
0.25963062047958374 -0.27288246154785156 -0.025101710110902786
0.15815381705760956 -0.15795846283435822 -0.022342951968312263
0.04045090451836586 -0.026427950710058212 -0.01489026565104723
-0.0852499008178711 0.1085621565580368 -0.0014588360209017992
-0.211514413356781 0.23486126959323883 0.019274944439530373
-0.3315243124961853 0.3409745693206787 0.04874571040272713
-0.4388370215892792 0.41560712456703186 0.08859071135520935
-0.5276445150375366 0.4483015239238739 0.14046242833137512
-0.5977748036384583 0.4405915141105652 0.203120619058609
-0.6520438194274902 0.40099239349365234 0.2734033167362213
-0.6928598880767822 0.33791202306747437 0.3478867709636688
-0.7223672270774841 0.26005396246910095 0.4227406084537506
-0.742597222328186 0.176791712641716 0.49361100792884827
-0.7555848956108093 0.09839409589767456 0.555569052696228
-0.763451337814331 0.0360613577067852 0.6031533479690552
-0.7678149938583374 -0.0013961807126179338 0.6319422125816345
-0.7683823704719543 -0.015015387907624245 0.6420170068740845
-0.7645054459571838 -0.008256517350673676 0.6346683502197266
-0.7555777430534363 0.015034623444080353 0.6114676594734192
-0.7410339117050171 0.05075861141085625 0.5741878151893616
-0.7203431129455566 0.09467974305152893 0.524725615978241
-0.692999005317688 0.14252200722694397 0.46503275632858276
-0.6585582494735718 0.19010667502880096 0.39707696437835693
-0.6180639266967773 0.23515455424785614 0.3233938217163086
-0.5741802453994751 0.27747032046318054 0.2471303641796112
-0.5296068787574768 0.3170059621334076 0.1713862419128418
-0.48698732256889343 0.35374951362609863 0.0991746261715889
-0.448912650346756 0.3877193033695221 0.033428825438022614
-0.41793861985206604 0.4189562201499939 -0.022973839193582535
-0.3966124653816223 0.44751930236816406 -0.06718025356531143
-0.3868316113948822 0.4733932316303253 -0.09693437814712524
-0.38621625304222107 0.49600496888160706 -0.11386144161224365
-0.390706330537796 0.514522135257721 -0.12107505649328232
-0.3962131440639496 0.5280656218528748 -0.12167464196681976
-0.39859312772750854 0.5357159376144409 -0.11877916008234024
-0.3936403691768646 0.5365261435508728 -0.11554904282093048
-0.37710040807724 0.5295384526252747 -0.11519110202789307
-0.34471753239631653 0.5138079524040222 -0.12092224508523941
-0.29362040758132935 0.48854920268058777 -0.13241706788539886
-0.22379207611083984 0.45328816771507263 -0.14204464852809906
-0.1357259452342987 0.4076721668243408 -0.1412699669599533
-0.030119720846414566 0.35146263241767883 -0.1216578483581543
0.09210179001092911 0.28455767035484314 -0.07501986622810364
0.2297733873128891 0.2070116102695465 0.006415068171918392
0.381484717130661 0.1190505251288414 0.12981456518173218
0.5446528792381287 0.021100878715515137 0.29926326870918274
0.7036162614822388 -0.08603988587856293 0.48628199100494385
0.834434449672699 -0.20170141756534576 0.6407751441001892
0.9147321581840515 -0.3257605731487274 0.7151677012443542
0.9232931137084961 -0.45872002840042114 0.6639769673347473
0.838954746723175 -0.6017886400222778 0.4417968988418579
0.6390498876571655 -0.7570051550865173 0.0002923905267380178
0.2973036468029022 -0.9274295568466187 -0.7159654498100281
-0.8898983001708984 -0.06665677577257156 0.8079984188079834
-0.6360688805580139 -0.1992584615945816 0.4118383824825287
-0.4267469048500061 -0.3070496916770935 0.12582513689994812
-0.25184381008148193 -0.39486396312713623 -0.0728156790137291
-0.10452011972665787 -0.46576887369155884 -0.2009451687335968
0.019910139963030815 -0.5216594934463501 -0.2723321318626404
0.12467195838689804 -0.5636661648750305 -0.29960140585899353
0.2120113968849182 -0.5924819111824036 -0.29560381174087524
0.28355494141578674 -0.6086714267730713 -0.2741212844848633
0.33989831805229187 -0.6130316257476807 -0.24487373232841492
0.3809335231781006 -0.6068352460861206 -0.21102772653102875
0.4071006178855896 -0.5917172431945801 -0.17533941566944122
0.4193572402000427 -0.5695230960845947 -0.14048369228839874
0.41903263330459595 -0.5421697497367859 -0.10892978310585022
0.4076784551143646 -0.5115303993225098 -0.08286590129137039
0.3869349956512451 -0.47935083508491516 -0.06417067348957062
0.3584038317203522 -0.44724488258361816 -0.05416082218289375
0.32341980934143066 -0.4169657826423645 -0.05182025209069252
0.2830495238304138 -0.39016321301460266 -0.055153749883174896
0.2381228655576706 -0.36823830008506775 -0.06233175843954086
0.18921492993831635 -0.3524138331413269 -0.07171585410833359
0.1366383284330368 -0.3438197374343872 -0.08184558898210526
0.0804380550980568 -0.3435885012149811 -0.0914030373096466
0.0203804150223732 -0.3529587388038635 -0.09916211664676666
-0.04329059273004532 -0.3719445765018463 -0.10431432723999023
-0.1084963008761406 -0.3971281051635742 -0.10699697583913803
-0.1727265566587448 -0.4246174097061157 -0.10742843151092529
-0.23322531580924988 -0.4504331052303314 -0.10577312111854553
-0.2868971526622772 -0.47035738825798035 -0.10216108709573746
-0.33023595809936523 -0.47982272505760193 -0.09670456498861313
-0.3592787981033325 -0.47384124994277954 -0.08951304852962494
-0.36975741386413574 -0.4472968280315399 -0.0807127058506012
-0.3601571023464203 -0.40079811215400696 -0.07054564356803894
-0.3317745327949524 -0.34070324897766113 -0.059377506375312805
-0.28622373938560486 -0.27420076727867126 -0.04763161391019821
-0.2254459261894226 -0.20916025340557098 -0.03579121455550194
-0.1518007069826126 -0.154076486825943 -0.024398483335971832
-0.06812986731529236 -0.11789323389530182 -0.014045956544578075
0.022225044667720795 -0.10968921333551407 -0.005358141381293535
0.11513891071081161 -0.13556788861751556 0.0011201149318367243
0.20461997389793396 -0.18749788403511047 0.005299994256347418
0.28438887000083923 -0.2527354061603546 0.0072846608236432076
0.3486281633377075 -0.3185814917087555 0.007226228713989258
0.3920879662036896 -0.37280839681625366 0.00530939782038331
0.41011226177215576 -0.4039297103881836 0.0017360668862238526
0.3985956609249115 -0.40131863951683044 -0.00328807532787323
0.35394996404647827 -0.35531380772590637 -0.00955319032073021
0.27742063999176025 -0.2657737135887146 -0.016077319160103798
0.1774766892194748 -0.1468847095966339 -0.020659269765019417
0.062484197318553925 -0.013007791712880135 -0.021109430119395256
-0.060046177357435226 0.12271258980035782 -0.015327367931604385
-0.18337491154670715 0.2481335997581482 -0.0012253090972080827
-0.30137255787849426 0.35175621509552 0.023373842239379883
-0.4082966446876526 0.4222365915775299 0.060868777334690094
-0.4990066885948181 0.4490230977535248 0.11366943269968033
-0.5733722448348999 0.4339669644832611 0.18058465421199799
-0.6338438391685486 0.38620129227638245 0.25804731249809265
-0.682425856590271 0.3148491382598877 0.34217897057533264
-0.7208113074302673 0.22949635982513428 0.4285932779312134
-0.7505233883857727 0.14060428738594055 0.5122383832931519
-0.7730245590209961 0.05972333624958992 0.5873304605484009
-0.7897989153862 -0.0005553651135414839 0.6474210023880005
-0.8019932508468628 -0.030509378761053085 0.6871737837791443
-0.8095510601997375 -0.03181906417012215 0.7062420845031738
-0.8122625350952148 -0.009050912223756313 0.7057056427001953
-0.8100085854530334 0.03276725485920906 0.6870169639587402
-0.8027381896972656 0.0883861854672432 0.6518662571907043
-0.7904433012008667 0.1525292694568634 0.6020547151565552
-0.7731313109397888 0.22003033757209778 0.5393843650817871
-0.7508288025856018 0.28598886728286743 0.46560531854629517
-0.7243847846984863 0.347763329744339 0.3834235370159149
-0.6955513954162598 0.40508130192756653 0.29663339257240295
-0.6660863161087036 0.4578147828578949 0.20898596942424774
-0.6377097964286804 0.5058534741401672 0.124140165746212
-0.6121137738227844 0.5490984320640564 0.04568357765674591
-0.5909780859947205 0.5874537825584412 -0.022833295166492462
-0.5759878754615784 0.6208201050758362 -0.07785861939191818
-0.5683270692825317 0.649038553237915 -0.11650846153497696
-0.5658366680145264 0.6716135740280151 -0.14039406180381775
-0.5650330781936646 0.6878716349601746 -0.1528491973876953
-0.562397837638855 0.697084367275238 -0.1571834534406662
-0.5543595552444458 0.6984797120094299 -0.15672153234481812
-0.5372892022132874 0.6912583708763123 -0.15483197569847107
-0.5075152516365051 0.6746134161949158 -0.15493862330913544
-0.4613651931285858 0.6477557420730591 -0.16049134731292725
-0.3964628577232361 0.6100805997848511 -0.171417698264122
-0.3131137490272522 0.5613408088684082 -0.18033427000045776
-0.21211577951908112 0.5014266967773438 -0.17891521751880646
-0.09447478502988815 0.4303547739982605 -0.15888281166553497
0.038572777062654495 0.3482913076877594 -0.11214670538902283
0.18554727733135223 0.2555716037750244 -0.030972683802247047
0.3447238802909851 0.1527142971754074 0.09182675182819366
0.513353168964386 0.04042918235063553 0.2604833245277405
0.6775667071342468 -0.08043944835662842 0.44773417711257935
0.8164135813713074 -0.20931211113929749 0.6051170825958252
0.9102715253829956 -0.3460870385169983 0.686352550983429
0.9406609535217285 -0.4911961853504181 0.6473151445388794
0.8895211815834045 -0.6456610560417175 0.44463422894477844
0.7381791472434998 -0.8111759424209595 0.03353274241089821
0.4659891724586487 -0.9902268052101135 -0.6351288557052612
-0.9116013646125793 -0.1747536063194275 0.8850916624069214
-0.6915224194526672 -0.2051279991865158 0.5168243050575256
-0.4926447570323944 -0.25348684191703796 0.23294320702552795
-0.31278038024902344 -0.31499916315078735 0.021939126774668694
-0.1508927047252655 -0.3844519853591919 -0.1260455846786499
-0.006901829969137907 -0.45600855350494385 -0.2201806753873825
0.11849948018789291 -0.523097038269043 -0.26971498131752014
0.22406134009361267 -0.578471839427948 -0.2845425307750702
0.3082749545574188 -0.6145957708358765 -0.27544182538986206
0.3706691563129425 -0.6282761693000793 -0.2508693039417267
0.4126693904399872 -0.6226321458816528 -0.21543143689632416
0.43648767471313477 -0.6017090678215027 -0.17360849678516388
0.4448051452636719 -0.5697776675224304 -0.1298055499792099
0.4405462443828583 -0.5310805439949036 -0.08816148340702057
0.42668724060058594 -0.48964595794677734 -0.052434101700782776
0.4061129093170166 -0.449174702167511 -0.025956498458981514
0.38132569193840027 -0.41284388303756714 -0.011270387098193169
0.35302990674972534 -0.3822888433933258 -0.007548878435045481
0.3210470974445343 -0.35834139585494995 -0.012523782439529896
0.28510335087776184 -0.34169793128967285 -0.02411816455423832
0.24481120705604553 -0.33299514651298523 -0.0404798686504364
0.19964171946048737 -0.33288273215293884 -0.059976547956466675
0.1488877534866333 -0.34210002422332764 -0.08117112517356873
0.09161725640296936 -0.36155644059181213 -0.10278456658124924
0.027782103046774864 -0.3910101056098938 -0.12379340082406998
-0.03986402973532677 -0.42686620354652405 -0.14355655014514923
-0.10802548378705978 -0.4650247097015381 -0.16141237318515778
-0.1731806844472885 -0.5012596249580383 -0.17659808695316315
-0.23146696388721466 -0.5310758352279663 -0.18823611736297607
-0.278594434261322 -0.5496044754981995 -0.19532571732997894
-0.3097936809062958 -0.5515404343605042 -0.19674210250377655
-0.3200092911720276 -0.5314506888389587 -0.19130954146385193
-0.30775195360183716 -0.4897982180118561 -0.17900310456752777
-0.2751275300979614 -0.43292468786239624 -0.16095887124538422
-0.2246435135602951 -0.3679543435573578 -0.13848261535167694
-0.15917851030826569 -0.3026316463947296 -0.11303451657295227
-0.08205045759677887 -0.24527080357074738 -0.08623712509870529
0.0029517104849219322 -0.2046034187078476 -0.05986460670828819
0.0915900319814682 -0.18950912356376648 -0.03580702841281891
0.17917947471141815 -0.20607125759124756 -0.015777209773659706
0.2604968845844269 -0.24686911702156067 -0.00027888105250895023
0.3304378092288971 -0.29999852180480957 0.010666346177458763
0.38431066274642944 -0.3535812497138977 0.01714368723332882
0.41790273785591125 -0.3961298167705536 0.019321223720908165
0.4274898171424866 -0.4167877435684204 0.017424970865249634
0.4097971022129059 -0.4054473638534546 0.011714760214090347
0.36197787523269653 -0.3528764843940735 0.0024773264303803444
0.2853846549987793 -0.2590690851211548 -0.008960082195699215
0.18764528632164001 -0.13794872164726257 -0.019646307453513145
0.07626163959503174 -0.0036088046617805958 -0.026658881455659866
-0.042059898376464844 0.13104639947414398 -0.027220768854022026
-0.16133888065814972 0.254085510969162 -0.018609004095196724
-0.2761779725551605 0.35418200492858887 0.0019722715951502323
-0.38156312704086304 0.42010733485221863 0.03755924850702286
-0.47304248809814453 0.44136711955070496 0.09120038151741028
-0.5505309700965881 0.42008599638938904 0.16174474358558655
-0.6161175966262817 0.3658704161643982 0.24527335166931152
-0.6714114546775818 0.2884291708469391 0.3374980092048645
-0.7176619172096252 0.19810046255588531 0.433514803647995
-0.7558819055557251 0.1062849760055542 0.5276082754135132
-0.786949098110199 0.02562704309821129 0.6131758689880371
-0.8116890788078308 -0.030141718685626984 0.6828293800354004
-0.8307501673698425 -0.050668973475694656 0.7304073572158813
-0.8442725539207458 -0.038450393825769424 0.7553074955940247
-0.8524482846260071 0.0007221008418127894 0.7586063146591187
-0.8556087613105774 0.06057422235608101 0.741856575012207
-0.8541761636734009 0.1347103863954544 0.7068849802017212
-0.8486183285713196 0.21688278019428253 0.6556087732315063
-0.8394083380699158 0.30115777254104614 0.5898799300193787
-0.827003002166748 0.3820696473121643 0.5114097595214844
-0.8121086359024048 0.45679354667663574 0.4230365753173828
-0.795714259147644 0.5251535177230835 0.3289282023906708
-0.7787955403327942 0.587090253829956 0.23320019245147705
-0.7623065710067749 0.6425225734710693 0.1398760825395584
-0.747188925743103 0.6913450956344604 0.05292486399412155
-0.7343822121620178 0.7334223985671997 -0.02369343489408493
-0.7248347401618958 0.768585741519928 -0.08598420023918152
-0.7191134691238403 0.7966083884239197 -0.13065126538276672
-0.715247631072998 0.8170927166938782 -0.15927793085575104
-0.710249125957489 0.8295273780822754 -0.17532020807266235
-0.7010893821716309 0.8333424925804138 -0.18220381438732147
-0.6846863031387329 0.8279238343238831 -0.1833656281232834
-0.6579038500785828 0.8126295804977417 -0.1822863668203354
-0.6175640225410461 0.7868112325668335 -0.18250788748264313
-0.5604830980300903 0.749837338924408 -0.18761084973812103
-0.48469308018684387 0.7012681365013123 -0.19774888455867767
-0.3907594382762909 0.6410400867462158 -0.20591901242733002
-0.2797243297100067 0.5692358016967773 -0.20416022837162018
-0.15284261107444763 0.4860735535621643 -0.18450705707073212
-0.011607050895690918 0.3919329047203064 -0.13911616802215576
0.14223836362361908 0.28737422823905945 -0.060427214950323105
0.3066966235637665 0.1731540560722351 0.05864735320210457
0.47888579964637756 0.050215430557727814 0.22243283689022064
0.6467777490615845 -0.08056212216615677 0.40546804666519165
0.7924796938896179 -0.2186611443758011 0.5619413256645203
0.8991745114326477 -0.36395370960235596 0.6478100419044495
0.9510944485664368 -0.5167388916015625 0.6211046576499939
0.9330934882164001 -0.677778422832489 0.4410735070705414
0.8300141096115112 -0.8483483195304871 0.06675498187541962
0.6258547902107239 -1.0303025245666504 -0.5449941754341125
-0.9331585764884949 -0.2406558394432068 0.9380595684051514
-0.7432502508163452 -0.18987827003002167 0.603125274181366
-0.5552425384521484 -0.1888178139925003 0.3283265233039856
-0.3725318908691406 -0.22818076610565186 0.11127395927906036
-0.19896356761455536 -0.2970893681049347 -0.05136938765645027
-0.038723718374967575 -0.3831632733345032 -0.16406753659248352
0.10382738709449768 -0.4727708101272583 -0.2325236052274704
0.22437630593776703 -0.5514688491821289 -0.2636931538581848
0.31897231936454773 -0.6047990322113037 -0.26563766598701477
0.38652047514915466 -0.6264842748641968 -0.24578101933002472
0.42979520559310913 -0.6214523911476135 -0.21001245081424713
0.4524446427822113 -0.5958917737007141 -0.16423770785331726
0.45847219228744507 -0.5561149716377258 -0.1142156571149826
0.45197638869285583 -0.5082477927207947 -0.06534471362829208
0.4369565546512604 -0.4580269753932953 -0.022548094391822815
0.4171866774559021 -0.4106973707675934 0.009755093604326248
0.39582353830337524 -0.37069427967071533 0.028078174218535423
0.3731156885623932 -0.33960816264152527 0.03302686661481857
0.34797585010528564 -0.3176911771297455 0.02696782723069191
0.3193141222000122 -0.305155873298645 0.012057485990226269
0.2860158681869507 -0.30224278569221497 -0.009785734117031097
0.24690090119838715 -0.3092769682407379 -0.03687670826911926
0.20067058503627777 -0.326727032661438 -0.06774540990591049
0.14584346115589142 -0.3552655577659607 -0.10110989958047867
0.08215561509132385 -0.39444053173065186 -0.1357637494802475
0.01292635127902031 -0.4404638707637787 -0.1703476905822754
-0.0578865148127079 -0.48901402950286865 -0.2033899873495102
-0.1261172592639923 -0.5356215238571167 -0.23328500986099243
-0.18726834654808044 -0.5755347609519958 -0.2582556903362274
-0.23641936480998993 -0.6036213636398315 -0.27632758021354675
-0.268171101808548 -0.6143101453781128 -0.28531724214553833
-0.2768731713294983 -0.601902961730957 -0.28295111656188965
-0.2611406743526459 -0.5666701197624207 -0.26900824904441833
-0.22384388744831085 -0.514796793460846 -0.24531780183315277
-0.1683168262243271 -0.4531974792480469 -0.21396613121032715
-0.09829694032669067 -0.38935354351997375 -0.17726349830627441
-0.017977751791477203 -0.33127421140670776 -0.13775724172592163
0.06798171997070312 -0.2873689532279968 -0.09821819514036179
0.1545076072216034 -0.26621541380882263 -0.06159183010458946
0.2363848239183426 -0.27380290627479553 -0.030551111325621605
0.3091425597667694 -0.3034144639968872 -0.0059015084989368916
0.3688304126262665 -0.3441254198551178 0.012276843190193176
0.41187968850135803 -0.38502418994903564 0.024049492552876472
0.4351343810558319 -0.4155261218547821 0.029598210006952286
0.4358424246311188 -0.42558494210243225 0.02918980084359646
0.4116131365299225 -0.4058031737804413 0.02314518764615059
0.3603958487510681 -0.3475636839866638 0.011828161776065826
0.28368449211120605 -0.2510126233100891 -0.003168672090396285
0.18827036023139954 -0.1295659989118576 -0.018344489857554436
0.08078845590353012 0.003204537555575371 -0.03023792989552021
-0.03285687789320946 0.13486427068710327 -0.03557204455137253
-0.14743244647979736 0.25389793515205383 -0.031152451410889626
-0.2582505941390991 0.34933921694755554 -0.013721870258450508
-0.36099231243133545 0.410258948802948 0.020234089344739914
-0.4518572688102722 0.42639482021331787 0.07424643635749817
-0.5308226346969604 0.4001008868217468 0.14719580113887787
-0.5996717214584351 0.3412873148918152 0.2348892092704773
-0.6596827507019043 0.2600819170475006 0.3327036499977112
-0.7117296457290649 0.16739371418952942 0.4352961778640747
-0.7563890218734741 0.07534857839345932 0.5363785028457642
-0.7940307855606079 -0.002579193562269211 0.62864089012146
-0.8249070644378662 -0.051844727247953415 0.7038998007774353
-0.8492260575294495 -0.061786163598299026 0.755352795124054
-0.8672761917114258 -0.03582395613193512 0.7823554873466492
-0.8795756697654724 0.019005734473466873 0.7861946225166321
-0.8868244290351868 0.09522628784179688 0.7687216997146606
-0.8898277878761292 0.18540151417255402 0.7320767641067505
-0.889432966709137 0.2824654281139374 0.6784456968307495
-0.8864806294441223 0.3798965513706207 0.6098645329475403
-0.881769597530365 0.4718489348888397 0.5281244516372681
-0.8758960366249084 0.5554753541946411 0.4361319839954376
-0.8692548871040344 0.6308196783065796 0.33817559480667114
-0.8622165322303772 0.6979904770851135 0.23848609626293182
-0.8551429510116577 0.7570187449455261 0.1412162035703659
-0.8483914136886597 0.8078640699386597 0.05049276724457741
-0.8423195481300354 0.850415825843811 -0.029529107734560966
-0.8372898101806641 0.884498119354248 -0.09462161362171173
-0.8333768844604492 0.909874439239502 -0.14126309752464294
-0.8287712931632996 0.9262740612030029 -0.17105332016944885
-0.8208982944488525 0.9333710074424744 -0.18756769597530365
-0.8071384429931641 0.9307830333709717 -0.19435253739356995
-0.7848190069198608 0.9180859327316284 -0.19496503472328186
-0.7512122988700867 0.8948280811309814 -0.19300667941570282
-0.7035450339317322 0.8605489134788513 -0.19214417040348053
-0.6390248537063599 0.8147989511489868 -0.1960943341255188
-0.5559885501861572 0.7572875618934631 -0.20525778830051422
-0.4551607668399811 0.6880509853363037 -0.21307101845741272
-0.3377266824245453 0.6072690486907959 -0.21200509369373322
-0.20509114861488342 0.5152649283409119 -0.19447460770606995
-0.05891037732362747 0.41253459453582764 -0.15294817090034485
0.09888981282711029 0.2997703552246094 -0.08009958267211914
0.2661091089248657 0.17787861824035645 0.03100510500371456
0.43977347016334534 0.047964900732040405 0.18477368354797363
0.6095690131187439 -0.08900155872106552 0.35806289315223694
0.7604633569717407 -0.23243136703968048 0.5086417198181152
0.8782783150672913 -0.3820529878139496 0.5956326127052307
0.9497547149658203 -0.5379380583763123 0.580032467842102
0.9623165726661682 -0.700524091720581 0.42425888776779175
0.9036917090415955 -0.870643675327301 0.09125052392482758
0.7614010572433472 -1.049553394317627 -0.4568224549293518
-0.9538699388504028 -0.2502326965332031 0.9570971727371216
-0.7863834500312805 -0.14744091033935547 0.6581173539161682
-0.6078246235847473 -0.11399222910404205 0.39929232001304626
-0.4247954189777374 -0.1396806240081787 0.18436095118522644
-0.24449266493320465 -0.21045708656311035 0.015043961815536022
-0.07425688207149506 -0.3092261552810669 -0.10910923033952713
0.07887980341911316 -0.4169103801250458 -0.19065751135349274
0.20858144760131836 -0.5136191248893738 -0.23400776088237762
0.3095557391643524 -0.5799895524978638 -0.24500466883182526
0.3805534541606903 -0.6078182458877563 -0.23019883036613464
0.4252314567565918 -0.6035214066505432 -0.19628216326236725
0.44808530807495117 -0.5749045610427856 -0.14999839663505554
0.45383670926094055 -0.5297418832778931 -0.09785052388906479
0.4471783936023712 -0.47545668482780457 -0.04589945822954178
0.43260031938552856 -0.41893672943115234 0.0003264817059971392
0.4142938554286957 -0.366466760635376 0.035831522196531296
0.39572563767433167 -0.3233514726161957 0.0565861351788044
0.37690985202789307 -0.29121413826942444 0.06292138248682022
0.3562990725040436 -0.2700060307979584 0.05704835429787636
0.3323833644390106 -0.25970926880836487 0.04096651077270508
0.3036661744117737 -0.26038888096809387 0.016449440270662308
0.26861947774887085 -0.2722324728965759 -0.014946304261684418
0.22562985122203827 -0.2955923080444336 -0.051865898072719574
0.1729353368282318 -0.3310292363166809 -0.09313690662384033
0.1101979985833168 -0.37795940041542053 -0.1374620497226715
0.04111158475279808 -0.4324214458465576 -0.18288098275661469
-0.029934750869870186 -0.4899004101753235 -0.2272457629442215
-0.09836429357528687 -0.5457332730293274 -0.2682657837867737
-0.15929485857486725 -0.59498530626297 -0.3034563362598419
-0.20745041966438293 -0.6323582530021667 -0.33010104298591614
-0.2371039092540741 -0.6521297097206116 -0.3452301621437073
-0.24232138693332672 -0.6484516859054565 -0.34576794505119324
-0.22191399335861206 -0.6213598847389221 -0.33135128021240234
-0.1793869286775589 -0.5766884088516235 -0.3043050765991211
-0.11874625831842422 -0.5209360122680664 -0.2672633230686188
-0.04442519694566727 -0.4611181914806366 -0.22312568128108978
0.03866750746965408 -0.4047480523586273 -0.1750791370868683
0.12515024840831757 -0.3597348630428314 -0.12658600509166718
0.20923885703086853 -0.33418604731559753 -0.08132912963628769
0.2852640450000763 -0.3338726758956909 -0.04265657067298889
0.34945136308670044 -0.3528765141963959 -0.011583481915295124
0.3989187777042389 -0.38140758872032166 0.011771449819207191
0.4311527907848358 -0.4096781611442566 0.027460796758532524
0.44400861859321594 -0.4281756281852722 0.03567527234554291
0.4356813132762909 -0.4278480112552643 0.03670848533511162
0.4046545624732971 -0.40020230412483215 0.030921543017029762
0.3496718406677246 -0.33742964267730713 0.01872871071100235
0.2724071741104126 -0.23985858261585236 0.001878100330941379
0.17891277372837067 -0.12016863375902176 -0.015815632417798042
0.07504861056804657 0.00883327517658472 -0.030582081526517868
-0.03399815782904625 0.1354089230298996 -0.03885631635785103
-0.1436578631401062 0.24867071211338043 -0.037171315401792526
-0.24986478686332703 0.3382158577442169 -0.022001687437295914
-0.34889963269233704 0.3936210870742798 0.010446806438267231
-0.4375183582305908 0.40505799651145935 0.0639905259013176
-0.5157846212387085 0.3750629425048828 0.13752995431423187
-0.5852828621864319 0.313650906085968 0.22670041024684906
-0.6470778584480286 0.2311602681875229 0.3266508877277374
-0.701802134513855 0.1388341784477234 0.4317231774330139
-0.7497486472129822 0.04924226924777031 0.5352104902267456
-0.7909553050994873 -0.023648232221603394 0.6292927861213684
-0.8252970576286316 -0.0648728534579277 0.7052377462387085
-0.8526905179023743 -0.0638003796339035 0.755883514881134
-0.8735077381134033 -0.02480515092611313 0.780788004398346
-0.8884713649749756 0.04392235726118088 0.7816535830497742
-0.8985138535499573 0.1338530331850052 0.7607944011688232
-0.904679000377655 0.23670388758182526 0.7207863926887512
-0.9080459475517273 0.3448050320148468 0.664173424243927
-0.9096772074699402 0.45125889778137207 0.5932465195655823
-0.9105784893035889 0.550028920173645 0.5099389553070068
-0.9112565517425537 0.6383771896362305 0.4171460270881653
-0.9116972088813782 0.7166411280632019 0.31904906034469604
-0.9118578433990479 0.7851522564888 0.21978357434272766
-0.9116941094398499 0.8440980911254883 0.12343989312648773
-0.9111588597297668 0.8935419917106628 0.03412520885467529
-0.9102029800415039 0.9334379434585571 -0.043980251997709274
-0.9087744355201721 0.9636442065238953 -0.10658374428749084
-0.9066017270088196 0.9839621782302856 -0.15010002255439758
-0.902015745639801 0.9942881464958191 -0.17624519765377045
-0.8927736282348633 0.9945259690284729 -0.18879826366901398
-0.8765865564346313 0.9845308065414429 -0.1915191411972046
-0.8511128425598145 0.9641200304031372 -0.188182532787323
-0.8139536380767822 0.9330847263336182 -0.18260961771011353
-0.7626540660858154 0.8912007808685303 -0.17869074642658234
-0.6947172284126282 0.8382415771484375 -0.1803772747516632
-0.608672022819519 0.7740511894226074 -0.18838277459144592
-0.5052704811096191 0.6986472606658936 -0.19658349454402924
-0.38570550084114075 0.6121751666069031 -0.19787950813770294
-0.25139883160591125 0.5149303674697876 -0.1850637048482895
-0.10404396802186966 0.4073949456214905 -0.15091364085674286
0.05436523258686066 0.2902679443359375 -0.08833165466785431
0.2215217649936676 0.16448967158794403 0.00946933776140213
0.39441126585006714 0.031238602474331856 0.14701394736766815
0.5641518235206604 -0.10831040889024734 0.3039444386959076
0.7181214094161987 -0.253262996673584 0.44246986508369446
0.844402551651001 -0.40301719307899475 0.5257943868637085
0.9318759441375732 -0.5572868585586548 0.5187190175056458
0.9700767993927002 -0.7161166071891785 0.387398898601532
0.9489376544952393 -0.8798972964286804 0.0987260714173317
0.8584315180778503 -1.0493755340576172 -0.3806118369102478
-0.9732414484024048 -0.19175681471824646 0.9340745210647583
-0.8166124224662781 -0.07273592054843903 0.6708173155784607
-0.6440553069114685 -0.03042045421898365 0.4341520071029663
-0.4633614420890808 -0.05513453856110573 0.23076026141643524
-0.2831139862537384 -0.1316465586423874 0.06518235057592392
-0.1119084283709526 -0.24052263796329498 -0.06055625155568123
0.042356859892606735 -0.3598935306072235 -0.1469467133283615
0.1729874163866043 -0.46723735332489014 -0.19666746258735657
0.2748023271560669 -0.5410920977592468 -0.21404802799224854
0.34683874249458313 -0.5726574659347534 -0.2048226296901703
0.3928872346878052 -0.569214940071106 -0.17568492889404297
0.41746747493743896 -0.5394150018692017 -0.13336721062660217
0.4252418279647827 -0.4917445182800293 -0.08430983126163483
0.42078518867492676 -0.4342246353626251 -0.03448987007141113
0.4084387719631195 -0.3742561340332031 0.010641648434102535
0.3922385573387146 -0.31858664751052856 0.0461355596780777
0.37552574276924133 -0.2729320526123047 0.06792841851711273
0.3583311140537262 -0.2390192747116089 0.07601966708898544
0.3391840159893036 -0.21679463982582092 0.07216281443834305
0.31664538383483887 -0.20627741515636444 0.05792343243956566
0.28928565979003906 -0.20759469270706177 0.03467800095677376
0.2556479573249817 -0.2210056036710739 0.003626572899520397
0.21420569717884064 -0.2469293624162674 -0.03419434651732445
0.16331669688224792 -0.2859749495983124 -0.07789842784404755
0.10278405249118805 -0.33754557371139526 -0.12626005709171295
0.036401260644197464 -0.3975677788257599 -0.17690305411815643
-0.031356506049633026 -0.46140503883361816 -0.22720827162265778
-0.09585385769605637 -0.5242968797683716 -0.2744331955909729
-0.15219449996948242 -0.5812488198280334 -0.315654993057251
-0.1951414942741394 -0.6269441843032837 -0.34772565960884094
-0.2190581113100052 -0.6556780934333801 -0.3672391176223755
-0.2181435227394104 -0.6616210341453552 -0.3706807494163513
-0.19150051474571228 -0.644536018371582 -0.3575754463672638
-0.1430569738149643 -0.6096699237823486 -0.3304401636123657
-0.07725434750318527 -0.5628481507301331 -0.2921089231967926
0.0010167802684009075 -0.5103594660758972 -0.24569503962993622
0.08636090159416199 -0.45896369218826294 -0.19462688267230988
0.17288222908973694 -0.4158218204975128 -0.14264549314975739
0.25426802039146423 -0.38833102583885193 -0.09375222772359848
0.3245109021663666 -0.3818637430667877 -0.0516093485057354
0.38044169545173645 -0.39139604568481445 -0.017363883554935455
0.42010536789894104 -0.40844863653182983 0.008806831203401089
0.4419223368167877 -0.4245350658893585 0.026911765336990356
0.44465866684913635 -0.43140000104904175 0.037111796438694
0.427376925945282 -0.4211813509464264 0.03968244045972824
0.3893701136112213 -0.38649383187294006 0.0349758043885231
0.3301222622394562 -0.3205396234989166 0.023403819650411606
0.25152671337127686 -0.22387006878852844 0.00673276511952281
0.1590757519006729 -0.10820721834897995 -0.011175792664289474
0.05802830308675766 0.014646194875240326 -0.026504144072532654
-0.046986471861600876 0.13387805223464966 -0.035643696784973145
-0.15191224217414856 0.23945015668869019 -0.035087041556835175
-0.25315672159194946 0.3217434585094452 -0.021269695833325386
-0.34744468331336975 0.3710706830024719 0.009644349105656147
-0.4319343566894531 0.3782639503479004 0.06151752173900604
-0.5068061947822571 0.34598955512046814 0.1332540363073349
-0.5735976696014404 0.2841360867023468 0.2204434871673584
-0.6333299875259399 0.20299993455410004 0.31814637780189514
-0.6865925192832947 0.11386583745479584 0.42056143283843994
-0.7336297035217285 0.029400251805782318 0.5207847356796265
-0.774422287940979 -0.03634132817387581 0.6107708215713501
-0.8087781071662903 -0.06842382997274399 0.6815894246101379
-0.8365558385848999 -0.05659164488315582 0.7260918617248535
-0.8581271767616272 -0.006112819071859121 0.7443035840988159
-0.8742433786392212 0.07386699318885803 0.7385274171829224
-0.8858740329742432 0.17401275038719177 0.7116592526435852
-0.8940994739532471 0.2854592204093933 0.6667741537094116
-0.9000313878059387 0.40018755197525024 0.6068028807640076
-0.904763400554657 0.5111481547355652 0.5343068242073059
-0.9093323349952698 0.6122937798500061 0.4513804614543915
-0.9141647219657898 0.7010936141014099 0.36082080006599426
-0.9190418720245361 0.7782081961631775 0.26650670170783997
-0.9237145781517029 0.8442098498344421 0.1723066121339798
-0.9279324412345886 0.8994576334953308 0.08209795504808426
-0.9314397573471069 0.9441366791725159 -0.00016942713409662247
-0.9339725971221924 0.9782882928848267 -0.070423923432827
-0.9352583289146423 1.0018386840820312 -0.12444538623094559
-0.9348452687263489 1.0146714448928833 -0.1587340086698532
-0.9311869740486145 1.0169062614440918 -0.17528074979782104
-0.9222847819328308 1.0087380409240723 -0.1782357394695282
-0.9060996174812317 0.9903253316879272 -0.17174509167671204
-0.8805418014526367 0.9617933630943298 -0.1599743366241455
-0.8434612154960632 0.9232385754585266 -0.14713561534881592
-0.7926365733146667 0.8747305870056152 -0.13751254975795746
-0.7257738709449768 0.8163155913352966 -0.13546177744865417
-0.6414754986763 0.7479540109634399 -0.14211077988147736
-0.5403699278831482 0.6695025563240051 -0.15173277258872986
-0.4234970808029175 0.5809137225151062 -0.15760385990142822
-0.2921350300312042 0.48229822516441345 -0.15284477174282074
-0.1478586494922638 0.37396886944770813 -0.1304888129234314
0.007414815481752157 0.2564816474914551 -0.08360866457223892
0.1713988482952118 0.13066993653774261 -0.005501401145011187
0.3411077558994293 -0.0023221438750624657 0.10856138169765472
0.5086697340011597 -0.14094777405261993 0.24145498871803284
0.663182258605957 -0.28368818759918213 0.3606315851211548
0.7943969368934631 -0.4293583035469055 0.4342682361602783
0.8927978277206421 -0.5771387219429016 0.4318195879459381
0.9494665265083313 -0.7265830636024475 0.32379767298698425
0.9558399319648743 -0.8776214122772217 0.08118856698274612
0.903369128704071 -1.030551552772522 -0.3254512846469879
-0.9905463457107544 -0.07202316075563431 0.8720458149909973
-0.8329142928123474 0.02998328022658825 0.6423373222351074
-0.6621881127357483 0.05823659151792526 0.4320550262928009
-0.48597899079322815 0.02188912034034729 0.2483283430337906
-0.3124297559261322 -0.06397310644388199 0.09632845968008041
-0.1493588536977768 -0.1799035370349884 -0.021212134510278702
-0.0035452793817967176 -0.30412453413009644 -0.10405727475881577
0.11970823258161545 -0.41449740529060364 -0.15414461493492126
0.21674016118049622 -0.4902667701244354 -0.1750306785106659
0.2872288227081299 -0.5232208967208862 -0.17164570093154907
0.3343296945095062 -0.5207825899124146 -0.14985398948192596
0.36178651452064514 -0.4916364550590515 -0.11553966999053955
0.37347081303596497 -0.44424137473106384 -0.07431675493717194
0.3731842637062073 -0.3865509331226349 -0.031389422714710236
0.36453357338905334 -0.3258829414844513 0.008492116816341877
0.35086968541145325 -0.26891082525253296 0.040999848395586014
0.3349897563457489 -0.22132164239883423 0.06252007931470871
0.3171525001525879 -0.1849936544895172 0.07269420474767685
0.29644739627838135 -0.1601237803697586 0.07256980985403061
0.27196013927459717 -0.14699900150299072 0.063051238656044
0.24276146292686462 -0.1460178941488266 0.04490484669804573
0.2078864425420761 -0.1577034294605255 0.018771173432469368
0.1663127988576889 -0.18271970748901367 -0.01482552569359541
0.11693963408470154 -0.22188952565193176 -0.055469002574682236
0.059936948120594025 -0.274736225605011 -0.10218939185142517
-0.0010915950406342745 -0.33715206384658813 -0.15240465104579926
-0.06195642054080963 -0.4044628143310547 -0.20324911177158356
-0.11834236979484558 -0.4719141721725464 -0.2517736256122589
-0.16572967171669006 -0.5345768332481384 -0.29488998651504517
-0.19932366907596588 -0.5872629284858704 -0.3293217420578003
-0.2139911651611328 -0.6244503855705261 -0.35155946016311646
-0.2044653445482254 -0.6404969692230225 -0.3579898178577423
-0.17020931839942932 -0.6348774433135986 -0.348040372133255
-0.11533588171005249 -0.6120511889457703 -0.3241124749183655
-0.04446911811828613 -0.5769481062889099 -0.28889361023902893
0.03729052096605301 -0.5348935723304749 -0.24533745646476746
0.12429416924715042 -0.4916485548019409 -0.19671784341335297
0.21034373342990875 -0.45337557792663574 -0.14664222300052643
0.28878551721572876 -0.4265114963054657 -0.09901116788387299
0.35339778661727905 -0.4158344566822052 -0.05744064226746559
0.40152186155319214 -0.4172806739807129 -0.023143893107771873
0.43198269605636597 -0.4238317012786865 0.003605984151363373
0.4440058469772339 -0.42845675349235535 0.022726908326148987
0.43715813755989075 -0.4243188798427582 0.03429533913731575
0.4112737476825714 -0.4049113988876343 0.038509491831064224
0.3663713037967682 -0.36412569880485535 0.03565102815628052
0.30259886384010315 -0.29634103178977966 0.02606644108891487
0.22209499776363373 -0.2023634910583496 0.011407212354242802
0.12997280061244965 -0.0927724689245224 -0.004660304635763168
0.031068995594978333 0.0218337569385767 -0.018508968874812126
-0.07038143277168274 0.13176313042640686 -0.02671031653881073
-0.17068073153495789 0.2280174344778061 -0.025931671261787415
-0.2665576636791229 0.3019547164440155 -0.01278426218777895
-0.3550213575363159 0.3448302149772644 0.016383102163672447
-0.4334735870361328 0.34834372997283936 0.06524784117937088
-0.5022351145744324 0.31524038314819336 0.13269931077957153
-0.5629433393478394 0.2550586462020874 0.21440337598323822
-0.6167452335357666 0.177800714969635 0.30547547340393066
-0.6643909215927124 0.09449304640293121 0.4001568555831909
-0.7063260078430176 0.01754056289792061 0.4915938675403595
-0.7427695989608765 -0.0393265038728714 0.5718340277671814
-0.7737963199615479 -0.06164636090397835 0.6321382522583008
-0.7994535565376282 -0.03984690085053444 0.6657593250274658
-0.820019006729126 0.02004421502351761 0.6734134554862976
-0.8360766172409058 0.10819967836141586 0.658117949962616
-0.8484171628952026 0.2147788256406784 0.6233898997306824
-0.8579408526420593 0.3306249678134918 0.5727918148040771
-0.8655844926834106 0.44762423634529114 0.5096039175987244
-0.8722781538963318 0.558777391910553 0.43662041425704956
-0.8789121508598328 0.6581721305847168 0.3560786843299866
-0.8858393430709839 0.7435412406921387 0.27060383558273315
-0.8928329348564148 0.815864622592926 0.18363383412361145
-0.8996351957321167 0.8759508728981018 0.09865281730890274
-0.9059810638427734 0.9243327379226685 0.019222084432840347
-0.911594569683075 0.9613292813301086 -0.05096606910228729
-0.9161863923072815 0.987094521522522 -0.10805417597293854
-0.9194540977478027 1.0016636848449707 -0.14801478385925293
-0.9209311008453369 1.0050582885742188 -0.16757623851299286
-0.9191691875457764 0.9976710081100464 -0.1691671907901764
-0.9123207926750183 0.9800334572792053 -0.15747475624084473
-0.8985076546669006 0.9526491761207581 -0.13719026744365692
-0.875807523727417 0.915988564491272 -0.11301800608634949
-0.8422355055809021 0.8704816102981567 -0.08969712257385254
-0.7957216501235962 0.8165135383605957 -0.07203260809183121
-0.7340884804725647 0.7544168829917908 -0.06491267681121826
-0.6559152007102966 0.6842365264892578 -0.06995441019535065
-0.5615832209587097 0.6055520176887512 -0.08179932832717896
-0.4518470764160156 0.5179995894432068 -0.09407392889261246
-0.3277011215686798 0.4213809072971344 -0.10020849853754044
-0.19045914709568024 0.31571540236473083 -0.0934719368815422
-0.04182165116071701 0.2012922465801239 -0.06707711517810822
0.11607605218887329 0.07871884852647781 -0.014359397813677788
0.2803548276424408 -0.05098842829465866 0.0696953758597374
0.4437192976474762 -0.18575409054756165 0.1715746968984604
0.5962517261505127 -0.3231360912322998 0.26462581753730774
0.7287282943725586 -0.46112576127052307 0.32271599769592285
0.8326606750488281 -0.5981894731521606 0.32065725326538086
0.9001157879829407 -0.7332596778869629 0.23389987647533417
0.9234154224395752 -0.8657109141349792 0.037842024117708206
0.8947187662124634 -0.9953188896179199 -0.2932235896587372
-1.0047686100006104 0.08759178221225739 0.7827906608581543
-0.837002694606781 0.1489650011062622 0.583703875541687
-0.6646252274513245 0.14693181216716766 0.4016040563583374
-0.4942176640033722 0.09037602692842484 0.24258118867874146
-0.3321762681007385 -0.006676020100712776 0.11092639714479446
-0.18401990830898285 -0.1265658438205719 0.00872519426047802
-0.0539059191942215 -0.2498745620250702 -0.0641612708568573
0.055567387491464615 -0.3571755588054657 -0.10977619141340256
0.14329850673675537 -0.430519700050354 -0.13154149055480957
0.20987796783447266 -0.46311232447624207 -0.13364265859127045
0.25729429721832275 -0.46191248297691345 -0.12052953243255615
0.2879626452922821 -0.43498629331588745 -0.09665297716856003
0.30446162819862366 -0.3901795744895935 -0.06627249717712402
0.3093695044517517 -0.3348604440689087 -0.0333455391228199
0.30515339970588684 -0.27580374479293823 -0.0014915603678673506
0.29410505294799805 -0.21919015049934387 0.025984812527894974
0.27817127108573914 -0.17032858729362488 0.04627116769552231
0.25796258449554443 -0.13126681745052338 0.05866853520274162
0.23344862461090088 -0.10262984037399292 0.06338801234960556
0.20455200970172882 -0.08513389527797699 0.06055090203881264
0.17115487158298492 -0.07960038632154465 0.05019199475646019
0.13309982419013977 -0.08696161955595016 0.03226645290851593
0.0901903361082077 -0.10826877504587173 0.006654479540884495
0.04219287633895874 -0.14469778537750244 -0.026833906769752502
-0.010187257081270218 -0.19600866734981537 -0.06763528287410736
-0.06377673149108887 -0.2581261694431305 -0.11314459145069122
-0.11498120427131653 -0.3264037072658539 -0.16043835878372192
-0.16011817753314972 -0.3961685299873352 -0.20655646920204163
-0.19535623490810394 -0.4626450836658478 -0.24845345318317413
-0.2166515588760376 -0.5208768248558044 -0.2829483449459076
-0.21967726945877075 -0.5656417608261108 -0.3066701292991638
-0.1999838799238205 -0.591611921787262 -0.316154807806015
-0.1574176400899887 -0.5979922413825989 -0.3107454180717468
-0.09606829285621643 -0.5883579254150391 -0.29250845313072205
-0.020531442016363144 -0.566626250743866 -0.26373833417892456
0.06408530473709106 -0.5370216965675354 -0.22695864737033844
0.1520700305700302 -0.5041468739509583 -0.18499304354190826
0.2370971292257309 -0.4729861319065094 -0.14099717140197754
0.3123306334018707 -0.44882288575172424 -0.09843605011701584
0.37144479155540466 -0.4356762170791626 -0.06058470904827118
0.41221871972084045 -0.43044915795326233 -0.028667692095041275
0.43414032459259033 -0.4276561141014099 -0.003087457036599517
0.4371373951435089 -0.42180436849594116 0.01593668758869171
0.4214858412742615 -0.40756309032440186 0.02834239788353443
0.3877081871032715 -0.379871129989624 0.03419185057282448
0.33647075295448303 -0.33398547768592834 0.033636078238487244
0.2685118615627289 -0.2655474543571472 0.026896214112639427
0.18621592223644257 -0.17562513053417206 0.015407000668346882
0.09443431347608566 -0.07353869080543518 0.0024707175325602293
-0.002299332292750478 0.03144131973385811 -0.008641470223665237
-0.10003355890512466 0.13086262345314026 -0.0148379597812891
-0.19532358646392822 0.2168860286474228 -0.01311306469142437
-0.285113662481308 0.2819714844226837 -0.0004085666732862592
-0.36658525466918945 0.31845566630363464 0.026574987918138504
-0.4372703433036804 0.3190508186817169 0.0711556226015091
-0.49764055013656616 0.28653451800346375 0.1321931630373001
-0.5495324730873108 0.2299138903617859 0.20552663505077362
-0.5943407416343689 0.15868377685546875 0.2864490747451782
-0.63313227891922 0.08334965258836746 0.3694116771221161
-0.6667490601539612 0.0157354436814785 0.4478388726711273
-0.6958847045898438 -0.031121989712119102 0.5141664147377014
-0.7211442589759827 -0.043617989867925644 0.560197114944458
-0.7429536581039429 -0.013098804280161858 0.5799087285995483
-0.761404812335968 0.05383826419711113 0.5748278498649597
-0.776736855506897 0.14699551463127136 0.5486923456192017
-0.789371132850647 0.2563415467739105 0.5055844783782959
-0.7998406291007996 0.3727076053619385 0.44946661591529846
-0.8087335824966431 0.4881071150302887 0.38387611508369446
-0.816657304763794 0.5957497954368591 0.31176647543907166
-0.8242114186286926 0.6899560689926147 0.23547694087028503
-0.831683337688446 0.7687422037124634 0.15741410851478577
-0.8390055298805237 0.8333813548088074 0.08050547540187836
-0.8460785746574402 0.8849053978919983 0.007791247218847275
-0.8527870178222656 0.9240244030952454 -0.05754326283931732
-0.858999490737915 0.9512123465538025 -0.1121329516172409
-0.8645679950714111 0.9667748808860779 -0.15242233872413635
-0.869330108165741 0.9709144830703735 -0.1746891289949417
-0.8729480504989624 0.9638585448265076 -0.17602528631687164
-0.8740367889404297 0.9462945461273193 -0.15940767526626587
-0.8707965612411499 0.9190844893455505 -0.1301436573266983
-0.8614113926887512 0.8830609917640686 -0.0935320183634758
-0.8440327644348145 0.8390110731124878 -0.054854877293109894
-0.8167529702186584 0.7876608967781067 -0.019396120682358742
-0.7775706648826599 0.7296640276908875 0.007515734061598778
-0.7243503928184509 0.6655890345573425 0.020464099943637848
-0.6555825471878052 0.5955128073692322 0.017338639125227928
-0.5713461637496948 0.5186861157417297 0.0031045586802065372
-0.4720441997051239 0.43438073992729187 -0.01626553013920784
-0.35830768942832947 0.3420405685901642 -0.034578051418066025
-0.23109735548496246 0.2413386106491089 -0.04540734738111496
-0.09179559350013733 0.13223977386951447 -0.04216606169939041
0.05771844834089279 0.015063965693116188 -0.01826334185898304
0.2147441953420639 -0.10935106128454208 0.031615257263183594
0.3722214698791504 -0.2383003979921341 0.09781114012002945
0.5206140875816345 -0.3682268559932709 0.15997327864170074
0.6511728167533875 -0.496133416891098 0.19807781279087067
0.7559356689453125 -0.6196259260177612 0.19271649420261383
0.827473521232605 -0.7368643283843994 0.12471026927232742
0.8584858179092407 -0.846479058265686 -0.02567770704627037
0.8412432670593262 -0.9474584460258484 -0.27994218468666077
-1.0148866176605225 0.26749536395072937 0.6770175099372864
-0.8305781483650208 0.2733050286769867 0.5053987503051758
-0.6539871096611023 0.23132894933223724 0.3514500856399536
-0.4900410771369934 0.1500900536775589 0.21945254504680634
-0.34253013134002686 0.04175954684615135 0.11195619404315948
-0.21371428668498993 -0.07909754663705826 0.029556483030319214
-0.10419369488954544 -0.19697004556655884 -0.029014507308602333
-0.01303104218095541 -0.29669269919395447 -0.06654571741819382
0.061922188848257065 -0.36450549960136414 -0.08685467392206192
0.12240087240934372 -0.3955594301223755 -0.09351886808872223
0.16895249485969543 -0.39590513706207275 -0.08925523608922958
0.2023637294769287 -0.3725132644176483 -0.07674990594387054
0.22363847494125366 -0.33218589425086975 -0.058602359145879745
0.23387227952480316 -0.28132307529449463 -0.03724418208003044
0.23415224254131317 -0.22581474483013153 -0.014905213378369808
0.22548137605190277 -0.17103494703769684 0.006382271647453308
0.20875772833824158 -0.12164553999900818 0.024836178869009018
0.1849936991930008 -0.07985863834619522 0.039466582238674164
0.15521180629730225 -0.046838048845529556 0.049613095819950104
0.12035126239061356 -0.023831183090806007 0.054577525705099106
0.08129660040140152 -0.012181508354842663 0.05361778661608696
0.03890107572078705 -0.01333124004304409 0.04594544321298599
-0.005993408150970936 -0.0288225244730711 0.030724558979272842
-0.052538711577653885 -0.06029139831662178 0.007074763998389244
-0.09939654171466827 -0.10782787203788757 -0.024954816326498985
-0.14401429891586304 -0.16744275391101837 -0.06288216263055801
-0.18363334238529205 -0.2345636934041977 -0.10387027263641357
-0.21544037759304047 -0.30464816093444824 -0.14508813619613647
-0.23651713132858276 -0.37312719225883484 -0.18367315828800201
-0.24377906322479248 -0.4353354275226593 -0.21668443083763123
-0.23389795422554016 -0.48642197251319885 -0.24104364216327667
-0.20341312885284424 -0.5214582681655884 -0.2535982131958008
-0.15253879129886627 -0.5394259691238403 -0.2536236643791199
-0.08516893535852432 -0.5430159568786621 -0.24272403120994568
-0.0057017747312784195 -0.5351192355155945 -0.22265635430812836
0.0809096097946167 -0.518824577331543 -0.1953485906124115
0.16904549300670624 -0.4975121021270752 -0.16298013925552368
0.25240153074264526 -0.47489336133003235 -0.12802976369857788
0.3241022825241089 -0.4549780786037445 -0.09327472746372223
0.37782537937164307 -0.44090497493743896 -0.06141626462340355
0.4117354154586792 -0.4304865002632141 -0.033642206341028214
0.4258887469768524 -0.4197518825531006 -0.010512434877455235
0.4208286702632904 -0.4047430455684662 0.007572566624730825
0.39745935797691345 -0.38163894414901733 0.020357564091682434
0.3569146990776062 -0.3468293845653534 0.027709508314728737
0.3004331588745117 -0.2969399094581604 0.029588650912046432
0.2292700856924057 -0.22887523472309113 0.026032494381070137
0.1460323929786682 -0.14394816756248474 0.01818682998418808
0.05536539852619171 -0.05017625913023949 0.008893558755517006
-0.03844030201435089 0.044540878385305405 0.000974678376223892
-0.13165944814682007 0.13303285837173462 -0.0029041566886007786
-0.22104419767856598 0.20866475999355316 -0.00015277613420039415
-0.3036966919898987 0.2650510370731354 0.011863688938319683
-0.3769087493419647 0.2956770360469818 0.03598887845873833
-0.4382786154747009 0.2943440079689026 0.07506898045539856
-0.48843008279800415 0.2638145089149475 0.1279299110174179
-0.5294535160064697 0.21242210268974304 0.19066153466701508
-0.5630664825439453 0.14897766709327698 0.2588392496109009
-0.5907537937164307 0.08324222266674042 0.3272716701030731
-0.613885760307312 0.02618260309100151 0.3898618519306183
-0.6337904334068298 -0.01017087884247303 0.4396873116493225
-0.6517800688743591 -0.01338433101773262 0.4693818688392639
-0.6687778234481812 0.02412227913737297 0.4738810360431671
-0.6846041083335876 0.09542270004749298 0.45552733540534973
-0.6990059614181519 0.1902875155210495 0.418683797121048
-0.7118803858757019 0.29881197214126587 0.3678656220436096
-0.7232459783554077 0.4120747745037079 0.30729684233665466
-0.7332091927528381 0.5224047303199768 0.24065285921096802
-0.7419340014457703 0.6233391761779785 0.17096012830734253
-0.7496196031570435 0.709491491317749 0.10061371326446533
-0.7564988732337952 0.7791526913642883 0.03178234398365021
-0.7628023028373718 0.8338532447814941 -0.033133771270513535
-0.7687287330627441 0.8748341202735901 -0.09155809879302979
-0.7744529247283936 0.9029929637908936 -0.14071376621723175
-0.780130922794342 0.9189895987510681 -0.17761559784412384
-0.7859048843383789 0.923336386680603 -0.1990891993045807
-0.7919027209281921 0.916474461555481 -0.2018263339996338
-0.79803866147995 0.898911714553833 -0.18340806663036346
-0.8029420375823975 0.8716146945953369 -0.1474057286977768
-0.8047456741333008 0.8357115983963013 -0.0997370034456253
-0.8015846014022827 0.792286217212677 -0.046269144862890244
-0.7915796041488647 0.7423519492149353 0.007205551490187645
-0.7728058099746704 0.686830997467041 0.05495072901248932
-0.7432475686073303 0.6265407204627991 0.0912242978811264
-0.7007414698600769 0.5621801614761353 0.1101989895105362
-0.6436530947685242 0.493789941072464 0.10933205485343933
-0.5717621445655823 0.42029789090156555 0.09312614053487778
-0.4851140081882477 0.34062761068344116 0.06704125553369522
-0.3839544951915741 0.25387975573539734 0.03676076605916023
-0.26884979009628296 0.1593898981809616 0.008259384892880917
-0.14080490171909332 0.05679945647716522 -0.012216410599648952
-0.0013692777138203382 -0.05386659875512123 -0.018266944214701653
0.14699342846870422 -0.17195826768875122 -0.0043426090851426125
0.2972049415111542 -0.2940903306007385 0.02383858524262905
0.439639151096344 -0.4154972732067108 0.052383068948984146
0.5655698180198669 -0.5321004390716553 0.0675043910741806
0.6671269536018372 -0.6405333280563354 0.05571509897708893
0.7369481921195984 -0.7380186915397644 0.003450668416917324
0.7676331400871277 -0.8221767544746399 -0.10368330031633377
0.7509826421737671 -0.8907703161239624 -0.28209206461906433
-1.0198454856872559 0.4496268630027771 0.5644784569740295
-0.8151558637619019 0.393158495426178 0.41693222522735596
-0.6327396035194397 0.3078307509422302 0.28956153988838196
-0.4753980338573456 0.20131659507751465 0.18456222116947174
-0.3438456654548645 0.08323241025209427 0.10240402817726135
-0.23664602637290955 -0.03576362878084183 0.04181027039885521
-0.1504405438899994 -0.14490492641925812 -2.2860598619445227e-05
-0.0803804025053978 -0.23408329486846924 -0.027045518159866333
-0.020710181444883347 -0.29444143176078796 -0.043875958770513535
0.03163990378379822 -0.3233376145362854 -0.05368492379784584
0.07574128359556198 -0.32563313841819763 -0.057388659566640854
0.11068562418222427 -0.3068941533565521 -0.05581308901309967
0.13582593202590942 -0.27259159088134766 -0.049798429012298584
0.15069282054901123 -0.22789590060710907 -0.04014972224831581
0.1549067199230194 -0.17757432162761688 -0.027604304254055023
0.14808976650238037 -0.1259724199771881 -0.012813692912459373
0.13000041246414185 -0.07690964639186859 0.0035833539441227913
0.10204161703586578 -0.032738734036684036 0.02037580870091915
0.06632871180772781 0.004784115590155125 0.036074355244636536
0.024873843416571617 0.03382983058691025 0.049194395542144775
-0.020363057032227516 0.05248082056641579 0.058235928416252136
-0.06743089109659195 0.05872766301035881 0.06166940554976463
-0.11435474455356598 0.05047367513179779 0.05792887136340141
-0.15911364555358887 0.025553235784173012 0.04541541263461113
-0.19971637427806854 -0.016518613323569298 0.023607036098837852
-0.2343679964542389 -0.0718800500035286 -0.005239451304078102
-0.2613089978694916 -0.1360645294189453 -0.038469716906547546
-0.27874812483787537 -0.20468635857105255 -0.07346649467945099
-0.2848132848739624 -0.27340707182884216 -0.10762660950422287
-0.277488648891449 -0.33787667751312256 -0.13832268118858337
-0.2545328140258789 -0.39364564418792725 -0.16284635663032532
-0.2135443389415741 -0.43622881174087524 -0.1784433126449585
-0.15506140887737274 -0.46445080637931824 -0.18434223532676697
-0.0826471820473671 -0.48019739985466003 -0.18163807690143585
-0.0003733306366484612 -0.4854115843772888 -0.17149718105793
0.0870882198214531 -0.48210978507995605 -0.1551811844110489
0.17433930933475494 -0.4724871516227722 -0.13412658870220184
0.25523096323013306 -0.4589865207672119 -0.11000163108110428
0.3229868710041046 -0.44431614875793457 -0.08472805470228195
0.37140148878097534 -0.4306737184524536 -0.06026680767536163
0.39899230003356934 -0.41666093468666077 -0.03773327171802521
0.40630483627319336 -0.39970165491104126 -0.017870387062430382
0.3944196105003357 -0.3772696852684021 -0.0013030144618824124
0.3647907078266144 -0.3469593822956085 0.011466492898762226
0.3190852403640747 -0.306520938873291 0.02005058154463768
0.2590367794036865 -0.2538604438304901 0.02415921352803707
0.18634285032749176 -0.18705983459949493 0.023589948192238808
0.10378458350896835 -0.1076379045844078 0.01915786787867546
0.015796296298503876 -0.02234589494764805 0.013222113251686096
-0.0735728070139885 0.06224444881081581 0.008135613985359669
-0.1608191281557083 0.14020545780658722 0.006117317825555801
-0.24288472533226013 0.2060740441083908 0.009318226017057896
-0.3170205056667328 0.25459644198417664 0.019920554012060165
-0.3806176483631134 0.28039759397506714 0.04027359560132027
-0.4313276708126068 0.2783706784248352 0.0727054625749588
-0.46992239356040955 0.25121110677719116 0.11601937562227249
-0.49875742197036743 0.20647230744361877 0.1666189581155777
-0.519899845123291 0.15214207768440247 0.22045107185840607
-0.5352950692176819 0.09705481678247452 0.2728058695793152
-0.5468989610671997 0.05109695717692375 0.3182283937931061
-0.5567421913146973 0.02504471130669117 0.35063284635543823
-0.5669175386428833 0.029930969700217247 0.363687664270401
-0.5788815021514893 0.07219067960977554 0.3534056544303894
-0.5921115875244141 0.1448514759540558 0.3228355944156647
-0.6057575941085815 0.2380037009716034 0.2767799198627472
-0.619087815284729 0.34217652678489685 0.21999815106391907
-0.6315093636512756 0.44892966747283936 0.15681155025959015
-0.6425607204437256 0.5510606169700623 0.09090796113014221
-0.6518838405609131 0.6425192952156067 0.025303972885012627
-0.6592046022415161 0.7182448506355286 -0.03759060800075531
-0.6647156476974487 0.7767792344093323 -0.09584297239780426
-0.6690549254417419 0.819869875907898 -0.14756302535533905
-0.6728320717811584 0.8489577770233154 -0.1906360685825348
-0.6766268610954285 0.865146279335022 -0.22271409630775452
-0.681004524230957 0.869325578212738 -0.24123899638652802
-0.6865219473838806 0.8622764348983765 -0.24349305033683777
-0.6937253475189209 0.8447583913803101 -0.2266860008239746
-0.7028800249099731 0.8176276683807373 -0.1889924257993698
-0.7125670909881592 0.7820670008659363 -0.1345410943031311
-0.7207275032997131 0.7393439412117004 -0.06974107027053833
-0.725327730178833 0.6906542778015137 -0.0008807031554169953
-0.7243473529815674 0.6370905041694641 0.06590938568115234
-0.7157468199729919 0.5796201825141907 0.12463149428367615
-0.6974139213562012 0.5190739631652832 0.16933467984199524
-0.6670926809310913 0.4561351537704468 0.1939937174320221
-0.6230087280273438 0.3907305896282196 0.1957477182149887
-0.564694344997406 0.32151830196380615 0.17853103578090668
-0.4918856620788574 0.2471422702074051 0.14713455736637115
-0.4044727683067322 0.16642510890960693 0.10654805600643158
-0.30263713002204895 0.07842402160167694 0.06209064647555351
-0.18699361383914948 -0.017491746693849564 0.019454525783658028
-0.05872802436351776 -0.12154955416917801 -0.015353011898696423
0.07996835559606552 -0.23325477540493011 -0.03670841455459595
0.22182992100715637 -0.3485305905342102 -0.04648401215672493
0.3568064272403717 -0.46139565110206604 -0.05221720039844513
0.4758484363555908 -0.5666625499725342 -0.06160113587975502
0.5708176493644714 -0.6599224209785461 -0.0823262631893158
0.6340212225914001 -0.7373089790344238 -0.12231621891260147
0.6574844121932983 -0.795137345790863 -0.19024832546710968
0.6319035291671753 -0.8294057250022888 -0.2964267134666443
-1.0185209512710571 0.6167159080505371 0.4543747305870056
-0.7920198440551758 0.49949732422828674 0.3269466757774353
-0.6030474901199341 0.37342312932014465 0.223087340593338
-0.45201992988586426 0.24467724561691284 0.14297276735305786
-0.3364720046520233 0.11984726786613464 0.08502714335918427
-0.2512778639793396 0.00538078136742115 0.04607101529836655
-0.18916825950145721 -0.09287808835506439 0.021648451685905457
-0.1414082646369934 -0.1699928194284439 0.0064489347860217094
-0.09860073029994965 -0.2221084088087082 -0.005205427296459675
-0.05621860548853874 -0.2487974762916565 -0.016311343759298325
-0.01649947091937065 -0.25359442830085754 -0.026134829968214035
0.018096549436450005 -0.24050328135490417 -0.03376183658838272
0.045385684818029404 -0.21350669860839844 -0.03836743161082268
0.06342097371816635 -0.176394984126091 -0.039199668914079666
0.0704202726483345 -0.1326700747013092 -0.03555132448673248
0.06467048823833466 -0.08551198244094849 -0.026722287759184837
0.044811494648456573 -0.037771761417388916 -0.012211250141263008
0.012574253603816032 0.008095050230622292 0.0066305347718298435
-0.02891700156033039 0.049736395478248596 0.0275928545743227
-0.07664065062999725 0.08473765105009079 0.048497624695301056
-0.12760764360427856 0.11059927940368652 0.06716366857290268
-0.1788046658039093 0.12473093718290329 0.08138102293014526
-0.2271568328142166 0.12446078658103943 0.0888996571302414
-0.26951271295547485 0.10706652700901031 0.08743613958358765
-0.3032909035682678 0.07163602858781815 0.07590050995349884
-0.3275296688079834 0.021872587502002716 0.056272272020578384
-0.3415434658527374 -0.037884775549173355 0.03097659908235073
-0.3446234166622162 -0.10341911017894745 0.0023849455174058676
-0.3359803557395935 -0.1706257164478302 -0.027179479598999023
-0.3146789073944092 -0.23546725511550903 -0.05541611462831497
-0.27955561876296997 -0.2938913404941559 -0.07999969273805618
-0.22924791276454926 -0.3418627381324768 -0.09859587252140045
-0.16455377638339996 -0.37812361121177673 -0.11040804535150528
-0.08860930055379868 -0.40389484167099 -0.11604036390781403
-0.005067836027592421 -0.42032599449157715 -0.11608866602182388
0.08177758753299713 -0.42851489782333374 -0.11115817725658417
0.16686129570007324 -0.42961227893829346 -0.10193007439374924
0.24431747198104858 -0.42490923404693604 -0.08921920508146286
0.30761274695396423 -0.4159006178379059 -0.07401543110609055
0.35078462958335876 -0.4038650691509247 -0.057452086359262466
0.37268954515457153 -0.3880120813846588 -0.04055999964475632
0.3742942214012146 -0.3669285178184509 -0.024295395240187645
0.35713934898376465 -0.3393004536628723 -0.009552980773150921
0.3231465816497803 -0.30392986536026 0.0028632995672523975
0.2744317054748535 -0.25972938537597656 0.01225368957966566
0.2131398469209671 -0.2056971788406372 0.018021414056420326
0.14133138954639435 -0.14091575145721436 0.019672414287924767
0.061887435615062714 -0.06705275177955627 0.017683204263448715
-0.021036814898252487 0.01027937512844801 0.013986550271511078
-0.1036912128329277 0.08569887280464172 0.010523308999836445
-0.1828424036502838 0.15439316630363464 0.009116020984947681
-0.2556651532649994 0.21195563673973083 0.011519727297127247
-0.3195987939834595 0.25416216254234314 0.019500376656651497
-0.372173935174942 0.27668726444244385 0.03494271636009216
-0.4111357033252716 0.27543964982032776 0.0596807487308979
-0.43739378452301025 0.2529886066913605 0.09252490103244781
-0.45353594422340393 0.21603843569755554 0.13024142384529114
-0.46195363998413086 0.17165520787239075 0.16922031342983246
-0.4650283455848694 0.12761452794075012 0.20532868802547455
-0.4652724266052246 0.09256304055452347 0.2338675707578659
-0.46538281440734863 0.07585707306861877 0.2497064620256424
-0.4681847095489502 0.08699442446231842 0.2476453185081482
-0.4756157398223877 0.1312812715768814 0.2247662991285324
-0.4867604374885559 0.20200775563716888 0.1846025437116623
-0.500126838684082 0.2899288833141327 0.13213758170604706
-0.5143135786056519 0.38629114627838135 0.07214929163455963
-0.528081476688385 0.48333653807640076 0.00888284295797348
-0.5403682589530945 0.5744527578353882 -0.05408071354031563
-0.550262987613678 0.6540612578392029 -0.11380598694086075
-0.5569855570793152 0.7174444794654846 -0.1679031401872635
-0.5607062578201294 0.763367235660553 -0.21466168761253357
-0.5625466704368591 0.7937573194503784 -0.25266894698143005
-0.5636082887649536 0.8102546334266663 -0.28026536107063293
-0.5649622678756714 0.8141961693763733 -0.2955535054206848
-0.5676738023757935 0.8067525029182434 -0.2964516282081604
-0.5728095769882202 0.7890384197235107 -0.2807725965976715
-0.5814283490180969 0.7622048258781433 -0.24633608758449554
-0.5942130088806152 0.7275012731552124 -0.19197742640972137
-0.6096240878105164 0.6862075328826904 -0.12223741412162781
-0.625285804271698 0.6395390033721924 -0.043769191950559616
-0.6388768553733826 0.5886059999465942 0.03698204830288887
-0.6481279134750366 0.5343844890594482 0.11382158100605011
-0.6507908701896667 0.4776974022388458 0.1807694286108017
-0.6445793509483337 0.41920721530914307 0.23194897174835205
-0.6270847916603088 0.35940900444984436 0.2614258825778961
-0.596392810344696 0.29803434014320374 0.2661778926849365
-0.5518797039985657 0.23356413841247559 0.2494351863861084
-0.4930642247200012 0.16447091102600098 0.2151317000389099
-0.4195599853992462 0.08940272033214569 0.16734810173511505
-0.33122435212135315 0.007237779907882214 0.11049928516149521
-0.22832167148590088 -0.0828322097659111 0.04944707453250885
-0.11168985813856125 -0.18119823932647705 -0.010481118224561214
0.016753628849983215 -0.28744590282440186 -0.06386375427246094
0.14946956932544708 -0.3968237042427063 -0.10903692990541458
0.27579963207244873 -0.5022011399269104 -0.14755086600780487
0.38614824414253235 -0.5973183512687683 -0.18140223622322083
0.47184112668037415 -0.6767091751098633 -0.21285128593444824
0.5245228409767151 -0.7353172302246094 -0.2443956881761551
0.535200297832489 -0.7679052352905273 -0.2788568437099457
0.4928117096424103 -0.7681954503059387 -0.3196098208427429
-1.009676456451416 0.751609742641449 0.3557188808917999
-0.7621961236000061 0.5837446451187134 0.24344518780708313
-0.5666998624801636 0.4254458546638489 0.15843269228935242
-0.42129480838775635 0.28097644448280334 0.09914448857307434
-0.3205961287021637 0.15382330119609833 0.06223955750465393
-0.25616028904914856 0.04645010456442833 0.04283956438302994
-0.21721051633358002 -0.03980553522706032 0.034936435520648956
-0.1914900243282318 -0.10469067096710205 0.0318525992333889
-0.1662367582321167 -0.14888465404510498 0.026753569021821022
-0.13544633984565735 -0.17392133176326752 0.01658942922949791
-0.10233557969331741 -0.1819852888584137 0.003409925615414977
-0.07058830559253693 -0.17549338936805725 -0.010446609929203987
-0.04363224282860756 -0.156901553273201 -0.022768475115299225
-0.0246383398771286 -0.1285729706287384 -0.03148507699370384
-0.016573280096054077 -0.0926920548081398 -0.03464612737298012
-0.022295337170362473 -0.051217928528785706 -0.03037181682884693
-0.044140659272670746 -0.005975684616714716 -0.01714729703962803
-0.08015695959329605 0.04052510857582092 0.003619613591581583
-0.12641653418540955 0.08537919819355011 0.029164578765630722
-0.17907318472862244 0.12562651932239532 0.05676455795764923
-0.23428119719028473 0.15822184085845947 0.08369027078151703
-0.2881326377391815 0.18002519011497498 0.10717195272445679
-0.33662518858909607 0.18781548738479614 0.12438656389713287
-0.3756644129753113 0.178334578871727 0.13247081637382507
-0.40222659707069397 0.15024736523628235 0.12983961403369904
-0.41618573665618896 0.10707439482212067 0.11819908022880554
-0.4179024398326874 0.05300896242260933 0.09974902868270874
-0.4077068567276001 -0.007905859500169754 0.07663126289844513
-0.3858283758163452 -0.07179079204797745 0.05091605335474014
-0.35232657194137573 -0.1349002718925476 0.024612322449684143
-0.3070162236690521 -0.19354921579360962 -0.00029895768966525793
-0.24947036802768707 -0.24412435293197632 -0.02187039703130722
-0.18066823482513428 -0.2853597402572632 -0.039298299700021744
-0.1032634973526001 -0.3179961144924164 -0.05276302993297577
-0.020433343946933746 -0.34260377287864685 -0.06236516311764717
0.0639813095331192 -0.3595963418483734 -0.0681275874376297
0.14534540474414825 -0.3693237006664276 -0.07004053890705109
0.21820349991321564 -0.3721659183502197 -0.06811229884624481
0.276418536901474 -0.368627667427063 -0.06242542341351509
0.3144133985042572 -0.35919705033302307 -0.05329473316669464
0.33138808608055115 -0.34345340728759766 -0.04169357195496559
0.32867035269737244 -0.320792555809021 -0.02883535623550415
0.3081812262535095 -0.2907622754573822 -0.015936309471726418
0.27221861481666565 -0.25303444266319275 -0.004156682640314102
0.22325091063976288 -0.20736491680145264 0.005438012536615133
0.16374146938323975 -0.15354673564434052 0.011894898489117622
0.09602721780538559 -0.09139134734869003 0.014385662041604519
0.022985117509961128 -0.022645408287644386 0.013080468401312828
-0.051643919199705124 0.047985345125198364 0.009628507308661938
-0.1245286613702774 0.11606431752443314 0.005698388908058405
-0.19280987977981567 0.1776694357395172 0.002841598354279995
-0.2539874017238617 0.2292460948228836 0.0025301321875303984
-0.30577701330184937 0.26741254329681396 0.006217631511390209
-0.3459399938583374 0.28871798515319824 0.015424167737364769
-0.3724067211151123 0.289927214384079 0.031585946679115295
-0.3862055540084839 0.27341875433921814 0.05356791242957115
-0.39007335901260376 0.2450227439403534 0.07853009551763535
-0.3866405189037323 0.21083377301692963 0.10335340350866318
-0.37862512469291687 0.17749838531017303 0.12453889101743698
-0.36897140741348267 0.1523432731628418 0.13819605112075806
-0.3608878254890442 0.14323623478412628 0.14017704129219055
-0.35775595903396606 0.15811516344547272 0.12639063596725464
-0.36184778809547424 0.20125889778137207 0.09484904259443283
-0.3718418478965759 0.2665310800075531 0.04925237596035004
-0.38563358783721924 0.34566572308540344 -0.005547318607568741
-0.40118932723999023 0.4308721721172333 -0.06500040739774704
-0.41665852069854736 0.5152390599250793 -0.12511201202869415
-0.4304076135158539 0.5928391218185425 -0.18251729011535645
-0.44099292159080505 0.6586082577705383 -0.23442505300045013
-0.4471425414085388 0.708187997341156 -0.27850010991096497
-0.44902604818344116 0.7405451536178589 -0.3132421374320984
-0.44828659296035767 0.7577617764472961 -0.3376838266849518
-0.44656115770339966 0.7616851925849915 -0.3506220281124115
-0.44546040892601013 0.7539210915565491 -0.3506416976451874
-0.4466008245944977 0.7359704971313477 -0.33619198203086853
-0.45161059498786926 0.7093384265899658 -0.30568474531173706
-0.4621085226535797 0.6756174564361572 -0.2576181888580322
-0.47921913862228394 0.6364565491676331 -0.19149838387966156
-0.50120609998703 0.5930494070053101 -0.1119997501373291
-0.5252653956413269 0.5463045835494995 -0.02562664821743965
-0.5486832857131958 0.49699920415878296 0.06140642240643501
-0.5688475966453552 0.44575899839401245 0.14321394264698029
-0.5832204222679138 0.39304670691490173 0.21419091522693634
-0.5892724394798279 0.3391568958759308 0.268882155418396
-0.5843874216079712 0.2842087745666504 0.3017948865890503
-0.5665199160575867 0.22765807807445526 0.3099357485771179
-0.5350098609924316 0.1679321825504303 0.2956679165363312
-0.4892875552177429 0.10347041487693787 0.2618599534034729
-0.428812712430954 0.03287854418158531 0.2114490568637848
-0.35323217511177063 -0.04501302167773247 0.14766822755336761
-0.26255711913108826 -0.1310584396123886 0.07422016561031342
-0.15735293924808502 -0.22568054497241974 -0.004620920866727829
-0.0393083393573761 -0.32842689752578735 -0.08404207229614258
0.08376243710517883 -0.43390780687332153 -0.15940029919147491
0.20057454705238342 -0.5339744091033936 -0.2269098162651062
0.3009089529514313 -0.6213949918746948 -0.28350457549095154
0.375413179397583 -0.6897025108337402 -0.3266034722328186
0.41484904289245605 -0.7326459288597107 -0.35375267267227173
0.40887126326560974 -0.743328869342804 -0.36214330792427063
0.3441222310066223 -0.712894856929779 -0.34792762994766235
-0.991918683052063 0.8366253972053528 0.2776752710342407
-0.7264364957809448 0.6372982859611511 0.17412130534648895
-0.5250788927078247 0.46131056547164917 0.10149173438549042
-0.38419032096862793 0.3110904395580292 0.05703592672944069
-0.2960999310016632 0.18749290704727173 0.036087293177843094
-0.24972359836101532 0.08976861834526062 0.032418809831142426
-0.2314564287662506 0.015709353610873222 0.0387207455933094
-0.22616790235042572 -0.038077615201473236 0.04710449278354645
-0.21830929815769196 -0.07579059153795242 0.04964933916926384
-0.20050904154777527 -0.10039297491312027 0.04305856302380562
-0.17650271952152252 -0.11278442293405533 0.030207056552171707
-0.15070492029190063 -0.11388500034809113 0.014362162910401821
-0.12732437252998352 -0.10469512641429901 -0.0013356556883081794
-0.11033445596694946 -0.08620350062847137 -0.013908099383115768
-0.10350639373064041 -0.05931472033262253 -0.02052679844200611
-0.11049583554267883 -0.02479376085102558 -0.018460379913449287
-0.1343364268541336 0.016547922044992447 -0.005444786511361599
-0.17300103604793549 0.06220436841249466 0.017134590074419975
-0.22208985686302185 0.1088046208024025 0.046183161437511444
-0.2772475481033325 0.1529276818037033 0.07863815873861313
-0.3340815305709839 0.19106455147266388 0.11141536384820938
-0.3881036937236786 0.2196054607629776 0.14137209951877594
-0.4347109794616699 0.2348574697971344 0.1652975231409073
-0.46921104192733765 0.23310062289237976 0.1799350082874298
-0.48837408423423767 0.212620809674263 0.18335822224617004
-0.4928228259086609 0.17673543095588684 0.1770651787519455
-0.4838173985481262 0.12947066128253937 0.16308516263961792
-0.46256664395332336 0.07468912750482559 0.1433904618024826
-0.4301454722881317 0.01605571247637272 0.11986513435840607
-0.38742491602897644 -0.04294601082801819 0.09429996460676193
-0.33500945568084717 -0.09895014762878418 0.06841153651475906
-0.2732267677783966 -0.14870896935462952 0.043839920312166214
-0.20314733684062958 -0.19101884961128235 0.02138340100646019
-0.12692780792713165 -0.22635623812675476 0.001182773383334279
-0.04724356532096863 -0.25497475266456604 -0.016482403501868248
0.03256896138191223 -0.27690860629081726 -0.03117714822292328
0.10839319229125977 -0.2920497953891754 -0.04233281686902046
0.17531181871891022 -0.3002355694770813 -0.04928698390722275
0.22774648666381836 -0.3013540208339691 -0.05135036259889603
0.260660856962204 -0.2953551113605499 -0.04814297705888748
0.2736203968524933 -0.28189846873283386 -0.04066275805234909
0.2682604491710663 -0.2607060372829437 -0.030447406694293022
0.24679793417453766 -0.23169350624084473 -0.019096653908491135
0.2118041068315506 -0.19492129981517792 -0.008181986398994923
0.16599112749099731 -0.15053591132164001 0.0008188631618395448
0.11203445494174957 -0.098710797727108 0.006559410598129034
0.05245118588209152 -0.03961624950170517 0.007849443703889847
-0.010024688206613064 0.024998677894473076 0.004633355885744095
-0.07227524369955063 0.09098192304372787 -0.0014838838251307607
-0.13157473504543304 0.15447686612606049 -0.008875608444213867
-0.18559828400611877 0.2121199667453766 -0.016056019812822342
-0.232313334941864 0.26090797781944275 -0.021651100367307663
-0.26984643936157227 0.2980251610279083 -0.024347249418497086
-0.29632842540740967 0.3206334412097931 -0.022819681093096733
-0.3100128173828125 0.32610997557640076 -0.015863344073295593
-0.3120100498199463 0.31657952070236206 -0.0045007080771028996
-0.30506154894828796 0.29702773690223694 0.008824683725833893
-0.291882187128067 0.2725909352302551 0.021497085690498352
-0.27534210681915283 0.24879276752471924 0.030657505616545677
-0.258590430021286 0.23165544867515564 0.03320290893316269
-0.2450743019580841 0.22760090231895447 0.0258976761251688
-0.23842564225196838 0.24309735000133514 0.005617374088615179
-0.24101771414279938 0.28157493472099304 -0.028951995074748993
-0.25115808844566345 0.3377534747123718 -0.07432878017425537
-0.2662442922592163 0.4046041667461395 -0.12613710761070251
-0.2837330996990204 0.47549164295196533 -0.18031452596187592
-0.30127525329589844 0.5444788336753845 -0.23329265415668488
-0.3167605698108673 0.6063968539237976 -0.2820338010787964
-0.32829123735427856 0.656737208366394 -0.3239605128765106
-0.33416903018951416 0.6915283203125 -0.35684436559677124
-0.33458879590034485 0.7099383473396301 -0.3794001042842865
-0.33170759677886963 0.7141920328140259 -0.39108529686927795
-0.32769641280174255 0.7063623070716858 -0.3911687433719635
-0.32470574975013733 0.6883588433265686 -0.3787595331668854
-0.32490184903144836 0.6620528697967529 -0.3528929054737091
-0.33046814799308777 0.6293720602989197 -0.3126312792301178
-0.34356990456581116 0.5923614501953125 -0.2571801543235779
-0.3657456636428833 0.5530211925506592 -0.18665006756782532
-0.3949917256832123 0.5122110843658447 -0.105420783162117
-0.4279945194721222 0.47022339701652527 -0.01930154301226139
-0.46157366037368774 0.4272148311138153 0.0662352591753006
-0.49270743131637573 0.3832027316093445 0.14608028531074524
-0.5185071229934692 0.3380586802959442 0.21543057262897491
-0.5361454486846924 0.29150041937828064 0.2696555256843567
-0.5427468419075012 0.24307402968406677 0.304108202457428
-0.5361470580101013 0.19188041985034943 0.3160426914691925
-0.5157886147499084 0.13644298911094666 0.3067670464515686
-0.4811711311340332 0.0753297284245491 0.27785933017730713
-0.43176355957984924 0.007259995676577091 0.2308693379163742
-0.3671667277812958 -0.06882569938898087 0.16755245625972748
-0.2872985005378723 -0.15366269648075104 0.09008246660232544
-0.1925944834947586 -0.2475336194038391 0.0012278363574296236
-0.08461728692054749 -0.3497875928878784 -0.09535030275583267
0.02862747758626938 -0.45444920659065247 -0.1928609013557434
0.1353914886713028 -0.5525439977645874 -0.2831333577632904
0.22492466866970062 -0.6360362768173218 -0.3589039742946625
0.2872168719768524 -0.6976038813591003 -0.41354864835739136
0.31210437417030334 -0.7299348711967468 -0.44041308760643005
0.2877861559391022 -0.724604070186615 -0.43175652623176575
0.19841806590557098 -0.6702888607978821 -0.377082496881485
-0.9643353819847107 0.8572625517845154 0.2281406670808792
-0.685472309589386 0.653343141078949 0.12524381279945374
-0.4793087840080261 0.4792150855064392 0.05678975582122803
-0.3414439558982849 0.336101233959198 0.019466448575258255
-0.262870192527771 0.2231793999671936 0.007814614102244377
-0.23075039684772491 0.13769842684268951 0.01467639859765768
-0.22950316965579987 0.0752893015742302 0.031764645129442215
-0.24196255207061768 0.030388647690415382 0.050235480070114136
-0.25060561299324036 -0.003248689929023385 0.06127866730093956
-0.24693071842193604 -0.02923470549285412 0.061198972165584564
-0.23465505242347717 -0.04730796813964844 0.05310215801000595
-0.2183191180229187 -0.057072725147008896 0.04055969417095184
-0.20232346653938293 -0.0582362599670887 0.02704368717968464
-0.19088780879974365 -0.050552185624837875 0.015886083245277405
-0.18806880712509155 -0.033762432634830475 0.010284679010510445
-0.1978299766778946 -0.007538389414548874 0.013350403867661953
-0.2234969288110733 0.028247050940990448 0.027700746431946754
-0.2631387710571289 0.07115696370601654 0.05203704908490181
-0.31231918931007385 0.11748361587524414 0.08320172876119614
-0.3666015565395355 0.16347159445285797 0.11804430186748505
-0.4214784801006317 0.2052750289440155 0.1533716320991516
-0.47232750058174133 0.2389424592256546 0.18591614067554474
-0.5144093632698059 0.26043832302093506 0.21233445405960083
-0.542916476726532 0.26570841670036316 0.2292415052652359
-0.5547199249267578 0.2527417838573456 0.23460035026073456
-0.5510156750679016 0.22462812066078186 0.22982272505760193
-0.5337012410163879 0.18519265949726105 0.21686474978923798
-0.5045967102050781 0.13809850811958313 0.19762234389781952
-0.4653532803058624 0.08679758757352829 0.173886239528656
-0.41738805174827576 0.034537218511104584 0.1473260223865509
-0.3618365228176117 -0.015583877451717854 0.11949894577264786
-0.29953911900520325 -0.060612086206674576 0.09184891730546951
-0.23156370222568512 -0.09947147965431213 0.06516245007514954
-0.1595921516418457 -0.13260483741760254 0.039778802543878555
-0.08579955995082855 -0.1602364480495453 0.01622100919485092
-0.012985454872250557 -0.1823698729276657 -0.00477318000048399
0.05532734841108322 -0.19885043799877167 -0.02225625328719616
0.11488020420074463 -0.20943793654441833 -0.035102881491184235
0.16081199049949646 -0.21389824151992798 -0.042085036635398865
0.18878233432769775 -0.212001770734787 -0.0423596128821373
0.19875799119472504 -0.2031676173210144 -0.037087999284267426
0.19263868033885956 -0.18686312437057495 -0.028224624693393707
0.17285527288913727 -0.16276422142982483 -0.017825724557042122
0.14214615523815155 -0.13072073459625244 -0.007928450591862202
0.10335137695074081 -0.09070731699466705 -0.00046021677553653717
0.059244684875011444 -0.042767878621816635 0.0028163506649434566
0.012417353689670563 0.013015259988605976 0.00034110056003555655
-0.03471273183822632 0.07496395707130432 -0.008038068190217018
-0.07992733269929886 0.1390174925327301 -0.020433656871318817
-0.12135209888219833 0.2014269232749939 -0.03495088964700699
-0.1574045568704605 0.2589620053768158 -0.04989628121256828
-0.1867002248764038 0.30878886580467224 -0.06375004351139069
-0.2079433649778366 0.3483087718486786 -0.07511349022388458
-0.2198026329278946 0.3749651312828064 -0.08263622969388962
-0.22101899981498718 0.3864404857158661 -0.08512802422046661
-0.21271726489067078 0.38455668091773987 -0.08344650268554688
-0.1974327266216278 0.37354928255081177 -0.07967907190322876
-0.17773835361003876 0.3576831817626953 -0.0759764015674591
-0.15639352798461914 0.3414544463157654 -0.07461442053318024
-0.13643839955329895 0.32969942688941956 -0.07800629734992981
-0.12119383364915848 0.32754868268966675 -0.08863339573144913
-0.11414345353841782 0.3401966691017151 -0.10888427495956421
-0.1174725741147995 0.37045028805732727 -0.1397194117307663
-0.12920983135700226 0.4140942096710205 -0.17826247215270996
-0.14645174145698547 0.4655005633831024 -0.22094310820102692
-0.16634659469127655 0.5193100571632385 -0.2644349932670593
-0.18622934818267822 0.5706433653831482 -0.3057745099067688
-0.2036701738834381 0.6151500940322876 -0.34237784147262573
-0.21645008027553558 0.6489264965057373 -0.3719794750213623
-0.22256171703338623 0.6684428453445435 -0.3925502896308899
-0.22225452959537506 0.6730991005897522 -0.40305906534194946
-0.2181442826986313 0.665270209312439 -0.40338319540023804
-0.2128845900297165 0.6472785472869873 -0.39328742027282715
-0.20911337435245514 0.6213645339012146 -0.37244459986686707
-0.20948708057403564 0.5897870659828186 -0.3405134677886963
-0.21667449176311493 0.5548904538154602 -0.29722264409065247
-0.2333083301782608 0.5191336274147034 -0.24245743453502655
-0.2612624168395996 0.48476460576057434 -0.17678743600845337
-0.2982122004032135 0.4520203471183777 -0.1037561222910881
-0.34029731154441833 0.42024344205856323 -0.027827640995383263
-0.3838387131690979 0.3886732757091522 0.04685484245419502
-0.42537301778793335 0.35645800828933716 0.11647863686084747
-0.4616261124610901 0.32264941930770874 0.17750699818134308
-0.48943179845809937 0.28618091344833374 0.2265658974647522
-0.505608320236206 0.2458270937204361 0.260287880897522
-0.5078828930854797 0.20025689899921417 0.2764090597629547
-0.4959432780742645 0.14825566112995148 0.2749793529510498
-0.4695301353931427 0.08869815617799759 0.2560587227344513
-0.42830920219421387 0.020589733496308327 0.21957197785377502
-0.37203648686408997 -0.05684179812669754 0.1655087172985077
-0.30074402689933777 -0.14402462542057037 0.09413869678974152
-0.214939147233963 -0.24090071022510529 0.00623791478574276
-0.11621513217687607 -0.3464305102825165 -0.09631484001874924
-0.012622389942407608 -0.45412591099739075 -0.20563161373138428
0.08394180983304977 -0.5544387698173523 -0.31035512685775757
0.16244210302829742 -0.6387637853622437 -0.4000706374645233
0.21239589154720306 -0.6991591453552246 -0.4650685787200928
0.2228781133890152 -0.7275370359420776 -0.49547505378723145
0.18083804845809937 -0.7143497467041016 -0.4797743856906891
0.06828787922859192 -0.6464501023292542 -0.4023575186729431
-0.929334282875061 0.8196738362312317 0.20681773126125336
-0.6412421464920044 0.6362043619155884 0.09584290534257889
-0.43109482526779175 0.4821140170097351 0.023005183786153793
-0.29474636912345886 0.35802409052848816 -0.014964678324759007
-0.22272570431232452 0.26232296228408813 -0.023874517530202866
-0.20121829211711884 0.19138021767139435 -0.01150529831647873
-0.21340152621269226 0.13996297121047974 0.013093942776322365
-0.2408183068037033 0.10173887014389038 0.040290623903274536
-0.2647315263748169 0.06983625143766403 0.06052394211292267
-0.27577880024909973 0.04075191542506218 0.06956382095813751
-0.27722302079200745 0.015774302184581757 0.07023528218269348
-0.27322015166282654 -0.0035843478981405497 0.06586617976427078
-0.267848938703537 -0.01592366397380829 0.05972389504313469
-0.26507359743118286 -0.019924277439713478 0.054981786757707596
-0.2687522768974304 -0.014303094707429409 0.05472232401371002
-0.282687246799469 0.0022438024170696735 0.06197361648082733
-0.3100956976413727 0.030693408101797104 0.07930713891983032
-0.3492717146873474 0.06875155121088028 0.10554394125938416
-0.3961236774921417 0.11252172291278839 0.13769468665122986
-0.4465184211730957 0.15806147456169128 0.17274588346481323
-0.4962320029735565 0.20133844017982483 0.2076227366924286
-0.5409241914749146 0.23821447789669037 0.23916910588741302
-0.5761551856994629 0.2644695043563843 0.2641581892967224
-0.597451388835907 0.27587273716926575 0.27933844923973083
-0.6020607948303223 0.27021265029907227 0.28279346227645874
-0.591570258140564 0.2503022849559784 0.2759726345539093
-0.568251371383667 0.21969833970069885 0.260852575302124
-0.5342700481414795 0.1818104237318039 0.23933586478233337
-0.49159571528434753 0.13984501361846924 0.2131984531879425
-0.44194549322128296 0.09680615365505219 0.18406817317008972
-0.3867538571357727 0.055547066032886505 0.1534305214881897
-0.3271625339984894 0.01877245493233204 0.12262928485870361
-0.26416677236557007 -0.012622596696019173 0.09243832528591156
-0.19901232421398163 -0.03922932222485542 0.06329728662967682
-0.1333928406238556 -0.06147545576095581 0.035863932222127914
-0.06955879926681519 -0.07962359488010406 0.011050944216549397
-0.010390960611402988 -0.0938243418931961 -0.009971790947020054
0.04059746488928795 -0.1041688621044159 -0.025807535275816917
0.07938172668218613 -0.11074626445770264 -0.034916117787361145
0.10243929922580719 -0.11348125338554382 -0.03622559830546379
0.11018351465463638 -0.11128265410661697 -0.031204983592033386
0.10476475954055786 -0.10285462439060211 -0.02231963351368904
0.08877775073051453 -0.08709067851305008 -0.012153123505413532
0.06505345553159714 -0.06308908015489578 -0.003257892094552517
0.03647122532129288 -0.030141528695821762 0.0019584689289331436
0.005809145979583263 0.012299459427595139 0.0013039788464084268
-0.02436217851936817 0.06463838368654251 -0.0071470909751951694
-0.052113693207502365 0.12531986832618713 -0.023508939892053604
-0.07640673965215683 0.18993641436100006 -0.04529654607176781
-0.09646241366863251 0.25440043210983276 -0.07005134969949722
-0.11164027452468872 0.31521445512771606 -0.09561481326818466
-0.12136972695589066 0.36935606598854065 -0.12009575217962265
-0.1250777244567871 0.4141184687614441 -0.14180554449558258
-0.12211082130670547 0.4469188153743744 -0.15916992723941803
-0.11182543635368347 0.4654616117477417 -0.17082318663597107
-0.09526217728853226 0.47124552726745605 -0.17743808031082153
-0.07451289892196655 0.4678911566734314 -0.1808285266160965
-0.05175861343741417 0.45893335342407227 -0.1827697455883026
-0.029370561242103577 0.44800272583961487 -0.1850671023130417
-0.009966219775378704 0.43894246220588684 -0.18959273397922516
0.00360737438313663 0.4358151853084564 -0.19826601445674896
0.008381963707506657 0.44278183579444885 -0.212972030043602
0.002608835930004716 0.4622235894203186 -0.2345716953277588
-0.011597702279686928 0.4910447895526886 -0.2610224783420563
-0.03126439452171326 0.5250270366668701 -0.2897428870201111
-0.053459808230400085 0.5600927472114563 -0.3182918429374695
-0.07541143894195557 0.5924379825592041 -0.3444370627403259
-0.09455049782991409 0.6185659766197205 -0.36616384983062744
-0.10849373787641525 0.635234534740448 -0.38163381814956665
-0.11506440490484238 0.6394346356391907 -0.3891422152519226
-0.11459625512361526 0.6308633089065552 -0.38798388838768005
-0.11008407175540924 0.6120768189430237 -0.37846505641937256
-0.10458731651306152 0.5856732726097107 -0.3608626127243042
-0.1011524349451065 0.554236650466919 -0.33542564511299133
-0.10283833742141724 0.5204042792320251 -0.30243194103240967
-0.11270058155059814 0.486899733543396 -0.2622411251068115
-0.13373416662216187 0.4565279483795166 -0.2153422087430954
-0.1680518388748169 0.4316681921482086 -0.16259674727916718
-0.21297158300876617 0.4116903841495514 -0.10625409334897995
-0.2640794813632965 0.394723504781723 -0.0489111952483654
-0.31719353795051575 0.37885984778404236 0.007079462520778179
-0.3684006631374359 0.3621796667575836 0.059604693204164505
-0.41402527689933777 0.34273892641067505 0.10675132274627686
-0.45053598284721375 0.31852486729621887 0.14673537015914917
-0.4744071960449219 0.2873806059360504 0.17780694365501404
-0.48325949907302856 0.2474837750196457 0.19836965203285217
-0.4771341383457184 0.19803136587142944 0.207065150141716
-0.4561481773853302 0.13836713135242462 0.2022741585969925
-0.42031610012054443 0.06794045120477676 0.18213848769664764
-0.3697190582752228 -0.01357081439346075 0.14469116926193237
-0.304686039686203 -0.10611560195684433 0.08804073184728622
-0.22598236799240112 -0.20911291241645813 0.010615670122206211
-0.13539034128189087 -0.3209647834300995 -0.08798737823963165
-0.04090013727545738 -0.43476688861846924 -0.19971723854541779
0.04570529982447624 -0.5406742691993713 -0.31111976504325867
0.1133236289024353 -0.6297705173492432 -0.4095650017261505
0.15118597447872162 -0.693763256072998 -0.48310595750808716
0.14780940115451813 -0.7241316437721252 -0.5195475816726685
0.08920226991176605 -0.7107318639755249 -0.5047616362571716
-0.04418706148862839 -0.6394956707954407 -0.41980138421058655
-0.8904796838760376 0.736278235912323 0.21115648746490479
-0.5963084101676941 0.5934113264083862 0.08310096710920334
-0.38266056776046753 0.4742365777492523 -0.0026390531565994024
-0.24641084671020508 0.37901532649993896 -0.0487394854426384
-0.1783037930727005 0.3059330880641937 -0.060999322682619095
-0.16415353119373322 0.25135719776153564 -0.04763325676321983
-0.1864766627550125 0.21027904748916626 -0.018374914303421974
-0.22612468898296356 0.1768069863319397 0.01637963578104973
-0.2637767791748047 0.14467333257198334 0.04633200168609619
-0.2894687354564667 0.111127108335495 0.06656970828771591
-0.3057114779949188 0.07833839952945709 0.07925103604793549
-0.31591248512268066 0.0487293004989624 0.08704573661088943
-0.3234480619430542 0.024613332003355026 0.09259913116693497
-0.3316384255886078 0.008211481384932995 0.09851240366697311
-0.34375274181365967 0.0016863059718161821 0.10734540224075317
-0.3630392253398895 0.007192851509898901 0.12164006382226944
-0.39226117730140686 0.026466289535164833 0.1435619294643402
-0.43000781536102295 0.05743887275457382 0.1720535308122635
-0.4728114902973175 0.09618944674730301 0.20447030663490295
-0.5171353220939636 0.13875333964824677 0.23811562359333038
-0.5593484044075012 0.18108148872852325 0.2702217996120453
-0.5957217216491699 0.21902553737163544 0.29794639348983765
-0.6224592328071594 0.24836216866970062 0.31839582324028015
-0.6357704997062683 0.264864057302475 0.32868027687072754
-0.6334856152534485 0.26622310280799866 0.327202707529068
-0.6174235939979553 0.25489795207977295 0.31555262207984924
-0.590006411075592 0.23407241702079773 0.29579928517341614
-0.5535247921943665 0.20681089162826538 0.2699122726917267
-0.5100565552711487 0.17600299417972565 0.23970714211463928
-0.4614247977733612 0.1443633884191513 0.2068256437778473
-0.4091847240924835 0.11448008567094803 0.1727435290813446
-0.3546212911605835 0.08881232887506485 0.13877645134925842
-0.2986154556274414 0.06802719831466675 0.10568924993276596
-0.24202466011047363 0.051260944455862045 0.07395556569099426
-0.18609388172626495 0.037722181528806686 0.044293113052845
-0.13253673911094666 0.026687417179346085 0.017698533833026886
-0.08358090370893478 0.017453324049711227 -0.004552860744297504
-0.04195880517363548 0.009306737221777439 -0.02094249427318573
-0.01080208458006382 0.0015144421486184 -0.02980109676718712
0.007250037509948015 -0.006246833596378565 -0.03002186492085457
0.01310545764863491 -0.012180068530142307 -0.023503467440605164
0.0091850059106946 -0.013853445649147034 -0.013301475904881954
-0.0017577913822606206 -0.008974563330411911 -0.0025862467009574175
-0.016825256869196892 0.004519770387560129 0.0055327885784208775
-0.033141084015369415 0.028414631262421608 0.008142453618347645
-0.047977957874536514 0.0642077848315239 0.0026120070833712816
-0.05885283276438713 0.11309853196144104 -0.0133413290604949
-0.0644734650850296 0.17368429899215698 -0.039677660912275314
-0.06522898375988007 0.24085181951522827 -0.07305426895618439
-0.06164958328008652 0.309807687997818 -0.11020562797784805
-0.05420595407485962 0.37645724415779114 -0.1482987403869629
-0.04327467828989029 0.4372952878475189 -0.18489035964012146
-0.029114706441760063 0.4892408847808838 -0.2178409993648529
-0.011848230846226215 0.529434323310852 -0.2452002465724945
0.008473020978271961 0.5553744435310364 -0.2652854919433594
0.031011469662189484 0.5682492256164551 -0.2786002457141876
0.054355256259441376 0.5712243318557739 -0.28679895401000977
0.07695651799440384 0.5672805905342102 -0.29140669107437134
0.09708531945943832 0.5593833923339844 -0.29390329122543335
0.11281465739011765 0.5506116151809692 -0.29578790068626404
0.12205205112695694 0.5442088842391968 -0.2986052632331848
0.12263067811727524 0.5435466766357422 -0.30392929911613464
0.11341949552297592 0.5507293343544006 -0.3126765191555023
0.09652585536241531 0.5637036561965942 -0.32369768619537354
0.07477018237113953 0.5795401334762573 -0.3354351222515106
0.05094581097364426 0.5953517556190491 -0.34637904167175293
0.027730274945497513 0.6083672642707825 -0.35509854555130005
0.007648421451449394 0.6159501075744629 -0.3602445125579834
-0.006917335093021393 0.6155712604522705 -0.36052846908569336
-0.013771798461675644 0.6048302054405212 -0.35471493005752563
-0.013366070576012135 0.5838041305541992 -0.342514306306839
-0.008987543173134327 0.555277407169342 -0.32466962933540344
-0.004015105776488781 0.5221459865570068 -0.3019602298736572
-0.0018153388518840075 0.48733457922935486 -0.2751828134059906
-0.005753423552960157 0.4538280665874481 -0.2451789230108261
-0.0191674642264843 0.42467209696769714 -0.21285539865493774
-0.04530656710267067 0.4029383659362793 -0.17919296026229858
-0.08642815798521042 0.39103472232818604 -0.14518854022026062
-0.1394675225019455 0.38729310035705566 -0.11149678379297256
-0.19946342706680298 0.38845568895339966 -0.07852868735790253
-0.26173877716064453 0.3913212716579437 -0.04657144844532013
-0.3219344913959503 0.392774760723114 -0.015800610184669495
-0.37596845626831055 0.389761745929718 0.013707311823964119
-0.419928640127182 0.3792124390602112 0.04196116700768471
-0.44991880655288696 0.3579248785972595 0.06903783231973648
-0.4634503722190857 0.323547899723053 0.09412843734025955
-0.4609870910644531 0.2758190929889679 0.11438699066638947
-0.4431103467941284 0.21469265222549438 0.12643733620643616
-0.4102858901023865 0.14020171761512756 0.12657251954078674
-0.3630368709564209 0.05261692777276039 0.11079368740320206
-0.30212005972862244 -0.047383420169353485 0.07493743300437927
-0.22869981825351715 -0.15854188799858093 0.014909250661730766
-0.14488016068935394 -0.2785646617412567 -0.07226929813623428
-0.05855873227119446 -0.40025603771209717 -0.17907394468784332
0.018736058846116066 -0.5137691497802734 -0.2908131182193756
0.07595602422952652 -0.6101474761962891 -0.3933812081813812
0.10216394066810608 -0.681023895740509 -0.4732576608657837
0.08548115193843842 -0.7177919745445251 -0.5166299939155579
0.011274175718426704 -0.710245668888092 -0.5077015161514282
-0.14094878733158112 -0.6443336009979248 -0.4257257282733917
-0.8515617251396179 0.6195901036262512 0.23889043927192688
-0.55361008644104 0.5325409770011902 0.08451081812381744
-0.33670830726623535 0.4598084092140198 -0.02265852689743042
-0.19923721253871918 0.4011470079421997 -0.08417469263076782
-0.13264241814613342 0.35482752323150635 -0.10552648454904556
-0.12283556163311005 0.3178708851337433 -0.09526737034320831
-0.15214134752750397 0.2864024341106415 -0.06386276334524155
-0.201209157705307 0.2560063898563385 -0.02258637174963951
-0.2506486475467682 0.22206155955791473 0.017404988408088684
-0.2901343107223511 0.1830865740776062 0.05034525319933891
-0.3212524652481079 0.14196345210075378 0.07745824754238129
-0.3464374840259552 0.1018013209104538 0.10047028213739395
-0.3681139051914215 0.06561648100614548 0.12110613286495209
-0.38868752121925354 0.03634438291192055 0.14108267426490784
-0.41054877638816833 0.016866294667124748 0.16211166977882385
-0.436088502407074 0.010050111450254917 0.18591128289699554
-0.4673377573490143 0.018287749961018562 0.2139280140399933
-0.5031977891921997 0.039832621812820435 0.24520237743854523
-0.5410000681877136 0.07092393189668655 0.2775610089302063
-0.5779978632926941 0.10776074975728989 0.3087623715400696
-0.6113656163215637 0.14646883308887482 0.33649811148643494
-0.6382116079330444 0.18308822810649872 0.3584055006504059
-0.6556177139282227 0.21359595656394958 0.37210220098495483
-0.6607077717781067 0.2339697778224945 0.3752446174621582
-0.6520164012908936 0.24191662669181824 0.3667096495628357
-0.6314647197723389 0.2394392192363739 0.3482992351055145
-0.6014519333839417 0.2292129546403885 0.32222113013267517
-0.5642262101173401 0.21383237838745117 0.29054877161979675
-0.5218196511268616 0.19576473534107208 0.2551715672016144
-0.4760226309299469 0.17735189199447632 0.21778137981891632
-0.42838796973228455 0.16085542738437653 0.17988811433315277
-0.38023465871810913 0.14844651520252228 0.1428324431180954
-0.33231306076049805 0.14051586389541626 0.10737881809473038
-0.2851472795009613 0.1358538568019867 0.07399509847164154
-0.2395816445350647 0.1332123875617981 0.04341158643364906
-0.19683218002319336 0.13129274547100067 0.016647392883896828
-0.15850506722927094 0.12870219349861145 -0.00499954167753458
-0.12657582759857178 0.12394774705171585 -0.01999804563820362
-0.10329990833997726 0.1154777929186821 -0.026685748249292374
-0.09043623507022858 0.10243817418813705 -0.024065310135483742
-0.08654025942087173 0.0874553844332695 -0.014553130604326725
-0.08887095004320145 0.07432160526514053 -0.0018496388802304864
-0.09447593986988068 0.06676063686609268 0.010247129015624523
-0.1003628820180893 0.06825504451990128 0.01804032362997532
-0.10364505648612976 0.0819244235754013 0.018090300261974335
-0.10164911299943924 0.11045992374420166 0.007317341398447752
-0.09200232475996017 0.15606793761253357 -0.01691398210823536
-0.07415176928043365 0.21751543879508972 -0.05432608723640442
-0.050110023468732834 0.2887222468852997 -0.10053011775016785
-0.021886862814426422 0.36391758918762207 -0.15127494931221008
0.008801834657788277 0.43816161155700684 -0.2028978168964386
0.040529217571020126 0.5072433352470398 -0.2522692084312439
0.07212413102388382 0.5675048828125 -0.2966804504394531
0.10262218117713928 0.615618109703064 -0.33369389176368713
0.13123080134391785 0.6487045884132385 -0.36121171712875366
0.15743620693683624 0.6676800847053528 -0.37960752844810486
0.1807217299938202 0.6754288673400879 -0.3905050754547119
0.2003844678401947 0.674566388130188 -0.39531856775283813
0.21554526686668396 0.6676056385040283 -0.3953548073768616
0.22517503798007965 0.657096266746521 -0.39190369844436646
0.2281409054994583 0.6457072496414185 -0.3862994313240051
0.22328107059001923 0.6362506151199341 -0.3799525201320648
0.21020472049713135 0.6306644678115845 -0.37391215562820435
0.19087497889995575 0.6277837157249451 -0.3678656816482544
0.1677715927362442 0.6257734298706055 -0.36121219396591187
0.14336447417736053 0.6227861642837524 -0.3533441722393036
0.12005574256181717 0.6169934272766113 -0.34365275502204895
0.10015261918306351 0.6065956950187683 -0.3315258026123047
0.08586989343166351 0.5898090600967407 -0.3163386583328247
0.07926321774721146 0.5649158954620361 -0.2974693477153778
0.07972241938114166 0.5324552059173584 -0.2751311957836151
0.08374935388565063 0.49548786878585815 -0.25049516558647156
0.08773115277290344 0.4572218358516693 -0.2248021811246872
0.08806953579187393 0.42090553045272827 -0.19932544231414795
0.08118698000907898 0.38982704281806946 -0.17537176609039307
0.06356153637170792 0.3672879636287689 -0.1542738527059555
0.031789813190698624 0.3565497100353241 -0.13737043738365173
-0.016444962471723557 0.3599672317504883 -0.1256577968597412
-0.07767427712678909 0.37473264336586 -0.11805203557014465
-0.14639762043952942 0.39610952138900757 -0.11265582591295242
-0.21745264530181885 0.41952863335609436 -0.10759465396404266
-0.2860412299633026 0.4406162202358246 -0.10102633386850357
-0.347676157951355 0.45514777302742004 -0.09111837297677994
-0.39805868268013 0.45893594622612 -0.07599673420190811
-0.432906836271286 0.4476664066314697 -0.05367886275053024
-0.4496196508407593 0.4184472858905792 -0.024133317172527313
-0.449118971824646 0.3716675341129303 0.008298449218273163
-0.4324973225593567 0.3080148696899414 0.03848871961236
-0.4007263481616974 0.22822846472263336 0.06090553477406502
-0.3548364043235779 0.13329578936100006 0.06955114752054214
-0.29608914256095886 0.024648616090416908 0.05801646038889885
-0.22613829374313354 -0.0956510454416275 0.01967933215200901
-0.14750763773918152 -0.22450408339500427 -0.05110148712992668
-0.06803764402866364 -0.3545724153518677 -0.14776413142681122
0.0010103563545271754 -0.47632110118865967 -0.25499796867370605
0.04865603893995285 -0.5810366272926331 -0.3577643930912018
0.06382749229669571 -0.660554051399231 -0.4414476156234741
0.03434918075799942 -0.7065134048461914 -0.4911101162433624
-0.0548015721142292 -0.7091376185417175 -0.4899429976940155
-0.22446298599243164 -0.6552348136901855 -0.41650301218032837
-0.8167027831077576 0.48280757665634155 0.28780362010002136
-0.5165565013885498 0.46174517273902893 0.09760449081659317
-0.29651695489883423 0.44334590435028076 -0.039495084434747696
-0.15664486587047577 0.42646461725234985 -0.12347230315208435
-0.08936779946088791 0.40953508019447327 -0.1592862904071808
-0.08104068040847778 0.39070871472358704 -0.15583933889865875
-0.11417976021766663 0.3679776191711426 -0.12449956685304642
-0.16963587701320648 0.3392406702041626 -0.07766543328762054
-0.22835877537727356 0.3023446798324585 -0.027603458613157272
-0.27988123893737793 0.25744640827178955 0.018871495500206947
-0.3248126208782196 0.20793764293193817 0.0619000568985939
-0.36452606320381165 0.15737222135066986 0.10211025178432465
-0.4003806710243225 0.109239861369133 0.14013081789016724
-0.4337237775325775 0.06698320060968399 0.17659157514572144
-0.46589553356170654 0.03402009233832359 0.21212531626224518
-0.49823516607284546 0.013771719299256802 0.24737031757831573
-0.5318537950515747 0.009168638847768307 0.28280559182167053
-0.5659301280975342 0.018891893327236176 0.3175274431705475
-0.5986549258232117 0.03955015912652016 0.34990954399108887
-0.6281530857086182 0.06771504878997803 0.3782610297203064
-0.6524988412857056 0.0998997688293457 0.4008433222770691
-0.6697401404380798 0.1325506716966629 0.41589584946632385
-0.6779360175132751 0.1620660424232483 0.4216747283935547
-0.6752134561538696 0.18484632670879364 0.4165080487728119
-0.6608393788337708 0.1987321376800537 0.3998422622680664
-0.6367449760437012 0.2051517218351364 0.3737228512763977
-0.6051982641220093 0.20611540973186493 0.340511679649353
-0.5683054327964783 0.203599750995636 0.3023993968963623
-0.5279653668403625 0.19951626658439636 0.26136523485183716
-0.48586106300354004 0.19571736454963684 0.2191733419895172
-0.4434767961502075 0.1940363645553589 0.17739856243133545
-0.40210849046707153 0.19626617431640625 0.13744615018367767
-0.36238330602645874 0.20246818661689758 0.10009640455245972
-0.32455503940582275 0.211061492562294 0.06579669564962387
-0.28913089632987976 0.22031466662883759 0.03526663780212402
-0.2568973898887634 0.2283284068107605 0.009512477554380894
-0.22891472280025482 0.23299899697303772 -0.010196677409112453
-0.20648635923862457 0.2320360392332077 -0.022386468946933746
-0.19108423590660095 0.22305266559123993 -0.025487318634986877
-0.18366190791130066 0.20465445518493652 -0.01869928278028965
-0.18220855295658112 0.1803486943244934 -0.005001526325941086
-0.18359090387821198 0.155355766415596 0.011239416897296906
-0.1845778077840805 0.13490526378154755 0.025582607835531235
-0.18200138211250305 0.12398847192525864 0.03372926637530327
-0.17289045453071594 0.1271648406982422 0.031697824597358704
-0.15456600487232208 0.1484338641166687 0.01594512164592743
-0.12472724169492722 0.191120907664299 -0.01652568206191063
-0.0835936889052391 0.25417545437812805 -0.06516464054584503
-0.034920405596494675 0.33040860295295715 -0.12443963438272476
0.01768958568572998 0.4129144251346588 -0.18901292979717255
0.07117956876754761 0.495754599571228 -0.2542968690395355
0.1229948028922081 0.57386714220047 -0.31638821959495544
0.17098955810070038 0.6428788304328918 -0.37192752957344055
0.21330654621124268 0.6988582015037537 -0.4179127812385559
0.24838179349899292 0.7384276390075684 -0.45176348090171814
0.276125431060791 0.7622845768928528 -0.4737705588340759
0.29708847403526306 0.7731989622116089 -0.4856489896774292
0.3115777373313904 0.7736045122146606 -0.4888346791267395
0.31971967220306396 0.7657641172409058 -0.48460203409194946
0.3215261995792389 0.7519163489341736 -0.4741748571395874
0.31695806980133057 0.7343796491622925 -0.4588123559951782
0.3059900104999542 0.7156130075454712 -0.4398728609085083
0.28904902935028076 0.6974773406982422 -0.41856810450553894
0.2678467929363251 0.6795120239257812 -0.39530035853385925
0.24438226222991943 0.6607540249824524 -0.37029752135276794
0.2206600457429886 0.6402142643928528 -0.34377115964889526
0.19865846633911133 0.6168863773345947 -0.31590843200683594
0.18031162023544312 0.5897486805915833 -0.2868644893169403
0.1675061583518982 0.5577605962753296 -0.25675782561302185
0.16199861466884613 0.5199249386787415 -0.22569064795970917
0.1629667729139328 0.47730159759521484 -0.1944396048784256
0.16676773130893707 0.433266818523407 -0.1645708829164505
0.16962923109531403 0.3913455307483673 -0.13771557807922363
0.16779933869838715 0.3550843298435211 -0.11552084237337112
0.15757006406784058 0.32802626490592957 -0.09963210672140121
0.13531991839408875 0.3136669397354126 -0.09166751801967621
0.097574882209301 0.315391480922699 -0.09318330138921738
0.04203204810619354 0.3354448080062866 -0.10506416112184525
-0.02741221897304058 0.36983639001846313 -0.12448833882808685
-0.10471709817647934 0.41232597827911377 -0.14730706810951233
-0.18423862755298615 0.45696401596069336 -0.16955290734767914
-0.2607450783252716 0.4981122314929962 -0.18743787705898285
-0.3293492794036865 0.5303717851638794 -0.1972900927066803
-0.3853682279586792 0.5484304428100586 -0.19543559849262238
-0.4241330325603485 0.5468494892120361 -0.178047776222229
-0.442928671836853 0.5222150087356567 -0.1442750096321106
-0.44314178824424744 0.4756605327129364 -0.09988600760698318
-0.426384299993515 0.40870851278305054 -0.051665037870407104
-0.3941435217857361 0.32290560007095337 -0.006851880345493555
-0.34797197580337524 0.22005806863307953 0.026696164160966873
-0.2896598279476166 0.10245490074157715 0.04047871008515358
-0.2213875949382782 -0.02693249098956585 0.02549825981259346
-0.14615629613399506 -0.16411150991916656 -0.026444733142852783
-0.07184603065252304 -0.3017664849758148 -0.1099327877163887
-0.009566091001033783 -0.4309993386268616 -0.20940303802490234
0.02966943383216858 -0.5436322093009949 -0.3092145621776581
0.03459002077579498 -0.631980299949646 -0.39393535256385803
-0.007260542828589678 -0.6882387399673462 -0.44776448607444763
-0.11111519485712051 -0.7034791111946106 -0.45321598649024963
-0.2976495623588562 -0.6660373210906982 -0.38873404264450073
-0.7904136180877686 0.3402463495731354 0.3555179834365845
-0.4890486001968384 0.39010754227638245 0.1197328194975853
-0.26595133543014526 0.4298190474510193 -0.05562495067715645
-0.12270242720842361 0.45696038007736206 -0.16867360472679138
-0.05276796966791153 0.47015222907066345 -0.22379200160503387
-0.04316649213433266 0.4690251350402832 -0.23038746416568756
-0.07691644132137299 0.4539726674556732 -0.20102767646312714
-0.135403573513031 0.42579135298728943 -0.1495968997478485
-0.2002318799495697 0.3853357136249542 -0.08983225375413895
-0.26099178194999695 0.3345884084701538 -0.029805760830640793
-0.3173825740814209 0.27721577882766724 0.02951478771865368
-0.36976534128189087 0.21695640683174133 0.08763755857944489
-0.4184606075286865 0.15752601623535156 0.1440485268831253
-0.46375444531440735 0.102645643055439 0.19820913672447205
-0.5059036612510681 0.05606234446167946 0.249554842710495
-0.545140266418457 0.021563824266195297 0.2974945306777954
-0.5815860629081726 0.00247875414788723 0.34138303995132446
-0.6146125197410583 -0.001966526499018073 0.3803185224533081
-0.6431973576545715 0.005440642591565847 0.4132428765296936
-0.6662833094596863 0.021874863654375076 0.4390604496002197
-0.6827982068061829 0.04446606710553169 0.45666128396987915
-0.6916792988777161 0.07029630988836288 0.4649506211280823
-0.6919030547142029 0.09641320258378983 0.46288344264030457
-0.6825225949287415 0.11986330896615982 0.44950711727142334
-0.6634595990180969 0.1387423425912857 0.424857497215271
-0.6366149187088013 0.15378083288669586 0.39120781421661377
-0.6040984988212585 0.1661609709262848 0.35105523467063904
-0.5678571462631226 0.17708277702331543 0.3066977262496948
-0.5296482443809509 0.18775132298469543 0.26020464301109314
-0.4910440742969513 0.19938664138317108 0.2134242057800293
-0.4534607231616974 0.21325507760047913 0.16801802814006805
-0.4181694984436035 0.2306348979473114 0.1254863440990448
-0.38570931553840637 0.2512013614177704 0.08665169775485992
-0.35613590478897095 0.2730266749858856 0.05195320025086403
-0.32969996333122253 0.29393795132637024 0.022101039066910744
-0.30685415863990784 0.3115002512931824 -0.0019211812177672982
-0.28822943568229675 0.32299214601516724 -0.018893346190452576
-0.2745971381664276 0.32544636726379395 -0.027427060529589653
-0.26680541038513184 0.315777450799942 -0.026079565286636353
-0.2651422321796417 0.2921603322029114 -0.014276441186666489
-0.26701685786247253 0.2589596211910248 0.004443323239684105
-0.26881927251815796 0.22273357212543488 0.02506527304649353
-0.2669309079647064 0.19011707603931427 0.04252207651734352
-0.25788357853889465 0.16752395033836365 0.05191992595791817
-0.2384902685880661 0.16089650988578796 0.04872874543070793
-0.20593921840190887 0.1755201667547226 0.028922179713845253
-0.15788955986499786 0.2158467024564743 -0.010886440984904766
-0.09527444839477539 0.28102555871009827 -0.06990374624729156
-0.023609451949596405 0.36275598406791687 -0.14146707952022552
0.05186672881245613 0.45296916365623474 -0.21914151310920715
0.12670309841632843 0.5446808934211731 -0.2973857820034027
0.1971597671508789 0.6319152116775513 -0.37148115038871765
0.26006048917770386 0.7095094919204712 -0.43736839294433594
0.3126036822795868 0.7728443741798401 -0.4914266765117645
0.3524176776409149 0.8179624080657959 -0.5305442214012146
0.37989404797554016 0.8453960418701172 -0.5549659729003906
0.3967626392841339 0.8579461574554443 -0.5665954351425171
0.40444716811180115 0.8580261468887329 -0.5669987797737122
0.40417587757110596 0.8478250503540039 -0.5575333833694458
0.3970867693424225 0.8294614553451538 -0.5394744277000427
0.38430988788604736 0.805098831653595 -0.5141155123710632
0.3670327663421631 0.7770289778709412 -0.48285192251205444
0.3465479612350464 0.7471164464950562 -0.44707030057907104
0.3242444396018982 0.7154269218444824 -0.40774205327033997
0.3015495836734772 0.6816509962081909 -0.3657665550708771
0.2799050807952881 0.6454692482948303 -0.32205358147621155
0.2607523798942566 0.606553316116333 -0.27751100063323975
0.2455211877822876 0.56456458568573 -0.2330339103937149
0.23562316596508026 0.5191531777381897 -0.18949785828590393
0.2323625683784485 0.4700232446193695 -0.14777010679244995
0.23464076220989227 0.41877055168151855 -0.10919702053070068
0.23871198296546936 0.36910921335220337 -0.07567854225635529
0.24069833755493164 0.3248762786388397 -0.04914179816842079
0.23675282299518585 0.28989171981811523 -0.031489867717027664
0.22309798002243042 0.2679133117198944 -0.024572841823101044
0.19607526063919067 0.2625836133956909 -0.030154839158058167
0.15220336616039276 0.2773655652999878 -0.04987633228302002
0.08925384283065796 0.3143590986728668 -0.08442573249340057
0.011586149223148823 0.3683943748474121 -0.12937262654304504
-0.07420029491186142 0.43175461888313293 -0.17853409051895142
-0.16197115182876587 0.4971500635147095 -0.22607095539569855
-0.24606133997440338 0.5577257871627808 -0.266468346118927
-0.3211917281150818 0.6069613695144653 -0.29442986845970154
-0.38230767846107483 0.6384744048118591 -0.3046942353248596
-0.4243673086166382 0.6457536220550537 -0.29180479049682617
-0.4445444643497467 0.6249202489852905 -0.2541894018650055
-0.44467055797576904 0.577925980091095 -0.1988927274942398
-0.42684727907180786 0.5072014331817627 -0.13416115939617157
-0.3930447995662689 0.4151741862297058 -0.06872518360614777
-0.34530407190322876 0.3045452833175659 -0.012055736966431141
-0.28591516613960266 0.1785392463207245 0.025529785081744194
-0.2175694853067398 0.04112112522125244 0.032951612025499344
-0.14375901222229004 -0.1027502790093422 -0.00027015435625799
-0.07255503535270691 -0.24594926834106445 -0.06979883462190628
-0.01515565812587738 -0.3805409371852875 -0.15992216765880585
0.017168870195746422 -0.499182790517807 -0.25449174642562866
0.012776090763509274 -0.5949519276618958 -0.33731433749198914
-0.04115058854222298 -0.6608901023864746 -0.3917430639266968
-0.1599644273519516 -0.6892623901367188 -0.3996320366859436
-0.36378005146980286 -0.6703974604606628 -0.3394151031970978
-0.7775841355323792 0.20758485794067383 0.43930134177207947
-0.4753932058811188 0.3277779817581177 0.14789985120296478
-0.2493334859609604 0.42464467883110046 -0.07358140498399734
-0.10199505090713501 0.4944545328617096 -0.22151531279087067
-0.02769143506884575 0.5361711978912354 -0.2999666929244995
-0.014184636995196342 0.5511725544929504 -0.31921470165252686
-0.045229434967041016 0.5425412058830261 -0.2934439480304718
-0.10301356017589569 0.5142145752906799 -0.23845918476581573
-0.17001837491989136 0.47023460268974304 -0.1698957085609436
-0.23607201874256134 0.41438284516334534 -0.09728218615055084
-0.30015093088150024 0.35033872723579407 -0.0225933026522398
-0.3617915213108063 0.2817549705505371 0.05267179384827614
-0.420449435710907 0.21231305599212646 0.1269431710243225
-0.4755021333694458 0.14576444029808044 0.19856636226177216
-0.5262535810470581 0.08595209568738937 0.26579633355140686
-0.5719416737556458 0.03681299835443497 0.32679998874664307
-0.6117801070213318 0.0019077752949669957 0.37977665662765503
-0.645194947719574 -0.018864834681153297 0.42376792430877686
-0.6717242002487183 -0.027430249378085136 0.4582396149635315
-0.6909130215644836 -0.025763588026165962 0.4826706051826477
-0.70232754945755 -0.015881266444921494 0.49656930565834045
-0.7055696845054626 0.00016201061953324825 0.4994933605194092
-0.7002935409545898 0.020283039659261703 0.49107033014297485
-0.6862225532531738 0.04238785430788994 0.4710197448730469
-0.6637475490570068 0.06494605541229248 0.4398997724056244
-0.6347623467445374 0.08787678182125092 0.400145560503006
-0.6012866497039795 0.11138413101434708 0.3543393909931183
-0.5651829838752747 0.1357402801513672 0.30485349893569946
-0.5281462669372559 0.16129019856452942 0.2538340985774994
-0.49171704053878784 0.18846258521080017 0.20321595668792725
-0.4573153853416443 0.21778900921344757 0.15476250648498535
-0.42625218629837036 0.249857097864151 0.11009202152490616
-0.399047315120697 0.28390079736709595 0.07010909914970398
-0.3756428062915802 0.31772372126579285 0.0352872796356678
-0.3561316132545471 0.3488248586654663 0.006356147117912769
-0.3407529890537262 0.37438830733299255 -0.01570446603000164
-0.32985785603523254 0.39127615094184875 -0.02971057966351509
-0.3238663971424103 0.3960884213447571 -0.03434756025671959
-0.32321056723594666 0.38531020283699036 -0.028281917795538902
-0.3276994526386261 0.3568950593471527 -0.011134292930364609
-0.33416372537612915 0.3159622550010681 0.013047200627624989
-0.3384305536746979 0.2701663076877594 0.03865931183099747
-0.3363732099533081 0.22728106379508972 0.06006063520908356
-0.32407116889953613 0.19488662481307983 0.07179638743400574
-0.29794666171073914 0.1800900101661682 0.06879577040672302
-0.254867821931839 0.18929988145828247 0.046528179198503494
-0.1922646164894104 0.22799444198608398 0.001168130780570209
-0.111618272960186 0.2955491244792938 -0.06634865701198578
-0.020100614055991173 0.3826974034309387 -0.1483648717403412
0.0754576325416565 0.48032188415527344 -0.23743990063667297
0.1692071557044983 0.5804587602615356 -0.3271229565143585
0.25618529319763184 0.6762412786483765 -0.4118864834308624
0.3321278691291809 0.761704683303833 -0.4869503974914551
0.39322352409362793 0.8315027356147766 -0.5480373501777649
0.4362335801124573 0.8810482621192932 -0.5914632081985474
0.4620271325111389 0.910747766494751 -0.6174380779266357
0.4735502600669861 0.9235435128211975 -0.6281126141548157
0.4733872413635254 0.9219560623168945 -0.625257134437561
0.4639102816581726 0.9082452654838562 -0.6103973984718323
0.44742104411125183 0.8845697641372681 -0.5849509835243225
0.4262542426586151 0.8531093597412109 -0.550337553024292
0.4028507471084595 0.8161590695381165 -0.5080726146697998
0.37939950823783875 0.7756744623184204 -0.45973584055900574
0.3569297790527344 0.7320946455001831 -0.40672433376312256
0.33624738454818726 0.6855652928352356 -0.35044193267822266
0.31817004084587097 0.6362534761428833 -0.29234668612480164
0.30352041125297546 0.5843466520309448 -0.23394007980823517
0.293118417263031 0.5300530195236206 -0.17675529420375824
0.28777363896369934 0.473599910736084 -0.12234453856945038
0.28819966316223145 0.4152946472167969 -0.0722738578915596
0.2929490804672241 0.35722413659095764 -0.028387485072016716
0.2981860637664795 0.30344051122665405 0.007173126097768545
0.2999533414840698 0.2580842971801758 0.03229183703660965
0.2943393290042877 0.22523191571235657 0.044926293194293976
0.27752989530563354 0.20883680880069733 0.04314260557293892
0.24586457014083862 0.21266822516918182 0.02515057660639286
0.19589544832706451 0.2402460128068924 -0.010660606436431408
0.1255188137292862 0.2935104966163635 -0.06472523510456085
0.039611268788576126 0.36614906787872314 -0.13125017285346985
-0.05462559312582016 0.44903647899627686 -0.20238296687602997
-0.15054108202457428 0.5336258411407471 -0.27077716588974
-0.2420307844877243 0.6119459271430969 -0.3295542299747467
-0.3234347999095917 0.6764682531356812 -0.3721561133861542
-0.3893522024154663 0.7198620438575745 -0.39210036396980286
-0.4344000816345215 0.7346698641777039 -0.3826752007007599
-0.4556511342525482 0.7166496515274048 -0.341769278049469
-0.45533475279808044 0.6686204671859741 -0.27746158838272095
-0.43597662448883057 0.5939610600471497 -0.19915801286697388
-0.39995312690734863 0.4960198998451233 -0.11675718426704407
-0.34971216320991516 0.3784366250038147 -0.04099160432815552
-0.2879646420478821 0.24542485177516937 0.01639019139111042
-0.21784421801567078 0.1020083948969841 0.04264441132545471
-0.14330074191093445 -0.045824166387319565 0.025442268699407578
-0.07279845327138901 -0.19129516184329987 -0.031659431755542755
-0.017989082261919975 -0.327751100063324 -0.11262156069278717
0.009252546355128288 -0.44899216294288635 -0.2006172239780426
-0.003378878114745021 -0.5491525530815125 -0.2784947156906128
-0.06924274563789368 -0.6224097013473511 -0.32852911949157715
-0.20381130278110504 -0.6625128984451294 -0.33166366815567017
-0.42634478211402893 -0.6620675325393677 -0.2660873532295227
-0.7833371758460999 0.1017463356256485 0.5358819961547852
-0.4800260663032532 0.2857230007648468 0.1786820888519287
-0.25107282400131226 0.4334060847759247 -0.09585095196962357
-0.09921340644359589 0.5403522849082947 -0.2831572890281677
-0.019151734188199043 0.6063047051429749 -0.38776400685310364
0.0006927110371179879 0.634588897228241 -0.4214644432067871
-0.02430562674999237 0.6309496760368347 -0.40057286620140076
-0.07732291519641876 0.6022801995277405 -0.34325557947158813
-0.14184466004371643 0.5555570721626282 -0.267473429441452
-0.20809784531593323 0.4960939288139343 -0.18437157571315765
-0.2746422588825226 0.42730751633644104 -0.09670588374137878
-0.34051427245140076 0.3524964451789856 -0.006741202902048826
-0.40462955832481384 0.2750439941883087 0.08311790972948074
-0.4657770097255707 0.1984708160161972 0.17029759287834167
-0.5226210951805115 0.12646038830280304 0.2520447075366974
-0.573714554309845 0.0628533884882927 0.3254391849040985
-0.6176166534423828 0.011251142248511314 0.3876515030860901
-0.6536123156547546 -0.02764168754220009 0.43760743737220764
-0.6813938617706299 -0.054613713175058365 0.4751705527305603
-0.7007085680961609 -0.07053543627262115 0.5002884864807129
-0.7113582491874695 -0.07633931934833527 0.512986421585083
-0.7131990790367126 -0.0730087086558342 0.5133644342422485
-0.7061421275138855 -0.06156628578901291 0.5015941262245178
-0.6901527643203735 -0.0430624820291996 0.47791585326194763
-0.6658059358596802 -0.01854637637734413 0.4432556629180908
-0.6350838541984558 0.011001670733094215 0.40010547637939453
-0.6000788807868958 0.044691458344459534 0.351055383682251
-0.562737762928009 0.08174389600753784 0.2985003888607025
-0.5248599648475647 0.12150456756353378 0.24463538825511932
-0.4881162643432617 0.16345085203647614 0.19147363305091858
-0.45408421754837036 0.2071952372789383 0.1408863365650177
-0.4242541790008545 0.252432644367218 0.0946241095662117
-0.3992398977279663 0.2979121506214142 0.05372854322195053
-0.37897172570228577 0.3413057029247284 0.01878497377038002
-0.3635009527206421 0.37997013330459595 -0.009395746514201164
-0.3529925048351288 0.41094696521759033 -0.029785756021738052
-0.3476855456829071 0.43097466230392456 -0.04118816927075386
-0.3478485941886902 0.43655991554260254 -0.04230840876698494
-0.3537253439426422 0.4241234064102173 -0.0318564847111702
-0.36485233902931213 0.3916706442832947 -0.009565654210746288
-0.3774932622909546 0.3448919951915741 0.020099034532904625
-0.3868357241153717 0.29216185212135315 0.051042139530181885
-0.3881297707557678 0.24198389053344727 0.07713668048381805
-0.3768480718135834 0.20270007848739624 0.09243252873420715
-0.3488289415836334 0.1822175532579422 0.09134877473115921
-0.3003929555416107 0.18777188658714294 0.06883740425109863
-0.22848854959011078 0.22566059231758118 0.020572692155838013
-0.13487103581428528 0.2955157160758972 -0.052537549287080765
-0.02812972664833069 0.38739848136901855 -0.14210401475429535
0.08345819264650345 0.49140051007270813 -0.23988130688667297
0.19270272552967072 0.5987610816955566 -0.3386348485946655
0.2934078276157379 0.7018334269523621 -0.4320886731147766
0.38016369938850403 0.7939006090164185 -0.5147528052330017
0.4480648338794708 0.8688920140266418 -0.5816713571548462
0.4929117262363434 0.9215627312660217 -0.6285474300384521
0.5159733891487122 0.9522101283073425 -0.6555352210998535
0.5213689804077148 0.9639836549758911 -0.6650438904762268
0.5128236413002014 0.9596003293991089 -0.6590833067893982
0.49384960532188416 0.9415043592453003 -0.6394026875495911
0.46791699528694153 0.9120283126831055 -0.6076326370239258
0.43857961893081665 0.873522937297821 -0.5654025077819824
0.4095567464828491 0.8284565806388855 -0.5144392848014832
0.38395920395851135 0.7789801359176636 -0.45655572414398193
0.36244460940361023 0.7257824540138245 -0.3934434950351715
0.3451717793941498 0.6692903637886047 -0.3268403112888336
0.3322938084602356 0.6099773645401001 -0.2585738003253937
0.32395312190055847 0.5483658909797668 -0.19055402278900146
0.32027527689933777 0.4850260019302368 -0.12476085126399994
0.3213629424571991 0.4205743670463562 -0.06322604417800903
0.3272233307361603 0.355729877948761 -0.008012653328478336
0.3359868824481964 0.29295432567596436 0.03870576247572899
0.3437129557132721 0.23661568760871887 0.07466935366392136
0.34635964035987854 0.19114936888217926 0.09768479317426682
0.3399476706981659 0.1608913391828537 0.10567224025726318
0.32062476873397827 0.1500033140182495 0.09670684486627579
0.28473252058029175 0.16239774227142334 0.0690591037273407
0.2288733571767807 0.20166197419166565 0.021233130246400833
0.15111178159713745 0.2695807218551636 -0.04692430421710014
0.0569223016500473 0.35875922441482544 -0.1286194920539856
-0.04581553116440773 0.45876142382621765 -0.21484072506427765
-0.14988838136196136 0.559906005859375 -0.29724061489105225
-0.24873925745487213 0.6532554626464844 -0.3680824339389801
-0.3363451063632965 0.7304487228393555 -0.4200552701950073
-0.4069995582103729 0.7834018468856812 -0.4459724724292755
-0.45503365993499756 0.8039144277572632 -0.43839919567108154
-0.4774380624294281 0.7875281572341919 -0.3949427008628845
-0.47676730155944824 0.7379519939422607 -0.3243783116340637
-0.4558669328689575 0.659512996673584 -0.2368575632572174
-0.4173997938632965 0.5564833879470825 -0.14301909506320953
-0.3640913963317871 0.43345367908477783 -0.05440426245331764
-0.29894301295280457 0.29565516114234924 0.016295211389660835
-0.22540850937366486 0.14922112226486206 0.05520089343190193
-0.1478155106306076 0.00122978410217911 0.048704542219638824
-0.07526884227991104 -0.14202924072742462 0.00011672650725813583
-0.020362678915262222 -0.27548879384994507 -0.07371959090232849
0.003945471253246069 -0.3944123387336731 -0.1548287272453308
-0.015725040808320045 -0.49431610107421875 -0.22462791204452515
-0.0935576856136322 -0.5708268284797668 -0.2638498842716217
-0.2452130764722824 -0.6194499135017395 -0.2521049976348877
-0.48887285590171814 -0.6352258920669556 -0.16700290143489838
-0.808883786201477 0.031349822878837585 0.6400085687637329
-0.5032882690429688 0.26880764961242676 0.20892538130283356
-0.2712229788303375 0.45736169815063477 -0.12276577204465866
-0.11453241109848022 0.5930777192115784 -0.35124582052230835
-0.027693701907992363 0.6771846413612366 -0.4827961325645447
0.00044569576857611537 0.7151086926460266 -0.5315432548522949
-0.015615859068930149 0.7149828672409058 -0.5163846015930176
-0.06011376529932022 0.6861516833305359 -0.45812249183654785
-0.11755842715501785 0.6379691362380981 -0.3772970736026764
-0.1786973625421524 0.5768652558326721 -0.2867140471935272
-0.24203084409236908 0.5057397484779358 -0.18961286544799805
-0.30648475885391235 0.4272976815700531 -0.088710717856884
-0.3708384335041046 0.3443792462348938 0.013057227246463299
-0.4337090253829956 0.2600236237049103 0.1124935895204544
-0.49354785680770874 0.17750006914138794 0.20612719655036926
-0.5486552119255066 0.1003035455942154 0.290240079164505
-0.5972973704338074 0.031880903989076614 0.3612292408943176
-0.6383908987045288 -0.026133952662348747 0.4178491532802582
-0.671271800994873 -0.07313624769449234 0.4601692259311676
-0.6953833103179932 -0.1086677610874176 0.4884272515773773
-0.7102618217468262 -0.13239221274852753 0.5029876828193665
-0.7155230641365051 -0.14407376945018768 0.5043076872825623
-0.7108445167541504 -0.14355266094207764 0.4929041862487793
-0.6959480047225952 -0.1307218074798584 0.4693240821361542
-0.6712843179702759 -0.10607492923736572 0.4346676766872406
-0.6390576362609863 -0.07152990251779556 0.39137646555900574
-0.6016370058059692 -0.02911975421011448 0.3419721722602844
-0.5612584352493286 0.019264230504631996 0.2888173758983612
-0.5200313329696655 0.07187972962856293 0.23412078619003296
-0.4799605906009674 0.12712913751602173 0.1799575686454773
-0.442981094121933 0.18354544043540955 0.12830306589603424
-0.4109528362751007 0.23974645137786865 0.08104583621025085
-0.38472646474838257 0.2939722239971161 0.0394221767783165
-0.36432701349258423 0.34392663836479187 0.004219971597194672
-0.34987562894821167 0.3870406746864319 -0.023593397811055183
-0.3415880501270294 0.420478492975235 -0.04287700727581978
-0.3397359848022461 0.4411652386188507 -0.05235897749662399
-0.3446027934551239 0.44585832953453064 -0.05069798603653908
-0.3564327359199524 0.43127161264419556 -0.03656848892569542
-0.374665230512619 0.39571917057037354 -0.009719232097268105
-0.39502161741256714 0.3452346622943878 0.02508215233683586
-0.4120101034641266 0.28849515318870544 0.0613710880279541
-0.4201912581920624 0.23428736627101898 0.09265375882387161
-0.4143265187740326 0.19126901030540466 0.11258375644683838
-0.38952070474624634 0.1677335947751999 0.11513465642929077
-0.34134840965270996 0.17139261960983276 0.09475737810134888
-0.2660270631313324 0.2091021090745926 0.04658256471157074
-0.16526208817958832 0.2807794511318207 -0.02870391122996807
-0.048718780279159546 0.3761819899082184 -0.1223188117146492
0.0741165280342102 0.4849476218223572 -0.2254888117313385
0.19483985006809235 0.5977723598480225 -0.3303859233856201
0.30605369806289673 0.7063973546028137 -0.43009626865386963
0.4011633098125458 0.8034464716911316 -0.5184656977653503
0.47408169507980347 0.8821548223495483 -0.589856743812561
0.5195339322090149 0.936608612537384 -0.6393271088600159
0.5390533208847046 0.9669830799102783 -0.6669278740882874
0.5378255248069763 0.9766546487808228 -0.675301194190979
0.5206536650657654 0.9685863852500916 -0.6667015552520752
0.49215832352638245 0.9454838037490845 -0.6431336402893066
0.45697256922721863 0.909961462020874 -0.6064987182617188
0.4198826253414154 0.8646751046180725 -0.5587161183357239
0.38591477274894714 0.812425971031189 -0.5018248558044434
0.35912951827049255 0.7556737661361694 -0.43793267011642456
0.3398059606552124 0.6952695250511169 -0.3689136803150177
0.32742854952812195 0.6317777037620544 -0.2966736853122711
0.32144299149513245 0.5658168792724609 -0.22321860492229462
0.3212525546550751 0.49806034564971924 -0.15064583718776703
0.3262155055999756 0.4292342960834503 -0.08112998306751251
0.3356446325778961 0.36011454463005066 -0.016902999952435493
0.34875398874282837 0.29158157110214233 0.0397731214761734
0.3631953299045563 0.22630934417247772 0.08662784844636917
0.37490323185920715 0.1689431518316269 0.12141597270965576
0.3797321319580078 0.12420562654733658 0.14196868240833282
0.37361329793930054 0.09671008586883545 0.14624567329883575
0.3526340425014496 0.09086333215236664 0.13238956034183502
0.3131232261657715 0.11076401174068451 0.09878002852201462
0.25173836946487427 0.16009856760501862 0.04408515617251396
0.1667545735836029 0.24050988256931305 -0.03157472610473633
0.06433560699224472 0.3435938358306885 -0.12083207070827484
-0.04687630012631416 0.4577185809612274 -0.21409550309181213
-0.1590566337108612 0.5722127556800842 -0.30258306860923767
-0.26518890261650085 0.6773526072502136 -0.37825900316238403
-0.35891762375831604 0.7641560435295105 -0.4336155652999878
-0.43428972363471985 0.8240191340446472 -0.46132388710975647
-0.48542577028274536 0.848244309425354 -0.4538027346134186
-0.5092647075653076 0.8323233127593994 -0.40865281224250793
-0.5086005926132202 0.7808480262756348 -0.33496466279029846
-0.4864766001701355 0.6990616321563721 -0.24318163096904755
-0.44570180773735046 0.5921312570571899 -0.14422382414340973
-0.38912856578826904 0.4655851125717163 -0.049962643533945084
-0.3198927640914917 0.325680673122406 0.026479175314307213
-0.24161888659000397 0.17969632148742676 0.07064875960350037
-0.15890125930309296 0.03584853187203407 0.06827829033136368
-0.08172547072172165 -0.10018030554056168 0.02307705208659172
-0.024133898317813873 -0.22519341111183167 -0.04666908085346222
-0.0006671060691587627 -0.33625125885009766 -0.12120479345321655
-0.02620551362633705 -0.43061426281929016 -0.17992818355560303
-0.11602126806974411 -0.5057101249694824 -0.20154806971549988
-0.2859795093536377 -0.5590742230415344 -0.1640567183494568
-0.552897036075592 -0.588254451751709 -0.044489502906799316
-0.8485239148139954 -0.010623597539961338 0.7437401413917542
-0.5385420322418213 0.27066901326179504 0.23648275434970856
-0.3025672435760498 0.49047181010246277 -0.15122121572494507
-0.14062707126140594 0.6468225121498108 -0.4185643494129181
-0.04638577625155449 0.7432131767272949 -0.5750580430030823
-0.00881798192858696 0.7873079776763916 -0.6378719210624695
-0.014172387309372425 0.7893218398094177 -0.6286659240722656
-0.047674622386693954 0.760529637336731 -0.5708104968070984
-0.09477615356445312 0.7121126651763916 -0.48733124136924744
-0.1467985063791275 0.6512401103973389 -0.39255034923553467
-0.2024793028831482 0.5801054239273071 -0.2899065911769867
-0.260966420173645 0.5006372928619385 -0.18227583169937134
-0.32125818729400635 0.4149385094642639 -0.07282580435276031
-0.38217678666114807 0.3253573477268219 0.034929074347019196
-0.4423547089099884 0.2345302700996399 0.13711656630039215
-0.5002403259277344 0.14538955688476562 0.22954849898815155
-0.5541374683380127 0.06105714663863182 0.3081442415714264
-0.6023948192596436 -0.01582232490181923 0.3714442253112793
-0.6435367465019226 -0.08307007700204849 0.41952165961265564
-0.6762549877166748 -0.13875634968280792 0.45270657539367676
-0.6993938088417053 -0.18118071556091309 0.47150683403015137
-0.7119236588478088 -0.20883618295192719 0.4765397012233734
-0.7129042744636536 -0.22035841643810272 0.46846824884414673
-0.7014436721801758 -0.21446749567985535 0.4479460120201111
-0.6776394844055176 -0.1910778284072876 0.4160861372947693
-0.6440318822860718 -0.1530168354511261 0.3752165138721466
-0.6034270524978638 -0.10342159122228622 0.3277472257614136
-0.5585098266601562 -0.04527090862393379 0.2759726643562317
-0.5118654370307922 0.018596554175019264 0.22208888828754425
-0.46600663661956787 0.08545831590890884 0.16821616888046265
-0.423407644033432 0.15267784893512726 0.11642627418041229
-0.38648203015327454 0.21768178045749664 0.06874646991491318
-0.35644954442977905 0.27819666266441345 0.026645708829164505
-0.3335084617137909 0.3320898413658142 -0.008825097233057022
-0.31791993975639343 0.37704217433929443 -0.03649362176656723
-0.31001901626586914 0.4105488657951355 -0.05506725609302521
-0.31018126010894775 0.4299521744251251 -0.06316514313220978
-0.31878548860549927 0.4325007498264313 -0.05936382710933685
-0.3361707627773285 0.4154382050037384 -0.04225916042923927
-0.3617779612541199 0.3775416910648346 -0.011552163399755955
-0.3908308446407318 0.3249872624874115 0.027799274772405624
-0.41718602180480957 0.26642441749572754 0.06909511238336563
-0.4347313940525055 0.21057842671871185 0.10560943186283112
-0.437511146068573 0.16607806086540222 0.13072441518306732
-0.4198530316352844 0.1412765234708786 0.13806943595409393
-0.37649184465408325 0.14407303929328918 0.12165813148021698
-0.3027600049972534 0.1816575676202774 0.07608791440725327
-0.2000379115343094 0.25425419211387634 0.0016753524541854858
-0.07870428264141083 0.35164424777030945 -0.09272100776433945
0.05082835257053375 0.4633229374885559 -0.19808101654052734
0.17912288010120392 0.5796871185302734 -0.30619415640830994
0.2976653575897217 0.6920369267463684 -0.4096485376358032
0.39868077635765076 0.7924385666847229 -0.5017012357711792
0.47484636306762695 0.8734779357910156 -0.5760590434074402
0.5197159647941589 0.9285717606544495 -0.6271228194236755
0.5349401235580444 0.9577394723892212 -0.6547935009002686
0.5266448259353638 0.9645640254020691 -0.6619106531143188
0.5006363391876221 0.952264130115509 -0.6509688496589661
0.4626101553440094 0.9238473176956177 -0.6242521405220032
0.41836118698120117 0.8822782635688782 -0.5839831233024597
0.37392985820770264 0.8306140303611755 -0.5324464440345764
0.33568334579467773 0.7721076607704163 -0.4720902144908905
0.30865415930747986 0.7096191644668579 -0.4053795039653778
0.2927185893058777 0.6441071629524231 -0.33427348732948303
0.2866367697715759 0.576172947883606 -0.26069462299346924
0.2890841066837311 0.5064566731452942 -0.18664602935314178
0.2986561357975006 0.43563389778137207 -0.11419861763715744
0.31387555599212646 0.36441195011138916 -0.04547533020377159
0.33320119976997375 0.2935248613357544 0.017366819083690643
0.3549976944923401 0.22379375994205475 0.07215959578752518
0.376417875289917 0.15795327723026276 0.11675141751766205
0.3932815492153168 0.10087934136390686 0.14901819825172424
0.40134313702583313 0.057565461844205856 0.16689081490039825
0.396438866853714 0.032912060618400574 0.1684190034866333
0.3745858371257782 0.03160056844353676 0.15184326469898224
0.3320956826210022 0.057952478528022766 0.11566977202892303
0.26569458842277527 0.11577954888343811 0.058743059635162354
0.17391163110733032 0.2065952867269516 -0.018585404381155968
0.06365621834993362 0.3210696578025818 -0.10877341032028198
-0.05562569573521614 0.44650202989578247 -0.2021668702363968
-0.17548702657222748 0.5713805556297302 -0.29003703594207764
-0.28847333788871765 0.6853706240653992 -0.36451148986816406
-0.3879459798336029 0.7790663242340088 -0.41832977533340454
-0.46777665615081787 0.843555748462677 -0.4444577693939209
-0.5219588279724121 0.8698634505271912 -0.43561357259750366
-0.5474168658256531 0.8535699844360352 -0.3895924389362335
-0.5471068620681763 0.8001189827919006 -0.3154750168323517
-0.5241648554801941 0.7156170606613159 -0.223624125123024
-0.4814291000366211 0.6060847640037537 -0.12487117946147919
-0.4217519164085388 0.4779602289199829 -0.031030891463160515
-0.3482723832130432 0.33851903676986694 0.044764816761016846
-0.2646542191505432 0.19619472324848175 0.08796399086713791
-0.17565159499645233 0.06035599485039711 0.08418073505163193
-0.09227511286735535 -0.06402994692325592 0.03807680681347847
-0.03035339154303074 -0.17589007318019867 -0.030083054676651955
-0.006336734630167484 -0.274413138628006 -0.0982578694820404
-0.036847058683633804 -0.3589797616004944 -0.14342838525772095
-0.13831444084644318 -0.4291764795780182 -0.142100989818573
-0.32662948966026306 -0.4848049581050873 -0.07082055509090424
-0.616818368434906 -0.5258787274360657 0.09333252906799316
-0.8955724239349365 -0.03339425474405289 0.8387599587440491
-0.5782248377799988 0.28333503007888794 0.2594353258609772
-0.33701929450035095 0.5258913636207581 -0.1778809130191803
-0.16933836042881012 0.6957219243049622 -0.4779393970966339
-0.06748780608177185 0.7992574572563171 -0.6548637747764587
-0.020214149728417397 0.8464763760566711 -0.7293238043785095
-0.01426747813820839 0.8493841290473938 -0.7256250977516174
-0.03567018359899521 0.8207370042800903 -0.6693361401557922
-0.07063951343297958 0.7730864882469177 -0.5855754017829895
-0.1110604926943779 0.7140490412712097 -0.48987990617752075
-0.15613335371017456 0.6449909806251526 -0.3856367766857147
-0.20548845827579498 0.5669441223144531 -0.2756231427192688
-0.2586275041103363 0.48113447427749634 -0.1629643589258194
-0.31488561630249023 0.38906049728393555 -0.05119429901242256
-0.37340179085731506 0.2925514876842499 0.05573495477437973
-0.43310171365737915 0.19379910826683044 0.15350595116615295
-0.49259260296821594 0.09545421600341797 0.23787051439285278
-0.5494970679283142 0.0011910534230992198 0.3071320056915283
-0.6011664867401123 -0.08515503257513046 0.3611743450164795
-0.6451936960220337 -0.1601315438747406 0.40022268891334534
-0.6794119477272034 -0.2206629365682602 0.4247331917285919
-0.7018604278564453 -0.26399660110473633 0.43529367446899414
-0.7107224464416504 -0.28761208057403564 0.43253251910209656
-0.7042497992515564 -0.2891086935997009 0.41704028844833374
-0.6820400357246399 -0.26783037185668945 0.3898223340511322
-0.647054135799408 -0.22743703424930573 0.3530721366405487
-0.602643609046936 -0.17207054793834686 0.30907732248306274
-0.5520504713058472 -0.10571252554655075 0.2600485384464264
-0.498454213142395 -0.03224501386284828 0.20815251767635345
-0.4450119435787201 0.04449816793203354 0.15553951263427734
-0.3948921263217926 0.1206878200173378 0.10436705499887466
-0.35122793912887573 0.19251638650894165 0.05679623782634735
-0.3157183825969696 0.25721296668052673 0.014542418532073498
-0.2887779176235199 0.3129064738750458 -0.02105669490993023
-0.27083131670951843 0.3576565384864807 -0.04860754311084747
-0.2623433470726013 0.3894338011741638 -0.06665665656328201
-0.26379743218421936 0.4061450660228729 -0.07370934635400772
-0.27567237615585327 0.4056684672832489 -0.06825539469718933
-0.29841506481170654 0.3859005570411682 -0.04880339652299881
-0.3314991295337677 0.3461458086967468 -0.014977040700614452
-0.36971214413642883 0.2925593852996826 0.02818012610077858
-0.4063369333744049 0.2335289567708969 0.07386624813079834
-0.43467026948928833 0.1774812489748001 0.11526166647672653
-0.4481108784675598 0.13277940452098846 0.1456139236688614
-0.44025757908821106 0.10760491341352463 0.15833483636379242
-0.40501418709754944 0.10982939600944519 0.14710506796836853
-0.33678022027015686 0.1467948853969574 0.10605546832084656
-0.2364170253276825 0.21903987228870392 0.035050395876169205
-0.11467663198709488 0.3166343867778778 -0.057245198637247086
0.017398497089743614 0.4291946589946747 -0.1618228405714035
0.14955663681030273 0.547038733959198 -0.2703036665916443
0.2723028361797333 0.6611934900283813 -0.37493813037872314
0.3767412304878235 0.7632806301116943 -0.46850281953811646
0.45431044697761536 0.8453021049499512 -0.5441103577613831
0.497341126203537 0.9000283479690552 -0.5955279469490051
0.5074685215950012 0.9272812008857727 -0.6224774122238159
0.4916308522224426 0.9307997226715088 -0.6279646158218384
0.45656293630599976 0.9140394926071167 -0.6147235631942749
0.4090039134025574 0.880317747592926 -0.5853438377380371
0.35591113567352295 0.8329833149909973 -0.54241943359375
0.3046000897884369 0.7755500078201294 -0.4886714816093445
0.26280418038368225 0.7117959856987 -0.42704373598098755
0.2365301549434662 0.6450350880622864 -0.36040598154067993
0.22520077228546143 0.5762940049171448 -0.29069527983665466
0.22677414119243622 0.5061350464820862 -0.219692200422287
0.23907075822353363 0.43512263894081116 -0.14921346306800842
0.25979942083358765 0.3638173043727875 -0.08109539747238159
0.28658193349838257 0.2927702069282532 -0.017179744318127632
0.31697604060173035 0.22251881659030914 0.04069836065173149
0.3484683334827423 0.1536564975976944 0.09071914851665497
0.3777308464050293 0.08885741233825684 0.13102371990680695
0.4005197584629059 0.033176716417074203 0.15968075394630432
0.41252726316452026 -0.008151275105774403 0.17477145791053772
0.40951797366142273 -0.029948102310299873 0.1744682937860489
0.38745367527008057 -0.02724882774055004 0.15712371468544006
0.3426431715488434 0.00450959661975503 0.12136657536029816
0.2719072997570038 0.06927990168333054 0.06619860231876373
0.1740678995847702 0.1684625744819641 -0.007876645773649216
0.0567815937101841 0.29191580414772034 -0.09351451694965363
-0.06972427666187286 0.4260258674621582 -0.18144699931144714
-0.19641610980033875 0.5586017966270447 -0.2633979022502899
-0.31545311212539673 0.6788656711578369 -0.3320102393627167
-0.41997888684272766 0.7771590948104858 -0.3805858790874481
-0.5037639141082764 0.8444362878799438 -0.402680903673172
-0.560756504535675 0.8716198205947876 -0.39161068201065063
-0.5879026055335999 0.8544811606407166 -0.34548723697662354
-0.5882533192634583 0.7992613315582275 -0.27312424778938293
-0.5649540424346924 0.7128675580024719 -0.18452619016170502
-0.5207840800285339 0.6021232604980469 -0.09016501903533936
-0.4585024416446686 0.4743401110172272 -0.0015103183686733246
-0.38115325570106506 0.3377854824066162 0.06862504035234451
-0.2923375070095062 0.20202426612377167 0.10597934573888779
-0.19687598943710327 0.07754138857126236 0.09651158004999161
-0.10684718191623688 -0.03152340650558472 0.04628145694732666
-0.04000832512974739 -0.12644553184509277 -0.02207644283771515
-0.014832869172096252 -0.2088562399148941 -0.08391132950782776
-0.04970763251185417 -0.2806147038936615 -0.11363082379102707
-0.1620892584323883 -0.343782514333725 -0.08567490428686142
-0.36757978796958923 -0.4005758464336395 0.02432342991232872
-0.6789997816085815 -0.4532909095287323 0.23828600347042084
-0.943117082118988 -0.04674174636602402 0.91670823097229
-0.6147918701171875 0.29862040281295776 0.27603331208229065
-0.3667210340499878 0.5570071339607239 -0.1996477097272873
-0.19285590946674347 0.7345263957977295 -0.5230121612548828
-0.0836266353726387 0.8410421013832092 -0.7137920260429382
-0.027166100218892097 0.8888580799102783 -0.7962538003921509
-0.010404068976640701 0.89152991771698 -0.7969514727592468
-0.019880948588252068 0.8629671931266785 -0.7430583834648132
-0.04233996197581291 0.8167720437049866 -0.6611793637275696
-0.07016553729772568 0.7608188390731812 -0.56765216588974
-0.10317355394363403 0.6955915093421936 -0.46559908986091614
-0.1416599154472351 0.6211629509925842 -0.3574811816215515
-0.1858324408531189 0.537799060344696 -0.24613671004772186
-0.23576200008392334 0.4460418224334717 -0.1348402053117752
-0.29133009910583496 0.34678658843040466 -0.027311988174915314
-0.3521782159805298 0.24134600162506104 0.07233813405036926
-0.4174063801765442 0.13177016377449036 0.16000497341156006
-0.48380929231643677 0.022704117000102997 0.23375946283340454
-0.5473248362541199 -0.08038803189992905 0.29313331842422485
-0.6042200922966003 -0.17257104814052582 0.3380701541900635
-0.6511180400848389 -0.2494535744190216 0.36879652738571167
-0.6849564909934998 -0.3071139454841614 0.38570141792297363
-0.7028970122337341 -0.34196192026138306 0.3892230987548828
-0.7021996974945068 -0.35055863857269287 0.37975016236305237
-0.6818817257881165 -0.3317006528377533 0.35809391736984253
-0.6453790664672852 -0.28977182507514954 0.3263218104839325
-0.5966525077819824 -0.2297886162996292 0.28661108016967773
-0.5395670533180237 -0.1566188484430313 0.24109041690826416
-0.47797691822052 -0.07509815692901611 0.19189085066318512
-0.4157859683036804 0.009886592626571655 0.14118248224258423
-0.3569830358028412 0.09334410727024078 0.09119784086942673
-0.30556267499923706 0.17025084793567657 0.044223230332136154
-0.2637826204299927 0.23737426102161407 0.0022100049536675215
-0.23227448761463165 0.29317301511764526 -0.03323131054639816
-0.21160295605659485 0.33617186546325684 -0.06050220504403114
-0.2023218274116516 0.3649047315120697 -0.07800767570734024
-0.20497241616249084 0.37791916728019714 -0.08416040241718292
-0.2200814038515091 0.3737795650959015 -0.07738439738750458
-0.24815873801708221 0.35107243061065674 -0.05611986666917801
-0.2886955738067627 0.3096293807029724 -0.019910769537091255
-0.33611708879470825 0.2554624676704407 0.026209823787212372
-0.3832445442676544 0.19654718041419983 0.07546696066856384
-0.4229060113430023 0.140867680311203 0.12108093500137329
-0.44797787070274353 0.0963759571313858 0.15630295872688293
-0.4514433443546295 0.07093288004398346 0.17446643114089966
-0.4264644980430603 0.07223235070705414 0.16905207931995392
-0.366555392742157 0.10762685537338257 0.13383804261684418
-0.2719530165195465 0.17796163260936737 0.06821901351213455
-0.15349185466766357 0.2737938463687897 -0.019539782777428627
-0.022561833262443542 0.3850729167461395 -0.12066177278757095
0.11000564694404602 0.5022314190864563 -0.22680111229419708
0.23391039669513702 0.6161860227584839 -0.3300423324108124
0.3392483592033386 0.7182417511940002 -0.42281651496887207
0.4162779748439789 0.7999106645584106 -0.4977421760559082
0.45611611008644104 0.8533762693405151 -0.5480197668075562
0.4602832794189453 0.8782244324684143 -0.5731907486915588
0.43641331791877747 0.8782805800437927 -0.5764122009277344
0.39210063219070435 0.8571915030479431 -0.5606675148010254
0.3350968062877655 0.8185624480247498 -0.5288849472999573
0.27351465821266174 0.7661210298538208 -0.48408183455467224
0.21594811975955963 0.703845739364624 -0.42947906255722046
0.17149123549461365 0.6360512375831604 -0.36858299374580383
0.14708870649337769 0.5665058493614197 -0.30468666553497314
0.1416298896074295 0.49626874923706055 -0.2395736426115036
0.15217232704162598 0.42580586671829224 -0.17470553517341614
0.17558489739894867 0.35553431510925293 -0.11152099817991257
0.20860956609249115 0.28581658005714417 -0.051421429961919785
0.2479127049446106 0.21695691347122192 0.004237389657646418
0.2901237905025482 0.1491999626159668 0.054146818816661835
0.33184927701950073 0.08281183987855911 0.09703519195318222
0.36933434009552 0.020324623212218285 0.131455197930336
0.39836445450782776 -0.033085454255342484 0.1557009518146515
0.4146459102630615 -0.07199326902627945 0.16803023219108582
0.41393229365348816 -0.09098006784915924 0.16675589978694916
0.3921772241592407 -0.08482007682323456 0.15034493803977966
0.345726877450943 -0.04871758073568344 0.11752994358539581
0.2715357840061188 0.021421032026410103 0.06742382049560547
0.16874615848064423 0.12690825760364532 0.0005718210595659912
0.045690760016441345 0.2569533884525299 -0.07621587812900543
-0.08672215789556503 0.39723023772239685 -0.15443141758441925
-0.2189621478319168 0.5350477695465088 -0.22655700147151947
-0.34288308024406433 0.6593442559242249 -0.2859930992126465
-0.4514842927455902 0.7603498697280884 -0.3267963230609894
-0.5385045409202576 0.8290148377418518 -0.34327778220176697
-0.597916305065155 0.8562886118888855 -0.3295154273509979
-0.6267167925834656 0.8381974101066589 -0.28399279713630676
-0.6279934048652649 0.7817044258117676 -0.21506737172603607
-0.6048406958580017 0.694446861743927 -0.1321977823972702
-0.5599241852760315 0.5839951038360596 -0.04531509429216385
-0.49585479497909546 0.45848625898361206 0.03465715050697327
-0.4155232310295105 0.3271276652812958 0.0954713523387909
-0.3224022686481476 0.20054681599140167 0.12347003817558289
-0.22130751609802246 0.09024102240800858 0.1053466871380806
-0.12532708048820496 -0.000606513349339366 0.04888881370425224
-0.0540778748691082 -0.07581067830324173 -0.020681031048297882
-0.02793237939476967 -0.13971483707427979 -0.07599571347236633
-0.06683339923620224 -0.19694876670837402 -0.08899039030075073
-0.1889573335647583 -0.25226569175720215 -0.032436225563287735
-0.4092589318752289 -0.31031084060668945 0.11822295933961868
-0.7381014823913574 -0.375341534614563 0.382969468832016
-0.9841119647026062 -0.06084153801202774 0.9692255258560181
-0.6409236192703247 0.30840611457824707 0.2846936881542206
-0.38430875539779663 0.5776568055152893 -0.21372796595096588
-0.2040029615163803 0.7586872577667236 -0.5483104586601257
-0.0880718007683754 0.8651164174079895 -0.7447437644004822
-0.023648133501410484 0.911554753780365 -0.8305522799491882
0.0025084568187594414 0.9129570126533508 -0.8338943719863892
0.0036579309962689877 0.8842078447341919 -0.7828016877174377
-0.00719544617459178 0.8398000001907349 -0.7046239972114563
-0.022829130291938782 0.7877887487411499 -0.6160141825675964
-0.04375508427619934 0.7277759909629822 -0.5196525454521179
-0.07103607803583145 0.6588661670684814 -0.41750597953796387
-0.10569896548986435 0.5803347229957581 -0.3119126260280609
-0.14867523312568665 0.4917118549346924 -0.2056359350681305
-0.20072326064109802 0.39287999272346497 -0.10187439620494843
-0.262336403131485 0.2841709554195404 -0.004211079329252243
-0.3332202434539795 0.16691555082798004 0.08369148522615433
-0.4093128442764282 0.04658430814743042 0.1597137302160263
-0.4850401282310486 -0.06987025588750839 0.22292254865169525
-0.5552499890327454 -0.17615564167499542 0.27284157276153564
-0.6152752637863159 -0.26667898893356323 0.3093220889568329
-0.6608872413635254 -0.33645522594451904 0.3324127495288849
-0.6881697773933411 -0.38092121481895447 0.3422333002090454
-0.6933374404907227 -0.3956877291202545 0.3388584554195404
-0.6747933030128479 -0.3790252208709717 0.32284149527549744
-0.6364749670028687 -0.3359164893627167 0.2961457371711731
-0.582984209060669 -0.27211254835128784 0.2608639895915985
-0.518846333026886 -0.19324244558811188 0.21905796229839325
-0.44864392280578613 -0.1049896702170372 0.1728283315896988
-0.377102792263031 -0.013208874501287937 0.12436284124851227
-0.3091312646865845 0.07601628452539444 0.07596277445554733
-0.2496965527534485 0.15651267766952515 0.03003067523241043
-0.20165467262268066 0.22463801503181458 -0.011278975754976273
-0.16580858826637268 0.2792251408100128 -0.04613414779305458
-0.14279323816299438 0.3193133771419525 -0.07278028875589371
-0.1331675946712494 0.3440403938293457 -0.08952780067920685
-0.13744017481803894 0.3526155352592468 -0.09474137425422668
-0.15609648823738098 0.3442872166633606 -0.08682183176279068
-0.18962812423706055 0.3183097839355469 -0.0641816183924675
-0.23749899864196777 0.2750019431114197 -0.026303863152861595
-0.2938579022884369 0.22015103697776794 0.02187814936041832
-0.3511996865272522 0.16124098002910614 0.07373891025781631
-0.40202853083610535 0.10574258118867874 0.12266474217176437
-0.43885114789009094 0.061124611645936966 0.16204394400119781
-0.454188734292984 0.034845415502786636 0.18527409434318542
-0.44060713052749634 0.03432640805840492 0.18578530848026276
-0.39085739850997925 0.06682571768760681 0.15715186297893524
-0.3045300543308258 0.1334763616323471 0.09833889454603195
-0.19231294095516205 0.22546011209487915 0.01706988923251629
-0.0656941756606102 0.3332219123840332 -0.07828330993652344
0.06414756178855896 0.44747427105903625 -0.17958517372608185
0.18630631268024445 0.5591816306114197 -0.278923898935318
0.2900297939777374 0.6594769358634949 -0.3685391843318939
0.36451801657676697 0.7395104765892029 -0.44069138169288635
0.3997584581375122 0.7909854054450989 -0.4881283938884735
0.39710575342178345 0.8132272362709045 -0.510244607925415
0.3647928833961487 0.8100606799125671 -0.5103533267974854
0.31121358275413513 0.7852545380592346 -0.49171215295791626
0.24509327113628387 0.7426425814628601 -0.45762813091278076
0.17566995322704315 0.6862773895263672 -0.4115893244743347
0.11277643591165543 0.6205428838729858 -0.3573634624481201
0.06680167466402054 0.5502200722694397 -0.2990541160106659
0.04552978649735451 0.4794589877128601 -0.24035340547561646
0.04721450433135033 0.409317284822464 -0.1827322095632553
0.06791114062070847 0.3401333689689636 -0.1271405816078186
0.10344944894313812 0.27214205265045166 -0.07444705814123154
0.14954346418380737 0.2054738998413086 -0.02543497271835804
0.20187440514564514 0.14015688002109528 0.019193818792700768
0.25614386796951294 0.07612042129039764 0.058808811008930206
0.30810287594795227 0.013286704197525978 0.09282176941633224
0.35365283489227295 -0.04599244147539139 0.12025605142116547
0.3887363374233246 -0.09649092704057693 0.13962243497371674
0.4091891348361969 -0.13267074525356293 0.14935386180877686
0.4108543395996094 -0.14894859492778778 0.1479034274816513
0.38976407051086426 -0.13990290462970734 0.13384196162223816
0.34237295389175415 -0.10055215656757355 0.10597266256809235
0.2658229172229767 -0.026684286072850227 0.06345309317111969
0.1595856100320816 0.08295904099941254 0.006741213612258434
0.03251098841428757 0.21716411411762238 -0.058165717869997025
-0.10400267690420151 0.3611507713794708 -0.12379820644855499
-0.2400764673948288 0.5019314289093018 -0.18360044062137604
-0.3673670291900635 0.6283107399940491 -0.23186427354812622
-0.4788054823875427 0.730517566204071 -0.2634831666946411
-0.5681546926498413 0.7995834350585938 -0.2735776901245117
-0.629461944103241 0.8265681862831116 -0.2570437788963318
-0.6597920060157776 0.8077801465988159 -0.212739497423172
-0.6622194051742554 0.7508118748664856 -0.14844530820846558
-0.6397528648376465 0.6639502048492432 -0.0729651227593422
-0.5949246883392334 0.5554484128952026 0.004415883682668209
-0.5301861763000488 0.4342026710510254 0.07344917207956314
-0.4482612907886505 0.31027254462242126 0.12262941896915436
-0.3524727523326874 0.19521790742874146 0.13914991915225983
-0.2475847750902176 0.10136029869318008 0.11075486987829208
-0.1475321501493454 0.030772380530834198 0.04715705290436745
-0.07349592447280884 -0.023042164742946625 -0.023821843788027763
-0.04736694321036339 -0.06732319295406342 -0.07224216312170029
-0.09019999951124191 -0.10963796824216843 -0.06792227178812027
-0.22044649720191956 -0.15749141573905945 0.017457732930779457
-0.45209577679634094 -0.21781405806541443 0.2079261988401413
-0.7930713891983032 -0.29640549421310425 0.520886242389679
-1.0114163160324097 -0.08617860823869705 0.987922728061676
-0.6495928168296814 0.30476969480514526 0.2839629352092743
-0.38296905159950256 0.5821705460548401 -0.217612162232399
-0.1962781399488449 0.7642750144004822 -0.5491207242012024
-0.07476966083049774 0.868678092956543 -0.7417218685150146
-0.004219963680952787 0.9123080968856812 -0.8253933191299438
0.029119059443473816 0.9114876389503479 -0.8290353417396545
0.038626778870821 0.8820598125457764 -0.780691921710968
0.037335529923439026 0.8394157886505127 -0.7076375484466553
0.03221387788653374 0.7918227314949036 -0.6263114213943481
0.02204526774585247 0.7380473613739014 -0.5388043522834778
0.004982661921530962 0.6762593388557434 -0.4464423358440399
-0.02083825133740902 0.6047589182853699 -0.3508824408054352
-0.05723109841346741 0.5220585465431213 -0.254156231880188
-0.10585743933916092 0.42699235677719116 -0.15868018567562103
-0.1680958867073059 0.31884557008743286 -0.06722047924995422
-0.2442999631166458 0.19811774790287018 0.017284195870161057
-0.3296087384223938 0.07087628543376923 0.09260791540145874
-0.4169910252094269 -0.054684992879629135 0.15730296075344086
-0.49991893768310547 -0.1711174100637436 0.21038666367530823
-0.5724675059318542 -0.2717837393283844 0.251230388879776
-0.6292633414268494 -0.3507552742958069 0.279433935880661
-0.6653245687484741 -0.4025891423225403 0.2946954369544983
-0.6758230328559875 -0.4220234155654907 0.296684205532074
-0.658543586730957 -0.4068136513233185 0.285643607378006
-0.6179296374320984 -0.3624095916748047 0.26345622539520264
-0.5592364072799683 -0.2951611578464508 0.2321622520685196
-0.4876725673675537 -0.21133935451507568 0.19378162920475006
-0.4085872173309326 -0.117369145154953 0.1504020392894745
-0.32758525013923645 -0.019975105300545692 0.10423827916383743
-0.2505664527416229 0.07376303523778915 0.0576624870300293
-0.18354788422584534 0.15662474930286407 0.013187607750296593
-0.12997621297836304 0.2246229499578476 -0.026881825178861618
-0.090729720890522 0.2769891023635864 -0.0605800598859787
-0.06640022248029709 0.3132959306240082 -0.08607780933380127
-0.05743208900094032 0.3332885801792145 -0.1016647145152092
-0.06418219208717346 0.3368186354637146 -0.10572442412376404
-0.08698263019323349 0.3237769305706024 -0.09669572114944458
-0.1262044459581375 0.29402685165405273 -0.07302238047122955
-0.18122300505638123 0.24831213057041168 -0.03416229411959648
-0.246008962392807 0.1921522319316864 0.015136140398681164
-0.3128810524940491 0.1325172781944275 0.06851550936698914
-0.37417736649513245 0.07635141909122467 0.11964714527130127
-0.4222007989883423 0.03062402456998825 0.16218313574790955
-0.44918572902679443 0.00236245384439826 0.18972568213939667
-0.4472825825214386 -0.0013325028121471405 0.19581152498722076
-0.4086563289165497 0.026633046567440033 0.17398272454738617
-0.3322989344596863 0.08765576034784317 0.12286044657230377
-0.22858358919620514 0.17362947762012482 0.04954105243086815
-0.1088896244764328 0.2756141424179077 -0.03813342750072479
0.015471632592380047 0.38474175333976746 -0.132383331656456
0.13319846987724304 0.4921785593032837 -0.22545906901359558
0.23288749158382416 0.589046835899353 -0.30957335233688354
0.3028649389743805 0.6663028597831726 -0.3767945170402527
0.33215710520744324 0.7153303623199463 -0.419580340385437
0.3219611942768097 0.7351880669593811 -0.43724924325942993
0.2810385227203369 0.7295965552330017 -0.43329527974128723
0.21852640807628632 0.7023457288742065 -0.4112869203090668
0.14406633377075195 0.6573915481567383 -0.37494924664497375
0.06794339418411255 0.59898841381073 -0.328273743391037
0.0011141885770484805 0.5317783355712891 -0.2755882143974304
-0.0449005551636219 0.46082884073257446 -0.22157683968544006
-0.061660878360271454 0.3905071020126343 -0.17025288939476013
-0.0516565702855587 0.32184696197509766 -0.12259755283594131
-0.019907768815755844 0.25507229566574097 -0.07885966449975967
0.028330489993095398 0.1902591735124588 -0.03916439414024353
0.08772944658994675 0.12734271585941315 -0.0035296857822686434
0.15299929678440094 0.0661257654428482 0.0281150434166193
0.2189500480890274 0.006288081407546997 0.05590930953621864
0.2805280089378357 -0.05251533165574074 0.08001873642206192
0.33339357376098633 -0.108108289539814 0.09993939101696014
0.3737972676753998 -0.1553087830543518 0.11434823274612427
0.3978520929813385 -0.18857982754707336 0.12181876599788666
0.4016319513320923 -0.20229525864124298 0.12091830372810364
0.3813762068748474 -0.19095441699028015 0.11029080301523209
0.33375346660614014 -0.14948444068431854 0.0887606143951416
0.25616276264190674 -0.07360867410898209 0.05544839799404144
0.1483917236328125 0.0379161611199379 0.010595728643238544
0.01955203339457512 0.17374947667121887 -0.040798723697662354
-0.11875724047422409 0.31898248195648193 -0.09245892614126205
-0.2565183639526367 0.46056392788887024 -0.1388801783323288
-0.3853251338005066 0.5873111486434937 -0.17527547478675842
-0.4981161057949066 0.6895323395729065 -0.19736266136169434
-0.5887169241905212 0.7583861351013184 -0.20103906095027924
-0.6512768268585205 0.785086452960968 -0.1819891333580017
-0.682930052280426 0.7662211656570435 -0.13941335678100586
-0.6866981983184814 0.7098982334136963 -0.08045931160449982
-0.6654950976371765 0.6249610185623169 -0.013235948979854584
-0.6217387318611145 0.5202662944793701 0.0536612868309021
-0.5577524900436401 0.4053735136985779 0.11072973161935806
-0.4761287569999695 0.2910574972629547 0.14732599258422852
-0.380062460899353 0.18960252404212952 0.15167731046676636
-0.27424681186676025 0.1138676106929779 0.11281440407037735
-0.17318955063819885 0.0646369531750679 0.04241808503866196
-0.09910181164741516 0.032665953040122986 -0.029320003464818
-0.07475047558546066 0.007768948096781969 -0.07030431181192398
-0.12163890153169632 -0.020541779696941376 -0.04882454499602318
-0.25795596837997437 -0.0623849518597126 0.06386837363243103
-0.49651211500167847 -0.1266825944185257 0.2907343804836273
-0.8431143164634705 -0.22033251821994781 0.6464480757713318
-1.0177679061889648 -0.13354985415935516 0.9642730355262756
-0.6339970231056213 0.2799670994281769 0.27244967222213745
-0.3563147783279419 0.565261721611023 -0.20898768305778503
-0.16369763016700745 0.7477775812149048 -0.5212154984474182
-0.0381864458322525 0.849312961101532 -0.6994262933731079
0.03610445559024811 0.8892187476158142 -0.774777352809906
0.07372954487800598 0.8852978348731995 -0.7758527398109436
0.08848240226507187 0.854499101638794 -0.7297890186309814
0.09369386732578278 0.8132787346839905 -0.6629137396812439
0.09624399244785309 0.7702507376670837 -0.5908939242362976
0.09427393227815628 0.7234246134757996 -0.5150989294052124
0.08521819114685059 0.6701012253761292 -0.43609023094177246
0.06645078957080841 0.6076596975326538 -0.35468876361846924
0.035357166081666946 0.5336291193962097 -0.27200448513031006
-0.01054916251450777 0.4458027482032776 -0.18944737315177917
-0.07346824556589127 0.34238678216934204 -0.10871335119009018
-0.1543838232755661 0.2229473739862442 -0.031761761754751205
-0.24778571724891663 0.0938485637307167 0.03919869288802147
-0.34539398550987244 -0.0358135886490345 0.10222197324037552
-0.43947991728782654 -0.1577008217573166 0.1557903289794922
-0.5229942798614502 -0.26432397961616516 0.19873665273189545
-0.5895129442214966 -0.3489404022693634 0.23013772070407867
-0.6330504417419434 -0.4053129553794861 0.24919089674949646
-0.6477758884429932 -0.42737090587615967 0.25508397817611694
-0.6308727264404297 -0.41235601902008057 0.24770395457744598
-0.5872780084609985 -0.3660505712032318 0.22887063026428223
-0.5229032039642334 -0.2952783405780792 0.2006044089794159
-0.44366148114204407 -0.20684713125228882 0.1649177223443985
-0.35570329427719116 -0.10782440751791 0.12391515076160431
-0.26555636525154114 -0.0057025994174182415 0.07986138015985489
-0.18016034364700317 0.09155627340078354 0.035212982445955276
-0.10661979764699936 0.17581436038017273 -0.007407086435705423
-0.04891210421919823 0.2428140640258789 -0.04561561718583107
-0.007842661812901497 0.29219329357147217 -0.0774366706609726
0.016194498166441917 0.3240518569946289 -0.10108010470867157
0.023019397631287575 0.3387164771556854 -0.11491570621728897
0.012565631419420242 0.33663374185562134 -0.11743480712175369
-0.015219595283269882 0.3182692527770996 -0.10719379782676697
-0.06047239154577255 0.28401562571525574 -0.08274351060390472
-0.1224089190363884 0.2349693328142166 -0.0435669831931591
-0.19493238627910614 0.1763734668493271 0.005857039242982864
-0.2703491449356079 0.11470843851566315 0.05955795571208
-0.34099578857421875 0.05642302334308624 0.11160745471715927
-0.39914411306381226 0.008015107363462448 0.15604357421398163
-0.4369269013404846 -0.023904694244265556 0.1868104636669159
-0.44628003239631653 -0.03256407380104065 0.19771169126033783
-0.4189971387386322 -0.011068676598370075 0.182443305850029
-0.3535733222961426 0.042220987379550934 0.13940031826496124
-0.25995102524757385 0.11996203660964966 0.07501046359539032
-0.14923636615276337 0.21391646564006805 -0.0034972880966961384
-0.03268241509795189 0.3157559037208557 -0.08881311118602753
0.07822389155626297 0.41700032353401184 -0.17349255084991455
0.1716546267271042 0.5089419484138489 -0.24988935887813568
0.2353079915046692 0.5825510621070862 -0.31007272005081177
0.2575068175792694 0.6291106939315796 -0.34641894698143005
0.23936471343040466 0.6474226713180542 -0.35827744007110596
0.19012551009655 0.6409732699394226 -0.34936341643333435
0.11960895359516144 0.6134273409843445 -0.3235939145088196
0.03827405720949173 0.5686904788017273 -0.2851356863975525
-0.04270432889461517 0.511006772518158 -0.23847968876361847
-0.11147326231002808 0.4450162947177887 -0.18847128748893738
-0.1556774079799652 0.3757626712322235 -0.14028674364089966
-0.16650481522083282 0.30756646394729614 -0.09812214970588684
-0.14727285504341125 0.24144455790519714 -0.062299422919750214
-0.10407913476228714 0.17759104073047638 -0.03221200406551361
-0.04322780668735504 0.1160314753651619 -0.007118226028978825
0.02897130511701107 0.056634631007909775 0.013819092884659767
0.1063326820731163 -0.0008739911136217415 0.03150045499205589
0.18285326659679413 -0.05689970776438713 0.04686678573489189
0.2527492046356201 -0.11187991499900818 0.060850631445646286
0.3115493357181549 -0.16377133131027222 0.07337510585784912
0.35597118735313416 -0.2075623720884323 0.08319298923015594
0.3825758695602417 -0.2378733903169632 0.08894485235214233
0.3878442645072937 -0.2492080181837082 0.0892501249909401
0.3683920204639435 -0.23615992069244385 0.08276508003473282
0.3212425410747528 -0.19371429085731506 0.06826445460319519
0.24413855373859406 -0.11762455850839615 0.044740304350852966
0.13714948296546936 -0.006628214847296476 0.012107810005545616
0.009299508295953274 0.12817083299160004 -0.02568935602903366
-0.12799744307994843 0.27213045954704285 -0.0635717436671257
-0.26485776901245117 0.41240429878234863 -0.09704920649528503
-0.39297571778297424 0.5379716753959656 -0.12218523770570755
-0.5053753852844238 0.6392822265625 -0.13542930781841278
-0.5959700345993042 0.7076364755630493 -0.13335461914539337
-0.6590172052383423 0.7344169020652771 -0.1123400628566742
-0.6917095184326172 0.7164623737335205 -0.07187342643737793
-0.6969853043556213 0.6622561812400818 -0.01847670041024685
-0.6776805520057678 0.5810853838920593 0.040416792035102844
-0.6361517906188965 0.48230263590812683 0.09689455479383469
-0.5746700763702393 0.3759932219982147 0.14222373068332672
-0.49577394127845764 0.27344319224357605 0.1666899025440216
-0.4025919735431671 0.1873626857995987 0.1596720814704895
-0.29974427819252014 0.13075710833072662 0.11162953823804855
-0.20191814005374908 0.10293351858854294 0.0360746793448925
-0.1315818876028061 0.09194431453943253 -0.03492498770356178
-0.11149146407842636 0.08479484170675278 -0.0678088441491127
-0.16275402903556824 0.06832387298345566 -0.030114322900772095
-0.30271270871162415 0.030147841200232506 0.10668572783470154
-0.5429161787033081 -0.04024259373545647 0.36423417925834656
-0.8876481056213379 -0.15046364068984985 0.7548885345458984
-0.9965299963951111 -0.21276061236858368 0.8905808329582214
-0.5882975459098816 0.22729593515396118 0.2489834725856781
-0.2990790903568268 0.5225552320480347 -0.18599914014339447
-0.10144244879484177 0.706415593624115 -0.4613342583179474
0.026085399091243744 0.8052015900611877 -0.6138755083084106
0.10128751397132874 0.840921938419342 -0.6742686033248901
0.13976696133613586 0.8331148624420166 -0.6695621013641357
0.15598417818546295 0.8001208901405334 -0.6250126361846924
0.16381403803825378 0.7597622871398926 -0.56510329246521
0.17023244500160217 0.7212111353874207 -0.5041492581367493
0.17286665737628937 0.6818155646324158 -0.44266945123672485
0.1685757339000702 0.6380914449691772 -0.38034653663635254
0.15413318574428558 0.5865764021873474 -0.3170306384563446
0.12629568576812744 0.5238844752311707 -0.2527516484260559
0.08192148804664612 0.446812242269516 -0.18773140013217926
0.01813570037484169 0.3524917960166931 -0.12239011377096176
-0.0666079968214035 0.23947417736053467 -0.0574912503361702
-0.16638362407684326 0.11407728493213654 0.004920130595564842
-0.2720063030719757 -0.014104662463068962 0.062471598386764526
-0.374835729598999 -0.13616055250167847 0.11313635110855103
-0.4669179320335388 -0.2439727634191513 0.15519770979881287
-0.540930449962616 -0.3301272988319397 0.18717136979103088
-0.5899848937988281 -0.38767877221107483 0.20770005881786346
-0.6073176860809326 -0.40980568528175354 0.21543020009994507
-0.5895437002182007 -0.39323434233665466 0.20985066890716553
-0.5420700311660767 -0.3439472019672394 0.19272936880588531
-0.4714677035808563 -0.26913100481033325 0.16610057651996613
-0.3843802213668823 -0.1760404258966446 0.1320101022720337
-0.2877955436706543 -0.07229676097631454 0.09262122213840485
-0.18919864296913147 0.03394286334514618 0.050284069031476974
-0.09659028053283691 0.13396233320236206 0.007564058993011713
-0.018157588317990303 0.2188597470521927 -0.03280079737305641
0.04170609265565872 0.28418979048728943 -0.06843633204698563
0.08246530592441559 0.3299907147884369 -0.09751228243112564
0.10411326587200165 0.35686200857162476 -0.11842119693756104
0.10690601915121078 0.36566421389579773 -0.1297387033700943
0.0912187322974205 0.3573719263076782 -0.13017262518405914
0.05741068720817566 0.3329433500766754 -0.11849316954612732
0.005701228976249695 0.29320934414863586 -0.09344935417175293
-0.06289035826921463 0.23954474925994873 -0.05461267754435539
-0.14232301712036133 0.17693664133548737 -0.006105479784309864
-0.22506578266620636 0.11143563687801361 0.04661049693822861
-0.3036240339279175 0.049060091376304626 0.09812276065349579
-0.37041419744491577 -0.004102928563952446 0.142975315451622
-0.4176572263240814 -0.04181184247136116 0.17558984458446503
-0.43728694319725037 -0.05759665369987488 0.1901976317167282
-0.42096465826034546 -0.044765405356884 0.18084295094013214
-0.3668273687362671 -0.0014464088017120957 0.14583252370357513
-0.2843085825443268 0.06581062078475952 0.09091366082429886
-0.18411044776439667 0.14953607320785522 0.02264961041510105
-0.07725882530212402 0.24204999208450317 -0.05220777541399002
0.024783292785286903 0.33537960052490234 -0.1266467273235321
0.11001470685005188 0.42118534445762634 -0.19333140552043915
0.16580864787101746 0.49069640040397644 -0.24454627931118011
0.18013054132461548 0.5353623628616333 -0.27283698320388794
0.1541459709405899 0.5537407398223877 -0.27772057056427
0.09754691272974014 0.5489095449447632 -0.2631782293319702
0.02074904553592205 0.5242000222206116 -0.2334979772567749
-0.06513763964176178 0.4832126498222351 -0.1932743340730667
-0.1483142375946045 0.4298694133758545 -0.14743384718894958
-0.2163974791765213 0.36843571066856384 -0.10121989250183105
-0.25664088129997253 0.30350321531295776 -0.06012888625264168
-0.2602345049381256 0.23900476098060608 -0.0283508338034153
-0.23134320974349976 0.1760006994009018 -0.005421839188784361
-0.17703157663345337 0.11482985317707062 0.010199321433901787
-0.10450367629528046 0.05567184463143349 0.020165419206023216
-0.020892664790153503 -0.0014436498750001192 0.02618381939828396
0.06686507165431976 -0.0566246435046196 0.02997853420674801
0.15207351744174957 -0.1101042851805687 0.03327206149697304
0.22831223905086517 -0.16214898228645325 0.03773633763194084
0.2910819947719574 -0.21077658236026764 0.04364374652504921
0.33771654963493347 -0.25130796432495117 0.04969840496778488
0.3654029369354248 -0.27871835231781006 0.05449286475777626
0.37122541666030884 -0.2878597378730774 0.05659335479140282
0.3523711562156677 -0.2736446261405945 0.054569728672504425
0.3063845932483673 -0.2313183844089508 0.047050610184669495
0.23145386576652527 -0.15680505335330963 0.03280064836144447
0.12788572907447815 -0.04881063476204872 0.011331056244671345
0.004203480202704668 0.08220362663269043 -0.014376393519341946
-0.12882386147975922 0.22231271862983704 -0.0402764156460762
-0.2617754638195038 0.35918116569519043 -0.06272927671670914
-0.38664329051971436 0.4821159839630127 -0.07848478108644485
-0.4966287910938263 0.5817679166793823 -0.08456327766180038
-0.5857586860656738 0.6495838165283203 -0.07805944979190826
-0.6483967304229736 0.6771144270896912 -0.055900588631629944
-0.6817780137062073 0.66140216588974 -0.017790809273719788
-0.688736081123352 0.6111330986022949 0.030308255925774574
-0.6720647811889648 0.5358913540840149 0.08156803995370865
-0.6341390013694763 0.4453773498535156 0.12871026992797852
-0.5772790312767029 0.35000666975975037 0.16375310719013214
-0.5040729641914368 0.26129624247550964 0.1779266893863678
-0.4176611304283142 0.19199147820472717 0.1618061512708664
-0.32258686423301697 0.15476562082767487 0.10731189697980881
-0.23320406675338745 0.14728011190891266 0.02945861592888832
-0.1712649166584015 0.15508003532886505 -0.03855966404080391
-0.15845468640327454 0.1627180278301239 -0.06263653188943863
-0.2145426720380783 0.15484453737735748 -0.010443557053804398
-0.355455219745636 0.11734004318714142 0.1457665115594864
-0.5915092825889587 0.03855311498045921 0.4263956844806671
-0.9262146949768066 -0.08961895108222961 0.8423923254013062
-0.9497156143188477 -0.3190971314907074 0.7710713148117065
-0.5162809491157532 0.15065611898899078 0.21490761637687683
-0.21595244109630585 0.4575316309928894 -0.15088143944740295
-0.01450018584728241 0.6435022950172424 -0.3747991919517517
0.11317790299654007 0.7396608591079712 -0.49262160062789917
0.1868436485528946 0.7708535194396973 -0.5327809453010559
0.22325393557548523 0.7585511207580566 -0.5197046995162964
0.23766419291496277 0.7227111458778381 -0.47598230838775635
0.2446291446685791 0.6827517151832581 -0.42355066537857056
0.25136223435401917 0.6485651731491089 -0.37491175532341003
0.2551380693912506 0.6169184446334839 -0.3296203017234802
0.25242066383361816 0.5836217999458313 -0.2863876223564148
0.23958054184913635 0.5444532632827759 -0.2439974844455719
0.2129548192024231 0.49519607424736023 -0.20130424201488495
0.16895301640033722 0.4317256808280945 -0.1572432518005371
0.1042095348238945 0.3501504361629486 -0.11085475236177444
0.016715383157134056 0.24798418581485748 -0.06158997491002083
-0.08743453025817871 0.13121187686920166 -0.01121982466429472
-0.19852928817272186 0.009557402692735195 0.037544991821050644
-0.30734002590179443 -0.10779672116041183 0.08223053812980652
-0.40525802969932556 -0.21232900023460388 0.12060412019491196
-0.4842424988746643 -0.29610827565193176 0.15062814950942993
-0.5366267561912537 -0.3515831232070923 0.17037859559059143
-0.5548097491264343 -0.3712603747844696 0.1779363453388214
-0.5348861813545227 -0.35137057304382324 0.17237140238285065
-0.4827009439468384 -0.29798978567123413 0.1554064303636551
-0.40547555685043335 -0.2185772806406021 0.12911556661128998
-0.31059813499450684 -0.12076117098331451 0.09561330080032349
-0.20591025054454803 -0.012636215426027775 0.05715750902891159
-0.09985701739788055 0.09707949310541153 0.01621364615857601
-0.0014777743490412831 0.1990521401166916 -0.024526849389076233
0.08001678436994553 0.2837814688682556 -0.06221424415707588
0.13996168971061707 0.3467271029949188 -0.09457239508628845
0.1782846748828888 0.3883246183395386 -0.12006570398807526
0.19553937017917633 0.40964484214782715 -0.1374039351940155
0.1925649344921112 0.4120336174964905 -0.14548330008983612
0.17030128836631775 0.3969290256500244 -0.1433245837688446
0.1296253800392151 0.36570829153060913 -0.1299959421157837
0.07120949029922485 0.31956300139427185 -0.10452472418546677
-0.003629137761890888 0.2600869834423065 -0.06662844866514206
-0.08902359008789062 0.19203929603099823 -0.019999034702777863
-0.17776840925216675 0.12110201269388199 0.030514011159539223
-0.26269441843032837 0.052925918251276016 0.0801108181476593
-0.3365246653556824 -0.006755462847650051 0.12394274026155472
-0.3917473554611206 -0.05202553793787956 0.15702559053897858
-0.42049944400787354 -0.07669282704591751 0.17416073381900787
-0.4145496189594269 -0.07427078485488892 0.1699179857969284
-0.37182629108428955 -0.04267391189932823 0.14265191555023193
-0.30119261145591736 0.01234840415418148 0.09743865579366684
-0.21283072233200073 0.08414072543382645 0.04014813154935837
-0.1173788458108902 0.1657625436782837 -0.023090284317731857
-0.026064341887831688 0.2498883754014969 -0.08580601215362549
0.04920865222811699 0.3287363052368164 -0.14113178849220276
0.09582570940256119 0.3940311372280121 -0.18177880346775055
0.10178608447313309 0.43764588236808777 -0.20071740448474884
0.06845778226852417 0.45789551734924316 -0.19777625799179077
0.005921239964663982 0.4572603404521942 -0.1772415190935135
-0.07495120167732239 0.43850845098495483 -0.1437705159187317
-0.16263805329799652 0.40466171503067017 -0.10233178734779358
-0.24506227672100067 0.35900363326072693 -0.05817681923508644
-0.3097483813762665 0.30506786704063416 -0.016783585771918297
-0.3440490961074829 0.2466067522764206 0.01623063161969185
-0.33952274918556213 0.18688204884529114 0.036861829459667206
-0.30111250281333923 0.1270999163389206 0.046425703912973404
-0.23664002120494843 0.06794611364603043 0.047408029437065125
-0.15397630631923676 0.009976795874536037 0.042357124388217926
-0.060857877135276794 -0.046380557119846344 0.033823154866695404
0.0352141335606575 -0.10082051157951355 0.024324364960193634
0.12699471414089203 -0.15314869582653046 0.016339650377631187
0.2075328528881073 -0.2032032012939453 0.01225943025201559
0.2723829448223114 -0.24899819493293762 0.012631802819669247
0.3195911645889282 -0.2863510251045227 0.01597568951547146
0.3470984399318695 -0.3107849955558777 0.020697148516774178
0.35274067521095276 -0.31771203875541687 0.02517593838274479
0.33442753553390503 -0.3025822639465332 0.0277713555842638
0.29035472869873047 -0.2611069083213806 0.026854032650589943
0.21923786401748657 -0.18954190611839294 0.020863329991698265
0.12158574163913727 -0.0865945965051651 0.008857867680490017
0.00507383095100522 0.03825278580188751 -0.006962281186133623
-0.12057517468929291 0.1721971184015274 -0.02333991788327694
-0.246707484126091 0.30370986461639404 -0.03726905211806297
-0.3658135235309601 0.42260947823524475 -0.04599638283252716
-0.4713851511478424 0.5198400616645813 -0.04694526270031929
-0.557613730430603 0.5870323181152344 -0.037578873336315155
-0.618995189666748 0.6159341335296631 -0.0152276661247015
-0.652805745601654 0.6037535071372986 0.020257815718650818
-0.6617491841316223 0.5591921210289001 0.06340239942073822
-0.6485970616340637 0.49195554852485657 0.1079118624329567
-0.6157948970794678 0.4119051396846771 0.14709599316120148
-0.5657771229743958 0.3295493721961975 0.1737005114555359
-0.5012379288673401 0.2563204765319824 0.17989270389080048
-0.42535579204559326 0.20459328591823578 0.15743675827980042
-0.34254488348960876 0.1862563192844391 0.09965944290161133
-0.26630640029907227 0.19722987711429596 0.02263808436691761
-0.21677516400814056 0.22086100280284882 -0.04013412073254585
-0.21365836262702942 0.23973701894283295 -0.054919689893722534
-0.27465057373046875 0.23690694570541382 0.009699246846139431
-0.41388195753097534 0.19706864655017853 0.18032608926296234
-0.6405566334724426 0.1077895388007164 0.47640714049339294
-0.9580711722373962 -0.03948040306568146 0.908524215221405
-0.8847771286964417 -0.43860727548599243 0.6175388097763062
-0.4273838996887207 0.06020045652985573 0.17303836345672607
-0.11718110740184784 0.3780380189418793 -0.10813844949007034
0.08684618026018143 0.5655871033668518 -0.2715187966823578
0.21330203115940094 0.6586551070213318 -0.3492528796195984
0.2838338613510132 0.6848872303962708 -0.366155207157135
0.3163088858127594 0.6676979660987854 -0.34324780106544495
0.3267654478549957 0.6287002563476562 -0.2999531924724579
0.330440491437912 0.5889481902122498 -0.25524118542671204
0.33485734462738037 0.5590937733650208 -0.21951687335968018
0.33710721135139465 0.5353806614875793 -0.19129416346549988
0.33344602584838867 0.5129796862602234 -0.16826044023036957
0.3200405538082123 0.48698943853378296 -0.14809684455394745
0.293014258146286 0.4524528980255127 -0.1284644603729248
0.2485329657793045 0.4044225513935089 -0.10701262205839157
0.18293091654777527 0.3380775451660156 -0.08141142874956131
0.09385869652032852 0.24994328618049622 -0.04980085417628288
-0.01262746937572956 0.14548952877521515 -0.013627711683511734
-0.12663279473781586 0.03429266810417175 0.024138305336236954
-0.23864078521728516 -0.07444152981042862 0.060655009001493454
-0.3396344780921936 -0.1719941794872284 0.09324146807193756
-0.42104801535606384 -0.25008201599121094 0.11935845762491226
-0.4745877683162689 -0.3006806969642639 0.13655023276805878
-0.4919460415840149 -0.315744012594223 0.14235475659370422
-0.46877560019493103 -0.2910701334476471 0.1354353129863739
-0.4113169312477112 -0.2327563464641571 0.11747614294290543
-0.32741278409957886 -0.14846402406692505 0.09060750901699066
-0.22517794370651245 -0.04612785950303078 0.05703364312648773
-0.11328113824129105 0.06576711684465408 0.019125664606690407
-0.001076004235073924 0.17805609107017517 -0.020525621250271797
0.10144560039043427 0.28093916177749634 -0.05910608172416687
0.18417131900787354 0.3644965589046478 -0.09367574006319046
0.24231883883476257 0.42419517040252686 -0.12213630974292755
0.2764280140399933 0.46086981892585754 -0.14336250722408295
0.28773221373558044 0.47603562474250793 -0.15648126602172852
0.2777458429336548 0.4714772403240204 -0.16079069674015045
0.24804553389549255 0.4490397572517395 -0.155690535902977
0.20008723437786102 0.410458505153656 -0.14060358703136444
0.1350584626197815 0.3572283387184143 -0.11489135771989822
0.054616354405879974 0.29112327098846436 -0.07846017181873322
-0.03564776852726936 0.21670104563236237 -0.034519609063863754
-0.12899109721183777 0.13932515680789948 0.012765592895448208
-0.21870370209217072 0.06432756781578064 0.05927596986293793
-0.29795780777931213 -0.0028712248895317316 0.10084352642297745
-0.3596712648868561 -0.05665282905101776 0.1331663727760315
-0.3963773846626282 -0.09109748154878616 0.15172860026359558
-0.40018323063850403 -0.09994257241487503 0.15177077054977417
-0.36895865201950073 -0.08092712610960007 0.13181734085083008
-0.3109408915042877 -0.03902208432555199 0.09630119800567627
-0.23568129539489746 0.019946210086345673 0.050394006073474884
-0.15326891839504242 0.08983593434095383 -0.0004383161722216755
-0.07447498291730881 0.16407494246959686 -0.05035252496600151
-0.010820905677974224 0.23558945953845978 -0.09308631718158722
0.025447582826018333 0.2967885434627533 -0.12196695804595947
0.02276364155113697 0.34016332030296326 -0.13061828911304474
-0.017176978290081024 0.36377108097076416 -0.11931271106004715
-0.08402127772569656 0.36932140588760376 -0.09266875684261322
-0.16664698719978333 0.35881340503692627 -0.05568711832165718
-0.25342029333114624 0.3344647288322449 -0.013629277236759663
-0.33236604928970337 0.29868292808532715 0.028058193624019623
-0.39134711027145386 0.25403088331222534 0.06382501870393753
-0.4182528853416443 0.20318859815597534 0.0881030485033989
-0.4052905738353729 0.14860305190086365 0.09719939529895782
-0.35802990198135376 0.09174181520938873 0.09329376369714737
-0.2847835123538971 0.03380574285984039 0.0797843411564827
-0.19382327795028687 -0.02410002052783966 0.060073889791965485
-0.09325075894594193 -0.08097273111343384 0.037520699203014374
0.00906368624418974 -0.13590969145298004 0.015417470596730709
0.10547787696123123 -0.18809857964515686 -0.003003025194630027
0.1886255443096161 -0.23675690591335297 -0.014622731134295464
0.25417062640190125 -0.27985459566116333 -0.018670683726668358
0.30089864134788513 -0.3138429820537567 -0.016948120668530464
0.32755395770072937 -0.334949791431427 -0.011380721814930439
0.33278825879096985 -0.3393135964870453 -0.003918645903468132
0.31530189514160156 -0.3230966627597809 0.0034530414268374443
0.27400192618370056 -0.2826482355594635 0.00872950442135334
0.20817214250564575 -0.21471300721168518 0.00992805976420641
0.11850745230913162 -0.11808221787214279 0.005616408307105303
0.011627040803432465 -0.0010596377542242408 -0.002586840419098735
-0.1040559858083725 0.124959796667099 -0.011953179724514484
-0.2208835631608963 0.24949941039085388 -0.01989324949681759
-0.3320266008377075 0.36307767033576965 -0.023970579728484154
-0.4314008057117462 0.4570663571357727 -0.02185887284576893
-0.5134570002555847 0.5233728885650635 -0.011252839118242264
-0.572895348072052 0.5540193319320679 0.010246814228594303
-0.6070612668991089 0.5463688969612122 0.042713385075330734
-0.6184919476509094 0.5089525580406189 0.08110323548316956
-0.609916090965271 0.4514012634754181 0.11960921436548233
-0.583841860294342 0.3835235834121704 0.15210118889808655
-0.5428066849708557 0.31566542387008667 0.17203424870967865
-0.4895813763141632 0.25886622071266174 0.17248964309692383
-0.427325576543808 0.22477984428405762 0.14637123048305511
-0.3602118492126465 0.2241687923669815 0.08829133957624435
-0.30044806003570557 0.251218318939209 0.01491125114262104
-0.26589444279670715 0.28744715452194214 -0.04074781760573387
-0.2737032473087311 0.31398898363113403 -0.046074412763118744
-0.33909744024276733 0.31284192204475403 0.02887965738773346
-0.4742676913738251 0.26797276735305786 0.20939458906650543
-0.687450110912323 0.16638138890266418 0.5142933130264282
-0.9823442697525024 -0.0010559119982644916 0.9546749591827393
-0.8095269799232483 -0.5566169023513794 0.4423820376396179
-0.33098241686820984 -0.03394637629389763 0.12615396082401276
-0.01260809414088726 0.2915850579738617 -0.06208549067378044
0.19291874766349792 0.47875240445137024 -0.160772442817688
0.3173477053642273 0.5676203966140747 -0.19634956121444702
0.38398119807243347 0.5883381962776184 -0.1889910101890564
0.41164538264274597 0.566068708896637 -0.1558210402727127
0.41704756021499634 0.5239259600639343 -0.11283359676599503
0.41600608825683594 0.48444440960884094 -0.07583101838827133
0.4163669943809509 0.4589535593986511 -0.05298789590597153
0.4152075946331024 0.443219929933548 -0.04175565391778946
0.40876150131225586 0.43184277415275574 -0.03880258649587631
0.3931819498538971 0.41932398080825806 -0.04073762521147728
0.36457324028015137 0.4000665843486786 -0.04408735781908035
0.31905245780944824 0.368416428565979 -0.04529929533600807
0.2528438866138458 0.3187493681907654 -0.0407738983631134
0.16340090334415436 0.2467058300971985 -0.027431035414338112
0.056584037840366364 0.15714876353740692 -0.006388478446751833
-0.057818155735731125 0.05931413918733597 0.01919567957520485
-0.17026957869529724 -0.03776369243860245 0.04619843512773514
-0.2715834677219391 -0.1253553181886673 0.0715814009308815
-0.3528776168823242 -0.19500038027763367 0.09238863736391068
-0.40541893243789673 -0.23836630582809448 0.10570790618658066
-0.42037463188171387 -0.24701841175556183 0.10860027372837067
-0.3930759131908417 -0.2164335697889328 0.09936869144439697
-0.330112099647522 -0.15268754959106445 0.07966772466897964
-0.23989102244377136 -0.0635838657617569 0.05169089883565903
-0.1311950981616974 0.042707446962594986 0.01773747056722641
-0.013438038527965546 0.1574103683233261 -0.019709685817360878
0.10323698818683624 0.27105090022087097 -0.057947587221860886
0.20804563164710999 0.3735397458076477 -0.09406611323356628
0.2901632487773895 0.4547366797924042 -0.1250753551721573
0.34484708309173584 0.5102236866950989 -0.1491224765777588
0.37334075570106506 0.541229784488678 -0.16556979715824127
0.37761253118515015 0.5496765971183777 -0.1740231215953827
0.3598838448524475 0.5377345085144043 -0.17422950267791748
0.3223881423473358 0.5075966119766235 -0.1660042405128479
0.2671813368797302 0.46130216121673584 -0.14915695786476135
0.19599801301956177 0.4006054103374481 -0.12341822683811188
0.11086224764585495 0.3274390697479248 -0.0889134630560875
0.01700587570667267 0.24618995189666748 -0.04833881929516792
-0.07940416783094406 0.16194990277290344 -0.0051305266097188
-0.17223115265369415 0.07977449893951416 0.03731383755803108
-0.25522324442863464 0.004804140888154507 0.07555384188890457
-0.32187798619270325 -0.05762382224202156 0.10603051632642746
-0.36530840396881104 -0.10186462104320526 0.12499214708805084
-0.3781852126121521 -0.12190834432840347 0.1284608095884323
-0.35846826434135437 -0.11537512391805649 0.11523401737213135
-0.3137176036834717 -0.08651290088891983 0.08914484083652496
-0.25274398922920227 -0.040343694388866425 0.054682958871126175
-0.18492308259010315 0.01780356466770172 0.016633253544569016
-0.12034089118242264 0.08216460049152374 -0.019849056378006935
-0.06983787566423416 0.14646483957767487 -0.049214813858270645
-0.044925469905138016 0.20391398668289185 -0.06556250900030136
-0.05634618178009987 0.2477332204580307 -0.06335514783859253
-0.10199645906686783 0.2756924629211426 -0.04341790825128555
-0.17143459618091583 0.28859639167785645 -0.01071436982601881
-0.25356003642082214 0.2875257432460785 0.029456641525030136
-0.33696675300598145 0.2737494111061096 0.07163458317518234
-0.4101586937904358 0.24867363274097443 0.11030349135398865
-0.46171629428863525 0.21379385888576508 0.1399746835231781
-0.4804091155529022 0.17065005004405975 0.1552446335554123
-0.4592684507369995 0.12086401879787445 0.15279030799865723
-0.4042782187461853 0.06626857817173004 0.13562628626823425
-0.3239542245864868 0.008691531606018543 0.10800892114639282
-0.2267000377178192 -0.05010818690061569 0.07414733618497849
-0.1207488551735878 -0.1084461510181427 0.038179703056812286
-0.014147884212434292 -0.16470970213413239 0.004170777276158333
0.0852172002196312 -0.2173469364643097 -0.02387031354010105
0.16968831419944763 -0.2648298144340515 -0.04206032678484917
0.23507440090179443 -0.305064857006073 -0.049439504742622375
0.2808641195297241 -0.3352414071559906 -0.048260025680065155
0.3065820634365082 -0.3524063527584076 -0.04092506319284439
0.31168150901794434 -0.35354411602020264 -0.029860345646739006
0.2956434488296509 -0.33565303683280945 -0.017531894147396088
0.2580810487270355 -0.295852392911911 -0.006440738216042519
0.19884656369686127 -0.23151475191116333 0.0009074346744455397
0.1188177689909935 -0.14163261651992798 0.0025444859638810158
0.023479297757148743 -0.033266354352235794 -0.00030090921791270375
-0.08019382506608963 0.0837540403008461 -0.005177779588848352
-0.18568754196166992 0.2001771181821823 -0.00970221497118473
-0.28700849413871765 0.30739501118659973 -0.011577422730624676
-0.3786454200744629 0.39736607670783997 -0.008573930710554123
-0.45544347167015076 0.4624124765396118 0.0015241040382534266
-0.5124267339706421 0.49494874477386475 0.02098878286778927
-0.5470677614212036 0.4925087094306946 0.04990263283252716
-0.5616849064826965 0.46327513456344604 0.08361518383026123
-0.5589005947113037 0.4165971577167511 0.11677180230617523
-0.5412144660949707 0.3620033264160156 0.1437777429819107
-0.5111793279647827 0.30942302942276 0.15876784920692444
-0.471535861492157 0.26923054456710815 0.15568406879901886
-0.4252983033657074 0.25209152698516846 0.12847213447093964
-0.37624844908714294 0.2674349546432495 0.07285074889659882
-0.33496254682540894 0.3078155219554901 0.005573917645961046
-0.3166203200817108 0.3533167839050293 -0.04148980602622032
-0.33554795384407043 0.38409215211868286 -0.037437308579683304
-0.40437963604927063 0.38153815269470215 0.04584382474422455
-0.5333847403526306 0.3291994631290436 0.23224656283855438
-0.7299410104751587 0.21357467770576477 0.5402511358261108
-0.9982141852378845 0.024720508605241776 0.9821092486381531
-0.7321469783782959 -0.6577646732330322 0.25865525007247925
-0.23645497858524323 -0.12162594497203827 0.07702003419399261
0.0882013738155365 0.205440953373909 -0.01690712943673134
0.29448291659355164 0.38871267437934875 -0.05137079581618309
0.41671833395957947 0.4715631604194641 -0.045720696449279785
0.47952473163604736 0.4860541820526123 -0.014911966398358345
0.5024574995040894 0.458679735660553 0.028035128489136696
0.502703070640564 0.4136989712715149 0.07061201333999634
0.4964771568775177 0.3747692108154297 0.10020503401756287
0.49190840125083923 0.3536972999572754 0.11086758971214294
0.48622390627861023 0.3458227217197418 0.10615747421979904
0.47581228613853455 0.3452543318271637 0.09034504741430283
0.45699232816696167 0.3459949195384979 0.06778658926486969
0.42602935433387756 0.34192174673080444 0.04295695945620537
0.3791748881340027 0.3268038332462311 0.02045534923672676
0.3127327561378479 0.29436028003692627 0.004981956910341978
0.22412215173244476 0.2394852191209793 0.0006816402892582119
0.11890381574630737 0.16641007363796234 0.006746240425854921
0.006526355165988207 0.08390675485134125 0.0198986753821373
-0.10368593782186508 0.0006913984543643892 0.03682844713330269
-0.20260490477085114 -0.07466133683919907 0.05424520745873451
-0.28125813603401184 -0.1336929202079773 0.06888537853956223
-0.3307015597820282 -0.16795392334461212 0.07748754322528839
-0.34181833267211914 -0.16882722079753876 0.07674043625593185
-0.3097883462905884 -0.13162295520305634 0.06466399133205414
-0.2414972484111786 -0.06237635761499405 0.04289272427558899
-0.14582791924476624 0.031026342883706093 0.013678401708602905
-0.03211943060159683 0.14026547968387604 -0.02059771493077278
0.08961953222751617 0.25639909505844116 -0.05736617371439934
0.20865358412265778 0.36981284618377686 -0.09385045617818832
0.3136454224586487 0.47033417224884033 -0.12709544599056244
0.3933156728744507 0.5478215217590332 -0.15411925315856934
0.44311127066612244 0.5980781316757202 -0.1733652949333191
0.4650017023086548 0.6227048635482788 -0.18471726775169373
0.4616730511188507 0.6239739656448364 -0.18828006088733673
0.4360208213329315 0.604373037815094 -0.18426145613193512
0.39090389013290405 0.566378116607666 -0.1729004830121994
0.32896021008491516 0.512280285358429 -0.15440315008163452
0.25247669219970703 0.44406020641326904 -0.12888477742671967
0.1638583391904831 0.36380478739738464 -0.09670840948820114
0.06791190057992935 0.2757692337036133 -0.06004653498530388
-0.029862716794013977 0.1848231554031372 -0.02159031853079796
-0.12399891018867493 0.09578879177570343 0.016000455245375633
-0.20893384516239166 0.013556763529777527 0.05003397911787033
-0.2788832187652588 -0.056803856045007706 0.07772539556026459
-0.3277134299278259 -0.10993249714374542 0.09613490104675293
-0.3488750159740448 -0.14010745286941528 0.1021357849240303
-0.34056082367897034 -0.14490407705307007 0.09487761557102203
-0.30960288643836975 -0.12794330716133118 0.07765038311481476
-0.2639617621898651 -0.09351791441440582 0.05429874360561371
-0.21213378012180328 -0.046190179884433746 0.028934694826602936
-0.1632874310016632 0.00906742736697197 0.005996957421302795
-0.12728182971477509 0.06678888201713562 -0.009747013449668884
-0.11453704535961151 0.12100791931152344 -0.013271479867398739
-0.13461418449878693 0.16569101810455322 -1.5072558881001896e-06
-0.18498194217681885 0.19829541444778442 0.02860967256128788
-0.2553586959838867 0.21866612136363983 0.06725155562162399
-0.3349842429161072 0.22691412270069122 0.11037775129079819
-0.4130278527736664 0.2233313024044037 0.15241311490535736
-0.4788109362125397 0.2083311378955841 0.18786725401878357
-0.5219250321388245 0.18238921463489532 0.21139393746852875
-0.5322504043579102 0.145986869931221 0.2177993208169937
-0.5037159323692322 0.10001461207866669 0.20412243902683258
-0.442477285861969 0.046738531440496445 0.17416028678417206
-0.3569713234901428 -0.011344420723617077 0.13297078013420105
-0.25548362731933594 -0.07178854942321777 0.08553001284599304
-0.14616365730762482 -0.13219265639781952 0.03674440085887909
-0.03705301135778427 -0.19018982350826263 -0.008529888466000557
0.06387405842542648 -0.24343355000019073 -0.04546014592051506
0.14880020916461945 -0.28958919644355774 -0.06933478266000748
0.21369758248329163 -0.32649922370910645 -0.07902221381664276
0.25866541266441345 -0.35216081142425537 -0.07735040783882141
0.2839197516441345 -0.3645138442516327 -0.06734175980091095
0.2896316945552826 -0.3614616096019745 -0.0520407110452652
0.2759857773780823 -0.340915322303772 -0.03453007712960243
0.24323658645153046 -0.30085206031799316 -0.01793045550584793
0.19176515936851501 -0.23938453197479248 -0.005379728507250547
0.12262950092554092 -0.15583765506744385 0.000556478276848793
0.040205612778663635 -0.056077536195516586 0.0008822745294310153
-0.04997885972261429 0.05166102200746536 -0.001999445026740432
-0.1426207423210144 0.15943890810012817 -0.0057100276462733746
-0.2326788753271103 0.25965452194213867 -0.007915278896689415
-0.3153626620769501 0.345008909702301 -0.006319127976894379
-0.38607141375541687 0.4083973169326782 0.0013649833854287863
-0.44030794501304626 0.44277000427246094 0.0174495130777359
-0.47574979066848755 0.4458676874637604 0.04213612526655197
-0.4944310188293457 0.4253709614276886 0.0711435005068779
-0.498761385679245 0.3901475667953491 0.09953928738832474
-0.49110186100006104 0.349227637052536 0.12223135679960251
-0.4738703668117523 0.3118998408317566 0.13398189842700958
-0.44961148500442505 0.2876646816730499 0.129503533244133
-0.4210270345211029 0.28603747487068176 0.1036398634314537
-0.391350120306015 0.31504297256469727 0.05299399048089981
-0.36930760741233826 0.365786612033844 -0.006066830363124609
-0.3672287166118622 0.41728708148002625 -0.04339968413114548
-0.39659246802330017 0.44910117983818054 -0.03022686205804348
-0.4675295948982239 0.44233113527297974 0.05951390042901039
-0.5884994268417358 0.3802517056465149 0.24831952154636383
-0.7660745978355408 0.24879388511180878 0.5545043349266052
-1.004832148551941 0.036861419677734375 0.9918316006660461
-0.6612173318862915 -0.7260180115699768 0.08013391494750977
-0.15330086648464203 -0.19252356886863708 0.028427062556147575
0.175765722990036 0.12677916884422302 0.02325804904103279
0.38251635432243347 0.3009556531906128 0.048124536871910095
0.5030979514122009 0.37518948316574097 0.09128015488386154
0.5630101561546326 0.3825374245643616 0.14307281374931335
0.5822452306747437 0.3501679599285126 0.19450481235980988
0.5782161951065063 0.30291473865509033 0.23642082512378693
0.5672803521156311 0.2649919390678406 0.2592589259147644
0.5577600002288818 0.2483709752559662 0.25916650891304016
0.5471841096878052 0.24803060293197632 0.24056421220302582
0.5322651267051697 0.2576991617679596 0.20849104225635529
0.50965416431427 0.2710021436214447 0.16807880997657776
0.47594574093818665 0.28142252564430237 0.12459848821163177
0.4277022182941437 0.2822954058647156 0.0834803655743599
0.3614972233772278 0.26683899760246277 0.05030449852347374
0.27489927411079407 0.22935748100280762 0.030080873519182205
0.17311444878578186 0.17346811294555664 0.022286156192421913
0.06506935507059097 0.10740425437688828 0.023602919653058052
-0.04032159596681595 0.03945625573396683 0.030633697286248207
-0.13420848548412323 -0.022099021822214127 0.03995223343372345
-0.20777323842048645 -0.06898197531700134 0.04811345413327217
-0.2521324157714844 -0.09283424913883209 0.051639094948768616
-0.2581873834133148 -0.08509283512830734 0.046982068568468094
-0.22118765115737915 -0.04108840972185135 0.03198281303048134
-0.1482505202293396 0.03319105878472328 0.008261117152869701
-0.04860078915953636 0.1298438310623169 -0.021894022822380066
0.06804098188877106 0.24051038920879364 -0.05605492368340492
0.1912989318370819 0.3562396168708801 -0.09161645174026489
0.3101256191730499 0.4674781858921051 -0.12579333782196045
0.41294988989830017 0.5642025470733643 -0.15565909445285797
0.4883565306663513 0.6365020871162415 -0.17831197381019592
0.5321171879768372 0.6804978251457214 -0.1925211399793625
0.5468700528144836 0.6981157660484314 -0.19867758452892303
0.5359254479408264 0.6918994188308716 -0.19736209511756897
0.5027546882629395 0.6645693778991699 -0.18921907246112823
0.45075926184654236 0.6188117265701294 -0.17489169538021088
0.3831040561199188 0.5571186542510986 -0.15497025847434998
0.30260780453681946 0.48167601227760315 -0.12995216250419617
0.21205733716487885 0.3947386145591736 -0.10044429451227188
0.11578556895256042 0.3004818558692932 -0.06810593605041504
0.018553758040070534 0.20360875129699707 -0.03489386662840843
-0.07492364197969437 0.10875378549098969 -0.0027395114302635193
-0.15987315773963928 0.02058739960193634 0.026407742872834206
-0.23135516047477722 -0.05607995763421059 0.05053695663809776
-0.2841486930847168 -0.11618607491254807 0.06752876192331314
-0.3126840889453888 -0.1543385088443756 0.07512994855642319
-0.31551724672317505 -0.16816121339797974 0.0728902816772461
-0.2986961603164673 -0.16079095005989075 0.06362489610910416
-0.26922205090522766 -0.13592742383480072 0.050592195242643356
-0.23454931378364563 -0.09748727083206177 0.03726956620812416
-0.2027040719985962 -0.04975547641515732 0.027391629293560982
-0.18228010833263397 0.002520509297028184 0.024929413571953773
-0.18228189647197723 0.05411439761519432 0.033997949212789536
-0.21079252660274506 0.09965530037879944 0.058169808238744736
-0.26489827036857605 0.1362975835800171 0.09532783925533295
-0.33477190136909485 0.16299882531166077 0.1398141086101532
-0.4103255569934845 0.17898744344711304 0.18587017059326172
-0.4816223382949829 0.1836923509836197 0.22785554826259613
-0.5390662550926208 0.17668010294437408 0.26034483313560486
-0.5734524726867676 0.1575823724269867 0.27814483642578125
-0.5758914947509766 0.12601952254772186 0.27624019980430603
-0.5412019491195679 0.08231262117624283 0.2519654929637909
-0.4754655659198761 0.02917519211769104 0.2098422795534134
-0.3867871165275574 -0.03025607019662857 0.1556880921125412
-0.2831147015094757 -0.09288235753774643 0.09522735327482224
-0.17232181131839752 -0.15561355650424957 0.03414608910679817
-0.06227220594882965 -0.2153451293706894 -0.02186521701514721
0.03912894055247307 -0.26894059777259827 -0.0670793429017067
0.12404844164848328 -0.31325671076774597 -0.09586977958679199
0.18862594664096832 -0.34608718752861023 -0.10693417489528656
0.23342840373516083 -0.36627480387687683 -0.10379314422607422
0.2592160999774933 -0.37268900871276855 -0.0902242660522461
0.2667345106601715 -0.36418551206588745 -0.07002958655357361
0.25673654675483704 -0.33962300419807434 -0.047043923288583755
0.23000305891036987 -0.29788509011268616 -0.025135263800621033
0.18736201524734497 -0.23790359497070312 -0.00819436740130186
0.13003325462341309 -0.15946155786514282 0.0005328990519046783
0.061381932348012924 -0.0673644095659256 0.001959441462531686
-0.014424826949834824 0.031667131930589676 -0.0013567156856879592
-0.09328391402959824 0.1310012936592102 -0.006855278741568327
-0.17117026448249817 0.22411055862903595 -0.011987599544227123
-0.2441365271806717 0.30456024408340454 -0.014215828850865364
-0.3082926571369171 0.36596596240997314 -0.011000986211001873
-0.359782874584198 0.4019547402858734 0.0002054135111393407
-0.3965739607810974 0.41052526235580444 0.019860437139868736
-0.42033472657203674 0.3987416625022888 0.04403914511203766
-0.43312254548072815 0.3748255670070648 0.06819995492696762
-0.43698763847351074 0.3471311032772064 0.08770620077848434
-0.43402066826820374 0.32414186000823975 0.09786851704120636
-0.4263756275177002 0.31436410546302795 0.09404544532299042
-0.41626444458961487 0.32611578702926636 0.07179925590753555
-0.40623265504837036 0.3660723865032196 0.028372550383210182
-0.4030672311782837 0.42411231994628906 -0.020700981840491295
-0.4162803292274475 0.4784931540489197 -0.04746774584054947
-0.45466747879981995 0.508430540561676 -0.025554422289133072
-0.5260677933692932 0.49487966299057007 0.06894174218177795
-0.6372840404510498 0.4208429753780365 0.257122665643692
-0.7940803170204163 0.27150073647499084 0.5571869611740112
-1.0012317895889282 0.03420048952102661 0.9844973683357239
-0.6056910753250122 -0.7447960376739502 -0.07870559394359589
-0.09124165028333664 -0.2360626459121704 -0.016776474192738533
0.2404935657978058 0.06282497942447662 0.05423281714320183
0.4479740262031555 0.2208821028470993 0.1291799694299698
0.5682145357131958 0.2830338776111603 0.20343412458896637
0.627074658870697 0.2820679247379303 0.27219757437705994
0.6446295380592346 0.24491137266159058 0.3301139771938324
0.6382074356079102 0.19617412984371185 0.3710574209690094
0.6239826679229736 0.1598449945449829 0.38822364807128906
0.6103329658508301 0.1476372629404068 0.379585325717926
0.5952318906784058 0.15426506102085114 0.3501765727996826
0.5758751630783081 0.17322418093681335 0.3055400252342224
0.5494043827056885 0.19791613519191742 0.25130903720855713
0.5129067301750183 0.22158372402191162 0.1932767927646637
0.4634304642677307 0.2372821420431137 0.1374349445104599
0.39801791310310364 0.2378886640071869 0.08998003602027893
0.31459110975265503 0.2172764539718628 0.05655407905578613
0.21798807382583618 0.1784849464893341 0.03690226376056671
0.11647120118141174 0.12916333973407745 0.027764616534113884
0.01837100461125374 0.07709633558988571 0.02576850913465023
-0.06795784831047058 0.03013966977596283 0.027477674186229706
-0.13411632180213928 -0.003775266697630286 0.029404819011688232
-0.17159488797187805 -0.01659402810037136 0.028006257489323616
-0.1716722548007965 -5.83774053666275e-05 0.01966116577386856
-0.12992893159389496 0.050279319286346436 0.0021527293138206005
-0.05362611636519432 0.12848520278930664 -0.02291927859187126
0.04785938188433647 0.22672784328460693 -0.053270917385816574
0.16467387974262238 0.33674681186676025 -0.08648878335952759
0.2863839268684387 0.4497705399990082 -0.12000904232263565
0.40199047327041626 0.5565342307090759 -0.1511259227991104
0.5000764727592468 0.6474102735519409 -0.17703312635421753
0.5694593787193298 0.7129497528076172 -0.19498974084854126
0.6063447594642639 0.7496693134307861 -0.20409488677978516
0.6139028668403625 0.7597476243972778 -0.205183744430542
0.5959007740020752 0.7459015250205994 -0.1992468684911728
0.5562255382537842 0.7109871506690979 -0.18730632960796356
0.4986901581287384 0.6578238606452942 -0.1703629344701767
0.4268956184387207 0.5890604257583618 -0.14935806393623352
0.3441448509693146 0.5070816278457642 -0.1251494139432907
0.25359052419662476 0.41434502601623535 -0.09858062863349915
0.15905596315860748 0.3150104582309723 -0.07082877308130264
0.06450807303190231 0.2136751264333725 -0.04315454140305519
-0.026161082088947296 0.11483116447925568 -0.016796739771962166
-0.10905598104000092 0.022954097017645836 0.007002700585871935
-0.180192768573761 -0.05740170180797577 0.02697158418595791
-0.23540213704109192 -0.1214945986866951 0.04177628830075264
-0.2702653706073761 -0.1643100380897522 0.050004974007606506
-0.2838051915168762 -0.18363499641418457 0.05161967873573303
-0.28122153878211975 -0.18231728672981262 0.04904073476791382
-0.2684482932090759 -0.16366830468177795 0.045022543519735336
-0.25174644589424133 -0.13116343319416046 0.04248153790831566
-0.2377992868423462 -0.08860144764184952 0.0445106141269207
-0.2336920201778412 -0.0402076430618763 0.05433754250407219
-0.2467523068189621 0.009339462965726852 0.07521798461675644
-0.2833731174468994 0.05516286566853523 0.10977920889854431
-0.34036266803741455 0.09419324994087219 0.15524519979953766
-0.4086536169052124 0.12473772466182709 0.20559728145599365
-0.4791351556777954 0.14539290964603424 0.25486406683921814
-0.5430161356925964 0.15498659014701843 0.2973306477069855
-0.5919568538665771 0.15250912308692932 0.32760292291641235
-0.6180470585823059 0.13702505826950073 0.3405725359916687
-0.6136530041694641 0.10757146775722504 0.3312969505786896
-0.5744229555130005 0.06409947574138641 0.2972913384437561
-0.5061385035514832 0.009724348783493042 0.24375413358211517
-0.4163569509983063 -0.051871854811906815 0.17724654078483582
-0.31250429153442383 -0.1170262023806572 0.104250967502594
-0.20200714468955994 -0.18203866481781006 0.03127111867070198
-0.09238660335540771 -0.24313408136367798 -0.03510091081261635
0.008684960193932056 -0.29644256830215454 -0.08814968168735504
0.09351556748151779 -0.33806267380714417 -0.12122483551502228
0.15840646624565125 -0.36576980352401733 -0.13283787667751312
0.20420455932617188 -0.3792601525783539 -0.12731043994426727
0.23201562464237213 -0.3783380091190338 -0.10930457711219788
0.24296344816684723 -0.3628122806549072 -0.08351645618677139
0.23818470537662506 -0.33249256014823914 -0.054670896381139755
0.21882374584674835 -0.28718507289886475 -0.027520110830664635
0.1860290765762329 -0.22668860852718353 -0.006843635346740484
0.1411309540271759 -0.1513517051935196 0.0033282004296779633
0.08662115782499313 -0.06510857492685318 0.003922909498214722
0.02546338364481926 0.026665247976779938 -0.0021640677005052567
-0.039357710629701614 0.11855225265026093 -0.012014121748507023
-0.10483257472515106 0.20508863031864166 -0.022687258198857307
-0.16792640089988708 0.2807634472846985 -0.031220316886901855
-0.22557683289051056 0.3400155305862427 -0.03462526574730873
-0.27470290660858154 0.3772589862346649 -0.029902836307883263
-0.31362462043762207 0.3908030092716217 -0.016187233850359917
-0.3435561954975128 0.3870433270931244 0.002947075292468071
-0.36604616045951843 0.3734552264213562 0.023313546553254128
-0.38264453411102295 0.3576110303401947 0.04066978022456169
-0.39491376280784607 0.34711337089538574 0.05077469348907471
-0.4044257402420044 0.3494578003883362 0.0494849793612957
-0.4127441346645355 0.3718309998512268 0.03288564458489418
-0.42162424325942993 0.41971561312675476 -0.0013872163835912943
-0.4359438717365265 0.4819882810115814 -0.03903374448418617
-0.4625936448574066 0.5363448858261108 -0.05465545877814293
-0.5079697370529175 0.5617652535438538 -0.024460462853312492
-0.5778964757919312 0.5390418171882629 0.07324334979057312
-0.6776825189590454 0.4507575035095215 0.2581404745578766
-0.8122372627258301 0.28105267882347107 0.5482334494590759
-0.9862220883369446 0.015248188748955727 0.9603191614151001
-0.5748006105422974 -0.697218120098114 -0.20281320810317993
-0.060302622616291046 -0.24132117629051208 -0.05565674602985382
0.27248692512512207 0.021002523601055145 0.07171597331762314
0.48154205083847046 0.15394781529903412 0.1830596625804901
0.6035902500152588 0.19958804547786713 0.27932268381118774
0.6642186045646667 0.18882495164871216 0.35955125093460083
0.6831559538841248 0.14715126156806946 0.4213242828845978
0.6772651076316833 0.09791069477796555 0.46100595593452454
0.6621389985084534 0.06385922431945801 0.47407856583595276
0.6460252404212952 0.055920809507369995 0.4599284529685974
0.6274781227111816 0.06867878139019012 0.4238537847995758
0.6043323278427124 0.09558907896280289 0.3715459704399109
0.5743770599365234 0.13001954555511475 0.3087886571884155
0.5353575944900513 0.1651519238948822 0.24155834317207336
0.48499223589897156 0.19392776489257812 0.1760866343975067
0.42100799083709717 0.2090442180633545 0.11888041347265244
0.34191057085990906 0.20409753918647766 0.07594689726829529
0.25218576192855835 0.18158471584320068 0.04729754477739334
0.15931099653244019 0.14853520691394806 0.02985396794974804
0.0708669051527977 0.11216361820697784 0.0203963965177536
-0.005511630792170763 0.0797969400882721 0.015616205520927906
-0.062133386731147766 0.05886144936084747 0.012135299853980541
-0.09121297299861908 0.05690280348062515 0.006511187180876732
-0.08480817079544067 0.08163084089756012 -0.004769820254296064
-0.039111923426389694 0.13708046078681946 -0.023849105462431908
0.03860091418027878 0.21739396452903748 -0.049169961363077164
0.13905975222587585 0.3149228096008301 -0.07852091640233994
0.2526054382324219 0.42167386412620544 -0.10958875715732574
0.3691324293613434 0.5292672514915466 -0.13995015621185303
0.4781152904033661 0.6289646625518799 -0.1670837253332138
0.5687270164489746 0.7117738127708435 -0.18840421736240387
0.6304146647453308 0.7689175009727478 -0.2014138102531433
0.6598966717720032 0.7973595261573792 -0.20551899075508118
0.6606683731079102 0.7994418144226074 -0.20189091563224792
0.6367251873016357 0.7779470086097717 -0.19182439148426056
0.5921590924263 0.7357690334320068 -0.1766289323568344
0.5310215950012207 0.6757911443710327 -0.1575910747051239
0.4572247862815857 0.6007890701293945 -0.13594913482666016
0.37447813153266907 0.5133628845214844 -0.11287902295589447
0.2862609624862671 0.416233628988266 -0.08943906426429749
0.1958552896976471 0.31361764669418335 -0.06637535244226456
0.10638713836669922 0.21006262302398682 -0.044319313019514084
0.020863687619566917 0.10995311290025711 -0.02388043701648712
-0.057774465531110764 0.01757989637553692 -0.005658981390297413
-0.1265908032655716 -0.06277402490377426 0.00973932072520256
-0.1825753003358841 -0.1267261952161789 0.021685289219021797
-0.2225879430770874 -0.16970068216323853 0.029518546536564827
-0.24618102610111237 -0.18978483974933624 0.03358794003725052
-0.2576296925544739 -0.18978659808635712 0.03601279854774475
-0.26169663667678833 -0.17290115356445312 0.039152633398771286
-0.2633213400840759 -0.14244674146175385 0.04547622427344322
-0.2676883339881897 -0.10202723741531372 0.05755414441227913
-0.28019973635673523 -0.05563744530081749 0.07800045609474182
-0.30633634328842163 -0.0076920343562960625 0.10935831815004349
-0.35069313645362854 0.03719378635287285 0.1534694880247116
-0.4099436402320862 0.07589695602655411 0.20694148540496826
-0.4760556221008301 0.10648616403341293 0.2633567452430725
-0.5411313772201538 0.1273362636566162 0.316477507352829
-0.5976870059967041 0.1370672881603241 0.36043357849121094
-0.6387142539024353 0.13446444272994995 0.38974714279174805
-0.657599925994873 0.11837401241064072 0.3992463946342468
-0.6479254364967346 0.08758223801851273 0.3838866949081421
-0.606079638004303 0.04189121350646019 0.3412092626094818
-0.5373522639274597 -0.015281210653483868 0.27706003189086914
-0.44857797026634216 -0.0798538327217102 0.19876135885715485
-0.34650591015815735 -0.1477299928665161 0.11359516531229019
-0.23796240985393524 -0.21471740305423737 0.02894972451031208
-0.1299630105495453 -0.27647802233695984 -0.0475887693464756
-0.02977369911968708 -0.3285093903541565 -0.10820016264915466
0.05522911995649338 -0.3662489652633667 -0.14507821202278137
0.12149641662836075 -0.3874964714050293 -0.15651485323905945
0.16992858052253723 -0.3927833139896393 -0.14773158729076385
0.20173174142837524 -0.3828261196613312 -0.1243991106748581
0.21816445887088776 -0.35836511850357056 -0.09224595129489899
0.22051498293876648 -0.32014238834381104 -0.057034581899642944
0.21008089184761047 -0.26888319849967957 -0.02455497905611992
0.18815286457538605 -0.20527826249599457 -0.0006321070250123739
0.15607082843780518 -0.13032929599285126 0.00979490764439106
0.11560308933258057 -0.04732256755232811 0.0077597820200026035
0.06871549785137177 0.03947844356298447 -0.0033280907664448023
0.017419010400772095 0.12570320069789886 -0.020014755427837372
-0.03621672838926315 0.20686198770999908 -0.038789667189121246
-0.09005836397409439 0.27835071086883545 -0.05607917532324791
-0.14190880954265594 0.3354671597480774 -0.0682506263256073
-0.18952135741710663 0.37346670031547546 -0.07164345681667328
-0.23158696293830872 0.3910157382488251 -0.06483426690101624
-0.2687750458717346 0.3938661515712738 -0.05105430260300636
-0.30197909474372864 0.3887369632720947 -0.034174174070358276
-0.33207613229751587 0.3824113607406616 -0.018109286203980446
-0.3599247336387634 0.38164010643959045 -0.006758929695934057
-0.38635769486427307 0.39299944043159485 -0.00391834182664752
-0.4121696949005127 0.4227096140384674 -0.013169197365641594
-0.43826478719711304 0.475290447473526 -0.036707207560539246
-0.4677460789680481 0.538811206817627 -0.061813317239284515
-0.5051971673965454 0.5904756784439087 -0.06593258678913116
-0.5549655556678772 0.608974039554596 -0.027970649302005768
-0.6211594343185425 0.5747615694999695 0.07151910662651062
-0.7077480554580688 0.46971872448921204 0.25073304772377014
-0.8187161684036255 0.27655357122421265 0.5272682905197144
-0.9582570195198059 -0.021986542269587517 0.9189590811729431
-0.5737944841384888 -0.5741007924079895 -0.2811969518661499
-0.06641172617673874 -0.20180845260620117 -0.08583663403987885
0.2657229006290436 0.005927462596446276 0.07301093637943268
0.47746214270591736 0.10364822298288345 0.2040361911058426
0.6039475798606873 0.12781579792499542 0.311464786529541
0.6697639226913452 0.10564246773719788 0.3967520296573639
0.6937924027442932 0.05981474369764328 0.4594448506832123
0.6919937133789062 0.01120778825134039 0.49767252802848816
0.6789346933364868 -0.019798019900918007 0.508580207824707
0.6625208854675293 -0.023655911907553673 0.4924517273902893
0.642021119594574 -0.005750917363911867 0.45445337891578674
0.616058886051178 0.02755429409444332 0.4000353515148163
0.5832242965698242 0.06980609893798828 0.33474940061569214
0.5420886874198914 0.11431797593832016 0.26438844203948975
0.4912360906600952 0.15408897399902344 0.1950758695602417
0.4293096661567688 0.18179000914096832 0.13329565525054932
0.35564571619033813 0.19087699055671692 0.08512948453426361
0.27440375089645386 0.18332180380821228 0.05086343362927437
0.19215478003025055 0.1654893457889557 0.027746865525841713
0.11555574834346771 0.1439608782529831 0.012855852022767067
0.05128629133105278 0.1254381239414215 0.0031571246217936277
0.006031456869095564 0.11670545488595963 -0.004459768068045378
-0.013501092791557312 0.12462455034255981 -0.013164186850190163
-0.0005402112728916109 0.15615399181842804 -0.026178115978837013
0.04785774648189545 0.2147715538740158 -0.045441314578056335
0.12458363175392151 0.2947540879249573 -0.06949090957641602
0.22078418731689453 0.38877901434898376 -0.09628299623727798
0.32736387848854065 0.48930874466896057 -0.12371263653039932
0.4349532723426819 0.588568925857544 -0.14961053431034088
0.5339247584342957 0.6785665154457092 -0.171751007437706
0.6144565939903259 0.7511481642723083 -0.18787114322185516
0.6669936180114746 0.798371434211731 -0.19579444825649261
0.6888110041618347 0.8176655769348145 -0.1951892226934433
0.6834972500801086 0.8114379048347473 -0.187419593334198
0.6550337672233582 0.7824337482452393 -0.17394991219043732
0.6074989438056946 0.7335007190704346 -0.1562614142894745
0.5450010895729065 0.6675329208374023 -0.13583184778690338
0.4716241955757141 0.5874232649803162 -0.11412005871534348
0.39138567447662354 0.49602460861206055 -0.092554472386837
0.308027058839798 0.39639928936958313 -0.07236570119857788
0.22425058484077454 0.2928836941719055 -0.053936026990413666
0.14229385554790497 0.19001062214374542 -0.037359416484832764
0.06422153860330582 0.0920635387301445 -0.022704631090164185
-0.008041559718549252 0.0031278799287974834 -0.010024573653936386
-0.07266532629728317 -0.07282758504152298 0.0006346754380501807
-0.12785543501377106 -0.13183823227882385 0.009224618785083294
-0.1718059778213501 -0.16983553767204285 0.01569455675780773
-0.20460060238838196 -0.18535035848617554 0.02071959152817726
-0.2295021116733551 -0.18141980469226837 0.02621922269463539
-0.25001442432403564 -0.16141970455646515 0.03428420424461365
-0.2696702778339386 -0.1288232058286667 0.04707653447985649
-0.2920726239681244 -0.08736162632703781 0.06680561602115631
-0.32086730003356934 -0.041122518479824066 0.09565912187099457
-0.3596407175064087 0.005431349854916334 0.13568653166294098
-0.41119879484176636 0.047701895236968994 0.18818052113056183
-0.472238153219223 0.08274469524621964 0.24920964241027832
-0.5359628200531006 0.1088959202170372 0.31190985441207886
-0.5958282351493835 0.1247936487197876 0.369691401720047
-0.6457200050354004 0.1292954981327057 0.4164009094238281
-0.679953396320343 0.12138412892818451 0.44631093740463257
-0.6931551694869995 0.10005398094654083 0.45399168133735657
-0.6800479292869568 0.06418391317129135 0.43408462405204773
-0.6376718282699585 0.013650748878717422 0.3839828372001648
-0.570673406124115 -0.04794938117265701 0.3101543188095093
-0.4850265085697174 -0.11630139499902725 0.22070981562137604
-0.38667258620262146 -0.18701864778995514 0.12378133833408356
-0.28169524669647217 -0.25554755330085754 0.02771381475031376
-0.1764412224292755 -0.31711190938949585 -0.058819402009248734
-0.07758522033691406 -0.3666999340057373 -0.12677836418151855
0.008003294467926025 -0.3992103040218353 -0.16706861555576324
0.07691888511180878 -0.41251328587532043 -0.17771531641483307
0.12987345457077026 -0.40793612599372864 -0.16491340100765228
0.16790492832660675 -0.3870687186717987 -0.13544537127017975
0.19213533401489258 -0.35155001282691956 -0.09619833528995514
0.20374086499214172 -0.3030322790145874 -0.05411720648407936
0.2039245367050171 -0.24315349757671356 -0.016186373308300972
0.193894624710083 -0.17351418733596802 0.010563446208834648
0.17484624683856964 -0.09584224969148636 0.02016211487352848
0.14795754849910736 -0.01300473790615797 0.013841512612998486
0.11441872268915176 0.07159119844436646 -0.004295486491173506
0.07545381039381027 0.1544182002544403 -0.030079932883381844
0.03233662247657776 0.23181939125061035 -0.05925619602203369
-0.013600124977529049 0.30001795291900635 -0.08747246116399765
-0.06095992401242256 0.3551398515701294 -0.11028819531202316
-0.10828737914562225 0.39327383041381836 -0.1232171505689621
-0.15460066497325897 0.41347405314445496 -0.12417110055685043
-0.19995296001434326 0.4209437072277069 -0.1160588189959526
-0.24448038637638092 0.42172425985336304 -0.10247695446014404
-0.28827112913131714 0.42189502716064453 -0.08707587420940399
-0.3313663601875305 0.42747536301612854 -0.07350503653287888
-0.3737625479698181 0.4442927837371826 -0.06533700227737427
-0.4154147803783417 0.47782593965530396 -0.06597445160150528
-0.4563502371311188 0.5318902730941772 -0.07762514799833298
-0.49808600544929504 0.593902051448822 -0.08942989259958267
-0.5432507395744324 0.6405449509620667 -0.08190276473760605
-0.594483494758606 0.6500559449195862 -0.036738619208335876
-0.6544349789619446 0.6022793054580688 0.06320606917142868
-0.725845217704773 0.4780326187610626 0.23449738323688507
-0.8116706013679504 0.2581433057785034 0.49398958683013916
-0.9152573943138123 -0.07780354470014572 0.8599451780319214
-0.5947003364562988 -0.39099645614624023 -0.31699368357658386
-0.10148821026086807 -0.12621982395648956 -0.1069585308432579
0.22768943011760712 0.012482350692152977 0.06101181358098984
0.4424359202384949 0.06686859577894211 0.19686955213546753
0.575154185295105 0.06574832648038864 0.30596888065338135
0.6487296223640442 0.03116953745484352 0.3908192813396454
0.6807085275650024 -0.018169904127717018 0.45200538635253906
0.6857452392578125 -0.06490155309438705 0.4887097477912903
0.6769953966140747 -0.09198213368654251 0.4991273581981659
0.6618478894233704 -0.09171970188617706 0.48396745324134827
0.6403989791870117 -0.06932064890861511 0.447955846786499
0.6121832132339478 -0.030778849497437477 0.3960065543651581
0.5767185688018799 0.017807945609092712 0.3331451416015625
0.5335515141487122 0.07004642486572266 0.2646872103214264
0.48231130838394165 0.11913429200649261 0.19635428488254547
0.4227730929851532 0.15783807635307312 0.1343144327402115
0.35532379150390625 0.179569810628891 0.08446109294891357
0.2838057279586792 0.18576061725616455 0.04736606776714325
0.2137516885995865 0.18204434216022491 0.020749792456626892
0.1507183462381363 0.17429618537425995 0.002126745181158185
0.1002124547958374 0.1685071736574173 -0.011116485111415386
0.06766245514154434 0.17071864008903503 -0.021673861891031265
0.058427780866622925 0.18699456751346588 -0.03228770196437836
0.077834852039814 0.22342468798160553 -0.045730672776699066
0.12782178819179535 0.2828768491744995 -0.06365170329809189
0.20163315534591675 0.3598790764808655 -0.08477389812469482
0.29110729694366455 0.4476070702075958 -0.10734754800796509
0.3880075514316559 0.5391669869422913 -0.1296032965183258
0.48399749398231506 0.6275762915611267 -0.14974817633628845
0.570629894733429 0.7057560086250305 -0.16596440970897675
0.639346718788147 0.7665325999259949 -0.17641086876392365
0.6818122267723083 0.8029030561447144 -0.1793125867843628
0.6958655714988708 0.8127421736717224 -0.17454510927200317
0.6850200295448303 0.7984124422073364 -0.16350312530994415
0.6530860066413879 0.7625225782394409 -0.14766880869865417
0.6039899587631226 0.7077968716621399 -0.1285599321126938
0.5417801141738892 0.6370904445648193 -0.1077260747551918
0.4706186354160309 0.5533971786499023 -0.08673934638500214
0.3947542607784271 0.459841787815094 -0.0671783909201622
0.3181231915950775 0.359870970249176 -0.050369538366794586
0.24279999732971191 0.2579706311225891 -0.036401424556970596
0.17008355259895325 0.15865686535835266 -0.02493928372859955
0.1010495126247406 0.06608324497938156 -0.015618461184203625
0.036577679216861725 -0.01591755822300911 -0.008060276508331299
-0.02261197753250599 -0.08374752104282379 -0.0018821603152900934
-0.07591623812913895 -0.1339149922132492 0.003297241171821952
-0.1228138729929924 -0.16290339827537537 0.007864897139370441
-0.1638449877500534 -0.1697792410850525 0.01273350603878498
-0.20118305087089539 -0.1580028086900711 0.019703062251210213
-0.2370268702507019 -0.13134166598320007 0.030701614916324615
-0.27348828315734863 -0.09364243596792221 0.04770715534687042
-0.31260713934898376 -0.04898671433329582 0.0727144256234169
-0.35632696747779846 -0.0017768274992704391 0.10766144841909409
-0.4064316749572754 0.043262138962745667 0.15431520342826843
-0.46406787633895874 0.08138246834278107 0.21365205943584442
-0.5261033773422241 0.11001095920801163 0.28131595253944397
-0.5870857238769531 0.12814107537269592 0.3500043451786041
-0.6418681144714355 0.13503685593605042 0.4127388000488281
-0.6856939792633057 0.13012033700942993 0.4630022943019867
-0.714150607585907 0.11286522448062897 0.4947006404399872
-0.7230349183082581 0.08268310874700546 0.5020036101341248
-0.7081471681594849 0.03880365192890167 0.4790852665901184
-0.6671191453933716 -0.018649457022547722 0.4230530858039856
-0.6038461327552795 -0.08599692583084106 0.3409222364425659
-0.5233344435691833 -0.15881268680095673 0.24155275523662567
-0.43060535192489624 -0.23252420127391815 0.1339089572429657
-0.3308674097061157 -0.30231112241744995 0.02729102224111557
-0.22963953018188477 -0.3630504906177521 -0.06852457672357559
-0.13281893730163574 -0.40931397676467896 -0.1432451456785202
-0.04656938090920448 -0.4355567693710327 -0.18643854558467865
0.025867430493235588 -0.4397481679916382 -0.19582656025886536
0.08481348305940628 -0.42396900057792664 -0.1785806268453598
0.13090680539608002 -0.3906479477882385 -0.14262570440769196
0.1648913472890854 -0.34230101108551025 -0.09606332331895828
0.1875888705253601 -0.28148290514945984 -0.04709702357649803
0.19987086951732635 -0.210751011967659 -0.0039934017695486546
0.20263583958148956 -0.132637158036232 0.024924926459789276
0.19675810635089874 -0.04965103045105934 0.032606158405542374
0.1829117387533188 0.035579852759838104 0.020572489127516747
0.16169540584087372 0.12030116468667984 -0.006229875609278679
0.13372263312339783 0.20166009664535522 -0.042771823704242706
0.09963522851467133 0.2767024636268616 -0.0839235782623291
0.06011394411325455 0.34238556027412415 -0.12444785982370377
0.015887171030044556 0.39559876918792725 -0.15901018679141998
-0.03226369991898537 0.4332142472267151 -0.18222685158252716
-0.08360366523265839 0.4546797275543213 -0.19131486117839813
-0.1375412940979004 0.46475958824157715 -0.18890418112277985
-0.19342678785324097 0.46893033385276794 -0.1783643513917923
-0.2505287826061249 0.4726881682872772 -0.1631322056055069
-0.30804243683815 0.48146533966064453 -0.1466723382472992
-0.3651045560836792 0.500516414642334 -0.13241657614707947
-0.4208144545555115 0.5347821712493896 -0.1236860379576683
-0.4743236005306244 0.587591290473938 -0.12281332165002823
-0.5257068276405334 0.6458645462989807 -0.12097638845443726
-0.5758756399154663 0.6857850551605225 -0.10190488398075104
-0.6259592771530151 0.6850363612174988 -0.05016187205910683
-0.6772636771202087 0.6226651072502136 0.04899458587169647
-0.7312777042388916 0.47817733883857727 0.21027691662311554
-0.7897177934646606 0.23021256923675537 0.4493407607078552
-0.8546144962310791 -0.14522376656532288 0.7840868234634399
-0.6266729831695557 -0.16869522631168365 -0.31655484437942505
-0.15447278320789337 -0.026489296928048134 -0.11903247237205505
0.16864505410194397 0.033592674881219864 0.03974444419145584
0.38561099767684937 0.039304036647081375 0.16828398406505585
0.5251673460006714 0.010636555030941963 0.2713770866394043
0.6078726649284363 -0.03655112534761429 0.3514503240585327
0.6494811177253723 -0.08844207227230072 0.4092961549758911
0.6629781723022461 -0.1319597363471985 0.44448602199554443
0.6597895622253418 -0.15410000085830688 0.4556867480278015
0.6466522812843323 -0.14935961365699768 0.44363299012184143
0.6245779991149902 -0.1226540133357048 0.41241562366485596
0.594102144241333 -0.07947710901498795 0.3662363588809967
0.555770218372345 -0.025449497625231743 0.30940860509872437
0.51022869348526 0.03344031050801277 0.24656681716442108
0.45831215381622314 0.09068785607814789 0.18280531466007233
0.4011203944683075 0.13923883438110352 0.1237305998802185
0.3402774930000305 0.17251810431480408 0.07481658458709717
0.27929919958114624 0.19138160347938538 0.03692634031176567
0.22254201769828796 0.20065876841545105 0.008382580243051052
0.17429029941558838 0.2054494470357895 -0.012723888270556927
0.13868969678878784 0.21096926927566528 -0.028447270393371582
0.11972491443157196 0.22245891392230988 -0.0409274660050869
0.12123661488294601 0.24513757228851318 -0.052346426993608475
0.1469673067331314 0.28419482707977295 -0.06490063667297363
0.19781789183616638 0.34192219376564026 -0.07989916950464249
0.2675566077232361 0.4132629930973053 -0.09638386964797974
0.3489161729812622 0.49207738041877747 -0.11305344849824905
0.43470627069473267 0.5722878575325012 -0.12861594557762146
0.5177815556526184 0.6478502154350281 -0.14178115129470825
0.5909958481788635 0.7127119898796082 -0.1512504369020462
0.6471456289291382 0.7607630491256714 -0.15570466220378876
0.6791834235191345 0.7859975695610046 -0.15385830402374268
0.6854871511459351 0.7866914868354797 -0.1457412987947464
0.6694092750549316 0.765049934387207 -0.13260796666145325
0.6345258951187134 0.7234556078910828 -0.11579521745443344
0.5845639109611511 0.6644362807273865 -0.09670184552669525
0.5234736800193787 0.5907537341117859 -0.07679760456085205
0.45545822381973267 0.505462110042572 -0.05761650949716568
0.38495537638664246 0.41193127632141113 -0.04073237627744675
0.31604093313217163 0.31397393345832825 -0.027444375678896904
0.2501155734062195 0.21620655059814453 -0.01762361265718937
0.1874973624944687 0.1230902224779129 -0.0106426440179348
0.12824749946594238 0.03859393298625946 -0.005840970203280449
0.07220907509326935 -0.03376246616244316 -0.0025534615851938725
0.019042598083615303 -0.09080318361520767 -0.00012602543574757874
-0.03174499049782753 -0.12954097986221313 0.0020804191008210182
-0.08078324794769287 -0.1470165252685547 0.004702260252088308
-0.12894520163536072 -0.14285928010940552 0.008787459693849087
-0.17727050185203552 -0.12105163186788559 0.01607983186841011
-0.22666095197200775 -0.08585761487483978 0.028429318219423294
-0.27786341309547424 -0.04160072281956673 0.0477270670235157
-0.33146020770072937 0.007185402326285839 0.07587026804685593
-0.3878454267978668 0.055682968348264694 0.11469040811061859
-0.4471934735774994 0.09880341589450836 0.16584539413452148
-0.5092023015022278 0.13156534731388092 0.2301923930644989
-0.5710377097129822 0.15188327431678772 0.30309081077575684
-0.6286206841468811 0.1596291959285736 0.37687212228775024
-0.6781798601150513 0.15489287674427032 0.4442005157470703
-0.7162619829177856 0.13784174621105194 0.49818626046180725
-0.7396581768989563 0.1086091548204422 0.5323259234428406
-0.7452713847160339 0.06718849390745163 0.5403247475624084
-0.7299350500106812 0.013330028392374516 0.5158159136772156
-0.691840410232544 -0.05247276648879051 0.4555334448814392
-0.63405841588974 -0.12651151418685913 0.3669131100177765
-0.5605428218841553 -0.20432153344154358 0.25945132970809937
-0.47529616951942444 -0.2812045216560364 0.14284786581993103
-0.3825289309024811 -0.3521280586719513 0.027273263782262802
-0.28677818179130554 -0.41167718172073364 -0.07646898925304413
-0.19297948479652405 -0.45406532287597656 -0.15690062940120697
-0.1063879057765007 -0.47336724400520325 -0.20230717957019806
-0.030034972354769707 -0.46766403317451477 -0.21009612083435059
0.035856861621141434 -0.4397504925727844 -0.1883503645658493
0.09133721143007278 -0.39286717772483826 -0.14609013497829437
0.13656717538833618 -0.33039695024490356 -0.09260591864585876
0.1717996597290039 -0.25580161809921265 -0.03735027089715004
0.1973566859960556 -0.1725737601518631 0.010132106952369213
0.2136094570159912 -0.084198959171772 0.04023943468928337
0.22093287110328674 0.0059917825274169445 0.04488052427768707
0.2195507138967514 0.09547943621873856 0.02595895156264305
0.20962415635585785 0.18201515078544617 -0.010629146359860897
0.19131962954998016 0.2632982134819031 -0.05890100821852684
0.16481658816337585 0.3369765281677246 -0.11278636753559113
0.13031446933746338 0.40065810084342957 -0.16612987220287323
0.08803945779800415 0.45192328095436096 -0.2127033770084381
0.03825273737311363 0.4883580505847931 -0.2462490200996399
-0.01846776157617569 0.5097900032997131 -0.26333239674568176
-0.08090435713529587 0.5206470489501953 -0.2663627564907074
-0.14765849709510803 0.5259546041488647 -0.25852659344673157
-0.21721859276294708 0.5307471752166748 -0.243083193898201
-0.28797075152397156 0.5400059819221497 -0.22334732115268707
-0.3582226634025574 0.558565616607666 -0.2026495635509491
-0.42623889446258545 0.5909945964813232 -0.18427537381649017
-0.49031075835227966 0.6403074860572815 -0.17073598504066467
-0.5491499304771423 0.6931132674217224 -0.15532854199409485
-0.6020594239234924 0.72520911693573 -0.1250685155391693
-0.6487177610397339 0.7137446403503418 -0.06744824349880219
-0.6890663504600525 0.6369332075119019 0.02974938601255417
-0.7232056260108948 0.4729171395301819 0.17910800874233246
-0.7513056993484497 0.19810110330581665 0.3945496082305908
-0.7735261917114258 -0.21514473855495453 0.6926879286766052
-0.658716082572937 0.07196037471294403 -0.2864927351474762
-0.2140142321586609 0.08511510491371155 -0.12203676253557205
0.09914683550596237 0.06202023848891258 0.01334032230079174
0.3163509666919708 0.016681203618645668 0.12507203221321106
0.4620448350906372 -0.040120113641023636 0.21621261537075043
0.5539419054985046 -0.09928402304649353 0.2882212698459625
0.6055980324745178 -0.1524411141872406 0.34139111638069153
0.628012478351593 -0.19130556285381317 0.37508341670036316
0.6306228637695312 -0.2073354572057724 0.38790878653526306
0.6194043755531311 -0.19740445911884308 0.3802986741065979
0.5963379740715027 -0.1660671979188919 0.355615496635437
0.5630176663398743 -0.1182512417435646 0.31727540493011475
0.5210872292518616 -0.05904417484998703 0.26879075169563293
0.47239410877227783 0.006021298933774233 0.2139941304922104
0.41911375522613525 0.07078513503074646 0.15719375014305115
0.36383509635925293 0.12840956449508667 0.10323941707611084
0.3095681369304657 0.1723501831293106 0.05698978900909424
0.25948217511177063 0.20284999907016754 0.01960059627890587
0.21662694215774536 0.2238759696483612 -0.009884308092296124
0.18386249244213104 0.23970560729503632 -0.03266582265496254
0.16382737457752228 0.25475049018859863 -0.050106242299079895
0.1589450091123581 0.2734444737434387 -0.06366656720638275
0.17146460711956024 0.30018091201782227 -0.07485657185316086
0.20352491736412048 0.339293509721756 -0.08519979566335678
0.2550424039363861 0.39259910583496094 -0.09565439075231552
0.32043376564979553 0.455649197101593 -0.10575111210346222
0.3934381604194641 0.5231717228889465 -0.11481505632400513
0.4679851830005646 0.590052604675293 -0.12218499183654785
0.5381459593772888 0.6512899994850159 -0.12720336019992828
0.5980575680732727 0.7019249796867371 -0.1292031705379486
0.6418188214302063 0.7369493842124939 -0.12749138474464417
0.6636115312576294 0.751384437084198 -0.12137410789728165
0.6623030304908752 0.7438544631004333 -0.11099080741405487
0.6410658359527588 0.7162998914718628 -0.09728050231933594
0.6032553315162659 0.6707941889762878 -0.08126159757375717
0.552426278591156 0.6095969080924988 -0.06403487920761108
0.49245721101760864 0.5353000164031982 -0.046797484159469604
0.42761075496673584 0.45093509554862976 -0.03083634003996849
0.3625112771987915 0.36002010107040405 -0.017496267333626747
0.3013455867767334 0.2666267454624176 -0.007868766784667969
0.24481850862503052 0.17543314397335052 -0.0016961480723693967
0.19225353002548218 0.09078439325094223 0.0017624058527871966
0.14270684123039246 0.016405614092946053 0.0032796827144920826
0.09503388404846191 -0.044541336596012115 0.0036208524834364653
0.04793207347393036 -0.08932309597730637 0.003522750223055482
-4.468126644496806e-05 -0.11544530093669891 0.0036901517305523157
-0.0504923053085804 -0.1204603984951973 0.004812227096408606
-0.10448025166988373 -0.10452327877283096 0.007967106066644192
-0.16192351281642914 -0.07214920222759247 0.01489737257361412
-0.22249454259872437 -0.02810896746814251 0.027444416657090187
-0.28569358587265015 0.022792650386691093 0.04748804122209549
-0.35081416368484497 0.07556883990764618 0.07691573351621628
-0.4169163107872009 0.12498404085636139 0.11755850911140442
-0.48281431198120117 0.16557587683200836 0.17109346389770508
-0.5470073819160461 0.1921101063489914 0.23840969800949097
-0.6070607900619507 0.20302876830101013 0.3147355020046234
-0.6602447628974915 0.19914941489696503 0.3921639621257782
-0.7041030526161194 0.18144284188747406 0.4630970358848572
-0.7364129424095154 0.1508764773607254 0.5203348994255066
-0.7551005482673645 0.10830476135015488 0.5570002198219299
-0.7581238746643066 0.05437714606523514 0.566351592540741
-0.7433253526687622 -0.010543295182287693 0.5414930582046509
-0.7094458341598511 -0.08551532030105591 0.47875407338142395
-0.6586822867393494 -0.1668192446231842 0.3858228325843811
-0.5938670635223389 -0.2499811351299286 0.27265268564224243
-0.517894983291626 -0.3301999568939209 0.14951016008853912
-0.4338618516921997 -0.4022532105445862 0.02727038785815239
-0.345174640417099 -0.46045807003974915 -0.0824032723903656
-0.2556259334087372 -0.49870020151138306 -0.16701731085777283
-0.16935846209526062 -0.5107117295265198 -0.2137429118156433
-0.08912677317857742 -0.4946892261505127 -0.21970143914222717
-0.01581442914903164 -0.45410865545272827 -0.1937638521194458
0.04988846182823181 -0.39300456643104553 -0.14592638611793518
0.10738790780305862 -0.31562402844429016 -0.08655909448862076
0.15618133544921875 -0.2263442873954773 -0.02625901810824871
0.19584593176841736 -0.1296072006225586 0.024259639903903008
0.22602714598178864 -0.029864272102713585 0.054241277277469635
0.24643424153327942 0.06871571391820908 0.05469757318496704
0.2568820118904114 0.16363443434238434 0.027995141223073006
0.2572311758995056 0.25304821133613586 -0.018973784521222115
0.2473553568124771 0.33512505888938904 -0.07924834638834
0.22713834047317505 0.4080415368080139 -0.14582647383213043
0.19647115468978882 0.469985693693161 -0.21168091893196106
0.15524902939796448 0.5191558003425598 -0.26976919174194336
0.10337229073047638 0.55377197265625 -0.31306058168411255
0.04134226217865944 0.5740119814872742 -0.3375648856163025
-0.029055524617433548 0.5840518474578857 -0.3455287218093872
-0.10575780272483826 0.588566243648529 -0.3399899899959564
-0.18655869364738464 0.5922353267669678 -0.3240494430065155
-0.26911428570747375 0.5997058153152466 -0.30088281631469727
-0.35096773505210876 0.6155171394348145 -0.2737269103527069
-0.42959466576576233 0.6439964771270752 -0.2458399087190628
-0.5024515390396118 0.6879821419715881 -0.21992281079292297
-0.5669060945510864 0.7339968085289001 -0.19139200448989868
-0.6206483244895935 0.7576802968978882 -0.15054471790790558
-0.6618521809577942 0.7358128428459167 -0.08783429116010666
-0.6889736652374268 0.6459248065948486 0.006310946773737669
-0.7005095481872559 0.46499499678611755 0.1420610398054123
-0.6947246789932251 0.16750794649124146 0.3310517370700836
-0.6693233847618103 -0.2773056626319885 0.5876367688179016
-0.6797457337379456 0.31028953194618225 -0.23349836468696594
-0.26840564608573914 0.195912703871727 -0.11593345552682877
0.030228691175580025 0.09024200588464737 -0.01388835720717907
0.24446818232536316 -0.005337561946362257 0.07429726421833038
0.3941822648048401 -0.08904355019330978 0.14926958084106445
0.49389004707336426 -0.1586579978466034 0.2109137922525406
0.5546339750289917 -0.21145999431610107 0.2584790587425232
0.5851739048957825 -0.24412798881530762 0.29062265157699585
0.5927613377571106 -0.25270435214042664 0.3054535388946533
0.5825141668319702 -0.2364790439605713 0.3028474450111389
0.5573933720588684 -0.19962579011917114 0.28542065620422363
0.5200719237327576 -0.14650991559028625 0.25580844283103943
0.4733326733112335 -0.08170390874147415 0.21670955419540405
0.42029398679733276 -0.010305039584636688 0.17110778391361237
0.3645746111869812 0.0618516206741333 0.12243381142616272
0.3103725016117096 0.12812556326389313 0.07464580237865448
0.2621822655200958 0.18197914958000183 0.03184230998158455
0.22280670702457428 0.2230176031589508 -0.00452033244073391
0.1938915252685547 0.2543264329433441 -0.03456832468509674
0.17676590383052826 0.2793580889701843 -0.05866984277963638
0.17247720062732697 0.30174270272254944 -0.07737305015325546
0.1818484216928482 0.32515913248062134 -0.09135167300701141
0.20555531978607178 0.35325533151626587 -0.10135502368211746
0.24420998990535736 0.3896147310733795 -0.10816667228937149
0.2968474328517914 0.4357282221317291 -0.11241807788610458
0.35858166217803955 0.4879581928253174 -0.11433366686105728
0.42416372895240784 0.5420690178871155 -0.11406529694795609
0.48860207200050354 0.5940277576446533 -0.11174800246953964
0.5470947623252869 0.6399440765380859 -0.10749346762895584
0.5949293375015259 0.6759849786758423 -0.10138445347547531
0.6273483037948608 0.6982598900794983 -0.0934688001871109
0.6396015286445618 0.7028375864028931 -0.08376527577638626
0.6309767365455627 0.6886399984359741 -0.07248863577842712
0.6045006513595581 0.6572404503822327 -0.06008274853229523
0.5633711814880371 0.6103214025497437 -0.047061510384082794
0.5110465884208679 0.5497863292694092 -0.03402027487754822
0.4514088034629822 0.47794613242149353 -0.02164251171052456
0.3888423442840576 0.3976586163043976 -0.01069029700011015
0.3281981647014618 0.31239375472068787 -0.001973720733076334
0.273787260055542 0.2262645661830902 0.0038700345903635025
0.22564849257469177 0.1438979059457779 0.007119296118617058
0.18215148150920868 0.06946456432342529 0.00839189998805523
0.1414073407649994 0.006414324045181274 0.008329885080456734
0.10137690603733063 -0.04244643822312355 0.007561247795820236
0.05992576852440834 -0.07478851079940796 0.006680704653263092
0.014823977835476398 -0.08853793144226074 0.0062471479177474976
-0.036287758499383926 -0.08165762573480606 0.006801603827625513
-0.09455644339323044 -0.05473119765520096 0.00935003999620676
-0.15884873270988464 -0.01274325791746378 0.01568513549864292
-0.2277374416589737 0.03909305855631828 0.027698939666152
-0.2996455132961273 0.0955604836344719 0.047317810356616974
-0.3727882206439972 0.15128973126411438 0.07648175954818726
-0.44513851404190063 0.20069414377212524 0.11709249019622803
-0.5144218802452087 0.2379917949438095 0.17093013226985931
-0.5781998634338379 0.25772514939308167 0.23901937901973724
-0.6345141530036926 0.2588401138782501 0.3166152238845825
-0.6819270253181458 0.24304340779781342 0.3957442343235016
-0.719221830368042 0.21213020384311676 0.4686968922615051
-0.7453318238258362 0.1678219586610794 0.528092086315155
-0.7592600584030151 0.11166743189096451 0.566791296005249
-0.7599857449531555 0.04496757313609123 0.5777077674865723
-0.7463553547859192 -0.031282857060432434 0.5535174012184143
-0.7176679372787476 -0.11566425114870071 0.49017927050590515
-0.6752123236656189 -0.20443710684776306 0.39543262124061584
-0.6206399202346802 -0.29311293363571167 0.2794501483440399
-0.5556555986404419 -0.37678200006484985 0.15282858908176422
-0.4821295142173767 -0.45002707839012146 0.02690320461988449
-0.40219438076019287 -0.5068970918655396 -0.08606183528900146
-0.3183227777481079 -0.5409576296806335 -0.17283493280410767
-0.2333446592092514 -0.5456178188323975 -0.2197626233100891
-0.1496599018573761 -0.5191918015480042 -0.22375762462615967
-0.06890270859003067 -0.46581754088401794 -0.19430644810199738
0.007374925073236227 -0.3903157413005829 -0.14219070971012115
0.07768198847770691 -0.29779839515686035 -0.07866179198026657
0.14060448110103607 -0.19356028735637665 -0.015250474214553833
0.19481095671653748 -0.08298958837985992 0.036387983709573746
0.23905524611473083 0.028511425480246544 0.06459491699934006
0.2722454369068146 0.13595755398273468 0.05973023921251297
0.29383039474487305 0.23682677745819092 0.024679401889443398
0.30349674820899963 0.3296178877353668 -0.03270747885107994
0.3009670376777649 0.41291168332099915 -0.10455594956874847
0.28598082065582275 0.4853553771972656 -0.18302702903747559
0.2582760453224182 0.5456508994102478 -0.2603442370891571
0.21756990253925323 0.5925359129905701 -0.32879483699798584
0.16354376077651978 0.6247733235359192 -0.3807293474674225
0.09668277949094772 0.64284348487854 -0.41172313690185547
0.019253239035606384 0.6507346034049988 -0.42390623688697815
-0.06612875312566757 0.6528530716896057 -0.4201878607273102
-0.15667429566383362 0.653613269329071 -0.40351632237434387
-0.24941138923168182 0.6574222445487976 -0.376924067735672
-0.34120452404022217 0.6686245203018188 -0.34354355931282043
-0.42880409955978394 0.6914087533950806 -0.30659353733062744
-0.5088687539100647 0.7285518050193787 -0.26894986629486084
-0.5773904919624329 0.7667697072029114 -0.22807735204696655
-0.6303441524505615 0.7819056510925293 -0.17747493088245392
-0.6642552018165588 0.7507036328315735 -0.11054170876741409
-0.6759046316146851 0.6503815054893494 -0.02043682150542736
-0.6619343161582947 0.4572571814060211 0.10035470873117447
-0.6183576583862305 0.1446586698293686 0.2606958746910095
-0.5399215817451477 -0.3201104402542114 0.47180017828941345
-0.6785456538200378 0.5257856845855713 -0.16422158479690552
-0.30555975437164307 0.29277336597442627 -0.10068496316671371
-0.026524532586336136 0.11040045320987701 -0.03741440176963806
0.18034592270851135 -0.031197957694530487 0.023418154567480087
0.33045920729637146 -0.13861556351184845 0.07980789244174957
0.4350227117538452 -0.21620431542396545 0.12975265085697174
0.5023880004882812 -0.26668545603752136 0.17112118005752563
0.5389121770858765 -0.2915087044239044 0.2015293538570404
0.5495340824127197 -0.2910986542701721 0.21826311945915222
0.5384304523468018 -0.2670499086380005 0.2204732745885849
0.5094979405403137 -0.22319328784942627 0.21006105840206146
0.46647077798843384 -0.16341352462768555 0.18893343210220337
0.4132770597934723 -0.09186699986457825 0.15901777148246765
0.35433730483055115 -0.013318479061126709 0.12246396392583847
0.2947620451450348 0.06662555783987045 0.0818028599023819
0.24040813744068146 0.14143671095371246 0.04004066810011864
0.1972789764404297 0.2045183628797531 0.00044317098218016326
0.16780221462249756 0.2548445165157318 -0.03520344942808151
0.1521904617547989 0.29466375708580017 -0.06609328091144562
0.1502164900302887 0.3266645073890686 -0.09164807200431824
0.1613403558731079 0.3537800908088684 -0.11149498075246811
0.184833824634552 0.37904438376426697 -0.12543243169784546
0.21989914774894714 0.4054923951625824 -0.13338527083396912
0.26577028632164 0.4361063241958618 -0.13535729050636292
0.3207179009914398 0.4722258448600769 -0.1317085325717926
0.38049736618995667 0.5112220644950867 -0.1235945001244545
0.44075775146484375 0.5500446557998657 -0.11221829056739807
0.49743491411209106 0.5858331322669983 -0.09869342297315598
0.5466658473014832 0.6158547401428223 -0.08405078947544098
0.5846695899963379 0.6374173760414124 -0.06925420463085175
0.6075941920280457 0.6477584838867188 -0.05522410571575165
0.6115237474441528 0.6440232396125793 -0.042836111038923264
0.5960849523544312 0.6253892183303833 -0.03235410898923874
0.5642271637916565 0.5929571390151978 -0.023535089567303658
0.519084095954895 0.5479230880737305 -0.016182763502001762
0.4641178250312805 0.49171870946884155 -0.010146132670342922
0.4033133089542389 0.42620548605918884 -0.005301155615597963
0.3412686884403229 0.3538285493850708 -0.0015351577894762158
0.28313690423965454 0.277692586183548 0.0012666371185332537
0.23341818153858185 0.20161031186580658 0.0032342192716896534
0.1915937215089798 0.13001662492752075 0.00453401543200016
0.15520092844963074 0.06688297539949417 0.005360763054341078
0.12153222411870956 0.015414178371429443 0.005917750298976898
0.0877937525510788 -0.021860333159565926 0.00640464061871171
0.051176346838474274 -0.042899273335933685 0.007012037094682455
0.008843200281262398 -0.04590761661529541 0.007922024466097355
-0.04213010519742966 -0.029104623943567276 0.009322579018771648
-0.10288698971271515 0.006642056629061699 0.012047956697642803
-0.17139610648155212 0.05599968507885933 0.017989233136177063
-0.2453179955482483 0.11343009024858475 0.029139798134565353
-0.3222087025642395 0.1734209656715393 0.04751612991094589
-0.39944034814834595 0.2303362339735031 0.07515135407447815
-0.47415679693222046 0.2783481478691101 0.11405906826257706
-0.5432679653167725 0.31145328283309937 0.1661672294139862
-0.6036527156829834 0.3240373432636261 0.23269572854042053
-0.6538874506950378 0.3154813051223755 0.30908486247062683
-0.6937559247016907 0.2882365882396698 0.3875027298927307
-0.723204493522644 0.2447843849658966 0.4603257477283478
-0.7422581315040588 0.1874801218509674 0.5201813578605652
-0.7509550452232361 0.11846888065338135 0.5598542094230652
-0.7492796182632446 0.039628442376852036 0.5720972418785095
-0.7370951175689697 -0.04746750742197037 0.5493524074554443
-0.7142817974090576 -0.14094334840774536 0.4873116910457611
-0.6811941862106323 -0.23701536655426025 0.3935404419898987
-0.638248860836029 -0.3311501145362854 0.27813953161239624
-0.5858818292617798 -0.4183005094528198 0.15173430740833282
-0.5246292352676392 -0.49282893538475037 0.02579699270427227
-0.4552091658115387 -0.5484963655471802 -0.0871603786945343
-0.3786025643348694 -0.5785390138626099 -0.17355793714523315
-0.2961331903934479 -0.5760498642921448 -0.21933601796627045
-0.20976804196834564 -0.5394691824913025 -0.22133353352546692
-0.12196776270866394 -0.473597913980484 -0.1894330233335495
-0.035247620195150375 -0.384047269821167 -0.13493773341178894
0.04789049178361893 -0.27679258584976196 -0.0696847140789032
0.12500117719173431 -0.15803048014640808 -0.005809423513710499
0.19372405111789703 -0.03405767306685448 0.04445177689194679
0.25180584192276 0.08883638679981232 0.06892085820436478
0.29726654291152954 0.2049260288476944 0.05765000730752945
0.329244464635849 0.3116658329963684 0.014052262529730797
0.3473678529262543 0.4078613221645355 -0.05321050435304642
0.35132813453674316 0.49246132373809814 -0.135520339012146
0.34084242582321167 0.5645245909690857 -0.22438640892505646
0.3156163990497589 0.6231902241706848 -0.3114747703075409
0.2753058671951294 0.6676400899887085 -0.38859209418296814
0.2194836586713791 0.6970697641372681 -0.44765084981918335
0.14865532517433167 0.7121959924697876 -0.48391640186309814
0.06546385586261749 0.7168633341789246 -0.49942585825920105
-0.02704518474638462 0.7152755856513977 -0.4969649910926819
-0.12562021613121033 0.7116544246673584 -0.47932758927345276
-0.22677314281463623 0.7102458477020264 -0.4493941068649292
-0.32678771018981934 0.71528160572052 -0.4101789891719818
-0.42176923155784607 0.7308955788612366 -0.3648449778556824
-0.5076317191123962 0.7599050402641296 -0.316417396068573
-0.57891845703125 0.7895664572715759 -0.2642781138420105
-0.6297053694725037 0.7964360117912292 -0.20496580004692078
-0.654658317565918 0.7577425837516785 -0.13474275171756744
-0.6486603617668152 0.6510050296783447 -0.04951193183660507
-0.606268584728241 0.45271337032318115 0.05544952303171158
-0.5210097432136536 0.13628889620304108 0.18591488897800446
-0.3844275176525116 -0.3309139907360077 0.34935513138771057
-0.6436081528663635 0.6979231238365173 -0.08521600812673569
-0.3130285143852234 0.36212819814682007 -0.07627150416374207
-0.05902392044663429 0.11433602124452591 -0.052508145570755005
0.1349305957555771 -0.06544021517038345 -0.01967950351536274
0.2802830636501312 -0.1912844032049179 0.01764208823442459
0.38507893681526184 -0.2733769118785858 0.05554693564772606
0.4549802243709564 -0.31922659277915955 0.09043494611978531
0.4938976764678955 -0.3344556391239166 0.11874666064977646
0.5044220089912415 -0.3233223259449005 0.1367868334054947
0.4897235929965973 -0.2894640266895294 0.1429050713777542
0.4545367360115051 -0.2364778071641922 0.1383432149887085
0.40359869599342346 -0.16793757677078247 0.12435723841190338
0.3419526219367981 -0.0877734124660492 0.1021808460354805
0.2752985656261444 -0.0006099125021137297 0.07319753617048264
0.21020659804344177 0.08799633383750916 0.03908761218190193
0.15413109958171844 0.17147953808307648 0.0019344516331329942
0.11449640244245529 0.24308770895004272 -0.03580772504210472
0.09336920082569122 0.301222026348114 -0.07195959240198135
0.08960983157157898 0.3474220335483551 -0.10468750447034836
0.101532943546772 0.3837481141090393 -0.13236889243125916
0.12713444232940674 0.41258397698402405 -0.1536232978105545
0.16428516805171967 0.4364772439002991 -0.16730700433254242
0.21089009940624237 0.45801806449890137 -0.1724773347377777
0.2650025486946106 0.47975975275039673 -0.16833864152431488
0.32422956824302673 0.5030746459960938 -0.1550588756799698
0.3847823143005371 0.5265282392501831 -0.1349940001964569
0.44296514987945557 0.5483863353729248 -0.11065174639225006
0.495383083820343 0.5670374035835266 -0.08433187007904053
0.5388388633728027 0.5809421539306641 -0.05815768986940384
0.5701979994773865 0.5885658860206604 -0.03412850573658943
0.5862195491790771 0.5882946252822876 -0.014192573726177216
0.5835362076759338 0.578399121761322 -0.0002515353844501078
0.562028169631958 0.5582769513130188 0.007407685276120901
0.5246651768684387 0.5284328460693359 0.009932205080986023
0.47462427616119385 0.4894525110721588 0.008465507999062538
0.41547873616218567 0.44213157892227173 0.004185948986560106
0.3514210283756256 0.3876432776451111 -0.0016294391825795174
0.2873629629611969 0.3276812732219696 -0.007579928729683161
0.22885605692863464 0.2645431458950043 -0.012165837921202183
0.18070264160633087 0.20128385722637177 -0.014125018380582333
0.14203046262264252 0.14200256764888763 -0.013561095111072063
0.10976727306842804 0.09050697833299637 -0.011059471406042576
0.0805937796831131 0.04987051710486412 -0.007219827733933926
0.05115266889333725 0.022513730451464653 -0.0026085209101438522
0.018140174448490143 0.010387439280748367 0.0022661236580461264
-0.0217104721814394 0.01521301083266735 0.006959269754588604
-0.07170548290014267 0.038711417466402054 0.011093202978372574
-0.13294848799705505 0.07991000264883041 0.015227720141410828
-0.20273268222808838 0.13329191505908966 0.021393343806266785
-0.2780468463897705 0.1931479573249817 0.03172552213072777
-0.35582154989242554 0.2538183033466339 0.04836070165038109
-0.43283578753471375 0.3095431923866272 0.07344718277454376
-0.5056639313697815 0.3543912470340729 0.10912667214870453
-0.5706658959388733 0.38226640224456787 0.15748684108257294
-0.6242850422859192 0.3874974250793457 0.21996556222438812
-0.6656816601753235 0.36980369687080383 0.29234907031059265
-0.6957902312278748 0.3321758806705475 0.3671872317790985
-0.715654730796814 0.2775878608226776 0.43718305230140686
-0.7263449430465698 0.20885394513607025 0.4952170252799988
-0.7289094924926758 0.12855981290340424 0.5342495441436768
-0.7243391871452332 0.039022110402584076 0.5471400618553162
-0.7135418057441711 -0.057730842381715775 0.5263835787773132
-0.6970104575157166 -0.15944825112819672 0.46758219599723816
-0.6741421818733215 -0.262271910905838 0.37788188457489014
-0.6440653800964355 -0.36157503724098206 0.26696962118148804
-0.6058681607246399 -0.45212820172309875 0.14513221383094788
-0.5586445927619934 -0.528031587600708 0.023574896156787872
-0.5015602111816406 -0.5827230215072632 -0.08539433032274246
-0.43393734097480774 -0.6090871691703796 -0.16835536062717438
-0.35541197657585144 -0.5999014973640442 -0.21139629185199738
-0.26745086908340454 -0.5537542104721069 -0.21147599816322327
-0.17341580986976624 -0.47613525390625 -0.1786007583141327
-0.07687538862228394 -0.37346315383911133 -0.12424944341182709
0.01856992579996586 -0.25256630778312683 -0.060441482812166214
0.10936587303876877 -0.1204957365989685 0.0005388865829445422
0.1920602172613144 0.01563338190317154 0.046370040625333786
0.2633446753025055 0.1487756371498108 0.06486676633358002
0.320329874753952 0.2726106643676758 0.04620158299803734
0.36191749572753906 0.38461336493492126 -0.005743852350860834
0.38777682185173035 0.48387381434440613 -0.08176629990339279
0.3976563811302185 0.5696584582328796 -0.17278574407100677
0.39132949709892273 0.6413593888282776 -0.269930899143219
0.36854222416877747 0.6984496712684631 -0.36455729603767395
0.32895925641059875 0.740432620048523 -0.44820767641067505
0.2721162438392639 0.7667995095252991 -0.5125430822372437
0.19855225086212158 0.7784149050712585 -0.5526288747787476
0.11117534339427948 0.7790091633796692 -0.5704066753387451
0.013337131589651108 0.7726393342018127 -0.5685306787490845
-0.09136747568845749 0.7633978724479675 -0.5496358275413513
-0.19904792308807373 0.7554394006729126 -0.5164473652839661
-0.3055133819580078 0.7529564499855042 -0.4718572199344635
-0.4063207805156708 0.760103166103363 -0.41896510124206543
-0.4967138171195984 0.7798354625701904 -0.3609251379966736
-0.5696827173233032 0.8003765940666199 -0.29885032773017883
-0.6171547174453735 0.7996698617935181 -0.23206883668899536
-0.6316839456558228 0.7561528086662292 -0.1595338135957718
-0.6060414910316467 0.6485023498535156 -0.07979334145784378
-0.5325684547424316 0.4545235335826874 0.009113910607993603
-0.40230852365493774 0.14939439296722412 0.10983119159936905
-0.2038331925868988 -0.29690882563591003 0.22595545649528503
-0.5632191896438599 0.8062829375267029 -0.0028234897181391716
-0.27845194935798645 0.39041826128959656 -0.04273603484034538
-0.055220890790224075 0.09398450702428818 -0.05443483591079712
0.11925223469734192 -0.11243139952421188 -0.04695780575275421
0.2532370090484619 -0.24930210411548615 -0.027138568460941315
0.3520103693008423 -0.3314545154571533 -0.0005453850026242435
0.4187348484992981 -0.3700554668903351 0.02792302891612053
0.4549737274646759 -0.37387093901634216 0.05362292379140854
0.46105340123176575 -0.3500860035419464 0.0719040036201477
0.4391179382801056 -0.30397623777389526 0.08033668249845505
0.39459773898124695 -0.2391064465045929 0.07957389950752258
0.3331446647644043 -0.15901395678520203 0.07031174749135971
0.2608463764190674 -0.06769117712974548 0.05319597199559212
0.18458887934684753 0.030095739290118217 0.02896144986152649
0.11225187033414841 0.1285918951034546 -0.0014363819500431418
0.05266495421528816 0.22100390493869781 -0.03670789673924446
0.01442662999033928 0.3003274202346802 -0.07508450746536255
-0.0007149199955165386 0.36452236771583557 -0.11389625072479248
0.004977935925126076 0.41463568806648254 -0.1502017378807068
0.028625112026929855 0.4523032307624817 -0.1812610626220703
0.06703273952007294 0.4795514941215515 -0.2046230137348175
0.11693982034921646 0.49862709641456604 -0.21815213561058044
0.17520751059055328 0.5118550658226013 -0.22000518441200256
0.23894377052783966 0.5215365886688232 -0.2085740566253662
0.3051574230194092 0.529257595539093 -0.18392695486545563
0.3701850473880768 0.5349517464637756 -0.14991845190525055
0.4306079149246216 0.5383234620094299 -0.11064944416284561
0.4833373427391052 0.5390859842300415 -0.0698498785495758
0.5254912972450256 0.5369370579719543 -0.030943315476179123
0.5542408227920532 0.531530499458313 0.002849029842764139
0.5666217803955078 0.5224425792694092 0.028367388993501663
0.5594950914382935 0.509142279624939 0.04249360412359238
0.5329137444496155 0.491205096244812 0.04495810717344284
0.4899960160255432 0.4683789312839508 0.03807409107685089
0.434082955121994 0.4404630959033966 0.024215109646320343
0.36896634101867676 0.40739041566848755 0.005911883898079395
0.2991415858268738 0.3693309724330902 -0.014020167291164398
0.2299237698316574 0.3268018364906311 -0.03244459256529808
0.16735628247261047 0.28075850009918213 -0.045988526195287704
0.1166832223534584 0.23296838998794556 -0.051876600831747055
0.07697321474552155 0.18707743287086487 -0.050660472363233566
0.04487219452857971 0.1468365639448166 -0.044091057032346725
0.016742797568440437 0.11538086086511612 -0.033960673958063126
-0.011086110956966877 0.09526513516902924 -0.02196170575916767
-0.04220350831747055 0.08860913664102554 -0.009615637362003326
-0.08012324571609497 0.0973094254732132 0.0017389688873663545
-0.12835891544818878 0.12324801087379456 0.010931884869933128
-0.18797561526298523 0.1655479073524475 0.018131213262677193
-0.2558773458003998 0.21870538592338562 0.025531329214572906
-0.3286650776863098 0.27702072262763977 0.03543475642800331
-0.40291136503219604 0.3348563313484192 0.0501118004322052
-0.47506213188171387 0.3864912986755371 0.07182993739843369
-0.5413816571235657 0.42604947090148926 0.10285372287034988
-0.5979410409927368 0.4474990963935852 0.14541614055633545
-0.6409919261932373 0.44524437189102173 0.20116662979125977
-0.6703309416770935 0.4192330241203308 0.2664051353931427
-0.6879860758781433 0.3727492690086365 0.33433806896209717
-0.696053147315979 0.3090284466743469 0.39827683568000793
-0.6966189742088318 0.23112787306308746 0.4516508877277374
-0.6917352080345154 0.14186996221542358 0.48791205883026123
-0.6834142208099365 0.043814316391944885 0.5003685355186462
-0.6736432313919067 -0.06075001880526543 0.4819435179233551
-0.6635636687278748 -0.16933971643447876 0.428398072719574
-0.6515887379646301 -0.27799278497695923 0.34619376063346863
-0.6355012059211731 -0.38192981481552124 0.24421066045761108
-0.612960696220398 -0.47568240761756897 0.13196444511413574
-0.5815101265907288 -0.5530351400375366 0.019905801862478256
-0.5386236310005188 -0.6070559620857239 -0.08041585236787796
-0.4818047881126404 -0.6302472949028015 -0.15636947751045227
-0.40883663296699524 -0.6150700449943542 -0.1948786973953247
-0.32063910365104675 -0.5603001117706299 -0.19326519966125488
-0.2215612828731537 -0.4721696674823761 -0.16132016479969025
-0.11631088703870773 -0.3579282760620117 -0.11025489121675491
-0.009649292565882206 -0.2252303510904312 -0.051752518862485886
0.09373143315315247 -0.08188901096582413 0.002335394499823451
0.1892930120229721 0.06431863456964493 0.040218669921159744
0.27270621061325073 0.20580072700977325 0.05032036453485489
0.3402288258075714 0.3358633518218994 0.023416107520461082
0.39061859250068665 0.45208144187927246 -0.03628453612327576
0.42366358637809753 0.5538080930709839 -0.1194288581609726
0.439216673374176 0.6405563354492188 -0.21685636043548584
0.4371349513530731 0.7119414806365967 -0.31965601444244385
0.4172225296497345 0.7676304578781128 -0.4191579520702362
0.3791719675064087 0.8072887063026428 -0.5068679451942444
0.3225116431713104 0.8305336236953735 -0.5743733644485474
0.24780499935150146 0.8382649421691895 -0.616628110408783
0.15811221301555634 0.8341200947761536 -0.6354517936706543
0.05697261169552803 0.8220592141151428 -0.6333488821983337
-0.051788996905088425 0.806108295917511 -0.6127955317497253
-0.1639917641878128 0.790400505065918 -0.5763716697692871
-0.2750830352306366 0.7791630029678345 -0.5268613696098328
-0.38018590211868286 0.7766463160514832 -0.4673163890838623
-0.4739741384983063 0.7860477566719055 -0.40101349353790283
-0.5477599501609802 0.797075629234314 -0.3305635452270508
-0.5910261273384094 0.7899079918861389 -0.25773710012435913
-0.5939553380012512 0.7451093792915344 -0.1838950663805008
-0.5470603704452515 0.6435769200325012 -0.10998567193746567
-0.44052210450172424 0.4657716155052185 -0.03655772656202316
-0.2632858455181122 0.1904614269733429 0.03621849790215492
-0.0018598913447931409 -0.20710060000419617 0.1085323765873909
-0.4350949227809906 0.8441634774208069 0.07996074110269547
-0.19993890821933746 0.3745473027229309 -0.000947728578466922
-0.01307848934084177 0.04889620468020439 -0.042095333337783813
0.13552230596542358 -0.171089768409729 -0.05579550564289093
0.2515762448310852 -0.31097501516342163 -0.05087887868285179
0.3379860818386078 -0.38876616954803467 -0.034261394292116165
0.39566847681999207 -0.41787999868392944 -0.011869929730892181
0.42401668429374695 -0.4089619815349579 0.010764017701148987
0.4212621748447418 -0.3710378408432007 0.028154486790299416
0.3885636627674103 -0.31056690216064453 0.03716590255498886
0.3319200873374939 -0.23135307431221008 0.03793920576572418
0.25780996680259705 -0.13723045587539673 0.030705057084560394
0.17326931655406952 -0.032580114901065826 0.015639515593647957
0.08620872348546982 0.07740018516778946 -0.00702657038345933
0.005552013870328665 0.18653346598148346 -0.03689355030655861
-0.0588717944920063 0.2876656651496887 -0.07328052818775177
-0.09768350422382355 0.3735229969024658 -0.11492905020713806
-0.10940707474946976 0.44181808829307556 -0.15859860181808472
-0.09709465503692627 0.4933505654335022 -0.20021793246269226
-0.06443960964679718 0.5295365452766418 -0.235913947224617
-0.01544354297220707 0.5522171258926392 -0.2621454894542694
0.045849308371543884 0.5634874701499939 -0.2757617235183716
0.11555425822734833 0.5655475854873657 -0.2739965617656708
0.1900787055492401 0.5605860352516174 -0.2544192671775818
0.26587074995040894 0.5505489110946655 -0.21707698702812195
0.33900612592697144 0.5368701219558716 -0.16757526993751526
0.40592262148857117 0.520786702632904 -0.11186102032661438
0.46345338225364685 0.5033954381942749 -0.05531312897801399
0.5086802244186401 0.4856652319431305 -0.0028423876501619816
0.5387541651725769 0.4684615135192871 0.040945231914520264
0.5506818890571594 0.45258039236068726 0.07152727246284485
0.541266918182373 0.4387373626232147 0.0844256579875946
0.5106796026229858 0.4266243875026703 0.07945486158132553
0.4623188376426697 0.41505441069602966 0.060351625084877014
0.3998030424118042 0.4028480052947998 0.030987760052084923
0.32723066210746765 0.3888426721096039 -0.004465979989618063
0.2494647353887558 0.3719089925289154 -0.04134046658873558
0.17226974666118622 0.3510127663612366 -0.07442102581262589
0.10222409665584564 0.3253178000450134 -0.09810411185026169
0.04511179029941559 0.29487916827201843 -0.10782994329929352
0.00023468791914638132 0.262837678194046 -0.10475023835897446
-0.035695988684892654 0.2330215722322464 -0.0920795127749443
-0.06631985306739807 0.2088228315114975 -0.07309985160827637
-0.09535548835992813 0.19315801560878754 -0.050909172743558884
-0.12646040320396423 0.18854829668998718 -0.028295252472162247
-0.16321557760238647 0.19728201627731323 -0.007715828716754913
-0.20917975902557373 0.22158974409103394 0.008665136992931366
-0.26539355516433716 0.26086509227752686 0.02050761878490448
-0.3286576569080353 0.3098006546497345 0.030171046033501625
-0.395460307598114 0.36287274956703186 0.040131181478500366
-0.4622664153575897 0.41461992263793945 0.05279189348220825
-0.5254259705543518 0.45950835943222046 0.07053260505199432
-0.5811247825622559 0.4918631613254547 0.09572555869817734
-0.6253765225410461 0.5058650374412537 0.13072465360164642
-0.6544595956802368 0.4961269199848175 0.17737257480621338
-0.668852686882019 0.46272706985473633 0.23263069987297058
-0.671626627445221 0.4090169668197632 0.2906135618686676
-0.6658906936645508 0.3382797837257385 0.34550297260284424
-0.65472412109375 0.253611296415329 0.39155614376068115
-0.6411723494529724 0.15787175297737122 0.4230199158191681
-0.6282727122306824 0.05366336554288864 0.4339846670627594
-0.6191114187240601 -0.05667179450392723 0.41817373037338257
-0.6154995560646057 -0.17057931423187256 0.3717634081840515
-0.6148524880409241 -0.2839752435684204 0.30029401183128357
-0.613572895526886 -0.3918769657611847 0.21147163212299347
-0.6078346371650696 -0.4885288178920746 0.11362338811159134
-0.5935461521148682 -0.5673545598983765 0.015963438898324966
-0.5663836598396301 -0.6210148930549622 -0.07127349823713303
-0.521909773349762 -0.641609787940979 -0.1368788778781891
-0.45594173669815063 -0.621295154094696 -0.16929596662521362
-0.3688407838344574 -0.5590863823890686 -0.16643230617046356
-0.26602795720100403 -0.4620109498500824 -0.13748961687088013
-0.1534218192100525 -0.3381595313549042 -0.09292915463447571
-0.0369747132062912 -0.1959543228149414 -0.04354875907301903
0.0775052011013031 -0.04383712634444237 -0.00017788690456654876
0.18446479737758636 0.10995487868785858 0.026522327214479446
0.27866145968437195 0.2575342357158661 0.02615194022655487
0.3556215763092041 0.3920831084251404 -0.009491912089288235
0.41405898332595825 0.5113592743873596 -0.07606253772974014
0.4539306163787842 0.6149433255195618 -0.1644744873046875
0.47520458698272705 0.7025049328804016 -0.2658718526363373
0.4778077304363251 0.7737513780593872 -0.3716323673725128
0.4615786373615265 0.828386127948761 -0.4733227789402008
0.4262174963951111 0.8660619854927063 -0.5626099109649658
0.3712417185306549 0.8863427639007568 -0.6311549544334412
0.2972147464752197 0.8900435566902161 -0.6738688945770264
0.20724785327911377 0.880716860294342 -0.6924232244491577
0.10496579855680466 0.8622673153877258 -0.6891669631004333
-0.005677065346390009 0.8387075662612915 -0.6664356589317322
-0.12031412124633789 0.814210832118988 -0.6266982555389404
-0.23414427042007446 0.7931060194969177 -0.5726735591888428
-0.34198153018951416 0.7798091769218445 -0.507408618927002
-0.43805307149887085 0.7778589129447937 -0.43431970477104187
-0.5119317173957825 0.778992772102356 -0.3572629392147064
-0.5504618883132935 0.7665219306945801 -0.2800436317920685
-0.5413312315940857 0.7240819931030273 -0.2060602605342865
-0.47284838557243347 0.6357952356338501 -0.13828641176223755
-0.3333952724933624 0.4858969748020172 -0.07932884246110916
-0.11065775901079178 0.2580471634864807 -0.03153650835156441
0.20936843752861023 -0.06566561758518219 0.0028445462230592966
-0.2682592570781708 0.8203622698783875 0.16360965371131897
-0.08765473961830139 0.3234635591506958 0.04726181924343109
0.05794470012187958 -0.012692593038082123 -0.018577832728624344
0.17574045062065125 -0.23421508073806763 -0.0499064140021801
0.26897865533828735 -0.3702108561992645 -0.05752144753932953
0.3383469879627228 -0.44032132625579834 -0.04951849207282066
0.3826850652694702 -0.4588054418563843 -0.032669547945261
0.3993821442127228 -0.4369535744190216 -0.013250699266791344
0.3847653269767761 -0.38458773493766785 0.002501083305105567
0.3391034007072449 -0.3089364767074585 0.010806042701005936
0.26889362931251526 -0.21432359516620636 0.011377496644854546
0.181374654173851 -0.10519509017467499 0.004080472979694605
0.08441758155822754 0.013408040627837181 -0.011256593279540539
-0.013255683705210686 0.13565902411937714 -0.034758832305669785
-0.10201912373304367 0.25486060976982117 -0.06641209870576859
-0.1715056151151657 0.3635086715221405 -0.10596451908349991
-0.21202100813388824 0.45417168736457825 -0.15251538157463074
-0.22233685851097107 0.5245282649993896 -0.20224997401237488
-0.2059534192085266 0.5753266215324402 -0.25004225969314575
-0.16697807610034943 0.6078983545303345 -0.2909556031227112
-0.10981910675764084 0.6239914894104004 -0.32040518522262573
-0.03894083574414253 0.6256174445152283 -0.33424365520477295
0.0413292832672596 0.6149137020111084 -0.32878315448760986
0.1269342303276062 0.594030499458313 -0.3007712960243225
0.21380406618118286 0.565356433391571 -0.2502760589122772
0.29743531346321106 0.5318776369094849 -0.18476827442646027
0.3737773001194 0.4963955283164978 -0.11216700822114944
0.4392748475074768 0.4614023268222809 -0.039614301174879074
0.4906981289386749 0.4291333854198456 0.02639707736670971
0.5249348878860474 0.4016491174697876 0.07980218529701233
0.5387431979179382 0.3809438943862915 0.11466144770383835
0.528677225112915 0.3689574897289276 0.12510517239570618
0.4950002133846283 0.36541154980659485 0.11111924052238464
0.44149699807167053 0.3680371940135956 0.07804462313652039
0.37214961647987366 0.37452438473701477 0.03142543137073517
0.2914193570613861 0.3824537992477417 -0.022767910733819008
0.20455999672412872 0.38922253251075745 -0.07787271589040756
0.11777544766664505 0.39205652475357056 -0.12647974491119385
0.038148149847984314 0.3881274163722992 -0.16065704822540283
-0.02799343876540661 0.3756083846092224 -0.17399926483631134
-0.08092428743839264 0.35716164112091064 -0.16834190487861633
-0.12360717356204987 0.33679643273353577 -0.1484784632921219
-0.1594310998916626 0.31828001141548157 -0.11928950250148773
-0.19193710386753082 0.3050169050693512 -0.08538957685232162
-0.22466039657592773 0.30005642771720886 -0.050949882715940475
-0.26108747720718384 0.306198388338089 -0.019670289009809494
-0.30467861890792847 0.32612863183021545 0.005165379028767347
-0.3564509451389313 0.3596208691596985 0.022620633244514465
-0.41332003474235535 0.40168872475624084 0.035199735313653946
-0.471873015165329 0.4470989406108856 0.045541077852249146
-0.5286595225334167 0.4906722903251648 0.05617240443825722
-0.5801154375076294 0.5271633267402649 0.06957421451807022
-0.6225255131721497 0.5511997938156128 0.08821236342191696
-0.6520242094993591 0.5572797656059265 0.1145424172282219
-0.6650838255882263 0.5403207540512085 0.1505846232175827
-0.6628860235214233 0.5004650354385376 0.19405651092529297
-0.6494821906089783 0.4409724473953247 0.24014662206172943
-0.6289414167404175 0.365022748708725 0.28408241271972656
-0.6052901744842529 0.27560433745384216 0.3211386799812317
-0.5825291872024536 0.17546895146369934 0.3465668857097626
-0.564689576625824 0.06711095571517944 0.35547488927841187
-0.5559313893318176 -0.04723460227251053 0.34265246987342834
-0.5587271451950073 -0.1650719791650772 0.3048818111419678
-0.5695159435272217 -0.2821930944919586 0.24662227928638458
-0.5833376049995422 -0.39338696002960205 0.17414358258247375
-0.5948798656463623 -0.4925892651081085 0.09427247196435928
-0.5983967185020447 -0.5728453397750854 0.014614002779126167
-0.5877286195755005 -0.626399576663971 -0.05635041743516922
-0.5564565062522888 -0.6449570059776306 -0.10933235287666321
-0.4984084963798523 -0.6204013824462891 -0.13481514155864716
-0.4134138524532318 -0.5520346164703369 -0.1314210593700409
-0.30801922082901 -0.44769906997680664 -0.10740363597869873
-0.18938566744327545 -0.31629666686058044 -0.07203368097543716
-0.0646418109536171 -0.16692399978637695 -0.03475587069988251
0.05935772880911827 -0.008495853282511234 -0.004914058838039637
0.17616385221481323 0.15049463510513306 0.008390996605157852
0.2797722816467285 0.30209630727767944 -0.003683999879285693
0.3651334345340729 0.43958255648612976 -0.048064932227134705
0.43100327253341675 0.560947060585022 -0.1204567700624466
0.47752994298934937 0.665947437286377 -0.21237239241600037
0.5047842264175415 0.7543174028396606 -0.31555014848709106
0.5127295255661011 0.8257335424423218 -0.42189523577690125
0.5011968016624451 0.8797918558120728 -0.5233973264694214
0.46985548734664917 0.9159780144691467 -0.6120249032974243
0.4181886315345764 0.9336446523666382 -0.6796201467514038
0.3467293977737427 0.9334126710891724 -0.7211101651191711
0.2585635781288147 0.9187442660331726 -0.7380235195159912
0.157322496175766 0.8935089111328125 -0.7325825691223145
0.047007691115140915 0.861736536026001 -0.7070350050926208
-0.06792166829109192 0.8276792168617249 -0.663807213306427
-0.18252530694007874 0.7958099842071533 -0.6056271195411682
-0.29143595695495605 0.7707547545433044 -0.535607635974884
-0.38857585191726685 0.7564682364463806 -0.4573432207107544
-0.4618750214576721 0.7471981048583984 -0.3756873309612274
-0.49560606479644775 0.7301828265190125 -0.29605185985565186
-0.4751020073890686 0.6929073929786682 -0.22345633804798126
-0.38678982853889465 0.6234181523323059 -0.16245123744010925
-0.21788722276687622 0.5102736949920654 -0.11714383959770203
0.04409102350473404 0.34231799840927124 -0.09129022806882858
0.41196829080581665 0.10831248015165329 -0.08844250440597534
-0.07322164624929428 0.7446331977844238 0.2484348565340042
0.04704912006855011 0.24720445275306702 0.09987089037895203
0.14735665917396545 -0.0818140059709549 0.012649299576878548
0.23098929226398468 -0.2941656708717346 -0.03356419876217842
0.29834169149398804 -0.4205966889858246 -0.051672738045454025
0.34782034158706665 -0.48081573843955994 -0.05091984570026398
0.376262903213501 -0.4886070787906647 -0.03884997218847275
0.37919503450393677 -0.45477065443992615 -0.022427955642342567
0.35123932361602783 -0.38895660638809204 -0.008626780472695827
0.2919110953807831 -0.29877302050590515 -0.0018341847462579608
0.20817820727825165 -0.189315527677536 -0.0026594556402415037
0.10797400772571564 -0.06589969992637634 -0.011482440866529942
-0.0001415486476616934 0.06559079140424728 -0.028683966025710106
-0.10689977556467056 0.19862182438373566 -0.0545889213681221
-0.2023649513721466 0.32601332664489746 -0.08940137922763824
-0.27612513303756714 0.4400521218776703 -0.13313499093055725
-0.3186472952365875 0.5333555340766907 -0.18512891232967377
-0.3289407193660736 0.6037646532058716 -0.24107180535793304
-0.3106381893157959 0.6521009206771851 -0.29495295882225037
-0.26788824796676636 0.6796717047691345 -0.34092503786087036
-0.2051233947277069 0.6881474256515503 -0.3734724819660187
-0.12687242031097412 0.6794519424438477 -0.38752010464668274
-0.03760180249810219 0.6556563973426819 -0.3784911334514618
0.05840621888637543 0.6188892722129822 -0.3423307538032532
0.15663659572601318 0.5719996094703674 -0.27912917733192444
0.2517895996570587 0.5194924473762512 -0.1981838196516037
0.3390754759311676 0.46569594740867615 -0.10936939716339111
0.4143219292163849 0.41445958614349365 -0.02159011922776699
0.47378578782081604 0.3692399561405182 0.05708029121160507
0.5139178037643433 0.3332369923591614 0.11913114041090012
0.5310813784599304 0.3095748722553253 0.15724055469036102
0.5214656591415405 0.3013319969177246 0.16421441733837128
0.4854223132133484 0.3081589639186859 0.14030300080776215
0.4271986186504364 0.3265998959541321 0.09254425764083862
0.35120129585266113 0.35311394929885864 0.02822810597717762
0.2622882127761841 0.3839433491230011 -0.044842544943094254
0.1660989373922348 0.41496115922927856 -0.11803584545850754
0.06922979652881622 0.4416431486606598 -0.18183375895023346
-0.020817754790186882 0.4591977894306183 -0.22610726952552795
-0.09724552929401398 0.4639749228954315 -0.24272826313972473
-0.15982475876808167 0.45824483036994934 -0.23423811793327332
-0.2110356241464615 0.446262001991272 -0.20696420967578888
-0.2538447082042694 0.4322096109390259 -0.16732832789421082
-0.2914457619190216 0.42001065611839294 -0.12142109125852585
-0.32709458470344543 0.4132719337940216 -0.07478726655244827
-0.3640412390232086 0.41533657908439636 -0.03239083290100098
-0.4055192172527313 0.4293808937072754 0.001316458685323596
-0.45250311493873596 0.45560964941978455 0.024747157469391823
-0.5021691918373108 0.48942819237709045 0.04051469266414642
-0.5513502359390259 0.5259608626365662 0.05139615014195442
-0.5968174338340759 0.5603734254837036 0.0600261315703392
-0.6352245211601257 0.5877699851989746 0.06897307187318802
-0.6630858182907104 0.6031417846679688 0.08078454434871674
-0.6767892837524414 0.6013691425323486 0.09800441563129425
-0.6731253862380981 0.5777339935302734 0.12281900644302368
-0.653972327709198 0.5324004888534546 0.1537458896636963
-0.6242810487747192 0.46843498945236206 0.18712913990020752
-0.5890032052993774 0.388816773891449 0.21933092176914215
-0.5530381202697754 0.29633063077926636 0.24674320220947266
-0.5212685465812683 0.1935221254825592 0.2657356858253479
-0.4986461102962494 0.08267534524202347 0.2725646495819092
-0.49033012986183167 -0.03419346362352371 0.2632395923137665
-0.49941128492355347 -0.15474143624305725 0.23526203632354736
-0.521411120891571 -0.2746467590332031 0.1919209063053131
-0.5500789284706116 -0.38846880197525024 0.13788941502571106
-0.5786782503128052 -0.48983892798423767 0.07828964293003082
-0.5998580455780029 -0.5714343786239624 0.018860574811697006
-0.6056667566299438 -0.6251018643379211 -0.03397705405950546
-0.5877519249916077 -0.6421833038330078 -0.07319839298725128
-0.5380262732505798 -0.6143399477005005 -0.09166405349969864
-0.4558425843715668 -0.5411898493766785 -0.08873692899942398
-0.3488774597644806 -0.43136337399482727 -0.07138858735561371
-0.2255105823278427 -0.29449981451034546 -0.04732011631131172
-0.09397906064987183 -0.14024671912193298 -0.024257129058241844
0.037930987775325775 0.02217060513794422 -0.009737899526953697
0.1630275547504425 0.18418848514556885 -0.01104403380304575
0.27472108602523804 0.3379823565483093 -0.03526400774717331
0.3675544261932373 0.47707927227020264 -0.08793597668409348
0.4403901994228363 0.5997321009635925 -0.16498127579689026
0.49356576800346375 0.7058204412460327 -0.2587428390979767
0.5272271037101746 0.7950593829154968 -0.3617415428161621
0.5413320064544678 0.866992712020874 -0.4665602743625641
0.5356544852256775 0.9209919571876526 -0.5657294392585754
0.5097856521606445 0.9562493562698364 -0.6516120433807373
0.46313661336898804 0.9717773795127869 -0.7163098454475403
0.39617541432380676 0.9679094552993774 -0.7548267841339111
0.3119073808193207 0.9479986429214478 -0.7685930132865906
0.21391178667545319 0.9158804416656494 -0.7597737312316895
0.10616962611675262 0.8756121397018433 -0.7306208610534668
-0.006852006074041128 0.8315368294715881 -0.6836223602294922
-0.12018097937107086 0.7882850766181946 -0.6216208338737488
-0.22840015590190887 0.7507046461105347 -0.5478900074958801
-0.3252863883972168 0.7232033014297485 -0.46625521779060364
-0.397394597530365 0.7029345035552979 -0.3823164701461792
-0.42676782608032227 0.6817246675491333 -0.30263856053352356
-0.39677366614341736 0.6515020728111267 -0.23340286314487457
-0.29246994853019714 0.6046358942985535 -0.18024004995822906
-0.10063360631465912 0.534060001373291 -0.1481679379940033
0.19038993120193481 0.4333067536354065 -0.14159567654132843
0.5909541845321655 0.29647326469421387 -0.16438382863998413
0.13816767930984497 0.6275158524513245 0.33436357975006104
0.19228066504001617 0.15626996755599976 0.15471644699573517
0.24440360069274902 -0.1493736207485199 0.04801182448863983
0.29213660955429077 -0.3433181345462799 -0.01118960790336132
0.3323337435722351 -0.4557303190231323 -0.038140930235385895
0.3609098196029663 -0.5048770904541016 -0.04330926388502121
0.3727099895477295 -0.5029191374778748 -0.03504033759236336
0.361512154340744 -0.45918843150138855 -0.021024195477366447
0.3204220235347748 -0.38229116797447205 -0.009036116302013397
0.24834170937538147 -0.27982354164123535 -0.004070572089403868
0.1526881456375122 -0.15781913697719574 -0.006933724507689476
0.04199397563934326 -0.022615913301706314 -0.018106620758771896
-0.07468526810407639 0.11899972707033157 -0.03802522271871567
-0.18783918023109436 0.25983691215515137 -0.06705378741025925
-0.28762495517730713 0.39238640666007996 -0.10545667260885239
-0.36404648423194885 0.5089513063430786 -0.15337005257606506
-0.40814951062202454 0.6024383902549744 -0.2102849781513214
-0.4191713333129883 0.6709982752799988 -0.2715386152267456
-0.400615394115448 0.7155776023864746 -0.33048519492149353
-0.35636284947395325 0.7374572157859802 -0.3805927634239197
-0.29054492712020874 0.7381942868232727 -0.41559702157974243
-0.20743770897388458 0.7195718884468079 -0.42962411046028137
-0.11135983467102051 0.6835458874702454 -0.41729187965393066
-0.006579769775271416 0.6321929693222046 -0.37379688024520874
0.10205943137407303 0.5687786340713501 -0.29922106862068176
0.20836910605430603 0.4991961717605591 -0.20448704063892365
0.3066834509372711 0.4291842579841614 -0.101253941655159
0.3920745849609375 0.3638533055782318 -6.138385651865974e-05
0.4601587951183319 0.3077917993068695 0.08953925967216492
0.5068404078483582 0.26524558663368225 0.15869148075580597
0.5280032753944397 0.2403586208820343 0.1988077163696289
0.5194165110588074 0.23721176385879517 0.20151887834072113
0.4815232455730438 0.2552882730960846 0.16741834580898285
0.4190731644630432 0.2899008095264435 0.1052301824092865
0.33693134784698486 0.33624500036239624 0.02395479753613472
0.24036335945129395 0.38922804594039917 -0.06686149537563324
0.1353703886270523 0.4432618021965027 -0.15678264200687408
0.028871972113847733 0.49220800399780273 -0.23442751169204712
-0.07132548838853836 0.5295168161392212 -0.2877737879753113
-0.15807920694351196 0.5499433875083923 -0.30723240971565247
-0.23066988587379456 0.5554877519607544 -0.2960222661495209
-0.291040301322937 0.5506812930107117 -0.2618404030799866
-0.34165000915527344 0.540107786655426 -0.21246907114982605
-0.38524335622787476 0.5281715393066406 -0.1553163081407547
-0.42468735575675964 0.5189955234527588 -0.09718310832977295
-0.46288734674453735 0.5164337158203125 -0.04422537609934807
-0.5027471780776978 0.524133563041687 -0.0020294436253607273
-0.5451676845550537 0.5427320003509521 0.027156220749020576
-0.5876632332801819 0.5680456161499023 0.04601418972015381
-0.6273981928825378 0.5955768823623657 0.05743128061294556
-0.6614496111869812 0.6208572387695312 0.06413033604621887
-0.6867743730545044 0.6393609046936035 0.06875604391098022
-0.7002032399177551 0.6464639902114868 0.07393001765012741
-0.6984670758247375 0.6374514102935791 0.08227813988924026
-0.6787559986114502 0.6079911589622498 0.09614520519971848
-0.6436059474945068 0.5582443475723267 0.11484044045209885
-0.5987573862075806 0.49103182554244995 0.1358589231967926
-0.5499346256256104 0.40908083319664 0.1566983163356781
-0.5027998685836792 0.3149217665195465 0.17487554252147675
-0.46300414204597473 0.2108408808708191 0.18789395689964294
-0.4363003671169281 0.0988544151186943 0.19318334758281708
-0.4287208914756775 -0.019303366541862488 0.18800975382328033
-0.44389578700065613 -0.14150017499923706 0.17062702775001526
-0.4765257239341736 -0.263321191072464 0.14312942326068878
-0.5191999673843384 -0.3791169822216034 0.10853404551744461
-0.5638865232467651 -0.48224368691444397 0.07016371190547943
-0.6017584800720215 -0.5650476813316345 0.03175898268818855
-0.6232051253318787 -0.619023323059082 -0.0024841907434165478
-0.6180891394615173 -0.6352027654647827 -0.027979562059044838
-0.5765795707702637 -0.6050832867622375 -0.04010827839374542
-0.49762970209121704 -0.5286030173301697 -0.038902461528778076
-0.389984130859375 -0.4151019752025604 -0.02976343408226967
-0.26314789056777954 -0.27484026551246643 -0.018528034910559654
-0.12633955478668213 -0.11787252873182297 -0.01095668412744999
0.011879940517246723 0.046421587467193604 -0.012607951648533344
0.14375291764736176 0.20956020057201385 -0.028843678534030914
0.2622907757759094 0.36398276686668396 -0.06495203077793121
0.3617960214614868 0.5035750269889832 -0.12508387863636017
0.4412786066532135 0.6268468499183655 -0.20550474524497986
0.5012423992156982 0.7337477207183838 -0.29952311515808105
0.5418732762336731 0.8239110708236694 -0.40053990483283997
0.5630781054496765 0.8966731429100037 -0.5018889904022217
0.5645238161087036 0.9510974287986755 -0.5967024564743042
0.545669436454773 0.9859902858734131 -0.6777939200401306
0.5058058500289917 0.9999305009841919 -0.7375857830047607
0.44529566168785095 0.9928913116455078 -0.7712303400039673
0.3670269846916199 0.9680865406990051 -0.7801471948623657
0.274486243724823 0.929302990436554 -0.7665577530860901
0.17157965898513794 0.8806122541427612 -0.7328501343727112
0.06270582228899002 0.8264337778091431 -0.6817131638526917
-0.047234803438186646 0.7715339064598083 -0.6162373423576355
-0.15290746092796326 0.7209527492523193 -0.539969265460968
-0.24811682105064392 0.6795361042022705 -0.4570207893848419
-0.318485826253891 0.6476281881332397 -0.3734804391860962
-0.344448447227478 0.622144341468811 -0.29658499360084534
-0.30801457166671753 0.5998654961585999 -0.23318076133728027
-0.193486288189888 0.5776460766792297 -0.18945719301700592
0.012159583158791065 0.5525267720222473 -0.1707724630832672
0.3190951347351074 0.521822988986969 -0.18154726922512054
0.7346333861351013 0.4831874370574951 -0.22522559762001038
0.35254454612731934 0.48078760504722595 0.42091161012649536
0.33575427532196045 0.06151312589645386 0.20951969921588898
0.33828499913215637 -0.20633089542388916 0.0839013010263443
0.35002538561820984 -0.374209463596344 0.012744579464197159
0.36352595686912537 -0.4693326950073242 -0.021849052980542183
0.3719669282436371 -0.5071709156036377 -0.03171883895993233
0.36819005012512207 -0.4973417818546295 -0.026119360700249672
0.34432193636894226 -0.4469338357448578 -0.01358112320303917
0.29209956526756287 -0.36275410652160645 -0.002824395429342985
0.20990204811096191 -0.2519601583480835 0.0005109722260385752
0.10552999377250671 -0.12154056131839752 -0.0044427113607525826
-0.012040291912853718 0.021149631589651108 -0.018112223595380783
-0.1335032880306244 0.1685100942850113 -0.040830641984939575
-0.24942778050899506 0.3128657042980194 -0.07284872978925705
-0.35042694211006165 0.44660869240760803 -0.11435043066740036
-0.4272848665714264 0.5623060464859009 -0.16547158360481262
-0.4719264805316925 0.6533669233322144 -0.22578464448451996
-0.48379623889923096 0.7183263301849365 -0.29046496748924255
-0.4660780727863312 0.7582452297210693 -0.352538526058197
-0.42217132449150085 0.7743392586708069 -0.40507611632347107
-0.35567164421081543 0.7679921984672546 -0.44131484627723694
-0.2703571319580078 0.7407752871513367 -0.4547862410545349
-0.17015646398067474 0.6944561004638672 -0.43945738673210144
-0.0591021291911602 0.6309977769851685 -0.38988980650901794
0.05779631435871124 0.5539751052856445 -0.30610892176628113
0.1735115647315979 0.47043436765670776 -0.20029795169830322
0.2814967632293701 0.3873157501220703 -0.08556246012449265
0.3760351836681366 0.3108242154121399 0.026188334450125694
0.4520569145679474 0.24653878808021545 0.12414122372865677
0.5048773288726807 0.19961650669574738 0.19828572869300842
0.5298712253570557 0.17507345974445343 0.23896385729312897
0.5223836898803711 0.17781823873519897 0.23685061931610107
0.4829478859901428 0.2070961445569992 0.19292610883712769
0.4168108105659485 0.25702759623527527 0.11746668815612793
0.3292940557003021 0.3215967118740082 0.021028324961662292
0.22605597972869873 0.39446982741355896 -0.08530577272176743
0.11341733485460281 0.46876052021980286 -0.18957820534706116
-0.0014589403290301561 0.5369625687599182 -0.27890825271606445
-0.11058437824249268 0.5910926461219788 -0.3398019075393677
-0.2066187709569931 0.6246469616889954 -0.3615643382072449
-0.28843632340431213 0.639491081237793 -0.3480246663093567
-0.35747629404067993 0.6404423713684082 -0.30800485610961914
-0.41569313406944275 0.6324400305747986 -0.25038573145866394
-0.46535560488700867 0.6202966570854187 -0.1836502104997635
-0.5088962316513062 0.6085715293884277 -0.11565205454826355
-0.548819363117218 0.6015574932098389 -0.053580429404973984
-0.5876416563987732 0.6033180356025696 -0.004037191160023212
-0.6261608600616455 0.614883303642273 0.030114280059933662
-0.6622474789619446 0.6324476003646851 0.051594823598861694
-0.6934264302253723 0.6518649458885193 0.06337693333625793
-0.7171164751052856 0.6690080761909485 0.0682588741183281
-0.7306164503097534 0.6796972155570984 0.06895643472671509
-0.7311157584190369 0.6796696782112122 0.06816503405570984
-0.7157318592071533 0.6645908951759338 0.06859420984983444
-0.6820876598358154 0.6304920315742493 0.07274232059717178
-0.6332955956459045 0.5775173902511597 0.0806451290845871
-0.5757356882095337 0.5082345604896545 0.09085128456354141
-0.5157548785209656 0.4251116216182709 0.10190068930387497
-0.45962390303611755 0.33041539788246155 0.11234582960605621
-0.41360417008399963 0.22616276144981384 0.12073800712823868
-0.3840833604335785 0.11409027874469757 0.12559722363948822
-0.3777877986431122 -0.0043647270649671555 0.1253645420074463
-0.3987734317779541 -0.12730000913143158 0.11899608373641968
-0.4410582184791565 -0.25023752450942993 0.10743334144353867
-0.49626418948173523 -0.36736080050468445 0.09208083897829056
-0.5552660822868347 -0.47180405259132385 0.07448453456163406
-0.607975959777832 -0.5556460618972778 0.05639012157917023
-0.6433584690093994 -0.6100994944572449 0.039764050394296646
-0.6497476696968079 -0.6259591579437256 0.02676280215382576
-0.6158428192138672 -0.5946205258369446 0.019541574642062187
-0.540286123752594 -0.5163151025772095 0.017553694546222687
-0.43274712562561035 -0.40096187591552734 0.01718083582818508
-0.3036823570728302 -0.25928831100463867 0.014632247388362885
-0.1631024181842804 -0.10160185396671295 0.006225415039807558
-0.020146818831562996 0.06270257383584976 -0.011585753411054611
0.11705490946769714 0.2253366857767105 -0.04227793589234352
0.2413017898797989 0.3790859282016754 -0.08941136300563812
0.346815824508667 0.518244206905365 -0.15582765638828278
0.4327707290649414 0.6415573358535767 -0.2382206916809082
0.49979716539382935 0.7490019798278809 -0.3309151232242584
0.5480794906616211 0.8400883078575134 -0.42821282148361206
0.5774287581443787 0.9139024615287781 -0.5242109894752502
0.5873537659645081 0.9691510796546936 -0.612659752368927
0.5771251916885376 1.0042030811309814 -0.68685382604599
0.5458526611328125 1.0171502828598022 -0.7395895719528198
0.4937455356121063 1.0075595378875732 -0.7662582993507385
0.4235534965991974 0.9784683585166931 -0.7684013843536377
0.33864593505859375 0.9335819482803345 -0.7484546303749084
0.24281442165374756 0.876952588558197 -0.7091128826141357
0.1403244584798813 0.8130296468734741 -0.6534335017204285
0.035910118371248245 0.7466513514518738 -0.5849047303199768
-0.06530095636844635 0.6829680800437927 -0.5074613094329834
-0.1573195457458496 0.6271834373474121 -0.4255512058734894
-0.2254513055086136 0.5829755663871765 -0.34548109769821167
-0.24941447377204895 0.5526580214500427 -0.2746589779853821
-0.21066007018089294 0.538099467754364 -0.22007569670677185
-0.09338367730379105 0.5406526327133179 -0.18795661628246307
0.11478742957115173 0.5610924959182739 -0.1834867000579834
0.4223586916923523 0.5995972752571106 -0.21061068773269653
0.8338012099266052 0.6557695269584656 -0.2719257175922394
0.555171012878418 0.31764888763427734 0.5071675181388855
0.4650275707244873 -0.02605137601494789 0.26192811131477356
0.4183600842952728 -0.24387119710445404 0.11674441397190094
0.3956407606601715 -0.3796553313732147 0.03379903733730316
0.3845221698284149 -0.45535361766815186 -0.007747707888484001
0.37528419494628906 -0.48252296447753906 -0.02129548043012619
0.35878118872642517 -0.4675847291946411 -0.017167236655950546
0.3255700170993805 -0.41483259201049805 -0.004905004519969225
0.26609641313552856 -0.32864564657211304 0.00562497042119503
0.17819750308990479 -0.21525071561336517 0.008059957064688206
0.06989975273609161 -0.08240219950675964 0.0015975816641002893
-0.049614835530519485 0.061733465641736984 -0.013987612910568714
-0.17107881605625153 0.20898956060409546 -0.03878311067819595
-0.2854425609111786 0.35147708654403687 -0.07279524207115173
-0.3840501308441162 0.48174843192100525 -0.11601053923368454
-0.45868751406669617 0.5928473472595215 -0.16845795512199402
-0.5023055076599121 0.678822934627533 -0.2297225445508957
-0.5145175457000732 0.7385901808738708 -0.2950277626514435
-0.4980812966823578 0.7732690572738647 -0.35741353034973145
-0.4558078348636627 0.7839566469192505 -0.40988707542419434
-0.390636146068573 0.7718073725700378 -0.4455036520957947
-0.3057018220424652 0.7381163835525513 -0.4574873149394989
-0.204376220703125 0.6843889951705933 -0.4394012987613678
-0.09027563035488129 0.6123952269554138 -0.38536983728408813
0.03161823749542236 0.5258549451828003 -0.29531848430633545
0.15363995730876923 0.4326182007789612 -0.18216978013515472
0.26850396394729614 0.3405139446258545 -0.05996508151292801
0.36979201436042786 0.2565910518169403 0.05843504145741463
0.45179784297943115 0.18721358478069305 0.1612982451915741
0.5092783570289612 0.13826687633991241 0.2377534955739975
0.5371290445327759 0.1154535785317421 0.27735036611557007
0.5303134322166443 0.1243048831820488 0.2700905501842499
0.48944002389907837 0.16380247473716736 0.2173314243555069
0.4201928973197937 0.22702087461948395 0.1306249350309372
0.32830455899238586 0.30688634514808655 0.02179725281894207
0.219779834151268 0.3960140347480774 -0.09685453772544861
0.10119832307100296 0.4864702522754669 -0.2122351974248886
-0.020119406282901764 0.5697072148323059 -0.3104130029678345
-0.13612107932567596 0.6367054581642151 -0.37692081928253174
-0.23941701650619507 0.6800966858863831 -0.40037232637405396
-0.3286078870296478 0.7017455101013184 -0.38510674238204956
-0.4047371745109558 0.7067505717277527 -0.34077420830726624
-0.469335675239563 0.7003527283668518 -0.2770422399044037
-0.5242502689361572 0.6876898407936096 -0.20316915214061737
-0.5715088248252869 0.6736653447151184 -0.12778955698013306
-0.6132280826568604 0.662922203540802 -0.0588875412940979
-0.6515452861785889 0.6598656177520752 -0.0038727745413780212
-0.6871457695960999 0.6658462882041931 0.03388971835374832
-0.7182241082191467 0.677352249622345 0.05714894458651543
-0.7426444292068481 0.6905100345611572 0.06895342469215393
-0.7581541538238525 0.7014593482017517 0.07217662036418915
-0.7623869180679321 0.7062933444976807 0.06961186975240707
-0.752884566783905 0.70103520154953 0.06403810530900955
-0.7271431088447571 0.6816533207893372 0.058258600533008575
-0.6831961274147034 0.644467830657959 0.05492108315229416
-0.62459796667099 0.5896000266075134 0.054659221321344376
-0.5581687092781067 0.5193992257118225 0.0568762868642807
-0.4906764030456543 0.436108261346817 0.06095902621746063
-0.4287998080253601 0.3417651057243347 0.06630359590053558
-0.3792046308517456 0.238150954246521 0.07231839001178741
-0.3486993908882141 0.126756489276886 0.07842043787240982
-0.34447458386421204 0.00875699333846569 0.08402518182992935
-0.37086620926856995 -0.11415573954582214 0.0886584222316742
-0.42139309644699097 -0.23747830092906952 0.09222012013196945
-0.4869694411754608 -0.3552890419960022 0.0946546420454979
-0.5576567053794861 -0.46057677268981934 0.0958796888589859
-0.6224169135093689 -0.5452415347099304 0.09579943120479584
-0.6691330075263977 -0.6003090739250183 0.09432150423526764
-0.6849822402000427 -0.6164261102676392 0.09137842804193497
-0.6575705409049988 -0.5849499702453613 0.08692056685686111
-0.5853217244148254 -0.5063460469245911 0.08010374754667282
-0.47859466075897217 -0.3909328877925873 0.06919630616903305
-0.3485349714756012 -0.24972335994243622 0.05249713361263275
-0.20569059252738953 -0.09312071651220322 0.028371840715408325
-0.059546228498220444 0.06957972049713135 -0.004811179358512163
0.08160378038883209 0.23035356402397156 -0.048787232488393784
0.21053136885166168 0.38236311078071594 -0.10554569959640503
0.32152777910232544 0.5203104615211487 -0.17674590647220612
0.4139246642589569 0.6431438326835632 -0.2595488429069519
0.48842376470565796 0.7508360743522644 -0.3492749035358429
0.5451602339744568 0.8427555561065674 -0.4410887360572815
0.5838032364845276 0.9177259206771851 -0.5298171043395996
0.6036501526832581 0.9740866422653198 -0.6098129749298096
0.6037200689315796 1.0097588300704956 -0.6748681664466858
0.5828660726547241 1.022342324256897 -0.7182092666625977
0.541085958480835 1.0109846591949463 -0.7355843782424927
0.48098206520080566 0.9785014390945435 -0.7288357019424438
0.4057997465133667 0.9284693598747253 -0.7008123993873596
0.31919336318969727 0.8648611903190613 -0.6547147035598755
0.2252485305070877 0.7920743823051453 -0.5941508412361145
0.12845689058303833 0.7149066925048828 -0.5231534838676453
0.033634383231401443 0.6384749412536621 -0.44614535570144653
-0.0536041222512722 0.5681824684143066 -0.3679375648498535
-0.11902008205652237 0.5110087990760803 -0.29477593302726746
-0.14276738464832306 0.47474944591522217 -0.23373502492904663
-0.10671383142471313 0.46642887592315674 -0.19143171608448029
0.0043840971775352955 0.4918566346168518 -0.17363271117210388
0.20199467241764069 0.5552739500999451 -0.1849185675382614
0.493203341960907 0.6591179966926575 -0.22843091189861298
0.8804577589035034 0.8039359450340271 -0.3057385981082916
0.7304806113243103 0.15255461633205414 0.5918155908584595
0.5678396821022034 -0.0955267921090126 0.3095792531967163
0.47435081005096436 -0.25357070565223694 0.14307153224945068
0.4202556610107422 -0.35284721851348877 0.0476432666182518
0.3880854845046997 -0.40806931257247925 -0.0007287232438102365
0.36521169543266296 -0.4260594844818115 -0.017206400632858276
0.3405701816082001 -0.4096495807170868 -0.013371036387979984
0.3032113015651703 -0.360000342130661 1.9229557437938638e-05
0.2422645390033722 -0.2785530984401703 0.011717286892235279
0.15484869480133057 -0.17002654075622559 0.014527983032166958
0.048933178186416626 -0.042512793093919754 0.00781332142651081
-0.06641644239425659 0.0954296886920929 -0.008335670456290245
-0.18227948248386383 0.23546276986598969 -0.03365363925695419
-0.29023393988609314 0.36981645226478577 -0.06780622154474258
-0.3825087249279022 0.4914455711841583 -0.11049216240644455
-0.4519488215446472 0.594011664390564 -0.1615367978811264
-0.49251803755760193 0.672246515750885 -0.22045782208442688
-0.50394606590271 0.7253690361976624 -0.2827375531196594
-0.4885397255420685 0.7544758319854736 -0.34178927540779114
-0.4485235810279846 0.7604954838752747 -0.3909247815608978
-0.38617849349975586 0.7443174123764038 -0.4233931601047516
-0.3039696216583252 0.7069215178489685 -0.43248483538627625
-0.2046431005001068 0.6494935750961304 -0.4117102026939392
-0.0912884771823883 0.5735270380973816 -0.3550598919391632
0.03134587034583092 0.48267319798469543 -0.26234665513038635
0.15530046820640564 0.3851265609264374 -0.14657290279865265
0.2728472948074341 0.2891777455806732 -0.02203349769115448
0.37708786129951477 0.20237129926681519 0.0980399027466774
0.4618395268917084 0.1315714567899704 0.20148055255413055
0.5214182138442993 0.08314827084541321 0.27696847915649414
0.5503376722335815 0.06325986236333847 0.3136332035064697
0.5432714223861694 0.07782463729381561 0.3011535108089447
0.5008730292320251 0.12559537589550018 0.24119052290916443
0.4291400611400604 0.1988750547170639 0.14613346755504608
0.3341182768344879 0.2898031771183014 0.0286492221057415
0.22207489609718323 0.3902343213558197 -0.09819356352090836
0.0997658222913742 0.4915213882923126 -0.2206381857395172
-0.025421611964702606 0.5844634175300598 -0.32422003149986267
-0.14548005163669586 0.6594482064247131 -0.3940519690513611
-0.25310805439949036 0.7086658477783203 -0.41851094365119934
-0.34680062532424927 0.7341020703315735 -0.40231403708457947
-0.4273744523525238 0.7411227226257324 -0.3556026816368103
-0.4960905611515045 0.7352193593978882 -0.2884848713874817
-0.5545064210891724 0.7217782735824585 -0.2106514275074005
-0.6043566465377808 0.70595782995224 -0.13118822872638702
-0.6474665403366089 0.6926606893539429 -0.05856005847454071
-0.6856823563575745 0.6865513324737549 -0.0006853832164779305
-0.7196010947227478 0.689199686050415 0.038757096976041794
-0.7476675510406494 0.6972493529319763 0.06256300210952759
-0.7680156826972961 0.7069660425186157 0.07386761158704758
-0.7786622047424316 0.714628279209137 0.07563672959804535
-0.7775184512138367 0.7164731621742249 0.07076166570186615
-0.7624198794364929 0.708678126335144 0.06212565675377846
-0.7311753630638123 0.6873772740364075 0.05264333263039589
-0.6821430921554565 0.6490501761436462 0.04510519281029701
-0.6191232204437256 0.5937933921813965 0.040543850511312485
-0.5491178631782532 0.5238151550292969 0.03890864551067352
-0.4790617525577545 0.4412117004394531 0.040129248052835464
-0.4157889783382416 0.3478699028491974 0.04414648935198784
-0.36611753702163696 0.2454146444797516 0.050928130745887756
-0.33701714873313904 0.13517209887504578 0.06048499047756195
-0.3358649015426636 0.018140718340873718 0.07288858294487
-0.36710304021835327 -0.10413891822099686 0.08802152425050735
-0.4239838123321533 -0.22718320786952972 0.1049281507730484
-0.4970431923866272 -0.3450465798377991 0.12236107885837555
-0.5758926868438721 -0.4506714642047882 0.13889402151107788
-0.6489536166191101 -0.5358923077583313 0.1529044806957245
-0.7034850120544434 -0.5916657447814941 0.16259963810443878
-0.7259982228279114 -0.6085958480834961 0.1660987287759781
-0.7034845948219299 -0.5780659914016724 0.16160409152507782
-0.6342399716377258 -0.5006858706474304 0.14822959899902344
-0.5289784669876099 -0.386952668428421 0.12609383463859558
-0.3991796672344208 -0.24796053767204285 0.09547101706266403
-0.2556077837944031 -0.09405631572008133 0.05660080537199974
-0.10782147943973541 0.06565582007169724 0.009551450610160828
0.03594193235039711 0.2234472930431366 -0.04589982330799103
0.16861304640769958 0.37284451723098755 -0.11038602143526077
0.2846962511539459 0.5089181661605835 -0.18453945219516754
0.3836541473865509 0.6307771801948547 -0.2659837603569031
0.4661867618560791 0.7383724451065063 -0.3509577810764313
0.5323233008384705 0.8309330344200134 -0.4354077875614166
0.5815367698669434 0.9070364832878113 -0.5148252248764038
0.6128528714179993 0.9646819829940796 -0.5841339230537415
0.6249626278877258 1.0013775825500488 -0.6376357078552246
0.6163676381111145 1.014278769493103 -0.669059693813324
0.5867804884910583 1.002137541770935 -0.6746640205383301
0.5386586785316467 0.9674956202507019 -0.656815230846405
0.4751349687576294 0.9137319326400757 -0.6190054416656494
0.39972642064094543 0.8446522951126099 -0.5651495456695557
0.3163192570209503 0.7644786834716797 -0.4995749294757843
0.2291182428598404 0.6778028607368469 -0.42697417736053467
0.14255981147289276 0.5894986391067505 -0.35231566429138184
0.061744604259729385 0.5049242973327637 -0.2807633578777313
-0.0004478844057302922 0.4341241419315338 -0.2182207852602005
-0.025993363931775093 0.3901945650577545 -0.17094986140727997
0.001666541793383658 0.3852171003818512 -0.1447150856256485
0.09647674858570099 0.42943334579467773 -0.14439822733402252
0.2688329517841339 0.5305521488189697 -0.17365163564682007
0.5248920917510986 0.6932305097579956 -0.2346380352973938
0.8662434816360474 0.9188166260719299 -0.3279012441635132
0.8648600578308105 -0.0007831216207705438 0.6723758578300476
0.634193480014801 -0.13823460042476654 0.3501024842262268
0.4980385899543762 -0.22943121194839478 0.16000254452228546
0.4168683588504791 -0.289327472448349 0.050850361585617065
0.3683435916900635 -0.3240034580230713 -0.004643771797418594
0.3370986878871918 -0.3350447118282318 -0.023567933589220047
0.3102686405181885 -0.32151272892951965 -0.018948202952742577
0.27542781829833984 -0.2812581956386566 -0.0029629056807607412
0.22024968266487122 -0.21237215399742126 0.011533170007169247
0.140800341963768 -0.11742080748081207 0.01639631949365139
0.04460201412439346 -0.004208577796816826 0.011214608326554298
-0.05976871773600578 0.11889947950839996 -0.0035353333223611116
-0.1640261858701706 0.24388016760349274 -0.027174167335033417
-0.26053792238235474 0.3634287118911743 -0.05896884948015213
-0.3424427807331085 0.47109681367874146 -0.09826382994651794
-0.40355607867240906 0.5612239837646484 -0.14458884298801422
-0.438711553812027 0.6291858553886414 -0.19729788601398468
-0.447696715593338 0.6743814945220947 -0.2523273825645447
-0.43241235613822937 0.6977892518043518 -0.30381861329078674
-0.39458778500556946 0.7001320719718933 -0.34576693177223206
-0.3359481692314148 0.6820250749588013 -0.37202727794647217
-0.25837135314941406 0.6441245675086975 -0.37639352679252625
-0.16401782631874084 0.5872670412063599 -0.35276418924331665
-0.055430952459573746 0.512597918510437 -0.29540371894836426
0.06305670738220215 0.42346274852752686 -0.20405493676662445
0.18363814055919647 0.32786157727241516 -0.09106005728244781
0.2985667884349823 0.23402675986289978 0.02983916364610195
0.4008099138736725 0.14955750107765198 0.14575734734535217
0.483980655670166 0.08145123720169067 0.24471119046211243
0.5421661734580994 0.036250121891498566 0.31546345353126526
0.5696724057197571 0.020283525809645653 0.3471965193748474
0.5610316395759583 0.039589595049619675 0.32968899607658386
0.5168998837471008 0.09278589487075806 0.26477399468421936
0.44340378046035767 0.17180651426315308 0.16508451104164124
0.34675049781799316 0.2683916985988617 0.04355934262275696
0.2333439141511917 0.3740229904651642 -0.0865158885717392
0.11000712960958481 0.479745090007782 -0.21128197014331818
-0.01590690016746521 0.5761397480964661 -0.3163149952888489
-0.1365392804145813 0.6534705758094788 -0.3868991732597351
-0.24480390548706055 0.703918993473053 -0.41165363788604736
-0.3392806351184845 0.7296959757804871 -0.3955061733722687
-0.42077144980430603 0.7364119291305542 -0.34871551394462585
-0.49047553539276123 0.7297623753547668 -0.28145429491996765
-0.5498567819595337 0.7153154015541077 -0.20346857607364655
-0.6005377769470215 0.6984027028083801 -0.12391708046197891
-0.6442214250564575 0.6840996742248535 -0.05136633291840553
-0.6826273202896118 0.6772428154945374 0.006136348471045494
-0.7163230776786804 0.6794983744621277 0.0448530837893486
-0.7438940405845642 0.6874781250953674 0.06766799837350845
-0.7636328935623169 0.6974058747291565 0.0778290182352066
-0.7737212181091309 0.7055208683013916 0.07842237502336502
-0.7722443342208862 0.7080270648002625 0.07246506959199905
-0.7572212815284729 0.7010740041732788 0.06296874582767487
-0.7266525626182556 0.6807737350463867 0.052976492792367935
-0.679074227809906 0.6435874700546265 0.04540588706731796
-0.6182820796966553 0.5895900726318359 0.04142673686146736
-0.5511564612388611 0.520963191986084 0.04113341122865677
-0.4845021069049835 0.4397723972797394 0.044604696333408356
-0.425020307302475 0.34787043929100037 0.05194023624062538
-0.37939682602882385 0.24684365093708038 0.06328406184911728
-0.354472815990448 0.13797497749328613 0.07885085046291351
-0.35750359296798706 0.022214071825146675 0.09895703941583633
-0.392846941947937 -0.09895677119493484 0.12356770783662796
-0.45376265048980713 -0.22112424671649933 0.15112605690956116
-0.5307944416999817 -0.3384145498275757 0.17956554889678955
-0.6135340929031372 -0.4438391327857971 0.20652279257774353
-0.6903525590896606 -0.5292984247207642 0.22930949926376343
-0.7484350800514221 -0.5858160853385925 0.244957834482193
-0.7742131352424622 -0.6040710210800171 0.2503614127635956
-0.754622757434845 -0.5755385756492615 0.2425917536020279
-0.6879190802574158 -0.500864565372467 0.22098349034786224
-0.584755003452301 -0.3904772102832794 0.18731872737407684
-0.45651495456695557 -0.25533831119537354 0.14358003437519073
-0.31380438804626465 -0.10559272021055222 0.0915813222527504
-0.1659540832042694 0.04991647228598595 0.03278696909546852
-0.02090960554778576 0.2037617564201355 -0.031797103583812714
0.11460663378238678 0.3497907519340515 -0.10169225931167603
0.23545362055301666 0.4833764433860779 -0.17666950821876526
0.34118378162384033 0.6037455201148987 -0.2547746002674103
0.43240830302238464 0.7108201384544373 -0.3330484926700592
0.5089834928512573 0.8037112355232239 -0.4081137180328369
0.5701225996017456 0.8807920813560486 -0.4760496914386749
0.6145062446594238 0.9397809505462646 -0.5323185324668884
0.6404043436050415 0.9778505563735962 -0.5717593431472778
0.6458494663238525 0.9918102622032166 -0.5887044668197632
0.6301774978637695 0.980074405670166 -0.5801146626472473
0.5957097411155701 0.9448472857475281 -0.5491331219673157
0.5454935431480408 0.8892197608947754 -0.5001250505447388
0.4829344153404236 0.8167112469673157 -0.4378984868526459
0.4117339253425598 0.7312105298042297 -0.3676117956638336
0.33581051230430603 0.6368951201438904 -0.2946591377258301
0.259206086397171 0.538135826587677 -0.22453925013542175
0.1864197552204132 0.4399319887161255 -0.16271063685417175
0.1280221939086914 0.3549477756023407 -0.11447182297706604
0.09869767725467682 0.3011172413825989 -0.08486782014369965
0.11212029308080673 0.2952989935874939 -0.07843527942895889
0.1800382286310196 0.35217374563217163 -0.09886986017227173
0.3114626705646515 0.48325520753860474 -0.14871305227279663
0.5120041966438293 0.6960603594779968 -0.22911719977855682
0.7834764122962952 0.9935874938964844 -0.33973127603530884
0.9576959609985352 -0.13811923563480377 0.7411600947380066
0.6656203866004944 -0.15732863545417786 0.3808403015136719
0.49140438437461853 -0.17792849242687225 0.16753877699375153
0.38727322220802307 -0.19707195460796356 0.044822629541158676
0.3266389071941376 -0.21166789531707764 -0.01745910756289959
0.29169419407844543 -0.21790547668933868 -0.03823331370949745
0.2679149806499481 -0.2110457420349121 -0.031999118626117706
0.24141345918178558 -0.18555092811584473 -0.012423554435372353
0.19824516773223877 -0.13586640357971191 0.005954885855317116
0.1330864429473877 -0.06185545399785042 0.014023524709045887
0.05265403911471367 0.02956368587911129 0.011647718027234077
-0.035269998013973236 0.13075844943523407 -0.00026375570450909436
-0.12323175370693207 0.23443417251110077 -0.020578371360898018
-0.20445148646831512 0.33400973677635193 -0.04812394082546234
-0.272915244102478 0.42374205589294434 -0.08183586597442627
-0.32325315475463867 0.4986412227153778 -0.12086330354213715
-0.3509839177131653 0.5546485185623169 -0.1642984300851822
-0.3559073209762573 0.5912193059921265 -0.20867323875427246
-0.3395948112010956 0.6091355681419373 -0.24913351237773895
-0.30340680480003357 0.6088943481445312 -0.28066229820251465
-0.24866004288196564 0.5908489227294922 -0.29806628823280334
-0.1767883598804474 0.5553521513938904 -0.29603150486946106
-0.08948179334402084 0.5028958320617676 -0.2692610025405884
0.011196786537766457 0.43424519896507263 -0.21270644664764404
0.12143207341432571 0.35225459933280945 -0.12614871561527252
0.23396852612495422 0.2642662823200226 -0.020662987604737282
0.3414559066295624 0.17797964811325073 0.09127017855644226
0.43709367513656616 0.10062290728092194 0.19777800142765045
0.5146017074584961 0.038954272866249084 0.28766611218452454
0.5680996179580688 -0.000638327794149518 0.3503226339817047
0.5919069051742554 -0.011950450949370861 0.37547510862350464
0.5806028246879578 0.010908300057053566 0.3534364700317383
0.5348111987113953 0.0665261521935463 0.28607678413391113
0.4605799615383148 0.14689098298549652 0.1856626570224762
0.3640942871570587 0.24375228583812714 0.06481597572565079
0.251736581325531 0.34861618280410767 -0.06352479755878448
0.1302584558725357 0.45261839032173157 -0.18594861030578613
0.006854487583041191 0.5465287566184998 -0.28861552476882935
-0.11088048666715622 0.6209050416946411 -0.35752350091934204
-0.21619853377342224 0.6682911515235901 -0.3819572627544403
-0.3079233467578888 0.6911938786506653 -0.36686423420906067
-0.3870183527469635 0.6954352259635925 -0.32224541902542114
-0.4547983705997467 0.6868686079978943 -0.25797054171562195
-0.5128064155578613 0.6711856722831726 -0.18347473442554474
-0.5627179741859436 0.6538215279579163 -0.10762098431587219
-0.6062734127044678 0.6399464011192322 -0.038704290986061096
-0.645222008228302 0.634489893913269 0.015478048473596573
-0.6801577806472778 0.6390968561172485 0.05137592554092407
-0.7096935510635376 0.6501721739768982 0.07197922468185425
-0.7321622967720032 0.6637257933616638 0.08064571022987366
-0.7457966804504395 0.6757919788360596 0.08057888597249985
-0.7487409114837646 0.6823753714561462 0.07491562515497208
-0.7390751838684082 0.6794291734695435 0.06678484380245209
-0.7148586511611938 0.6628702282905579 0.05933939665555954
-0.6746521592140198 0.6289787292480469 0.05557747930288315
-0.6220186948776245 0.5778101086616516 0.056561179459095
-0.5634540915489197 0.5116226077079773 0.062175169587135315
-0.5053799748420715 0.43255749344825745 0.07230119407176971
-0.454120934009552 0.3425394296646118 0.08685993403196335
-0.41599154472351074 0.2432241588830948 0.10583658516407013
-0.39746153354644775 0.13596326112747192 0.12930767238140106
-0.4054032862186432 0.0217753853648901 0.15747149288654327
-0.44393014907836914 -0.09782839566469193 0.19013655185699463
-0.5065547823905945 -0.21854762732982635 0.22539426386356354
-0.5841729640960693 -0.33466413617134094 0.26072296500205994
-0.6667435765266418 -0.4393612742424011 0.2932261824607849
-0.7430331110954285 -0.5247253775596619 0.3196115791797638
-0.8006559014320374 -0.5819714069366455 0.3362617790699005
-0.8265018463134766 -0.601963996887207 0.3394240736961365
-0.807962954044342 -0.576335072517395 0.3256281912326813
-0.743334174156189 -0.5056731700897217 0.2946314215660095
-0.6428312063217163 -0.4001201093196869 0.24961917102336884
-0.5173523426055908 -0.2703188359737396 0.19396023452281952
-0.377007395029068 -0.12608850002288818 0.13071687519550323
-0.23062992095947266 0.02404656819999218 0.062446385622024536
-0.08566740155220032 0.17296117544174194 -0.008880252949893475
0.05166880041360855 0.314784973859787 -0.08188829571008682
0.17671562731266022 0.4451342225074768 -0.15562592446804047
0.2890898287296295 0.5633220076560974 -0.22850313782691956
0.3892534077167511 0.6692479848861694 -0.2982456684112549
0.47684481739997864 0.761937141418457 -0.3620576858520508
0.5507727265357971 0.8396130800247192 -0.41654813289642334
0.6093134880065918 0.8997875452041626 -0.4577102065086365
0.6502344608306885 0.9393920302391052 -0.48097774386405945
0.6709895133972168 0.9550044536590576 -0.4814196527004242
0.6704410910606384 0.9447687864303589 -0.45690420269966125
0.6507555842399597 0.9104862809181213 -0.41156062483787537
0.6149064898490906 0.8548688292503357 -0.3507787883281708
0.5662120580673218 0.781038224697113 -0.2803307771682739
0.5082211494445801 0.6924088597297668 -0.20619483292102814
0.44460153579711914 0.5925674438476562 -0.1343909651041031
0.37903985381126404 0.48516273498535156 -0.07084173709154129
0.3154245615005493 0.3745531141757965 -0.021197471767663956
0.261325478553772 0.2754943072795868 0.010029410943388939
0.2269010990858078 0.21011942625045776 0.019236112013459206
0.2218131124973297 0.1996316760778427 0.003286403138190508
0.25466370582580566 0.2631051242351532 -0.04022764042019844
0.3324446380138397 0.4163297414779663 -0.11272285878658295
0.46002304553985596 0.6707115769386292 -0.2144245058298111
0.6397525668144226 1.0324149131774902 -0.3442617952823639
1.0145138502120972 -0.25984492897987366 0.7894375324249268
0.6683285236358643 -0.16055090725421906 0.39929822087287903
0.46033087372779846 -0.1100723072886467 0.16682051122188568
0.33657893538475037 -0.08850536495447159 0.0327749103307724
0.267040878534317 -0.08386624604463577 -0.03492429852485657
0.2318045049905777 -0.08708411455154419 -0.056663502007722855
0.21481354534626007 -0.08968471735715866 -0.04824836552143097
0.20071552693843842 -0.08271800726652145 -0.024731364101171494
0.17381598055362701 -0.05680719017982483 -0.0022179356310516596
0.1271580010652542 -0.008740533143281937 0.009324032813310623
0.06641093641519547 0.055892568081617355 0.010101638734340668
-0.00162182142958045 0.1305777132511139 0.0015027241315692663
-0.0704086497426033 0.20902489125728607 -0.014849863015115261
-0.13400983810424805 0.2855280339717865 -0.03730831295251846
-0.1871575564146042 0.35509052872657776 -0.06435178965330124
-0.2251356840133667 0.41335728764533997 -0.09467801451683044
-0.2439795285463333 0.4567601680755615 -0.12703430652618408
-0.24347861111164093 0.48471447825431824 -0.1586378812789917
-0.22496522963047028 0.49774911999702454 -0.18582604825496674
-0.18956108391284943 0.4961250424385071 -0.20477814972400665
-0.13833090662956238 0.4799531400203705 -0.21149997413158417
-0.07242885231971741 0.4493149518966675 -0.20186321437358856
0.006769818253815174 0.4043835401535034 -0.17171141505241394
0.09755437821149826 0.34554702043533325 -0.11704546958208084
0.19663898646831512 0.2750585377216339 -0.03783712908625603
0.2976156771183014 0.19926954805850983 0.05651220679283142
0.39387622475624084 0.12497560679912567 0.1553090214729309
0.4791888892650604 0.058672886341810226 0.24823065102100372
0.5476952791213989 0.0065384902991354465 0.32540059089660645
0.5938335657119751 -0.02551182173192501 0.37733861804008484
0.6121960282325745 -0.031694795936346054 0.39479678869247437
0.5976338982582092 -0.006531937513500452 0.3690509796142578
0.5507223606109619 0.04862450063228607 0.30190056562423706
0.47721511125564575 0.1262085735797882 0.20467732846736908
0.38306862115859985 0.21836912631988525 0.08912276476621628
0.2744530737400055 0.31701692938804626 -0.0327153354883194
0.15787464380264282 0.41375041007995605 -0.1483948975801468
0.04021260142326355 0.4998933672904968 -0.24515973031520844
-0.07134489715099335 0.5666578412055969 -0.3102015554904938
-0.17051810026168823 0.6072549223899841 -0.3338243365287781
-0.2564889192581177 0.6245245933532715 -0.320777952671051
-0.33049699664115906 0.6244513988494873 -0.2804279327392578
-0.39408835768699646 0.6129921078681946 -0.22197873890399933
-0.4489983320236206 0.5958977341651917 -0.15420256555080414
-0.49706536531448364 0.5786356925964355 -0.08531980961561203
-0.540174663066864 0.5663954615592957 -0.023008408024907112
-0.5802136659622192 0.5641217827796936 0.025530364364385605
-0.6178286671638489 0.5733352899551392 0.057138826698064804
-0.6515520215034485 0.5900923609733582 0.07487912476062775
-0.679643452167511 0.6100537180900574 0.08216415345668793
-0.7002766728401184 0.6289194822311401 0.08225978910923004
-0.7115431427955627 0.6423671245574951 0.07836513221263885
-0.7114691734313965 0.6460263729095459 0.07366471737623215
-0.6980493664741516 0.6354890465736389 0.07135391980409622
-0.6697357296943665 0.6067332625389099 0.07442831248044968
-0.6296865344047546 0.5597953200340271 0.08364938199520111
-0.5838274955749512 0.4970848262310028 0.09844155609607697
-0.538021445274353 0.42089447379112244 0.11824751645326614
-0.49804848432540894 0.3332974314689636 0.14257307350635529
-0.46968746185302734 0.23609794676303864 0.17100970447063446
-0.45886704325675964 0.13079756498336792 0.20325341820716858
-0.47189176082611084 0.01857144571840763 0.23912332952022552
-0.512518584728241 -0.09897536784410477 0.2781045734882355
-0.574702262878418 -0.21768547594547272 0.3181503713130951
-0.6499561667442322 -0.33205869793891907 0.3565925359725952
-0.7289067506790161 -0.43553030490875244 0.39034804701805115
-0.8010646104812622 -0.5204671621322632 0.4159180521965027
-0.8548705577850342 -0.5783787369728088 0.42948684096336365
-0.8781021237373352 -0.6004109978675842 0.42714646458625793
-0.8590205907821655 -0.5784157514572144 0.4053729772567749
-0.7960375547409058 -0.5128604173660278 0.3644751012325287
-0.6986461877822876 -0.4134320318698883 0.30875882506370544
-0.5769588947296143 -0.29030847549438477 0.24265658855438232
-0.440326452255249 -0.15288211405277252 0.17017070949077606
-0.296873539686203 -0.009307490661740303 0.09467928856611252
-0.1533852219581604 0.133600652217865 0.01889178715646267
-0.015431554988026619 0.2702299654483795 -0.0551011897623539
0.11290202289819717 0.39640024304389954 -0.12573803961277008
0.2312948852777481 0.5114933252334595 -0.19173017144203186
0.34003713726997375 0.6154029965400696 -0.25138142704963684
0.4385373592376709 0.707108736038208 -0.3024013638496399
0.5253850221633911 0.7847471237182617 -0.3418939411640167
0.5984238386154175 0.8457059264183044 -0.3664012551307678
0.6548664569854736 0.8867759108543396 -0.3720340132713318
0.6915095448493958 0.9044187664985657 -0.3547477722167969
0.7066549062728882 0.8965709805488586 -0.31350526213645935
0.702262818813324 0.8645657896995544 -0.25355350971221924
0.6812145113945007 0.8106487989425659 -0.1813488006591797
0.6467492580413818 0.7374515533447266 -0.10357540100812912
0.6022936701774597 0.6478105187416077 -0.026901250705122948
0.5513163805007935 0.5446042418479919 0.042199503630399704
0.4972168803215027 0.43061965703964233 0.09754897654056549
0.4433254599571228 0.3093748986721039 0.1334243267774582
0.39386579394340515 0.19719472527503967 0.14618225395679474
0.35378479957580566 0.11968965828418732 0.13370312750339508
0.3279399871826172 0.10184487700462341 0.09422687441110611
0.3208906054496765 0.16693012416362762 0.026550523936748505
0.3366556763648987 0.3353748917579651 -0.06975316256284714
0.3784511089324951 0.6235381960868835 -0.1941613405942917
0.44844380021095276 1.0425463914871216 -0.3450927138328552
1.0417115688323975 -0.36726441979408264 0.8098189830780029
0.6485921740531921 -0.15546327829360962 0.40332379937171936
0.410534530878067 -0.03636351600289345 0.1589888036251068
0.2696848511695862 0.02454446256160736 0.01781112514436245
0.19343067705631256 0.04720249027013779 -0.052924975752830505
0.16008466482162476 0.04556269571185112 -0.07444662600755692
0.1521543562412262 0.03169122338294983 -0.06352434307336807
0.15280187129974365 0.017925718799233437 -0.03632941097021103
0.14449216425418854 0.01752140000462532 -0.010232740081846714
0.11850742250680923 0.03694208338856697 0.0041864728555083275
0.07936086505651474 0.07219072431325912 0.007561956532299519
0.032813187688589096 0.11809438467025757 0.0018156291916966438
-0.015527507290244102 0.16951599717140198 -0.010898256674408913
-0.0604998879134655 0.2216932326555252 -0.0284208245575428
-0.09747063368558884 0.27038055658340454 -0.048735618591308594
-0.12223576009273529 0.3118225038051605 -0.07003574073314667
-0.13121113181114197 0.3428916335105896 -0.09066306799650192
-0.12418104708194733 0.36289986968040466 -0.10857385396957397
-0.10233690589666367 0.372081995010376 -0.12141232192516327
-0.06669154763221741 0.37045684456825256 -0.12668459117412567
-0.01821066066622734 0.35790929198265076 -0.12175565212965012
0.0420612134039402 0.33427879214286804 -0.10388429462909698
0.1128874123096466 0.29945141077041626 -0.07030278444290161
0.19273996353149414 0.2534598112106323 -0.018352443352341652
0.27880364656448364 0.1979040950536728 0.05163559690117836
0.3657224178314209 0.13793224096298218 0.13217030465602875
0.4479066729545593 0.07916880398988724 0.21470175683498383
0.5199939608573914 0.027086669579148293 0.2908663749694824
0.5768570899963379 -0.01302062813192606 0.3525489866733551
0.6135594248771667 -0.036012109369039536 0.39186111092567444
0.6252604126930237 -0.03682004660367966 0.40103909373283386
0.607347309589386 -0.010641946457326412 0.37274250388145447
0.5603513717651367 0.04129151627421379 0.30862584710121155
0.4895082116127014 0.11221390217542648 0.2185666710138321
0.4003128707408905 0.19503967463970184 0.11288858950138092
0.298496812582016 0.28244709968566895 0.002222941955551505
0.19010652601718903 0.36685076355934143 -0.10246128588914871
0.08150829374790192 0.4404677450656891 -0.18996471166610718
-0.020694730803370476 0.49548783898353577 -0.24911154806613922
-0.11083865910768509 0.5260489583015442 -0.2715258300304413
-0.18853837251663208 0.535335123538971 -0.2615128457546234
-0.2553642690181732 0.5294257998466492 -0.22740717232227325
-0.31314677000045776 0.5143080353736877 -0.17737677693367004
-0.3638646602630615 0.49571529030799866 -0.11917997896671295
-0.40956825017929077 0.47906503081321716 -0.06006019562482834
-0.45233601331710815 0.4694816470146179 -0.0067559960298240185
-0.4942437708377838 0.47184279561042786 0.03444013372063637
-0.5359824895858765 0.48745301365852356 0.06092122197151184
-0.5758984684944153 0.5119146704673767 0.07573007792234421
-0.6120704412460327 0.5404427647590637 0.08222397416830063
-0.6425087451934814 0.5683121681213379 0.08362197130918503
-0.665148138999939 0.5907872319221497 0.08307613432407379
-0.6778555512428284 0.6030886173248291 0.08371564000844955
-0.6784535646438599 0.6003977656364441 0.08866564929485321
-0.6651728749275208 0.5783113837242126 0.10080273449420929
-0.6406533122062683 0.5368445515632629 0.1204494833946228
-0.6101424694061279 0.47860366106033325 0.1464250683784485
-0.5788437128067017 0.4060782194137573 0.17759431898593903
-0.5518970489501953 0.3215380012989044 0.2129123955965042
-0.5344502925872803 0.2269841879606247 0.25143885612487793
-0.5317907333374023 0.12412098795175552 0.2923429310321808
-0.5495416522026062 0.014336852356791496 0.3349020183086395
-0.5910356044769287 -0.10062555968761444 0.378180593252182
-0.6508073210716248 -0.21677061915397644 0.42017197608947754
-0.7211770415306091 -0.32885876297950745 0.45831355452537537
-0.7936548590660095 -0.43063411116600037 0.4896217882633209
-0.8587484955787659 -0.5148153305053711 0.5107203125953674
-0.9060167074203491 -0.5732879638671875 0.5179662108421326
-0.924443244934082 -0.5975601077079773 0.5076955556869507
-0.9034709930419922 -0.5797643661499023 0.47671937942504883
-0.8417041301727295 -0.5202131271362305 0.425967812538147
-0.7477238774299622 -0.4280185103416443 0.3605820834636688
-0.6306489706039429 -0.312782883644104 0.28574854135513306
-0.4988844096660614 -0.18339192867279053 0.2061234712600708
-0.3596915900707245 -0.047583747655153275 0.1256600320339203
-0.21907135844230652 0.08815290778875351 0.047604650259017944
-0.08185538649559021 0.2184554487466812 -0.02539706788957119
0.04852332919836044 0.3393239378929138 -0.09127742052078247
0.1718239188194275 0.45020341873168945 -0.14898748695850372
0.28817424178123474 0.5510050058364868 -0.1973114162683487
0.39677202701568604 0.640710711479187 -0.2344016134738922
0.4959058463573456 0.7174404859542847 -0.2578374743461609
0.5829943418502808 0.7785483598709106 -0.264741986989975
0.6546849608421326 0.8207911849021912 -0.2519907057285309
0.7070847153663635 0.8406291007995605 -0.2165670394897461
0.7378732562065125 0.8358472585678101 -0.15867185592651367
0.7487272024154663 0.8072441816329956 -0.0847155824303627
0.7423882484436035 0.7565165758132935 -0.002161656506359577
0.7220014929771423 0.6857269406318665 0.08154179155826569
0.6908873319625854 0.5970647931098938 0.15924109518527985
0.6523593068122864 0.4926395118236542 0.22422434389591217
0.6096000075340271 0.3743132948875427 0.27024054527282715
0.5654602646827698 0.24465695023536682 0.291602224111557
0.5207748413085938 0.12108724564313889 0.28553226590156555
0.47506582736968994 0.03194839507341385 0.2512966990470886
0.4279654324054718 0.005346099846065044 0.1883491724729538
0.37925446033477783 0.06835559010505676 0.09648069739341736
0.3288709223270416 0.2461513727903366 -0.023990344256162643
0.27691370248794556 0.5608832240104675 -0.17205706238746643
0.22364312410354614 1.0304038524627686 -0.34589898586273193
1.0459071397781372 -0.4623040556907654 0.796168863773346
0.6124642491340637 -0.1492484211921692 0.39102548360824585
0.3474183976650238 0.033300694078207016 0.14513488113880157
0.19117669761180878 0.13089528679847717 0.0028978923801332712
0.10939700901508331 0.1700029969215393 -0.0675041452050209
0.07892680168151855 0.16886425018310547 -0.0873308777809143
0.08090856671333313 0.14290019869804382 -0.07380995899438858
0.09699427336454391 0.10773538053035736 -0.043798431754112244
0.10776829719543457 0.08041926473379135 -0.015447156503796577
0.10273995995521545 0.07064784318208694 0.0004224292642902583
0.08528154343366623 0.07611323893070221 0.00497592194005847
0.06015105918049812 0.09306410700082779 0.0007337298593483865
0.03210136294364929 0.11756043136119843 -0.009572038426995277
0.0056082685478031635 0.14579366147518158 -0.02323627658188343
-0.015219494700431824 0.1742554008960724 -0.03771548345685005
-0.026572270318865776 0.1997670829296112 -0.05066300556063652
-0.025143835693597794 0.21962153911590576 -0.05997864902019501
-0.01074422337114811 0.23299355804920197 -0.06438543647527695
0.015466570854187012 0.23979829251766205 -0.06289437413215637
0.05245553329586983 0.23980553448200226 -0.05440521985292435
0.09920639544725418 0.23268280923366547 -0.03772912919521332
0.1546151041984558 0.21804694831371307 -0.011630871333181858
0.2173982411623001 0.19552214443683624 0.025107745081186295
0.2860163748264313 0.16480909287929535 0.07359660416841507
0.35801705718040466 0.1268417239189148 0.1329910308122635
0.4292304813861847 0.0854504406452179 0.19781650602817535
0.49530458450317383 0.04491740092635155 0.2618793845176697
0.5520094037055969 0.009476883336901665 0.31906071305274963
0.5952454209327698 -0.016710111871361732 0.36335521936416626
0.6210160255432129 -0.02954660914838314 0.3888593316078186
0.6253662109375 -0.024955393746495247 0.3897101581096649
0.6045160889625549 0.0009372513741254807 0.3603455722332001
0.5589762926101685 0.04705438390374184 0.30223312973976135
0.49323445558547974 0.10772841423749924 0.22334101796150208
0.4120684862136841 0.17696762084960938 0.13207900524139404
0.3205091953277588 0.24855273962020874 0.03716181591153145
0.22388705611228943 0.3160446286201477 -0.05239890143275261
0.12781289219856262 0.3728698194026947 -0.12741252779960632
0.03808446228504181 0.41249021887779236 -0.17874424159526825
-0.04042204096913338 0.4301985204219818 -0.19959774613380432
-0.10779076814651489 0.42951273918151855 -0.19356147944927216
-0.1659153252840042 0.4165222644805908 -0.16752541065216064
-0.2168988138437271 0.3971545696258545 -0.12823666632175446
-0.26294875144958496 0.3770310580730438 -0.0820864886045456
-0.3063119053840637 0.36142387986183167 -0.035017021000385284
-0.3492467701435089 0.3552989661693573 0.0074722645804286
-0.39400795102119446 0.36337780952453613 0.040277086198329926
-0.4412897825241089 0.38667064905166626 0.06145070865750313
-0.48915401101112366 0.4202611446380615 0.07386464625597
-0.5353997349739075 0.4588626027107239 0.08065268397331238
-0.5777801275253296 0.4972762167453766 0.08482526987791061
-0.6139812469482422 0.5303075909614563 0.08932889252901077
-0.6416188478469849 0.5527246594429016 0.09708087146282196
-0.6582515239715576 0.5592555999755859 0.11098159849643707
-0.6618013381958008 0.5450749397277832 0.1336422711610794
-0.6543310880661011 0.5101696848869324 0.164864182472229
-0.6403745412826538 0.45735666155815125 0.20281982421875
-0.624444305896759 0.38933849334716797 0.24575728178024292
-0.6110101938247681 0.30859825015068054 0.292040079832077
-0.6045572757720947 0.21735459566116333 0.34014958143234253
-0.6096935868263245 0.11753739416599274 0.3886722922325134
-0.6313126683235168 0.010775902308523655 0.4362746477127075
-0.6722976565361023 -0.1010272279381752 0.4815702438354492
-0.7278499603271484 -0.2140466868877411 0.522735059261322
-0.7912157773971558 -0.3233274817466736 0.5575090050697327
-0.8549256920814514 -0.4229581654071808 0.5832341909408569
-0.9106464982032776 -0.5060586333274841 0.596916913986206
-0.9492433667182922 -0.564950168132782 0.5953773260116577
-0.9611172676086426 -0.591567873954773 0.5755048394203186
-0.9371081590652466 -0.5783844590187073 0.534740686416626
-0.8760840892791748 -0.525549054145813 0.4746582806110382
-0.7856168746948242 -0.44152194261550903 0.4009585678577423
-0.6737173199653625 -0.33525511622428894 0.31929290294647217
-0.5477344393730164 -0.2150663584470749 0.23470818996429443
-0.4139721393585205 -0.08823610842227936 0.15150746703147888
-0.27757081389427185 0.03909466788172722 0.07328764349222183
-0.14256402850151062 0.1618175357580185 0.0030952016822993755
-0.011687159538269043 0.27610552310943604 -0.05660290643572807
0.11492947489023209 0.381468802690506 -0.1049404963850975
0.2372901290655136 0.4778639078140259 -0.14109066128730774
0.35443180799484253 0.5643286108970642 -0.1635938435792923
0.4643971920013428 0.639042854309082 -0.1704898327589035
0.5642334222793579 0.6994248032569885 -0.15951071679592133
0.6500678658485413 0.7423086166381836 -0.12836848199367523
0.7173510789871216 0.7642664909362793 -0.07517599314451218
0.7631194591522217 0.7629826664924622 -0.001447630813345313
0.7886703014373779 0.7386595010757446 0.0852816179394722
0.7965253591537476 0.6923689842224121 0.17667727172374725
0.7896883487701416 0.6255426406860352 0.2647288739681244
0.771358847618103 0.5396859049797058 0.34202244877815247
0.744712769985199 0.43612730503082275 0.40181541442871094
0.7127602696418762 0.31581220030784607 0.4379386305809021
0.6779473423957825 0.1803462654352188 0.4448156952857971
0.6379269957542419 0.04783595725893974 0.42046287655830383
0.5870170593261719 -0.05135207250714302 0.36534082889556885
0.5196086764335632 -0.08669976890087128 0.27987340092658997
0.43028417229652405 -0.02789861522614956 0.164564847946167
0.31391626596450806 0.15473777055740356 0.020171290263533592
0.16582080721855164 0.48954153060913086 -0.15214528143405914
-0.018038013949990273 1.0024572610855103 -0.3506735861301422
1.0334901809692383 -0.5472724437713623 0.7433381080627441
0.5656095147132874 -0.14864355325698853 0.360667884349823
0.27600324153900146 0.08959478884935379 0.12626712024211884
0.10528293997049332 0.21992769837379456 -0.009123913012444973
0.018185149878263474 0.27356863021850586 -0.07482730597257614
-0.009608863852918148 0.27225255966186523 -0.09118416905403137
0.001748238573782146 0.23439070582389832 -0.0752093717455864
0.032390862703323364 0.17867223918437958 -0.043836042284965515
0.061041709035634995 0.12568669021129608 -0.015319623053073883
0.07552697509527206 0.08815411478281021 -0.00023258727742359042
0.07819534838199615 0.06541708111763 0.0032454929314553738
0.07292331755161285 0.05511621758341789 -0.0016936036990955472
0.06372813880443573 0.05447619780898094 -0.011688526719808578
0.05451436713337898 0.060611966997385025 -0.023453138768672943
0.04897266626358032 0.07072913646697998 -0.03389294818043709
0.0506175272166729 0.08221542835235596 -0.04010322317481041
0.06255526840686798 0.0927877128124237 -0.03952738642692566
0.08489476889371872 0.10147470235824585 -0.031663183122873306
0.11638401448726654 0.10785789787769318 -0.016903525218367577
0.1558356136083603 0.11145131289958954 0.004441849421709776
0.20203270018100739 0.11170445382595062 0.03208883851766586
0.2536424398422241 0.10801637917757034 0.06571932137012482
0.30914491415023804 0.09975874423980713 0.10492350161075592
0.3667818307876587 0.0863124281167984 0.14914359152317047
0.4243274927139282 0.06794700771570206 0.1969088762998581
0.47889095544815063 0.047135692089796066 0.2447783499956131
0.5275349020957947 0.026730848476290703 0.2890128493309021
0.567392110824585 0.009593334048986435 0.3259095251560211
0.5956646800041199 -0.0014251724351197481 0.3518139123916626
0.6096017360687256 -0.0034797319676727057 0.3631059229373932
0.6064567565917969 0.00629145884886384 0.35615843534469604
0.5835918188095093 0.030618835240602493 0.327518492937088
0.5415348410606384 0.06858459860086441 0.2784508168697357
0.483796089887619 0.11584548652172089 0.21464680135250092
0.4141665995121002 0.1677687168121338 0.1421767920255661
0.33668941259384155 0.2195213884115219 0.06739090383052826
0.2556854486465454 0.26609984040260315 -0.0031036525033414364
0.17572486400604248 0.30242207646369934 -0.06254839152097702
0.10153432190418243 0.32348665595054626 -0.10422903299331665
0.037001386284828186 0.3259403109550476 -0.12315745651721954
-0.01842476613819599 0.3136146068572998 -0.12192335724830627
-0.06688876450061798 0.2925125062465668 -0.10555103421211243
-0.11068694293498993 0.26839932799339294 -0.0789768397808075
-0.15217360854148865 0.24667854607105255 -0.04687400907278061
-0.19371190667152405 0.23237265646457672 -0.013572349213063717
-0.23766565322875977 0.23018942773342133 0.016943495720624924
-0.28640249371528625 0.24460448324680328 0.0410037636756897
-0.340550035238266 0.2762729823589325 0.05738404020667076
-0.3978004455566406 0.3197413682937622 0.06857328116893768
-0.45559167861938477 0.3692112863063812 0.0772596150636673
-0.5113406777381897 0.4190039038658142 0.08603350818157196
-0.5624081492424011 0.46346205472946167 0.09743184596300125
-0.6060832738876343 0.49689778685569763 0.11396151781082153
-0.6395864486694336 0.5135810971260071 0.13810409605503082
-0.6604638695716858 0.5082573294639587 0.17203013598918915
-0.6701952815055847 0.48087000846862793 0.21499241888523102
-0.6726303100585938 0.4344277083873749 0.26457610726356506
-0.6716222167015076 0.3718290328979492 0.3184691071510315
-0.6709994673728943 0.29575708508491516 0.3744925856590271
-0.6746091246604919 0.20863868296146393 0.43058982491493225
-0.6863988637924194 0.1126241609454155 0.48479488492012024
-0.7105447053909302 0.009581650607287884 0.5351834297180176
-0.7494946122169495 -0.09842465817928314 0.5799523591995239
-0.799156129360199 -0.2077392041683197 0.6175689101219177
-0.853753924369812 -0.3136982023715973 0.6462187170982361
-0.9069026112556458 -0.4107515811920166 0.6637377142906189
-0.9515053629875183 -0.49244770407676697 0.6677082777023315
-0.9798270463943481 -0.551582932472229 0.6556275486946106
-0.9837937355041504 -0.5805691480636597 0.6251610517501831
-0.9557597041130066 -0.5722715258598328 0.5745866894721985
-0.8949216604232788 -0.5266886949539185 0.5061027407646179
-0.8078320026397705 -0.45159220695495605 0.42571163177490234
-0.701366126537323 -0.3552391231060028 0.3392629325389862
-0.5817862749099731 -0.24533818662166595 0.2519523501396179
-0.45440673828125 -0.1286776065826416 0.16822215914726257
-0.3234820067882538 -0.01102566346526146 0.09183990955352783
-0.19223226606845856 0.10277780145406723 0.026095908135175705
-0.06268689781427383 0.20908348262310028 -0.02626234106719494
0.0651732087135315 0.307473748922348 -0.0645017996430397
0.19129407405853271 0.39797961711883545 -0.08809654414653778
0.3146332800388336 0.4797497093677521 -0.09591978788375854
0.4330849051475525 0.5511038303375244 -0.08644770830869675
0.5434346199035645 0.609626293182373 -0.058027233928442
0.6414079070091248 0.6523438096046448 -0.009234555996954441
0.7219149470329285 0.6760506629943848 0.06065654009580612
0.7813869118690491 0.6783818006515503 0.14883087575435638
0.8206297755241394 0.658899188041687 0.2467382848262787
0.8418298363685608 0.6179919242858887 0.345350444316864
0.8477573394775391 0.5564204454421997 0.4363000690937042
0.8414307832717896 0.4749981760978699 0.5121079683303833
0.825860321521759 0.37430432438850403 0.5661554932594299
0.8038834929466248 0.2544344961643219 0.5924549102783203
0.7775872945785522 0.1160944327712059 0.5855752825737
0.7418531775474548 -0.0222327783703804 0.5441980361938477
0.6864043474197388 -0.12879495322704315 0.4697299897670746
0.6008100509643555 -0.17135950922966003 0.3632860481739044
0.4745045304298401 -0.1170908734202385 0.22578120231628418
0.2967722713947296 0.06762396544218063 0.05808308720588684
0.056816503405570984 0.41708603501319885 -0.1388501673936844
-0.25606945157051086 0.9658987522125244 -0.3638274073600769
1.0103567838668823 -0.6246743202209473 0.6467905640602112
0.5132326483726501 -0.15997450053691864 0.3105494976043701
0.2009190171957016 0.12363080680370331 0.1032913401722908
0.01587950438261032 0.2813892662525177 -0.015497392043471336
-0.07731131464242935 0.34727004170417786 -0.07110046595335007
-0.10382729023694992 0.3455159068107605 -0.08189113438129425
-0.0850168764591217 0.2969927489757538 -0.06384211033582687
-0.042225852608680725 0.22305914759635925 -0.03316354379057884
0.001492066541686654 0.14738863706588745 -0.007338535040616989
0.03245414048433304 0.08534079790115356 0.00392529321834445
0.05217945948243141 0.0377715565264225 0.003242949955165386
0.06384322792291641 0.0036083103623241186 -0.00544116972014308
0.07088398933410645 -0.01884365826845169 -0.018079787492752075
0.0767655298113823 -0.03160383552312851 -0.030770760029554367
0.08486715704202652 -0.0367831289768219 -0.03985162451863289
0.09849799424409866 -0.03643185272812843 -0.04185652732849121
0.12062910944223404 -0.032391827553510666 -0.03377794846892357
0.15121179819107056 -0.025771092623472214 -0.01587999425828457
0.18876032531261444 -0.017325066030025482 0.010084981098771095
0.23178745806217194 -0.007802915759384632 0.04242311045527458
0.27871933579444885 0.00201648217625916 0.07940096408128738
0.3278205990791321 0.011301964521408081 0.11916182935237885
0.3771410286426544 0.0191592276096344 0.15966656804084778
0.4244906008243561 0.02463540993630886 0.1986648142337799
0.46772557497024536 0.02733202837407589 0.23401090502738953
0.5053117275238037 0.028375806286931038 0.2642618715763092
0.5358803868293762 0.02917489968240261 0.2881428003311157
0.5581281781196594 0.031167905777692795 0.3044312298297882
0.5707996487617493 0.03581438586115837 0.3119427263736725
0.5726630687713623 0.044595472514629364 0.3095076382160187
0.562474250793457 0.05902519077062607 0.29593876004219055
0.5390287041664124 0.08055488765239716 0.27010634541511536
0.5029114484786987 0.10841496288776398 0.23306849598884583
0.4564415216445923 0.13971522450447083 0.1879923790693283
0.4021618366241455 0.17135106027126312 0.13829755783081055
0.3428342342376709 0.20007331669330597 0.08761635422706604
0.2814575135707855 0.22252976894378662 0.03977746143937111
0.221242755651474 0.23535387217998505 -0.001264649792574346
0.16553781926631927 0.23530100286006927 -0.03155899792909622
0.1170089840888977 0.220542311668396 -0.04813050106167793
0.07467842847108841 0.19519948959350586 -0.05230521410703659
0.03628716990351677 0.16509594023227692 -0.046839289367198944
-0.0005073260981589556 0.1357310712337494 -0.03448084369301796
-0.038058314472436905 0.11218414455652237 -0.01784863881766796
-0.07870375365018845 0.09912443906068802 0.0006307367002591491
-0.1247822493314743 0.10090604424476624 0.018736837431788445
-0.17865757644176483 0.12167390435934067 0.03444956615567207
-0.2408004254102707 0.16169393062591553 0.047286659479141235
-0.308470219373703 0.21500800549983978 0.05908927321434021
-0.37868496775627136 0.27534592151641846 0.07182812690734863
-0.4484667479991913 0.33658674359321594 0.08741684257984161
-0.5147919654846191 0.39264726638793945 0.10773593187332153
-0.5745635628700256 0.43741708993911743 0.13464201986789703
-0.6246052980422974 0.4647391140460968 0.16996368765830994
-0.66203773021698 0.4689520001411438 0.21522358059883118
-0.6877961754798889 0.4499269723892212 0.2691512703895569
-0.7051371335983276 0.4108083248138428 0.3289026916027069
-0.7173418402671814 0.35463935136795044 0.39175447821617126
-0.7276798486709595 0.28425776958465576 0.45512208342552185
-0.7394365668296814 0.20225836336612701 0.516535222530365
-0.7559727430343628 0.11097712069749832 0.5735903978347778
-0.7808175086975098 0.012489791959524155 0.6238821148872375
-0.8160348534584045 -0.0909978449344635 0.6652888059616089
-0.8582336902618408 -0.1959911584854126 0.6966458559036255
-0.902606725692749 -0.2981087565422058 0.7166761159896851
-0.9438471794128418 -0.3921603262424469 0.7238221764564514
-0.9760934710502625 -0.47213077545166016 0.7163723707199097
-0.9930140972137451 -0.5313108563423157 0.6926424503326416
-0.9880706667900085 -0.5626210570335388 0.6512141227722168
-0.9551538825035095 -0.5593631863594055 0.5913241505622864
-0.8938400745391846 -0.5214120149612427 0.5157398581504822
-0.8097308874130249 -0.4558458924293518 0.4305238723754883
-0.7086240649223328 -0.37021106481552124 0.3414793014526367
-0.595737874507904 -0.27158424258232117 0.2537243366241455
-0.47543203830718994 -0.16623592376708984 0.17163942754268646
-0.3511059582233429 -0.059536878019571304 0.09898310154676437
-0.22520308196544647 0.0439620204269886 0.039122868329286575
-0.09908438473939896 0.14080213010311127 -0.005049657542258501
0.02746078185737133 0.23064596951007843 -0.03289279714226723
0.15440979599952698 0.3136250376701355 -0.04409267008304596
0.2807544767856598 0.3890498876571655 -0.03779076412320137
0.4043842852115631 0.4554588794708252 -0.012852617539465427
0.5220005512237549 0.5107035636901855 0.031798142939805984
0.6291316151618958 0.5521177053451538 0.09676320850849152
0.7203658223152161 0.5768249034881592 0.1816740781068802
0.7916383743286133 0.5824716687202454 0.2825271785259247
0.8431432247161865 0.5679729580879211 0.38991448283195496
0.876571536064148 0.5330102443695068 0.49429088830947876
0.8943138718605042 0.47766217589378357 0.5870949625968933
0.8990879654884338 0.4020731747150421 0.6609054207801819
0.8936505317687988 0.3061401844024658 0.7093023061752319
0.8806071281433105 0.18922527134418488 0.7265092730522156
0.8616859912872314 0.05127125233411789 0.7072331309318542
0.8295745253562927 -0.08908307552337646 0.6506496667861938
0.7703649401664734 -0.19923852384090424 0.5588286519050598
0.6696723699569702 -0.2458883821964264 0.4332900941371918
0.5124354362487793 -0.19444581866264343 0.2750711739063263
0.28261908888816833 -0.008268311619758606 0.0848492980003357
-0.03704637661576271 0.3520161211490631 -0.1369587481021881
-0.46526750922203064 0.9290714263916016 -0.3900946080684662
0.9817799925804138 -0.6970853209495544 0.5022290945053101
0.46007105708122253 -0.1892467886209488 0.23888994753360748
0.12644076347351074 0.12677685916423798 0.07700169831514359
-0.07346553355455399 0.30514395236968994 -0.013493163511157036
-0.17451876401901245 0.3805078864097595 -0.052463069558143616
-0.202397882938385 0.37845146656036377 -0.05521216616034508
-0.17948251962661743 0.3215514123439789 -0.0356898196041584
-0.12848715484142303 0.23321747779846191 -0.00838362704962492
-0.07407935708761215 0.1395195871591568 0.011091080494225025
-0.031205428764224052 0.05790499597787857 0.014643562026321888
0.0010738307610154152 -0.009460563771426678 0.005843654274940491
0.02545454353094101 -0.06251689791679382 -0.010518156923353672
0.04498058930039406 -0.10199695080518723 -0.029643751680850983
0.06281936168670654 -0.12913379073143005 -0.04697846993803978
0.08214973658323288 -0.14539556205272675 -0.05828111618757248
0.10616439580917358 -0.15227751433849335 -0.05953647196292877
0.13776034116744995 -0.15116004645824432 -0.0473100021481514
0.17663690447807312 -0.14326639473438263 -0.02260899543762207
0.22091220319271088 -0.1296832263469696 0.011511852964758873
0.2686382532119751 -0.11143115907907486 0.052039291709661484
0.31771528720855713 -0.0895390659570694 0.09586022049188614
0.36582276225090027 -0.06510210782289505 0.13965196907520294
0.4103817641735077 -0.03932518884539604 0.17981992661952972
0.448558509349823 -0.013547700829803944 0.21249504387378693
0.4781540632247925 0.011135179549455643 0.23488950729370117
0.4990752041339874 0.03454754129052162 0.24749375879764557
0.5116687417030334 0.05670648068189621 0.25143441557884216
0.5163653492927551 0.07767488062381744 0.2479257881641388
0.513644278049469 0.097556471824646 0.238228902220726
0.5040005445480347 0.11649176478385925 0.2236194759607315
0.4879157543182373 0.13465489447116852 0.20536571741104126
0.46584492921829224 0.1522093266248703 0.18469668924808502
0.438460111618042 0.16852320730686188 0.16245463490486145
0.406711220741272 0.1821707785129547 0.1391904205083847
0.371671199798584 0.19161318242549896 0.11552741378545761
0.3345586359500885 0.19525288045406342 0.09218046814203262
0.29674994945526123 0.19148869812488556 0.06995105743408203
0.25976890325546265 0.1787976771593094 0.04970899969339371
0.22524677217006683 0.15584029257297516 0.032357655465602875
0.19436529278755188 0.12244091928005219 0.018675541505217552
0.1657903492450714 0.08299728482961655 0.008809557184576988
0.13734349608421326 0.04307872802019119 0.00261642225086689
0.10684419423341751 0.007832649163901806 -0.00012799368414562196
0.07214714586734772 -0.01807571016252041 0.0003147863899357617
0.03113529644906521 -0.030417179688811302 0.003682033158838749
-0.018326038494706154 -0.02527109533548355 0.009738271124660969
-0.0784379094839096 0.001108453725464642 0.01830192096531391
-0.14941146969795227 0.04859630763530731 0.029620341956615448
-0.22804048657417297 0.11082099378108978 0.04457686468958855
-0.31089144945144653 0.18113191425800323 0.06410965323448181
-0.39455556869506836 0.2530505061149597 0.08915651589632034
-0.47558385133743286 0.3201441168785095 0.1206522062420845
-0.5504480600357056 0.37595033645629883 0.15951913595199585
-0.6155266761779785 0.41394826769828796 0.20665206015110016
-0.6674763560295105 0.42811858654022217 0.26267772912979126
-0.7067674398422241 0.4182138442993164 0.32587602734565735
-0.7362093329429626 0.3874170482158661 0.39322909712791443
-0.7586513757705688 0.3388267159461975 0.461843878030777
-0.7769381403923035 0.2753541171550751 0.5289551019668579
-0.7939233779907227 0.199689120054245 0.5918909311294556
-0.8125072717666626 0.1142863780260086 0.6480137705802917
-0.8357023000717163 0.02136639505624771 0.6946401000022888
-0.8652800917625427 -0.07676631212234497 0.7294987440109253
-0.8985015153884888 -0.1767619401216507 0.7518386244773865
-0.9314551949501038 -0.2744978964328766 0.760961651802063
-0.9598423838615417 -0.3651256859302521 0.7559770345687866
-0.9789615273475647 -0.4430558681488037 0.7359493374824524
-0.9838039875030518 -0.5020732283592224 0.7000828385353088
-0.9692838788032532 -0.5356207489967346 0.6479378938674927
-0.9307549595832825 -0.5374674201011658 0.5797474980354309
-0.868206262588501 -0.5073988437652588 0.4987525939941406
-0.7864277362823486 -0.45181959867477417 0.41084742546081543
-0.6902728080749512 -0.37757211923599243 0.32155850529670715
-0.5840327739715576 -0.2910953760147095 0.23571138083934784
-0.4712131917476654 -0.19812658429145813 0.1574268490076065
-0.35445132851600647 -0.10361792147159576 0.09027058631181717
-0.23550961911678314 -0.011808836832642555 0.037507813423871994
-0.11517159640789032 0.07404967397451401 0.002017696388065815
0.007005868945270777 0.15370434522628784 -0.01561405323445797
0.131143718957901 0.2274037003517151 -0.015190690755844116
0.2564137279987335 0.29466184973716736 0.003960465546697378
0.3808944821357727 0.3543035089969635 0.04266834259033203
0.5014520883560181 0.40454018115997314 0.10153301060199738
0.6137195825576782 0.44311994314193726 0.1804676502943039
0.7122959494590759 0.4675990641117096 0.27819275856018066
0.7928142547607422 0.47571703791618347 0.38973212242126465
0.8547292351722717 0.46579796075820923 0.5050004124641418
0.8990340232849121 0.4368467628955841 0.614076554775238
0.9275302886962891 0.38829153776168823 0.7082894444465637
0.9424466490745544 0.31966447830200195 0.7803022861480713
0.9461276531219482 0.23027993738651276 0.8238732814788818
0.9408186674118042 0.11892244219779968 0.8333974480628967
0.9278354644775391 -0.015030553564429283 0.8036728501319885
0.8983945846557617 -0.15292221307754517 0.7341650128364563
0.8362525105476379 -0.26174303889274597 0.6272978186607361
0.7243925333023071 -0.3076697587966919 0.48472145199775696
0.5445926189422607 -0.25515660643577576 0.30734577775001526
0.27680400013923645 -0.06567513942718506 0.09542320668697357
-0.10153991729021072 0.30363962054252625 -0.1514143943786621
-0.6163033246994019 0.9015087485313416 -0.43413594365119934
0.9492189288139343 -0.7663488388061523 0.31255051493644714
0.4088245928287506 -0.23870152235031128 0.1467186063528061
0.056156743317842484 0.09579909592866898 0.0481436662375927
-0.1588440239429474 0.2872350811958313 -0.002174632390961051
-0.26974937319755554 0.3690946102142334 -0.017788441851735115
-0.3022812008857727 0.36710941791534424 -0.009990736842155457
-0.27954503893852234 0.30470404028892517 0.01027632225304842
-0.22536510229110718 0.20657110214233398 0.03132811561226845
-0.1657213717699051 0.1003459095954895 0.04061707854270935
-0.11649619042873383 0.004931568168103695 0.03247116878628731
-0.07706524431705475 -0.07641692459583282 0.011554486118257046
-0.04498641565442085 -0.14267006516456604 -0.01642811857163906
-0.01743045262992382 -0.19372528791427612 -0.04588831588625908
0.008609224110841751 -0.2301149219274521 -0.07160946726799011
0.0362105593085289 -0.25271114706993103 -0.08879014104604721
0.06852623075246811 -0.2624668478965759 -0.09290903806686401
0.10843004286289215 -0.260286420583725 -0.08015821129083633
0.15527641773223877 -0.24748310446739197 -0.052252817898988724
0.2066342681646347 -0.2254658043384552 -0.013459010049700737
0.25994616746902466 -0.19553905725479126 0.03199096396565437
0.31243425607681274 -0.15901616215705872 0.0797150731086731
0.3610334098339081 -0.11731306463479996 0.12504830956459045
0.4023692011833191 -0.07202311605215073 0.16298213601112366
0.4327971637248993 -0.024967731907963753 0.18819567561149597
0.44996970891952515 0.021999238058924675 0.1973772943019867
0.45531392097473145 0.06746063381433487 0.19287878274917603
0.45100030303001404 0.11015241593122482 0.17811064422130585
0.43929457664489746 0.14890022575855255 0.15658113360404968
0.4224971532821655 0.1826108992099762 0.13182736933231354
0.4029060900211334 0.21025224030017853 0.10738234966993332
0.38280370831489563 0.23082101345062256 0.08677878230810165
0.3643915057182312 0.24332751333713531 0.0734415128827095
0.3484346568584442 0.2472795844078064 0.0679798424243927
0.33442845940589905 0.24261006712913513 0.06841906160116196
0.32186517119407654 0.2292407602071762 0.07265277951955795
0.3102675676345825 0.20714423060417175 0.07848842442035675
0.2991820275783539 0.17642807960510254 0.08363690227270126
0.288180947303772 0.1374197155237198 0.08574625849723816
0.2768719792366028 0.09074179828166962 0.08248236775398254
0.2646912932395935 0.037951089441776276 0.07226867973804474
0.2500174343585968 -0.016272133216261864 0.056819017976522446
0.2309546172618866 -0.06664872169494629 0.038818683475255966
0.2057051956653595 -0.10843253135681152 0.02080247551202774
0.17255327105522156 -0.1374274343252182 0.005090256687253714
0.1298123598098755 -0.14989954233169556 -0.00621802220121026
0.07574333250522614 -0.1424129754304886 -0.01120095793157816
0.00847870297729969 -0.11166555434465408 -0.008050759322941303
-0.07183420658111572 -0.05814937874674797 0.0041819727048277855
-0.1615164577960968 0.011472879908978939 0.02512170746922493
-0.2566746771335602 0.09028827399015427 0.05436580255627632
-0.3534514009952545 0.17156682908535004 0.09157925844192505
-0.4479462504386902 0.24862276017665863 0.13645857572555542
-0.5361664295196533 0.3147289454936981 0.18869954347610474
-0.6140061616897583 0.36307957768440247 0.24796847999095917
-0.677627682685852 0.38735830783843994 0.31373360753059387
-0.727135956287384 0.3871481120586395 0.3839232325553894
-0.7650669813156128 0.3655599355697632 0.4556492269039154
-0.7940056920051575 0.3256446123123169 0.5261366367340088
-0.8165328502655029 0.27029380202293396 0.592711329460144
-0.8352283239364624 0.2022082507610321 0.6527590155601501
-0.8526920080184937 0.12388499826192856 0.7036631107330322
-0.871586799621582 0.037618495523929596 0.7427208423614502
-0.8935093879699707 -0.054237399250268936 0.7677228450775146
-0.9162963032722473 -0.14846879243850708 0.7783645391464233
-0.9368228316307068 -0.2411944568157196 0.7745434641838074
-0.9516862630844116 -0.32789480686187744 0.7560662031173706
-0.9572241306304932 -0.4034002721309662 0.722808837890625
-0.9496158957481384 -0.4619932174682617 0.6748905181884766
-0.9250835180282593 -0.49765685200691223 0.612858235836029
-0.8803024291992188 -0.5046624541282654 0.5379184484481812
-0.8156859874725342 -0.4827362895011902 0.4536517560482025
-0.7353907227516174 -0.4376165568828583 0.3655500113964081
-0.6435039639472961 -0.3754384517669678 0.27863195538520813
-0.5435522198677063 -0.30198779702186584 0.1972140520811081
-0.43833309412002563 -0.22244292497634888 0.12495701014995575
-0.3298586308956146 -0.14130517840385437 0.06504330039024353
-0.2193518877029419 -0.06246675178408623 0.020444339141249657
-0.10715297609567642 0.011059114709496498 -0.006145743653178215
0.007444371934980154 0.07909367978572845 -0.01416829600930214
0.12482057511806488 0.14199182391166687 -0.0034451154060661793
0.24448151886463165 0.19948092103004456 0.026607707142829895
0.36490824818611145 0.2507037818431854 0.07663001865148544
0.483417809009552 0.2942841053009033 0.14690232276916504
0.5961059927940369 0.3284507989883423 0.23686553537845612
0.6979883313179016 0.3512588143348694 0.34461668133735657
0.7846589684486389 0.3606264889240265 0.46451252698898315
0.8547365069389343 0.3544129431247711 0.5859930515289307
0.9083097577095032 0.33104389905929565 0.6988704204559326
0.9463582038879395 0.2893793284893036 0.7943841814994812
0.9703938961029053 0.22843009233474731 0.8652313947677612
0.9821475744247437 0.14705036580562592 0.90526282787323
0.983329176902771 0.04362178221344948 0.9089577794075012
0.9747481942176819 -0.08281940221786499 0.8711432218551636
0.9469300508499146 -0.21367360651493073 0.7913658022880554
0.8827420473098755 -0.315856009721756 0.6721144914627075
0.7641118168830872 -0.35547319054603577 0.5149456858634949
0.571451723575592 -0.29674315452575684 0.3204861283302307
0.2828279435634613 -0.10046768188476562 0.08846961706876755
-0.1270322948694229 0.2777280807495117 -0.18229062855243683
-0.6879656910896301 0.8895352482795715 -0.4939756393432617
0.907437264919281 -0.8327826857566833 0.09465514868497849
0.35870179533958435 -0.3033004403114319 0.0409378781914711
-0.007222512271255255 0.03831310197710991 0.01754690892994404
-0.23509857058525085 0.23648278415203094 0.015672659501433372
-0.3563554584980011 0.3223162293434143 0.02813977561891079
-0.39610379934310913 0.32078179717063904 0.048135992139577866
-0.37763309478759766 0.2554093599319458 0.06843803077936172
-0.3253597915172577 0.15147653222084045 0.08106104284524918
-0.26601642370224 0.03744396194815636 0.07755284011363983
-0.21596527099609375 -0.06686975061893463 0.05529988184571266
-0.17467215657234192 -0.15729527175426483 0.02007715031504631
-0.13977937400341034 -0.23196011781692505 -0.021543344482779503
-0.10854668915271759 -0.2900244891643524 -0.06324880570173264
-0.07804365456104279 -0.33138802647590637 -0.09924250096082687
-0.04524087533354759 -0.3563663959503174 -0.1242588683962822
-0.006993941962718964 -0.365384966135025 -0.13338077068328857
0.03956186771392822 -0.35886549949645996 -0.12253295630216599
0.09337946772575378 -0.3381957411766052 -0.09409331530332565
0.15139834582805634 -0.30510610342025757 -0.05341331288218498
0.2103796899318695 -0.26120689511299133 -0.005810867995023727
0.26679959893226624 -0.20814208686351776 0.04320802167057991
0.316783607006073 -0.1477198451757431 0.08779993653297424
0.3561041057109833 -0.08201748132705688 0.12173500657081604
0.3802632689476013 -0.013453064486384392 0.1384728103876114
0.38675081729888916 0.05528716370463371 0.13435617089271545
0.3785223364830017 0.12162138521671295 0.1135278269648552
0.35955944657325745 0.18315376341342926 0.0815291777253151
0.33391228318214417 0.23767107725143433 0.043953076004981995
0.30561283230781555 0.2831181287765503 0.006348530761897564
0.2786422073841095 0.31754398345947266 -0.025798864662647247
0.2569531202316284 0.3390200138092041 -0.04701085761189461
0.24438586831092834 0.3456208109855652 -0.051952190697193146
0.2417847067117691 0.3370016813278198 -0.040247704833745956
0.24725286662578583 0.31427547335624695 -0.016147946938872337
0.2587668299674988 0.278626948595047 0.015769245103001595
0.2741859555244446 0.23141281306743622 0.05061981827020645
0.29120194911956787 0.17430034279823303 0.08316285163164139
0.30733755230903625 0.10937522351741791 0.10786541551351547
0.32000526785850525 0.039197128266096115 0.11910220980644226
0.3267139792442322 -0.03291376307606697 0.11283247172832489
0.32557857036590576 -0.10196751356124878 0.09226909279823303
0.31511038541793823 -0.16296906769275665 0.06293874233961105
0.29404354095458984 -0.21157966554164886 0.030197497457265854
0.2612485885620117 -0.24408550560474396 -0.0009697569184936583
0.21562369167804718 -0.2572649121284485 -0.026014205068349838
0.15596970915794373 -0.24818524718284607 -0.040776170790195465
0.08088577538728714 -0.21400737762451172 -0.04138195887207985
-0.009044489823281765 -0.15556815266609192 -0.026208624243736267
-0.10966665297746658 -0.07973538339138031 0.002909677568823099
-0.2166234403848648 0.006396675482392311 0.044019732624292374
-0.3255980610847473 0.0959201529622078 0.0953061431646347
-0.43222346901893616 0.18196497857570648 0.15501785278320312
-0.5320237874984741 0.25760430097579956 0.22141075134277344
-0.6203862428665161 0.3158080577850342 0.2927040159702301
-0.6929632425308228 0.3500109910964966 0.3670104146003723
-0.7495865821838379 0.3596076965332031 0.4419932961463928
-0.7926689386367798 0.3475801348686218 0.5151416659355164
-0.8246725797653198 0.31687653064727783 0.5840333700180054
-0.8480520248413086 0.270319402217865 0.6463073492050171
-0.865249514579773 0.21057891845703125 0.6996213793754578
-0.8787059783935547 0.14016202092170715 0.7415927052497864
-0.8908876180648804 0.061414074152708054 0.7697204351425171
-0.9033256769180298 -0.023280391469597816 0.782045841217041
-0.9143640995025635 -0.11087165027856827 0.7787628173828125
-0.9215651750564575 -0.1977531462907791 0.7604058384895325
-0.9223190546035767 -0.27977293729782104 0.7275301814079285
-0.9138866066932678 -0.3522278070449829 0.6808697581291199
-0.8935028314590454 -0.40995508432388306 0.621491014957428
-0.8585475087165833 -0.44754719734191895 0.5509303212165833
-0.8068633675575256 -0.45985662937164307 0.4713309109210968
-0.7392847537994385 -0.4465644955635071 0.3864518105983734
-0.659498393535614 -0.4126744270324707 0.30111631751060486
-0.5709958672523499 -0.36353981494903564 0.21958233416080475
-0.47669875621795654 -0.30421730875968933 0.14542777836322784
-0.3788449168205261 -0.23924949765205383 0.08164500445127487
-0.2789645791053772 -0.17260843515396118 0.03083798848092556
-0.17788991332054138 -0.10775769501924515 -0.004511717241257429
-0.07566103339195251 -0.04740307107567787 -0.022075340151786804
0.028700098395347595 0.00831663329154253 -0.021302133798599243
0.13591717183589935 0.059796929359436035 -0.001943383482284844
0.24594596028327942 0.10692369937896729 0.036587607115507126
0.3578394651412964 0.14911150932312012 0.09486123919487
0.4696060121059418 0.1853560209274292 0.17301194369792938
0.5781205296516418 0.21432897448539734 0.2702583968639374
0.6791919469833374 0.23454490303993225 0.38441088795661926
0.7686588168144226 0.24413129687309265 0.509527325630188
0.8442983627319336 0.2406494915485382 0.634833812713623
0.9051771759986877 0.22209984064102173 0.7500166893005371
0.9512856006622314 0.18690471351146698 0.846258282661438
0.9832373261451721 0.13367599248886108 0.9162423610687256
1.0019736289978027 0.06094042584300041 0.953826904296875
1.0085108280181885 -0.03315870463848114 0.9534975290298462
1.0030646324157715 -0.14972727000713348 0.910066545009613
0.9761345386505127 -0.2702611982822418 0.8230045437812805
0.9109514951705933 -0.36182498931884766 0.6946608424186707
0.789795994758606 -0.3907560408115387 0.526395320892334
0.5934137105941772 -0.3215812146663666 0.3185569643974304
0.3001692593097687 -0.11546366661787033 0.07049494236707687
-0.11498305946588516 0.2716127336025238 -0.21950550377368927
-0.6817916035652161 0.8910834193229675 -0.5543451905250549
0.8507081866264343 -0.8965253829956055 -0.13449573516845703
0.3085953891277313 -0.37739697098731995 -0.07111114263534546
-0.060915686190128326 -0.03696824237704277 -0.013906586915254593
-0.29656147956848145 0.1631283313035965 0.03680640086531639
-0.42679643630981445 0.2510215640068054 0.07969742268323898
-0.4753269553184509 0.25032076239585876 0.11250366270542145
-0.46485552191734314 0.18408900499343872 0.13215069472789764
-0.419589102268219 0.0776132196187973 0.13502037525177002
-0.3661468029022217 -0.04042671248316765 0.11755410581827164
-0.32075101137161255 -0.14972421526908875 0.08063491433858871
-0.2827674448490143 -0.2453293800354004 0.03102375753223896
-0.24980686604976654 -0.3246226906776428 -0.02401982620358467
-0.21914708614349365 -0.38610321283340454 -0.0776442438364029
-0.1879022717475891 -0.4290938973426819 -0.12365799397230148
-0.15309026837348938 -0.4533907473087311 -0.15651486814022064
-0.1115940734744072 -0.45891115069389343 -0.17108601331710815
-0.060586635023355484 -0.4456000328063965 -0.1631930023431778
-0.0015332867624238133 -0.4149185121059418 -0.1358175128698349
0.06187904253602028 -0.3689306974411011 -0.0952276736497879
0.12574711441993713 -0.30958589911460876 -0.04765370488166809
0.185830757021904 -0.23891422152519226 0.00046094783465377986
0.23748889565467834 -0.15919360518455505 0.04230411723256111
0.275700181722641 -0.07308173924684525 0.0706675574183464
0.29519328474998474 0.016298919916152954 0.0780770406126976
0.2933398187160492 0.10537780076265335 0.06074000895023346
0.2745150327682495 0.19052831828594208 0.024490801617503166
0.24434340000152588 0.2684192359447479 -0.023200660943984985
0.2084471434354782 0.33604082465171814 -0.07492322474718094
0.17233744263648987 0.3906481862068176 -0.12343768030405045
0.14140045642852783 0.42965689301490784 -0.16166560351848602
0.12097537517547607 0.45049238204956055 -0.18255621194839478
0.11628592014312744 0.4505385160446167 -0.17920400202274323
0.12822715938091278 0.4296075105667114 -0.1514553278684616
0.1536848545074463 0.38978737592697144 -0.10549650341272354
0.18931138515472412 0.3332938849925995 -0.04800361767411232
0.23148000240325928 0.26263511180877686 0.013806886970996857
0.27616360783576965 0.18082468211650848 0.07204952090978622
0.3189074993133545 0.0915345847606659 0.11823312938213348
0.35492491722106934 -0.0008521781419403851 0.14356116950511932
0.3797405958175659 -0.09129736572504044 0.14152054488658905
0.3912036418914795 -0.17448116838932037 0.11662038415670395
0.3882778286933899 -0.24566034972667694 0.07703672349452972
0.3702946603298187 -0.3008729815483093 0.030822956934571266
0.3367895185947418 -0.3368595838546753 -0.014444327913224697
0.28732964396476746 -0.3508867025375366 -0.05180691182613373
0.2213428020477295 -0.34050729870796204 -0.07488624006509781
0.13798394799232483 -0.30333632230758667 -0.07775098830461502
0.03833283111453056 -0.2405400276184082 -0.058138586580753326
-0.07297029346227646 -0.1591588705778122 -0.01943310908973217
-0.19109517335891724 -0.0664403885602951 0.0347578227519989
-0.31125733256340027 0.03055742383003235 0.1010298877954483
-0.4286179840564728 0.12481208145618439 0.176072895526886
-0.5382165312767029 0.20923294126987457 0.2565882205963135
-0.6349350810050964 0.2766043543815613 0.3392300605773926
-0.7139255404472351 0.32014787197113037 0.420650839805603
-0.7748335003852844 0.3390951454639435 0.49832531809806824
-0.8200721144676208 0.33631232380867004 0.5702959299087524
-0.8520945310592651 0.3146526515483856 0.6346590518951416
-0.8733373284339905 0.2768769860267639 0.6895235180854797
-0.8862168192863464 0.22563795745372772 0.7329744696617126
-0.8931345343589783 0.16347457468509674 0.7630215883255005
-0.8964947462081909 0.09281744062900543 0.7775377035140991
-0.8978637456893921 0.016098428517580032 0.7749747037887573
-0.8960351943969727 -0.06387164443731308 0.7561032176017761
-0.8891698718070984 -0.1438561975955963 0.7221666574478149
-0.8753563761711121 -0.22017185389995575 0.6745429635047913
-0.852669358253479 -0.2886905074119568 0.6148863434791565
-0.8192681670188904 -0.34492161870002747 0.5452449917793274
-0.7735361456871033 -0.3841921389102936 0.46814054250717163
-0.7143174409866333 -0.4020608067512512 0.38659873604774475
-0.6428473591804504 -0.39815691113471985 0.3043628931045532
-0.5624960064888 -0.3765966296195984 0.22528570890426636
-0.4763198494911194 -0.3417988419532776 0.1525881141424179
-0.38678866624832153 -0.29794877767562866 0.08886852115392685
-0.29572683572769165 -0.24881932139396667 0.03623946011066437
-0.20432491600513458 -0.19772428274154663 -0.0034680089447647333
-0.11317245662212372 -0.14756718277931213 -0.028457025066018105
-0.02215202897787094 -0.10063250362873077 -0.03694499656558037
0.06997836381196976 -0.0570794902741909 -0.028376653790473938
0.1643386334180832 -0.016596103087067604 -0.0023538987152278423
0.2614072263240814 0.020738663151860237 0.041794322431087494
0.3609221279621124 0.05448009818792343 0.1046818196773529
0.4617549180984497 0.08385255187749863 0.18647050857543945
0.5618022680282593 0.10781490802764893 0.2864164412021637
0.6579771637916565 0.12517954409122467 0.40240201354026794
0.7466440796852112 0.13424134254455566 0.528602123260498
0.8248371481895447 0.13246117532253265 0.6543665528297424
0.8905975222587585 0.11762367933988571 0.7694647312164307
0.9428555369377136 0.08789801597595215 0.8651063442230225
0.981216311454773 0.04166072979569435 0.9339552521705627
1.005706787109375 -0.022734543308615685 0.9698240756988525
1.016526699066162 -0.10722073167562485 0.9671531319618225
1.0132309198379517 -0.2128707617521286 0.9207223653793335
0.9868441820144653 -0.3212828040122986 0.8298131227493286
0.9219942688941956 -0.39980170130729675 0.6965053081512451
0.8024923801422119 -0.415179044008255 0.5219597816467285
0.6108701825141907 -0.3326460123062134 0.3064000606536865
0.3277125954627991 -0.11457271128892899 0.0491323284804821
-0.06913483142852783 0.281050443649292 -0.25149810314178467
-0.6055223941802979 0.9024150371551514 -0.5981910824775696
0.7735127806663513 -0.9577232003211975 -0.3594006896018982
0.257488489151001 -0.45554178953170776 -0.18227793276309967
-0.10196913778781891 -0.12136968225240707 -0.04527624696493149
-0.33719781041145325 0.0775715783238411 0.0579109862446785
-0.4729527533054352 0.16635771095752716 0.13098715245723724
-0.5306716561317444 0.16695156693458557 0.17603999376296997
-0.531499445438385 0.10156919062137604 0.194326713681221
-0.4983444809913635 -0.004919678904116154 0.18701767921447754
-0.4565117061138153 -0.12406200915575027 0.15598346292972565
-0.42126935720443726 -0.2353704422712326 0.10581481456756592
-0.39171692728996277 -0.3332147002220154 0.04397960007190704
-0.36536353826522827 -0.4143024981021881 -0.02189970202744007
-0.3394838571548462 -0.4765336215496063 -0.08474928140640259
-0.31125617027282715 -0.5187040567398071 -0.13828031718730927
-0.27779561281204224 -0.540128767490387 -0.17694184184074402
-0.2360840141773224 -0.5402462482452393 -0.19565491378307343
-0.18340648710727692 -0.518545925617218 -0.19036051630973816
-0.12162432074546814 -0.47657832503318787 -0.16456708312034607
-0.054963190108537674 -0.4167681932449341 -0.1252424269914627
0.012118552811443806 -0.34144678711891174 -0.07931079715490341
0.07479526847600937 -0.2530880272388458 -0.033920735120773315
0.12781211733818054 -0.1545092612504959 0.0034039339516311884
0.16552682220935822 -0.04902463033795357 0.0247665848582983
0.18208341300487518 0.05946626141667366 0.022084690630435944
0.1748080998659134 0.16650992631912231 -0.008352553471922874
0.14924007654190063 0.2676153779029846 -0.05916508659720421
0.11230907589197159 0.3587546646595001 -0.12120715528726578
0.07084594666957855 0.43638211488723755 -0.18554985523223877
0.031463149935007095 0.49733176827430725 -0.24359990656375885
0.0005709003307856619 0.5386500358581543 -0.28704217076301575
-0.015478458255529404 0.5573703050613403 -0.3076160252094269
-0.010420634411275387 0.5504137873649597 -0.2971852719783783
0.016652172431349754 0.5177580118179321 -0.25579848885536194
0.06164337694644928 0.46227577328681946 -0.1912149041891098
0.12013674527406693 0.3869995176792145 -0.11179916560649872
0.18727806210517883 0.29536157846450806 -0.026669587939977646
0.25756996870040894 0.19148999452590942 0.05407014116644859
0.324800580739975 0.08041898906230927 0.11935970187187195
0.3821567893028259 -0.03184488043189049 0.1575464904308319
0.42328158020973206 -0.13868854939937592 0.15978606045246124
0.44576480984687805 -0.23447810113430023 0.1315905749797821
0.4490054249763489 -0.3146839141845703 0.0834081768989563
0.43292129039764404 -0.37566494941711426 0.02568037621676922
0.3977119028568268 -0.4145515561103821 -0.031661052256822586
0.3436260223388672 -0.4290342628955841 -0.07942236959934235
0.2707466185092926 -0.41709598898887634 -0.1091352254152298
0.17883029580116272 -0.3767663538455963 -0.11291462182998657
0.06950002908706665 -0.3095354735851288 -0.08790988475084305
-0.05209311470389366 -0.22264575958251953 -0.03904462233185768
-0.18062753975391388 -0.12353139370679855 0.028417417779564857
-0.31084397435188293 -0.01942504569888115 0.10947521775960922
-0.437439888715744 0.08248724043369293 0.19925391674041748
-0.5549934506416321 0.1749553680419922 0.29290133714675903
-0.6579166650772095 0.2505936324596405 0.3855125308036804
-0.7409049868583679 0.3024350702762604 0.4722920060157776
-0.8035051226615906 0.3296237587928772 0.550600528717041
-0.848227858543396 0.3350023031234741 0.6191346645355225
-0.8776005506515503 0.3214070498943329 0.6765967607498169
-0.8941214680671692 0.2916104793548584 0.7216500043869019
-0.9002649188041687 0.24832314252853394 0.7528933882713318
-0.8984906077384949 0.19420072436332703 0.7688277959823608
-0.8912603259086609 0.13185752928256989 0.7678179740905762
-0.8802693486213684 0.06382705271244049 0.7488579750061035
-0.8647116422653198 -0.007447064388543367 0.7133999466896057
-0.8432662487030029 -0.07926488667726517 0.6634993553161621
-0.8146295547485352 -0.14858229458332062 0.6014514565467834
-0.7775801420211792 -0.21202199161052704 0.5298995971679688
-0.731065034866333 -0.2659447193145752 0.4519025981426239
-0.6743062734603882 -0.3065902590751648 0.3709450662136078
-0.606968104839325 -0.33039069175720215 0.2908562421798706
-0.5306556224822998 -0.33689016103744507 0.21513348817825317
-0.44856899976730347 -0.32907819747924805 0.14632366597652435
-0.36348602175712585 -0.3102090656757355 0.08631806075572968
-0.2775765657424927 -0.28338930010795593 0.03649108111858368
-0.19239607453346252 -0.2514345645904541 -0.002132145455107093
-0.1089356392621994 -0.21682265400886536 -0.02868039160966873
-0.027685994282364845 -0.18171758949756622 -0.042227379977703094
0.05149109661579132 -0.14782729744911194 -0.0417107492685318
0.13008509576320648 -0.11541840434074402 -0.026559272781014442
0.20964083075523376 -0.08444423973560333 0.0038472223095595837
0.2911928594112396 -0.05513876676559448 0.05033717304468155
0.37521877884864807 -0.028017764911055565 0.1136699840426445
0.46154719591140747 -0.0038692608941346407 0.19419650733470917
0.5492473840713501 0.01628400757908821 0.2914585769176483
0.6365550756454468 0.03126918151974678 0.4037627577781677
0.720617413520813 0.039425916969776154 0.5258405804634094
0.7979224920272827 0.03832347318530083 0.6475797295570374
0.8656047582626343 0.025780631229281425 0.7591283917427063
0.9215794801712036 -5.45378788956441e-05 0.8518933653831482
0.9644265174865723 -0.04083465784788132 0.9185875058174133
0.9932025074958801 -0.0981961339712143 0.9529865980148315
1.0072187185287476 -0.17397762835025787 0.9494813084602356
1.0053362846374512 -0.26905640959739685 0.9028365612030029
0.9795536398887634 -0.36509862542152405 0.8120721578598022
0.9167223572731018 -0.42976635694503784 0.6789205074310303
0.80312180519104 -0.43030354380607605 0.5044110417366028
0.6242116093635559 -0.3329184353351593 0.2888878881931305
0.3642733693122864 -0.1018730103969574 0.032079439610242844
0.006030125543475151 0.30143335461616516 -0.26686760783195496
-0.4697492718696594 0.9194087982177734 -0.6093606352806091
0.6703928709030151 -1.0165276527404785 -0.5656217932701111
0.20444121956825256 -0.5323951840400696 -0.2855048179626465
-0.1272996962070465 -0.20610785484313965 -0.07555384188890457
-0.3507072627544403 -0.009420974180102348 0.07556238025426865
-0.48625448346138 0.08003633469343185 0.17576566338539124
-0.5522238612174988 0.08258000016212463 0.23116175830364227
-0.5670725107192993 0.019404396414756775 0.24731749296188354
-0.5510505437850952 -0.0852864533662796 0.23035694658756256
-0.5266019105911255 -0.20352430641651154 0.1878155767917633
-0.5070130228996277 -0.314813494682312 0.1279442012310028
-0.4909643828868866 -0.4129137396812439 0.058466821908950806
-0.4758322536945343 -0.4939163029193878 -0.013118571601808071
-0.4589129686355591 -0.555173397064209 -0.07997890561819077
-0.4375165104866028 -0.595000684261322 -0.13614752888679504
-0.40895575284957886 -0.6122750639915466 -0.1764426976442337
-0.3704356551170349 -0.6059972047805786 -0.196174755692482
-0.31947454810142517 -0.575240433216095 -0.1916823387145996
-0.2582698166370392 -0.521681010723114 -0.16689938306808472
-0.19141459465026855 -0.4481450319290161 -0.129222571849823
-0.12372144311666489 -0.357392281293869 -0.0860031247138977
-0.060369834303855896 -0.2523892819881439 -0.0448155552148819
-0.006968483794480562 -0.13653722405433655 -0.013592644594609737
0.030498748645186424 -0.013838998973369598 -0.0005898451781831682
0.045873045921325684 0.11101821064949036 -0.014148383401334286
0.036515217274427414 0.2327747642993927 -0.05769290775060654
0.008715526200830936 0.3463168740272522 -0.1224963441491127
-0.029791036620736122 0.44718116521835327 -0.1980273276567459
-0.07145559787750244 0.5315313935279846 -0.2741457521915436
-0.10903023183345795 0.5960043668746948 -0.34121307730674744
-0.13551703095436096 0.6374814510345459 -0.38998308777809143
-0.14396385848522186 0.652795672416687 -0.41129088401794434
-0.12745389342308044 0.6385863423347473 -0.3960687220096588
-0.0851157084107399 0.5950059294700623 -0.34454673528671265
-0.02177538350224495 0.5255638360977173 -0.26571980118751526
0.057348884642124176 0.43394944071769714 -0.16925223171710968
0.14646202325820923 0.32433822751045227 -0.06572135537862778
0.23891079425811768 0.20176029205322266 0.03304722160100937
0.3270643651485443 0.0723658949136734 0.11395083367824554
0.40242791175842285 -0.05648661032319069 0.16299273073673248
0.45704665780067444 -0.17685794830322266 0.16931933164596558
0.48829540610313416 -0.2828720510005951 0.13910771906375885
0.49595165252685547 -0.3701872229576111 0.08454408496618271
0.48044353723526 -0.4354153573513031 0.017973612993955612
0.44256073236465454 -0.4759833514690399 -0.04871878772974014
0.383176326751709 -0.48990514874458313 -0.10442113876342773
0.30299893021583557 -0.4755016267299652 -0.1388264000415802
0.20239262282848358 -0.4311487078666687 -0.1423119455575943
0.08356226980686188 -0.35866740345954895 -0.11152370274066925
-0.04778658226132393 -0.2656022906303406 -0.05281975120306015
-0.18581309914588928 -0.15967518091201782 0.026979316025972366
-0.32478147745132446 -0.048375844955444336 0.12137383967638016
-0.4589534401893616 0.06089053303003311 0.22403812408447266
-0.5825038552284241 0.160685732960701 0.32870250940322876
-0.6894547343254089 0.24344715476036072 0.4290594160556793
-0.774135410785675 0.30203402042388916 0.5190240740776062
-0.836082935333252 0.3356301188468933 0.595925509929657
-0.8779734373092651 0.3472282588481903 0.6591320633888245
-0.9024558067321777 0.3398016095161438 0.7079535126686096
-0.912134051322937 0.3162800669670105 0.7416061162948608
-0.9095931053161621 0.279579758644104 0.759210467338562
-0.8974239230155945 0.2326306849718094 0.7597861289978027
-0.8782472014427185 0.1784036010503769 0.7422469258308411
-0.8539767265319824 0.11963043361902237 0.7062252163887024
-0.824163556098938 0.05819959565997124 0.6539861559867859
-0.7879292964935303 -0.003973138984292746 0.5885280966758728
-0.7444878816604614 -0.06473243236541748 0.5131715536117554
-0.6932055950164795 -0.12169991433620453 0.4316173195838928
-0.6336709260940552 -0.17232881486415863 0.34794774651527405
-0.5657657384872437 -0.21399983763694763 0.2665616571903229
-0.4897766709327698 -0.24421870708465576 0.19198128581047058
-0.4076390862464905 -0.2623797059059143 0.12719616293907166
-0.3225322663784027 -0.2700200080871582 0.07308894395828247
-0.23711472749710083 -0.2689255475997925 0.029924018308520317
-0.15340888500213623 -0.26085785031318665 -0.002386049134656787
-0.07284566760063171 -0.24743807315826416 -0.02409805916249752
0.00364492810331285 -0.23008745908737183 -0.03547196462750435
0.07553417980670929 -0.21000894904136658 -0.036622337996959686
0.14285531640052795 -0.18814298510551453 -0.027366355061531067
0.2073262333869934 -0.16498000919818878 -0.007099300157278776
0.2709274888038635 -0.14097660779953003 0.02509462460875511
0.3352492153644562 -0.11677272617816925 0.07027050852775574
0.40150734782218933 -0.0932369977235794 0.12942463159561157
0.47050032019615173 -0.07149238884449005 0.2032371461391449
0.5425170660018921 -0.052906583994627 0.29175180196762085
0.6172225475311279 -0.039025984704494476 0.3940116763114929
0.6927503943443298 -0.031672898679971695 0.5057315826416016
0.7653205990791321 -0.032978661358356476 0.6178081035614014
0.8314012885093689 -0.044831763952970505 0.7211559414863586
0.8880619406700134 -0.06884962320327759 0.8076570630073547
0.9329544305801392 -0.10647813230752945 0.8702523708343506
0.9642024636268616 -0.15913395583629608 0.9027878046035767
0.980231523513794 -0.22837595641613007 0.8996787667274475
0.9792248010635376 -0.3147223889827728 0.8557487726211548
0.9545121788978577 -0.3998123109340668 0.769730269908905
0.8957943916320801 -0.45154768228530884 0.6429707407951355
0.792508065700531 -0.4376276135444641 0.4764653742313385
0.6338256001472473 -0.3253898024559021 0.27094149589538574
0.4086378216743469 -0.08152521401643753 0.027004066854715347
0.10559239983558655 0.3280141055583954 -0.2547365128993988
-0.2867833971977234 0.9378858804702759 -0.5735245943069458
0.535799503326416 -1.0730926990509033 -0.7394052147865295
0.14858289062976837 -0.6026710867881775 -0.37377238273620605
-0.13377250730991364 -0.28224796056747437 -0.10366528481245041
-0.3307296633720398 -0.08667603880167007 0.08624791353940964
-0.45797768235206604 0.004385386593639851 0.20748794078826904
-0.5297520160675049 0.009862205013632774 0.26982635259628296
-0.5605770349502563 -0.050036799162626266 0.2829574644565582
-0.5664565563201904 -0.15182463824748993 0.25786420702934265
-0.5651028156280518 -0.2680618464946747 0.20765070617198944
-0.5665754675865173 -0.3782680928707123 0.14388905465602875
-0.5689891576766968 -0.47563254833221436 0.0739167258143425
-0.5695888996124268 -0.5556693077087402 0.004436852876096964
-0.5657562613487244 -0.6152231097221375 -0.05858370661735535
-0.555045485496521 -0.6521738767623901 -0.1100521981716156
-0.5351139903068542 -0.665008544921875 -0.14562995731830597
-0.503563404083252 -0.6523429751396179 -0.16142956912517548
-0.45831072330474854 -0.6128938794136047 -0.15451277792453766
-0.4017934203147888 -0.5485192537307739 -0.1291029155254364
-0.33872190117836 -0.46249741315841675 -0.09269360452890396
-0.273976594209671 -0.3580590486526489 -0.052742768079042435
-0.21276672184467316 -0.2386898398399353 -0.016923386603593826
-0.16069760918617249 -0.10837652534246445 0.0067675793543457985
-0.1237209215760231 0.0282208900898695 0.01007569208741188
-0.10793758928775787 0.16569828987121582 -0.015240144915878773
-0.11587122827768326 0.29815027117729187 -0.07214310765266418
-0.1410311609506607 0.42012783885002136 -0.1508127599954605
-0.17551110684871674 0.5269884467124939 -0.239648699760437
-0.21162988245487213 0.6148042678833008 -0.3275891840457916
-0.24202626943588257 0.680165708065033 -0.4042045772075653
-0.25957977771759033 0.7199093103408813 -0.45954445004463196
-0.2571702301502228 0.7307788729667664 -0.48376092314720154
-0.22764632105827332 0.7092570066452026 -0.46709153056144714
-0.17024275660514832 0.6556851863861084 -0.40992480516433716
-0.09027354419231415 0.5741198658943176 -0.32219913601875305
0.006488226819783449 0.46882006525993347 -0.21453940868377686
0.11358838528394699 0.3445907235145569 -0.09856042265892029
0.22356580197811127 0.20719508826732635 0.012718580663204193
0.327799916267395 0.06365469843149185 0.10478512197732925
0.41661569476127625 -0.07764655351638794 0.16198989748954773
0.48092833161354065 -0.20779040455818176 0.1719825714826584
0.5180004239082336 -0.3207944333553314 0.14125896990299225
0.5279104709625244 -0.41250282526016235 0.08308480679988861
0.5114717483520508 -0.4797111451625824 0.011066197417676449
0.4699263870716095 -0.5200303792953491 -0.06152470409870148
0.4046524167060852 -0.5316685438156128 -0.122127003967762
0.316902220249176 -0.5131629705429077 -0.1589844673871994
0.20761805772781372 -0.4631442725658417 -0.16108617186546326
0.07962136715650558 -0.3837936520576477 -0.12470963597297668
-0.06076611950993538 -0.28313425183296204 -0.05744943395256996
-0.2071516364812851 -0.1693487912416458 0.03252178803086281
-0.35333430767059326 -0.05032230168581009 0.13742060959339142
-0.4932001531124115 0.06622476130723953 0.24971887469291687
-0.6206246614456177 0.17261147499084473 0.3620203137397766
-0.7293771505355835 0.2610761821269989 0.4669434130191803
-0.8135676383972168 0.3243129253387451 0.5574419498443604
-0.872814953327179 0.3617194890975952 0.63090980052948
-0.9099893569946289 0.37668535113334656 0.687317967414856
-0.9278676509857178 0.37254613637924194 0.7264918684959412
-0.929159939289093 0.3526085317134857 0.7481058835983276
-0.9165759086608887 0.3202207684516907 0.7517194747924805
-0.8928781747817993 0.27882903814315796 0.7368141412734985
-0.860925555229187 0.23202072083950043 0.7028346657752991
-0.8229309916496277 0.18287429213523865 0.650104284286499
-0.7787654995918274 0.13247279822826385 0.581850528717041
-0.7279198169708252 0.08161129057407379 0.502166211605072
-0.6700302362442017 0.031220488250255585 0.41551148891448975
-0.6049269437789917 -0.01764483004808426 0.32670044898986816
-0.5326797962188721 -0.06383208185434341 0.2408262938261032
-0.45363858342170715 -0.10613317787647247 0.16312140226364136
-0.36850205063819885 -0.14335164427757263 0.09866194427013397
-0.2794950306415558 -0.17463107407093048 0.04964632913470268
-0.18993422389030457 -0.1996496170759201 0.01492990367114544
-0.10252482444047928 -0.21835601329803467 -0.007136199157685041
-0.019299667328596115 -0.2308497428894043 -0.01831952854990959
0.058288995176553726 -0.237280011177063 -0.020330946892499924
0.12923716008663177 -0.23775580525398254 -0.014710649847984314
0.1928497850894928 -0.2322639673948288 -0.0027625435031950474
0.2489437758922577 -0.2207617461681366 0.014678692445158958
0.2994484305381775 -0.2041115015745163 0.038282908499240875
0.3467787206172943 -0.18356366455554962 0.06934485584497452
0.39305222034454346 -0.160466730594635 0.10921966284513474
0.4401726722717285 -0.1363762766122818 0.1592239886522293
0.48984411358833313 -0.11312834173440933 0.220481276512146
0.5435172319412231 -0.09286091476678848 0.29370352625846863
0.6022664308547974 -0.07795630395412445 0.3789103031158447
0.665338397026062 -0.07068188488483429 0.47316834330558777
0.7290118336677551 -0.07273057848215103 0.5688716173171997
0.7894309163093567 -0.0854748785495758 0.6581636071205139
0.8431150317192078 -0.1100589856505394 0.7337987422943115
0.8870137929916382 -0.14748615026474 0.7892645597457886
0.9184749126434326 -0.19873292744159698 0.8187244534492493
0.9351404905319214 -0.26488012075424194 0.8168139457702637
0.9346063733100891 -0.34591272473335266 0.7785808444023132
0.9118108749389648 -0.4232611060142517 0.7025171518325806
0.8597331643104553 -0.4648403525352478 0.5895882248878479
0.7714009284973145 -0.43861818313598633 0.4408382773399353
0.6400964260101318 -0.3130722641944885 0.2575572729110718
0.45959651470184326 -0.05770523473620415 0.04149014502763748
0.2244744896888733 0.35609540343284607 -0.2049883008003235
-0.06953835487365723 0.9538840055465698 -0.47872501611709595
0.3639329969882965 -1.1275749206542969 -0.8673037886619568
0.08911094814538956 -0.6611128449440002 -0.4400830864906311
-0.11831352114677429 -0.3407630920410156 -0.128484845161438
-0.27115654945373535 -0.14275632798671722 0.0864432230591774
-0.3797236979007721 -0.0478421114385128 0.21948249638080597
-0.4532654881477356 -0.038000475615262985 0.28376275300979614
-0.5010554790496826 -0.0937691256403923 0.29279986023902893
-0.5331083536148071 -0.19222646951675415 0.26208946108818054
-0.5602753162384033 -0.3062816560268402 0.2098589986562729
-0.5879537463188171 -0.41533607244491577 0.15034744143486023
-0.6135458946228027 -0.5120126008987427 0.08965360373258591
-0.6341915726661682 -0.5912656188011169 0.032813865691423416
-0.6474528908729553 -0.6494587659835815 -0.01587311178445816
-0.6512770652770996 -0.6840738654136658 -0.05287693068385124
-0.6438515782356262 -0.6932587623596191 -0.07527235895395279
-0.623390257358551 -0.6753091812133789 -0.08044936507940292
-0.588409960269928 -0.6286635994911194 -0.06654825806617737
-0.5414573550224304 -0.5554347634315491 -0.0378965400159359
-0.48703935742378235 -0.45940646529197693 -0.0016792635433375835
-0.42974692583084106 -0.34430932998657227 0.034920573234558105
-0.37441912293434143 -0.21414045989513397 0.06451073288917542
-0.3262235224246979 -0.07341910898685455 0.07941419631242752
-0.2906293272972107 0.07264285534620285 0.07175906002521515
-0.2732497751712799 0.21808044612407684 0.033759258687496185
-0.2763969898223877 0.35657742619514465 -0.03695536032319069
-0.2940179705619812 0.4826592803001404 -0.12979257106781006
-0.31875357031822205 0.5917303562164307 -0.23242861032485962
-0.34343597292900085 0.6799041032791138 -0.3331499397754669
-0.3611520528793335 0.7437911033630371 -0.42092907428741455
-0.36515137553215027 0.7802155613899231 -0.48525094985961914
-0.3486066162586212 0.7858677506446838 -0.5157142281532288
-0.3045963644981384 0.7571460008621216 -0.5020239949226379
-0.23256975412368774 0.6946055293083191 -0.4446869194507599
-0.13811247050762177 0.602824866771698 -0.3543289303779602
-0.027331776916980743 0.4866201877593994 -0.24224092066287994
0.09293052554130554 0.3513806462287903 -0.12068185955286026
0.2147778570652008 0.20348218083381653 -0.0033216015435755253
0.32910585403442383 0.05058345943689346 0.09462708234786987
0.425698846578598 -0.09827238321304321 0.15670336782932281
0.49497947096824646 -0.2336185723543167 0.16974730789661407
0.5342596173286438 -0.34955719113349915 0.14023829996585846
0.5438331961631775 -0.44214028120040894 0.08176984637975693
0.5247385501861572 -0.5082827806472778 0.008429691195487976
0.47848451137542725 -0.5456575155258179 -0.06584589183330536
0.4067826271057129 -0.5525187253952026 -0.12767858803272247
0.31130537390708923 -0.5274814963340759 -0.16441118717193604
0.19351640343666077 -0.46933242678642273 -0.16415153443813324
0.05688821151852608 -0.3806777894496918 -0.12300924211740494
-0.09156730771064758 -0.27027931809425354 -0.049516770988702774
-0.2448793351650238 -0.1470220535993576 0.04712861403822899
-0.3964208960533142 -0.01936989836394787 0.15820948779582977
-0.5398082733154297 0.10452240705490112 0.2753946781158447
-0.6687804460525513 0.21667064726352692 0.3906184434890747
-0.777056872844696 0.3090938329696655 0.49593302607536316
-0.8587371110916138 0.3743339776992798 0.5838320255279541
-0.9136104583740234 0.4122101962566376 0.6518849730491638
-0.9447277784347534 0.4268051087856293 0.7005100250244141
-0.9549492597579956 0.42209404706954956 0.7298654317855835
-0.9470424056053162 0.4020426869392395 0.7398948073387146
-0.9238061904907227 0.37073561549186707 0.7304175496101379
-0.8881732821464539 0.3324702978134155 0.7012251615524292
-0.8432878255844116 0.2918122112751007 0.6521844267845154
-0.7917253375053406 0.25239914655685425 0.5842984914779663
-0.733642578125 0.2142019271850586 0.5019115209579468
-0.6688247919082642 0.17646709084510803 0.4103702902793884
-0.5972298979759216 0.13847438991069794 0.31538116931915283
-0.5190172791481018 0.09955380111932755 0.22290636599063873
-0.43456968665122986 0.0591064915060997 0.13900651037693024
-0.3445035219192505 0.01662706397473812 0.06963618099689484
-0.249715656042099 -0.028221411630511284 0.020266659557819366
-0.15268686413764954 -0.07419440895318985 -0.007977449335157871
-0.05704396218061447 -0.11863700300455093 -0.01861242763698101
0.03428422659635544 -0.15924133360385895 -0.015456943772733212
0.11909037083387375 -0.1940903514623642 -0.0021448652260005474
0.1957528293132782 -0.22155487537384033 0.018016641959547997
0.2630617022514343 -0.2401515394449234 0.04208485782146454
0.32003772258758545 -0.24837462604045868 0.06744341552257538
0.3661869168281555 -0.2449703812599182 0.09212826192378998
0.40363651514053345 -0.2313547283411026 0.11692776530981064
0.4352264404296875 -0.20990918576717377 0.14361818134784698
0.4635535478591919 -0.1830318719148636 0.17394128441810608
0.49111858010292053 -0.15332919359207153 0.20961546897888184
0.5204019546508789 -0.12375051528215408 0.25229451060295105
0.5538618564605713 -0.09764960408210754 0.30346378684043884
0.5938370227813721 -0.07873587310314178 0.3642614185810089
0.640712559223175 -0.07006017863750458 0.43336963653564453
0.6911644339561462 -0.07281892001628876 0.5051305294036865
0.741423487663269 -0.0877281203866005 0.5734159350395203
0.7878621816635132 -0.11528860777616501 0.632354199886322
0.82708740234375 -0.15587177872657776 0.6764541864395142
0.8559669256210327 -0.20981737971305847 0.7006227970123291
0.8715952038764954 -0.27753540873527527 0.7000843286514282
0.8711755871772766 -0.3582926094532013 0.6704226136207581
0.8514716625213623 -0.4330196678638458 0.6100600957870483
0.8089815974235535 -0.4692213535308838 0.5196437835693359
0.7404995560646057 -0.43474048376083374 0.40029609203338623
0.643404483795166 -0.2990138530731201 0.2538418173789978
0.5159721970558167 -0.03456035256385803 0.08302484452724457
0.3576740622520447 0.38116997480392456 -0.10837515443563461
0.16941715776920319 0.9638472199440002 -0.31554391980171204
0.1497669816017151 -1.1795302629470825 -0.9360383152961731
0.025247378274798393 -0.7023866176605225 -0.47760453820228577
-0.07899203151464462 -0.37291815876960754 -0.14879806339740753
-0.16806219518184662 -0.16673557460308075 0.07301117479801178
-0.24591828882694244 -0.06450687348842621 0.20570838451385498
-0.31577569246292114 -0.048436470329761505 0.2654803693294525
-0.3803423047065735 -0.09939035028219223 0.26922789216041565
-0.4419081211090088 -0.19468021392822266 0.23636186122894287
-0.5022644400596619 -0.3071844279766083 0.18942919373512268
-0.5606297850608826 -0.4159151017665863 0.14435668289661407
-0.6135473847389221 -0.5129072666168213 0.10495848953723907
-0.6580880880355835 -0.5925575494766235 0.07354803383350372
-0.6921062469482422 -0.6507644653320312 0.051799241453409195
-0.7141065001487732 -0.6846461296081543 0.04088190197944641
-0.7230091094970703 -0.69206702709198 0.04167412221431732
-0.7178716063499451 -0.6710796356201172 0.05500765144824982
-0.698026180267334 -0.6199432611465454 0.08131477981805801
-0.6659672260284424 -0.5411015748977661 0.11641959100961685
-0.6256336569786072 -0.4388800859451294 0.15393684804439545
-0.5809329748153687 -0.3175058662891388 0.18741275370121002
-0.535903811454773 -0.18143177032470703 0.21017223596572876
-0.4948104918003082 -0.03559161350131035 0.21528171002864838
-0.4621548652648926 0.11443133652210236 0.19564950466156006
-0.44258955121040344 0.2623452842235565 0.14428886771202087
-0.43807777762413025 0.4017126262187958 0.05949653312563896
-0.4436327815055847 0.5273319482803345 -0.04778698831796646
-0.4531579315662384 0.6348327994346619 -0.1649259477853775
-0.4606502652168274 0.7204360961914062 -0.27984026074409485
-0.460226446390152 0.7807641625404358 -0.3810683488845825
-0.44603586196899414 0.812589168548584 -0.45760825276374817
-0.41206368803977966 0.8125238418579102 -0.49855661392211914
-0.35216423869132996 0.7769203186035156 -0.4931763708591461
-0.2661745250225067 0.7065902948379517 -0.44200924038887024
-0.15976305305957794 0.6066654920578003 -0.3561056852340698
-0.03916413336992264 0.4825647175312042 -0.2471407651901245
0.08867224305868149 0.34026622772216797 -0.12763388454914093
0.21582287549972534 0.18666572868824005 -0.011353544890880585
0.33327606320381165 0.029824113473296165 0.08654189109802246
0.4310237765312195 -0.12095797061920166 0.14971491694450378
0.4997580945491791 -0.2561574876308441 0.16500669717788696
0.5370408296585083 -0.37018659710884094 0.1385657787322998
0.5432917475700378 -0.4593432545661926 0.08351162821054459
0.5195976495742798 -0.5206073522567749 0.013543181121349335
0.46752163767814636 -0.5515947341918945 -0.05759125575423241
0.38890892267227173 -0.5504615902900696 -0.11648081988096237
0.2857026159763336 -0.5157689452171326 -0.15028178691864014
0.15981870889663696 -0.4463828504085541 -0.14689864218235016
0.015413404442369938 -0.3454526960849762 -0.10253855586051941
-0.13974685966968536 -0.2228032797574997 -0.026253776624798775
-0.2981182932853699 -0.08829862624406815 0.07220814377069473
-0.4527379870414734 0.04883352667093277 0.183699831366539
-0.5971201658248901 0.1799108237028122 0.2996404469013214
-0.7250967621803284 0.2966253161430359 0.4119017720222473
-0.8306042551994324 0.39079901576042175 0.5126225352287292
-0.9079937934875488 0.4548652768135071 0.5944687128067017
-0.957304060459137 0.4892764091491699 0.6552936434745789
-0.9817035794258118 0.4990963935852051 0.6957314014434814
-0.9840443730354309 0.48921823501586914 0.7160199284553528
-0.9670506715774536 0.46456900238990784 0.7161086797714233
-0.9335219264030457 0.43032047152519226 0.6958158612251282
-0.8865062594413757 0.39202961325645447 0.6549974679946899
-0.8294305801391602 0.355692982673645 0.5937317609786987
-0.7652633786201477 0.32578712701797485 0.5136027932167053
-0.6944051384925842 0.3008355498313904 0.4201965928077698
-0.6168556213378906 0.2780429720878601 0.3202502429485321
-0.5327839255332947 0.25454407930374146 0.22079145908355713
-0.442536324262619 0.2274911105632782 0.12892766296863556
-0.346634179353714 0.19414980709552765 0.051607612520456314
-0.24576233327388763 0.15199756622314453 -0.004626972135156393
-0.140811488032341 0.09894482046365738 -0.03406795486807823
-0.03450183570384979 0.03678973764181137 -0.03690844774246216
0.0690404623746872 -0.02898338809609413 -0.019314130768179893
0.1664733737707138 -0.09338176250457764 0.012534910812973976
0.25524333119392395 -0.15211603045463562 0.05300813168287277
0.33340832591056824 -0.20147310197353363 0.09710559993982315
0.39942386746406555 -0.23810040950775146 0.1403977870941162
0.45191776752471924 -0.2587295472621918 0.17886799573898315
0.49000683426856995 -0.260682076215744 0.2093477100133896
0.5160077810287476 -0.2461344301700592 0.23282448947429657
0.533172070980072 -0.21895666420459747 0.25168341398239136
0.5445168614387512 -0.18294461071491241 0.2681591510772705
0.5530267953872681 -0.14210708439350128 0.2844569683074951
0.5617854595184326 -0.1008751317858696 0.3028225600719452
0.5740325450897217 -0.06421692669391632 0.32555294036865234
0.5931196212768555 -0.03761405125260353 0.35492944717407227
0.6204873919487 -0.02524375356733799 0.3913586139678955
0.6535072326660156 -0.02784339152276516 0.4314558804035187
0.6889166831970215 -0.045456137508153915 0.4712687134742737
0.7234067916870117 -0.07789444178342819 0.5068389177322388
0.753709077835083 -0.12481767684221268 0.5342907905578613
0.7766488194465637 -0.1858140081167221 0.549878716468811
0.7891621589660645 -0.26048070192337036 0.5499906539916992
0.7883911728858948 -0.3471972346305847 0.5312559008598328
0.7731204628944397 -0.42602765560150146 0.49241864681243896
0.7434544563293457 -0.4634723961353302 0.43401992321014404
0.6998863816261292 -0.42664504051208496 0.35723432898521423
0.6434640288352966 -0.28555142879486084 0.26407334208488464
0.5759163498878479 -0.01573728211224079 0.15751256048679352
0.4996705651283264 0.3989250361919403 0.04145244136452675
0.41774341464042664 0.9639928936958313 -0.0794997587800026
-0.09574918448925018 -1.2200838327407837 -0.9352793097496033
-0.04451889917254448 -0.719712495803833 -0.48130136728286743
-0.027166767045855522 -0.37337005138397217 -0.16254477202892303
-0.039453476667404175 -0.15437525510787964 0.0467098243534565
-0.07797821611166 -0.04226617142558098 0.16680893301963806
-0.13922131061553955 -0.01878242753446102 0.21627669036388397
-0.21866320073604584 -0.06462769955396652 0.21453140676021576
-0.3100181519985199 -0.15693922340869904 0.183796688914299
-0.4048423171043396 -0.2681606113910675 0.1495279222726822
-0.4953015148639679 -0.37673676013946533 0.12802979350090027
-0.5769667029380798 -0.4742792546749115 0.11994662135839462
-0.6468285918235779 -0.554804265499115 0.12403642386198044
-0.703062891960144 -0.6139074563980103 0.1386292725801468
-0.7447924017906189 -0.648495078086853 0.16197362542152405
-0.7717524170875549 -0.6562981605529785 0.19249339401721954
-0.783942461013794 -0.6352911591529846 0.22895172238349915
-0.7815988063812256 -0.583725094795227 0.2701890766620636
-0.7670451998710632 -0.504349410533905 0.312520831823349
-0.7434386610984802 -0.401892751455307 0.3508988320827484
-0.7137889862060547 -0.2809068560600281 0.3801013231277466
-0.6811113357543945 -0.14607903361320496 0.3946518301963806
-0.6485292315483093 -0.002476992318406701 0.3888200521469116
-0.619323194026947 0.14428529143333435 0.35672158002853394
-0.5969167351722717 0.28797802329063416 0.29253774881362915
-0.5828163027763367 0.4224053621292114 0.19528257846832275
-0.5734198689460754 0.5428310036659241 0.07567557692527771
-0.5642743110656738 0.6451772451400757 -0.05390705540776253
-0.5509186387062073 0.7257552146911621 -0.18145665526390076
-0.5288783311843872 0.7811290621757507 -0.2953796684741974
-0.4935990273952484 0.8079354763031006 -0.38438498973846436
-0.44031432271003723 0.8026547431945801 -0.43721434473991394
-0.3641466200351715 0.7616097927093506 -0.44284942746162415
-0.26552924513816833 0.6859070658683777 -0.40179261565208435
-0.15010543167591095 0.5812557935714722 -0.3252396583557129
-0.024073081091046333 0.45369774103164673 -0.22498191893100739
0.10576155036687851 0.30976226925849915 -0.1134699359536171
0.23182424902915955 0.15671980381011963 -0.004115274641662836
0.3457140028476715 0.002748057944700122 0.08859486877918243
0.43828561902046204 -0.14303208887577057 0.14922350645065308
0.5011618137359619 -0.27155396342277527 0.16532813012599945
0.5323452353477478 -0.37780019640922546 0.14255373179912567
0.5323435068130493 -0.4584217965602875 0.09297720342874527
0.5021881461143494 -0.510504961013794 0.029250647872686386
0.44335949420928955 -0.5316033959388733 -0.03575894236564636
0.357700377702713 -0.5197470784187317 -0.08929535746574402
0.24732185900211334 -0.47342485189437866 -0.11898904293775558
0.11454567313194275 -0.3916102647781372 -0.11317386478185654
-0.03580831363797188 -0.27807536721229553 -0.06836339831352234
-0.1953010857105255 -0.14376422762870789 0.00635436549782753
-0.35595962405204773 0.0004922625375911593 0.10122572630643845
-0.5106841921806335 0.14479389786720276 0.20721939206123352
-0.6531260013580322 0.2800878882408142 0.3160535991191864
-0.7774704694747925 0.3979412317276001 0.4200861155986786
-0.878139317035675 0.49019044637680054 0.5120902061462402
-0.9499831795692444 0.5493509769439697 0.58541339635849
-0.9933261275291443 0.5766035318374634 0.6382247805595398
-1.0113608837127686 0.5780308246612549 0.6711326241493225
-1.0068328380584717 0.5594924092292786 0.6842243671417236
-0.9823201298713684 0.526962161064148 0.6772276163101196
-0.940521776676178 0.48683786392211914 0.6497246623039246
-0.8845080733299255 0.44613030552864075 0.6013899445533752
-0.8179184794425964 0.4124981164932251 0.5322615504264832
-0.7440541386604309 0.39139699935913086 0.44429922103881836
-0.6634498238563538 0.379730761051178 0.3442598581314087
-0.5761768221855164 0.37238913774490356 0.24020087718963623
-0.48245036602020264 0.364093154668808 0.14036017656326294
-0.3826194703578949 0.3495995104312897 0.052838269621133804
-0.27714967727661133 0.32389768958091736 -0.01470415573567152
-0.16660058498382568 0.2823852002620697 -0.05530957505106926
-0.05168140307068825 0.22121809422969818 -0.06316464394330978
0.06462977826595306 0.142862468957901 -0.039802372455596924
0.17748843133449554 0.055809516459703445 0.006049351766705513
0.2829212248325348 -0.03213639557361603 0.06596668064594269
0.3778304159641266 -0.11422231793403625 0.1324402540922165
0.4597814083099365 -0.18457908928394318 0.19888079166412354
0.5267483592033386 -0.23792192339897156 0.259457528591156
0.5768467783927917 -0.26916205883026123 0.3088253438472748
0.6087210178375244 -0.2741648554801941 0.3426817059516907
0.6248887777328491 -0.2559684216976166 0.3623047173023224
0.6290337443351746 -0.22007273137569427 0.3707919120788574
0.6245743632316589 -0.17179137468338013 0.3709658086299896
0.6149086952209473 -0.1166309118270874 0.36558637022972107
0.6035939455032349 -0.060574308037757874 0.3575097620487213
0.5944572687149048 -0.010260439477860928 0.34979256987571716
0.5916133522987366 0.02698908932507038 0.3457223176956177
0.5973958373069763 0.04577092081308365 0.3472224473953247
0.6099895238876343 0.0456874780356884 0.35301026701927185
0.6268856525421143 0.027226345613598824 0.361281156539917
0.6454309225082397 -0.008874853141605854 0.37013113498687744
0.6628819704055786 -0.06167330965399742 0.3775949478149414
0.6764536499977112 -0.13007017970085144 0.3816792666912079
0.6833561658859253 -0.21286055445671082 0.3803880512714386
0.6810749769210815 -0.30751365423202515 0.3718598783016205
0.6707032918930054 -0.39341747760772705 0.35596442222595215
0.6561110019683838 -0.4363836944103241 0.3340024948120117
0.6413840055465698 -0.40305837988853455 0.3076048791408539
0.6305838823318481 -0.2642308175563812 0.2787153720855713
0.6274166703224182 0.0014666192000731826 0.2495003342628479
0.6348257660865784 0.4041953980922699 0.2221595197916031
0.654630184173584 0.9410246014595032 0.1986810564994812
-0.3514760732650757 -1.2341495752334595 -0.8558539152145386
-0.12292342633008957 -0.7051853537559509 -0.44717076420783997
0.01685011386871338 -0.33909928798675537 -0.16718009114265442
0.08255454152822495 -0.10610362887382507 0.01075934898108244
0.08538629859685898 0.01603151299059391 0.10779642313718796
0.0356186218559742 0.04658612981438637 0.14333082735538483
-0.05524464696645737 0.005519860424101353 0.13776691257953644
-0.1727214902639389 -0.0836935043334961 0.11431556940078735
-0.2985365092754364 -0.19272685050964355 0.09910587966442108
-0.4180373251438141 -0.2995264232158661 0.10716220736503601
-0.5258300304412842 -0.39579400420188904 0.13551439344882965
-0.6187765598297119 -0.4756735861301422 0.17909374833106995
-0.695292055606842 -0.5348947644233704 0.23272065818309784
-0.755013108253479 -0.570515513420105 0.2916533350944519
-0.7983713746070862 -0.5804470777511597 0.35186290740966797
-0.8261809349060059 -0.5628871321678162 0.4100816249847412
-0.8394566178321838 -0.5163483023643494 0.4636400640010834
-0.8403266072273254 -0.4436822235584259 0.5097354650497437
-0.8312124013900757 -0.3495927155017853 0.5451810359954834
-0.8143011927604675 -0.2385290414094925 0.5664952993392944
-0.7916821837425232 -0.11496290564537048 0.5698968172073364
-0.7654489278793335 0.016392942517995834 0.5513437986373901
-0.7377682328224182 0.15042921900749207 0.5066264271736145
-0.7109140753746033 0.2815559208393097 0.4315333664417267
-0.6859455108642578 0.4042736291885376 0.3259028196334839
-0.6605697870254517 0.5143675208091736 0.19958780705928802
-0.6319116353988647 0.6080107092857361 0.06399575620889664
-0.5970379710197449 0.6815328001976013 -0.06956581026315689
-0.5529438257217407 0.7313536405563354 -0.18991272151470184
-0.49651283025741577 0.7538910508155823 -0.2859257757663727
-0.4244528114795685 0.745438814163208 -0.34640634059906006
-0.3334540128707886 0.7022956013679504 -0.36045563220977783
-0.22471767663955688 0.6258467435836792 -0.3285771906375885
-0.1038273498415947 0.5223011374473572 -0.261849582195282
0.023179247975349426 0.3982139825820923 -0.17194341123104095
0.14985348284244537 0.260486900806427 -0.07098577916622162
0.2692701816558838 0.11649629473686218 0.028277333825826645
0.37401264905929565 -0.025829000398516655 0.11241589486598969
0.4562273919582367 -0.1580009013414383 0.16737116873264313
0.508876621723175 -0.2718832194805145 0.18189220130443573
0.5305448770523071 -0.36331191658973694 0.16114124655723572
0.5218642354011536 -0.42950448393821716 0.11596927046775818
0.4838249683380127 -0.467863529920578 0.05772489681839943
0.41781771183013916 -0.47608140110969543 -0.0019326898036524653
0.32566046714782715 -0.45224902033805847 -0.05127595365047455
0.2096022069454193 -0.3949573338031769 -0.07879821956157684
0.0723394826054573 -0.3034481704235077 -0.07362767308950424
-0.08078441023826599 -0.18202032148838043 -0.032610949128866196
-0.24098144471645355 -0.042215198278427124 0.03561072424054146
-0.400180846452713 0.10473351925611496 0.12178143858909607
-0.5514498949050903 0.24879486858844757 0.21743516623973846
-0.6888407468795776 0.3810459077358246 0.3149701654911041
-0.8071128129959106 0.4933796525001526 0.40754419565200806
-0.9013623595237732 0.5780555605888367 0.4888322055339813
-0.9671054482460022 0.6280181407928467 0.5530889630317688
-1.0049428939819336 0.6450937986373901 0.5987326502799988
-1.0180174112319946 0.6360844373703003 0.6261578798294067
-1.0089291334152222 0.6075534224510193 0.6351662874221802
-0.9800787568092346 0.5662802457809448 0.6251475811004639
-0.9340131878852844 0.5196512937545776 0.5953143239021301
-0.8737321496009827 0.47588738799095154 0.5449793338775635
-0.8029395341873169 0.44404685497283936 0.47388482093811035
-0.7250593900680542 0.43038538098335266 0.38402023911476135
-0.6405014991760254 0.43034079670906067 0.282905250787735
-0.5491325259208679 0.43670251965522766 0.17950043082237244
-0.4509388208389282 0.4420009255409241 0.08286270499229431
-0.34601515531539917 0.43884024024009705 0.0017506357980892062
-0.2345472276210785 0.42019757628440857 -0.05571615323424339
-0.11678995192050934 0.379665344953537 -0.08231889456510544
0.006850116420537233 0.3119005858898163 -0.07217957824468613
0.1330610066652298 0.21996931731700897 -0.027836022898554802
0.2560183107852936 0.11497616767883301 0.04005764052271843
0.37085258960723877 0.007166678551584482 0.12139161676168442
0.47367826104164124 -0.09456334263086319 0.20723626017570496
0.5613537430763245 -0.18246561288833618 0.28978660702705383
0.6311891078948975 -0.24957090616226196 0.3621245324611664
0.6806326508522034 -0.289211243391037 0.41786184906959534
0.7077478766441345 -0.2960017919540405 0.4518160820007324
0.7152796387672424 -0.2737232744693756 0.46559640765190125
0.707405149936676 -0.22926950454711914 0.4630034565925598
0.6879820823669434 -0.1692306101322174 0.4474622905254364
0.6608281135559082 -0.100336953997612 0.4222921133041382
0.6299371123313904 -0.02980179898440838 0.3909216821193695
0.599636435508728 0.0344393216073513 0.35705241560935974
0.5746593475341797 0.08363783359527588 0.3247545063495636
0.5580739378929138 0.11141853779554367 0.29701128602027893
0.5488090515136719 0.11760346591472626 0.27392736077308655
0.5451297163963318 0.10300909727811813 0.2551940083503723
0.5451518297195435 0.06870168447494507 0.24044667184352875
0.546862781047821 0.01600492000579834 0.22926558554172516
0.548147439956665 -0.05349915474653244 0.22117820382118225
0.5468209981918335 -0.13797710835933685 0.2156635820865631
0.5410603284835815 -0.23420104384422302 0.2123350203037262
0.534612774848938 -0.3221733868122101 0.21326220035552979
0.5353773832321167 -0.36922895908355713 0.22226561605930328
0.5510079860687256 -0.34367573261260986 0.24282178282737732
0.5880430340766907 -0.21855179965496063 0.27756375074386597
0.6509911417961121 0.024357205256819725 0.3278149962425232
0.7415799498558044 0.39126119017601013 0.3932833671569824
0.8584633469581604 0.8751482963562012 0.47205105423927307
-0.5981931686401367 -1.2055881023406982 -0.6853651404380798
-0.21398316323757172 -0.6498479843139648 -0.36982226371765137
0.03307057172060013 -0.265924334526062 -0.1600441187620163
0.16754481196403503 -0.021120065823197365 -0.0323195680975914
0.20784243941307068 0.10874401777982712 0.03257366642355919
0.17030905187129974 0.14439207315444946 0.05264381319284439
0.07251842319965363 0.10699108242988586 0.0469900444149971
-0.06413577497005463 0.021145055070519447 0.037141527980566025
-0.21325837075710297 -0.08371798694133759 0.04673164710402489
-0.3546428382396698 -0.18533030152320862 0.08745855838060379
-0.48212748765945435 -0.2763668894767761 0.1527707427740097
-0.5924219489097595 -0.35196617245674133 0.2341172993183136
-0.6840307712554932 -0.4087337255477905 0.32322958111763
-0.756862223148346 -0.4444846510887146 0.412794291973114
-0.8117452263832092 -0.4578112065792084 0.4966977536678314
-0.8499712347984314 -0.44758933782577515 0.5699384808540344
-0.8730135560035706 -0.41297006607055664 0.6285866498947144
-0.8828647136688232 -0.35650575160980225 0.6711225509643555
-0.8814882040023804 -0.2821401357650757 0.696713387966156
-0.8705626726150513 -0.1935320496559143 0.7041147947311401
-0.85160231590271 -0.09426364302635193 0.6917400360107422
-0.8260514736175537 0.011990205384790897 0.657739520072937
-0.7953577637672424 0.12133454531431198 0.6000926494598389
-0.7610267400741577 0.22956815361976624 0.516727089881897
-0.7238283157348633 0.3324379026889801 0.40852782130241394
-0.682465672492981 0.4262164831161499 0.28387582302093506
-0.6352830529212952 0.5072306394577026 0.15247175097465515
-0.5805880427360535 0.5717569589614868 0.024179046973586082
-0.5166488885879517 0.6160141825675964 -0.09097383916378021
-0.44169044494628906 0.6361554265022278 -0.1827865093946457
-0.35388702154159546 0.628255307674408 -0.24087131023406982
-0.2515500485897064 0.5885710120201111 -0.2551935315132141
-0.1367063671350479 0.5186351537704468 -0.2265159636735916
-0.014850698411464691 0.4248825013637543 -0.16561326384544373
0.1082683876156807 0.3140570819377899 -0.08383792638778687
0.22676020860671997 0.1930563598871231 0.007209169212728739
0.3345852494239807 0.06894327700138092 0.09565926343202591
0.4255490303039551 -0.05104149505496025 0.16936053335666656
0.4933031499385834 -0.15947549045085907 0.2158733755350113
0.5323173999786377 -0.24953939020633698 0.22540104389190674
0.541841447353363 -0.3181924521923065 0.20279642939567566
0.5227169990539551 -0.363515704870224 0.15782281756401062
0.4759945571422577 -0.38359084725379944 0.10062547773122787
0.40306752920150757 -0.37664929032325745 0.04169202223420143
0.3057877719402313 -0.3412407636642456 -0.008302015252411366
0.18655022978782654 -0.27640822529792786 -0.0387616828083992
0.048365652561187744 -0.18191081285476685 -0.039627909660339355
-0.10318836569786072 -0.06223223730921745 -0.007894359529018402
-0.259517639875412 0.0716317817568779 0.048669636249542236
-0.4129241406917572 0.20914864540100098 0.12169092148542404
-0.5569904446601868 0.34108707308769226 0.20354899764060974
-0.6863991618156433 0.45940202474594116 0.2874879240989685
-0.796621561050415 0.5569073557853699 0.3675350248813629
-0.8835148215293884 0.6267878413200378 0.4382762312889099
-0.9433352947235107 0.6628456711769104 0.49486085772514343
-0.9769301414489746 0.6673294901847839 0.5358290076255798
-0.987363338470459 0.6472201347351074 0.5612323880195618
-0.9771281480789185 0.6092976331710815 0.570530116558075
-0.9485031366348267 0.5606393218040466 0.5627444386482239
-0.9038993716239929 0.5090360641479492 0.5366681218147278
-0.8461724519729614 0.463225781917572 0.4911252558231354
-0.7788791656494141 0.43287336826324463 0.4253011643886566
-0.705208957195282 0.4245060682296753 0.34073418378829956
-0.6250410676002502 0.43259525299072266 0.24497956037521362
-0.5376323461532593 0.4485907554626465 0.14716355502605438
-0.44235995411872864 0.4635999798774719 0.056528571993112564
-0.33873477578163147 0.46879449486732483 -0.017977789044380188
-0.22640354931354523 0.45577406883239746 -0.06805615872144699
-0.10514194518327713 0.4168596863746643 -0.0863233283162117
0.025026975199580193 0.3456212282180786 -0.06676942110061646
0.16034074127674103 0.24541184306144714 -0.012264893390238285
0.2937006652355194 0.1289920061826706 0.06574556231498718
0.4190276563167572 0.008216307498514652 0.15641558170318604
0.5313495993614197 -0.10656245052814484 0.2501518726348877
0.6265487670898438 -0.2062908113002777 0.33854246139526367
0.7010348439216614 -0.28281885385513306 0.41409388184547424
0.7513848543167114 -0.32837820053100586 0.4698435962200165
0.7749254107475281 -0.33671048283576965 0.5001270174980164
0.7746475338935852 -0.31197988986968994 0.5068266987800598
0.7553035616874695 -0.26187455654144287 0.4942767918109894
0.7212662696838379 -0.19369161128997803 0.4663959741592407
0.6768407821655273 -0.11480724066495895 0.4269823133945465
0.6265126466751099 -0.03304767981171608 0.3799503445625305
0.5751412510871887 0.043034400790929794 0.3295200765132904
0.5280758738517761 0.10401830822229385 0.28034186363220215
0.4890426695346832 0.14308404922485352 0.23593507707118988
0.45756882429122925 0.16020287573337555 0.19674915075302124
0.43258053064346313 0.1563584804534912 0.16285623610019684
0.4129139482975006 0.13276226818561554 0.13432952761650085
0.39730939269065857 0.09090841561555862 0.11122734099626541
0.38441553711891174 0.03261923789978027 0.0935761108994484
0.37280216813087463 -0.03992475941777229 0.08135247975587845
0.36151960492134094 -0.12325384467840195 0.07482713460922241
0.3571373224258423 -0.20039482414722443 0.07928023487329483
0.37164366245269775 -0.24432016909122467 0.10346128046512604
0.41617879271507263 -0.22899998724460602 0.1551744043827057
0.4996193051338196 -0.1324448585510254 0.24016742408275604
0.6272549033164978 0.060200173407793045 0.3611578941345215
0.799876868724823 0.354265421628952 0.5172566175460815
1.0136395692825317 0.7447590231895447 0.7040390968322754
-0.8175995945930481 -1.115415096282959 -0.40530136227607727
-0.3236702084541321 -0.5418171882629395 -0.2406463623046875
1.6183118987100897e-06 -0.1466144174337387 -0.13776524364948273
0.18440298736095428 0.10441314429044724 -0.08100937306880951
0.25302088260650635 0.23709701001644135 -0.05680771544575691
0.22673001885414124 0.2739480435848236 -0.05175035819411278
0.12761858105659485 0.2380039244890213 -0.05134984105825424
-0.018079806119203568 0.15568284690380096 -0.039558302611112595
-0.17874053120613098 0.057923827320337296 0.00043403718154877424
-0.33083441853523254 -0.03325551748275757 0.07450531423091888
-0.4678192436695099 -0.1127888560295105 0.1730850338935852
-0.5862599015235901 -0.17807894945144653 0.28513965010643005
-0.6845352649688721 -0.22771376371383667 0.4003293514251709
-0.7624497413635254 -0.26118478178977966 0.5096573829650879
-0.8207500576972961 -0.2785329520702362 0.6056224703788757
-0.8606644868850708 -0.2799977660179138 0.6819987297058105
-0.8836180567741394 -0.2659047245979309 0.7339727878570557
-0.8916267156600952 -0.23788124322891235 0.76171875
-0.8867045640945435 -0.1980055570602417 0.7672401666641235
-0.8705586791038513 -0.14813408255577087 0.7520357370376587
-0.8446999192237854 -0.09000734239816666 0.7172371745109558
-0.8105311393737793 -0.025337260216474533 0.6637316942214966
-0.7694190144538879 0.04412129148840904 0.5922666192054749
-0.7227503061294556 0.11651236563920975 0.5035476684570312
-0.6713436245918274 0.1895054280757904 0.39986851811408997
-0.614460289478302 0.2597604990005493 0.2876166105270386
-0.551135778427124 0.32362422347068787 0.1740780621767044
-0.48044389486312866 0.37726080417633057 0.06686844676733017
-0.40151819586753845 0.4166690707206726 -0.026062896475195885
-0.313580721616745 0.43772628903388977 -0.09647715836763382
-0.21597318351268768 0.43625757098197937 -0.13594233989715576
-0.10834567248821259 0.408393919467926 -0.13647015392780304
0.0065984404645860195 0.35547682642936707 -0.09966733306646347
0.12353284657001495 0.2835947275161743 -0.03596697375178337
0.2371484637260437 0.19906647503376007 0.04372977092862129
0.34228911995887756 0.10817208141088486 0.12851911783218384
0.4339531660079956 0.01709161326289177 0.2075778841972351
0.5072556138038635 -0.06810801476240158 0.27016681432724
0.557357668876648 -0.14144614338874817 0.3055591881275177
0.5801903009414673 -0.19768528640270233 0.30553174018859863
0.5757044553756714 -0.23513898253440857 0.2749582529067993
0.5450736284255981 -0.2530914545059204 0.2229347825050354
0.4895666539669037 -0.2507579028606415 0.15881599485874176
0.4107314348220825 -0.2274349182844162 0.09229061007499695
0.3105561435222626 -0.18266381323337555 0.033311743289232254
0.1915924996137619 -0.11639590561389923 -0.008123913779854774
0.05705098435282707 -0.02918785996735096 -0.022419370710849762
-0.08768365532159805 0.07486497610807419 -0.006341707892715931
-0.23491834104061127 0.18695750832557678 0.03349976986646652
-0.37788358330726624 0.2987777292728424 0.08981337398290634
-0.5110335350036621 0.4031110405921936 0.15590189397335052
-0.6298681497573853 0.49371713399887085 0.22581444680690765
-0.730638325214386 0.5650368332862854 0.2943165898323059
-0.8099778294563293 0.6117734313011169 0.3567273020744324
-0.8649049401283264 0.6291092038154602 0.4089120924472809
-0.8964618444442749 0.6193950772285461 0.4493572413921356
-0.9076122641563416 0.5890465974807739 0.4776572585105896
-0.900804340839386 0.5443643927574158 0.4928872585296631
-0.878273069858551 0.4919584393501282 0.49369293451309204
-0.8423267602920532 0.4390987157821655 0.4784264862537384
-0.7955993413925171 0.39391252398490906 0.4453337490558624
-0.7412505745887756 0.3653666377067566 0.39281246066093445
-0.6818170547485352 0.35938504338264465 0.32143574953079224
-0.6162184476852417 0.3702734708786011 0.23788613080978394
-0.5426775217056274 0.38940444588661194 0.1505012959241867
-0.4595465362071991 0.40774840116500854 0.0678807720541954
-0.36537036299705505 0.41623571515083313 -0.0014559003757312894
-0.25893449783325195 0.4061078727245331 -0.04939676821231842
-0.13929760456085205 0.3692334294319153 -0.06852352619171143
-0.005971417296677828 0.2986953556537628 -0.052611514925956726
0.1367492824792862 0.19762372970581055 -0.003936716355383396
0.28020238876342773 0.07895790040493011 0.06685580313205719
0.4167458713054657 -0.04511086270213127 0.14951704442501068
0.5399569869041443 -0.16381800174713135 0.23486272990703583
0.6443943977355957 -0.26767730712890625 0.3147448003292084
0.7252504229545593 -0.3481209874153137 0.38183268904685974
0.7779415845870972 -0.39699602127075195 0.4292636811733246
0.7988215088844299 -0.40771162509918213 0.45144709944725037
0.7911171913146973 -0.3842143714427948 0.45038506388664246
0.7602463960647583 -0.33401960134506226 0.43061143159866333
0.7112082242965698 -0.2642345428466797 0.39630982279777527
0.6489293575286865 -0.18200494349002838 0.3515961766242981
0.5785463452339172 -0.09487377107143402 0.30074864625930786
0.5056295394897461 -0.011056089773774147 0.24838776886463165
0.4363287389278412 0.0604047067463398 0.19959019124507904
0.37510043382644653 0.11299286782741547 0.1578519344329834
0.3219294846057892 0.14677780866622925 0.12261861562728882
0.27623945474624634 0.1627620905637741 0.09278145432472229
0.23743531107902527 0.16213008761405945 0.0671691820025444
0.2048814594745636 0.14631634950637817 0.04454318806529045
0.17788371443748474 0.117060586810112 0.02360437996685505
0.15567854046821594 0.07644181698560715 0.0030143510084599257
0.13809330761432648 0.02740270271897316 -0.017857113853096962
0.13419224321842194 -0.019461708143353462 -0.029593296349048615
0.15944461524486542 -0.04814024269580841 -0.01571316458284855
0.2280174344778061 -0.043385785073041916 0.0391085222363472
0.351436048746109 0.00799915287643671 0.1476449817419052
0.5374812483787537 0.11599188297986984 0.31893929839134216
0.7894269824028015 0.28643012046813965 0.5574490427970886
1.1058056354522705 0.5205592513084412 0.8627181649208069
-0.9902018308639526 -0.9385689496994019 0.013481495901942253
-0.4612637162208557 -0.36311256885528564 -0.0449514202773571
-0.10954486578702927 0.03197086602449417 -0.09525050222873688
0.09542334079742432 0.27978071570396423 -0.1349898874759674
0.1780962347984314 0.4071013927459717 -0.1607532948255539
0.1610942780971527 0.43864181637763977 -0.1682199388742447
0.0684780478477478 0.40024590492248535 -0.15242816507816315
-0.07185054570436478 0.3211093842983246 -0.10832757502794266
-0.22734637558460236 0.23425740003585815 -0.03180904686450958
-0.3744036853313446 0.16082972288131714 0.0741787850856781
-0.5065654516220093 0.1018744483590126 0.19824334979057312
-0.6201883554458618 0.055976975709199905 0.3285640776157379
-0.7131699323654175 0.02098916284739971 0.4543416202068329
-0.7846410274505615 -0.005641197320073843 0.5662406086921692
-0.8345631957054138 -0.026617862284183502 0.6563944220542908
-0.8633203506469727 -0.04464426636695862 0.7180909514427185
-0.8715852499008179 -0.06206202879548073 0.7461780309677124
-0.861706018447876 -0.07866794615983963 0.743018388748169
-0.8365582823753357 -0.09303757548332214 0.7140060663223267
-0.7986985445022583 -0.10372129082679749 0.6639812588691711
-0.7504748702049255 -0.10922045260667801 0.5974158048629761
-0.6941174864768982 -0.10796200484037399 0.5185799598693848
-0.6318150162696838 -0.0982782244682312 0.4316769540309906
-0.5657742619514465 -0.07839560508728027 0.3409542143344879
-0.4974004030227661 -0.0478486530482769 0.2505854070186615
-0.4259814918041229 -0.009772798977792263 0.16445372998714447
-0.35057327151298523 0.03198812156915665 0.0866849347949028
-0.2703653573989868 0.07338482141494751 0.021730508655309677
-0.18471407890319824 0.1101476401090622 -0.025683391839265823
-0.0931817814707756 0.13782155513763428 -0.05066629871726036
0.004418947268277407 0.15185613930225372 -0.04833611100912094
0.1078522652387619 0.14798718690872192 -0.014427699148654938
0.21418678760528564 0.1267019361257553 0.047635287046432495
0.3184100389480591 0.09278841316699982 0.12760809063911438
0.4157924950122833 0.05119840055704117 0.21511003375053406
0.5020071268081665 0.006754187401384115 0.3001059889793396
0.5730969905853271 -0.035925835371017456 0.37300190329551697
0.6253817081451416 -0.07243285328149796 0.42459920048713684
0.6553196310997009 -0.09851397573947906 0.44592687487602234
0.6600658297538757 -0.11065010726451874 0.4304065406322479
0.6402912139892578 -0.10868578404188156 0.3834812641143799
0.597660481929779 -0.09342630952596664 0.3142954111099243
0.5338538885116577 -0.06565434485673904 0.2321145087480545
0.4507533609867096 -0.02623840980231762 0.1464940905570984
0.35059934854507446 0.023772336542606354 0.0672922357916832
0.23610611259937286 0.08307269215583801 0.004517514258623123
0.11053956300020218 0.15003515779972076 -0.03205708786845207
-0.021409476175904274 0.2216048240661621 -0.03850442171096802
-0.1537533402442932 0.2929973900318146 -0.020181838423013687
-0.28126969933509827 0.3598221242427826 0.01670890487730503
-0.3996763825416565 0.4182808995246887 0.06631682813167572
-0.505497932434082 0.46506157517433167 0.12332914769649506
-0.5958523750305176 0.49715539813041687 0.18301187455654144
-0.6681880950927734 0.5116164088249207 0.2411395162343979
-0.7203260660171509 0.505759596824646 0.2940104305744171
-0.7533934712409973 0.4816489815711975 0.3397934138774872
-0.7701239585876465 0.44411322474479675 0.3774263858795166
-0.7728641033172607 0.39796027541160583 0.40546920895576477
-0.7637647986412048 0.3482176661491394 0.4221106469631195
-0.7449605464935303 0.30033618211746216 0.4252123534679413
-0.7187156677246094 0.2603110671043396 0.41238701343536377
-0.6875371932983398 0.23469629883766174 0.3811289966106415
-0.6529861688613892 0.2276538908481598 0.3306877613067627
-0.612805962562561 0.2343102991580963 0.2660195231437683
-0.5639503002166748 0.2475416660308838 0.19366928935050964
-0.5034430027008057 0.2598420977592468 0.12061439454555511
-0.42848876118659973 0.2635166645050049 0.05409163981676102
-0.33659401535987854 0.2509249150753021 0.0013740829890593886
-0.2256879061460495 0.21476177871227264 -0.0304913017898798
-0.09443232417106628 0.14864394068717957 -0.0351937897503376
0.05244618281722069 0.05497346818447113 -0.013382604345679283
0.20451928675174713 -0.05504067242145538 0.02710786834359169
0.35222187638282776 -0.17059308290481567 0.07840797305107117
0.4872443974018097 -0.28197523951530457 0.13324062526226044
0.6023653745651245 -0.3805302083492279 0.18498115241527557
0.6911117434501648 -0.4583936631679535 0.22754940390586853
0.7473072409629822 -0.5080832839012146 0.25517538189888
0.7659522891044617 -0.5234736800193787 0.2631568908691406
0.7504467964172363 -0.5074568390846252 0.2534399926662445
0.7069733738899231 -0.4659917652606964 0.23032373189926147
0.64131760597229 -0.40469226241111755 0.19795963168144226
0.5592642426490784 -0.3291972279548645 0.1605834662914276
0.4669204652309418 -0.2454720288515091 0.12269598990678787
0.3709705173969269 -0.16004139184951782 0.08918988704681396
0.27883055806159973 -0.08012400567531586 0.06539091467857361
0.1959948092699051 -0.010947108268737793 0.05399966612458229
0.12281206250190735 0.04749523103237152 0.051514361053705215
0.05901318043470383 0.09589135646820068 0.0533662885427475
0.004328984767198563 0.13499054312705994 0.05469466745853424
-0.041549745947122574 0.1656367927789688 0.0504407174885273
-0.07901063561439514 0.18879319727420807 0.03550644963979721
-0.10855216532945633 0.20555205643177032 0.004973988980054855
-0.13005462288856506 0.21706219017505646 -0.04436584934592247
-0.1331072747707367 0.22365950047969818 -0.09749887883663177
-0.10048331320285797 0.22514119744300842 -0.1270957887172699
-0.01623484492301941 0.22141370177268982 -0.10742402821779251
0.13416136801242828 0.21245761215686798 -0.014928119257092476
0.3641543388366699 0.19827695190906525 0.17202813923358917
0.6867090463638306 0.1788518875837326 0.47383245825767517
1.115055799484253 0.15409675240516663 0.9105865955352783
-1.0918196439743042 -0.6381407976150513 0.6188711524009705
-0.6421456336975098 -0.08365998417139053 0.24342969059944153
-0.33670249581336975 0.29435995221138 -0.023771705105900764
-0.1551883965730667 0.5242592692375183 -0.19552277028560638
-0.07861368358135223 0.6330182552337646 -0.2832149863243103
-0.08750259876251221 0.6484362483024597 -0.298182874917984
-0.16048955917358398 0.6007092595100403 -0.25284141302108765
-0.2734350562095642 0.5232301950454712 -0.16155460476875305
-0.3995101749897003 0.4519200921058655 -0.04100547730922699
-0.5195121169090271 0.40620654821395874 0.09348901361227036
-0.6272727847099304 0.3807436525821686 0.23076751828193665
-0.718504011631012 0.36775821447372437 0.36066287755966187
-0.7898951172828674 0.359306663274765 0.47409701347351074
-0.8389641046524048 0.3476383686065674 0.563187301158905
-0.863817036151886 0.325347363948822 0.6211028099060059
-0.8628601431846619 0.2853332757949829 0.6417376399040222
-0.835056722164154 0.22174984216690063 0.6205105185508728
-0.7836755514144897 0.1379183977842331 0.5627667307853699
-0.7137832641601562 0.0412895530462265 0.4781218469142914
-0.6301031708717346 -0.06099588796496391 0.37563884258270264
-0.5371214151382446 -0.16197054088115692 0.2640182077884674
-0.43919065594673157 -0.2546940743923187 0.1517910212278366
-0.34062230587005615 -0.3321179747581482 0.04749377444386482
-0.24576789140701294 -0.3869656026363373 -0.04017624631524086
-0.15737800300121307 -0.41477835178375244 -0.10468970239162445
-0.07403009384870529 -0.4188450872898102 -0.14544863998889923
0.006149126682430506 -0.4036429524421692 -0.16256535053253174
0.08482673764228821 -0.37376606464385986 -0.15604595839977264
0.16346977651119232 -0.33404988050460815 -0.12597069144248962
0.24333104491233826 -0.2896236181259155 -0.0726793184876442
0.3254184126853943 -0.2458799034357071 0.003048193408176303
0.41031044721603394 -0.20815810561180115 0.0996038094162941
0.49564751982688904 -0.1779395490884781 0.2104571908712387
0.576866090297699 -0.15308275818824768 0.3252776861190796
0.6498291492462158 -0.1312134861946106 0.434279203414917
0.7109267711639404 -0.10993988066911697 0.5285329818725586
0.7570024728775024 -0.08689744770526886 0.5999378561973572
0.7852173447608948 -0.05974943935871124 0.6410303711891174
0.792873203754425 -0.02614576742053032 0.6446750164031982
0.7779402136802673 0.015684807673096657 0.6060730814933777
0.7418501973152161 0.06425883620977402 0.5321255326271057
0.6869719624519348 0.1170453280210495 0.4331025779247284
0.6156156063079834 0.17143693566322327 0.319170206785202
0.5301854610443115 0.22470273077487946 0.20064252614974976
0.433297723531723 0.273980051279068 0.0880812481045723
0.32785728573799133 0.31630733609199524 -0.007757785730063915
0.21709474921226501 0.34871557354927063 -0.07620237022638321
0.10454986989498138 0.36963358521461487 -0.1122220978140831
-0.006332973949611187 0.37983667850494385 -0.1200314313173294
-0.11258108168840408 0.38042017817497253 -0.10483501106500626
-0.21170379221439362 0.37249869108200073 -0.0717281773686409
-0.30163171887397766 0.3571300208568573 -0.02552303671836853
-0.38062524795532227 0.3352605700492859 0.029338618740439415
-0.4471633732318878 0.3076877295970917 0.08880157023668289
-0.5000283718109131 0.27510592341423035 0.14923259615898132
-0.5401600003242493 0.23880933225154877 0.2080174684524536
-0.5695985555648804 0.2004953920841217 0.2629897892475128
-0.590193510055542 0.16188891232013702 0.3118450939655304
-0.603659987449646 0.12478697299957275 0.3520841598510742
-0.6116420030593872 0.09110046923160553 0.38097327947616577
-0.615763247013092 0.06289030611515045 0.39551034569740295
-0.6176704168319702 0.04239640757441521 0.3924008905887604
-0.6179057955741882 0.030730217695236206 0.3695759177207947
-0.6132814288139343 0.024850133806467056 0.3297185003757477
-0.5996761918067932 0.020714998245239258 0.2767202854156494
-0.5727910995483398 0.014066244475543499 0.2148686647415161
-0.5282583832740784 0.0004534019681159407 0.14891831576824188
-0.4618261754512787 -0.02466910146176815 0.08409173041582108
-0.36961790919303894 -0.06576672196388245 0.025989336892962456
-0.2486916184425354 -0.12679481506347656 -0.01973803900182247
-0.10369555652141571 -0.20614157617092133 -0.05126641318202019
0.05321388319134712 -0.296477347612381 -0.07125918567180634
0.21026815474033356 -0.39055660367012024 -0.08286496251821518
0.35678496956825256 -0.48174765706062317 -0.08930868655443192
0.48316338658332825 -0.5640770196914673 -0.09377666562795639
0.5806132555007935 -0.6321075558662415 -0.09938564151525497
0.6406853795051575 -0.6806917786598206 -0.10923115164041519
0.6563864946365356 -0.7054855227470398 -0.12579457461833954
0.6311306953430176 -0.7072787880897522 -0.14716656506061554
0.5719870328903198 -0.6885358691215515 -0.1696261167526245
0.48578840494155884 -0.6514419913291931 -0.18924598395824432
0.37961262464523315 -0.5981423854827881 -0.20178188383579254
0.2611702084541321 -0.5309563875198364 -0.20262323319911957
0.13908697664737701 -0.45256683230400085 -0.18682345747947693
0.023019349202513695 -0.3661678433418274 -0.14926378428936005
-0.07981090247631073 -0.2743901014328003 -0.08958861231803894
-0.1687699258327484 -0.1779177486896515 -0.017651790753006935
-0.24414639174938202 -0.07743623107671738 0.05475134029984474
-0.30638208985328674 0.02608047053217888 0.11538634449243546
-0.3561194837093353 0.1313847154378891 0.15207137167453766
-0.39423292875289917 0.23699791729450226 0.15328435599803925
-0.42183712124824524 0.34127968549728394 0.10882454365491867
-0.4395100474357605 0.44169560074806213 0.012501952238380909
-0.43764397501945496 0.5247325897216797 -0.11177828907966614
-0.4001694917678833 0.5710345506668091 -0.222347691655159
-0.3115779161453247 0.5633666515350342 -0.2820306420326233
-0.1549120992422104 0.4843693673610687 -0.25593751668930054
0.09164580702781677 0.3129192888736725 -0.10627160221338272
0.4602833688259125 0.018562719225883484 0.21599608659744263
1.003602385520935 -0.44827765226364136 0.7856394648551941
-1.0871065855026245 -0.15404999256134033 1.4936189651489258
-0.8940659165382385 0.3516696095466614 0.6738672256469727
-0.7548410892486572 0.6888822913169861 0.09329838305711746
-0.6666240692138672 0.8775491714477539 -0.26648345589637756
-0.6243057250976562 0.9452006816864014 -0.43432745337486267
-0.6208332777023315 0.9253206253051758 -0.4476879835128784
-0.647681713104248 0.8554678559303284 -0.3503139615058899
-0.6953673362731934 0.7754172086715698 -0.18983280658721924
-0.7539618015289307 0.7250195741653442 -0.01514430996030569
-0.8147310614585876 0.7207596898078918 0.1421649307012558
-0.8708080649375916 0.7476191520690918 0.2745443880558014
-0.9157024621963501 0.7883356213569641 0.3767092227935791
-0.9432447552680969 0.8259697556495667 0.4439353942871094
-0.9475946426391602 0.8441219329833984 0.47197186946868896
-0.9231986403465271 0.8270024657249451 0.4569147527217865
-0.8647022247314453 0.7593687176704407 0.39505210518836975
-0.7680031061172485 0.6288779973983765 0.2842075824737549
-0.6384828090667725 0.44379904866218567 0.13436947762966156
-0.4858039617538452 0.22180908918380737 -0.03900791332125664
-0.3192291855812073 -0.020078986883163452 -0.2210157960653305
-0.1476631611585617 -0.26544439792633057 -0.39719900488853455
0.020260997116565704 -0.4982915222644806 -0.5533977746963501
0.17607364058494568 -0.7028447389602661 -0.6755560636520386
0.31135374307632446 -0.863325834274292 -0.7495136857032776
0.42106276750564575 -0.9695705771446228 -0.766236424446106
0.5087031722068787 -1.0258790254592896 -0.7302014827728271
0.5788026452064514 -1.0384985208511353 -0.6479482054710388
0.6356815099716187 -1.013655185699463 -0.5263116359710693
0.6835530996322632 -0.9578573703765869 -0.37274491786956787
0.7265569567680359 -0.8780903220176697 -0.19551289081573486
0.7687257528305054 -0.7818830609321594 -0.0037315175868570805
0.8136739134788513 -0.6770854592323303 0.19272072613239288
0.8606635332107544 -0.5687634944915771 0.3829675614833832
0.9054311513900757 -0.4589707553386688 0.5565027594566345
0.9440557360649109 -0.34914660453796387 0.7044153213500977
0.9731107354164124 -0.24020935595035553 0.8193029165267944
0.9895935654640198 -0.13259096443653107 0.8949659466743469
0.9907971024513245 -0.02629041112959385 0.925987958908081
0.9741421341896057 0.07907789200544357 0.9072562456130981
0.9378472566604614 0.18357138335704803 0.8360705971717834
0.8842218518257141 0.28405728936195374 0.7221911549568176
0.8166343569755554 0.3763114809989929 0.5785591006278992
0.7382699251174927 0.4560001492500305 0.4175189435482025
0.6522473692893982 0.5186517238616943 0.2511591613292694
0.561700701713562 0.5596659183502197 0.09152742475271225
0.4698311686515808 0.5743570327758789 -0.049265626817941666
0.37991786003112793 0.5580945014953613 -0.15912052989006042
0.2940914034843445 0.5106867551803589 -0.23173151910305023
0.21245507895946503 0.43918827176094055 -0.27043208479881287
0.13490833342075348 0.35124897956848145 -0.27946847677230835
0.06133798137307167 0.2543960511684418 -0.2630731761455536
-0.008379590697586536 0.15600596368312836 -0.22544455528259277
-0.07437705993652344 0.06328046321868896 -0.17072901129722595
-0.13679537177085876 -0.01677590422332287 -0.10300473868846893
-0.1957751363515854 -0.07795833796262741 -0.026303842663764954
-0.2514181137084961 -0.12046463787555695 0.055101994425058365
-0.3039073348045349 -0.14827580749988556 0.13701783120632172
-0.35356003046035767 -0.16535194218158722 0.21558333933353424
-0.40080517530441284 -0.17553970217704773 0.28720641136169434
-0.44617292284965515 -0.18258720636367798 0.34845343232154846
-0.4902920126914978 -0.19020897150039673 0.3958934247493744
-0.533900797367096 -0.20220357179641724 0.42589280009269714
-0.5769029855728149 -0.22166943550109863 0.43555590510368347
-0.6160250902175903 -0.24893337488174438 0.42521554231643677
-0.6468411684036255 -0.2837713360786438 0.3955613672733307
-0.6642391085624695 -0.3258795440196991 0.34715354442596436
-0.6624109148979187 -0.37474969029426575 0.2807019054889679
-0.6349959373474121 -0.4295371472835541 0.19736550748348236
-0.5754343271255493 -0.4889332056045532 0.0990617573261261
-0.4778639078140259 -0.5510836243629456 -0.011244266293942928
-0.3456471562385559 -0.6140248775482178 -0.12919597327709198
-0.1921233981847763 -0.6762393116950989 -0.2498628795146942
-0.03126426041126251 -0.736538827419281 -0.3687169849872589
0.12344039231538773 -0.7940795421600342 -0.4818306267261505
0.25926271080970764 -0.8483540415763855 -0.5859145522117615
0.36413896083831787 -0.8991551995277405 -0.6782391667366028
0.42623400688171387 -0.9465342164039612 -0.7564782500267029
0.4354214668273926 -0.9903873205184937 -0.8184455633163452
0.3947879374027252 -1.028255820274353 -0.8614727258682251
0.3124709129333496 -1.0563232898712158 -0.8820791840553284
0.19684943556785583 -1.0702264308929443 -0.876086950302124
0.0572052001953125 -1.0650999546051025 -0.8388255834579468
-0.09577254205942154 -1.0357451438903809 -0.7654703855514526
-0.24971339106559753 -0.9769548177719116 -0.6515491008758545
-0.39066699147224426 -0.884030818939209 -0.4936690926551819
-0.5083449482917786 -0.7552732229232788 -0.29778411984443665
-0.6022114753723145 -0.5942656397819519 -0.08724037557840347
-0.6736130118370056 -0.40639036893844604 0.11191090196371078
-0.7246018052101135 -0.19809521734714508 0.274377703666687
-0.7578379511833191 0.023482704535126686 0.3772117793560028
-0.7764303684234619 0.2509668171405792 0.4012010097503662
-0.7837377786636353 0.47720324993133545 0.3318810760974884
-0.7825236320495605 0.6939579248428345 0.16317692399024963
-0.7668647766113281 0.872077226638794 -0.06552455574274063
-0.7252525091171265 0.9745009541511536 -0.29461580514907837
-0.6454218626022339 0.9694936871528625 -0.4779488146305084
-0.5106959939002991 0.819749116897583 -0.5753463506698608
-0.2930300235748291 0.4648405909538269 -0.5390887260437012
0.06271067261695862 -0.21492372453212738 -0.2888942360877991
0.6837925910949707 -1.4990712404251099 0.3529397249221802
