ply
format ascii 1.0
element vertex 10000
property float x
property float y
property float z
end_header
1.4991543292999268 -1.4990700483322144 -1.503282070159912
1.4991540908813477 -0.40016093850135803 -1.4748762845993042
1.4991538524627686 0.3594035506248474 -1.3982747793197632
1.499153733253479 0.8686564564704895 -1.2832963466644287
1.4991536140441895 1.1889482736587524 -1.137573480606079
1.4991536140441895 1.3666476011276245 -0.9682347178459167
1.4991536140441895 1.4407403469085693 -0.7830864787101746
1.4991538524627686 1.447644829750061 -0.591497004032135
1.4991536140441895 1.4238040447235107 -0.40484318137168884
1.4991536140441895 1.3916393518447876 -0.2309846580028534
1.4991536140441895 1.3532016277313232 -0.07072623819112778
1.4991538524627686 1.309114933013916 0.07602124661207199
1.4991538524627686 1.2600222826004028 0.20969979465007782
1.4991538524627686 1.2065582275390625 0.3310602307319641
1.4991538524627686 1.1493234634399414 0.44111478328704834
1.4991538524627686 1.0888657569885254 0.5410904884338379
1.4991538524627686 1.0257505178451538 0.6322329044342041
1.499153971672058 0.9611890316009521 0.7146425247192383
1.4991538524627686 0.8967233300209045 0.787830650806427
1.4991540908813477 0.8338972926139832 0.8513083457946777
1.499153971672058 0.7742534875869751 0.904589056968689
1.499153971672058 0.7193328738212585 0.94718998670578
1.4991540908813477 0.6706746220588684 0.9786297082901001
1.4991528987884521 0.6298152208328247 0.9984292984008789
1.4987274408340454 0.597733199596405 1.0064584016799927
1.4963825941085815 0.5740323662757874 1.0034745931625366
1.4904860258102417 0.5581485629081726 0.9904429316520691
1.4794926643371582 0.5495012402534485 0.968490719795227
1.4620319604873657 0.5474306344985962 0.9389710426330566
1.4370150566101074 0.5511536002159119 0.9034895896911621
1.4037389755249023 0.5597456693649292 0.8638808727264404
1.3620829582214355 0.5721508860588074 0.822129487991333
1.3143807649612427 0.5872416496276855 0.7800396084785461
1.264435887336731 0.6040002107620239 0.7388643026351929
1.2152864933013916 0.6216290593147278 0.6993421316146851
1.1691713333129883 0.639561116695404 0.6617863774299622
1.1276806592941284 0.657437801361084 0.6261857748031616
1.0919464826583862 0.6750732064247131 0.5922917127609253
1.0628310441970825 0.6924219131469727 0.5596770644187927
1.040781855583191 0.709562361240387 0.5277979373931885
1.024753212928772 0.7266659736633301 0.4962145686149597
1.0135016441345215 0.7438735365867615 0.4646322727203369
1.006015658378601 0.7612754702568054 0.43285635113716125
1.001426339149475 0.7789161801338196 0.400781512260437
0.9989416599273682 0.796794056892395 0.368389368057251
0.9977984428405762 0.8148581385612488 0.3357529938220978
0.9972276091575623 0.8330021500587463 0.30304548144340515
0.9967222213745117 0.8511168360710144 0.27044859528541565
0.9962487816810608 0.8691126704216003 0.23811212182044983
0.9958221912384033 0.8868132829666138 0.2063407003879547
0.9954605102539062 0.9039419889450073 0.17561960220336914
0.9951836466789246 0.9201217889785767 0.14661109447479248
0.9950127601623535 0.9348912239074707 0.12012914568185806
0.9949674606323242 0.9477347135543823 0.0970839262008667
0.9950613379478455 0.9581640362739563 0.07833828777074814
0.9952775239944458 0.9661030769348145 0.06403122842311859
0.995581328868866 0.9718116521835327 0.053706686943769455
0.9959391355514526 0.9756469130516052 0.046734768897295
0.9963208436965942 0.9780058264732361 0.04241221398115158
0.996700644493103 0.9792873859405518 0.0400315597653389
0.9970571994781494 0.9798689484596252 0.038922060281038284
0.9973723888397217 0.9800984859466553 0.038465723395347595
0.9976358413696289 0.9802340865135193 0.03820154070854187
0.9978510737419128 0.9803231954574585 0.03803706541657448
0.9980232119560242 0.9803717136383057 0.03795313462615013
0.9981562495231628 0.9803842902183533 0.037932850420475006
0.9982523918151855 0.9803649187088013 0.03796069696545601
0.9983143210411072 0.9803175926208496 0.038021937012672424
0.998343288898468 0.9802456498146057 0.03810208663344383
0.9983407258987427 0.9801526069641113 0.03818675875663757
0.9983099699020386 0.9800438284873962 0.03826385363936424
0.998256504535675 0.979926586151123 0.03832389786839485
0.998185396194458 0.9798080325126648 0.03835752606391907
0.9981026649475098 0.9796957969665527 0.03835539519786835
0.9980130195617676 0.9795966148376465 0.038308173418045044
0.9979225993156433 0.9795185327529907 0.03820659592747688
0.9978366494178772 0.9794684052467346 0.038041483610868454
0.9977877736091614 0.9795328378677368 0.03773081675171852
0.9979822039604187 0.9803041219711304 0.036726921796798706
0.9986945390701294 0.9825756549835205 0.03429560363292694
1.0002058744430542 0.9871597290039062 0.029684264212846756
1.0028133392333984 0.9949159622192383 0.022094836458563805
1.0068460702896118 1.0067967176437378 0.01064127217978239
1.0126876831054688 1.023913025856018 -0.005712483078241348
1.0208110809326172 1.0476285219192505 -0.028241587802767754
1.0319446325302124 1.0790008306503296 -0.05830150097608566
1.0471913814544678 1.1178370714187622 -0.09689202904701233
1.067731261253357 1.1634645462036133 -0.14480440318584442
1.0946674346923828 1.2146042585372925 -0.2023906707763672
1.1288106441497803 1.2691028118133545 -0.26918914914131165
1.1703815460205078 1.323774814605713 -0.3435307741165161
1.2186930179595947 1.3744945526123047 -0.4222765564918518
1.2717863321304321 1.4167907238006592 -0.49981924891471863
1.324907660484314 1.4485350847244263 -0.5556860566139221
1.3734407424926758 1.4705561399459839 -0.5629225969314575
1.4150534868240356 1.4847122430801392 -0.49768173694610596
1.448917031288147 1.4930202960968018 -0.33230534195899963
1.4748077392578125 1.4972574710845947 -0.022667990997433662
1.4922409057617188 1.4988772869110107 0.5182400345802307
1.4991528987884521 1.4991302490234375 1.4936197996139526
1.4988754987716675 -1.4893691539764404 -1.0098017454147339
1.276978611946106 -0.5394288301467896 -0.9280185699462891
1.1398954391479492 0.07669757306575775 -0.8331030607223511
1.0588051080703735 0.4740734398365021 -0.7263852953910828
1.0167651176452637 0.7198673486709595 -0.6091330647468567
1.0025326013565063 0.8578672409057617 -0.4831372797489166
1.0075247287750244 0.9204129576683044 -0.3512100279331207
1.0241453647613525 0.9348620176315308 -0.21764244139194489
1.0449095964431763 0.9269900918006897 -0.08848121762275696
1.0652024745941162 0.9123445153236389 0.03189806267619133
1.084622859954834 0.8924821615219116 0.14325277507305145
1.1030992269515991 0.8679938912391663 0.24584485590457916
1.1205854415893555 0.8394895195960999 0.34011274576187134
1.137058973312378 0.8075810074806213 0.426646888256073
1.152518630027771 0.7728673815727234 0.5061654448509216
1.1669833660125732 0.7359229922294617 0.5794919729232788
1.1804771423339844 0.6973345279693604 0.6474081873893738
1.1929548978805542 0.6580302715301514 0.7097136974334717
1.204333782196045 0.619109034538269 0.7657136917114258
1.2145307064056396 0.5816676020622253 0.814711332321167
1.2234634160995483 0.546800434589386 0.856009304523468
1.231048345565796 0.5156006813049316 0.8889082670211792
1.2372022867202759 0.48916247487068176 0.9127046465873718
1.2418404817581177 0.4685819447040558 0.9266893863677979
1.2447509765625 0.45454952120780945 0.930583119392395
1.245397925376892 0.446725994348526 0.9252191185951233
1.243200421333313 0.44461384415626526 0.9116398096084595
1.2376033067703247 0.44768813252449036 0.890968918800354
1.2281060218811035 0.4553697109222412 0.8644431829452515
1.214296817779541 0.467007040977478 0.8334250450134277
1.1958870887756348 0.4818696975708008 0.799392580986023
1.1727970838546753 0.49915456771850586 0.7638933658599854
1.1460939645767212 0.5180386304855347 0.7281699180603027
1.1176329851150513 0.5378067493438721 0.6929821372032166
1.089013934135437 0.557903528213501 0.6588042974472046
1.0615397691726685 0.5779348611831665 0.625865638256073
1.0362545251846313 0.5976530909538269 0.5941904187202454
1.0140089988708496 0.6169366836547852 0.5636354088783264
0.9955373406410217 0.6357714533805847 0.5339158177375793
0.9813222289085388 0.6542580723762512 0.5046108961105347
0.9708153009414673 0.6726366281509399 0.4752313494682312
0.9632768034934998 0.6911094188690186 0.44538742303848267
0.9580742716789246 0.7097971439361572 0.41481083631515503
0.9546309113502502 0.7287387251853943 0.3833563029766083
0.9523855447769165 0.7478852272033691 0.3510134816169739
0.950767457485199 0.7670911550521851 0.3179258406162262
0.9491859674453735 0.7861061692237854 0.2844126224517822
0.947289228439331 0.8046430349349976 0.2509596049785614
0.9451572299003601 0.8224768042564392 0.2181253880262375
0.9429195523262024 0.8393884301185608 0.1864919811487198
0.9407112002372742 0.8551617860794067 0.15664757788181305
0.9386699199676514 0.8695917725563049 0.12916958332061768
0.9369316697120667 0.882490336894989 0.10460610687732697
0.9356266260147095 0.893694281578064 0.0834575891494751
0.9348635077476501 0.9030836820602417 0.06611894816160202
0.9346196055412292 0.9107267260551453 0.0524672195315361
0.9347939491271973 0.9168255925178528 0.042031560093164444
0.9352856278419495 0.9216127991676331 0.03428716957569122
0.9359989762306213 0.9253333806991577 0.02869422361254692
0.9368455410003662 0.9282326102256775 0.024720676243305206
0.9377450942993164 0.9305503964424133 0.021854359656572342
0.9386242628097534 0.932518720626831 0.019605444744229317
0.9394259452819824 0.9343206286430359 0.017585230991244316
0.9401308298110962 0.9359986782073975 0.015683205798268318
0.9407227635383606 0.9375605583190918 0.01384998019784689
0.9411832094192505 0.9390085935592651 0.012042275629937649
0.9414895176887512 0.9403389692306519 0.010221794247627258
0.9416176080703735 0.9415435194969177 0.008354783058166504
0.9415414333343506 0.9426099061965942 0.006412175949662924
0.9412350058555603 0.9435234069824219 0.00436814408749342
0.9406640529632568 0.9442780017852783 0.0021462314762175083
0.9397845268249512 0.9448801279067993 -0.00038987782318145037
0.9385550618171692 0.9453389048576355 -0.003377995453774929
0.936936616897583 0.9456645250320435 -0.00695244362577796
0.9348938465118408 0.945868730545044 -0.011242602951824665
0.9323940873146057 0.9459636211395264 -0.016371577978134155
0.9294084906578064 0.9459624886512756 -0.022455401718616486
0.9259368181228638 0.9459453225135803 -0.029646044597029686
0.9221391677856445 0.9464132785797119 -0.03836924210190773
0.9182242155075073 0.9480180144309998 -0.049167513847351074
0.914381742477417 0.9514010548591614 -0.06260751187801361
0.910784900188446 0.9572105407714844 -0.0793033167719841
0.9075940847396851 0.9661300778388977 -0.09995065629482269
0.9049655199050903 0.9789192080497742 -0.12537360191345215
0.9030596017837524 0.9964661002159119 -0.15658751130104065
0.9021621942520142 1.0194976329803467 -0.19454826414585114
0.9028236269950867 1.0481071472167969 -0.23964586853981018
0.9056815505027771 1.0821940898895264 -0.292003333568573
0.911412239074707 1.1214203834533691 -0.3513847291469574
0.9206789135932922 1.1650782823562622 -0.4170144498348236
0.9340477585792542 1.2119766473770142 -0.48741307854652405
0.9518753886222839 1.2603834867477417 -0.5603033304214478
0.9737681150436401 1.308039903640747 -0.6315761208534241
0.9932729601860046 1.3522228002548218 -0.6820944547653198
1.0004054307937622 1.3910475969314575 -0.6842564344406128
0.9857338070869446 1.4238543510437012 -0.6115554571151733
0.9386886954307556 1.4507282972335815 -0.4328126907348633
0.8440465927124023 1.4720653295516968 -0.10096599161624908
0.6746375560760498 1.4882233142852783 0.47014158964157104
0.37268146872520447 1.4991302490234375 1.4654873609542847
1.4969314336776733 -1.461974859237671 -0.6142648458480835
1.1351847648620605 -0.6344538331031799 -0.5290402173995972
0.9226819276809692 -0.11839906126260757 -0.4460914731025696
0.8016534447669983 0.20884698629379272 -0.3615606129169464
0.7413769960403442 0.41207191348075867 -0.2736266553401947
0.7230560183525085 0.5300936102867126 -0.1818089336156845
0.7332105040550232 0.5895273089408875 -0.08686713874340057
0.7603392004966736 0.61159348487854 0.009051398374140263
0.7932338714599609 0.6155555248260498 0.10226379334926605
0.8249852061271667 0.6129574775695801 0.18986229598522186
0.8550134301185608 0.6051924228668213 0.2715831995010376
0.8832518458366394 0.5929756760597229 0.3475334942340851
0.9096875190734863 0.577046811580658 0.41797295212745667
0.9343546628952026 0.5581468343734741 0.48329222202301025
0.957328736782074 0.5370008945465088 0.5439912676811218
0.9787203073501587 0.514306902885437 0.6006601452827454
0.9986473917961121 0.49073925614356995 0.6538512110710144
1.0170786380767822 0.4670392572879791 0.7032541632652283
1.0339012145996094 0.4439864456653595 0.748119056224823
1.0489978790283203 0.4223589301109314 0.7876831293106079
1.0622469186782837 0.40293726325035095 0.8211712837219238
1.0735220909118652 0.3865073323249817 0.8477931618690491
1.0826914310455322 0.3738640546798706 0.8667385578155518
1.0896172523498535 0.36581388115882874 0.8771762847900391
1.0941671133041382 0.3628537356853485 0.8787161111831665
1.0962307453155518 0.36466673016548157 0.8721394538879395
1.0956982374191284 0.3708007335662842 0.8584312200546265
1.0924675464630127 0.3807777166366577 0.8386275768280029
1.0864583253860474 0.3940771222114563 0.8138391375541687
1.0776268243789673 0.4101260304450989 0.7852643132209778
1.0659799575805664 0.4282951354980469 0.7541860342025757
1.051612138748169 0.44790562987327576 0.7219392657279968
1.0351437330245972 0.4683201014995575 0.6895284652709961
1.0175672769546509 0.48903679847717285 0.6575115323066711
0.9997686743736267 0.5096790194511414 0.6262475252151489
0.9825037121772766 0.5299904346466064 0.5959214568138123
0.9664120674133301 0.5498243570327759 0.566565752029419
0.952045738697052 0.569130539894104 0.538080632686615
0.9399067163467407 0.5879435539245605 0.5102466344833374
0.9303491711616516 0.6064038872718811 0.4827016294002533
0.9230585098266602 0.6248099207878113 0.4549117386341095
0.9175816178321838 0.6434213519096375 0.4264131784439087
0.9135217666625977 0.6624019145965576 0.39687636494636536
0.9105051755905151 0.6818123459815979 0.36611971259117126
0.9081589579582214 0.7015977501869202 0.33413639664649963
0.9060978889465332 0.7215709686279297 0.3011280298233032
0.903926432132721 0.7414022088050842 0.267536997795105
0.9014381170272827 0.7606691122055054 0.2340722233057022
0.8987523317337036 0.7789987325668335 0.20154567062854767
0.896017849445343 0.7960948944091797 0.17067039012908936
0.8933765292167664 0.811741828918457 0.1420281082391739
0.8909582495689392 0.8258001208305359 0.11606532335281372
0.8888794779777527 0.8381980061531067 0.09310275316238403
0.8872429728507996 0.8489183783531189 0.07335355877876282
0.8861297965049744 0.8579937815666199 0.05691833794116974
0.885504424571991 0.865568220615387 0.043539468199014664
0.8852671980857849 0.8718441128730774 0.032765649259090424
0.885322630405426 0.8770232200622559 0.024151280522346497
0.8855797052383423 0.8813018798828125 0.017264891415834427
0.8859530687332153 0.8848705887794495 0.011690554209053516
0.8863604664802551 0.8879141807556152 0.007026240229606628
0.8867218494415283 0.8906127214431763 0.0028791213408112526
0.8869708180427551 0.8931145071983337 -0.0010772135574370623
0.8870814442634583 0.8954655528068542 -0.004960962571203709
0.8870341181755066 0.8976840376853943 -0.008838459849357605
0.8868063688278198 0.8997789621353149 -0.012765046209096909
0.8863743543624878 0.9017520546913147 -0.016785159707069397
0.8857148289680481 0.9035981297492981 -0.020931441336870193
0.884806215763092 0.9053058624267578 -0.025223076343536377
0.8836300373077393 0.9068589210510254 -0.029667939990758896
0.8821353316307068 0.9082465767860413 -0.03437056019902229
0.8802327513694763 0.9094690084457397 -0.03955405578017235
0.8778359889984131 0.9105303883552551 -0.04544446989893913
0.874864935874939 0.9114381670951843 -0.052259646356105804
0.8712470531463623 0.912202775478363 -0.06020568311214447
0.8669173717498779 0.9128363728523254 -0.06947425752878189
0.861818790435791 0.9133532047271729 -0.08024155348539352
0.8559253215789795 0.9138215184211731 -0.09268584847450256
0.8493643999099731 0.9146446585655212 -0.10709113627672195
0.8423020243644714 0.9163371920585632 -0.12380120903253555
0.8348740935325623 0.9193931221961975 -0.143193319439888
0.8271855115890503 0.924297034740448 -0.16569669544696808
0.8193104863166809 0.9315431714057922 -0.1918179988861084
0.8112938404083252 0.9416616559028625 -0.2221740186214447
0.8031522631645203 0.9552499055862427 -0.25753337144851685
0.7949426174163818 0.9728666543960571 -0.2985561490058899
0.7868695855140686 0.9948367476463318 -0.3453379273414612
0.7792038917541504 1.0214210748672485 -0.3977602422237396
0.7722709774971008 1.052791714668274 -0.4554731845855713
0.7664476633071899 1.088964581489563 -0.5178072452545166
0.7621482014656067 1.1297250986099243 -0.5836968421936035
0.7597979307174683 1.1745598316192627 -0.6516322493553162
0.7592703104019165 1.2225137948989868 -0.7185933589935303
0.7530608177185059 1.2711838483810425 -0.766534686088562
0.7283993363380432 1.3180280923843384 -0.7678126692771912
0.6718469858169556 1.361578345298767 -0.6945531368255615
0.5671038031578064 1.4012302160263062 -0.513617992401123
0.3903449773788452 1.4369933605194092 -0.17656098306179047
0.10038374364376068 1.4693262577056885 0.40101510286331177
-0.38566961884498596 1.4991302490234375 1.3900798559188843
1.491685152053833 -1.419568657875061 -0.3038770258426666
1.0513887405395508 -0.6970897316932678 -0.23784595727920532
0.8001168370246887 -0.25604596734046936 -0.17633576691150665
0.6595743298530579 0.02253762260079384 -0.11486966907978058
0.5905882120132446 0.19782277941703796 -0.05126779153943062
0.5703104734420776 0.30353543162345886 0.015352988615632057
0.5829174518585205 0.36178475618362427 0.0848008319735527
0.615123450756073 0.38954514265060425 0.1557263880968094
0.6539661884307861 0.40184256434440613 0.22548885643482208
0.6913747787475586 0.4076577126979828 0.29181888699531555
0.7266008853912354 0.4082697629928589 0.35431957244873047
0.7595265507698059 0.40448328852653503 0.41291937232017517
0.7901296615600586 0.3971405625343323 0.4677135646343231
0.8184702396392822 0.387088418006897 0.5189412236213684
0.8446779847145081 0.3751542568206787 0.566961944103241
0.8689382672309875 0.3621309995651245 0.6122345924377441
0.8914543986320496 0.3487586975097656 0.6551992297172546
0.9122349619865417 0.33564475178718567 0.6955212354660034
0.9311761260032654 0.3233395516872406 0.732460618019104
0.9481611847877502 0.31239569187164307 0.7652552723884583
0.9630610346794128 0.30337294936180115 0.7931187152862549
0.9757327437400818 0.29684245586395264 0.8152343034744263
0.9860206842422485 0.2933911979198456 0.8307504653930664
0.9937545657157898 0.29362499713897705 0.8387758731842041
0.9988313913345337 0.2979121506214142 0.8388399481773376
1.0013409852981567 0.3059704899787903 0.8316254615783691
1.0013976097106934 0.31740206480026245 0.8180096745491028
0.9991183876991272 0.3317793011665344 0.798912763595581
0.9946345686912537 0.34863123297691345 0.7753216028213501
0.9881016612052917 0.36743512749671936 0.7483055591583252
0.9797068238258362 0.3876132667064667 0.7190188765525818
0.969683825969696 0.4085414409637451 0.6886749267578125
0.9584733843803406 0.42967915534973145 0.658174455165863
0.9466472268104553 0.45065367221832275 0.6280032396316528
0.9347167611122131 0.4712049663066864 0.5984793901443481
0.9231234192848206 0.4911767542362213 0.5697736144065857
0.9122447967529297 0.5105064511299133 0.5419233441352844
0.902410626411438 0.529214084148407 0.5148473381996155
0.8939226269721985 0.5473941564559937 0.48835358023643494
0.8869932889938354 0.5652406215667725 0.46210360527038574
0.881426215171814 0.5831032395362854 0.435539573431015
0.8769413828849792 0.6012920141220093 0.4081583321094513
0.8732962608337402 0.6200176477432251 0.3795967996120453
0.8702660202980042 0.6393797993659973 0.3496541380882263
0.8676302433013916 0.6593459844589233 0.3183290660381317
0.8651683926582336 0.6797289252281189 0.2858641445636749
0.862661600112915 0.7001691460609436 0.25278306007385254
0.8600152730941772 0.7201520204544067 0.21992161870002747
0.8573288321495056 0.7391667366027832 0.18820622563362122
0.854708194732666 0.756826639175415 0.1583804339170456
0.852242648601532 0.7728778123855591 0.13097333908081055
0.8500030040740967 0.7871851325035095 0.1063137799501419
0.8480433821678162 0.7997106313705444 0.08456270396709442
0.8464047312736511 0.8104879856109619 0.06575365364551544
0.8451122641563416 0.819604754447937 0.04981408640742302
0.8441247940063477 0.8272501230239868 0.03642401844263077
0.8433669209480286 0.8336465954780579 0.025162335485219955
0.8427677750587463 0.8389984369277954 0.01564127393066883
0.8422595262527466 0.8434927463531494 0.007500743959099054
0.8417763710021973 0.8473052382469177 0.00040066742803901434
0.8412525653839111 0.8506020903587341 -0.005986252799630165
0.8406210541725159 0.853545069694519 -0.011982005089521408
0.8398235440254211 0.8562701344490051 -0.017862485721707344
0.8388388156890869 0.8588330745697021 -0.02374752052128315
0.837652862071991 0.8612657189369202 -0.029711298644542694
0.8362540602684021 0.8635919094085693 -0.035811275243759155
0.8346341848373413 0.8658280968666077 -0.04208660498261452
0.8327907919883728 0.8679837584495544 -0.04855552688241005
0.8307297229766846 0.8700609803199768 -0.055212199687957764
0.8284647464752197 0.8720563650131226 -0.06202969327569008
0.8259448409080505 0.8739610314369202 -0.06911341100931168
0.8230410814285278 0.8757674694061279 -0.07673610001802444
0.8196249008178711 0.8774722814559937 -0.08517616987228394
0.8155761957168579 0.8790757060050964 -0.09470159560441971
0.8107842803001404 0.8805816769599915 -0.10556486248970032
0.8051490783691406 0.8819969296455383 -0.11799954622983932
0.7985814809799194 0.8833308815956116 -0.13221964240074158
0.7910259962081909 0.8846349120140076 -0.1484161615371704
0.7825833559036255 0.8862146735191345 -0.16674791276454926
0.773390531539917 0.888457179069519 -0.18738871812820435
0.7635514140129089 0.8917306661605835 -0.2105557918548584
0.7531342506408691 0.8963915109634399 -0.2365235537290573
0.7421698570251465 0.9027969837188721 -0.2656412720680237
0.7306510806083679 0.9113216996192932 -0.29835447669029236
0.7185307741165161 0.922378659248352 -0.3352317214012146
0.7057414650917053 0.9364253282546997 -0.37673771381378174
0.6922529339790344 0.9539231657981873 -0.4228663444519043
0.6780763864517212 0.975325345993042 -0.4734642207622528
0.6632674932479858 1.0010532140731812 -0.5282431244850159
0.6479337215423584 1.0314637422561646 -0.5867348909378052
0.6322407126426697 1.0668079853057861 -0.6482514142990112
0.6164159774780273 1.1071816682815552 -0.7118544578552246
0.6001919507980347 1.152373194694519 -0.7753013968467712
0.5755112171173096 1.200634479522705 -0.821692943572998
0.5282920598983765 1.249795913696289 -0.8241115212440491
0.44297635555267334 1.2986100912094116 -0.7545784115791321
0.3000488579273224 1.3467330932617188 -0.579487144947052
0.07083787769079208 1.3947257995605469 -0.2504163384437561
-0.29342252016067505 1.4442901611328125 0.3146894574165344
-0.8880500197410583 1.499130129814148 1.2765331268310547
1.4815750122070312 -1.365106463432312 -0.06678088009357452
1.0096145868301392 -0.7355366945266724 -0.02732260152697563
0.7434048056602478 -0.3540703356266022 0.01214719656854868
0.5950279831886292 -0.1121416911482811 0.05381019040942192
0.5218945741653442 0.04257292300462723 0.09876372665166855
0.49978524446487427 0.13913530111312866 0.14741076529026031
0.5122101902961731 0.19613410532474518 0.1994507610797882
0.5453761219978333 0.2275276631116867 0.253702312707901
0.5857205390930176 0.24547287821769714 0.3079158365726471
0.6246767044067383 0.2572062909603119 0.3600701689720154
0.6613256335258484 0.26386305689811707 0.4096464514732361
0.6954553723335266 0.2662564516067505 0.45643991231918335
0.726998507976532 0.2652614116668701 0.500433087348938
0.7560121417045593 0.26176759600639343 0.5417715311050415
0.7826538681983948 0.2566469609737396 0.5807368159294128
0.8071600794792175 0.2507359981536865 0.617723286151886
0.8297979831695557 0.24480192363262177 0.6531247496604919
0.8506237864494324 0.23935046792030334 0.6866258382797241
0.8695616722106934 0.23476943373680115 0.7175312042236328
0.8865127563476562 0.231451615691185 0.745115339756012
0.9013550281524658 0.22980035841464996 0.7686175107955933
0.9139450192451477 0.230234295129776 0.7872346639633179
0.9241158962249756 0.23319114744663239 0.8001135587692261
0.9316779375076294 0.2391311377286911 0.8063451051712036
0.9365336298942566 0.24833647906780243 0.805402934551239
0.9388585686683655 0.26058050990104675 0.797852635383606
0.9388652443885803 0.27553415298461914 0.7844446301460266
0.9367701411247253 0.29282909631729126 0.7659739851951599
0.932804524898529 0.31204360723495483 0.7433082461357117
0.9272253513336182 0.33269381523132324 0.7174082398414612
0.9203199148178101 0.3542305827140808 0.6893344521522522
0.9124099016189575 0.3760494589805603 0.6602259278297424
0.9038578867912292 0.397648423910141 0.6309471726417542
0.8950205445289612 0.4187185764312744 0.6019759774208069
0.8862081170082092 0.4390672445297241 0.5736283659934998
0.8776817917823792 0.45860564708709717 0.5460758805274963
0.8696581721305847 0.4773368835449219 0.5193577408790588
0.8623186945915222 0.49534398317337036 0.49339473247528076
0.8558228611946106 0.5127832889556885 0.4679965376853943
0.8502720594406128 0.5299062132835388 0.4428243041038513
0.8455305099487305 0.5471001863479614 0.4173143208026886
0.8414233922958374 0.5647095441818237 0.39095568656921387
0.8378076553344727 0.5829811096191406 0.3633785843849182
0.834561288356781 0.6020495891571045 0.33438029885292053
0.8315773010253906 0.6219124794006348 0.30396726727485657
0.8287601470947266 0.6424006819725037 0.2724035382270813
0.8260270357131958 0.6631552577018738 0.24025018513202667
0.8233582377433777 0.6836130023002625 0.2083844244480133
0.8208106756210327 0.7031676173210144 0.1777442991733551
0.8184299468994141 0.7213590145111084 0.14904537796974182
0.8162410259246826 0.7378882169723511 0.12275557965040207
0.8142510056495667 0.7525991797447205 0.09912032634019852
0.8124532699584961 0.7654499411582947 0.07820584625005722
0.8108303546905518 0.7764788269996643 0.059947747737169266
0.8093563914299011 0.7857844829559326 0.04418265074491501
0.8079882860183716 0.7935791611671448 0.030569881200790405
0.8066774010658264 0.8001070618629456 0.01872037537395954
0.8053774237632751 0.8055820465087891 0.008289159275591373
0.8040435314178467 0.8101953864097595 -0.0010356854181736708
0.8026307225227356 0.8141218423843384 -0.009543723426759243
0.8010929226875305 0.8175256252288818 -0.01751081459224224
0.799382209777832 0.8205647468566895 -0.025206752121448517
0.797456681728363 0.8233751058578491 -0.03286617621779442
0.795303463935852 0.8260224461555481 -0.0406053364276886
0.7929202318191528 0.8285528421401978 -0.048498958349227905
0.7903109192848206 0.8310051560401917 -0.05659974366426468
0.7874889373779297 0.8334121704101562 -0.06493540108203888
0.7844793200492859 0.8358001708984375 -0.07350483536720276
0.7813206911087036 0.8381882905960083 -0.08227431774139404
0.7780627608299255 0.8405879139900208 -0.09118160605430603
0.7746577858924866 0.8429943323135376 -0.10032092779874802
0.7709406018257141 0.8453933596611023 -0.10998762398958206
0.7667425870895386 0.8477731943130493 -0.1204863116145134
0.7619034647941589 0.8501260280609131 -0.1321117877960205
0.7562735080718994 0.8524476289749146 -0.1451435089111328
0.7497156262397766 0.8547378778457642 -0.15984191000461578
0.7421050667762756 0.8569992184638977 -0.17644824087619781
0.7333545088768005 0.8592668175697327 -0.19516460597515106
0.7235454320907593 0.8617576956748962 -0.21605341136455536
0.7128007411956787 0.8647494316101074 -0.239157035946846
0.7012096047401428 0.868505597114563 -0.2645683288574219
0.6888248920440674 0.8732828497886658 -0.29244065284729004
0.6756610870361328 0.8793372511863708 -0.32299914956092834
0.6616921424865723 0.8869355916976929 -0.35655421018600464
0.6468493938446045 0.8963684439659119 -0.39351797103881836
0.6309993863105774 0.90801602602005 -0.43422919511795044
0.6139578819274902 0.9223882555961609 -0.47867923974990845
0.5955615639686584 0.9400060772895813 -0.5267640948295593
0.5756793022155762 0.9613794088363647 -0.5783036947250366
0.5542181134223938 0.986992359161377 -0.6330178380012512
0.5311326384544373 1.017282485961914 -0.690502941608429
0.5064348578453064 1.0526139736175537 -0.7502130270004272
0.4796546399593353 1.0931627750396729 -0.8104537129402161
0.44258934259414673 1.137945294380188 -0.8556009531021118
0.3807885944843292 1.1856919527053833 -0.8601560592651367
0.27781543135643005 1.2359755039215088 -0.797114908695221
0.11259374022483826 1.2893598079681396 -0.6337181329727173
-0.14608998596668243 1.347697377204895 -0.3228819668292999
-0.5511669516563416 1.414916753768921 0.21440906822681427
-1.2051472663879395 1.499130129814148 1.1309795379638672
1.4651975631713867 -1.301897406578064 0.1085982397198677
0.9972434639930725 -0.7560080289840698 0.12229418754577637
0.7326926589012146 -0.42404812574386597 0.14274050295352936
0.5841777920722961 -0.2115871012210846 0.16884511709213257
0.5097548961639404 -0.07346263527870178 0.20017088949680328
0.48575133085250854 0.015229650773108006 0.2363487035036087
0.4961030185222626 0.07029466331005096 0.27670636773109436
0.5273036360740662 0.10350572317838669 0.3199387192726135
0.5659270882606506 0.1250409334897995 0.3638473451137543
0.6033704876899719 0.14090918004512787 0.40646007657051086
0.6385852098464966 0.15205439925193787 0.44717493653297424
0.6712690591812134 0.1592143028974533 0.4857088625431061
0.7013092637062073 0.16321830451488495 0.5219851136207581
0.7287532091140747 0.1649288386106491 0.5561057925224304
0.7537749409675598 0.1652013659477234 0.5883221626281738
0.7766446471214294 0.16486303508281708 0.619006335735321
0.797672688961029 0.16467109322547913 0.6485435366630554
0.81695556640625 0.1650528758764267 0.6766619086265564
0.8344469666481018 0.16628341376781464 0.7027294635772705
0.8500676155090332 0.16864384710788727 0.7260781526565552
0.8637072443962097 0.17242702841758728 0.7459959983825684
0.8752244114875793 0.17794112861156464 0.7617180943489075
0.8844479918479919 0.18551339209079742 0.7724170088768005
0.891175389289856 0.19549280405044556 0.7771954536437988
0.8953015804290771 0.20810328423976898 0.7754935026168823
0.8970227837562561 0.2231919765472412 0.7677551507949829
0.8965774774551392 0.2405131310224533 0.7545986175537109
0.8942121267318726 0.2597680687904358 0.7366938591003418
0.8901932835578918 0.2805898189544678 0.7147964835166931
0.8848183155059814 0.302532434463501 0.6897727251052856
0.8784212470054626 0.3250676393508911 0.6626113653182983
0.8713700175285339 0.3475966453552246 0.6344057321548462
0.8639942407608032 0.3696177303791046 0.6060215830802917
0.8565455079078674 0.3908361792564392 0.5779618620872498
0.8492303490638733 0.4110890328884125 0.5505584478378296
0.8422117233276367 0.4303290545940399 0.5239879488945007
0.8356123566627502 0.4486084282398224 0.49828511476516724
0.829523503780365 0.4660644829273224 0.4733580946922302
0.8240135908126831 0.48291102051734924 0.44899797439575195
0.819109320640564 0.49945396184921265 0.4248468577861786
0.8147032260894775 0.5161034464836121 0.40034815669059753
0.8106774091720581 0.5332174301147461 0.37500491738319397
0.8069450855255127 0.5510593056678772 0.34845981001853943
0.803445041179657 0.5697822570800781 0.3205198049545288
0.8001389503479004 0.5894032120704651 0.2911991477012634
0.797009289264679 0.6097705960273743 0.26076698303222656
0.7940592169761658 0.6305375099182129 0.2297869771718979
0.7913122177124023 0.6511295437812805 0.19911731779575348
0.7887913584709167 0.6709033846855164 0.169644296169281
0.7864961624145508 0.6893642544746399 0.14202746748924255
0.7844054102897644 0.7061849236488342 0.11668089777231216
0.7824817299842834 0.7211880683898926 0.0938003733754158
0.7806761860847473 0.7343149781227112 0.07340724766254425
0.7789314389228821 0.7455919981002808 0.05539579689502716
0.7771849036216736 0.7551082968711853 0.0395658053457737
0.7753934264183044 0.7630836367607117 0.025580842047929764
0.7735279202461243 0.7697744965553284 0.013083351776003838
0.7715611457824707 0.7754025459289551 0.0017620987491682172
0.769465982913971 0.7801635265350342 -0.008659961633384228
0.7672144770622253 0.7842351794242859 -0.018436402082443237
0.7647793889045715 0.7877850532531738 -0.027805443853139877
0.7621320486068726 0.7909734845161438 -0.03699643164873123
0.7592488527297974 0.7939395904541016 -0.04620888829231262
0.7561267614364624 0.7967569828033447 -0.05555079132318497
0.752773642539978 0.7994808554649353 -0.06509187072515488
0.7492074966430664 0.8021602630615234 -0.07487636804580688
0.7454594373703003 0.804839015007019 -0.08491947501897812
0.7415750026702881 0.807554304599762 -0.09520334750413895
0.7376158237457275 0.8103356957435608 -0.10567355155944824
0.7336544394493103 0.8132032752037048 -0.11624472588300705
0.7296389937400818 0.8161541223526001 -0.12700046598911285
0.725368857383728 0.8191685080528259 -0.13824237883090973
0.7206380367279053 0.8222290277481079 -0.15028440952301025
0.7152487635612488 0.8253220319747925 -0.16343289613723755
0.709014892578125 0.828438401222229 -0.17798103392124176
0.7017645835876465 0.8315733075141907 -0.19420552253723145
0.6933392286300659 0.8347261548042297 -0.21236690878868103
0.6836222410202026 0.8379197716712952 -0.23267687857151031
0.6726868152618408 0.8412996530532837 -0.25512877106666565
0.6606565713882446 0.8450539112091064 -0.2796686291694641
0.6476216912269592 0.849364697933197 -0.3062968850135803
0.6336360573768616 0.8544110059738159 -0.33507445454597473
0.6187154650688171 0.8603741526603699 -0.36613041162490845
0.602835476398468 0.8674435019493103 -0.3996695876121521
0.5859285593032837 0.8758252859115601 -0.43598273396492004
0.5678338408470154 0.8858307003974915 -0.4753265082836151
0.5482775568962097 0.8979468941688538 -0.5177317261695862
0.5269933342933655 0.9126768708229065 -0.5631675124168396
0.5037381052970886 0.9305188655853271 -0.6115580797195435
0.47829583287239075 0.9519597291946411 -0.6627681255340576
0.45048394799232483 0.9774671792984009 -0.7165902256965637
0.4201621413230896 1.007474660873413 -0.7727307677268982
0.3867191672325134 1.0423234701156616 -0.8298791646957397
0.3421221971511841 1.0818119049072266 -0.8738120198249817
0.2721695303916931 1.1258203983306885 -0.8809925317764282
0.1603764295578003 1.175053596496582 -0.8262269496917725
-0.01477903313934803 1.2313601970672607 -0.6786754727363586
-0.2855507731437683 1.2983739376068115 -0.3937797248363495
-0.707030713558197 1.382992148399353 0.10348398238420486
-1.3865504264831543 1.4991300106048584 0.9588098526000977
1.4414068460464478 -1.233595609664917 0.2339295595884323
1.0032918453216553 -0.7636848092079163 0.22662431001663208
0.7522391676902771 -0.47427117824554443 0.23225611448287964
0.6092081665992737 -0.2866935729980469 0.246854767203331
0.5358179807662964 -0.16285134851932526 0.2685886025428772
0.5102258324623108 -0.08153710514307022 0.29633811116218567
0.5174715518951416 -0.029187269508838654 0.32900339365005493
0.5448225140571594 0.004364632535725832 0.365036278963089
0.5794766545295715 0.027926117181777954 0.4021208584308624
0.6131476759910583 0.04662857577204704 0.4382387399673462
0.6447474360466003 0.06118576601147652 0.47274690866470337
0.6739363074302673 0.0721861869096756 0.5053339600563049
0.7005888223648071 0.08034152537584305 0.5359083414077759
0.7247586846351624 0.08642140030860901 0.5645679831504822
0.7466370463371277 0.09120826423168182 0.5915640592575073
0.7665157318115234 0.09547381103038788 0.6172710061073303
0.7847277522087097 0.09993371367454529 0.6420820355415344
0.8013917207717896 0.10495532304048538 0.6657795310020447
0.8164786100387573 0.11073993146419525 0.6878049373626709
0.8299204111099243 0.11749336123466492 0.7075580954551697
0.8416124582290649 0.1254306137561798 0.7243886590003967
0.8514150977134705 0.13477908074855804 0.7375850677490234
0.8591523766517639 0.145781010389328 0.7463642954826355
0.864612877368927 0.1586955189704895 0.7498631477355957
0.8676767945289612 0.1737045794725418 0.7475070953369141
0.8685214519500732 0.19074134528636932 0.7396241426467896
0.8673696517944336 0.20965425670146942 0.7267051935195923
0.864456057548523 0.2302238494157791 0.7093018889427185
0.8600426912307739 0.25214534997940063 0.6880669593811035
0.8544307351112366 0.27501609921455383 0.6637851595878601
0.8479659557342529 0.2983311414718628 0.6373894214630127
0.841033399105072 0.3214954733848572 0.6099448800086975
0.8339534997940063 0.34398356080055237 0.5823371410369873
0.8269393444061279 0.36547720432281494 0.555108368396759
0.8201525807380676 0.3858143985271454 0.5286106467247009
0.8137081861495972 0.4049687683582306 0.5030211210250854
0.8076795339584351 0.42302772402763367 0.478360652923584
0.8021069169044495 0.4401730000972748 0.45451194047927856
0.797005295753479 0.4566691219806671 0.431232213973999
0.7923553586006165 0.4728700816631317 0.40813276171684265
0.7880557775497437 0.48919543623924255 0.3846704363822937
0.7840102314949036 0.5059995055198669 0.36037442088127136
0.7801531553268433 0.5235427618026733 0.334909051656723
0.7764475345611572 0.5419781804084778 0.30809688568115234
0.7728829979896545 0.561324954032898 0.27995824813842773
0.7694758176803589 0.5814372897148132 0.2507573366165161
0.7662674784660339 0.6019768118858337 0.22103965282440186
0.7633031606674194 0.6223829388618469 0.1916133314371109
0.7605928778648376 0.6420289874076843 0.16328352689743042
0.7581184506416321 0.6604276299476624 0.1366453468799591
0.7558407783508301 0.6772506237030029 0.11206953227519989
0.7537046074867249 0.6923131346702576 0.08972632139921188
0.7516428828239441 0.7055448293685913 0.06962370872497559
0.7495795488357544 0.7169587016105652 0.05164880305528641
0.7474338412284851 0.7266314625740051 0.03559742495417595
0.7451627254486084 0.7347789406776428 0.02115195244550705
0.7427496314048767 0.7416586875915527 0.007986001670360565
0.7401787042617798 0.7474932670593262 -0.0041824039071798325
0.7374351620674133 0.7524797320365906 -0.015601899474859238
0.7345051765441895 0.7567980885505676 -0.026497317478060722
0.731376051902771 0.7606175541877747 -0.037076421082019806
0.7280368208885193 0.7641012668609619 -0.04753488674759865
0.7244809865951538 0.76739102602005 -0.05804118141531944
0.720711350440979 0.7705618143081665 -0.06869214028120041
0.7167415022850037 0.7736709713935852 -0.07954981923103333
0.7125963568687439 0.7767699956893921 -0.09064983576536179
0.7083138227462769 0.7799040079116821 -0.10199796408414841
0.703946590423584 0.7831114530563354 -0.11356687545776367
0.6995618939399719 0.7864220142364502 -0.12529340386390686
0.6952359080314636 0.7898547053337097 -0.13708534836769104
0.6909018754959106 0.7934044599533081 -0.14902204275131226
0.6863259077072144 0.7970495223999023 -0.1614026576280594
0.6812688112258911 0.8007706999778748 -0.17454013228416443
0.6755008101463318 0.8045536279678345 -0.18874183297157288
0.6688055992126465 0.808388888835907 -0.20430466532707214
0.6609821915626526 0.8122720718383789 -0.22151216864585876
0.6518442034721375 0.8162036538124084 -0.24063490331172943
0.6412519216537476 0.8202006816864014 -0.26188936829566956
0.6292821168899536 0.8243549466133118 -0.2852197587490082
0.6160716414451599 0.8287866711616516 -0.31050336360931396
0.6017239689826965 0.8336160778999329 -0.3376729190349579
0.5863061547279358 0.8389641046524048 -0.3667202591896057
0.5698468685150146 0.844956636428833 -0.39770111441612244
0.5523351430892944 0.8517272472381592 -0.4307395815849304
0.5337170362472534 0.8594226241111755 -0.46603384613990784
0.5138287544250488 0.8682880401611328 -0.5037865042686462
0.4923571050167084 0.8787403702735901 -0.5440793633460999
0.46898916363716125 0.8912108540534973 -0.5869526863098145
0.44343098998069763 0.9061265587806702 -0.6324149370193481
0.41540899872779846 0.9239080548286438 -0.6804336905479431
0.3846752345561981 0.9449665546417236 -0.7309274673461914
0.3510136902332306 0.9696959257125854 -0.7837565541267395
0.3137580156326294 0.9984713196754456 -0.8378800749778748
0.2652548849582672 1.0318430662155151 -0.8805622458457947
0.19192132353782654 1.0709139108657837 -0.8905916213989258
0.07774700224399567 1.1176238059997559 -0.8451547026634216
-0.09850674867630005 1.1752525568008423 -0.7161144018173218
-0.36912792921066284 1.2494401931762695 -0.462432861328125
-0.7900196313858032 1.350482702255249 -0.014226097613573074
-1.4718191623687744 1.499130129814148 0.7662553787231445
1.4094274044036865 -1.1640946865081787 0.3210706114768982
1.0174684524536133 -0.7632678151130676 0.2990230321884155
0.7877925038337708 -0.511319637298584 0.2941513657569885
0.6543291211128235 -0.3455006778240204 0.30070751905441284
0.5840060114860535 -0.23445159196853638 0.3158941864967346
0.5575412511825562 -0.16027331352233887 0.3380109667778015
0.5614356994628906 -0.11125124990940094 0.36557796597480774
0.5839914679527283 -0.07842730730772018 0.396787166595459
0.6133376955986023 -0.05395599454641342 0.4291580617427826
0.6417770981788635 -0.03334325924515724 0.46061474084854126
0.6682999730110168 -0.016122568398714066 0.4905184209346771
0.6926073431968689 -0.0019053242867812514 0.518572211265564
0.7146123647689819 0.009846639819443226 0.5447039604187012
0.7343993186950684 0.01975759118795395 0.5690301060676575
0.7521801590919495 0.028492100536823273 0.5918156504631042
0.7682567238807678 0.03673022612929344 0.6134418249130249
0.7829623818397522 0.04512171819806099 0.6343077421188354
0.7964140176773071 0.053989607840776443 0.654249370098114
0.8085812330245972 0.06349224597215652 0.672782838344574
0.8193939328193665 0.07378741353750229 0.6893787980079651
0.8287448883056641 0.08503631502389908 0.7034525275230408
0.836490273475647 0.09740585088729858 0.7143533229827881
0.8424489498138428 0.11107008159160614 0.7213532328605652
0.8464031219482422 0.12621112167835236 0.723639190196991
0.8482151031494141 0.14297650754451752 0.7206396460533142
0.8480237722396851 0.16138829290866852 0.7125791907310486
0.8460137248039246 0.18139244616031647 0.6998344659805298
0.8423874378204346 0.20285360515117645 0.6828528642654419
0.8373824954032898 0.22553546726703644 0.6621983647346497
0.8312833309173584 0.24908576905727386 0.6385865211486816
0.8244286775588989 0.27303069829940796 0.6129056215286255
0.8172041177749634 0.2967859208583832 0.586200475692749
0.8099353909492493 0.3197897970676422 0.5593803524971008
0.8028343319892883 0.34167489409446716 0.5330244302749634
0.7960513830184937 0.3622594475746155 0.5074979662895203
0.7896823883056641 0.3815228343009949 0.4829701781272888
0.7837757468223572 0.3995759189128876 0.45943740010261536
0.7783429026603699 0.4166352152824402 0.43674808740615845
0.7733680605888367 0.4330075979232788 0.4146184027194977
0.7688026428222656 0.4490868151187897 0.3926240801811218
0.7645362019538879 0.46529436111450195 0.3702368438243866
0.7604695558547974 0.4819713830947876 0.34701475501060486
0.7565351724624634 0.4993641972541809 0.32264527678489685
0.7526931762695312 0.5176115036010742 0.2969663143157959
0.7489321231842041 0.5367208123207092 0.2700027525424957
0.7452694773674011 0.5565383434295654 0.2420099824666977
0.7417520880699158 0.5767229795455933 0.2135106325149536
0.7384324669837952 0.5967356562614441 0.1852569282054901
0.7353278398513794 0.6159984469413757 0.15797090530395508
0.7324278950691223 0.6340624690055847 0.13218732178211212
0.7297003865242004 0.6506228446960449 0.10824261605739594
0.7270950078964233 0.665505051612854 0.08629366010427475
0.7245481014251709 0.6786413192749023 0.06634905934333801
0.7219836711883545 0.6900411248207092 0.0483035072684288
0.7193190455436707 0.6997760534286499 0.03196324035525322
0.7165136337280273 0.7080538868904114 0.01703590713441372
0.713556706905365 0.7151237726211548 0.003226241795346141
0.710439920425415 0.7212036848068237 -0.009719986468553543
0.7071568965911865 0.7264869213104248 -0.02202535793185234
0.7037040591239929 0.7311521172523499 -0.03388871252536774
0.7000810503959656 0.7353676557540894 -0.04549047350883484
0.6962913274765015 0.7392961978912354 -0.056996237486600876
0.6923409104347229 0.74307781457901 -0.06854648888111115
0.6882337331771851 0.7467827796936035 -0.08022687584161758
0.6839814186096191 0.7504629492759705 -0.09209248423576355
0.6796058416366577 0.7541635632514954 -0.1041729673743248
0.6751407384872437 0.7579230070114136 -0.11646992713212967
0.6706320643424988 0.7617715001106262 -0.12895435094833374
0.6661378741264343 0.7657297849655151 -0.1415650099515915
0.6617216467857361 0.7698078751564026 -0.154215469956398
0.657294750213623 0.7739961743354797 -0.16698655486106873
0.6525937914848328 0.7782742977142334 -0.18017077445983887
0.6473519802093506 0.7826256155967712 -0.19407421350479126
0.641313910484314 0.7870388627052307 -0.20899838209152222
0.6342397928237915 0.7915084958076477 -0.22523613274097443
0.6259066462516785 0.796034038066864 -0.24306899309158325
0.6161073446273804 0.8006204962730408 -0.2627677917480469
0.6046866774559021 0.8052833080291748 -0.2845456302165985
0.5917347073554993 0.8100764155387878 -0.3083091378211975
0.5774116516113281 0.8150708079338074 -0.33388546109199524
0.5618425607681274 0.8203414082527161 -0.36115750670433044
0.5451151132583618 0.8259676694869995 -0.3900661766529083
0.5272775292396545 0.8320351243019104 -0.42061322927474976
0.5083374381065369 0.83863765001297 -0.4528634548187256
0.488258957862854 0.845880389213562 -0.48694825172424316
0.4668886661529541 0.8539488315582275 -0.5230367183685303
0.4439062774181366 0.8631675243377686 -0.5612599849700928
0.4189896583557129 0.8738713264465332 -0.6017190217971802
0.39183422923088074 0.8863897323608398 -0.6444857716560364
0.36215490102767944 0.9010471701622009 -0.6895986795425415
0.329689085483551 0.9181605577468872 -0.7370555400848389
0.29420316219329834 0.9380350112915039 -0.7868074774742126
0.2550422251224518 0.9610170125961304 -0.8380095362663269
0.20502471923828125 0.9883376359939575 -0.8794394135475159
0.1313411295413971 1.0222573280334473 -0.8923783898353577
0.01870856247842312 1.0658951997756958 -0.8566866517066956
-0.1534307301044464 1.1239099502563477 -0.7473881840705872
-0.41678670048713684 1.2039169073104858 -0.5276733636856079
-0.8271372318267822 1.3196595907211304 -0.13393884897232056
-1.4970827102661133 1.499130129814148 0.5616751909255981
1.3689861297607422 -1.0973185300827026 0.3818027675151825
1.0298867225646973 -0.7592235207557678 0.35153210163116455
0.8253599405288696 -0.5408677458763123 0.3401888310909271
0.7037869691848755 -0.3945179879665375 0.34153106808662415
0.6380223631858826 -0.29511314630508423 0.3523224890232086
0.6115758419036865 -0.22774820029735565 0.3705134987831116
0.612490713596344 -0.1822916865348816 0.39435121417045593
0.6301761269569397 -0.1507500559091568 0.4218321442604065
0.6538400650024414 -0.12600857019424438 0.45038050413131714
0.6765474081039429 -0.10406570881605148 0.47793954610824585
0.6974674463272095 -0.08468637615442276 0.5039305090904236
0.7164095044136047 -0.06769498437643051 0.5281096696853638
0.7333625555038452 -0.05275106430053711 0.5504437685012817
0.7484564185142517 -0.03940296545624733 0.571072518825531
0.7619196772575378 -0.027129244059324265 0.590267539024353
0.774048388004303 -0.015363112092018127 0.608400821685791
0.7851545214653015 -0.0035358804743736982 0.6258573532104492
0.7953320741653442 0.008643772453069687 0.6425135135650635
0.8045333623886108 0.021314440295100212 0.6579529643058777
0.8126755952835083 0.03460584208369255 0.6717110276222229
0.8196413516998291 0.04864228516817093 0.6832650899887085
0.8252796530723572 0.06354415416717529 0.6920244693756104
0.8294036984443665 0.07942810654640198 0.6973204612731934
0.8317914605140686 0.09640644490718842 0.6983984112739563
0.8322908878326416 0.11459245532751083 0.6947051882743835
0.8309992551803589 0.1340871900320053 0.6863815784454346
0.8280604481697083 0.1549253612756729 0.6737112402915955
0.8236438035964966 0.1770506203174591 0.6570585370063782
0.8179598450660706 0.2002943754196167 0.6369160413742065
0.8112743496894836 0.22435879707336426 0.6139438152313232
0.8039144277572632 0.2488098293542862 0.5889900326728821
0.7962615489959717 0.2730863690376282 0.5630762577056885
0.7886502146720886 0.2965924143791199 0.5371231436729431
0.7813026309013367 0.31890130043029785 0.5117319822311401
0.7743680477142334 0.3398028612136841 0.48726847767829895
0.7679303288459778 0.3592734634876251 0.46388334035873413
0.76201993227005 0.37743887305259705 0.4415431320667267
0.7566272020339966 0.3945417106151581 0.4200606048107147
0.7517132759094238 0.4109211564064026 0.39911317825317383
0.7472069263458252 0.4270022511482239 0.378245085477829
0.7429817914962769 0.44320815801620483 0.3569401502609253
0.7389257550239563 0.45986825227737427 0.33477887511253357
0.7349574565887451 0.47721365094184875 0.31146639585494995
0.7310234308242798 0.4953658878803253 0.28685152530670166
0.7270978689193726 0.5143142342567444 0.26096177101135254
0.7231860756874084 0.5338875651359558 0.23404617607593536
0.7193250060081482 0.5537291169166565 0.20661185681819916
0.7155706286430359 0.5733126401901245 0.17937052249908447
0.7119581699371338 0.5921123623847961 0.152979776263237
0.708497941493988 0.609725832939148 0.12792716920375824
0.7051769495010376 0.6258829236030579 0.10452182590961456
0.7019621133804321 0.6404336094856262 0.08290921896696091
0.6988033056259155 0.6533262133598328 0.06309709697961807
0.6956349015235901 0.664581835269928 0.04498472809791565
0.6923814415931702 0.6742798089981079 0.028385521844029427
0.6890064477920532 0.6826221942901611 0.013030556961894035
0.6855039596557617 0.6898473501205444 -0.0013451605336740613
0.6818711757659912 0.6961643695831299 -0.014968669973313808
0.6781097054481506 0.7017618417739868 -0.028036871924996376
0.6742245554924011 0.7068132758140564 -0.0407230369746685
0.6702264547348022 0.7114835381507874 -0.05318095535039902
0.6661311984062195 0.7159317135810852 -0.06554756313562393
0.6619542241096497 0.7202919721603394 -0.07793774455785751
0.6576949954032898 0.7246261239051819 -0.09042856842279434
0.6533569693565369 0.7289755344390869 -0.10307127237319946
0.6489519476890564 0.7333739399909973 -0.11589334160089493
0.644501805305481 0.7378479242324829 -0.1288965791463852
0.6400380730628967 0.7424142360687256 -0.14205510914325714
0.6356019377708435 0.7470800280570984 -0.15531428158283234
0.631237804889679 0.7518419623374939 -0.16859781742095947
0.6268333792686462 0.7566850185394287 -0.1819898933172226
0.6220999956130981 0.7615917325019836 -0.19577541947364807
0.6167477965354919 0.7665502429008484 -0.21025139093399048
0.6105007529258728 0.771553635597229 -0.22571001946926117
0.6031004190444946 0.7766008377075195 -0.24243499338626862
0.594307541847229 0.7816958427429199 -0.26069876551628113
0.5839009284973145 0.7868478894233704 -0.2807629406452179
0.5717177987098694 0.7920718789100647 -0.30282729864120483
0.5578693747520447 0.7973946928977966 -0.32676437497138977
0.5425459742546082 0.8028526902198792 -0.35236096382141113
0.5258999466896057 0.8084895610809326 -0.37946176528930664
0.5080426931381226 0.8143554925918579 -0.4079701900482178
0.4890437424182892 0.820509135723114 -0.43785059452056885
0.4689287543296814 0.827017605304718 -0.46912845969200134
0.4476781487464905 0.8339586853981018 -0.5018927454948425
0.4251491129398346 0.8414701819419861 -0.536297082901001
0.4010249972343445 0.8497897982597351 -0.5725164413452148
0.3749876320362091 0.8591601848602295 -0.6107019186019897
0.34673717617988586 0.8698184490203857 -0.6509755253791809
0.3159940242767334 0.8819953203201294 -0.693426787853241
0.28250187635421753 0.8959148526191711 -0.7381079792976379
0.2460336536169052 0.9117910265922546 -0.7850281596183777
0.20597025752067566 0.9299256205558777 -0.8334975838661194
0.15557372570037842 0.9521136283874512 -0.8737530708312988
0.08276107162237167 0.9815871119499207 -0.8895301818847656
-0.02702369913458824 1.0224528312683105 -0.8633732795715332
-0.19358478486537933 1.0805355310440063 -0.7735767960548401
-0.44785362482070923 1.165153980255127 -0.5878749489784241
-0.8450199961662292 1.2931188344955444 -0.24976973235607147
-1.498569130897522 1.499130129814148 0.3564353287220001
1.3218883275985718 -1.036247968673706 0.4239918291568756
1.0353878736495972 -0.754323422908783 0.39139822125434875
0.8567120432853699 -0.5661713480949402 0.377164363861084
0.7478763461112976 -0.43731942772865295 0.3756149411201477
0.6874929070472717 -0.34841611981391907 0.38355860114097595
0.6617838740348816 -0.28727400302886963 0.39883527159690857
0.6602770686149597 -0.24517591297626495 0.41955944895744324
0.673474907875061 -0.21497677266597748 0.4436522424221039
0.6917197108268738 -0.19020667672157288 0.4685854911804199
0.7089194655418396 -0.1672867238521576 0.4924429953098297
0.7244659066200256 -0.14616356790065765 0.5147532820701599
0.7382994294166565 -0.1268419772386551 0.5353468656539917
0.7504913806915283 -0.10916033387184143 0.5542325973510742
0.7612097263336182 -0.09283063560724258 0.5715617537498474
0.7706872820854187 -0.0774724930524826 0.587592601776123
0.7791978120803833 -0.06263470649719238 0.6026628613471985
0.7870147824287415 -0.047833990305662155 0.6171157956123352
0.7941979169845581 -0.032802119851112366 0.6308515667915344
0.8006764054298401 -0.017405929043889046 0.6435113549232483
0.8063507080078125 -0.0015312210889533162 0.6546862721443176
0.8110918998718262 0.014920164830982685 0.6639094948768616
0.8147414326667786 0.032030876725912094 0.6706467866897583
0.8171094655990601 0.049866873770952225 0.6742891073226929
0.8179742097854614 0.06847499310970306 0.674146294593811
0.8171759247779846 0.08792988955974579 0.6696968078613281
0.8147786855697632 0.10839170962572098 0.6610192656517029
0.8108956217765808 0.12996505200862885 0.6483288407325745
0.805671215057373 0.15265808999538422 0.631929337978363
0.7992983460426331 0.17636120319366455 0.612260639667511
0.7920305728912354 0.20082950592041016 0.5899370908737183
0.7841870188713074 0.2256750911474228 0.5657668113708496
0.7761436700820923 0.2503734827041626 0.540733814239502
0.7682392597198486 0.27430617809295654 0.5157480835914612
0.7606996893882751 0.29699206352233887 0.49141302704811096
0.7536659836769104 0.31819257140159607 0.4680803418159485
0.7472063899040222 0.33787789940834045 0.44587618112564087
0.7413312792778015 0.35618263483047485 0.4247375726699829
0.7360090613365173 0.3733663260936737 0.4044470191001892
0.7311790585517883 0.38979020714759827 0.38465335965156555
0.7267494797706604 0.4059011936187744 0.36487913131713867
0.722578763961792 0.4221287965774536 0.3446156680583954
0.7185414433479309 0.43879884481430054 0.3234573304653168
0.7145426869392395 0.4561341106891632 0.3011188507080078
0.710515022277832 0.47424399852752686 0.2774544954299927
0.7064193487167358 0.4931017756462097 0.2524932026863098
0.7022485733032227 0.5125161409378052 0.22648245096206665
0.698032021522522 0.5321075320243835 0.19992591440677643
0.6938305497169495 0.5513482689857483 0.17351661622524261
0.6896995902061462 0.5697494745254517 0.1478727012872696
0.6856713891029358 0.5869463682174683 0.12344990670681
0.6817529201507568 0.6027023196220398 0.10053538531064987
0.67792809009552 0.6168957948684692 0.07926037907600403
0.6741605997085571 0.6294997334480286 0.05962357670068741
0.6703948974609375 0.6405566334724426 0.04151745140552521
0.6665624976158142 0.6501649618148804 0.02475062943994999
0.662631630897522 0.6585257649421692 0.009071193635463715
0.6586013436317444 0.6658675670623779 -0.005757567938417196
0.654475212097168 0.6723915934562683 -0.01993658021092415
0.6502619385719299 0.6782795786857605 -0.033637624233961105
0.6459757685661316 0.6836998462677002 -0.04700886830687523
0.6416369676589966 0.6888113021850586 -0.060178156942129135
0.6372728943824768 0.6937674283981323 -0.07325506955385208
0.6329064965248108 0.6986956000328064 -0.08633125573396683
0.6285303831100464 0.7036476135253906 -0.09947875887155533
0.6241376996040344 0.7086543440818787 -0.11274827271699905
0.6197289228439331 0.7137382626533508 -0.12616801261901855
0.615312397480011 0.7189128994941711 -0.13974197208881378
0.6109052896499634 0.7241820096969604 -0.1534484177827835
0.6065323948860168 0.7295389175415039 -0.16723887622356415
0.6022206544876099 0.7349662184715271 -0.18104510009288788
0.5978376865386963 0.7404435276985168 -0.19495311379432678
0.5930740237236023 0.745957612991333 -0.20924034714698792
0.5876201391220093 0.751500129699707 -0.22419391572475433
0.5811826586723328 0.7570677995681763 -0.24009476602077484
0.5734882950782776 0.7626621723175049 -0.2572135031223297
0.5642856955528259 0.7682895064353943 -0.2758076786994934
0.5533456802368164 0.7739601135253906 -0.29612094163894653
0.5405056476593018 0.779686450958252 -0.31832998991012573
0.5259032845497131 0.785474956035614 -0.3422732353210449
0.5097618699073792 0.7913371324539185 -0.36770346760749817
0.49226170778274536 0.7972950339317322 -0.394435852766037
0.4735379219055176 0.8033804893493652 -0.42234867811203003
0.4536776840686798 0.8096346855163574 -0.4513840079307556
0.432719886302948 0.8161091804504395 -0.48154735565185547
0.4106532335281372 0.8228663206100464 -0.5129085779190063
0.3873380720615387 0.8300117254257202 -0.5456213355064392
0.36245834827423096 0.8377169966697693 -0.5798993110656738
0.33569756150245667 0.8461543917655945 -0.6159347295761108
0.30675941705703735 0.8554894328117371 -0.6538898944854736
0.27536895871162415 0.8658816814422607 -0.6938945651054382
0.24127617478370667 0.8774824738502502 -0.7360420823097229
0.2042614072561264 0.8904341459274292 -0.7803843021392822
0.16373780369758606 0.9050029516220093 -0.8263629674911499
0.11332124471664429 0.9234058856964111 -0.8655659556388855
0.0415109284222126 0.9496064782142639 -0.884015679359436
-0.06565326452255249 0.9884552955627441 -0.8667815923690796
-0.2273307591676712 1.046662449836731 -0.795303463935852
-0.47372958064079285 1.1348636150360107 -0.6418487429618835
-0.8593336939811707 1.272296667098999 -0.3573874235153198
-1.4977712631225586 1.499130129814148 0.15991002321243286
1.2719043493270874 -0.9822150468826294 0.4507552981376648
1.0349972248077393 -0.7491310834884644 0.42027246952056885
0.8817895650863647 -0.587717592716217 0.40601789951324463
0.7859805822372437 -0.4743881821632385 0.4034637212753296
0.7314130067825317 -0.39474108815193176 0.40979304909706116
0.7068614363670349 -0.33901920914649963 0.42293116450309753
0.7032981514930725 -0.2998003661632538 0.44099923968315125
0.7123371958732605 -0.270742267370224 0.4619709551334381
0.7255076766014099 -0.24600566923618317 0.4835032820701599
0.7375949621200562 -0.2223985344171524 0.5039129257202148
0.7482055425643921 -0.19998236000537872 0.5228490829467773
0.7573937177658081 -0.1788804829120636 0.5402131676673889
0.765293538570404 -0.15906035900115967 0.5560439229011536
0.7720940709114075 -0.1403612494468689 0.5704880952835083
0.7780161499977112 -0.12251946330070496 0.5837714076042175
0.7832996845245361 -0.10518614947795868 0.5961785316467285
0.788171112537384 -0.08795864135026932 0.6079935431480408
0.7926536202430725 -0.07058724761009216 0.6191297173500061
0.7966539859771729 -0.052937865257263184 0.6292794346809387
0.8000572919845581 -0.034905485808849335 0.638084888458252
0.8027257919311523 -0.016412172466516495 0.645132303237915
0.8044971227645874 0.0025923417415469885 0.6499442458152771
0.8051825761795044 0.02212776243686676 0.6519736647605896
0.8045677542686462 0.042178913950920105 0.6506023406982422
0.8024936318397522 0.06277718394994736 0.6453535556793213
0.7990002632141113 0.08412016183137894 0.6362639665603638
0.7941790223121643 0.10636147856712341 0.623500645160675
0.7881593704223633 0.1295575201511383 0.6073258519172668
0.7811231017112732 0.15364691615104675 0.588140606880188
0.7733155488967896 0.17843346297740936 0.566519021987915
0.7650481462478638 0.20357918739318848 0.5432233810424805
0.7566875219345093 0.22860756516456604 0.5191834568977356
0.7485675811767578 0.2528906762599945 0.49527421593666077
0.7409085631370544 0.2759009897708893 0.47208091616630554
0.733836829662323 0.2973736822605133 0.4499300420284271
0.7274007201194763 0.3172699511051178 0.42892012000083923
0.721588671207428 0.3357260227203369 0.40896204113960266
0.7163481712341309 0.35300931334495544 0.3898165822029114
0.7115978002548218 0.36949142813682556 0.3711150586605072
0.7072274684906006 0.3856315314769745 0.3523692190647125
0.703083336353302 0.40186959505081177 0.33307722210884094
0.6990304589271545 0.4185364842414856 0.31284254789352417
0.6949638724327087 0.43585503101348877 0.2913855016231537
0.6908065676689148 0.4539299011230469 0.26856306195259094
0.6865105628967285 0.4727243483066559 0.24440576136112213
0.6820626854896545 0.4920312464237213 0.21916328370571136
0.677490770816803 0.5114490389823914 0.1933443695306778
0.6728646159172058 0.5304414629936218 0.1676378697156906
0.6682581305503845 0.5485414266586304 0.1426391303539276
0.66372150182724 0.565410315990448 0.11878232657909393
0.6592774987220764 0.5808386206626892 0.09633594006299973
0.654922604560852 0.5947316884994507 0.07541485875844955
0.6506293416023254 0.6070877313613892 0.056002840399742126
0.646348237991333 0.6179742217063904 0.03797769919037819
0.6420136094093323 0.627511739730835 0.02113477699458599
0.6375967860221863 0.6359034180641174 0.005234220996499062
0.6331006288528442 0.6433679461479187 -0.009934676811099052
0.6285339593887329 0.6500982642173767 -0.024548539891839027
0.6239112019538879 0.6562685966491699 -0.03875577077269554
0.6192530989646912 0.6620399951934814 -0.05268131196498871
0.6145874261856079 0.6675639748573303 -0.06642937660217285
0.6099492907524109 0.6729863286018372 -0.08008511364459991
0.6053667664527893 0.6784261465072632 -0.09372029453516006
0.6008272767066956 0.6839286088943481 -0.1074044331908226
0.5963155031204224 0.6895162463188171 -0.12118950486183167
0.5918232798576355 0.6952030658721924 -0.13510559499263763
0.5873497128486633 0.7009935975074768 -0.14915944635868073
0.5829015970230103 0.7068815231323242 -0.16333284974098206
0.5784928798675537 0.7128494381904602 -0.17758193612098694
0.5741389989852905 0.718869149684906 -0.1918434053659439
0.5696940422058105 0.7249169945716858 -0.2062029242515564
0.5648330450057983 0.7309843301773071 -0.2209293395280838
0.559231698513031 0.737066388130188 -0.2362981140613556
0.5525833368301392 0.7431619763374329 -0.25257593393325806
0.544603705406189 0.7492733001708984 -0.2700161933898926
0.5350342988967896 0.7554057836532593 -0.28885528445243835
0.5236436724662781 0.7615675330162048 -0.3093111217021942
0.5102762579917908 0.7677657604217529 -0.3315291106700897
0.4950965344905853 0.7739893794059753 -0.3553159236907959
0.4783579707145691 0.7802314162254333 -0.38039880990982056
0.4602656364440918 0.7864993214607239 -0.4065743386745453
0.44097235798835754 0.7928130030632019 -0.4337082505226135
0.42057672142982483 0.7992045283317566 -0.4617355465888977
0.3991222381591797 0.8057183623313904 -0.49065905809402466
0.3765958845615387 0.8124104142189026 -0.5205491781234741
0.3528527617454529 0.8193670511245728 -0.5515719056129456
0.32757556438446045 0.8267139196395874 -0.5839734077453613
0.3004486858844757 0.8345727324485779 -0.6179774403572083
0.2711786925792694 0.8430582284927368 -0.6537768840789795
0.23949526250362396 0.8522774577140808 -0.6915313005447388
0.20515502989292145 0.8623301386833191 -0.7313640117645264
0.1679469347000122 0.8733059763908386 -0.7733566164970398
0.1273130178451538 0.8854432106018066 -0.8170615434646606
0.07715480029582977 0.9012608528137207 -0.8553088903427124
0.006443891674280167 0.9252458810806274 -0.87623131275177
-0.09828256815671921 0.9627832174301147 -0.8672436475753784
-0.2556190490722656 1.0212252140045166 -0.8127568364143372
-0.4950823187828064 1.1121773719787598 -0.6894363164901733
-0.8703244924545288 1.2566957473754883 -0.4557706117630005
-1.494388222694397 1.499130129814148 -0.024671107530593872
1.2221850156784058 -0.935725748538971 0.4651300013065338
1.0301800966262817 -0.7440178990364075 0.4396125376224518
0.9012220501899719 -0.6058743000030518 0.42741236090660095
0.8182573914527893 -0.5061084032058716 0.4252852201461792
0.7696133255958557 -0.43443763256073 0.4309483468532562
0.74639892578125 -0.3832423985004425 0.4425486624240875
0.7409964203834534 -0.34630095958709717 0.45833542943000793
0.7461649179458618 -0.31806206703186035 0.47645360231399536
0.754655659198761 -0.2933303713798523 0.49485665559768677
0.7621213793754578 -0.26927781105041504 0.5121495127677917
0.7683418393135071 -0.2460108995437622 0.5280906558036804
0.7734456658363342 -0.22370192408561707 0.5426339507102966
0.7775993943214417 -0.20238709449768066 0.5558303594589233
0.7809901833534241 -0.18198487162590027 0.5678056478500366
0.7838138341903687 -0.16231389343738556 0.5787397623062134
0.7862691879272461 -0.14310556650161743 0.5888529419898987
0.7885329723358154 -0.12402694672346115 0.5983597636222839
0.7905946969985962 -0.10484445840120316 0.6071812510490417
0.79234379529953 -0.08542124927043915 0.6150568127632141
0.7936547994613647 -0.06565865874290466 0.6216781735420227
0.7943853735923767 -0.0454954169690609 0.6266835927963257
0.7943747043609619 -0.024909818544983864 0.6296542286872864
0.7934420704841614 -0.003924529999494553 0.6301102042198181
0.7913877367973328 0.01738717220723629 0.6275128722190857
0.7880633473396301 0.03900972381234169 0.6214442253112793
0.783494234085083 0.06115637719631195 0.6119166016578674
0.7777595520019531 0.08400876075029373 0.5990668535232544
0.7709802985191345 0.10765455663204193 0.5831300616264343
0.7633325457572937 0.13206885755062103 0.5644775032997131
0.7550544738769531 0.15709908306598663 0.5436440110206604
0.7464465498924255 0.18245896697044373 0.5213369131088257
0.7378585338592529 0.20772892236709595 0.4984128773212433
0.7296085953712463 0.23228560388088226 0.47568783164024353
0.7219018936157227 0.2555654048919678 0.4537108242511749
0.7148441672325134 0.2772805392742157 0.4327748715877533
0.708461344242096 0.2973799705505371 0.4129507541656494
0.7027207612991333 0.3159945011138916 0.39412951469421387
0.6975494623184204 0.33338916301727295 0.37605932354927063
0.6928479075431824 0.3499341607093811 0.35836565494537354
0.6884896755218506 0.36609023809432983 0.34056001901626587
0.6843138337135315 0.3823105990886688 0.3221498727798462
0.6801808476448059 0.3989386260509491 0.3027471601963043
0.6759817004203796 0.41620495915412903 0.2820769250392914
0.6716359853744507 0.43421801924705505 0.25999900698661804
0.6670947074890137 0.45293980836868286 0.23654676973819733
0.6623469591140747 0.47215569019317627 0.21197499334812164
0.657429039478302 0.49145030975341797 0.18680201470851898
0.652423620223999 0.5102782845497131 0.16171976923942566
0.6474184393882751 0.528181254863739 0.13730959594249725
0.642474889755249 0.54483562707901 0.11398908495903015
0.6376237869262695 0.5600500106811523 0.09200933575630188
0.6328668594360352 0.5737502574920654 0.07146736979484558
0.6281784176826477 0.5859560370445251 0.05232864245772362
0.6235081553459167 0.5967568159103394 0.03445209190249443
0.6187877655029297 0.6062937378883362 0.017615530639886856
0.6139881610870361 0.6147712469100952 0.0015879733255133033
0.6091148853302002 0.6223984360694885 -0.013817652128636837
0.6041790843009949 0.6293590664863586 -0.028755920007824898
0.599198043346405 0.635818600654602 -0.043354254215955734
0.5941958427429199 0.6419290900230408 -0.05771706625819206
0.5892035365104675 0.6478332281112671 -0.07192809879779816
0.5842602252960205 0.6536670327186584 -0.08605172485113144
0.5793964266777039 0.6595411896705627 -0.10014326125383377
0.5745972990989685 0.665496826171875 -0.11427059024572372
0.5698443651199341 0.6715536117553711 -0.12848708033561707
0.5651264786720276 0.6777217388153076 -0.14282463490962982
0.5604395866394043 0.684001624584198 -0.15729202330112457
0.5557872653007507 0.6903823018074036 -0.17187368869781494
0.5511806011199951 0.6968412399291992 -0.1865285336971283
0.5466315150260925 0.7033447623252869 -0.20119608938694
0.5419886708259583 0.7098697423934937 -0.21595974266529083
0.5369182229042053 0.7164128422737122 -0.2310781478881836
0.5310871601104736 0.722973108291626 -0.2468128651380539
0.5241805911064148 0.729550302028656 -0.2634129226207733
0.5159081816673279 0.7361453175544739 -0.2811099886894226
0.5060092806816101 0.7427600622177124 -0.3001137971878052
0.4942564368247986 0.7493972182273865 -0.3206096887588501
0.4805060029029846 0.7560548782348633 -0.34270545840263367
0.4649459719657898 0.7627061009407043 -0.36618122458457947
0.44785207509994507 0.769328773021698 -0.3907489478588104
0.42944565415382385 0.7759195566177368 -0.4161980152130127
0.4098888337612152 0.7824914455413818 -0.44239434599876404
0.3892821967601776 0.7890734076499939 -0.46927955746650696
0.36766403913497925 0.7957078814506531 -0.4968675673007965
0.3450092673301697 0.8024514317512512 -0.5252442359924316
0.32116076350212097 0.8093817830085754 -0.5545962452888489
0.29579997062683105 0.8165948390960693 -0.5851940512657166
0.26861387491226196 0.8241801261901855 -0.61728435754776
0.23931308090686798 0.8322182297706604 -0.6510810256004333
0.20763352513313293 0.840782105922699 -0.6867641806602478
0.1733398735523224 0.8499353528022766 -0.7244765758514404
0.13623164594173431 0.8597325086593628 -0.7643194198608398
0.09577924758195877 0.8703915476799011 -0.8059377074241638
0.04612662270665169 0.8846334218978882 -0.843296229839325
-0.023349929600954056 0.9072976112365723 -0.8664618730545044
-0.12567190825939178 0.9441318511962891 -0.8650088906288147
-0.2789035439491272 1.0029290914535522 -0.8261156678199768
-0.511853039264679 1.0959701538085938 -0.730622410774231
-0.8771606683731079 1.245591402053833 -0.5443346500396729
-1.486512303352356 1.499130129814148 -0.1950359046459198
1.1750926971435547 -0.8967558145523071 0.4700556993484497
1.0223356485366821 -0.739310622215271 0.4509545862674713
0.9157117605209351 -0.6210634708404541 0.44210493564605713
0.8449686765670776 -0.5329616069793701 0.4413831830024719
0.8020708560943604 -0.4680215120315552 0.4470589756965637
0.7801965475082397 -0.4204694330692291 0.45757558941841125
0.7730936408042908 -0.3851982653141022 0.4714047610759735
0.774685263633728 -0.35743996500968933 0.48695582151412964
0.7789427042007446 -0.3326527178287506 0.5025531053543091
0.7823360562324524 -0.3083489239215851 0.5171091556549072
0.784761369228363 -0.2846193015575409 0.5304673910140991
0.7863768935203552 -0.2616235017776489 0.5426111817359924
0.7873486876487732 -0.23941101133823395 0.5535860061645508
0.7878426313400269 -0.21793358027935028 0.5634846091270447
0.788019061088562 -0.19705666601657867 0.5724336504936218
0.7880316972732544 -0.176566943526268 0.5805837512016296
0.7880094647407532 -0.1561867594718933 0.5880773067474365
0.7879140377044678 -0.1356964260339737 0.5948386788368225
0.787623405456543 -0.11495649069547653 0.600652277469635
0.7870070934295654 -0.0938730537891388 0.6052572727203369
0.7859241366386414 -0.07239874452352524 0.608345091342926
0.7842211127281189 -0.050536759197711945 0.609557569026947
0.7817322015762329 -0.028347721323370934 0.6084873676300049
0.77828049659729 -0.005957833491265774 0.6046836972236633
0.7737380266189575 0.016568398103117943 0.5977993607521057
0.7681258320808411 0.03943907842040062 0.5878388285636902
0.7615185379981995 0.06284327805042267 0.5749233365058899
0.7540351748466492 0.08688367158174515 0.5592714548110962
0.7458478212356567 0.11156045645475388 0.5412290692329407
0.7371864318847656 0.1367589682340622 0.5212888121604919
0.7283347249031067 0.16224567592144012 0.5000914931297302
0.7196158766746521 0.18766504526138306 0.4784027934074402
0.7113214135169983 0.21241286396980286 0.4569578766822815
0.7036321759223938 0.23590217530727386 0.4362545907497406
0.6966291666030884 0.2578260898590088 0.41654714941978455
0.690315306186676 0.2781184911727905 0.3978812098503113
0.6846377849578857 0.29689693450927734 0.3801349997520447
0.6795059442520142 0.3144136369228363 0.36305394768714905
0.6748040914535522 0.33102530241012573 0.34626805782318115
0.6703921556472778 0.3471825122833252 0.3292991518974304
0.6661073565483093 0.3633524775505066 0.31166887283325195
0.6618122458457947 0.37989622354507446 0.29299992322921753
0.6574004888534546 0.3970588147640228 0.27302470803260803
0.6527960896492004 0.41496026515960693 0.25160813331604004
0.6479576230049133 0.43357086181640625 0.22878853976726532
0.64288729429245 0.45268064737319946 0.20482780039310455
0.6376397609710693 0.4718734622001648 0.18025454878807068
0.6323152780532837 0.4906003773212433 0.15576456487178802
0.6270079612731934 0.508402407169342 0.13192658126354218
0.6217806935310364 0.5249599814414978 0.109142005443573
0.6166637539863586 0.5400903224945068 0.08764416724443436
0.61165452003479 0.5537306070327759 0.067511186003685
0.6067211031913757 0.5659142136573792 0.04868923872709274
0.6018053889274597 0.5767458081245422 0.03101765550673008
0.5968300700187683 0.5863813161849976 0.014256294816732407
0.5917626619338989 0.5950245261192322 -0.0018184995278716087
0.5866084694862366 0.6028743386268616 -0.01737258769571781
0.5813786387443542 0.6101049184799194 -0.032540999352931976
0.5760902166366577 0.6168715953826904 -0.04743281751871109
0.5707664489746094 0.6233164072036743 -0.06213485449552536
0.5654381513595581 0.6295714378356934 -0.07671362161636353
0.5601434707641602 0.6357614398002625 -0.09121636301279068
0.5549129843711853 0.6419883966445923 -0.10568469762802124
0.5497340559959412 0.6482929587364197 -0.12018400430679321
0.5445915460586548 0.6546962857246399 -0.13476766645908356
0.5394776463508606 0.661210298538208 -0.14946803450584412
0.5343927145004272 0.6678365468978882 -0.16429488360881805
0.5293448567390442 0.6745657920837402 -0.17923422157764435
0.5243499279022217 0.6813767552375793 -0.19424684345722198
0.519425630569458 0.6882374882698059 -0.20927442610263824
0.5144231915473938 0.6951294541358948 -0.22439713776111603
0.5090077519416809 0.702056884765625 -0.23986218869686127
0.5028442144393921 0.709022581577301 -0.2559147775173187
0.4956163763999939 0.7160271406173706 -0.27278319001197815
0.4870339334011078 0.72306889295578 -0.29067346453666687
0.4768396019935608 0.7301439046859741 -0.30976390838623047
0.46481531858444214 0.737246036529541 -0.3302018642425537
0.45083388686180115 0.7443618178367615 -0.3520538806915283
0.4350984990596771 0.7514476180076599 -0.3750801384449005
0.4178951680660248 0.758467435836792 -0.39898881316185
0.39944988489151 0.7654094696044922 -0.4235735237598419
0.3799230456352234 0.7722831964492798 -0.44871145486831665
0.3594067096710205 0.7791168093681335 -0.47436124086380005
0.33792445063591003 0.7859551906585693 -0.5005581974983215
0.31543001532554626 0.7928593158721924 -0.5274127721786499
0.29174911975860596 0.7999063730239868 -0.5551357269287109
0.2665647268295288 0.8071768879890442 -0.5840141177177429
0.23956897854804993 0.814741849899292 -0.614308774471283
0.2104795128107071 0.8226630687713623 -0.6462464928627014
0.17904075980186462 0.8309928774833679 -0.6800193786621094
0.14502793550491333 0.8397740721702576 -0.7157818078994751
0.10825338214635849 0.8490386009216309 -0.7536457777023315
0.06821676343679428 0.8589916229248047 -0.7933341264724731
0.019285468384623528 0.87247633934021 -0.8298407793045044
-0.04878690093755722 0.8945483565330505 -0.8549919724464417
-0.14859504997730255 0.9311808347702026 -0.8603299260139465
-0.2976623773574829 0.990446925163269 -0.835576057434082
-0.5240173935890198 1.0850610733032227 -0.7654516100883484
-0.8790448904037476 1.2381916046142578 -0.6226807236671448
-1.4722412824630737 1.4991302490234375 -0.3494357764720917
1.1323246955871582 -0.864967405796051 0.4681633412837982
1.0127538442611694 -0.7352938652038574 0.45581328868865967
0.9260014891624451 -0.6337419748306274 0.4509054124355316
0.8664605021476746 -0.555503785610199 0.45213574171066284
0.8288878798484802 -0.49613940715789795 0.4582519233226776
0.8082369565963745 -0.4514339864253998 0.46801602840423584
0.7995477914810181 -0.4173021614551544 0.4801805019378662
0.7978903651237488 -0.3897365927696228 0.4934771656990051
0.7984055876731873 -0.3648374378681183 0.5066311359405518
0.7982984185218811 -0.34042787551879883 0.5188518762588501
0.7975247502326965 -0.31653839349746704 0.5300401449203491
0.7962326407432556 -0.2932720184326172 0.5401879549026489
0.7945618033409119 -0.2706505060195923 0.5493223667144775
0.7926419377326965 -0.24862268567085266 0.5574967861175537
0.7905917167663574 -0.2270706743001938 0.5647818446159363
0.788519561290741 -0.20581312477588654 0.5712597966194153
0.78650963306427 -0.1846119612455368 0.5770019888877869
0.7845023274421692 -0.1632586419582367 0.5819346904754639
0.7823704481124878 -0.14161153137683868 0.5858837366104126
0.7799838185310364 -0.1195802316069603 0.5886346697807312
0.7772082090377808 -0.09712838381528854 0.5899319052696228
0.7739033699035645 -0.07427997142076492 0.589480459690094
0.7699247598648071 -0.05112821236252785 0.5869501829147339
0.7651262283325195 -0.027845360338687897 0.5819847583770752
0.7594091296195984 -0.004544595256447792 0.5743176341056824
0.7527998089790344 0.01895817182958126 0.5639599561691284
0.7453759908676147 0.042840711772441864 0.5510284304618835
0.7372585535049438 0.0672059953212738 0.5357321500778198
0.7286162972450256 0.09206929802894592 0.5183921456336975
0.7196670174598694 0.11734915524721146 0.4994529187679291
0.7106702327728271 0.14286518096923828 0.4794778525829315
0.7019138336181641 0.16833171248435974 0.45912614464759827
0.6936520338058472 0.19317859411239624 0.4390357732772827
0.6860339641571045 0.21680998802185059 0.4196414053440094
0.6791130304336548 0.2389046847820282 0.4011562168598175
0.6728701591491699 0.25937846302986145 0.3836042284965515
0.6672341823577881 0.27832773327827454 0.3668580651283264
0.6621001362800598 0.295981228351593 0.35066935420036316
0.6573384404182434 0.3126698136329651 0.3346821367740631
0.6527976393699646 0.32882165908813477 0.3184376358985901
0.6483189463615417 0.34491533041000366 0.30147871375083923
0.6437736749649048 0.3613319396972656 0.28344449400901794
0.6390653252601624 0.37833479046821594 0.26407942175865173
0.6341303586959839 0.39606183767318726 0.24325795471668243
0.6289446949958801 0.4145016074180603 0.22102662920951843
0.6235331892967224 0.43346163630485535 0.19765499234199524
0.6179789304733276 0.45254236459732056 0.1736789047718048
0.6124020218849182 0.47120168805122375 0.14979179203510284
0.6068940758705139 0.4889754056930542 0.12654493749141693
0.6015099883079529 0.5055396556854248 0.10432016849517822
0.5962685942649841 0.5207102298736572 0.0833311676979065
0.591154158115387 0.5344257354736328 0.06363707780838013
0.5861212611198425 0.5467233657836914 0.04516619071364403
0.5810970067977905 0.557712972164154 0.027740854769945145
0.5759905576705933 0.5675570964813232 0.011106293648481369
0.5707625150680542 0.5764555335044861 -0.004954036790877581
0.5654159784317017 0.5845970511436462 -0.020587334409356117
0.559959352016449 0.5921453833580017 -0.0359116792678833
0.5544061064720154 0.5992454290390015 -0.05102049559354782
0.5487759709358215 0.6060280799865723 -0.0659857913851738
0.5430949330329895 0.6126134991645813 -0.0808597132563591
0.5373967289924622 0.6191144585609436 -0.09567543119192123
0.5317098498344421 0.625623345375061 -0.11046259850263596
0.5260289311408997 0.6321831345558167 -0.125281423330307
0.5203486084938049 0.6388203501701355 -0.14018242061138153
0.514671266078949 0.6455524563789368 -0.1551961600780487
0.5090079307556152 0.6523878574371338 -0.17033198475837708
0.50337815284729 0.6593243479728699 -0.18557676672935486
0.4978102147579193 0.6663490533828735 -0.20089362561702728
0.4923344850540161 0.6734384894371033 -0.2162274420261383
0.48681211471557617 0.6805843710899353 -0.2316560000181198
0.4809149205684662 0.6877998113632202 -0.24741409718990326
0.4743139147758484 0.6950928568840027 -0.26372894644737244
0.46669864654541016 0.702465295791626 -0.28080570697784424
0.4577857553958893 0.7099123597145081 -0.29882168769836426
0.4473280608654022 0.7174230217933655 -0.31792062520980835
0.4351218044757843 0.7249802947044373 -0.3382086753845215
0.4210585951805115 0.7325560450553894 -0.35970979928970337
0.4053456783294678 0.740088939666748 -0.38217225670814514
0.38826435804367065 0.7475296258926392 -0.40531185269355774
0.37003156542778015 0.7548587918281555 -0.4289362132549286
0.35079386830329895 0.7620827555656433 -0.45294252038002014
0.330625057220459 0.7692306637763977 -0.47731301188468933
0.30952560901641846 0.7763515114784241 -0.5021095275878906
0.28742197155952454 0.7835133075714111 -0.5274708867073059
0.2641206681728363 0.7907971739768982 -0.5536310076713562
0.23931001126766205 0.798279345035553 -0.5808862447738647
0.2126915603876114 0.8060243129730225 -0.6095037460327148
0.18399322032928467 0.8140856623649597 -0.6397162675857544
0.15297095477581024 0.8225070238113403 -0.6717216372489929
0.11941304057836533 0.8313208222389221 -0.7056794166564941
0.08314689993858337 0.8405478596687317 -0.7417064905166626
0.043703317642211914 0.8503865003585815 -0.7795915007591248
-0.004322587046772242 0.8637413382530212 -0.8152540922164917
-0.07078820466995239 0.8857806324958801 -0.842104971408844
-0.1678355485200882 0.9225997924804688 -0.8534611463546753
-0.3123912811279297 0.9824289679527283 -0.8413452506065369
-0.5315778255462646 1.0782313346862793 -0.7940179705619812
-0.8752109408378601 1.2336567640304565 -0.6905750036239624
-1.4496945142745972 1.4991298913955688 -0.48662707209587097
1.0950865745544434 -0.8398826718330383 0.46169933676719666
1.0026018619537354 -0.73221755027771 0.4556175172328949
0.9328469634056091 -0.6443840265274048 0.4546414613723755
0.8831425905227661 -0.5743441581726074 0.45797407627105713
0.8502700328826904 -0.5195349454879761 0.4647262990474701
0.8306486010551453 -0.47701793909072876 0.47396141290664673
0.8204969763755798 -0.4436185956001282 0.4847317934036255
0.8159639835357666 -0.41604286432266235 0.4961076080799103
0.8132580518722534 -0.3909947872161865 0.5072018504142761
0.8102149367332458 -0.3665739595890045 0.5174869298934937
0.8068044781684875 -0.3427262008190155 0.5268959999084473
0.8031365871429443 -0.31947463750839233 0.5354151725769043
0.7993086576461792 -0.2967900037765503 0.5430461168289185
0.7954061031341553 -0.2745952606201172 0.5498014092445374
0.7915037870407104 -0.2527679204940796 0.5556987524032593
0.7876672148704529 -0.23113980889320374 0.5607568621635437
0.7839407920837402 -0.20949816703796387 0.5649824142456055
0.7802494168281555 -0.18764245510101318 0.5683023929595947
0.776465117931366 -0.1654292196035385 0.5705806016921997
0.7724629640579224 -0.14277011156082153 0.5716460347175598
0.7681193947792053 -0.11963697522878647 0.5712959170341492
0.7633124589920044 -0.09607004374265671 0.569299578666687
0.7579240798950195 -0.0721888393163681 0.5654059648513794
0.7518448829650879 -0.04820316284894943 0.5593571066856384
0.745012104511261 -0.02427198924124241 0.5509729981422424
0.7374667525291443 -0.0002508872712496668 0.5402830243110657
0.7292956113815308 0.024011021479964256 0.5274079442024231
0.7206235527992249 0.04860528185963631 0.512549877166748
0.7116146087646484 0.07355481386184692 0.49600329995155334
0.7024694085121155 0.09880810976028442 0.4781581461429596
0.6934173703193665 0.12423866242170334 0.4594917595386505
0.6847028136253357 0.14963489770889282 0.4405478835105896
0.6765345931053162 0.17447586357593536 0.42185601592063904
0.6690247654914856 0.19817249476909637 0.4037800431251526
0.6621986627578735 0.22039474546909332 0.3864908814430237
0.6560160517692566 0.24103757739067078 0.36999475955963135
0.6503908038139343 0.26016858220100403 0.35416504740715027
0.6452062129974365 0.2779824733734131 0.3387666642665863
0.6403212547302246 0.29477137327194214 0.3234650492668152
0.6355756521224976 0.31092843413352966 0.30782946944236755
0.6308204531669617 0.32693761587142944 0.291432648897171
0.6259419918060303 0.3431982398033142 0.27393805980682373
0.6208606958389282 0.3599925935268402 0.2551096975803375
0.6155332326889038 0.3774804174900055 0.23483769595623016
0.609960675239563 0.39567598700523376 0.21318036317825317
0.6041986346244812 0.4144178032875061 0.19041390717029572
0.5983654856681824 0.4333416819572449 0.1670738160610199
0.5926008224487305 0.451928049325943 0.14383868873119354
0.5869852304458618 0.46970826387405396 0.1212320327758789
0.581555187702179 0.4863499402999878 0.09960944205522537
0.5763094425201416 0.5016595125198364 0.07916247099637985
0.5712122321128845 0.5155670642852783 0.05993249639868736
0.5661979913711548 0.528102457523346 0.041833870112895966
0.561175525188446 0.5393704175949097 0.02467789500951767
0.5560364127159119 0.5495290160179138 0.008201839402318
0.5507326722145081 0.5587706565856934 -0.007802784908562899
0.5452626943588257 0.5672735571861267 -0.023467322811484337
0.5396295785903931 0.575191080570221 -0.0388956181704998
0.5338406562805176 0.5826570987701416 -0.054168011993169785
0.5279092788696289 0.5897908806800842 -0.06934414803981781
0.5218543410301208 0.5967005491256714 -0.0844641625881195
0.5157015919685364 0.603485107421875 -0.09954927116632462
0.5094767808914185 0.610227108001709 -0.11461755633354187
0.5031872987747192 0.6169734001159668 -0.12971964478492737
0.4968435764312744 0.6237577199935913 -0.14489886164665222
0.4904640018939972 0.6306062936782837 -0.16018100082874298
0.4840756952762604 0.6375377178192139 -0.17557333409786224
0.47771474719047546 0.6445621848106384 -0.1910635232925415
0.47142624855041504 0.6516803503036499 -0.20661863684654236
0.4652574956417084 0.6588846445083618 -0.22219012677669525
0.4590848982334137 0.6661814451217651 -0.23785601556301117
0.45259320735931396 0.6735944747924805 -0.25383850932121277
0.44546714425086975 0.6811387538909912 -0.2703462839126587
0.43740981817245483 0.6888179183006287 -0.2875600755214691
0.42815202474594116 0.6966249942779541 -0.30562731623649597
0.41746240854263306 0.7045414447784424 -0.3246558606624603
0.4051564633846283 0.7125381231307983 -0.34470996260643005
0.39114484190940857 0.7205708026885986 -0.3657723367214203
0.37562668323516846 0.7285601496696472 -0.38758835196495056
0.35886213183403015 0.7364432215690613 -0.4098908305168152
0.3410453200340271 0.7441925406455994 -0.43250909447669983
0.3222980797290802 0.7518113255500793 -0.45536479353904724
0.30266791582107544 0.759329617023468 -0.4784664511680603
0.2821270823478699 0.7668007016181946 -0.5019024610519409
0.26057177782058716 0.7742993235588074 -0.5258381366729736
0.23779018223285675 0.7819137573242188 -0.5505260229110718
0.21348099410533905 0.7897231578826904 -0.5762650966644287
0.18735943734645844 0.7977932691574097 -0.6033231019973755
0.15916721522808075 0.8061779737472534 -0.6319334506988525
0.1286747008562088 0.8149197101593018 -0.6622946858406067
0.09568548202514648 0.8240489959716797 -0.694567859172821
0.06004371866583824 0.8335832953453064 -0.7288711071014404
0.021313996985554695 0.8437180519104004 -0.7650488018989563
-0.025654133409261703 0.8573786616325378 -0.7998458743095398
-0.0902789905667305 0.8797741532325745 -0.828083336353302
-0.18418437242507935 0.9170511364936829 -0.8446570038795471
-0.32359933853149414 0.9775117635726929 -0.8436397314071655
-0.5345574021339417 1.0742391347885132 -0.8164556622505188
-0.8649182319641113 1.2311193943023682 -0.7479247450828552
-1.4170141220092773 1.4991300106048584 -0.6058212518692017
1.064270257949829 -0.8210077285766602 0.45253613591194153
0.9929292798042297 -0.7303069829940796 0.45167747139930725
0.9369968175888062 -0.6534689664840698 0.4541313648223877
0.8954686522483826 -0.5901259183883667 0.4593627154827118
0.8665011525154114 -0.539016604423523 0.4667319059371948
0.8476661443710327 -0.4981972277164459 0.47555962204933167
0.8362002372741699 -0.46526920795440674 0.4851799011230469
0.829206645488739 -0.43757498264312744 0.4949747323989868
0.8238126039505005 -0.41236215829849243 0.5043939352035522
0.8183677196502686 -0.38797152042388916 0.5131219029426575
0.8128266334533691 -0.3642609715461731 0.521106481552124
0.8072472214698792 -0.3411701023578644 0.5283192992210388
0.8016787171363831 -0.31861215829849243 0.5347354412078857
0.7961612343788147 -0.29647499322891235 0.5403300523757935
0.7907283902168274 -0.27462029457092285 0.5450745820999146
0.7854070663452148 -0.25288093090057373 0.5489333868026733
0.7802076935768127 -0.2310585081577301 0.5518583059310913
0.7750442624092102 -0.2089579999446869 0.5537768006324768
0.7697921395301819 -0.18643447756767273 0.5545858144760132
0.7643340826034546 -0.16340090334415436 0.5541549921035767
0.758560061454773 -0.1398346722126007 0.5523315668106079
0.752369225025177 -0.1157880425453186 0.548947811126709
0.7456732988357544 -0.09140004217624664 0.5438312292098999
0.7384020686149597 -0.06690816581249237 0.5368197560310364
0.7305331230163574 -0.04251142963767052 0.5278205275535583
0.722128689289093 -0.018116064369678497 0.5168893337249756
0.7132891416549683 0.006391017697751522 0.5041561722755432
0.7041437029838562 0.031082602217793465 0.4898168742656708
0.6948496103286743 0.05598529055714607 0.47413626313209534
0.6855860352516174 0.08107642084360123 0.45744574069976807
0.676547110080719 0.1062842383980751 0.44013285636901855
0.6679298877716064 0.13147422671318054 0.42262470722198486
0.6598931550979614 0.15618884563446045 0.4053382873535156
0.6525088548660278 0.17986255884170532 0.3885616064071655
0.6457737684249878 0.20216268301010132 0.3724229335784912
0.6396290063858032 0.22296154499053955 0.3569135069847107
0.6339766979217529 0.24229085445404053 0.341911643743515
0.6286904811859131 0.26030075550079346 0.3272002935409546
0.6236212253570557 0.27723267674446106 0.31247231364250183
0.618602454662323 0.29343104362487793 0.2973320484161377
0.6135001182556152 0.3093751072883606 0.28139251470565796
0.608222246170044 0.3254762291908264 0.26435205340385437
0.6027114391326904 0.34203216433525085 0.2460034042596817
0.5969506502151489 0.35922425985336304 0.22625978291034698
0.5909712910652161 0.37709730863571167 0.20519444346427917
0.5848637223243713 0.3955320119857788 0.1830870360136032
0.5787829756736755 0.41421836614608765 0.1604604721069336
0.5728847980499268 0.4326785206794739 0.13796016573905945
0.5672301650047302 0.450447678565979 0.1160668432712555
0.5618304014205933 0.4671863913536072 0.09510139375925064
0.5566587448120117 0.48268812894821167 0.07523078471422195
0.5516546368598938 0.4968663454055786 0.05648130550980568
0.5467304587364197 0.509733259677887 0.038759928196668625
0.5417748689651489 0.5213764905929565 0.021875930950045586
0.5366618037223816 0.531938910484314 0.005568502005189657
0.5313324928283691 0.5416006445884705 -0.010360985063016415
0.5257784724235535 0.550529420375824 -0.026031235232949257
0.5199950337409973 0.5588677525520325 -0.041534725576639175
0.5139819979667664 0.566738486289978 -0.056941211223602295
0.5077439546585083 0.5742490887641907 -0.07229997217655182
0.5012909770011902 0.5814948678016663 -0.08764073252677917
0.49463993310928345 0.5885608792304993 -0.10297386348247528
0.48781415820121765 0.5955191254615784 -0.11830473691225052
0.4808396100997925 0.602419376373291 -0.13366812467575073
0.47374850511550903 0.6093034148216248 -0.14909453690052032
0.4665798544883728 0.6162074208259583 -0.16460132598876953
0.4593806564807892 0.6231623291969299 -0.18019209802150726
0.4522056579589844 0.6301936507225037 -0.19585606455802917
0.44511762261390686 0.6373202800750732 -0.21156719326972961
0.4381805956363678 0.6445558071136475 -0.22728925943374634
0.43128710985183716 0.6519251465797424 -0.24310478568077087
0.42413946986198425 0.6594634652137756 -0.2592243254184723
0.4164417088031769 0.6671933531761169 -0.2758384644985199
0.40791669487953186 0.6751223206520081 -0.29310423135757446
0.3983153998851776 0.6832416653633118 -0.311139851808548
0.3874272406101227 0.691526472568512 -0.33001866936683655
0.3750900328159332 0.6999360918998718 -0.349765419960022
0.3612324595451355 0.7084097862243652 -0.3703256845474243
0.34603360295295715 0.7168511748313904 -0.3914502263069153
0.32971832156181335 0.7251846790313721 -0.4128960371017456
0.3124467730522156 0.7333742380142212 -0.4345177114009857
0.29430827498435974 0.7414190173149109 -0.45626217126846313
0.2753193974494934 0.7493489384651184 -0.4781615436077118
0.2554229199886322 0.7572197914123535 -0.5003262758255005
0.23448601365089417 0.7651114463806152 -0.5229411721229553
0.21228258311748505 0.7731196880340576 -0.5462700128555298
0.1885262280702591 0.7813302278518677 -0.570608913898468
0.16294965147972107 0.7898144721984863 -0.596222460269928
0.13531136512756348 0.7986307144165039 -0.6233410239219666
0.10539840906858444 0.8078251481056213 -0.6521616578102112
0.07303126901388168 0.8174306750297546 -0.6828442811965942
0.03807150572538376 0.8274661898612976 -0.7155072689056396
0.00012047329073539004 0.8381274342536926 -0.7500442862510681
-0.04566885903477669 0.8523371815681458 -0.7839246988296509
-0.10818804055452347 0.8753067255020142 -0.8132076859474182
-0.1984379142522812 0.9131935238838196 -0.8341709971427917
-0.3318042457103729 0.9743239283561707 -0.8426804542541504
-0.5329914689064026 1.0718296766281128 -0.832927405834198
-0.8474395275115967 1.2296957969665527 -0.7947490811347961
-1.3723418712615967 1.4991302490234375 -0.706611156463623
1.040443778038025 -0.8078497648239136 0.4421403110027313
0.9846024513244629 -0.7297410368919373 0.4451289474964142
0.9391492605209351 -0.6614458560943604 0.4501539468765259
0.903922438621521 -0.6034772992134094 0.456796258687973
0.8779413104057312 -0.5553882122039795 0.46457892656326294
0.8596215844154358 -0.5159479379653931 0.47302472591400146
0.8470132350921631 -0.4833732545375824 0.4816998839378357
0.8379980325698853 -0.4555417597293854 0.49023735523223877
0.8304384350776672 -0.43016788363456726 0.49834397435188293
0.8230783939361572 -0.4058018922805786 0.5058568716049194
0.8158443570137024 -0.3822282552719116 0.5127265453338623
0.8087430000305176 -0.3593157231807709 0.5189082026481628
0.8017772436141968 -0.33692726492881775 0.5243529677391052
0.7949478626251221 -0.31491807103157043 0.5290051698684692
0.7882527112960815 -0.29313230514526367 0.5327997207641602
0.7816866040229797 -0.2713990807533264 0.5356582999229431
0.7752332091331482 -0.2495284229516983 0.5374908447265625
0.7687991857528687 -0.22732973098754883 0.5382257699966431
0.7622647881507874 -0.20465809106826782 0.5377879738807678
0.7555217742919922 -0.1814277023077011 0.5360829830169678
0.7484753727912903 -0.15762045979499817 0.5330039858818054
0.7410459518432617 -0.13329681754112244 0.5284412503242493
0.7331748604774475 -0.10860870033502579 0.522294819355011
0.7248296737670898 -0.08381063491106033 0.5144896507263184
0.7160276174545288 -0.05913326516747475 0.5050134062767029
0.7068572044372559 -0.03453860431909561 0.4939528703689575
0.6974342465400696 -0.009956341236829758 0.48144978284835815
0.6878923773765564 0.014665239490568638 0.4676934480667114
0.6783791184425354 0.03935614228248596 0.45291760563850403
0.6690502166748047 0.06412319839000702 0.43739479780197144
0.6600627899169922 0.0889500081539154 0.42142626643180847
0.6515668630599976 0.11378002166748047 0.4053299129009247
0.6436703205108643 0.1382320523262024 0.3894125819206238
0.6364040374755859 0.16178108751773834 0.3738844096660614
0.6297378540039062 0.1840994507074356 0.3588307499885559
0.6235966086387634 0.20503686368465424 0.3442286252975464
0.6178727746009827 0.22458356618881226 0.3299628496170044
0.6124343872070312 0.24283625185489655 0.31583741307258606
0.6071263551712036 0.2599738538265228 0.3015761375427246
0.6017804145812988 0.2762787640094757 0.28682515025138855
0.5962826609611511 0.2922113239765167 0.27124908566474915
0.5905663371086121 0.3081832826137543 0.25459277629852295
0.5846009850502014 0.32450005412101746 0.23668791353702545
0.5783981084823608 0.3413599729537964 0.217477947473526
0.5720203518867493 0.3588389754295349 0.19705305993556976
0.565589964389801 0.3768666684627533 0.17569011449813843
0.5592929124832153 0.3952028453350067 0.15388323366641998
0.5532938838005066 0.4134325683116913 0.1322222203016281
0.5476290583610535 0.4311107099056244 0.1111285462975502
0.5422824025154114 0.44789960980415344 0.09087920188903809
0.5372004508972168 0.46358180046081543 0.07161474972963333
0.5322995185852051 0.4780504107475281 0.053350552916526794
0.5274713039398193 0.49129217863082886 0.03599456697702408
0.5225867033004761 0.5033671855926514 0.019365407526493073
0.5175044536590576 0.5143918395042419 0.003216490847989917
0.5121543407440186 0.524529218673706 -0.01263858936727047
0.5065183639526367 0.5339356660842896 -0.02830956131219864
0.500582218170166 0.5427426695823669 -0.04388062283396721
0.49433633685112 0.5510615110397339 -0.05941323563456535
0.4877760708332062 0.5589878559112549 -0.07494792342185974
0.4809028208255768 0.5666038393974304 -0.0905047357082367
0.473725289106369 0.5739802718162537 -0.10608318448066711
0.466266930103302 0.5811773538589478 -0.12167321890592575
0.4585784375667572 0.5882457494735718 -0.13728593289852142
0.45071861147880554 0.5952334403991699 -0.15293247997760773
0.44275057315826416 0.6021857261657715 -0.16861791908740997
0.43474167585372925 0.6091464757919312 -0.18434107303619385
0.4267641603946686 0.6161576509475708 -0.20009435713291168
0.4188946783542633 0.6232587099075317 -0.2158633917570114
0.4112081527709961 0.6304874420166016 -0.23163151741027832
0.4036095142364502 0.6378891468048096 -0.24749146401882172
0.39581987261772156 0.645510196685791 -0.2636438012123108
0.38756489753723145 0.6533809900283813 -0.28026261925697327
0.3785906434059143 0.6615129113197327 -0.2974835932254791
0.3686716556549072 0.6698975563049316 -0.3153987228870392
0.35762083530426025 0.6785053014755249 -0.3340510129928589
0.34529903531074524 0.6872855424880981 -0.35343074798583984
0.3316509425640106 0.6961633563041687 -0.3734530508518219
0.31682664155960083 0.7050289511680603 -0.39388105273246765
0.30100709199905396 0.7137964367866516 -0.4144997000694275
0.28431233763694763 0.7224220037460327 -0.4351885914802551
0.2667964994907379 0.7309001684188843 -0.4559157192707062
0.24844545125961304 0.7392584085464478 -0.47673046588897705
0.22917543351650238 0.7475530505180359 -0.49775612354278564
0.20883043110370636 0.7558662295341492 -0.5191864371299744
0.1871763914823532 0.7642983198165894 -0.5412866473197937
0.16394537687301636 0.772942066192627 -0.5643468499183655
0.1388900727033615 0.7818747758865356 -0.5886255502700806
0.11178775876760483 0.7911601066589355 -0.6143491864204407
0.08244332671165466 0.8008487224578857 -0.6417120695114136
0.05069467052817345 0.8109773993492126 -0.6708733439445496
0.016420258209109306 0.8215682506561279 -0.7019520401954651
-0.020738938823342323 0.832818329334259 -0.7348862290382385
-0.06525886058807373 0.8476430773735046 -0.7677726745605469
-0.1253846138715744 0.8712453246116638 -0.7977368831634521
-0.21135643124580383 0.9097828269004822 -0.8222426176071167
-0.33753344416618347 0.9715933203697205 -0.8386897444725037
-0.5270029902458191 1.069836974143982 -0.8436344265937805
-0.8222554922103882 1.228562831878662 -0.8311992287635803
-1.3142040967941284 1.499130129814148 -0.7889878749847412
1.0227675437927246 -0.7994908094406128 0.43103477358818054
0.9777090549468994 -0.730409562587738 0.43661946058273315
0.9397239685058594 -0.6685356497764587 0.4433564841747284
0.9090320467948914 -0.6147737503051758 0.45088425278663635
0.8851645588874817 -0.5691314339637756 0.45883798599243164
0.8671203851699829 -0.5308479070663452 0.4668929874897003
0.8535529375076294 -0.49859383702278137 0.4747902452945709
0.8429339528083801 -0.4706694185733795 0.4823448657989502
0.8336793780326843 -0.4451712369918823 0.48944276571273804
0.8248226046562195 -0.4208272099494934 0.4960213601589203
0.8162599205970764 -0.3973671495914459 0.5020281672477722
0.8079537153244019 -0.37460628151893616 0.5074036717414856
0.7998691201210022 -0.3523690700531006 0.5120792388916016
0.7919742465019226 -0.3304850161075592 0.5159757733345032
0.784238338470459 -0.30878394842147827 0.5190004706382751
0.7766320705413818 -0.2870918810367584 0.5210443139076233
0.7691183090209961 -0.2652253806591034 0.5219870209693909
0.7616005539894104 -0.2429995983839035 0.521759569644928
0.7539649605751038 -0.22027148306369781 0.5203099250793457
0.7461135983467102 -0.19695797562599182 0.517574667930603
0.7379661202430725 -0.17304487526416779 0.5134873390197754
0.7294638752937317 -0.14859846234321594 0.5079895853996277
0.720575213432312 -0.12377771735191345 0.5010443329811096
0.7113010883331299 -0.09884432703256607 0.49265047907829285
0.7016946077346802 -0.07405155897140503 0.4828639030456543
0.6918712258338928 -0.049418460577726364 0.4718019962310791
0.6819618940353394 -0.02491871640086174 0.45961785316467285
0.6721020340919495 -0.0005214729462750256 0.4464922249317169
0.6624273657798767 0.023807166144251823 0.4326275587081909
0.6530681848526001 0.04810308292508125 0.41824084520339966
0.6441449522972107 0.07240308821201324 0.4035550653934479
0.635763943195343 0.09672559052705765 0.3887921869754791
0.6279848217964172 0.12077508121728897 0.37415844202041626
0.6208000183105469 0.14408358931541443 0.35978883504867554
0.6141564249992371 0.16633868217468262 0.3457276523113251
0.6079660058021545 0.18737180531024933 0.3319381773471832
0.6021156907081604 0.20713096857070923 0.31831231713294983
0.5964708924293518 0.22565463185310364 0.30467575788497925
0.5908759832382202 0.24305173754692078 0.29078614711761475
0.585166335105896 0.2595321536064148 0.27633655071258545
0.5792502164840698 0.27552133798599243 0.2610514760017395
0.5730884671211243 0.29141831398010254 0.2447303682565689
0.5666771531105042 0.3075255751609802 0.2272505909204483
0.560054361820221 0.3240509331226349 0.20858921110630035
0.5533087849617004 0.3410968780517578 0.18885236978530884
0.5465863347053528 0.35864266753196716 0.16830675303936005
0.5400910973548889 0.376524418592453 0.147402822971344
0.5339875817298889 0.39440393447875977 0.1266573667526245
0.5282875299453735 0.4118732511997223 0.10642208158969879
0.5229506492614746 0.428609699010849 0.086925208568573
0.5179023742675781 0.44439268112182617 0.06828068196773529
0.5130413174629211 0.45909804105758667 0.05049673467874527
0.5082445740699768 0.47268545627593994 0.03348938375711441
0.5033708214759827 0.4851822555065155 0.01709594950079918
0.49826860427856445 0.4966717064380646 0.0010944954119622707
0.4928571283817291 0.5072960257530212 -0.014687435701489449
0.4871068596839905 0.5171995759010315 -0.030354108661413193
0.48099321126937866 0.5265021920204163 -0.045984234660863876
0.47449690103530884 0.5353033542633057 -0.06163300573825836
0.4676048457622528 0.5436863303184509 -0.07733330875635147
0.4603116512298584 0.5517199635505676 -0.09309574216604233
0.4526209831237793 0.5594608187675476 -0.10890839993953705
0.44456055760383606 0.5669559836387634 -0.12474310398101807
0.4362083077430725 0.5742530226707458 -0.140580952167511
0.4276512563228607 0.581402063369751 -0.15640889108181
0.41897475719451904 0.5884554982185364 -0.17221751809120178
0.4102635383605957 0.595467746257782 -0.1880010962486267
0.40160074830055237 0.6024956703186035 -0.20375747978687286
0.3930685222148895 0.6095981001853943 -0.21948814392089844
0.3847419023513794 0.6168366074562073 -0.23520216345787048
0.37653154134750366 0.624275803565979 -0.2510063648223877
0.36817678809165955 0.6319719552993774 -0.26709261536598206
0.3594256639480591 0.6399626731872559 -0.2836202085018158
0.35004886984825134 0.6482642292976379 -0.3007063567638397
0.339846134185791 0.6568698883056641 -0.31842100620269775
0.3286551535129547 0.6657478213310242 -0.33678194880485535
0.31636032462120056 0.6748409271240234 -0.3557516634464264
0.30292096734046936 0.6840639114379883 -0.3752219080924988
0.28845539689064026 0.6932998299598694 -0.3949730396270752
0.27309802174568176 0.7024565935134888 -0.41481855511665344
0.2569284737110138 0.7114853262901306 -0.43466001749038696
0.2399672418832779 0.7203759551048279 -0.4544810652732849
0.2221730649471283 0.7291524410247803 -0.47434043884277344
0.20344097912311554 0.7378692030906677 -0.49436497688293457
0.18359889090061188 0.7466078996658325 -0.5147468447685242
0.1624113917350769 0.7554704546928406 -0.5357439517974854
0.13963156938552856 0.7645546793937683 -0.557637631893158
0.11503348499536514 0.7739425301551819 -0.5806795358657837
0.08841416984796524 0.7837024927139282 -0.6050914525985718
0.05959698557853699 0.7938894629478455 -0.6310650110244751
0.028436928987503052 0.8045443892478943 -0.6587592363357544
-0.00517194764688611 0.8156927824020386 -0.6882959008216858
-0.041547514498233795 0.8275341391563416 -0.7196539640426636
-0.08473411947488785 0.8429772853851318 -0.7514659762382507
-0.14222311973571777 0.8672154545783997 -0.7817614078521729
-0.22337201237678528 0.9064059257507324 -0.809005081653595
-0.34135231375694275 0.9688957333564758 -0.831885039806366
-0.5173838138580322 1.067872405052185 -0.8489390015602112
-0.7905524373054504 1.2274466753005981 -0.8578787446022034
-1.2445203065872192 1.499130129814148 -0.8539608120918274
1.009960651397705 -0.7949554324150085 0.4193311035633087
0.9719948768615723 -0.7320843935012817 0.426544189453125
0.9389992952346802 -0.6748548150062561 0.43429499864578247
0.9113418459892273 -0.624281644821167 0.44226622581481934
0.8888434171676636 -0.5805851817131042 0.45018067955970764
0.8708809614181519 -0.5432829260826111 0.4578275680541992
0.8565250039100647 -0.511354386806488 0.4650728404521942
0.8446661233901978 -0.4834130108356476 0.4718555510044098
0.8341143131256104 -0.45785319805145264 0.478177011013031
0.8241057991981506 -0.43354761600494385 0.48403632640838623
0.8145111203193665 -0.41018813848495483 0.4893763065338135
0.8052568435668945 -0.38755181431770325 0.4941248893737793
0.7962785959243774 -0.36543574929237366 0.4981984794139862
0.7875190377235413 -0.3436514735221863 0.5015001893043518
0.7789266705513 -0.3220198154449463 0.5039175152778625
0.7704537510871887 -0.30036646127700806 0.5053199529647827
0.7620494961738586 -0.27851641178131104 0.5055671334266663
0.7536171674728394 -0.2562924325466156 0.5045933723449707
0.7450504302978516 -0.2335563749074936 0.5023659467697144
0.7362619638442993 -0.21022944152355194 0.4988477826118469
0.7271860241889954 -0.18630167841911316 0.4940071702003479
0.7177830934524536 -0.16184331476688385 0.48782941699028015
0.708044707775116 -0.13701564073562622 0.48032888770103455
0.6979995369911194 -0.1120791807770729 0.4715633988380432
0.6877303719520569 -0.08730143308639526 0.4616420269012451
0.6773772835731506 -0.06275731325149536 0.45070886611938477
0.6670836806297302 -0.03846355527639389 0.43892523646354675
0.6569837927818298 -0.01440903265029192 0.4264613091945648
0.6471982002258301 0.009444021619856358 0.4134887754917145
0.6378310918807983 0.03315819427371025 0.4001745283603668
0.6289682984352112 0.05681837350130081 0.3866744339466095
0.6206756830215454 0.0805111676454544 0.37312984466552734
0.6129703521728516 0.10403132438659668 0.3596600294113159
0.6058120727539062 0.12698188424110413 0.34633246064186096
0.599128782749176 0.14907734096050262 0.33315372467041016
0.592825174331665 0.1701391190290451 0.32007449865341187
0.586786150932312 0.19007745385169983 0.3069932460784912
0.580880343914032 0.2088729739189148 0.2937578856945038
0.574957013130188 0.22656193375587463 0.2801612913608551
0.5688613057136536 0.24327465891838074 0.26594725251197815
0.5625253319740295 0.25938794016838074 0.25090426206588745
0.555935263633728 0.2752741575241089 0.23488947749137878
0.5491102337837219 0.2912221848964691 0.21782752871513367
0.5421092510223389 0.30744054913520813 0.19972850382328033
0.5350376963615417 0.32405146956443787 0.1807105988264084
0.5280522704124451 0.3410783112049103 0.16102296113967896
0.5213603973388672 0.35843077301979065 0.14106179773807526
0.5151163935661316 0.37585270404815674 0.1212620660662651
0.5093123316764832 0.39298683404922485 0.10190369188785553
0.503891110420227 0.40953895449638367 0.08316625654697418
0.49876609444618225 0.4252966642379761 0.06513858586549759
0.49382686614990234 0.44012659788131714 0.04782463610172272
0.48894432187080383 0.4539661407470703 0.031152669340372086
0.4839728772640228 0.4668117165565491 0.014984510838985443
0.4787580370903015 0.4787123203277588 -0.0008704598294571042
0.47321033477783203 0.48978835344314575 -0.016570013016462326
0.4672890305519104 0.5001713633537292 -0.03221586346626282
0.46095967292785645 0.5099692940711975 -0.04788356274366379
0.45419469475746155 0.5192697048187256 -0.06362364441156387
0.44697511196136475 0.5281431674957275 -0.07946228235960007
0.4392918646335602 0.5366451144218445 -0.09540090709924698
0.4311477541923523 0.5448176860809326 -0.11141567677259445
0.4225786030292511 0.552693784236908 -0.1274588257074356
0.413688063621521 0.5603119134902954 -0.1434781700372696
0.4045862853527069 0.5677194595336914 -0.15943464636802673
0.3953753709793091 0.5749709010124207 -0.1753043532371521
0.3861487805843353 0.5821276903152466 -0.19107821583747864
0.376991331577301 0.5892576575279236 -0.20676174759864807
0.3679792881011963 0.5964351296424866 -0.2223748415708542
0.3591757118701935 0.6037415266036987 -0.23795472085475922
0.3504902124404907 0.611257791519165 -0.2536236643791199
0.3416800796985626 0.6190488934516907 -0.26956477761268616
0.33251628279685974 0.6271593570709229 -0.2859243154525757
0.3227943480014801 0.6356105804443359 -0.30280324816703796
0.3123399317264557 0.6443991661071777 -0.3202536702156067
0.3010161221027374 0.6534939408302307 -0.3382735252380371
0.28873124718666077 0.6628352403640747 -0.35680416226387024
0.27545952796936035 0.6723329424858093 -0.375721275806427
0.2612883746623993 0.6818693280220032 -0.3948248028755188
0.24630846083164215 0.6913524270057678 -0.4139556288719177
0.2305622696876526 0.7007313966751099 -0.4330337941646576
0.21404072642326355 0.709992527961731 -0.4520528316497803
0.19668053090572357 0.7191570997238159 -0.4710741639137268
0.1783614456653595 0.7282756567001343 -0.4902205765247345
0.15890249609947205 0.7374270558357239 -0.5096734762191772
0.13807295262813568 0.7467120289802551 -0.5296767950057983
0.11564856767654419 0.756230890750885 -0.5505008697509766
0.09142591804265976 0.766069233417511 -0.5723901391029358
0.06522252410650253 0.7762988805770874 -0.5955612063407898
0.03688032552599907 0.7869789600372314 -0.6202037930488586
0.006270787678658962 0.7981539964675903 -0.6464775204658508
-0.026698268949985504 0.8098542094230652 -0.6745088696479797
-0.062303848564624786 0.8222824335098267 -0.7043155431747437
-0.10411781072616577 0.8383409976959229 -0.7349812984466553
-0.15880434215068817 0.8632138967514038 -0.7652919888496399
-0.23475493490695953 0.9030558466911316 -0.7945420145988464
-0.34384438395500183 0.9662225246429443 -0.8224823474884033
-0.5052539110183716 1.065927267074585 -0.849280595779419
-0.7543524503707886 1.2263414859771729 -0.8755978345870972
-1.1668826341629028 1.4991302490234375 -0.9029831290245056
1.000970721244812 -0.7934415936470032 0.40712910890579224
0.9672290682792664 -0.7345638275146484 0.41524842381477356
0.9372327923774719 -0.680522620677948 0.4234732985496521
0.9113814234733582 -0.632280170917511 0.4315367341041565
0.8896370530128479 -0.590103805065155 0.4392366111278534
0.8715973496437073 -0.553642213344574 0.44644829630851746
0.8565950989723206 -0.5220617651939392 0.4531237781047821
0.8437942266464233 -0.49419084191322327 0.4592816233634949
0.8322668075561523 -0.4686431288719177 0.46499213576316833
0.8213839530944824 -0.4444044232368469 0.4702889025211334
0.8109942674636841 -0.4211418926715851 0.4751092195510864
0.8009974360466003 -0.3986070156097412 0.47937145829200745
0.7913066744804382 -0.37657925486564636 0.48298054933547974
0.7818461060523987 -0.3548596203327179 0.4858264923095703
0.7725490927696228 -0.33326566219329834 0.48778271675109863
0.7633556127548218 -0.3116273581981659 0.48870399594306946
0.7542073130607605 -0.28978168964385986 0.4884381592273712
0.7450103163719177 -0.2675626575946808 0.48692306876182556
0.7356669902801514 -0.2448393702507019 0.48414161801338196
0.7261012196540833 -0.22153934836387634 0.48007896542549133
0.7162612676620483 -0.19765762984752655 0.47473227977752686
0.7061241269111633 -0.1732666790485382 0.46812155842781067
0.6957005858421326 -0.14852608740329742 0.46030133962631226
0.6850399374961853 -0.12368825078010559 0.45137229561805725
0.6742470264434814 -0.0990273505449295 0.4414815604686737
0.6634835004806519 -0.07467097043991089 0.43079453706741333
0.6529015302658081 -0.05067615211009979 0.41947677731513977
0.6426303386688232 -0.02704966813325882 0.4076864421367645
0.6327739953994751 -0.0037502681370824575 0.39556702971458435
0.6234108805656433 0.0193078201264143 0.3832421600818634
0.6145945191383362 0.0422506146132946 0.3708125948905945
0.6063547730445862 0.06522383540868759 0.3583550453186035
0.5986721515655518 0.08811236172914505 0.34591642022132874
0.5914797782897949 0.11060021072626114 0.33350637555122375
0.5846924185752869 0.13243989646434784 0.3210982382297516
0.5782107710838318 0.15345320105552673 0.30863067507743835
0.5719234943389893 0.17352049052715302 0.29600855708122253
0.5657065510749817 0.1925692856311798 0.2831011712551117
0.5594212412834167 0.21056421101093292 0.26973769068717957
0.5529300570487976 0.2275533378124237 0.25571534037590027
0.546187698841095 0.24385182559490204 0.2408866584300995
0.539201557636261 0.25979334115982056 0.22516575455665588
0.5320083498954773 0.2756430506706238 0.20852231979370117
0.52467942237854 0.2916017472743988 0.19099561870098114
0.5173256397247314 0.3078029751777649 0.17271019518375397
0.5101009011268616 0.32430604100227356 0.153891459107399
0.5031998753547668 0.34108564257621765 0.13487519323825836
0.49675890803337097 0.35796526074409485 0.11601278185844421
0.490756630897522 0.37464720010757446 0.09751700609922409
0.485128790140152 0.390876829624176 0.07952288538217545
0.47978606820106506 0.40646156668663025 0.062096890062093735
0.4746193289756775 0.42126965522766113 0.04524071142077446
0.4695025682449341 0.43522530794143677 0.02889675460755825
0.46429532766342163 0.4483012855052948 0.012953881174325943
0.45884808897972107 0.4605163037776947 -0.0027439785189926624
0.45306724309921265 0.4719705581665039 -0.01833995059132576
0.4469025433063507 0.4827832579612732 -0.03393537551164627
0.4403119683265686 0.4930506646633148 -0.04960443452000618
0.43326279520988464 0.5028485059738159 -0.06539440900087357
0.4257332384586334 0.5122348666191101 -0.0813257247209549
0.41771477460861206 0.5212517976760864 -0.09739121794700623
0.4092140793800354 0.5299268960952759 -0.11355544626712799
0.40027695894241333 0.5382769107818604 -0.129751056432724
0.3910256326198578 0.5463253259658813 -0.14589273929595947
0.3815840184688568 0.5541095733642578 -0.1619163602590561
0.3720604181289673 0.561680793762207 -0.17778503894805908
0.362546443939209 0.5691018104553223 -0.19348794221878052
0.3531174063682556 0.5764465928077698 -0.2090395838022232
0.34383291006088257 0.5837994813919067 -0.22447851300239563
0.33473333716392517 0.591255784034729 -0.23986928164958954
0.32572224736213684 0.5989095568656921 -0.2553478181362152
0.3165760338306427 0.6068333387374878 -0.27108800411224365
0.30708885192871094 0.6150780916213989 -0.2872235178947449
0.2970814108848572 0.6236710548400879 -0.30384156107902527
0.28640493750572205 0.6326133608818054 -0.32097992300987244
0.274947851896286 0.6418772339820862 -0.338622123003006
0.2626422047615051 0.651404619216919 -0.3566948473453522
0.24947699904441833 0.6611058712005615 -0.3750644624233246
0.23551243543624878 0.6708694696426392 -0.39355215430259705
0.22080019116401672 0.6806091666221619 -0.4120239019393921
0.20535095036029816 0.6902760863304138 -0.43041449785232544
0.18913166224956512 0.6998559832572937 -0.4487229585647583
0.1720624417066574 0.7093669176101685 -0.46700748801231384
0.15401402115821838 0.7188557982444763 -0.4853805899620056
0.13480322062969208 0.7283964157104492 -0.5040062665939331
0.11420987546443939 0.7380861043930054 -0.523108720779419
0.09203404188156128 0.7480252981185913 -0.542945921421051
0.0680958703160286 0.7583010792732239 -0.5637540817260742
0.04223400354385376 0.7689880132675171 -0.585745096206665
0.014308982528746128 0.7801480293273926 -0.6091064810752869
-0.015792159363627434 0.7918298840522766 -0.6340004205703735
-0.04815007746219635 0.8040687441825867 -0.660559892654419
-0.08300299942493439 0.8170728087425232 -0.6888387203216553
-0.1234290674328804 0.8337385654449463 -0.718296468257904
-0.17522558569908142 0.8592398762702942 -0.7483394145965576
-0.24577386677265167 0.8997282981872559 -0.7789371609687805
-0.34559375047683716 0.9635671377182007 -0.810697615146637
-0.4917364716529846 1.0639946460723877 -0.8450979590415955
-0.7156853675842285 1.2252429723739624 -0.8851679563522339
-1.084895133972168 1.499130129814148 -0.9375115633010864
0.9948999285697937 -0.7942610383033752 0.3945278823375702
0.9631984233856201 -0.7376669049263 0.4030378460884094
0.9346625208854675 -0.6856614947319031 0.41134342551231384
0.9096543788909912 -0.639053225517273 0.419236421585083
0.8881769776344299 -0.598046064376831 0.4265827238559723
0.8699305057525635 -0.5623122453689575 0.433324933052063
0.8543890714645386 -0.5311079025268555 0.4394741952419281
0.8408756256103516 -0.5033931136131287 0.44509783387184143
0.8286217451095581 -0.47793373465538025 0.45030468702316284
0.8170796632766724 -0.45379838347435 0.45514535903930664
0.8060800433158875 -0.43063855171203613 0.45955175161361694
0.7955020070075989 -0.40818968415260315 0.4634345769882202
0.7852417230606079 -0.38622111082077026 0.4666898250579834
0.7752103805541992 -0.3645298480987549 0.4691976308822632
0.7653307914733887 -0.34293586015701294 0.4708212912082672
0.7555365562438965 -0.3212788999080658 0.4714060127735138
0.7457661628723145 -0.29941311478614807 0.4707924425601959
0.7359318137168884 -0.27718737721443176 0.46892213821411133
0.7259460687637329 -0.25448110699653625 0.46579042077064514
0.715743899345398 -0.23122991621494293 0.4614001512527466
0.7052865624427795 -0.20743416249752045 0.45577117800712585
0.6945649981498718 -0.18316730856895447 0.4489499628543854
0.6836048364639282 -0.15858377516269684 0.441020131111145
0.6724687814712524 -0.133921816945076 0.4321101903915405
0.6612768173217773 -0.10945583134889603 0.4223918616771698
0.6502074599266052 -0.08536116033792496 0.412045419216156
0.6394182443618774 -0.06173129379749298 0.40123826265335083
0.6290311813354492 -0.03858860582113266 0.3901160955429077
0.6191331744194031 -0.0158888790756464 0.3787975311279297
0.6097778677940369 0.006472777109593153 0.3673710227012634
0.6009897589683533 0.028655892238020897 0.3558937907218933
0.5927672982215881 0.05085510015487671 0.3443923592567444
0.5850595831871033 0.07304134219884872 0.3328559398651123
0.5777785181999207 0.0949847623705864 0.32124561071395874
0.5708299279212952 0.1164848655462265 0.3095059394836426
0.5641146302223206 0.1373744010925293 0.2975649833679199
0.5575281381607056 0.15751376748085022 0.2853327989578247
0.5509595274925232 0.17678490281105042 0.2726990580558777
0.5442888736724854 0.1950853317975998 0.25952962040901184
0.5374022722244263 0.21238069236278534 0.24567607045173645
0.530275821685791 0.22891514003276825 0.23105250298976898
0.5229327082633972 0.24497300386428833 0.2156258374452591
0.5154196619987488 0.2607874274253845 0.19940586388111115
0.5078116059303284 0.27654388546943665 0.18245506286621094
0.5002137422561646 0.29237961769104004 0.16489854454994202
0.49276411533355713 0.3083805739879608 0.14693310856819153
0.4856310784816742 0.3245747685432434 0.12883231043815613
0.4789266586303711 0.34085798263549805 0.11086812615394592
0.4726232588291168 0.35699528455734253 0.09319530427455902
0.4666582942008972 0.3727787733078003 0.07591111958026886
0.46094951033592224 0.38804516196250916 0.059063609689474106
0.45539772510528564 0.4026753604412079 0.04265361279249191
0.4498897194862366 0.4165915846824646 0.026637861505150795
0.4442989230155945 0.4297531843185425 0.010932018980383873
0.4384901523590088 0.44215789437294006 -0.004585397429764271
0.43237102031707764 0.4538891613483429 -0.020043570548295975
0.42588552832603455 0.46505555510520935 -0.0355447381734848
0.41898804903030396 0.4757426977157593 -0.051162973046302795
0.41164475679397583 0.4860156178474426 -0.06694350391626358
0.4038355052471161 0.49592041969299316 -0.08290226012468338
0.39555612206459045 0.5054861307144165 -0.09902475774288177
0.38682082295417786 0.514725923538208 -0.11526540666818619
0.37768521904945374 0.5236387848854065 -0.13153937458992004
0.3682781457901001 0.5322260856628418 -0.14773191511631012
0.35872378945350647 0.5405088067054749 -0.16375720500946045
0.3491235375404358 0.5485278964042664 -0.17956767976284027
0.339555561542511 0.5563415288925171 -0.1951521784067154
0.33007538318634033 0.5640236139297485 -0.21053363382816315
0.3207170069217682 0.5716623663902283 -0.22576700150966644
0.3114907741546631 0.5793609619140625 -0.24093998968601227
0.3022923469543457 0.5872220993041992 -0.25619810819625854
0.2929195463657379 0.595325767993927 -0.27170461416244507
0.2831907272338867 0.603729248046875 -0.2875808775424957
0.2729516923427582 0.6124657988548279 -0.3039022386074066
0.2620789408683777 0.6215425133705139 -0.32069551944732666
0.2504851818084717 0.6309375166893005 -0.33793437480926514
0.23812511563301086 0.6405977010726929 -0.3555372953414917
0.22500205039978027 0.6504391431808472 -0.37336796522140503
0.21115265786647797 0.6603626012802124 -0.3912695348262787
0.1965952068567276 0.6702927350997925 -0.40913066267967224
0.18131418526172638 0.6801866292953491 -0.426897794008255
0.16525787115097046 0.690031886100769 -0.44457152485847473
0.1483355462551117 0.6998449563980103 -0.46220290660858154
0.13041441142559052 0.7096686959266663 -0.47988924384117126
0.11131564527750015 0.7195709943771362 -0.49777209758758545
0.0908351019024849 0.7296433448791504 -0.5160514712333679
0.06879930943250656 0.7399836778640747 -0.5349715948104858
0.04505331814289093 0.7506788969039917 -0.5547598004341125
0.019457783550024033 0.7618045806884766 -0.5756227374076843
-0.008108123205602169 0.7734253406524658 -0.5977469086647034
-0.03774302452802658 0.7855945229530334 -0.6212977766990662
-0.06951864808797836 0.7983527779579163 -0.6464167833328247
-0.10363829880952835 0.811915397644043 -0.6731922030448914
-0.1426847130060196 0.8291744589805603 -0.7013907432556152
-0.19158248603343964 0.8552934527397156 -0.7309173345565796
-0.2566969692707062 0.896419882774353 -0.7622764706611633
-0.3471856415271759 0.9609241485595703 -0.7967482209205627
-0.4779573976993561 1.0620691776275635 -0.83683180809021
-0.6765828132629395 1.2241477966308594 -0.8874017596244812
-1.002163290977478 1.4991302490234375 -0.9590035676956177
0.990945041179657 -0.796793520450592 0.38163137435913086
0.9597033858299255 -0.7412297129631042 0.39018723368644714
0.9315066337585449 -0.690395176410675 0.3983079195022583
0.9066343903541565 -0.6448851823806763 0.4058493673801422
0.885060727596283 -0.6047707200050354 0.41274040937423706
0.8665053248405457 -0.5696741938591003 0.4189777374267578
0.850497841835022 -0.5388712882995605 0.4246150553226471
0.8364368677139282 -0.5113900899887085 0.4297505021095276
0.8236384391784668 -0.4860922694206238 0.43451404571533203
0.811596691608429 -0.4621025323867798 0.43896356225013733
0.8001258373260498 -0.4390614330768585 0.44302621483802795
0.7890881299972534 -0.416693776845932 0.44660627841949463
0.7783669233322144 -0.39476412534713745 0.4495925307273865
0.7678637504577637 -0.3730705678462982 0.4518575370311737
0.7574949264526367 -0.3514406085014343 0.45325642824172974
0.7471914291381836 -0.3297293484210968 0.4536275565624237
0.7368934750556946 -0.30781418085098267 0.4528072774410248
0.7265222072601318 -0.28556331992149353 0.4507402777671814
0.7160012722015381 -0.26286911964416504 0.44743111729621887
0.7052770853042603 -0.23967693746089935 0.44289615750312805
0.6943227052688599 -0.21599270403385162 0.43717217445373535
0.6831405758857727 -0.1918897181749344 0.43032485246658325
0.6717662215232849 -0.16751383244991302 0.42245644330978394
0.6602699160575867 -0.14308467507362366 0.4137115776538849
0.6487799882888794 -0.11887088418006897 0.40427467226982117
0.637488067150116 -0.09508994221687317 0.39433643221855164
0.6265541911125183 -0.07186704128980637 0.3840634822845459
0.6160918474197388 -0.0492376871407032 0.3735901713371277
0.6061707139015198 -0.02715526707470417 0.363014280796051
0.596822202205658 -0.005499791819602251 0.35239678621292114
0.5880449414253235 0.01591436006128788 0.3417617082595825
0.5798099040985107 0.03732059523463249 0.33109790086746216
0.5720394849777222 0.058768756687641144 0.3203495442867279
0.5646284818649292 0.08011551201343536 0.309438019990921
0.5574763417243958 0.1012132316827774 0.2982836067676544
0.55048668384552 0.12191484123468399 0.28680428862571716
0.5435650944709778 0.14207112789154053 0.27491429448127747
0.5366175770759583 0.16152751445770264 0.2625223696231842
0.5295485258102417 0.18012113869190216 0.24953021109104156
0.5222743153572083 0.19773781299591064 0.23584303259849548
0.514789879322052 0.21454468369483948 0.22143153846263885
0.5071277022361755 0.23076938092708588 0.20630887150764465
0.49933791160583496 0.24660681188106537 0.19051826000213623
0.4914899468421936 0.26222148537635803 0.17413872480392456
0.4836741089820862 0.2777480185031891 0.15729065239429474
0.4760024845600128 0.29329007863998413 0.1401398777961731
0.4686067998409271 0.3089168667793274 0.1228996068239212
0.4615710377693176 0.32458561658859253 0.105771005153656
0.45486852526664734 0.3401223123073578 0.08886292576789856
0.4484463036060333 0.3553679883480072 0.07224354892969131
0.4422362446784973 0.3701947331428528 0.05594706907868385
0.4361569881439209 0.38450491428375244 0.03997477516531944
0.43011534214019775 0.39823001623153687 0.02429654262959957
0.4240066409111023 0.4113278090953827 0.008852270431816578
0.41771766543388367 0.42378637194633484 -0.006447934079915285
0.4111635684967041 0.435678631067276 -0.021720532327890396
0.4042879045009613 0.4471043646335602 -0.037068918347358704
0.39704644680023193 0.458141028881073 -0.05256763473153114
0.3894088864326477 0.4688442349433899 -0.06826092302799225
0.38136085867881775 0.4792499542236328 -0.08416184037923813
0.3729061484336853 0.4893750548362732 -0.10025079548358917
0.3640686571598053 0.49921900033950806 -0.11647484451532364
0.3549107313156128 0.508762001991272 -0.1327362358570099
0.34555304050445557 0.517978310585022 -0.1488979607820511
0.336104154586792 0.5268659591674805 -0.1648579239845276
0.32664525508880615 0.5354492664337158 -0.18056073784828186
0.3172302544116974 0.5437756180763245 -0.19599495828151703
0.3078869581222534 0.5519124865531921 -0.2111896127462387
0.2986184060573578 0.5599454641342163 -0.22621113061904907
0.2894015312194824 0.5679782032966614 -0.24116292595863342
0.2801250219345093 0.5761184096336365 -0.25619417428970337
0.2706112563610077 0.5844528675079346 -0.2714555263519287
0.26070451736450195 0.5930452942848206 -0.28705617785453796
0.25027602910995483 0.6019355654716492 -0.3030610680580139
0.2392267882823944 0.6111375689506531 -0.31948861479759216
0.22749251127243042 0.6206371188163757 -0.3363073170185089
0.21504883468151093 0.6303898692131042 -0.35343340039253235
0.20191185176372528 0.6403219103813171 -0.3707340359687805
0.1880975216627121 0.6503510475158691 -0.38807496428489685
0.17359542846679688 0.6604170203208923 -0.40536513924598694
0.15836843848228455 0.6704861521720886 -0.4225602149963379
0.14235082268714905 0.6805503964424133 -0.4396597743034363
0.12544548511505127 0.6906260251998901 -0.4567044675350189
0.10752134770154953 0.7007520794868469 -0.47377339005470276
0.08840946853160858 0.710989773273468 -0.4909818172454834
0.06792695820331573 0.7214226722717285 -0.508502721786499
0.04592977464199066 0.7321438789367676 -0.5265647172927856
0.022289874032139778 0.7432379126548767 -0.5453855991363525
-0.0031089680269360542 0.754780650138855 -0.5651667714118958
-0.030368972569704056 0.766838788986206 -0.5860939025878906
-0.05957581847906113 0.7794702053070068 -0.6083366274833679
-0.0907953679561615 0.7927228808403015 -0.6320470571517944
-0.12420154362916946 0.8068208694458008 -0.6573455929756165
-0.1618996411561966 0.8246541619300842 -0.6842454075813293
-0.20796921849250793 0.8513751029968262 -0.7130410671234131
-0.26779213547706604 0.8931272625923157 -0.7446475625038147
-0.34920650720596313 0.9582878351211548 -0.7808533906936646
-0.46504390239715576 1.0601445436477661 -0.8249232769012451
-0.63907790184021 1.22305166721344 -0.8831127882003784
-0.9222925901412964 1.4991300106048584 -0.9689174294471741
0.9883520603179932 -0.8004512190818787 0.3685550093650818
0.9565516114234924 -0.7450999617576599 0.37694865465164185
0.9279663562774658 -0.6948506236076355 0.3847256898880005
0.9027653336524963 -0.6500604152679443 0.39180660247802734
0.880851686000824 -0.6106341481208801 0.39817750453948975
0.861914336681366 -0.5761040449142456 0.4038808345794678
0.8454840779304504 -0.5457216501235962 0.40900352597236633
0.8309828639030457 -0.5185382962226868 0.41366609930992126
0.8177621364593506 -0.4934695065021515 0.4180121123790741
0.8053309917449951 -0.4696729779243469 0.4221031963825226
0.7934864163398743 -0.44677793979644775 0.4258624315261841
0.7820749878883362 -0.42450055480003357 0.4291888177394867
0.7709689736366272 -0.40260300040245056 0.431965172290802
0.7600615620613098 -0.3808872401714325 0.43405693769454956
0.7492659687995911 -0.35919269919395447 0.43531277775764465
0.738513708114624 -0.3373952805995941 0.435564786195755
0.727750837802887 -0.3154022991657257 0.4346461892127991
0.7169101238250732 -0.2931059002876282 0.432503342628479
0.7059276700019836 -0.27041390538215637 0.4291474521160126
0.6947617530822754 -0.24728304147720337 0.4246051013469696
0.6833962798118591 -0.22372502088546753 0.418925404548645
0.6718428134918213 -0.1998114138841629 0.4121868312358856
0.6601431965827942 -0.1756771057844162 0.40450286865234375
0.6483697891235352 -0.15151920914649963 0.39602503180503845
0.6366544961929321 -0.1275959610939026 0.3869425356388092
0.6251985430717468 -0.10416056960821152 0.3774518370628357
0.6141623258590698 -0.08136498928070068 0.367717981338501
0.6036502122879028 -0.059255313128232956 0.35786500573158264
0.5937161445617676 -0.03778301551938057 0.34797433018684387
0.5843712687492371 -0.01681653968989849 0.338085412979126
0.5755916833877563 0.003849221393465996 0.3281981348991394
0.5673242211341858 0.02447725087404251 0.3182736933231354
0.559468150138855 0.045187026262283325 0.308221697807312
0.5519036054611206 0.06591781973838806 0.2979319393634796
0.5445255041122437 0.08657708019018173 0.2873040735721588
0.5372410416603088 0.10704469680786133 0.27624672651290894
0.529967188835144 0.12717105448246002 0.26467689871788025
0.5226292610168457 0.14677445590496063 0.25252044200897217
0.5151605606079102 0.1656395047903061 0.2397124320268631
0.5075116753578186 0.18357692658901215 0.22620928287506104
0.4996936619281769 0.20067526400089264 0.21203090250492096
0.4917430281639099 0.21710205078125 0.1972285509109497
0.4837065637111664 0.23301081359386444 0.18187130987644196
0.4756416082382202 0.24854177236557007 0.16604860126972198
0.46761706471443176 0.2638222873210907 0.14987221360206604
0.4597127139568329 0.27896666526794434 0.13347721099853516
0.4520183801651001 0.29407382011413574 0.11702225357294083
0.44458943605422974 0.30915001034736633 0.10064955800771713
0.43740683794021606 0.32407552003860474 0.08443573862314224
0.4304331839084625 0.33873802423477173 0.06842956691980362
0.4236198663711548 0.35304635763168335 0.05265648290514946
0.4169080853462219 0.3669303357601166 0.03711927309632301
0.41022929549217224 0.3803391754627228 0.021798785775899887
0.40350574254989624 0.3932407796382904 0.006654528435319662
0.39665117859840393 0.40562570095062256 -0.008377760648727417
0.38959378004074097 0.4175628423690796 -0.023403504863381386
0.3822820484638214 0.42914584279060364 -0.03852631896734238
0.37467819452285767 0.44044584035873413 -0.053821008652448654
0.36675992608070374 0.45151183009147644 -0.06933160126209259
0.35852208733558655 0.4623715579509735 -0.08507012575864792
0.34997838735580444 0.4730321764945984 -0.10101497918367386
0.34116315841674805 0.48348119854927063 -0.11711018532514572
0.3321406841278076 0.4936812222003937 -0.13325190544128418
0.3230077922344208 0.5035774111747742 -0.14929154515266418
0.3138425052165985 0.5131415128707886 -0.165118008852005
0.30469435453414917 0.5223761796951294 -0.18067103624343872
0.29558509588241577 0.5313120484352112 -0.19593782722949982
0.2865101993083954 0.5400037169456482 -0.21094898879528046
0.2774399220943451 0.5485272407531738 -0.22577500343322754
0.26831862330436707 0.5569787621498108 -0.2405247837305069
0.25903138518333435 0.5654662847518921 -0.25534340739250183
0.24942870438098907 0.5740827322006226 -0.270366907119751
0.23938244581222534 0.5828978419303894 -0.2856917083263397
0.22878988087177277 0.5919582843780518 -0.3013734519481659
0.21757590770721436 0.601285994052887 -0.317425012588501
0.20569780468940735 0.6108762621879578 -0.3338134288787842
0.1931498497724533 0.6206963658332825 -0.35045844316482544
0.17995858192443848 0.6306864619255066 -0.3672371804714203
0.1661204844713211 0.6407849788665771 -0.38403794169425964
0.15159937739372253 0.6509493589401245 -0.40078815817832947
0.1363394558429718 0.6611578464508057 -0.41745078563690186
0.12026387453079224 0.6714082956314087 -0.434022456407547
0.10327259451150894 0.6817180514335632 -0.45053189992904663
0.08523989468812943 0.6921228170394897 -0.4670376479625702
0.06601129472255707 0.7026761174201965 -0.48362696170806885
0.04543014615774155 0.7134518623352051 -0.5004432797431946
0.023385541513562202 0.7245360016822815 -0.5176982283592224
-0.0002209381345892325 0.7360090613365173 -0.5355990529060364
-0.02548096887767315 0.7479456067085266 -0.5543414354324341
-0.05247827246785164 0.7604146599769592 -0.5741105675697327
-0.08128730207681656 0.7734790444374084 -0.595081090927124
-0.11197151988744736 0.7871957421302795 -0.6174167990684509
-0.14468282461166382 0.8018007874488831 -0.6412690281867981
-0.1810864806175232 0.8201833367347717 -0.6668429374694824
-0.22447830438613892 0.847486138343811 -0.6947281360626221
-0.2793269753456116 0.8898478746414185 -0.7261409163475037
-0.3522435128688812 0.95565265417099 -0.7632340788841248
-0.4541251063346863 1.0582146644592285 -0.8098155856132507
-0.6052044630050659 1.2219510078430176 -0.8731158375740051
-0.8488886952400208 1.4991300106048584 -0.968712568283081
0.986377477645874 -0.8046486377716064 0.3554323613643646
0.9535515308380127 -0.7491320967674255 0.3635595738887787
0.9242292642593384 -0.6991593837738037 0.37091928720474243
0.8984665870666504 -0.6548651456832886 0.37749183177948
0.8760848045349121 -0.6159923672676086 0.38331419229507446
0.8567232489585876 -0.5819756984710693 0.3884683847427368
0.8398904204368591 -0.552023708820343 0.3930700421333313
0.8250066041946411 -0.5251871943473816 0.3972592353820801
0.8114340305328369 -0.5004079341888428 0.40119221806526184
0.7986807823181152 -0.4768575429916382 0.4049345850944519
0.786523163318634 -0.45414936542510986 0.4084065556526184
0.7747906446456909 -0.4319882094860077 0.4115025997161865
0.7633435130119324 -0.4101330637931824 0.4141003489494324
0.7520676255226135 -0.3883909285068512 0.4160589575767517
0.7408738136291504 -0.36661550402641296 0.41722041368484497
0.7296974062919617 -0.3447083830833435 0.417410671710968
0.7184945344924927 -0.3226137161254883 0.4164590835571289
0.7072123885154724 -0.30025213956832886 0.41431280970573425
0.6958011388778687 -0.2775499224662781 0.4109877943992615
0.6842319369316101 -0.2544764578342438 0.40651869773864746
0.6724990010261536 -0.2310493439435959 0.40096402168273926
0.6606218814849854 -0.20733755826950073 0.3944111168384552
0.6486459374427795 -0.1834626942873001 0.3869799077510834
0.6366424560546875 -0.1595969796180725 0.3788236677646637
0.6247425079345703 -0.13598430156707764 0.3701309263706207
0.6131546497344971 -0.11290721595287323 0.36110109090805054
0.6020384430885315 -0.09053941816091537 0.3518960773944855
0.591488778591156 -0.0689350813627243 0.34263086318969727
0.5815451145172119 -0.04804389178752899 0.3333733379840851
0.5722007751464844 -0.027725623920559883 0.3241470754146576
0.5634121894836426 -0.007760944310575724 0.3149341344833374
0.5551050305366516 0.012135009281337261 0.30567577481269836
0.5471576452255249 0.032140959054231644 0.29625579714775085
0.5394372344017029 0.052271079272031784 0.28653910756111145
0.5318337678909302 0.07248620688915253 0.276407927274704
0.5242571830749512 0.09269678592681885 0.2657621204853058
0.5166356563568115 0.11275974661111832 0.2545197904109955
0.5089143514633179 0.13247469067573547 0.24262051284313202
0.5010566115379333 0.1515815705060959 0.23002922534942627
0.4930492341518402 0.16982242465019226 0.21674785017967224
0.4849163591861725 0.18721085786819458 0.2028362900018692
0.47669416666030884 0.2038559466600418 0.18837477266788483
0.46842169761657715 0.21987028419971466 0.17345081269741058
0.46014082431793213 0.23536933958530426 0.15815922617912292
0.4518957734107971 0.25047099590301514 0.14260166883468628
0.44373318552970886 0.2652948498725891 0.12688589096069336
0.4357009828090668 0.2799599766731262 0.11112498492002487
0.4278296232223511 0.2945089638233185 0.09541701525449753
0.42011338472366333 0.30886539816856384 0.07982072234153748
0.41253480315208435 0.32295647263526917 0.06437523663043976
0.4050676226615906 0.3367253839969635 0.049102380871772766
0.3976772427558899 0.3501307964324951 0.03400709107518196
0.3903210461139679 0.3631457984447479 0.019077923148870468
0.38294801115989685 0.37575677037239075 0.0042872740887105465
0.3754994869232178 0.3879683017730713 -0.010412296280264854
0.3679194152355194 0.39985042810440063 -0.025117244571447372
0.3601655960083008 0.4114922285079956 -0.039929136633872986
0.3522106111049652 0.42296063899993896 -0.05492178350687027
0.3440430164337158 0.43430018424987793 -0.07013917714357376
0.3356685936450958 0.44553327560424805 -0.08559410274028778
0.32711154222488403 0.45666059851646423 -0.1012665405869484
0.318415105342865 0.4676612615585327 -0.11710264533758163
0.3096406161785126 0.4784846007823944 -0.1330013871192932
0.30084821581840515 0.48905137181282043 -0.1488165408372879
0.2920742630958557 0.4993078410625458 -0.16443738341331482
0.2833293676376343 0.5092334747314453 -0.1798020303249359
0.27459946274757385 0.5188374519348145 -0.19489450752735138
0.2658468782901764 0.5281550884246826 -0.20974083244800568
0.2570113241672516 0.5372450351715088 -0.22440588474273682
0.2480088770389557 0.5461875200271606 -0.23899146914482117
0.23872609436511993 0.5550840497016907 -0.2536291778087616
0.22904470562934875 0.5640316009521484 -0.26843753457069397
0.2188662439584732 0.5731054544448853 -0.28349971771240234
0.20811434090137482 0.5823587775230408 -0.2988625466823578
0.19673743844032288 0.5918221473693848 -0.31453558802604675
0.1847129911184311 0.601502537727356 -0.3304886221885681
0.17205117642879486 0.6113812327384949 -0.3466501832008362
0.1587858349084854 0.6214165687561035 -0.3629135191440582
0.14489325881004333 0.631569504737854 -0.37918999791145325
0.13031229376792908 0.6418167948722839 -0.39542365074157715
0.1149691492319107 0.6521496176719666 -0.41158342361450195
0.09877701848745346 0.6625728607177734 -0.42766204476356506
0.08163422346115112 0.6731054782867432 -0.44367533922195435
0.0634225383400917 0.6837793588638306 -0.4596606492996216
0.04400508478283882 0.6946399807929993 -0.4756760895252228
0.023255640640854836 0.70574951171875 -0.49183452129364014
0.001101147849112749 0.7171841263771057 -0.508328914642334
-0.022523844614624977 0.7290189266204834 -0.52535480260849
-0.04768488556146622 0.7413265705108643 -0.5431016087532043
-0.07444742321968079 0.7541781663894653 -0.5617538690567017
-0.10287684202194214 0.7676428556442261 -0.5814917683601379
-0.1330382078886032 0.7817885875701904 -0.6024916172027588
-0.16507044434547424 0.7968666553497314 -0.6249334216117859
-0.20025573670864105 0.8157685399055481 -0.6491681933403015
-0.24120059609413147 0.8436275720596313 -0.6759982109069824
-0.29156818985939026 0.8865785598754883 -0.7068485021591187
-0.35688403248786926 0.9530133008956909 -0.7441133856773376
-0.44633010029792786 1.0562740564346313 -0.7919533252716064
-0.5769960284233093 1.2208412885665894 -0.85822594165802
-0.7855541706085205 1.499129056930542 -0.9598478674888611
0.9844503998756409 -0.8089545369148254 0.34232476353645325
0.9505480527877808 -0.7532377243041992 0.350138783454895
0.9204187393188477 -0.7034457325935364 0.3570587933063507
0.8940299153327942 -0.6595414280891418 0.363116055727005
0.8711355328559875 -0.6211400032043457 0.36839044094085693
0.8513308763504028 -0.5875946283340454 0.37299808859825134
0.8341012597084045 -0.5580732226371765 0.3770800530910492
0.8188586831092834 -0.5316163897514343 0.3807946443557739
0.8049675226211548 -0.5071772336959839 0.3843111991882324
0.7919270992279053 -0.483927458524704 0.38770127296447754
0.7794878482818604 -0.4614560008049011 0.3908831477165222
0.767458975315094 -0.4394519031047821 0.39374852180480957
0.7556865215301514 -0.41766706109046936 0.3961707353591919
0.7440487146377563 -0.39591196179389954 0.39800381660461426
0.7324546575546265 -0.3740554451942444 0.3990831971168518
0.7208457589149475 -0.35202836990356445 0.39922893047332764
0.7091927528381348 -0.3298175036907196 0.3982659876346588
0.6974608302116394 -0.3073771297931671 0.3961416780948639
0.6856170296669006 -0.28465449810028076 0.3928767442703247
0.6736466884613037 -0.2616332471370697 0.38851282000541687
0.6615551710128784 -0.23833705484867096 0.3831164240837097
0.6493692994117737 -0.21483132243156433 0.3767821490764618
0.6371363997459412 -0.1912228763103485 0.36963385343551636
0.6249244213104248 -0.1676570475101471 0.3618238568305969
0.6128607988357544 -0.14436019957065582 0.3535369336605072
0.601158618927002 -0.12163808196783066 0.3449718952178955
0.5899748206138611 -0.09968136996030807 0.33628547191619873
0.5793947577476501 -0.07855021208524704 0.3275834321975708
0.5694442987442017 -0.05819287523627281 0.31892216205596924
0.5601004362106323 -0.038462940603494644 0.3103126585483551
0.5513024926185608 -0.0191313736140728 0.3017237186431885
0.5429573655128479 0.00010204973659710959 0.29308250546455383
0.5349248051643372 0.019464604556560516 0.2842540740966797
0.5270589590072632 0.039035405963659286 0.27508431673049927
0.5192442536354065 0.05882427096366882 0.2654415965080261
0.5113920569419861 0.07877273112535477 0.2552173435688019
0.50343918800354 0.09874864667654037 0.24432922899723053
0.49534958600997925 0.11853966116905212 0.23272705078125
0.48711541295051575 0.13784858584403992 0.22040024399757385
0.4787589907646179 0.15635643899440765 0.20738908648490906
0.47031572461128235 0.17401020228862762 0.1937834620475769
0.46181926131248474 0.19086669385433197 0.17968371510505676
0.45329979062080383 0.20700179040431976 0.16518959403038025
0.44478338956832886 0.22250856459140778 0.15039806067943573
0.43629157543182373 0.23749545216560364 0.13540150225162506
0.42784103751182556 0.25208455324172974 0.12028591334819794
0.4194434881210327 0.2664085030555725 0.10512998700141907
0.4111103415489197 0.2805343568325043 0.09000252932310104
0.40285369753837585 0.2944156527519226 0.07495717704296112
0.39467790722846985 0.3080091178417206 0.06003189831972122
0.38657867908477783 0.32128605246543884 0.04524877667427063
0.3785433769226074 0.33423149585723877 0.030614694580435753
0.3705512583255768 0.3468431532382965 0.016121767461299896
0.36257368326187134 0.3591308891773224 0.0017476074863225222
0.3545736074447632 0.3711198568344116 -0.012548476457595825
0.3465101420879364 0.3828839957714081 -0.026855716481804848
0.33835312724113464 0.3945079743862152 -0.04127008840441704
0.33008700609207153 0.40605512261390686 -0.05586208030581474
0.321711927652359 0.41756704449653625 -0.07067477703094482
0.31324461102485657 0.42906394600868225 -0.08572282642126083
0.3047184646129608 0.4405440390110016 -0.10099079459905624
0.2961840033531189 0.45198360085487366 -0.1164320856332779
0.2876955270767212 0.4633265435695648 -0.13195763528347015
0.27927011251449585 0.4744807481765747 -0.14743898808956146
0.2708982229232788 0.4853745400905609 -0.16277644038200378
0.26255011558532715 0.49596652388572693 -0.1779107004404068
0.25417667627334595 0.5062428116798401 -0.19282108545303345
0.24571053683757782 0.5162144303321838 -0.2075229436159134
0.23706583678722382 0.5259147882461548 -0.22206518054008484
0.22813771665096283 0.5353984832763672 -0.23652905225753784
0.21881985664367676 0.5447523593902588 -0.2510221600532532
0.2090274542570114 0.5540735721588135 -0.26564231514930725
0.19869284331798553 0.5634406208992004 -0.2804580330848694
0.18776652216911316 0.5729122161865234 -0.29550793766975403
0.17621994018554688 0.582528293132782 -0.3108004927635193
0.16404873132705688 0.5923082828521729 -0.32631146907806396
0.15127599239349365 0.602250874042511 -0.3419838845729828
0.1379386931657791 0.6123358607292175 -0.3577333986759186
0.12399087846279144 0.6225480437278748 -0.37349507212638855
0.10934523493051529 0.632883608341217 -0.38922780752182007
0.09390921145677567 0.643346905708313 -0.40490585565567017
0.0775853842496872 0.6539502143859863 -0.42051777243614197
0.06027046963572502 0.6647137403488159 -0.4360663890838623
0.041854456067085266 0.6756653189659119 -0.45156770944595337
0.02221965603530407 0.6868405938148499 -0.46705108880996704
0.001273582805879414 0.6982877850532532 -0.48259827494621277
-0.021014809608459473 0.7100712656974792 -0.49838170409202576
-0.04467542842030525 0.7222590446472168 -0.5145837664604187
-0.06974701583385468 0.7349214553833008 -0.5313867926597595
-0.096278116106987 0.748132050037384 -0.5489741563796997
-0.12432809919118881 0.761967658996582 -0.5675310492515564
-0.1539682149887085 0.7765093445777893 -0.5872455835342407
-0.18533442914485931 0.7920264005661011 -0.6083236336708069
-0.219395712018013 0.8114151358604431 -0.6312214136123657
-0.25818532705307007 0.8397985100746155 -0.6568843722343445
-0.3046928942203522 0.8833042979240417 -0.6868657469749451
-0.3635309040546417 0.9503275156021118 -0.7236968278884888
-0.4424339532852173 1.054228663444519 -0.7717256546020508
-0.5558313131332397 1.2195264101028442 -0.8391350507736206
-0.7346814870834351 1.4986997842788696 -0.943525493144989
0.9824760556221008 -0.8133670687675476 0.3290799856185913
0.9474908709526062 -0.7574636340141296 0.33653685450553894
0.9165158271789551 -0.7077919840812683 0.34300142526626587
0.8894562721252441 -0.6641950607299805 0.3485455811023712
0.8660151958465576 -0.626194179058075 0.35328370332717896
0.8457508087158203 -0.5930780172348022 0.3573591411113739
0.8281247615814209 -0.5639775991439819 0.36093321442604065
0.812536895275116 -0.5379195809364319 0.3641791343688965
0.7983469367027283 -0.5138581395149231 0.3672772943973541
0.7850388884544373 -0.4909537732601166 0.37030476331710815
0.7723328471183777 -0.46876537799835205 0.37318018078804016
0.760015606880188 -0.4469608962535858 0.37579476833343506
0.7479174733161926 -0.4252817928791046 0.37802040576934814
0.7359082698822021 -0.4035395681858063 0.37970826029777527
0.7238969206809998 -0.38161757588386536 0.38069018721580505
0.7118334770202637 -0.3594772517681122 0.3807821273803711
0.6997079849243164 -0.3371519148349762 0.3798069357872009
0.6875081658363342 -0.3146335184574127 0.3777131140232086
0.6752209663391113 -0.2918928265571594 0.3745260238647461
0.6628478169441223 -0.2689289450645447 0.3702937066555023
0.6504061222076416 -0.24577149748802185 0.3650895655155182
0.6379293203353882 -0.22248099744319916 0.3590134084224701
0.6254658699035645 -0.19914740324020386 0.3521905839443207
0.6130772233009338 -0.1758870780467987 0.3447694778442383
0.6008842587471008 -0.1529054492712021 0.33692753314971924
0.5890994071960449 -0.13052533566951752 0.32885709404945374
0.5778737664222717 -0.10895078629255295 0.3207062780857086
0.5672820806503296 -0.08824717253446579 0.3125702142715454
0.5573360919952393 -0.06836304813623428 0.30449438095092773
0.547998309135437 -0.04914947971701622 0.29647907614707947
0.5391920804977417 -0.03037300705909729 0.288483202457428
0.5308077335357666 -0.011725147254765034 0.28042373061180115
0.5226883888244629 0.007059659343212843 0.27215346693992615
0.5146765112876892 0.026116078719496727 0.2635056674480438
0.5066505670547485 0.04549795761704445 0.25433850288391113
0.4985221326351166 0.06517726927995682 0.24453696608543396
0.4902360141277313 0.08503598719835281 0.2340182214975357
0.4817725121974945 0.1048557385802269 0.22273990511894226
0.47315219044685364 0.12431008368730545 0.21071206033229828
0.4644320011138916 0.14302775263786316 0.19800688326358795
0.4556591212749481 0.1608990877866745 0.18473663926124573
0.44686582684516907 0.1779364049434662 0.17101545631885529
0.4380752742290497 0.19418452680110931 0.1569509506225586
0.42930057644844055 0.20971794426441193 0.14264066517353058
0.4205448031425476 0.2246377319097519 0.12816914916038513
0.4118005931377411 0.23906852304935455 0.11360569298267365
0.4030507802963257 0.2531536817550659 0.09900356829166412
0.3942934572696686 0.266976535320282 0.08441289514303207
0.3855581283569336 0.28050851821899414 0.06988945603370667
0.37686824798583984 0.29372531175613403 0.05547407642006874
0.3682367503643036 0.3066181242465973 0.041190557181835175
0.3596670627593994 0.3191925287246704 0.027046535164117813
0.3511529564857483 0.3314671814441681 0.013034066185355186
0.3426790237426758 0.3434731662273407 -0.0008698957390151918
0.3342207670211792 0.3552558422088623 -0.014706454239785671
0.32575008273124695 0.36689233779907227 -0.028557658195495605
0.31724974513053894 0.3784613013267517 -0.04250973090529442
0.30871662497520447 0.3900223672389984 -0.056626707315444946
0.30016231536865234 0.4016154408454895 -0.07094908505678177
0.2916131913661957 0.41326090693473816 -0.08549317717552185
0.2831108868122101 0.42495906352996826 -0.10024969279766083
0.274711549282074 0.43668973445892334 -0.11518267542123795
0.26646190881729126 0.4484013319015503 -0.13022209703922272
0.2583368718624115 0.46000370383262634 -0.145269513130188
0.2502835690975189 0.4714190661907196 -0.16024556756019592
0.24223549664020538 0.48259153962135315 -0.17509834468364716
0.2341133952140808 0.4934864342212677 -0.1898028552532196
0.2258254438638687 0.5040885806083679 -0.20435987412929535
0.2172670066356659 0.5144006013870239 -0.2187947779893875
0.2083202302455902 0.5244429111480713 -0.23315715789794922
0.19889122247695923 0.5342791676521301 -0.24752163887023926
0.18892927467823029 0.5440005660057068 -0.26196178793907166
0.1783975511789322 0.5536848902702332 -0.27653032541275024
0.16727314889431 0.5633949041366577 -0.2912580370903015
0.1555488109588623 0.573178768157959 -0.30615371465682983
0.1432359516620636 0.5830696821212769 -0.32120317220687866
0.13036634027957916 0.5930854082107544 -0.3363686800003052
0.11697496473789215 0.6032302379608154 -0.35159382224082947
0.10299140214920044 0.6135138273239136 -0.3668380379676819
0.08830147981643677 0.6239518523216248 -0.38207489252090454
0.07279325276613235 0.6345621347427368 -0.397283673286438
0.05635823681950569 0.6453642249107361 -0.41244885325431824
0.03889155387878418 0.6563794612884521 -0.4275606870651245
0.020292136818170547 0.6676304936408997 -0.4426148235797882
0.0004629867908079177 0.6791417598724365 -0.45761236548423767
-0.02065306156873703 0.690945565700531 -0.4726043939590454
-0.04304482787847519 0.7030922770500183 -0.487740695476532
-0.06670793890953064 0.7156412601470947 -0.50318843126297
-0.09165707975625992 0.7286599278450012 -0.5191213488578796
-0.11792769283056259 0.7422241568565369 -0.5357196927070618
-0.1455778330564499 0.7564191222190857 -0.5531716346740723
-0.17468991875648499 0.771340012550354 -0.5716745257377625
-0.2054060846567154 0.7872759103775024 -0.5914542078971863
-0.23844705522060394 0.8071241974830627 -0.613034725189209
-0.2753826677799225 0.8359887003898621 -0.6374425292015076
-0.31865209341049194 0.8799756765365601 -0.6662876009941101
-0.3721162676811218 0.9474583864212036 -0.7021422386169434
-0.44230908155441284 1.0517632961273193 -0.7493877410888672
-0.5414394736289978 1.2173237800598145 -0.8162411451339722
-0.6956583857536316 1.4963356256484985 -0.9203351140022278
0.9804409146308899 -0.8179415464401245 0.31554681062698364
0.9443560838699341 -0.7618663311004639 0.32260122895240784
0.9124911427497864 -0.7122614979743958 0.3285968601703644
0.8847140669822693 -0.6688967943191528 0.3336353003978729
0.8606910109519958 -0.6312289834022522 0.3378562927246094
0.8399479389190674 -0.5984971523284912 0.3414223790168762
0.8219220638275146 -0.5698000192642212 0.34450897574424744
0.8059960603713989 -0.544147253036499 0.3472987115383148
0.7915175557136536 -0.5204866528511047 0.34997817873954773
0.7779487371444702 -0.4979605972766876 0.35262835025787354
0.764977753162384 -0.47609347105026245 0.3551708459854126
0.7523666024208069 -0.4545286297798157 0.3574993908405304
0.7399296760559082 -0.4329943060874939 0.3594880998134613
0.7275288105010986 -0.4113001823425293 0.36098960041999817
0.7150739431381226 -0.38934245705604553 0.36183661222457886
0.7025273442268372 -0.3671124577522278 0.36184605956077576
0.6899027824401855 -0.3446912169456482 0.3608430027961731
0.6772154569625854 -0.32211098074913025 0.3587793707847595
0.6644750237464905 -0.29936835169792175 0.3556850254535675
0.6517016887664795 -0.2764787971973419 0.3516140878200531
0.6389256119728088 -0.2534773051738739 0.3466450273990631
0.6261861324310303 -0.23041769862174988 0.3408801555633545
0.6135305762290955 -0.20737077295780182 0.334443062543869
0.6010118722915649 -0.1844215989112854 0.32747477293014526
0.5887392163276672 -0.1617511659860611 0.3201403319835663
0.5769181251525879 -0.13969328999519348 0.3126189112663269
0.5656890273094177 -0.11846242100000381 0.30504482984542847
0.5551136136054993 -0.09812968224287033 0.2975003719329834
0.5451895594596863 -0.07864686101675034 0.29001978039741516
0.5358653664588928 -0.059867359697818756 0.28259387612342834
0.5270499587059021 -0.04155953601002693 0.27517369389533997
0.5186185836791992 -0.023414485156536102 0.26766934990882874
0.510400116443634 -0.005138302221894264 0.2599269151687622
0.5022274255752563 0.013450581580400467 0.25177323818206787
0.4939734637737274 0.03244488313794136 0.24306100606918335
0.48554980754852295 0.051845524460077286 0.23367178440093994
0.47690796852111816 0.07155059278011322 0.22352297604084015
0.4680441915988922 0.0913410559296608 0.21257977187633514
0.4590066075325012 0.11086932569742203 0.20086997747421265
0.44988691806793213 0.12972235679626465 0.18849316239356995
0.4407467544078827 0.147744283080101 0.17557856440544128
0.4316207766532898 0.16491159796714783 0.16225013136863708
0.422529399394989 0.18124456703662872 0.1486208587884903
0.4134778082370758 0.1968041956424713 0.13478805124759674
0.40445631742477417 0.2116878181695938 0.12082983553409576
0.39543986320495605 0.22602419555187225 0.10680253803730011
0.38639023900032043 0.23996728658676147 0.0927405133843422
0.37729576230049133 0.25361138582229614 0.07868151366710663
0.36819830536842346 0.2669350504875183 0.06468529254198074
0.3591330349445343 0.27992284297943115 0.0507957860827446
0.3501226007938385 0.2925768196582794 0.03703764081001282
0.3411773443222046 0.30491510033607483 0.02341732382774353
0.3322961628437042 0.3169700503349304 0.009924070909619331
0.32346686720848083 0.32878783345222473 -0.00346944248303771
0.31466731429100037 0.3404281735420227 -0.01680850423872471
0.30587974190711975 0.35196805000305176 -0.030166342854499817
0.29710090160369873 0.3634786605834961 -0.04361504316329956
0.28834015130996704 0.37501490116119385 -0.057208769023418427
0.2796197235584259 0.3866157531738281 -0.07098311930894852
0.2709747850894928 0.39830389618873596 -0.08495482802391052
0.2624533474445343 0.410085529088974 -0.0991208553314209
0.2541160583496094 0.42194974422454834 -0.11345738917589188
0.24600258469581604 0.4338591396808624 -0.12791769206523895
0.23805071413516998 0.4457406997680664 -0.1424417644739151
0.2301710993051529 0.45752382278442383 -0.156978040933609
0.22226737439632416 0.46914833784103394 -0.17148727178573608
0.21423675119876862 0.48056408762931824 -0.18594253063201904
0.20597010850906372 0.491731196641922 -0.20032916963100433
0.19735173881053925 0.5026189684867859 -0.2146446257829666
0.1882602423429489 0.5132079124450684 -0.22889913618564606
0.17861944437026978 0.5235294103622437 -0.24312689900398254
0.16841256618499756 0.5336618423461914 -0.25737419724464417
0.15763312578201294 0.5436772704124451 -0.2716763913631439
0.1462833136320114 0.5536390542984009 -0.28605639934539795
0.13437511026859283 0.5636027455329895 -0.30052560567855835
0.12193169444799423 0.5736150145530701 -0.3150823712348938
0.10898848623037338 0.5837141871452332 -0.3297126293182373
0.09557253122329712 0.5939310789108276 -0.34439244866371155
0.08158718049526215 0.6043009757995605 -0.3591068685054779
0.06689159572124481 0.6148594617843628 -0.373843789100647
0.05135452002286911 0.6256380081176758 -0.388588011264801
0.03485662862658501 0.6366633176803589 -0.40332096815109253
0.017291808500885963 0.6479575634002686 -0.41802147030830383
-0.001431336160749197 0.659537672996521 -0.43266594409942627
-0.021388009190559387 0.671415388584137 -0.4472290277481079
-0.04260043054819107 0.6836050152778625 -0.4617314338684082
-0.06501945853233337 0.6961411833763123 -0.47629791498184204
-0.08861173689365387 0.709073543548584 -0.49107828736305237
-0.11337357759475708 0.7224656939506531 -0.5062347054481506
-0.13933314383029938 0.7363956570625305 -0.5219418406486511
-0.16655246913433075 0.7509562969207764 -0.5383870005607605
-0.19512969255447388 0.7662574052810669 -0.5557723045349121
-0.22521989047527313 0.7826066613197327 -0.5743356943130493
-0.2573534846305847 0.8028936982154846 -0.5946352481842041
-0.292734831571579 0.8321845531463623 -0.6177238821983337
-0.33336398005485535 0.8765375018119812 -0.6452058553695679
-0.3824944496154785 0.944255530834198 -0.6796072721481323
-0.44568055868148804 1.0485321283340454 -0.7251992225646973
-0.5333009362220764 1.2134848833084106 -0.7899546027183533
-0.6674898862838745 1.4903907775878906 -0.890895426273346
0.9783384799957275 -0.8227202296257019 0.3016177713871002
0.9411302208900452 -0.76649010181427 0.3082260489463806
0.9083279371261597 -0.7169045805931091 0.3137425482273102
0.8797861337661743 -0.6737027764320374 0.31828773021698
0.8551450967788696 -0.6363028287887573 0.32201680541038513
0.8339030146598816 -0.6039075255393982 0.32510343194007874
0.8154698610305786 -0.5755872130393982 0.32772955298423767
0.7992057204246521 -0.5503329634666443 0.33008047938346863
0.7844396233558655 -0.5270819067955017 0.3323429524898529
0.7706060409545898 -0.5049532055854797 0.334599107503891
0.757359504699707 -0.4834348261356354 0.3367758095264435
0.7444380521774292 -0.4621443748474121 0.3387731909751892
0.7316400408744812 -0.44079431891441345 0.3404718041419983
0.7188202142715454 -0.41919034719467163 0.3417309522628784
0.705891489982605 -0.39723843336105347 0.342390239238739
0.6928312182426453 -0.374957799911499 0.3422744870185852
0.679681658744812 -0.35247525572776794 0.3412179946899414
0.6664897203445435 -0.32986462116241455 0.33917877078056335
0.6532919406890869 -0.30715006589889526 0.3361915946006775
0.6401283740997314 -0.2843635678291321 0.3323153257369995
0.6270424127578735 -0.26154449582099915 0.3276313543319702
0.6140783429145813 -0.23873800039291382 0.32224106788635254
0.6012799739837646 -0.21599356830120087 0.31626245379447937
0.5886884927749634 -0.193362757563591 0.3098248839378357
0.5763969421386719 -0.17099852859973907 0.30307576060295105
0.5645952820777893 -0.14923915266990662 0.2961731553077698
0.5534079670906067 -0.12830695509910583 0.28923219442367554
0.5428809523582458 -0.1082800030708313 0.2823195457458496
0.5329976081848145 -0.08911734074354172 0.2754572927951813
0.5236926674842834 -0.07068034261465073 0.26862743496894836
0.5148624181747437 -0.05274631828069687 0.2617747187614441
0.5063683390617371 -0.035014525055885315 0.2548046112060547
0.4980277717113495 -0.01717245951294899 0.2475612759590149
0.489666223526001 0.0010001115733757615 0.23987148702144623
0.48115262389183044 0.01962933875620365 0.2315872758626938
0.4723987877368927 0.038742631673812866 0.2225901484489441
0.4633629024028778 0.05825510993599892 0.2128003090620041
0.454056978225708 0.07795171439647675 0.20219095051288605
0.4445560574531555 0.09747213125228882 0.19080637395381927
0.43498730659484863 0.1163732185959816 0.1787700355052948
0.42543140053749084 0.13446399569511414 0.16622528433799744
0.4159314036369324 0.1516938954591751 0.15330380201339722
0.4065108597278595 0.16806620359420776 0.14012259244918823
0.3971729874610901 0.18363426625728607 0.12677845358848572
0.38790103793144226 0.19849595427513123 0.11334381997585297
0.37865909934043884 0.2127872258424759 0.09986461699008942
0.3693942427635193 0.2266739457845688 0.08636033535003662
0.36008602380752563 0.2402580976486206 0.0728587955236435
0.35077887773513794 0.25351598858833313 0.05942113697528839
0.3415094316005707 0.2664315402507782 0.046091750264167786
0.33229929208755493 0.27900853753089905 0.032893672585487366
0.32315605878829956 0.2912684679031372 0.01983017660677433
0.3140740692615509 0.3032486140727997 0.006886020302772522
0.3050351142883301 0.3150010108947754 -0.0059716664254665375
0.29601117968559265 0.3265915811061859 -0.018792936578392982
0.2869931161403656 0.33809226751327515 -0.031639229506254196
0.27799367904663086 0.349565327167511 -0.04456424340605736
0.2690351605415344 0.3610607981681824 -0.057609014213085175
0.2601500153541565 0.37261679768562317 -0.07080170512199402
0.25138068199157715 0.38425999879837036 -0.08415775746107101
0.2427799105644226 0.39600521326065063 -0.09767939150333405
0.23441101610660553 0.4078555703163147 -0.11135503649711609
0.22630645334720612 0.41979557275772095 -0.1251630336046219
0.21837356686592102 0.43178239464759827 -0.13908612728118896
0.2104942500591278 0.4437653720378876 -0.15310584008693695
0.20254996418952942 0.4556906223297119 -0.16720055043697357
0.19442223012447357 0.4675014317035675 -0.18134543299674988
0.18599270284175873 0.47913774847984314 -0.19551225006580353
0.1771438717842102 0.4905366003513336 -0.20966950058937073
0.16776160895824432 0.5016350746154785 -0.22378356754779816
0.1577940583229065 0.5124258399009705 -0.23784340918064117
0.14725813269615173 0.5229660868644714 -0.2518649399280548
0.1361767202615738 0.5333161354064941 -0.2658647298812866
0.12457525730133057 0.5435366630554199 -0.27985846996307373
0.11248147487640381 0.5536881685256958 -0.29386094212532043
0.0999256893992424 0.563830554485321 -0.3078858554363251
0.08694053441286087 0.5740229487419128 -0.32194578647613525
0.07353868335485458 0.5843241810798645 -0.3360525071620941
0.05959625169634819 0.5947957634925842 -0.3502176105976105
0.04494704306125641 0.6054932475090027 -0.36444342136383057
0.0294415932148695 0.6164619326591492 -0.3787214159965515
0.01295055728405714 0.6277361512184143 -0.39303135871887207
-0.004632775206118822 0.6393384337425232 -0.4073426425457001
-0.023389631882309914 0.6512793898582458 -0.42161422967910767
-0.04337304085493088 0.6635570526123047 -0.4357966482639313
-0.06457304209470749 0.6761664152145386 -0.44988110661506653
-0.08691109716892242 0.6891254186630249 -0.4639650583267212
-0.11033350974321365 0.7024726271629333 -0.47817763686180115
-0.13482610881328583 0.7162675261497498 -0.49266642332077026
-0.16041627526283264 0.7305891513824463 -0.5075961351394653
-0.18717506527900696 0.7455377578735352 -0.5231489539146423
-0.21521921455860138 0.7612357139587402 -0.5395256876945496
-0.24472078680992126 0.7780072689056396 -0.5569677948951721
-0.2760702073574066 0.7987186908721924 -0.5760374665260315
-0.3101933002471924 0.828370988368988 -0.5977690815925598
-0.34874969720840454 0.8729340434074402 -0.6237075328826904
-0.3945143222808838 0.9405695199966431 -0.656256914138794
-0.4522588849067688 1.0441957712173462 -0.6994513273239136
-0.5308778285980225 1.2072854042053223 -0.760765790939331
-0.649186372756958 1.4793083667755127 -0.8560161590576172
0.9761718511581421 -0.8277278542518616 0.28723835945129395
0.9378142952919006 -0.7713630795478821 0.2933602035045624
0.9040272235870361 -0.7217556834220886 0.29839107394218445
0.8746734857559204 -0.6786534786224365 0.30245935916900635
0.849378764629364 -0.64145827293396 0.30572590231895447
0.8276144862174988 -0.6093484163284302 0.3083670139312744
0.8087621927261353 -0.5813698768615723 0.3105636537075043
0.7921537756919861 -0.5564945936203003 0.3124968707561493
0.7770915031433105 -0.5336456894874573 0.3143462538719177
0.762978732585907 -0.511917233467102 0.3161922097206116
0.7494368553161621 -0.4907618463039398 0.31796929240226746
0.7361806035041809 -0.46977099776268005 0.3195874094963074
0.7229937314987183 -0.4486410319805145 0.320937842130661
0.7097253203392029 -0.4271717965602875 0.3218923509120941
0.6962935924530029 -0.40527641773223877 0.3223043978214264
0.6826937198638916 -0.38299745321273804 0.3220146894454956
0.668999969959259 -0.3605031669139862 0.3208748996257782
0.6552951335906982 -0.33790817856788635 0.31885260343551636
0.6416447162628174 -0.315265029668808 0.31598755717277527
0.6281105279922485 -0.2926218807697296 0.31234169006347656
0.614748477935791 -0.2700212299823761 0.3079962730407715
0.6016063094139099 -0.24749763309955597 0.3030480444431305
0.5887213945388794 -0.22507700324058533 0.2976047098636627
0.5761208534240723 -0.2027759850025177 0.2917800545692444
0.5638760328292847 -0.18071579933166504 0.2856985926628113
0.5521525144577026 -0.15923167765140533 0.27948954701423645
0.5410529971122742 -0.13855083286762238 0.27324360609054565
0.5306050777435303 -0.11875986307859421 0.2670087218284607
0.5207772254943848 -0.09982956200838089 0.26079392433166504
0.5114915370941162 -0.08163567632436752 0.25457248091697693
0.5026330351829529 -0.0639723613858223 0.24828378856182098
0.4940509796142578 -0.046556293964385986 0.24182994663715363
0.48555415868759155 -0.029066389426589012 0.2350577861070633
0.47696366906166077 -0.011251749470829964 0.22779971361160278
0.46814635396003723 0.007041356526315212 0.21991191804409027
0.4590153098106384 0.025863464921712875 0.21127991378307343
0.44953611493110657 0.04514651373028755 0.20182955265045166
0.4397367537021637 0.0646832212805748 0.19154399633407593
0.4297195374965668 0.08410920947790146 0.1804836541414261
0.4196474552154541 0.10296411067247391 0.16879355907440186
0.4096260964870453 0.12103262543678284 0.15663012862205505
0.3997141122817993 0.13824594020843506 0.14413227140903473
0.3899446427822113 0.15459778904914856 0.13142049312591553
0.3803249001502991 0.17014023661613464 0.11859062314033508
0.37083637714385986 0.18497665226459503 0.10570959001779556
0.361437052488327 0.1992536187171936 0.09281370043754578
0.3520644009113312 0.21315111219882965 0.07990944385528564
0.3426867723464966 0.22677716612815857 0.0670137032866478
0.33333808183670044 0.2400989532470703 0.0541832260787487
0.3240436613559723 0.2530916631221771 0.041458021849393845
0.31481316685676575 0.2657519280910492 0.028856446966528893
0.3056418299674988 0.2780953347682953 0.016377007588744164
0.29651135206222534 0.29015427827835083 0.003999785520136356
0.2873905599117279 0.30197659134864807 -0.008312557823956013
0.2782400846481323 0.31362369656562805 -0.020612504333257675
0.2690601944923401 0.3251577317714691 -0.032945796847343445
0.2598823308944702 0.3366311490535736 -0.04534406587481499
0.25074315071105957 0.3480888605117798 -0.05783236399292946
0.2416851818561554 0.35956892371177673 -0.0704292505979538
0.23275703191757202 0.3711030185222626 -0.08314715325832367
0.22401432693004608 0.3827170431613922 -0.095992311835289
0.21552005410194397 0.39443114399909973 -0.10896451771259308
0.2072983682155609 0.40625742077827454 -0.12206707894802094
0.1992315798997879 0.41819193959236145 -0.13532613217830658
0.19117967784404755 0.4302142262458801 -0.1487586796283722
0.1830090582370758 0.44228729605674744 -0.162364661693573
0.17459282279014587 0.45435672998428345 -0.17612577974796295
0.1658119261264801 0.4663497805595398 -0.19000409543514252
0.15655727684497833 0.4781755208969116 -0.20394107699394226
0.14673446118831635 0.4897281229496002 -0.21785876154899597
0.1363237500190735 0.5009562373161316 -0.23169828951358795
0.12537625432014465 0.5118880271911621 -0.24544334411621094
0.11394311487674713 0.5225667357444763 -0.25909093022346497
0.10207037627696991 0.533045768737793 -0.2726493775844574
0.0897972583770752 0.5433886647224426 -0.2861383855342865
0.07715532928705215 0.5536669492721558 -0.29958832263946533
0.06416745483875275 0.5639604926109314 -0.31304019689559937
0.05082504823803902 0.5743564367294312 -0.32654303312301636
0.03697707876563072 0.5849427580833435 -0.34013476967811584
0.022434653714299202 0.5957949757575989 -0.35383307933807373
0.007032244466245174 0.6069722771644592 -0.367637038230896
-0.009368045255541801 0.6185168027877808 -0.3815271556377411
-0.026872778311371803 0.6304518580436707 -0.3954654633998871
-0.04555296152830124 0.6427813172340393 -0.4093967378139496
-0.06544023752212524 0.6554890275001526 -0.4232500493526459
-0.08649776130914688 0.6685501337051392 -0.4369885325431824
-0.10862985998392105 0.6819658279418945 -0.45068028569221497
-0.13177378475666046 0.6957640051841736 -0.4644303619861603
-0.15591374039649963 0.709998607635498 -0.47836771607398987
-0.18108277022838593 0.7247492074966431 -0.4926430284976959
-0.20736439526081085 0.7401213049888611 -0.5074275732040405
-0.23489466309547424 0.7562476396560669 -0.5229145884513855
-0.26386335492134094 0.7734638452529907 -0.5393393635749817
-0.2945634722709656 0.7945919036865234 -0.5572438836097717
-0.3277185261249542 0.8245306611061096 -0.5776081681251526
-0.36473381519317627 0.8691080808639526 -0.601874828338623
-0.4080185294151306 0.9362537264823914 -0.6322652101516724
-0.46173328161239624 1.0384279489517212 -0.6724699139595032
-0.533588171005249 1.1980493068695068 -0.729255199432373
-0.6396827101707458 1.4617091417312622 -0.8167340159416199
0.9739549160003662 -0.8329676389694214 0.2724187970161438
0.9344242215156555 -0.7764924764633179 0.27801913022994995
0.8996087312698364 -0.7268308401107788 0.282560795545578
0.8693984746932983 -0.6837714910507202 0.2861696481704712
0.8434138298034668 -0.646720826625824 0.28900352120399475
0.8211023211479187 -0.6148424744606018 0.2912333011627197
0.8018138408660889 -0.5871623158454895 0.29303205013275146
0.78484708070755 -0.5626329183578491 0.29456984996795654
0.7694718241691589 -0.540161669254303 0.29601284861564636
0.7550569176673889 -0.5188184380531311 0.29743635654449463
0.7411926984786987 -0.4980231523513794 0.29878491163253784
0.7275733947753906 -0.47734394669532776 0.29998093843460083
0.7139696478843689 -0.45646175742149353 0.30093052983283997
0.700227677822113 -0.43517014384269714 0.3015231490135193
0.6862725019454956 -0.41338634490966797 0.30163270235061646
0.672119140625 -0.39117133617401123 0.3011239767074585
0.6578758955001831 -0.3687271773815155 0.2998742163181305
0.6436634659767151 -0.34620681405067444 0.29786384105682373
0.6295784115791321 -0.32369089126586914 0.29513707756996155
0.6157041192054749 -0.30124276876449585 0.29175683856010437
0.6021080613136292 -0.27890628576278687 0.2878008782863617
0.588839054107666 -0.25670385360717773 0.283357173204422
0.5759260058403015 -0.23463624715805054 0.27851924300193787
0.5633795857429504 -0.21268442273139954 0.27338171005249023
0.5512449741363525 -0.1909339874982834 0.2680419683456421
0.5396542549133301 -0.1697080135345459 0.2625941038131714
0.5286825299263 -0.1492345929145813 0.25709953904151917
0.5183366537094116 -0.1296098828315735 0.2515850067138672
0.5085701942443848 -0.11082099378108978 0.2460450977087021
0.4992937743663788 -0.09276501089334488 0.24044421315193176
0.49038243293762207 -0.07526130229234695 0.2347164899110794
0.48167580366134644 -0.058054350316524506 0.22876174747943878
0.4729771614074707 -0.04082486033439636 0.22243285179138184
0.4641066789627075 -0.02329951710999012 0.21557316184043884
0.45493167638778687 -0.005303385201841593 0.20804758369922638
0.44536876678466797 0.01323296781629324 0.1997499316930771
0.435392290353775 0.0322570838034153 0.19061538577079773
0.42504751682281494 0.05157247930765152 0.180639386177063
0.41446393728256226 0.07081950455904007 0.16989903151988983
0.4038407504558563 0.08953434973955154 0.15855908393859863
0.3933143615722656 0.10748720914125443 0.14678950607776642
0.3829661011695862 0.12459862232208252 0.134737029671669
0.37284475564956665 0.14085985720157623 0.12252545356750488
0.3629657030105591 0.15632762014865875 0.11024877429008484
0.35331249237060547 0.17111563682556152 0.09796755760908127
0.3438394367694855 0.18538473546504974 0.08570777624845505
0.3344765901565552 0.1993316262960434 0.0734626054763794
0.325176477432251 0.2130710333585739 0.061234548687934875
0.3159478008747101 0.22655779123306274 0.04906783252954483
0.3067916929721832 0.23975281417369843 0.03699232265353203
0.29769575595855713 0.2526382505893707 0.025018660351634026
0.28863510489463806 0.26521509885787964 0.013139905408024788
0.27957335114479065 0.2775008976459503 0.001332897343672812
0.27046260237693787 0.28952810168266296 -0.010440889745950699
0.2612505555152893 0.3013420104980469 -0.02223150245845318
0.251949667930603 0.31298962235450745 -0.03406454622745514
0.2426137924194336 0.32451295852661133 -0.0459466427564621
0.23329608142375946 0.33595219254493713 -0.05788484588265419
0.22404973208904266 0.34734615683555603 -0.06988661736249924
0.21492886543273926 0.3587331771850586 -0.0819602683186531
0.20598971843719482 0.3701520562171936 -0.09411505609750748
0.19729159772396088 0.3816424012184143 -0.10636137425899506
0.18884776532649994 0.39324745535850525 -0.11872616410255432
0.18051889538764954 0.405006468296051 -0.13127627968788147
0.17214788496494293 0.4169352650642395 -0.14406347274780273
0.16359111666679382 0.4290215075016022 -0.157111257314682
0.15471939742565155 0.441221684217453 -0.170411616563797
0.14542070031166077 0.4534589350223541 -0.18392159044742584
0.13560433685779572 0.4656204581260681 -0.1975598931312561
0.1252085119485855 0.4775611162185669 -0.21120701730251312
0.11425437033176422 0.489183247089386 -0.22475723922252655
0.10282821208238602 0.5004799962043762 -0.23816154897212982
0.09100837260484695 0.5114720463752747 -0.25139734148979187
0.07885821163654327 0.5222024321556091 -0.26446613669395447
0.06642328947782516 0.5327343344688416 -0.2773931622505188
0.05373001843690872 0.543150007724762 -0.29022613167762756
0.04078420624136925 0.5535488724708557 -0.30303430557250977
0.02754967287182808 0.5640459060668945 -0.3159032464027405
0.013849617913365364 0.5747547745704651 -0.3288964331150055
-0.0005235398421064019 0.5857705473899841 -0.3420468270778656
-0.015748245641589165 0.5971665978431702 -0.3553628623485565
-0.03196893259882927 0.6089928150177002 -0.36882779002189636
-0.04929126799106598 0.6212739944458008 -0.3823997676372528
-0.06777670234441757 0.6340078115463257 -0.39601272344589233
-0.08743762969970703 0.6471639275550842 -0.4095781445503235
-0.10821803659200668 0.6606990694999695 -0.4230336546897888
-0.13002020120620728 0.6745992302894592 -0.4364163875579834
-0.15278513729572296 0.6888824701309204 -0.44980472326278687
-0.17650434374809265 0.7035971879959106 -0.46330511569976807
-0.20122162997722626 0.7188215255737305 -0.4770490527153015
-0.22703465819358826 0.7346640825271606 -0.49119147658348083
-0.2540963590145111 0.7512634992599487 -0.5059109926223755
-0.28261134028434753 0.7689600586891174 -0.5214276313781738
-0.3128103017807007 0.7905035614967346 -0.5382442474365234
-0.3452799618244171 0.8206437230110168 -0.5572604537010193
-0.3812445402145386 0.8650017380714417 -0.5797857642173767
-0.4228425920009613 0.9311645030975342 -0.607813835144043
-0.4737664461135864 1.0309215784072876 -0.6446149945259094
-0.5407883524894714 1.1851763725280762 -0.6960936784744263
-0.6377840042114258 1.4364968538284302 -0.7743139863014221
0.9717140793800354 -0.8384142518043518 0.2572479546070099
0.9309954047203064 -0.781859815120697 0.26229843497276306
0.8951152563095093 -0.7321223616600037 0.26634782552719116
0.8640084266662598 -0.6890587210655212 0.2695118188858032
0.8372984528541565 -0.652096688747406 0.271937757730484
0.8144111633300781 -0.6203942894935608 0.2737849950790405
0.7946629524230957 -0.5929608941078186 0.27521300315856934
0.7773159146308899 -0.5687309503555298 0.2763760983943939
0.7616024613380432 -0.5465954542160034 0.27742189168930054
0.7468555569648743 -0.5256021022796631 0.2784181833267212
0.7326390743255615 -0.5051443576812744 0.2793208360671997
0.7186287641525269 -0.4847712218761444 0.28006672859191895
0.7045868039131165 -0.46415162086486816 0.2805798649787903
0.6903577446937561 -0.44307321310043335 0.2807709872722626
0.6758755445480347 -0.42145565152168274 0.28054022789001465
0.6611752510070801 -0.399371862411499 0.2797826826572418
0.6463980078697205 -0.3770483732223511 0.2784075438976288
0.6317028999328613 -0.35467177629470825 0.2764105796813965
0.6172170042991638 -0.33234938979148865 0.2738392651081085
0.6030446290969849 -0.3101581335067749 0.2707550823688507
0.5892624855041504 -0.2881414294242859 0.26722902059555054
0.5759183168411255 -0.2663080394268036 0.26333680748939514
0.5630314946174622 -0.24463330209255219 0.25915491580963135
0.5505944490432739 -0.22306226193904877 0.2547568082809448
0.5386231541633606 -0.20164111256599426 0.2502107322216034
0.527208149433136 -0.18066929280757904 0.24557125568389893
0.5163915157318115 -0.16036967933177948 0.24086745083332062
0.5061575174331665 -0.14084774255752563 0.2361026555299759
0.49644455313682556 -0.12211082875728607 0.23125584423542023
0.48715323209762573 -0.10408419370651245 0.2262815237045288
0.47815048694610596 -0.08662164956331253 0.22110825777053833
0.46926918625831604 -0.06950683891773224 0.21563374996185303
0.46031102538108826 -0.05243370309472084 0.20971979200839996
0.4510997533798218 -0.03511537238955498 0.20322498679161072
0.4415065050125122 -0.01736275479197502 0.1960274577140808
0.43145468831062317 0.0009073966648429632 0.18803344666957855
0.4209301769733429 0.01965613104403019 0.17919152975082397
0.40999704599380493 0.038700249046087265 0.16951221227645874
0.39881226420402527 0.05769374594092369 0.15908990800380707
0.38760989904403687 0.07618367671966553 0.14810751378536224
0.3765621483325958 0.09393361210823059 0.13674955070018768
0.36577868461608887 0.11085879057645798 0.1251717358827591
0.35532715916633606 0.1269533783197403 0.11350062489509583
0.34523287415504456 0.14228364825248718 0.1018269807100296
0.3354819118976593 0.15697769820690155 0.09020298719406128
0.3260250985622406 0.17121383547782898 0.07864229381084442
0.31678441166877747 0.18520841002464294 0.06712306290864944
0.3076903820037842 0.19908638298511505 0.055628251284360886
0.2987130284309387 0.21279281377792358 0.04418061673641205
0.2898183763027191 0.22627311944961548 0.032794054597616196
0.2809644043445587 0.23949065804481506 0.021468941122293472
0.27210158109664917 0.2524245083332062 0.010193279013037682
0.2631729543209076 0.2650676369667053 -0.001056416891515255
0.2541141211986542 0.27742549777030945 -0.012314675375819206
0.2448618859052658 0.2895142436027527 -0.023622093722224236
0.23544584214687347 0.3013592064380646 -0.0349794439971447
0.22594653069972992 0.3129909634590149 -0.0463663749396801
0.21643640100955963 0.32444554567337036 -0.05777088180184364
0.20698054134845734 0.3357638716697693 -0.0691889151930809
0.19763818383216858 0.3469931185245514 -0.0806245282292366
0.18846414983272552 0.3581869900226593 -0.09209000319242477
0.17951050400733948 0.369407594203949 -0.10360629856586456
0.17077580094337463 0.38073083758354187 -0.11522242426872253
0.1621006429195404 0.3922395706176758 -0.12704065442085266
0.1533132791519165 0.4039875268936157 -0.1391438990831375
0.14426295459270477 0.4159908592700958 -0.15157847106456757
0.13482213020324707 0.42822328209877014 -0.16434870660305023
0.12489130347967148 0.44061046838760376 -0.17741067707538605
0.11440649628639221 0.45302513241767883 -0.19066578149795532
0.10334944725036621 0.46528828144073486 -0.20395897328853607
0.09179005771875381 0.4772566556930542 -0.21714171767234802
0.07985106110572815 0.48888471722602844 -0.230134055018425
0.0676364153623581 0.5001670718193054 -0.24289505183696747
0.055223096162080765 0.5111331343650818 -0.2554202973842621
0.04265768826007843 0.5218450427055359 -0.26774120330810547
0.02995513193309307 0.5323931574821472 -0.27992185950279236
0.017097854986786842 0.542895495891571 -0.29205796122550964
0.004017374478280544 0.5534929037094116 -0.3042680323123932
-0.009485913440585136 0.5643234848976135 -0.31663909554481506
-0.023633137345314026 0.5755007863044739 -0.32921889424324036
-0.03861170634627342 0.5871115922927856 -0.342026025056839
-0.054570216685533524 0.5992142558097839 -0.3550490140914917
-0.0716128945350647 0.6118356585502625 -0.3682457506656647
-0.08979308605194092 0.6249687075614929 -0.38154351711273193
-0.10910758376121521 0.63857102394104 -0.3948410749435425
-0.12949080765247345 0.6525832414627075 -0.40805429220199585
-0.15085965394973755 0.6669808030128479 -0.42119038105010986
-0.17317181825637817 0.6817741990089417 -0.4342995285987854
-0.19643425941467285 0.6970064043998718 -0.44746240973472595
-0.220705047249794 0.7127529978752136 -0.4607871472835541
-0.2460947334766388 0.7291211485862732 -0.47440671920776367
-0.27276793122291565 0.7462506294250488 -0.4884779453277588
-0.30093705654144287 0.7644761204719543 -0.5031968355178833
-0.33079826831817627 0.7864407896995544 -0.5190144181251526
-0.3628561198711395 0.8166879415512085 -0.5367335677146912
-0.39821404218673706 0.8605553507804871 -0.5575128793716431
-0.43881499767303467 0.9251618981361389 -0.5830920934677124
-0.487992525100708 1.0213963985443115 -0.6162778735160828
-0.551764726638794 1.1681740283966064 -0.6620323061943054
-0.6421467661857605 1.40296471118927 -0.7302135825157166
0.9694898128509521 -0.8440103530883789 0.2419019341468811
0.9275828003883362 -0.7874153256416321 0.24638217687606812
0.8906140327453613 -0.7375945448875427 0.24993397295475006
0.8585774898529053 -0.694491982460022 0.25265881419181824
0.8311073780059814 -0.6575696468353271 0.25468963384628296
0.8076115250587463 -0.6259879469871521 0.25617077946662903
0.7873733043670654 -0.5987438559532166 0.2572454810142517
0.7696158289909363 -0.574754536151886 0.2580494284629822
0.7535318732261658 -0.5528954863548279 0.258709579706192
0.7384196519851685 -0.5321964025497437 0.25928494334220886
0.7238210439682007 -0.5120320320129395 0.2597426474094391
0.709399402141571 -0.4919393062591553 0.26003506779670715
0.6949107050895691 -0.47157981991767883 0.2601049244403839
0.6802008748054504 -0.4507378935813904 0.2598865330219269
0.6652128100395203 -0.42933428287506104 0.25930845737457275
0.650000274181366 -0.4074481129646301 0.2582992911338806
0.6347317695617676 -0.3853187561035156 0.2568030059337616
0.6196016073226929 -0.3631604015827179 0.25483080744743347
0.6047660708427429 -0.34110453724861145 0.2524320185184479
0.5903471112251282 -0.3192392587661743 0.2496642917394638
0.5764287114143372 -0.2976059019565582 0.2465893179178238
0.5630561709403992 -0.27619919180870056 0.24326872825622559
0.5502379536628723 -0.2549692690372467 0.23976092040538788
0.5379498600959778 -0.2338266372680664 0.23611849546432495
0.5261771082878113 -0.21277397871017456 0.23238129913806915
0.5149614810943604 -0.1920730620622635 0.22856347262859344
0.5043079853057861 -0.1719323843717575 0.22466066479682922
0.49417638778686523 -0.15246395766735077 0.22065165638923645
0.4844902455806732 -0.13369765877723694 0.21649828553199768
0.4751412272453308 -0.11559315770864487 0.21214397251605988
0.465991348028183 -0.09804831445217133 0.20751076936721802
0.45687001943588257 -0.08089838922023773 0.2024938017129898
0.44758275151252747 -0.06386358290910721 0.19696570932865143
0.43796199560165405 -0.04665355384349823 0.19080385565757751
0.42788779735565186 -0.0290730819106102 0.1839035302400589
0.41729477047920227 -0.011030919849872589 0.17618757486343384
0.406184583902359 0.007444773335009813 0.16762180626392365
0.39464229345321655 0.026186322793364525 0.15823468565940857
0.3828510642051697 0.04487048089504242 0.14813803136348724
0.37107670307159424 0.06306953728199005 0.13753029704093933
0.35952913761138916 0.08054529875516891 0.12661154568195343
0.34834805130958557 0.09720966964960098 0.11554714292287827
0.33761951327323914 0.11306244879961014 0.10446523129940033
0.32737669348716736 0.12818212807178497 0.09345105290412903
0.31760498881340027 0.14271345734596252 0.0825456902384758
0.30824869871139526 0.1568545252084732 0.07174794375896454
0.29921916127204895 0.17084403336048126 0.06101849302649498
0.29041895270347595 0.1848241537809372 0.05031553655862808
0.2817698121070862 0.19874030351638794 0.03963204473257065
0.27319633960723877 0.21252787113189697 0.028960751369595528
0.2646231949329376 0.22613155841827393 0.018289903178811073
0.2559751272201538 0.23950426280498505 0.0076036034151911736
0.2471761405467987 0.2526058256626129 -0.0031180272344499826
0.2381490021944046 0.2654023766517639 -0.013898888602852821
0.22882622480392456 0.2778666019439697 -0.024761416018009186
0.2192605435848236 0.2899933457374573 -0.03567677363753319
0.2095641791820526 0.3017996549606323 -0.046596769243478775
0.1998319774866104 0.3133174180984497 -0.05749036744236946
0.19014254212379456 0.3245915174484253 -0.06834283471107483
0.180559903383255 0.33568012714385986 -0.07915522158145905
0.17113566398620605 0.34665539860725403 -0.08994423598051071
0.16191084682941437 0.35760512948036194 -0.10074277967214584
0.1528654545545578 0.3686400055885315 -0.11162103712558746
0.1438198834657669 0.3798828423023224 -0.12270964682102203
0.13458849489688873 0.3914225399494171 -0.13411648571491241
0.1250142902135849 0.40330344438552856 -0.14590714871883392
0.1149725690484047 0.4155183434486389 -0.15809784829616547
0.10437894612550735 0.42799949645996094 -0.17064602673053741
0.09320030361413956 0.44061046838760376 -0.1834411323070526
0.08146769553422928 0.45314452052116394 -0.19630028307437897
0.06930410861968994 0.4654153883457184 -0.20903919637203217
0.05686899647116661 0.4773384928703308 -0.2215510755777359
0.04428990185260773 0.4888818562030792 -0.23377946019172668
0.03165359050035477 0.5000606775283813 -0.24571572244167328
0.019002893939614296 0.5109344720840454 -0.2573971152305603
0.00633666105568409 0.521601676940918 -0.26890262961387634
-0.006389862857758999 0.5321966409683228 -0.28035029768943787
-0.019279031082987785 0.542884349822998 -0.2918861508369446
-0.03254874050617218 0.5538243651390076 -0.30361664295196533
-0.04642787203192711 0.565146267414093 -0.31560251116752625
-0.061108510941267014 0.5769495964050293 -0.3278728425502777
-0.07674101740121841 0.5893007516860962 -0.34042322635650635
-0.09342799335718155 0.6022302508354187 -0.3532145321369171
-0.11121704429388046 0.6157286167144775 -0.3661723732948303
-0.1300942301750183 0.629744291305542 -0.37918826937675476
-0.1499951183795929 0.6442075967788696 -0.3921622335910797
-0.17086756229400635 0.6590908169746399 -0.4050762951374054
-0.192698135972023 0.6744018793106079 -0.41795384883880615
-0.21551580727100372 0.6901795864105225 -0.4308485686779022
-0.23939406871795654 0.7064946293830872 -0.4438419044017792
-0.2644525170326233 0.723448634147644 -0.45703965425491333
-0.2908588945865631 0.7411745190620422 -0.47057080268859863
-0.31882244348526 0.759989857673645 -0.48459959030151367
-0.34852510690689087 0.7823881506919861 -0.4995171129703522
-0.38043323159217834 0.8126394152641296 -0.5160243511199951
-0.4155752658843994 0.8557112812995911 -0.5351234078407288
-0.45575225353240967 0.9181230068206787 -0.5582945346832275
-0.5040117502212524 1.00963294506073 -0.587873637676239
-0.5657333135604858 1.1467421054840088 -0.6278784275054932
-0.6513009071350098 1.3609867095947266 -0.6860057711601257
0.9673181176185608 -0.849690854549408 0.22655527293682098
0.9242379665374756 -0.7931000590324402 0.23045043647289276
0.8861684203147888 -0.7431983351707458 0.23349754512310028
0.8531755805015564 -0.7000307440757751 0.23578302562236786
0.8249140381813049 -0.6631051301956177 0.23742447793483734
0.8007781505584717 -0.6315920352935791 0.2385503649711609
0.780019998550415 -0.6044791340827942 0.23928672075271606
0.7618237137794495 -0.5806682109832764 0.23975075781345367
0.7453415393829346 -0.5590195655822754 0.24004870653152466
0.7298390865325928 -0.5385488271713257 0.24023042619228363
0.7148418426513672 -0.5186208486557007 0.24027380347251892
0.7000046372413635 -0.4987676739692688 0.24014554917812347
0.6850810647010803 -0.4786487817764282 0.23980660736560822
0.6699199080467224 -0.45804861187934875 0.23921377956867218
0.6544724702835083 -0.4368886947631836 0.23832322657108307
0.6388062834739685 -0.41524946689605713 0.23709551990032196
0.6231103539466858 -0.3933732211589813 0.2355070263147354
0.6076080799102783 -0.37149524688720703 0.2335822433233261
0.5924808382987976 -0.34976840019226074 0.23136991262435913
0.577864944934845 -0.32828977704048157 0.2289217859506607
0.563849151134491 -0.3070981204509735 0.22628901898860931
0.5504748225212097 -0.2861745059490204 0.2235189825296402
0.5377406477928162 -0.2654462158679962 0.22065329551696777
0.5256076455116272 -0.24479199945926666 0.21772654354572296
0.5140313506126404 -0.2241683155298233 0.21475394070148468
0.5030022263526917 -0.20378459990024567 0.21171371638774872
0.4924854636192322 -0.18382304906845093 0.2085704654455185
0.48241621255874634 -0.16439582407474518 0.20527943968772888
0.47270339727401733 -0.14555369317531586 0.20178519189357758
0.46323180198669434 -0.1272939294576645 0.19801919162273407
0.4538613557815552 -0.10956568270921707 0.19389590620994568
0.4444234073162079 -0.09226710349321365 0.1893078237771988
0.43473371863365173 -0.07515797019004822 0.184139221906662
0.4246395528316498 -0.05795570835471153 0.17828840017318726
0.4140361249446869 -0.04046759754419327 0.1716705858707428
0.4028749465942383 -0.022600505501031876 0.1642286479473114
0.3911777436733246 -0.004374373238533735 0.1559484750032425
0.3790523111820221 0.014060840010643005 0.1468777060508728
0.36670514941215515 0.032413311302661896 0.13714371621608734
0.3544260263442993 0.05029324069619179 0.12695546448230743
0.3424586355686188 0.06746270507574081 0.11652642488479614
0.33096832036972046 0.08382899314165115 0.10602958500385284
0.3200531303882599 0.09939658641815186 0.09559183567762375
0.30974745750427246 0.11425517499446869 0.08529002219438553
0.3000304400920868 0.12856489419937134 0.07515203952789307
0.29083535075187683 0.1425425410270691 0.0651606097817421
0.2820596694946289 0.1564488708972931 0.05525854602456093
0.2735756039619446 0.1704505980014801 0.045377396047115326
0.2652552127838135 0.18450884521007538 0.03547636792063713
0.25698187947273254 0.198560431599617 0.0255245603621006
0.24864907562732697 0.21253786981105804 0.015497421845793724
0.24015870690345764 0.22636863589286804 0.005376338493078947
0.23142054677009583 0.23997549712657928 -0.004851603880524635
0.22235135734081268 0.2532762587070465 -0.015193913131952286
0.21288858354091644 0.26618772745132446 -0.025647128000855446
0.20311473309993744 0.2786644399166107 -0.036149412393569946
0.19317682087421417 0.2907056212425232 -0.04662514105439186
0.18319402635097504 0.3023374676704407 -0.05702557787299156
0.17325861752033234 0.31360965967178345 -0.06732718646526337
0.16343837976455688 0.3245938718318939 -0.07753036916255951
0.15377894043922424 0.3353833258152008 -0.08765857666730881
0.14430618286132812 0.34609466791152954 -0.09775879979133606
0.13497741520404816 0.3568747937679291 -0.10792198777198792
0.12559236586093903 0.3678819239139557 -0.11830001324415207
0.1159517914056778 0.37923529744148254 -0.1290188580751419
0.10589228570461273 0.3910045623779297 -0.14015865325927734
0.09529206901788712 0.40320032835006714 -0.15174512565135956
0.08408194035291672 0.4157624840736389 -0.163737952709198
0.07226008921861649 0.42854782938957214 -0.1760183572769165
0.059907522052526474 0.4413259029388428 -0.18838313221931458
0.04720043018460274 0.4538714289665222 -0.20062027871608734
0.03433374688029289 0.4660623371601105 -0.21260134875774384
0.021455800160765648 0.4778411388397217 -0.22425805032253265
0.008659498766064644 0.48921018838882446 -0.23557932674884796
-0.004019640386104584 0.5002269744873047 -0.24660813808441162
-0.016601501032710075 0.5109973549842834 -0.25743573904037476
-0.02915901131927967 0.5216713547706604 -0.2681977152824402
-0.04182721674442291 0.5324353575706482 -0.2790612578392029
-0.05483778193593025 0.5434671640396118 -0.2901468575000763
-0.06842274963855743 0.5549095273017883 -0.3015255033969879
-0.08277567476034164 0.5668726563453674 -0.31323540210723877
-0.0980471521615982 0.5794309973716736 -0.3252795338630676
-0.11433873325586319 0.5926192402839661 -0.337624192237854
-0.131694957613945 0.6064281463623047 -0.35019683837890625
-0.15009620785713196 0.6208004355430603 -0.3628867566585541
-0.1694878786802292 0.6356626152992249 -0.37558501958847046
-0.18986038863658905 0.6509941220283508 -0.38825663924217224
-0.2112368941307068 0.6668059825897217 -0.40090298652648926
-0.23367184400558472 0.6831358075141907 -0.41355299949645996
-0.25725287199020386 0.7000485062599182 -0.4262605607509613
-0.2821030020713806 0.7176356315612793 -0.4391018748283386
-0.30838286876678467 0.736016035079956 -0.4521738588809967
-0.3362857699394226 0.7554773092269897 -0.4656039774417877
-0.36599400639533997 0.7783216238021851 -0.47972068190574646
-0.39797019958496094 0.8084827661514282 -0.49512457847595215
-0.43320056796073914 0.8504827618598938 -0.5126665830612183
-0.47337889671325684 0.9101364016532898 -0.5335794687271118
-0.5213095545768738 0.9959173202514648 -0.5597572326660156
-0.5818013548851013 1.121683955192566 -0.5943489074707031
-0.6637672185897827 1.3128079175949097 -0.6431283354759216
0.9652203917503357 -0.8554083704948425 0.21131044626235962
0.9209935665130615 -0.7988699078559875 0.21460877358913422
0.8818178772926331 -0.7488927841186523 0.21714451909065247
0.8478472828865051 -0.7056379914283752 0.21899031102657318
0.8187674880027771 -0.6686705946922302 0.2202489674091339
0.7939656972885132 -0.6371784210205078 0.22103315591812134
0.7726650238037109 -0.6101439595222473 0.22145238518714905
0.7540117502212524 -0.5864549279212952 0.2216062694787979
0.7371166944503784 -0.5649551153182983 0.22158169746398926
0.721214771270752 -0.5446496605873108 0.22141987085342407
0.7058196067810059 -0.524900496006012 0.22110766172409058
0.6905811429023743 -0.5052406787872314 0.22062429785728455
0.6752524375915527 -0.48533228039741516 0.21994642913341522
0.6596856117248535 -0.4649626314640045 0.21905052661895752
0.6438387632369995 -0.44405484199523926 0.21791623532772064
0.6277883648872375 -0.42268720269203186 0.21653102338314056
0.611734926700592 -0.4010981023311615 0.2148975133895874
0.5959244966506958 -0.379538893699646 0.21304911375045776
0.5805583000183105 -0.3581809997558594 0.21103143692016602
0.5657830834388733 -0.3371292054653168 0.20888864994049072
0.5516895055770874 -0.3164198696613312 0.2066611498594284
0.5383149981498718 -0.296022891998291 0.20438335835933685
0.5256493091583252 -0.27584630250930786 0.20208288729190826
0.5136411190032959 -0.255741685628891 0.19978009164333344
0.5022196173667908 -0.23561924695968628 0.1974719613790512
0.49132439494132996 -0.21562349796295166 0.19510887563228607
0.48088234663009644 -0.19589796662330627 0.19263102114200592
0.47080427408218384 -0.17654503881931305 0.18997392058372498
0.46098601818084717 -0.1576303392648697 0.18706659972667694
0.4513074457645416 -0.13918690383434296 0.18382905423641205
0.4416305720806122 -0.12121803313493729 0.18016843497753143
0.4317951798439026 -0.10369221121072769 0.17597517371177673
0.42163509130477905 -0.08642078191041946 0.17114563286304474
0.4110192358493805 -0.06914084404706955 0.16559958457946777
0.3998645842075348 -0.05167097598314285 0.15927374362945557
0.3881458342075348 -0.03392181918025017 0.15213268995285034
0.3759082555770874 -0.015907207503914833 0.14418329298496246
0.36328205466270447 0.0022430482786148787 0.13549092411994934
0.350490927696228 0.020275983959436417 0.12619364261627197
0.3378365933895111 0.03784952312707901 0.11650285869836807
0.325585275888443 0.05472641810774803 0.10663886368274689
0.31391671299934387 0.07080608606338501 0.09677699953317642
0.30293068289756775 0.08609377592802048 0.08703863620758057
0.2926543951034546 0.1006857380270958 0.0774899274110794
0.2830544114112854 0.1147524043917656 0.06814514845609665
0.2740492820739746 0.12852391600608826 0.05897240340709686
0.26552078127861023 0.14227861166000366 0.04989946633577347
0.257312536239624 0.1562117040157318 0.04083411023020744
0.24925336241722107 0.1703157126903534 0.031703490763902664
0.24119217693805695 0.18454337120056152 0.0224540363997221
0.2329970896244049 0.1988256275653839 0.013048906810581684
0.22455376386642456 0.2130717933177948 0.0034675959032028913
0.2157645970582962 0.2271694540977478 -0.0062941196374595165
0.2065494954586029 0.24098576605319977 -0.016224080696702003
0.1968614012002945 0.25437432527542114 -0.02628827653825283
0.186817929148674 0.2672407329082489 -0.03639082610607147
0.1766015738248825 0.27955979108810425 -0.0464305505156517
0.16635513305664062 0.29134905338287354 -0.05634327977895737
0.15618282556533813 0.3026624023914337 -0.0660993829369545
0.14615288376808167 0.31358563899993896 -0.0757012590765953
0.13630108535289764 0.3242347240447998 -0.08518151938915253
0.12663333117961884 0.3347567021846771 -0.09460286796092987
0.1170799657702446 0.345334529876709 -0.10407625138759613
0.10742023587226868 0.3561577796936035 -0.1137688159942627
0.09744172543287277 0.3673720061779022 -0.12381862848997116
0.08697470277547836 0.3790684938430786 -0.13431580364704132
0.07589990645647049 0.3912734389305115 -0.1452929526567459
0.06416256725788116 0.4039333164691925 -0.15671157836914062
0.05179070681333542 0.41689884662628174 -0.16844743490219116
0.038912881165742874 0.42991793155670166 -0.1802828013896942
0.02575591206550598 0.442728728055954 -0.19198507070541382
0.012547802180051804 0.4551740288734436 -0.20340928435325623
-0.0005455369828268886 0.46717318892478943 -0.21447868645191193
-0.01342830155044794 0.4787173569202423 -0.2251814901828766
-0.0260747242718935 0.48986339569091797 -0.23556578159332275
-0.038524363189935684 0.5007250905036926 -0.2457326203584671
-0.05087745562195778 0.5114673376083374 -0.25583070516586304
-0.06329904496669769 0.5222963094711304 -0.2660420835018158
-0.07603153586387634 0.5334048271179199 -0.2764965891838074
-0.08930782228708267 0.5449458360671997 -0.28727132081985474
-0.10332166403532028 0.5570381283760071 -0.29841098189353943
-0.11822383105754852 0.5697630047798157 -0.3099250793457031
-0.13411596417427063 0.5831599235534668 -0.3217853605747223
-0.15104229748249054 0.5972208976745605 -0.33392298221588135
-0.16898152232170105 0.6118857264518738 -0.3462277352809906
-0.18789394199848175 0.6270830631256104 -0.35858798027038574
-0.20781660079956055 0.6428083181381226 -0.3709613084793091
-0.22881150245666504 0.6590830683708191 -0.3833351135253906
-0.2509582042694092 0.6759477257728577 -0.39571842551231384
-0.27435538172721863 0.6934617161750793 -0.40814051032066345
-0.2991231381893158 0.7117039561271667 -0.4206489026546478
-0.3254048824310303 0.7307730317115784 -0.4333077371120453
-0.35336634516716003 0.750916063785553 -0.4462065100669861
-0.38320091366767883 0.7742123007774353 -0.45961225032806396
-0.4153931438922882 0.8042128682136536 -0.4740303158760071
-0.4509095251560211 0.8449458479881287 -0.4901721179485321
-0.4913565218448639 0.9014719724655151 -0.5090472102165222
-0.5393183827400208 0.9809394478797913 -0.532160758972168
-0.5990778207778931 1.0946030616760254 -0.5619208812713623
-0.6782196760177612 1.262102484703064 -0.6025320887565613
0.9632116556167603 -0.8611266613006592 0.19623279571533203
0.9178730845451355 -0.8046907186508179 0.19892588257789612
0.8775914311408997 -0.754646897315979 0.20094440877437592
0.8426250219345093 -0.7112863063812256 0.20235005021095276
0.812703549861908 -0.6742436289787292 0.20323236286640167
0.7872138619422913 -0.6427310109138489 0.2036896049976349
0.7653542160987854 -0.6157298684120178 0.20381604135036469
0.7462331652641296 -0.5921136736869812 0.20369520783424377
0.7289201617240906 -0.5707095265388489 0.20339682698249817
0.7126209139823914 -0.5505133867263794 0.20295411348342896
0.6968402862548828 -0.5308901071548462 0.20236055552959442
0.6812254190444946 -0.5113782286643982 0.2016052007675171
0.6655303239822388 -0.49164626002311707 0.20067699253559113
0.6496099829673767 -0.47148647904396057 0.19956764578819275
0.6334266662597656 -0.45082420110702515 0.19827468693256378
0.617060661315918 -0.4297340214252472 0.1968052238225937
0.6007164716720581 -0.40844616293907166 0.19518037140369415
0.5846553444862366 -0.3872236907482147 0.19343751668930054
0.5690935254096985 -0.3662544786930084 0.19161683320999146
0.5541842579841614 -0.3456501066684723 0.1897541880607605
0.5400182008743286 -0.32544559240341187 0.18787968158721924
0.5266280770301819 -0.30560263991355896 0.1860167682170868
0.5139960646629333 -0.2860146164894104 0.18418200314044952
0.5020610094070435 -0.2665121257305145 0.18238556385040283
0.4907285273075104 -0.24696144461631775 0.18061228096485138
0.4798911511898041 -0.22743377089500427 0.17879490554332733
0.4694400131702423 -0.2080225646495819 0.1768573671579361
0.45926323533058167 -0.18880900740623474 0.17472119629383087
0.44924524426460266 -0.16986414790153503 0.1723037213087082
0.4392640292644501 -0.15125061571598053 0.16951583325862885
0.4291882812976837 -0.13302412629127502 0.16625910997390747
0.41887474060058594 -0.11522665619850159 0.1624239683151245
0.4081841707229614 -0.09773140400648117 0.1579195111989975
0.39701512455940247 -0.08030720055103302 0.15268635749816895
0.3853135108947754 -0.06279268860816956 0.1466829478740692
0.3730820119380951 -0.045107558369636536 0.13989539444446564
0.3603915870189667 -0.027260929346084595 0.13235002756118774
0.34739118814468384 -0.00935992132872343 0.12412577122449875
0.33431196212768555 0.008387536741793156 0.1153639629483223
0.3214520812034607 0.02569415047764778 0.1062682643532753
0.3090837299823761 0.04232300445437431 0.09705661237239838
0.29738688468933105 0.05816163495182991 0.08789975941181183
0.28645145893096924 0.07321064174175262 0.07890956103801727
0.27628958225250244 0.08756610751152039 0.0701403096318245
0.26685085892677307 0.10140128433704376 0.06159425154328346
0.25803709030151367 0.11495186388492584 0.05322837084531784
0.24971367418766022 0.1285058706998825 0.044960279017686844
0.24170008301734924 0.14228719472885132 0.03667989745736122
0.23379220068454742 0.15633298456668854 0.02828775905072689
0.22581392526626587 0.17062579095363617 0.01971079409122467
0.21761654317378998 0.18510845303535461 0.010901352390646935
0.209077388048172 0.1996828019618988 0.0018375145737081766
0.20010048151016235 0.21420907974243164 -0.007475805934518576
0.19061918556690216 0.22850704193115234 -0.017005667090415955
0.18061420321464539 0.242366224527359 -0.02668570727109909
0.17024275660514832 0.2556360363960266 -0.03638710826635361
0.1597212553024292 0.2682594060897827 -0.045986201614141464
0.14921347796916962 0.2802409827709198 -0.05540653318166733
0.13883143663406372 0.2916366159915924 -0.0646154135465622
0.12863920629024506 0.302545964717865 -0.07361995428800583
0.11865749210119247 0.3131074011325836 -0.0824638083577156
0.10886726528406143 0.3234984278678894 -0.09122633188962936
0.09916827827692032 0.33393678069114685 -0.1000371128320694
0.08931966125965118 0.3446401059627533 -0.10907342284917831
0.07909667491912842 0.3557765781879425 -0.1184803768992424
0.0683235451579094 0.36745569109916687 -0.12835407257080078
0.05688290297985077 0.3797166645526886 -0.138731449842453
0.044732797890901566 0.392510324716568 -0.1495749056339264
0.031928203999996185 0.40568044781684875 -0.16075634956359863
0.018640505149960518 0.41895365715026855 -0.17204812169075012
0.005142664071172476 0.432033509016037 -0.18320289254188538
-0.008307275362312794 0.44472965598106384 -0.19406355917453766
-0.02152879349887371 0.4569411873817444 -0.20454807579517365
-0.03442555293440819 0.4686505198478699 -0.21464508771896362
-0.046982571482658386 0.47991564869880676 -0.22440741956233978
-0.05925846844911575 0.4908592700958252 -0.23394355177879333
-0.07137833535671234 0.5016608834266663 -0.24341146647930145
-0.08353359997272491 0.5125458240509033 -0.25300315022468567
-0.09597558528184891 0.5237187743186951 -0.2628526985645294
-0.10893777757883072 0.5353406071662903 -0.27303969860076904
-0.12261449545621872 0.5475365519523621 -0.2836121618747711
-0.13715766370296478 0.5603933930397034 -0.29458361864089966
-0.15267081558704376 0.573954701423645 -0.30592986941337585
-0.1692003458738327 0.5882143378257751 -0.31758543848991394
-0.18672652542591095 0.6031103134155273 -0.32944154739379883
-0.20522642135620117 0.6185769438743591 -0.34138810634613037
-0.22478234767913818 0.6346341967582703 -0.3533853590488434
-0.245493084192276 0.6513210535049438 -0.3654158413410187
-0.26746031641960144 0.6686850190162659 -0.377476304769516
-0.29078951478004456 0.68678218126297 -0.389577180147171
-0.3155911862850189 0.7056776285171509 -0.4017413556575775
-0.34198257327079773 0.7254459857940674 -0.4140031635761261
-0.3700912594795227 0.7462864518165588 -0.4264163076877594
-0.40012896060943604 0.7700328826904297 -0.4391900599002838
-0.43262025713920593 0.7998254895210266 -0.45274269580841064
-0.46852484345436096 0.8391773700714111 -0.4676612913608551
-0.5093710422515869 0.8923923969268799 -0.4847627282142639
-0.5575335025787354 0.9653468132019043 -0.505227267742157
-0.6167990565299988 1.066917061805725 -0.5308670997619629
-0.6935577392578125 1.2118253707885742 -0.564686119556427
0.9612998962402344 -0.8668223023414612 0.18134856224060059
0.9148907661437988 -0.810539722442627 0.18343226611614227
0.8735068440437317 -0.7604407668113708 0.18492931127548218
0.8375288844108582 -0.7169600129127502 0.1858942210674286
0.8067439198493958 -0.6798136830329895 0.18640612065792084
0.7805474400520325 -0.6482464671134949 0.18655076622962952
0.758115828037262 -0.6212415099143982 0.18640883266925812
0.7385212182998657 -0.5976590514183044 0.18604964017868042
0.7207912802696228 -0.5763077139854431 0.18552830815315247
0.7041029930114746 -0.5561752915382385 0.1848704069852829
0.6879546642303467 -0.5366335511207581 0.18407340347766876
0.6719920635223389 -0.5172299146652222 0.1831328421831131
0.6559697985649109 -0.4976414442062378 0.18204618990421295
0.6397452354431152 -0.47766730189323425 0.1808154135942459
0.6232819557189941 -0.4572351574897766 0.179449662566185
0.6066597104072571 -0.43641549348831177 0.17796838283538818
0.5900804996490479 -0.41542819142341614 0.17640306055545807
0.573815107345581 -0.39454495906829834 0.17479081451892853
0.5580896735191345 -0.37396758794784546 0.17316491901874542
0.5430610179901123 -0.353814035654068 0.17155274748802185
0.5288178324699402 -0.3341192901134491 0.169975146651268
0.5153878927230835 -0.3148399889469147 0.16844648122787476
0.5027463436126709 -0.29586008191108704 0.16697508096694946
0.4908235967159271 -0.2769954204559326 0.1655636876821518
0.4795045554637909 -0.2580733895301819 0.16419021785259247
0.4686395525932312 -0.23908814787864685 0.16277927160263062
0.45808690786361694 -0.22007471323013306 0.16124702990055084
0.44771459698677063 -0.2010822743177414 0.15950779616832733
0.4373975992202759 -0.18217603862285614 0.1574724316596985
0.4270153045654297 -0.16343873739242554 0.15504683554172516
0.41644924879074097 -0.14497266709804535 0.15213078260421753
0.4055824279785156 -0.1268918812274933 0.1486184149980545
0.3943132162094116 -0.10913920402526855 0.14443251490592957
0.38257792592048645 -0.09152676165103912 0.13953323662281036
0.37035802006721497 -0.07392166554927826 0.13389945030212402
0.35768792033195496 -0.05625718832015991 0.12753675878047943
0.3446626365184784 -0.038538504391908646 0.12048671394586563
0.3314431309700012 -0.020847493782639503 0.11283537745475769
0.31825506687164307 -0.0033422759734094143 0.10471827536821365
0.3053756654262543 0.01374922413378954 0.09632077813148499
0.29306432604789734 0.030190329998731613 0.08784829825162888
0.2814864218235016 0.04585317522287369 0.0794602781534195
0.2707121670246124 0.06072792038321495 0.07125607132911682
0.26073333621025085 0.07490315288305283 0.06327854096889496
0.2514802813529968 0.08854646235704422 0.055520862340927124
0.2428377866744995 0.10188980400562286 0.04793359711766243
0.23465578258037567 0.11522095650434494 0.040429938584566116
0.22673435509204865 0.12878872454166412 0.032889291644096375
0.21884803473949432 0.14268366992473602 0.025192925706505775
0.21080562472343445 0.15692953765392303 0.0172529648989439
0.20245054364204407 0.1714935451745987 0.009013170376420021
0.1936606466770172 0.18628300726413727 0.00045073937508277595
0.1843513399362564 0.20114213228225708 -0.008420677855610847
0.17448106408119202 0.2158523052930832 -0.01754801720380783
0.164071187376976 0.23014435172080994 -0.026833441108465195
0.15332241356372833 0.24380722641944885 -0.036118388175964355
0.14248186349868774 0.2567445933818817 -0.04526091367006302
0.13172946870326996 0.268943190574646 -0.05417604371905327
0.12117931991815567 0.28045785427093506 -0.06283120810985565
0.11088524758815765 0.29139992594718933 -0.07124047726392746
0.10084743052721024 0.3019290864467621 -0.07945973426103592
0.09101700037717819 0.3122510015964508 -0.08758474886417389
0.08126045018434525 0.3226161599159241 -0.09576169401407242
0.07131767272949219 0.33326733112335205 -0.10417342185974121
0.06095264479517937 0.3443922698497772 -0.11296800523996353
0.04998377710580826 0.3561162054538727 -0.12224426865577698
0.038294821977615356 0.3684881031513214 -0.13204088807106018
0.025854509323835373 0.38146111369132996 -0.14232049882411957
0.012740815989673138 0.3948700428009033 -0.1529519408941269
-0.000838095904327929 0.40841954946517944 -0.1637008637189865
-0.014568588696420193 0.42177915573120117 -0.17430979013442993
-0.028165437281131744 0.4347284734249115 -0.18461348116397858
-0.04143579304218292 0.44714853167533875 -0.19452695548534393
-0.0542839877307415 0.4590158760547638 -0.20404040813446045
-0.06670558452606201 0.47039175033569336 -0.2132108062505722
-0.07877636700868607 0.4814089238643646 -0.2221522182226181
-0.09064291417598724 0.4922623634338379 -0.2310289889574051
-0.10251888632774353 0.5031955242156982 -0.24003909528255463
-0.1146639734506607 0.5144237875938416 -0.24931707978248596
-0.12731339037418365 0.5261132717132568 -0.25894126296043396
-0.1406635046005249 0.5383943319320679 -0.2689596712589264
-0.1548692286014557 0.5513578057289124 -0.2793870270252228
-0.170038104057312 0.5650503039360046 -0.29020076990127563
-0.18622100353240967 0.5794667601585388 -0.3013368248939514
-0.2034020721912384 0.5945430397987366 -0.3126864433288574
-0.22157491743564606 0.6102210879325867 -0.32414355874061584
-0.2408616989850998 0.6265508532524109 -0.33567947149276733
-0.26139310002326965 0.6435946226119995 -0.34728139638900757
-0.28328821063041687 0.6614114046096802 -0.3589423894882202
-0.3066539168357849 0.6800568103790283 -0.37066176533699036
-0.33158499002456665 0.6995828747749329 -0.3824445307254791
-0.35816481709480286 0.7200381755828857 -0.39430108666419983
-0.3864746391773224 0.7415700554847717 -0.40625473856925964
-0.4167485237121582 0.7657567858695984 -0.41846343874931335
-0.44956162571907043 0.7953166365623474 -0.43126752972602844
-0.485873281955719 0.8332515358924866 -0.4451468884944916
-0.5271363258361816 0.8831450939178467 -0.4607575833797455
-0.5755190253257751 0.9497196078300476 -0.4790191054344177
-0.6343395709991455 1.0398072004318237 -0.5012856721878052
-0.7089260220527649 1.1641656160354614 -0.5296865105628967
0.9594871401786804 -0.8724864721298218 0.16664399206638336
0.9120519757270813 -0.8164076805114746 0.16811907291412354
0.8695712089538574 -0.7662667632102966 0.16909259557724
0.8325666785240173 -0.7226552963256836 0.16961665451526642
0.8008973002433777 -0.6853825449943542 0.1697632372379303
0.7739758491516113 -0.6537336111068726 0.1696079522371292
0.750961184501648 -0.6266970634460449 0.16921982169151306
0.7308894991874695 -0.6031198501586914 0.16865572333335876
0.7127459049224854 -0.5817906856536865 0.1679583340883255
0.6956785917282104 -0.561689019203186 0.1671459823846817
0.6791799068450928 -0.542195737361908 0.16621710360050201
0.6628946661949158 -0.5228692889213562 0.16517052054405212
0.6465780735015869 -0.50339674949646 0.16400831937789917
0.6300880312919617 -0.483584463596344 0.16273798048496246
0.6133878827095032 -0.4633634388446808 0.16137485206127167
0.5965534448623657 -0.44279980659484863 0.15994393825531006
0.579779863357544 -0.4221024811267853 0.15848037600517273
0.5633425116539001 -0.40154948830604553 0.15701769292354584
0.5474740266799927 -0.3813544511795044 0.15558159351348877
0.5323315262794495 -0.3616408705711365 0.15419124066829681
0.5180006623268127 -0.34244492650032043 0.15285947918891907
0.5045037269592285 -0.32372111082077026 0.15159326791763306
0.4918086528778076 -0.305348664522171 0.15039436519145966
0.4798382818698883 -0.2871350347995758 0.14926016330718994
0.46845847368240356 -0.26887521147727966 0.1481650471687317
0.45748233795166016 -0.2504878640174866 0.14703312516212463
0.4467391073703766 -0.23194541037082672 0.14578039944171906
0.4360787868499756 -0.21325673162937164 0.14432059228420258
0.4253694415092468 -0.19447022676467896 0.14256393909454346
0.41449522972106934 -0.17567773163318634 0.1404169201850891
0.40335726737976074 -0.157018780708313 0.13778261840343475
0.39187517762184143 -0.13867388665676117 0.1345641016960144
0.37999576330184937 -0.12065978348255157 0.13069915771484375
0.3677014410495758 -0.10284214466810226 0.12616553902626038
0.355014443397522 -0.0851236879825592 0.12095985561609268
0.342001348733902 -0.0674547627568245 0.11510296911001205
0.32877689599990845 -0.04983668029308319 0.1086457222700119
0.31550395488739014 -0.03232363238930702 0.10167325288057327
0.3023882210254669 -0.015020649880170822 0.09430615603923798
0.28966888785362244 0.0019063240615651011 0.08670219033956528
0.27757471799850464 0.018222063779830933 0.07904506474733353
0.26624324917793274 0.033781278878450394 0.07147718220949173
0.2557183504104614 0.04855868220329285 0.06408384442329407
0.24596871435642242 0.06262815743684769 0.05689805746078491
0.23690597712993622 0.07614303380250931 0.04990757256746292
0.2283993661403656 0.08932178467512131 0.04306143522262573
0.22028443217277527 0.10244075208902359 0.03627403825521469
0.2123471051454544 0.1157664880156517 0.029421743005514145
0.204351007938385 0.12944602966308594 0.022374842315912247
0.196099191904068 0.14355124533176422 0.015036158263683319
0.1874355971813202 0.15808360278606415 0.007343875709921122
0.17824722826480865 0.1729678064584732 -0.0007247932953760028
0.16847096383571625 0.18804559111595154 -0.009148250333964825
0.15810197591781616 0.20307330787181854 -0.017855463549494743
0.14721441268920898 0.21773412823677063 -0.026720622554421425
0.13605505228042603 0.23175683617591858 -0.03556077554821968
0.12489696592092514 0.24500000476837158 -0.04422095790505409
0.1139298602938652 0.2574275732040405 -0.05261188745498657
0.10326290130615234 0.26908978819847107 -0.06070403382182121
0.09293314814567566 0.28010666370391846 -0.06851999461650848
0.08291487395763397 0.29065582156181335 -0.07612787187099457
0.07312572747468948 0.3009679615497589 -0.08363835513591766
0.06339742988348007 0.31132256984710693 -0.0912109836935997
0.05345200374722481 0.3219854533672333 -0.09903046488761902
0.04304320737719536 0.3331618309020996 -0.10724452883005142
0.03198377415537834 0.3449901342391968 -0.11595200002193451
0.020157597959041595 0.3575270175933838 -0.1251915991306305
0.007541615515947342 0.3707253634929657 -0.13492505252361298
-0.005767494440078735 0.3844088912010193 -0.1450188010931015
-0.019531192258000374 0.3982589840888977 -0.15523408353328705
-0.03340047225356102 0.41191181540489197 -0.16530689597129822
-0.0470651350915432 0.42511847615242004 -0.17506691813468933
-0.060321271419525146 0.4377448856830597 -0.18442833423614502
-0.07307396829128265 0.449764221906662 -0.19338354468345642
-0.0853281319141388 0.461243212223053 -0.2019934207201004
-0.09717415273189545 0.47232624888420105 -0.21037624776363373
-0.10877633839845657 0.4832242727279663 -0.21870040893554688
-0.12036678194999695 0.4941990375518799 -0.2271672934293747
-0.13221371173858643 0.505475640296936 -0.23590892553329468
-0.14455638825893402 0.5172249674797058 -0.2449997067451477
-0.15759538114070892 0.5295806527137756 -0.25448480248451233
-0.171490877866745 0.5426369309425354 -0.2643771171569824
-0.1863565593957901 0.5564418435096741 -0.27465274930000305
-0.20224982500076294 0.5709900856018066 -0.2852461338043213
-0.21916022896766663 0.5862136483192444 -0.29604583978652954
-0.2370956838130951 0.6020612716674805 -0.3069497346878052
-0.2562105655670166 0.6186153292655945 -0.31794628500938416
-0.27666008472442627 0.6359646916389465 -0.3290350139141083
-0.29857486486434937 0.6541839838027954 -0.34021395444869995
-0.32205772399902344 0.6733311414718628 -0.3514799475669861
-0.34718236327171326 0.6934473514556885 -0.36282849311828613
-0.3739924728870392 0.7145560383796692 -0.37425413727760315
-0.40251782536506653 0.7367516756057739 -0.38575759530067444
-0.4330163896083832 0.7613587379455566 -0.397453635931015
-0.46611884236335754 0.7906829714775085 -0.40961575508117676
-0.5027855038642883 0.8272408246994019 -0.4226331114768982
-0.5443921685218811 0.8739623427391052 -0.4370315372943878
-0.592904806137085 0.9345737099647522 -0.45352703332901
-0.6512038111686707 1.0142372846603394 -0.4731333553791046
-0.7236906290054321 1.1206743717193604 -0.49736487865448
0.9577687978744507 -0.8781238794326782 0.15206611156463623
0.9093531370162964 -0.8222984075546265 0.15293855965137482
0.8657812476158142 -0.7721302509307861 0.1533893495798111
0.8277342915534973 -0.7283807992935181 0.15347330272197723
0.7951585054397583 -0.6909642219543457 0.15325884521007538
0.767493724822998 -0.6592139601707458 0.15281395614147186
0.7438847422599792 -0.6321274638175964 0.1521976739168167
0.7233327031135559 -0.6085388660430908 0.15145601332187653
0.7047777771949768 -0.5872145295143127 0.150620698928833
0.6873384118080139 -0.5671242475509644 0.14970289170742035
0.6705013513565063 -0.5476598739624023 0.14869952201843262
0.6539096832275391 -0.528390645980835 0.1476096361875534
0.6373187899589539 -0.5090139508247375 0.14643673598766327
0.6205865740776062 -0.4893440902233124 0.14519016444683075
0.6036741137504578 -0.46931493282318115 0.1438867300748825
0.5866516828536987 -0.4489888846874237 0.14255227148532867
0.5697062015533447 -0.4285649359226227 0.14122070372104645
0.5531143546104431 -0.40832555294036865 0.13991987705230713
0.5371116995811462 -0.38849353790283203 0.1386677473783493
0.5218539237976074 -0.3691973388195038 0.13747593760490417
0.507422149181366 -0.35047513246536255 0.13635025918483734
0.49383217096328735 -0.33228152990341187 0.1352914720773697
0.4810449779033661 -0.31449460983276367 0.13429604470729828
0.4689745604991913 -0.29691898822784424 0.1333567053079605
0.4574697017669678 -0.2793247103691101 0.13244645297527313
0.4463106691837311 -0.26156100630760193 0.13149428367614746
0.43530112504959106 -0.24353857338428497 0.13042156398296356
0.4242759048938751 -0.22522172331809998 0.12914703786373138
0.41309821605682373 -0.20663364231586456 0.12758608162403107
0.40166106820106506 -0.18786461651325226 0.12565132975578308
0.38989096879959106 -0.1690804809331894 0.1232549175620079
0.3777538239955902 -0.1505187451839447 0.12031401693820953
0.3652552664279938 -0.13227050006389618 0.11678295582532883
0.35243070125579834 -0.11426234990358353 0.11265455931425095
0.33934563398361206 -0.09643767774105072 0.10793933272361755
0.3260968029499054 -0.07876580208539963 0.10266796499490738
0.312811017036438 -0.06124326214194298 0.09689347445964813
0.29964104294776917 -0.04389427602291107 0.09069221466779709
0.28675925731658936 -0.026768924668431282 0.08416250348091125
0.2743527889251709 -0.009970000013709068 0.07742825150489807
0.2626045346260071 0.006272331811487675 0.07064419984817505
0.2516147196292877 0.02179587446153164 0.06393151730298996
0.24139700829982758 0.03655627369880676 0.057360827922821045
0.23189738392829895 0.050606366246938705 0.05095730349421501
0.22301073372364044 0.0640769675374031 0.04470676928758621
0.21459326148033142 0.07716323435306549 0.03856099024415016
0.20646829903125763 0.09011835604906082 0.03244040906429291
0.19841268658638 0.10321652144193649 0.026225300505757332
0.19018810987472534 0.11665859818458557 0.019783267751336098
0.1815999150276184 0.13056576251983643 0.013013937510550022
0.1725001335144043 0.14497891068458557 0.005853672977536917
0.16279296576976776 0.15984944999217987 -0.0017188291531056166
0.15244552493095398 0.17502951622009277 -0.00967493001371622
0.14149941504001617 0.19026605784893036 -0.017929064109921455
0.13009043037891388 0.20521119236946106 -0.026333607733249664
0.11851164698600769 0.21953874826431274 -0.03468870744109154
0.10705575346946716 0.23305962979793549 -0.0428326241672039
0.09591475129127502 0.24571159482002258 -0.05067608132958412
0.0851856917142868 0.25753676891326904 -0.05819499120116234
0.07488294690847397 0.26865988969802856 -0.06542085111141205
0.0649508684873581 0.279272198677063 -0.07243257761001587
0.05527191609144211 0.28962451219558716 -0.07935281097888947
0.04564354196190834 0.300020694732666 -0.08635030686855316
0.0357714481651783 0.3107476532459259 -0.09360836446285248
0.02540009282529354 0.3220268487930298 -0.1012718454003334
0.014336498454213142 0.3340083956718445 -0.10943770408630371
0.002463557990267873 0.3467549979686737 -0.11814328283071518
-0.010236073285341263 0.36021724343299866 -0.1273488998413086
-0.023651061579585075 0.3742061257362366 -0.13691893219947815
-0.03751817345619202 0.3883783221244812 -0.14661192893981934
-0.05145730450749397 0.4023362100124359 -0.15616010129451752
-0.0651344507932663 0.41580405831336975 -0.16539055109024048
-0.07833484560251236 0.42863479256629944 -0.17421819269657135
-0.0909637063741684 0.44080042839050293 -0.18263839185237885
-0.10303350538015366 0.45237502455711365 -0.190715491771698
-0.11464670300483704 0.4635162055492401 -0.1985711008310318
-0.12598198652267456 0.47445148229599 -0.20637623965740204
-0.13728663325309753 0.48546168208122253 -0.21433401107788086
-0.148838609457016 0.4967817962169647 -0.22257213294506073
-0.1608838140964508 0.5085873603820801 -0.23115940392017365
-0.17362982034683228 0.5210156440734863 -0.2401362806558609
-0.18724437057971954 0.5341631174087524 -0.24951140582561493
-0.20184938609600067 0.5480784177780151 -0.2592567801475525
-0.21751007437705994 0.5627537965774536 -0.26930201053619385
-0.2342219054698944 0.5781145095825195 -0.27952951192855835
-0.2520033121109009 0.5941129326820374 -0.28983911871910095
-0.2710312604904175 0.6108621954917908 -0.30023887753486633
-0.2914770543575287 0.6284785270690918 -0.3107457458972931
-0.3134758472442627 0.6470533609390259 -0.321369469165802
-0.3371211290359497 0.6666500568389893 -0.3321123719215393
-0.3624613583087921 0.6873015761375427 -0.3429693579673767
-0.3894980847835541 0.7090088725090027 -0.35392820835113525
-0.4182089865207672 0.7318178415298462 -0.3649764060974121
-0.44887611269950867 0.7568151354789734 -0.3761957883834839
-0.48218461871147156 0.7859220504760742 -0.3878040313720703
-0.5190935134887695 0.821216344833374 -0.40011605620384216
-0.5609010457992554 0.8650622963905334 -0.4135536253452301
-0.6093776226043701 0.9203667640686035 -0.4286777973175049
-0.6670046448707581 0.9909911155700684 -0.44625458121299744
-0.7373948693275452 1.082433819770813 -0.46737584471702576
0.956135630607605 -0.8837538957595825 0.13752484321594238
0.9067835807800293 -0.8282296657562256 0.13780517876148224
0.8621237277984619 -0.7780499458312988 0.13773708045482635
0.8230158090591431 -0.7341578602790833 0.1373828798532486
0.7895095944404602 -0.6965850591659546 0.13681089878082275
0.761080801486969 -0.6647212505340576 0.1360836923122406
0.7368646860122681 -0.6375764608383179 0.13525168597698212
0.7158259749412537 -0.613971471786499 0.13435083627700806
0.6968585252761841 -0.5926485657691956 0.13340292870998383
0.6790476441383362 -0.5725659132003784 0.13241161406040192
0.6618741750717163 -0.5531251430511475 0.1313704550266266
0.6449790000915527 -0.533906102180481 0.1302768886089325
0.6281169056892395 -0.5146154165267944 0.12913353741168976
0.6111449599266052 -0.4950745105743408 0.12794910371303558
0.5940223336219788 -0.4752205014228821 0.12673939764499664
0.5768141150474548 -0.4551129937171936 0.12552809715270996
0.5596996545791626 -0.43494290113449097 0.12434536963701248
0.5429549217224121 -0.4149952828884125 0.1232123002409935
0.5268161296844482 -0.39549994468688965 0.12213938683271408
0.5114356279373169 -0.3765891492366791 0.1211312785744667
0.4968886971473694 -0.35830309987068176 0.12018755823373795
0.48318421840667725 -0.34059789776802063 0.11930355429649353
0.47027483582496643 -0.3233529031276703 0.11847107112407684
0.4580651521682739 -0.30637386441230774 0.11767877638339996
0.4463871419429779 -0.28941282629966736 0.11689908057451248
0.4349931478500366 -0.2722600996494293 0.11606886237859726
0.4236654043197632 -0.2547706067562103 0.11511841416358948
0.4122253954410553 -0.2368645966053009 0.11397524178028107
0.40053418278694153 -0.21853631734848022 0.11256404221057892
0.38849642872810364 -0.19986654818058014 0.11080809682607651
0.3760688006877899 -0.18103672564029694 0.10863298177719116
0.36327028274536133 -0.16232964396476746 0.10597361624240875
0.3501722812652588 -0.143906831741333 0.10280120372772217
0.33686769008636475 -0.12575916945934296 0.09912109375
0.3234653174877167 -0.10787240415811539 0.09495341777801514
0.3100866973400116 -0.09023427963256836 0.0903330072760582
0.29686135053634644 -0.07283441722393036 0.08530892431735992
0.28392142057418823 -0.05566496029496193 0.07994300872087479
0.2713955342769623 -0.038720354437828064 0.07430762052536011
0.25941023230552673 -0.022039856761693954 0.06849072873592377
0.24809175729751587 -0.005841540172696114 0.06261350214481354
0.2374970018863678 0.009699523448944092 0.05677277594804764
0.22760866582393646 0.024518560618162155 0.05102436617016792
0.21835187077522278 0.03864221274852753 0.04538703337311745
0.20960816740989685 0.05217116326093674 0.039847180247306824
0.20122404396533966 0.06526760756969452 0.03436240181326866
0.1930142045021057 0.07814966142177582 0.02886282466351986
0.18475137650966644 0.09108659625053406 0.023238588124513626
0.17620347440242767 0.10432440787553787 0.017362644895911217
0.16718526184558868 0.1180289164185524 0.011137771420180798
0.15756329894065857 0.13227969408035278 0.004502914845943451
0.14726568758487701 0.14705926179885864 -0.002559676067903638
0.1362958699464798 0.16224004328250885 -0.01001525018364191
0.12474697828292847 0.17757554352283478 -0.017768386751413345
0.11281827092170715 0.19270683825016022 -0.025658398866653442
0.10084480792284012 0.20726394653320312 -0.033478058874607086
0.08913134038448334 0.22101236879825592 -0.04106573387980461
0.07786458730697632 0.23386304080486298 -0.04833626002073288
0.06712344288825989 0.2458472102880478 -0.05527232214808464
0.0568959042429924 0.2570904791355133 -0.061913371086120605
0.047095268964767456 0.26779255270957947 -0.06834620982408524
0.037570104002952576 0.2782180607318878 -0.07470079511404037
0.0280865877866745 0.28868964314460754 -0.08115014433860779
0.018335724249482155 0.2995139956474304 -0.08787330985069275
0.0080532506108284 0.3109281063079834 -0.0950106680393219
-0.0029598178807646036 0.3230931758880615 -0.10265602171421051
-0.014822789467871189 0.33607718348503113 -0.110844686627388
-0.02754945680499077 0.3498275876045227 -0.11953534930944443
-0.041017014533281326 0.36414167284965515 -0.12859104573726654
-0.054941561073064804 0.37864986062049866 -0.13776899874210358
-0.06891442835330963 0.39292052388191223 -0.14679989218711853
-0.08257775008678436 0.4066513776779175 -0.15551018714904785
-0.09570537507534027 0.419683575630188 -0.16381683945655823
-0.10820157825946808 0.43198955059051514 -0.1717185229063034
-0.12008491158485413 0.4436524212360382 -0.17928297817707062
-0.13146784901618958 0.454843670129776 -0.1866343766450882
-0.1425410807132721 0.4658087491989136 -0.19394551217556
-0.15356497466564178 0.47684794664382935 -0.20142002403736115
-0.1648290455341339 0.48820796608924866 -0.20918118953704834
-0.1765889823436737 0.5000703930854797 -0.21729174256324768
-0.18906180560588837 0.5125769376754761 -0.22578661143779755
-0.20242515206336975 0.525826632976532 -0.23466897010803223
-0.2168106883764267 0.5398680567741394 -0.24390475451946259
-0.23229189217090607 0.5546889305114746 -0.2534160017967224
-0.2488691508769989 0.570203959941864 -0.26307544112205505
-0.26656588912010193 0.5863631963729858 -0.27278125286102295
-0.28557074069976807 0.6033052802085876 -0.28255993127822876
-0.30606114864349365 0.6211695671081543 -0.29244673252105713
-0.3281696140766144 0.6400637030601501 -0.30246683955192566
-0.35197561979293823 0.6600572466850281 -0.3126339316368103
-0.3775007426738739 0.6811779141426086 -0.32294970750808716
-0.40470626950263977 0.703409731388092 -0.3334040343761444
-0.433523029088974 0.7267583012580872 -0.3439808487892151
-0.46425661444664 0.7521032094955444 -0.3547397255897522
-0.4976409375667572 0.7810318470001221 -0.36585521697998047
-0.5346297025680542 0.8152480125427246 -0.377582848072052
-0.5764431953430176 0.8566527962684631 -0.3902633488178253
-0.6246695518493652 0.9075127243995667 -0.4043410122394562
-0.6814379692077637 0.9707241654396057 -0.42040419578552246
-0.74970942735672 1.0502275228500366 -0.4392576515674591
0.9545732736587524 -0.8894074559211731 0.12290556728839874
0.9043229818344116 -0.8342315554618835 0.12260179966688156
0.8585752248764038 -0.7840584516525269 0.12201809883117676
0.8183854818344116 -0.7400231957435608 0.12122786790132523
0.7839223146438599 -0.7022870182991028 0.12030186504125595
0.7547070384025574 -0.6703040599822998 0.11929827928543091
0.7298680543899536 -0.643099844455719 0.11825907975435257
0.7083335518836975 -0.6194831728935242 0.11721005290746689
0.6889461874961853 -0.5981698632240295 0.11616245657205582
0.6707558631896973 -0.5781037211418152 0.11511199921369553
0.6532359719276428 -0.558694064617157 0.11404824256896973
0.6360247731208801 -0.5395294427871704 0.11296623200178146
0.6188759207725525 -0.520324170589447 0.11186699569225311
0.601646363735199 -0.5009058713912964 0.11075788736343384
0.5842939019203186 -0.48121440410614014 0.10965288430452347
0.5668812394142151 -0.461308091878891 0.10857299715280533
0.5495827198028564 -0.4413716495037079 0.10754409432411194
0.5326734185218811 -0.4216916859149933 0.10658048838376999
0.5163875818252563 -0.40250247716903687 0.10568532347679138
0.5008729100227356 -0.3839385211467743 0.10485662519931793
0.48619768023490906 -0.36604148149490356 0.10408823192119598
0.4723628759384155 -0.3487693667411804 0.10337060689926147
0.45931175351142883 -0.3320038914680481 0.10269136726856232
0.44693854451179504 -0.3155538737773895 0.10203538835048676
0.4350586533546448 -0.2991597056388855 0.1013750359416008
0.4234018921852112 -0.28256553411483765 0.10065627843141556
0.4117324948310852 -0.2655807137489319 0.09981971234083176
0.3998619318008423 -0.24808739125728607 0.09880340844392776
0.3876509666442871 -0.23005187511444092 0.09754326939582825
0.37501782178878784 -0.211542010307312 0.09597529470920563
0.36195123195648193 -0.19274671375751495 0.09403997659683228
0.34852492809295654 -0.1739816963672638 0.09169014543294907
0.3348783850669861 -0.15547123551368713 0.08891240507364273
0.3211625814437866 -0.13726887106895447 0.08572186529636383
0.3075261414051056 -0.11940062046051025 0.08214453607797623
0.29410839080810547 -0.1018693596124649 0.07821513712406158
0.28103289008140564 -0.08465474098920822 0.07397495955228806
0.2684032618999481 -0.067715123295784 0.06946948915719986
0.2562997043132782 -0.0509900227189064 0.06474591046571732
0.2447860687971115 -0.034455299377441406 0.05985899269580841
0.233926460146904 -0.018305964767932892 0.054894521832466125
0.2237318754196167 -0.0027216048911213875 0.04992319270968437
0.21415512263774872 0.012214457616209984 0.04498551785945892
0.20510371029376984 0.026499774307012558 0.04009435325860977
0.19644956290721893 0.04019853100180626 0.03523769602179527
0.1880340427160263 0.053430959582328796 0.030380504205822945
0.17966780066490173 0.06636841595172882 0.02546471729874611
0.17112623155117035 0.07926075160503387 0.020395072177052498
0.16219092905521393 0.09238532930612564 0.015057054348289967
0.1526924967765808 0.10594210028648376 0.009362704120576382
0.1425180584192276 0.12004280090332031 0.003258094424381852
0.1316239982843399 0.13469964265823364 -0.003268715925514698
0.12005220353603363 0.14981067180633545 -0.010178027674555779
0.10794486850500107 0.16514945030212402 -0.017370304092764854
0.09555642306804657 0.18036708235740662 -0.024682559072971344
0.0832536593079567 0.19506590068340302 -0.03191090375185013
0.07134462147951126 0.20897342264652252 -0.03890056908130646
0.06000438705086708 0.22197698056697845 -0.04557378217577934
0.04929041489958763 0.2340961992740631 -0.05192010477185249
0.03916415944695473 0.24545378983020782 -0.0579843744635582
0.02951054275035858 0.2562524080276489 -0.06385693699121475
0.020149268209934235 0.2667638063430786 -0.06966939568519592
0.010820740833878517 0.2773228585720062 -0.0755932629108429
0.0012030298821628094 0.28825482726097107 -0.08180118352174759
-0.008976658806204796 0.2998124361038208 -0.08842799067497253
-0.019923731684684753 0.31216830015182495 -0.09556388854980469
-0.03176071494817734 0.32539594173431396 -0.10324200242757797
-0.044499315321445465 0.3394400477409363 -0.11141999065876007
-0.05800702050328255 0.3540840148925781 -0.11996053159236908
-0.07198111712932587 0.3689318597316742 -0.1286213994026184
-0.08598493039608002 0.3835168778896332 -0.13713368773460388
-0.09963597357273102 0.39750969409942627 -0.1453249603509903
-0.11269597709178925 0.4107396900653839 -0.153114914894104
-0.12506751716136932 0.4231804311275482 -0.1605057269334793
-0.136774480342865 0.4349243640899658 -0.1675681322813034
-0.14793838560581207 0.44615790247917175 -0.17442813515663147
-0.1587609350681305 0.45714491605758667 -0.18125945329666138
-0.16951492428779602 0.46820616722106934 -0.1882655769586563
-0.18050338327884674 0.4796024560928345 -0.19556596875190735
-0.19199442863464355 0.4915243089199066 -0.20321841537952423
-0.20421700179576874 0.5041202306747437 -0.2112531065940857
-0.2173602133989334 0.5174930095672607 -0.21966800093650818
-0.23156601190567017 0.5316911935806274 -0.22842231392860413
-0.2469155192375183 0.5466964244842529 -0.23742926120758057
-0.2634109854698181 0.5624085664749146 -0.24654950201511383
-0.2810736894607544 0.5787679553031921 -0.2556755244731903
-0.30009183287620544 0.5959282517433167 -0.2648470997810364
-0.320639044046402 0.6140451431274414 -0.2741152048110962
-0.3428378701210022 0.6332377195358276 -0.28352001309394836
-0.36675044894218445 0.653580367565155 -0.2930887043476105
-0.3923731744289398 0.6750987768173218 -0.30283451080322266
-0.41963425278663635 0.6977664232254028 -0.3127559423446655
-0.4484294056892395 0.7215614914894104 -0.322841614484787
-0.47908779978752136 0.7472014427185059 -0.33313989639282227
-0.5123825073242188 0.7760075926780701 -0.3437943160533905
-0.5492566227912903 0.8093887567520142 -0.35501566529273987
-0.5908551216125488 0.8488909006118774 -0.3670825958251953
-0.6386013627052307 0.8963075280189514 -0.3803524672985077
-0.6943249106407166 0.9538527131080627 -0.39528682827949524
-0.7604625821113586 1.0244181156158447 -0.412494957447052
0.9530677795410156 -0.8951112627983093 0.10813324898481369
0.9019379019737244 -0.8403305411338806 0.10722272843122482
0.8551016449928284 -0.7901943325996399 0.10611052811145782
0.8138163685798645 -0.7460289001464844 0.10488215833902359
0.7783774733543396 -0.7081305980682373 0.10360949486494064
0.7483584880828857 -0.676024854183197 0.10234402120113373
0.7228834629058838 -0.6487582325935364 0.10111624002456665
0.7008426785469055 -0.6251291036605835 0.09993859380483627
0.6810254454612732 -0.6038275957107544 0.09880910068750381
0.662443220615387 -0.5837825536727905 0.09771420806646347
0.644561767578125 -0.5644084215164185 0.09663990139961243
0.6270166635513306 -0.545301079750061 0.09557926654815674
0.6095606684684753 -0.5261807441711426 0.09453214704990387
0.5920507311820984 -0.5068796873092651 0.09350477159023285
0.5744454264640808 -0.4873405694961548 0.09250978380441666
0.5568066835403442 -0.46762052178382874 0.09156598895788193
0.5393072366714478 -0.44789984822273254 0.0906955823302269
0.5222201347351074 -0.4284652769565582 0.08990618586540222
0.5057762265205383 -0.40955284237861633 0.08919353038072586
0.49011650681495667 -0.39129796624183655 0.08854910731315613
0.4753018021583557 -0.37374347448349 0.08796118199825287
0.46132367849349976 -0.35684865713119507 0.08741557598114014
0.44811567664146423 -0.3404982089996338 0.08689597994089127
0.4355602562427521 -0.32450488209724426 0.08638382703065872
0.423457533121109 -0.30860254168510437 0.08585187792778015
0.4115193784236908 -0.2925010025501251 0.08525586873292923
0.399496853351593 -0.27597469091415405 0.08454751968383789
0.3871946632862091 -0.2588752210140228 0.08367643505334854
0.3744760751724243 -0.24114497005939484 0.08259084820747375
0.36127474904060364 -0.22283835709095 0.08124016970396042
0.34761208295822144 -0.2041461169719696 0.07957983016967773
0.3336150050163269 -0.18540559709072113 0.07757879048585892
0.3194887936115265 -0.16689451038837433 0.07523578405380249
0.3054385781288147 -0.1487252116203308 0.07257179915904999
0.29164600372314453 -0.13095994293689728 0.06961441785097122
0.27825960516929626 -0.11361338198184967 0.0663946121931076
0.26538950204849243 -0.09665341675281525 0.06294389814138412
0.25310561060905457 -0.08000519126653671 0.05929184332489967
0.24143913388252258 -0.0635567307472229 0.0554640032351017
0.23039355874061584 -0.04722248762845993 0.05148749798536301
0.21997107565402985 -0.031162258237600327 0.047415051609277725
0.21013793349266052 -0.015548616647720337 0.04329196363687515
0.20081964135169983 -0.0004776447603944689 0.03914380073547363
0.19190940260887146 0.014020043425261974 0.03497755527496338
0.18327327072620392 0.02796906605362892 0.03078271821141243
0.17475168406963348 0.041441284120082855 0.026531660929322243
0.1661573201417923 0.05455191805958748 0.02217881940305233
0.15727537870407104 0.06751775741577148 0.017646251246333122
0.14790832996368408 0.08063247799873352 0.012836801819503307
0.13790908455848694 0.09411803632974625 0.00767611525952816
0.12719084322452545 0.10810965299606323 0.002120607066899538
0.11574135720729828 0.1226448342204094 -0.0038346119690686464
0.10363981127738953 0.13764922320842743 -0.010146696120500565
0.09106981009244919 0.15292620658874512 -0.0167179387062788
0.07832586020231247 0.1681545227766037 -0.023393303155899048
0.06579172611236572 0.18292489647865295 -0.029981661587953568
0.05376923084259033 0.1969359815120697 -0.03634025529026985
0.04241631180047989 0.2100553959608078 -0.04240033030509949
0.03176776319742203 0.22229114174842834 -0.0481569804251194
0.021760810166597366 0.2337597757577896 -0.05365704745054245
0.012256797403097153 0.2446616142988205 -0.05898964777588844
0.0030531343072652817 0.2552686631679535 -0.06428228318691254
-0.006129011046141386 0.2659219801425934 -0.06969962269067764
-0.01562216505408287 0.276964396238327 -0.07540608197450638
-0.02570679783821106 0.2886646091938019 -0.08153036236763
-0.03659442067146301 0.30120718479156494 -0.08815883845090866
-0.04841083288192749 0.31467244029045105 -0.0953228771686554
-0.06116602569818497 0.32900339365005493 -0.10298019647598267
-0.07471828907728195 0.34397074580192566 -0.1109950840473175
-0.08874662965536118 0.35915327072143555 -0.11912848800420761
-0.10278687626123428 0.3740490972995758 -0.12711462378501892
-0.11643238365650177 0.38830065727233887 -0.13478323817253113
-0.12943316996097565 0.40172532200813293 -0.14205706119537354
-0.14169055223464966 0.4142972528934479 -0.1489410698413849
-0.15323388576507568 0.42611828446388245 -0.1555078774690628
-0.16419386863708496 0.4373895823955536 -0.16188392043113708
-0.17478300631046295 0.4483928680419922 -0.16824202239513397
-0.18528646230697632 0.45946964621543884 -0.1747840940952301
-0.19602175056934357 0.470897376537323 -0.18162667751312256
-0.2072705328464508 0.48287859559059143 -0.18882445991039276
-0.2192743569612503 0.4955708384513855 -0.19640454649925232
-0.23223410546779633 0.5090831518173218 -0.2043611705303192
-0.24630163609981537 0.5234648585319519 -0.2126481831073761
-0.26156362891197205 0.5386908054351807 -0.22117064893245697
-0.27802035212516785 0.5546430349349976 -0.22977741062641144
-0.2956832945346832 0.5712454319000244 -0.2383532077074051
-0.31472986936569214 0.5886563062667847 -0.2469455748796463
-0.3353211581707001 0.6070387959480286 -0.2556172311306
-0.35756388306617737 0.6265174150466919 -0.2644209861755371
-0.38150182366371155 0.647169828414917 -0.27339762449264526
-0.40710967779159546 0.6690212488174438 -0.28257355093955994
-0.43429237604141235 0.6920416355133057 -0.291959673166275
-0.4629257023334503 0.716195285320282 -0.3015548586845398
-0.4933636784553528 0.7420821785926819 -0.31140440702438354
-0.5264109373092651 0.7708234190940857 -0.3216308057308197
-0.5629966855049133 0.8036057353019714 -0.3324113190174103
-0.6041953563690186 0.8417100310325623 -0.3439769446849823
-0.6512851715087891 0.8865862488746643 -0.3566191792488098
-0.7058427929878235 0.9399686455726624 -0.3707059621810913
-0.7698860764503479 1.0040411949157715 -0.3867097496986389
0.9516075253486633 -0.9008804559707642 0.09317131340503693
0.8995956778526306 -0.8465380668640137 0.09159988164901733
0.8516742587089539 -0.7964832782745361 0.08992917835712433
0.8092923760414124 -0.7522175312042236 0.0882551372051239
0.7728716135025024 -0.7141698598861694 0.08664651960134506
0.7420397400856018 -0.6819408535957336 0.08514217287302017
0.715918242931366 -0.6546039581298828 0.08375510573387146
0.6933605074882507 -0.6309526562690735 0.08247880637645721
0.6731007695198059 -0.6096555590629578 0.08129312843084335
0.6541109681129456 -0.5896266102790833 0.08017321676015854
0.6358501315116882 -0.570285439491272 0.07910280674695969
0.6179513931274414 -0.5512327551841736 0.07807426899671555
0.6001672744750977 -0.5321937203407288 0.07708726823329926
0.5823554992675781 -0.5130040049552917 0.07614798843860626
0.5644761323928833 -0.4936080276966095 0.0752687081694603
0.5465924143791199 -0.4740616977214813 0.07446710020303726
0.5288775563240051 -0.4545413851737976 0.07376276701688766
0.5116019248962402 -0.43533214926719666 0.07315674424171448
0.4949902594089508 -0.41666969656944275 0.07263708859682083
0.479175865650177 -0.3986890912055969 0.07218854129314423
0.46421071887016296 -0.3814333379268646 0.07179377973079681
0.45007696747779846 -0.36486342549324036 0.07143399864435196
0.43669724464416504 -0.34886667132377625 0.07108908146619797
0.423941969871521 -0.33326056599617004 0.07073725759983063
0.4115971326828003 -0.3177761435508728 0.07035213708877563
0.39936187863349915 -0.3020995259284973 0.06989989429712296
0.3869789242744446 -0.28597986698150635 0.06934409588575363
0.3742503821849823 -0.26924583315849304 0.06864655017852783
0.36104536056518555 -0.25182121992111206 0.0677684023976326
0.34731483459472656 -0.23374822735786438 0.06667269766330719
0.3331128656864166 -0.21521547436714172 0.06532890349626541
0.3186159133911133 -0.1965719312429428 0.06371945887804031
0.30408862233161926 -0.17813897132873535 0.06185073032975197
0.2897827625274658 -0.16008219122886658 0.05974454805254936
0.27590352296829224 -0.14249566197395325 0.057425547391176224
0.26260003447532654 -0.12540319561958313 0.05491785705089569
0.2499624788761139 -0.10876081883907318 0.052242349833250046
0.23802496492862701 -0.09246377646923065 0.049414582550525665
0.22677169740200043 -0.07635460793972015 0.04644327238202095
0.21615105867385864 -0.060290709137916565 0.04333479329943657
0.20610731840133667 -0.04438520967960358 0.04011425003409386
0.1965656578540802 -0.028790464624762535 0.036804694682359695
0.1874275505542755 -0.013606255874037743 0.03341815620660782
0.17857486009597778 0.001113509526476264 0.029955795034766197
0.16987109184265137 0.015354588627815247 0.026407860219478607
0.16116052865982056 0.029137248173356056 0.02275330387055874
0.15226438641548157 0.04251376911997795 0.018958520144224167
0.14298611879348755 0.05565576255321503 0.01496379915624857
0.1331561654806137 0.06885787099599838 0.010691761039197445
0.12265650928020477 0.0823516994714737 0.006083909422159195
0.11143120378255844 0.09628671407699585 0.0011083927238360047
0.09950102865695953 0.11072050780057907 -0.004232809878885746
0.08697833865880966 0.12560635805130005 -0.009896323084831238
0.07407653331756592 0.14078424870967865 -0.015791988000273705
0.061110761016607285 0.15597426891326904 -0.021781308576464653
0.0484645701944828 0.17076954245567322 -0.027692949399352074
0.03642372414469719 0.18484872579574585 -0.03339913487434387
0.025124836713075638 0.1980637013912201 -0.038840074092149734
0.014580518938601017 0.21041056513786316 -0.04401405528187752
0.00470762001350522 0.2219967097043991 -0.048966195434331894
-0.004650159273296595 0.2330150604248047 -0.05377975478768349
-0.013710621744394302 0.24373167753219604 -0.05857307091355324
-0.02276512235403061 0.25448811054229736 -0.0634993389248848
-0.03215378522872925 0.26564347743988037 -0.06871332228183746
-0.042163118720054626 0.2774827778339386 -0.07433712482452393
-0.053009551018476486 0.2902035713195801 -0.08045333623886108
-0.06482123583555222 0.3038937747478485 -0.08709222823381424
-0.07760576903820038 0.3184967637062073 -0.09421303123235703
-0.09121190011501312 0.3337728977203369 -0.10168429464101791
-0.10530037432909012 0.3492783308029175 -0.10927394032478333
-0.1193806529045105 0.3644769787788391 -0.11672227084636688
-0.13302405178546906 0.3789827227592468 -0.12386218458414078
-0.14597073197364807 0.39259985089302063 -0.13061904907226562
-0.15812215209007263 0.4053022265434265 -0.13699936866760254
-0.16951414942741394 0.4172004461288452 -0.14307573437690735
-0.18028710782527924 0.42850902676582336 -0.14897267520427704
-0.19066469371318817 0.43952661752700806 -0.15485964715480804
-0.20094461739063263 0.45061472058296204 -0.16093461215496063
-0.2114584892988205 0.46206900477409363 -0.16731181740760803
-0.22250105440616608 0.47410663962364197 -0.17404493689537048
-0.23432594537734985 0.48689743876457214 -0.18116027116775513
-0.24714474380016327 0.5005582571029663 -0.18865056335926056
-0.26111742854118347 0.5151410698890686 -0.19646689295768738
-0.2763335108757019 0.5306143164634705 -0.20450887084007263
-0.29278671741485596 0.546841025352478 -0.21261627972126007
-0.31047141551971436 0.5637227296829224 -0.22066630423069
-0.329545795917511 0.5814129114151001 -0.22870996594429016
-0.3501512110233307 0.6000733375549316 -0.23681727051734924
-0.3723753094673157 0.6198285222053528 -0.2450510561466217
-0.39624348282814026 0.6407567262649536 -0.2534637451171875
-0.42171457409858704 0.6628847718238831 -0.2620948851108551
-0.448681503534317 0.6861854195594788 -0.2709689438343048
-0.47701531648635864 0.7106213569641113 -0.28009775280952454
-0.5070986747741699 0.7367156744003296 -0.2895285189151764
-0.5397620797157288 0.7654464840888977 -0.2993699908256531
-0.5759198665618896 0.797838568687439 -0.30977362394332886
-0.6165821552276611 0.8349779844284058 -0.32093286514282227
-0.6628998517990112 0.878064751625061 -0.3330874443054199
-0.7162367701530457 0.9284912943840027 -0.34653380513191223
-0.7782708406448364 0.9879518151283264 -0.36164307594299316
0.9501833319664001 -0.9067199230194092 0.07801108807325363
0.8972692489624023 -0.8528506755828857 0.07570378482341766
0.848272979259491 -0.8029341697692871 0.07343249768018723
0.8048092126846313 -0.7586155533790588 0.07130060344934464
0.7674149870872498 -0.7204444408416748 0.06936736404895782
0.7357696294784546 -0.6880969405174255 0.0676511898636818
0.7089942097663879 -0.6606800556182861 0.06613962352275848
0.6859068274497986 -0.6369902491569519 0.06480002403259277
0.6651877164840698 -0.6156808733940125 0.06358781456947327
0.645770788192749 -0.5956552028656006 0.06246454268693924
0.6271093487739563 -0.5763371586799622 0.06141350045800209
0.6088355779647827 -0.5573318600654602 0.06042806804180145
0.590701699256897 -0.5383676290512085 0.05950918793678284
0.5725672245025635 -0.5192825198173523 0.05866442248225212
0.554394543170929 -0.5000212788581848 0.057907041162252426
0.5362494587898254 -0.4806380867958069 0.05725502967834473
0.5183066725730896 -0.4613049328327179 0.056726694107055664
0.5008325576782227 -0.4423030614852905 0.056316573172807693
0.48404380679130554 -0.42386576533317566 0.0560046061873436
0.4680647850036621 -0.4061267673969269 0.05576852709054947
0.4529377520084381 -0.38912883400917053 0.055585116147994995
0.4386346638202667 -0.37283408641815186 0.055430810898542404
0.42506739497184753 -0.35713309049606323 0.05528173968195915
0.4120938777923584 -0.3418481647968292 0.0551130436360836
0.39948779344558716 -0.32671093940734863 0.05489961430430412
0.38694098591804504 -0.31139254570007324 0.05461864545941353
0.37419289350509644 -0.29562583565711975 0.05424615368247032
0.3610479533672333 -0.2792244553565979 0.053756650537252426
0.34738457202911377 -0.2620987892150879 0.05312434583902359
0.3331732749938965 -0.24428126215934753 0.052325498312711716
0.3184993267059326 -0.22595563530921936 0.05134208872914314
0.30358293652534485 -0.20747338235378265 0.05016685277223587
0.28873857855796814 -0.18918929994106293 0.04880859702825546
0.27425408363342285 -0.17131544649600983 0.047284603118896484
0.26034796237945557 -0.15397296845912933 0.0456123910844326
0.24716182053089142 -0.13719280064105988 0.043806981295347214
0.23476165533065796 -0.12092071771621704 0.04187878966331482
0.22314569354057312 -0.10502717643976212 0.039832063019275665
0.21225540339946747 -0.08931754529476166 0.03766385465860367
0.20199066400527954 -0.0735986977815628 0.035366930067539215
0.19224411249160767 -0.05792771652340889 0.032946012914180756
0.1829042285680771 -0.042423348873853683 0.03040679171681404
0.17385193705558777 -0.027177773416042328 0.02775007113814354
0.16496053338050842 -0.012259984388947487 0.024971555918455124
0.15609440207481384 0.0022812429815530777 0.02206146903336048
0.14710643887519836 0.016414692625403404 0.01900392584502697
0.13783445954322815 0.03012569062411785 0.015775931999087334
0.1281098872423172 0.04352991282939911 0.012335317209362984
0.11779873073101044 0.0569072887301445 0.00862470455467701
0.10681833326816559 0.07048636674880981 0.004601660650223494
0.09514748305082321 0.08442161232233047 0.0002456502115819603
0.08283917605876923 0.09878525882959366 -0.004436090122908354
0.07003162056207657 0.11355742812156677 -0.009402921423316002
0.05695280805230141 0.12861934304237366 -0.014577285386621952
0.04391654580831528 0.1437426507472992 -0.0198435727506876
0.03128823637962341 0.1585349440574646 -0.025054533034563065
0.01932872273027897 0.17266304790973663 -0.030098222196102142
0.008150658570230007 0.18596699833869934 -0.03492244333028793
-0.0022533887531608343 0.1984306275844574 -0.039525847882032394
-0.011981910094618797 0.2101491540670395 -0.04394814372062683
-0.021202318370342255 0.22130359709262848 -0.04826274886727333
-0.030140455812215805 0.23214827477931976 -0.05257457122206688
-0.039093613624572754 0.24301986396312714 -0.0570216029882431
-0.04840607941150665 0.2542923390865326 -0.06174776330590248
-0.05836815387010574 0.2662672996520996 -0.06686829030513763
-0.06919922679662704 0.279155433177948 -0.07246199250221252
-0.08102817833423615 0.29305392503738403 -0.07855883985757828
-0.09385883063077927 0.30790847539901733 -0.08512142300605774
-0.10752934962511063 0.32347217202186584 -0.09202559292316437
-0.12168215215206146 0.33928266167640686 -0.0990506261587143
-0.13580243289470673 0.35477232933044434 -0.10594645887613297
-0.14944294095039368 0.3695260286331177 -0.11254988610744476
-0.16233694553375244 0.38333407044410706 -0.11878807842731476
-0.17438818514347076 0.39616909623146057 -0.12466735392808914
-0.185640349984169 0.4081484079360962 -0.1302577406167984
-0.19624435901641846 0.41949841380119324 -0.13567915558815002
-0.20643547177314758 0.4305327534675598 -0.14109453558921814
-0.21652419865131378 0.44163113832473755 -0.14669480919837952
-0.22685502469539642 0.4531087875366211 -0.15259245038032532
-0.2377341240644455 0.46519985795021057 -0.1588420569896698
-0.24942536652088165 0.4780881404876709 -0.16547131538391113
-0.26214921474456787 0.49190089106559753 -0.1724744737148285
-0.2760712504386902 0.5066946148872375 -0.17980320751667023
-0.2912799119949341 0.5224322080612183 -0.18735577166080475
-0.3077574670314789 0.5389580130577087 -0.19496770203113556
-0.3254745900630951 0.556147038936615 -0.2025110423564911
-0.34456300735473633 0.5741386413574219 -0.21003662049770355
-0.36513957381248474 0.5930855870246887 -0.21761788427829742
-0.3872707486152649 0.6131068468093872 -0.22532418370246887
-0.4109659492969513 0.6342791318893433 -0.2332170307636261
-0.4361753463745117 0.6566329598426819 -0.24134719371795654
-0.462791383266449 0.6801496148109436 -0.24975191056728363
-0.4906960725784302 0.7048025131225586 -0.2584562301635742
-0.5203046202659607 0.731071949005127 -0.2675119638442993
-0.5524701476097107 0.7598422169685364 -0.27701857686042786
-0.5880924463272095 0.7920249700546265 -0.2871071994304657
-0.6281235218048096 0.8285655975341797 -0.29794052243232727
-0.6736028790473938 0.8704808354377747 -0.30971574783325195
-0.725712776184082 0.9189148545265198 -0.3226720690727234
-0.7858511209487915 0.975212037563324 -0.33710184693336487
0.9487884044647217 -0.9126231074333191 0.06267201900482178
0.8949370384216309 -0.8592488765716553 0.059545088559389114
0.8448861241340637 -0.8095371127128601 0.05662525072693825
0.8003743290901184 -0.7652308344841003 0.05401962250471115
0.7620311975479126 -0.7269770503044128 0.05177101865410805
0.7295812964439392 -0.6945240497589111 0.049869030714035034
0.7021464705467224 -0.6670182347297668 0.04826737567782402
0.678513765335083 -0.6432686448097229 0.04689968004822731
0.6573136448860168 -0.6219236254692078 0.04569036886096001
0.6374450325965881 -0.6018813848495483 0.044584907591342926
0.618358314037323 -0.5825707912445068 0.04356808587908745
0.5996851921081543 -0.5636007785797119 0.04263617843389511
0.5811795592308044 -0.5447022914886475 0.04179314151406288
0.5627024173736572 -0.5257140398025513 0.04104936867952347
0.5442190170288086 -0.5065799355506897 0.040420662611722946
0.5257980823516846 -0.4873510003089905 0.03992680460214615
0.507616400718689 -0.46819376945495605 0.03958611562848091
0.4899344742298126 -0.4493832588195801 0.03938676416873932
0.47295865416526794 -0.43114838004112244 0.039300091564655304
0.4568032920360565 -0.4136204123497009 0.03929635137319565
0.4415004551410675 -0.39684146642684937 0.03934608772397041
0.4270115792751312 -0.3807751536369324 0.0394207239151001
0.4132377803325653 -0.36531516909599304 0.03949245065450668
0.4000251591205597 -0.35028940439224243 0.039533402770757675
0.38713696599006653 -0.335432767868042 0.0395200289785862
0.3742634057998657 -0.3204095959663391 0.03944108635187149
0.361146479845047 -0.3049444258213043 0.039285484701395035
0.34759777784347534 -0.2888428270816803 0.039040666073560715
0.3335089683532715 -0.27200737595558167 0.038693737238645554
0.31887149810791016 -0.25446319580078125 0.03823331743478775
0.3037996292114258 -0.2363869696855545 0.03765205666422844
0.2885493338108063 -0.2181241661310196 0.03694963455200195
0.27347296476364136 -0.200052410364151 0.036132246255874634
0.25888216495513916 -0.18242239952087402 0.03520749881863594
0.24499884247779846 -0.16537746787071228 0.034182313829660416
0.23195038735866547 -0.1489543318748474 0.033061228692531586
0.21977633237838745 -0.13309122622013092 0.03184501454234123
0.20844124257564545 -0.11764048039913177 0.030529586598277092
0.19784902036190033 -0.10237988829612732 0.029105033725500107
0.18785816431045532 -0.08707455545663834 0.027557043358683586
0.1783163994550705 -0.07171934843063354 0.025877978652715683
0.16908037662506104 -0.05638749897480011 0.02406206540763378
0.16001343727111816 -0.041151612997055054 0.022102104499936104
0.1509827822446823 -0.026085181161761284 0.01998940110206604
0.14185695350170135 -0.011263921856880188 0.01771361008286476
0.13250307738780975 0.0032329638488590717 0.015262527391314507
0.12278475612401962 0.017322953790426254 0.012621749192476273
0.11257227510213852 0.031056752428412437 0.009764447808265686
0.1017751544713974 0.04468376189470291 0.006651327479630709
0.09035172313451767 0.05841680243611336 0.003254213836044073
0.07831726968288422 0.07240636646747589 -0.00043824815656989813
0.0657532811164856 0.08673422783613205 -0.004416341427713633
0.052813295274972916 0.10140626132488251 -0.00864558294415474
0.03972242400050163 0.11634813994169235 -0.013064821250736713
0.026770932599902153 0.1313902884721756 -0.017584865912795067
0.014289344660937786 0.14616481959819794 -0.022083986550569534
0.0025065671652555466 0.1603347212076187 -0.026465194299817085
-0.008489526808261871 0.17373113334178925 -0.030681680887937546
-0.018723061308264732 0.1863255500793457 -0.03472958132624626
-0.028302235528826714 0.19819828867912292 -0.03864007443189621
-0.03739902004599571 0.20951421558856964 -0.042473625391721725
-0.04624049738049507 0.22051048278808594 -0.04631847143173218
-0.0551237091422081 0.2315136045217514 -0.050294507294893265
-0.06439338624477386 0.24291102588176727 -0.05453390255570412
-0.07434089481830597 0.2550201714038849 -0.05914465710520744
-0.0851861834526062 0.2680653929710388 -0.0642019510269165
-0.09705651551485062 0.282153844833374 -0.06973616778850555
-0.1099499985575676 0.2972358763217926 -0.0757150873541832
-0.12369316816329956 0.3130611181259155 -0.08202525973320007
-0.13791021704673767 0.3291538655757904 -0.08846200257539749
-0.15206517279148102 0.34491899609565735 -0.09478864073753357
-0.16569700837135315 0.3599126935005188 -0.10084658116102219
-0.17853586375713348 0.3739107549190521 -0.10656389594078064
-0.1904902309179306 0.3868827521800995 -0.11194457858800888
-0.2016131430864334 0.3989509642124176 -0.11705347895622253
-0.21206679940223694 0.410351425409317 -0.12200281769037247
-0.22209858894348145 0.4214102625846863 -0.12694555521011353
-0.23203173279762268 0.4325229525566101 -0.13206224143505096
-0.2422216534614563 0.4440245032310486 -0.13746345043182373
-0.2529835104942322 0.45616766810417175 -0.14320644736289978
-0.2645889222621918 0.46915170550346375 -0.14932242035865784
-0.2772645354270935 0.4831162989139557 -0.15580995380878448
-0.2911781072616577 0.49812397360801697 -0.16262517869472504
-0.3064131736755371 0.5141340494155884 -0.16967007517814636
-0.32293522357940674 0.5309726595878601 -0.17678213119506836
-0.34068557620048523 0.5484861731529236 -0.18383227288722992
-0.35976383090019226 0.566791832447052 -0.19086846709251404
-0.38025930523872375 0.5860264897346497 -0.197964146733284
-0.40221720933914185 0.6062985062599182 -0.20519156754016876
-0.42563483119010925 0.6276824474334717 -0.21261808276176453
-0.45046141743659973 0.6502140164375305 -0.22030262649059296
-0.4766009747982025 0.6738893389701843 -0.2282930463552475
-0.503960132598877 0.6987025737762451 -0.23662632703781128
-0.5329915881156921 0.7251208424568176 -0.24535977840423584
-0.564568817615509 0.7539744973182678 -0.25458574295043945
-0.5995782017707825 0.786100447177887 -0.2644185423851013
-0.6389198899269104 0.822344183921814 -0.2749944031238556
-0.6835352182388306 0.8635866045951843 -0.28647416830062866
-0.7344489097595215 0.9107846617698669 -0.29904842376708984
-0.7928221821784973 0.9650220274925232 -0.3129447400569916
0.9474177360534668 -0.9185734391212463 0.04720086604356766
0.8925835490226746 -0.865697979927063 0.043174952268600464
0.8415114879608154 -0.8162633180618286 0.039560042321681976
0.796006441116333 -0.7720509767532349 0.03646279498934746
0.756757378578186 -0.7337723970413208 0.0339033417403698
0.723521888256073 -0.7012376189231873 0.03183528035879135
0.6954241991043091 -0.6736377477645874 0.0301713477820158
0.6712266802787781 -0.6498053669929504 0.028804723173379898
0.6495178937911987 -0.6283963322639465 0.027622900903224945
0.6291676163673401 -0.6083117723464966 0.026552872732281685
0.6096264123916626 -0.5889875888824463 0.02558273822069168
0.5905277729034424 -0.570036768913269 0.024713395163416862
0.5716273784637451 -0.5511921048164368 0.023953258991241455
0.5527886152267456 -0.5322921276092529 0.023317009210586548
0.5339788198471069 -0.5132781863212585 0.022824298590421677
0.5152696967124939 -0.49419647455215454 0.022498060017824173
0.4968392252922058 -0.47520577907562256 0.022357819601893425
0.47893959283828735 -0.45657259225845337 0.022385431453585625
0.4617650806903839 -0.43851926922798157 0.02254321239888668
0.44541868567466736 -0.42117369174957275 0.022793438285589218
0.429921954870224 -0.404577374458313 0.023099953308701515
0.41522616147994995 -0.3886954188346863 0.023428766056895256
0.40122202038764954 -0.3734253942966461 0.023747822269797325
0.3877445459365845 -0.35860133171081543 0.02402607537806034
0.37454941868782043 -0.34396445751190186 0.024241657927632332
0.36133116483688354 -0.3291793167591095 0.024395320564508438
0.3478406071662903 -0.3139694929122925 0.024489160627126694
0.33390137553215027 -0.29813894629478455 0.02452355995774269
0.3194221258163452 -0.28158730268478394 0.024498146027326584
0.30441609025001526 -0.2643345296382904 0.02441284991800785
0.2890230417251587 -0.24654781818389893 0.024269120767712593
0.2735249400138855 -0.2285585254430771 0.024070775136351585
0.2582986056804657 -0.21075600385665894 0.023817017674446106
0.24366727471351624 -0.19342128932476044 0.023501407355070114
0.22984685003757477 -0.1767147034406662 0.023117627948522568
0.2169458419084549 -0.160677969455719 0.022659052163362503
0.20497719943523407 -0.1452452689409256 0.022117920219898224
0.1938752681016922 -0.13025811314582825 0.02148439921438694
0.18351227045059204 -0.11547716706991196 0.02074541710317135
0.17371244728565216 -0.10063616186380386 0.019884927198290825
0.1642850637435913 -0.08566556125879288 0.018890753388404846
0.15505912899971008 -0.07058446109294891 0.01775207184255123
0.14588268101215363 -0.05543491244316101 0.016457632184028625
0.13661886751651764 -0.04028354212641716 0.014996158890426159
0.12714339792728424 -0.025223128497600555 0.013356775045394897
0.11734351515769958 -0.010374275036156178 0.011529573239386082
0.10711842775344849 0.004115021787583828 0.009506184607744217
0.09638882428407669 0.01822381094098091 0.007271450944244862
0.0851154774427414 0.0321558378636837 0.004800144117325544
0.07330179959535599 0.04609610512852669 0.0020746863447129726
0.06099889799952507 0.0601830817759037 -0.0009106372017413378
0.04830991476774216 0.0745038315653801 -0.004147004336118698
0.03539092466235161 0.08908926695585251 -0.007608985062688589
0.02244650013744831 0.10391160845756531 -0.011253726668655872
0.009723515249788761 0.11886463314294815 -0.015018845908343792
-0.0024959039874374866 0.13361364603042603 -0.018806982785463333
-0.014019512571394444 0.14782467484474182 -0.022534014657139778
-0.024783505126833916 0.1613232046365738 -0.02615608647465706
-0.03482475131750107 0.17406797409057617 -0.029664402827620506
-0.04425565525889397 0.18612195551395416 -0.03307937830686569
-0.05324676260352135 0.19762982428073883 -0.03644641861319542
-0.062020398676395416 0.20880664885044098 -0.03983498737215996
-0.07086778432130814 0.21996353566646576 -0.04334491491317749
-0.08013024926185608 0.2314990907907486 -0.04709583893418312
-0.09009712934494019 0.2437455803155899 -0.051188141107559204
-0.1009860411286354 0.25694045424461365 -0.05569332838058472
-0.11291992664337158 0.27120155096054077 -0.06064283102750778
-0.12588907778263092 0.2864856719970703 -0.06601142138242722
-0.13970738649368286 0.3025432229042053 -0.07169951498508453
-0.15398168563842773 0.3188914358615875 -0.07752318680286407
-0.16815918684005737 0.33491280674934387 -0.08326303213834763
-0.181770920753479 0.3501366674900055 -0.08876592665910721
-0.19454805552959442 0.36432385444641113 -0.09395989030599594
-0.20640642940998077 0.3774394690990448 -0.09884462505578995
-0.2174096554517746 0.3896085023880005 -0.1034770980477333
-0.2277315855026245 0.4010736644268036 -0.10795877128839493
-0.23763181269168854 0.4121708869934082 -0.11242928355932236
-0.24744586646556854 0.4233083128929138 -0.1170552596449852
-0.257537841796875 0.4348403811454773 -0.12194500863552094
-0.2682286500930786 0.44703853130340576 -0.12715937197208405
-0.279794842004776 0.4601186215877533 -0.1327347308397293
-0.29246586561203003 0.47423338890075684 -0.1386764645576477
-0.3064081370830536 0.4894530177116394 -0.1449488252401352
-0.32169613242149353 0.5057347416877747 -0.15146277844905853
-0.33827415108680725 0.5228884816169739 -0.15806475281715393
-0.3560492992401123 0.5407306551933289 -0.16462959349155426
-0.3750857710838318 0.5593503713607788 -0.17120090126991272
-0.39544349908828735 0.5788624286651611 -0.17784909904003143
-0.41714805364608765 0.5993622541427612 -0.18464605510234833
-0.4401894509792328 0.6209208369255066 -0.19166135787963867
-0.46452388167381287 0.643582284450531 -0.19895905256271362
-0.4900776147842407 0.6673629879951477 -0.20659463107585907
-0.5167941451072693 0.6922873854637146 -0.21461491286754608
-0.5451673269271851 0.7188320755958557 -0.22308216989040375
-0.5760903358459473 0.7478047609329224 -0.23208269476890564
-0.6104382872581482 0.7799967527389526 -0.24171549081802368
-0.649065375328064 0.8161829710006714 -0.25209295749664307
-0.6928252577781677 0.8571401834487915 -0.2633430063724518
-0.7426026463508606 0.9036772847175598 -0.2756127119064331
-0.7993524670600891 0.9566696882247925 -0.2890729010105133
0.946069061756134 -0.9245445728302002 0.031669724732637405
0.8901993632316589 -0.8721489310264587 0.02668338641524315
0.838154673576355 -0.8230651021003723 0.02233649604022503
0.791734516620636 -0.7790432572364807 0.01873040571808815
0.7516422867774963 -0.7408151626586914 0.015857955440878868
0.7176516652107239 -0.7082362771034241 0.0136323943734169
0.6888893842697144 -0.6805440187454224 0.01192115992307663
0.6641036868095398 -0.6566073298454285 0.010572764091193676
0.6418521404266357 -0.635103166103363 0.009433482773602009
0.6209840774536133 -0.6149462461471558 0.008409957401454449
0.6009547114372253 -0.5955826640129089 0.007494783960282803
0.5814017653465271 -0.5766310691833496 0.006694673094898462
0.5620833039283752 -0.5578259229660034 0.006023559253662825
0.5428647994995117 -0.5390047430992126 0.005501373205333948
0.5237154960632324 -0.5201046466827393 0.005152584053575993
0.504707932472229 -0.5011646151542664 0.005004195496439934
0.48601940274238586 -0.4823332726955414 0.005077737849205732
0.46789121627807617 -0.4638651907444 0.005348856560885906
0.450503408908844 -0.4459746181964874 0.005770479328930378
0.43394675850868225 -0.4287849962711334 0.00629644887521863
0.41823214292526245 -0.41233721375465393 0.006883376277983189
0.40330132842063904 -0.39659854769706726 0.007491300348192453
0.38903552293777466 -0.3814712464809418 0.008083420805633068
0.37526023387908936 -0.3667968213558197 0.008625072427093983
0.3617270588874817 -0.3523256480693817 0.009095929563045502
0.3481414318084717 -0.3377295434474945 0.009509013034403324
0.3342688977718353 -0.32273736596107483 0.00987977534532547
0.31995058059692383 -0.30715689063072205 0.010221469216048717
0.30511531233787537 -0.2908889949321747 0.010545768775045872
0.28979817032814026 -0.2739495635032654 0.010863005183637142
0.2741594910621643 -0.25649333000183105 0.011182033456861973
0.25849649310112 -0.23882925510406494 0.011509000323712826
0.2431962788105011 -0.22134731709957123 0.01183289010077715
0.2285819798707962 -0.2043498009443283 0.012129847891628742
0.2148560732603073 -0.18800906836986542 0.01237852405756712
0.2021055370569229 -0.17237137258052826 0.012560859322547913
0.1903182417154312 -0.15737052261829376 0.012661539018154144
0.17940285801887512 -0.14284446835517883 0.012666860595345497
0.16920636594295502 -0.12854719161987305 0.012563199736177921
0.1595255434513092 -0.1141921803355217 0.012336577288806438
0.15013691782951355 -0.09964805841445923 0.011977322399616241
0.14084497094154358 -0.08487554639577866 0.011475838720798492
0.13148391246795654 -0.0698782354593277 0.01082118134945631
0.1219138577580452 -0.05470564588904381 0.010001943446695805
0.1120200827717781 -0.039457254111766815 0.009007343091070652
0.10171493887901306 -0.024286452680826187 0.007828541100025177
0.09094211459159851 -0.009401376359164715 0.006460121367126703
0.07968343794345856 0.005101710092276335 0.004893469624221325
0.06795772910118103 0.019367899745702744 0.0031116055324673653
0.05581580474972725 0.03354412689805031 0.0011024442501366138
0.04334121569991112 0.047750651836395264 -0.0011383862001821399
0.030649947002530098 0.06207721307873726 -0.003606141544878483
0.017887452617287636 0.07657968997955322 -0.006286023650318384
0.00522251334041357 0.09127821028232574 -0.009152972139418125
-0.007155921310186386 0.10613249242305756 -0.012168735265731812
-0.019023261964321136 0.12084798514842987 -0.015257121995091438
-0.03022637963294983 0.13510042428970337 -0.018344266340136528
-0.04072396457195282 0.14871226251125336 -0.02138718217611313
-0.05056190490722656 0.16162924468517303 -0.0243705864995718
-0.05985216423869133 0.1738947182893753 -0.02730296552181244
-0.06875905394554138 0.18562951683998108 -0.030213719233870506
-0.0774952620267868 0.19702158868312836 -0.03315257653594017
-0.08634145557880402 0.20836147665977478 -0.03619828075170517
-0.09563161432743073 0.2200557291507721 -0.03945724666118622
-0.10564969480037689 0.23244963586330414 -0.04302174970507622
-0.11660773307085037 0.2457924783229828 -0.04695942625403404
-0.12862151861190796 0.26021242141723633 -0.0513032004237175
-0.1416713297367096 0.2756744921207428 -0.05603621527552605
-0.15555797517299652 0.2919337749481201 -0.06107552722096443
-0.16987308859825134 0.3085074722766876 -0.06626227498054504
-0.18405281007289886 0.3247625231742859 -0.07139802724123001
-0.19762665033340454 0.34020450711250305 -0.07633626461029053
-0.21033133566379547 0.35457971692085266 -0.08100448548793793
-0.2220921665430069 0.3678474724292755 -0.08539631962776184
-0.2329840362071991 0.3801330029964447 -0.08955856412649155
-0.24319233000278473 0.3916829824447632 -0.09357921034097672
-0.2529880106449127 0.4028394818305969 -0.09758153557777405
-0.26271823048591614 0.4140206277370453 -0.10171513259410858
-0.2727524936199188 0.4255980849266052 -0.1060849204659462
-0.28341442346572876 0.43786144256591797 -0.11075562983751297
-0.2949821949005127 0.45104241371154785 -0.11576956510543823
-0.3076847791671753 0.46530693769454956 -0.12114045768976212
-0.32168370485305786 0.48073309659957886 -0.12684370577335358
-0.33704057335853577 0.4972773790359497 -0.13280384242534637
-0.35367560386657715 0.514735758304596 -0.1388828605413437
-0.37145909667015076 0.5328953266143799 -0.14496485888957977
-0.3904176950454712 0.5518126487731934 -0.15108861029148102
-0.4105822741985321 0.5715773701667786 -0.1573195904493332
-0.43196120858192444 0.592269778251648 -0.16372673213481903
-0.454542338848114 0.6139588356018066 -0.17037910223007202
-0.47829586267471313 0.6366997957229614 -0.17734278738498688
-0.5031787157058716 0.6605346202850342 -0.1846783459186554
-0.5291799306869507 0.6855255961418152 -0.1924404501914978
-0.5568380951881409 0.7121763229370117 -0.20069520175457
-0.5870667099952698 0.7412927150726318 -0.2095227688550949
-0.6207326650619507 0.7736417651176453 -0.2190074920654297
-0.6586498022079468 0.809946596622467 -0.22923874855041504
-0.7015923261642456 0.8508994579315186 -0.24031279981136322
-0.7503179311752319 0.8971825242042542 -0.2523353695869446
-0.805592954158783 0.9494907259941101 -0.2654244005680084
0.94474196434021 -0.9305009245872498 0.01617344282567501
0.8877817392349243 -0.8785400986671448 0.010196070186793804
0.8348300457000732 -0.8298773169517517 0.005098321475088596
0.7875961661338806 -0.7861534357070923 0.0009702452807687223
0.7467442750930786 -0.74806809425354 -0.002224941039457917
0.7120407819747925 -0.7154983282089233 -0.004614632111042738
0.6826155781745911 -0.6877266764640808 -0.006376524921506643
0.657214343547821 -0.6636685729026794 -0.007707253564149141
0.634378969669342 -0.6420381665229797 -0.00880307424813509
0.6129509806632996 -0.6217761635780334 -0.009778674691915512
0.5923954844474792 -0.6023439168930054 -0.010636665858328342
0.5723569393157959 -0.583368182182312 -0.011364201083779335
0.5525968670845032 -0.5645859241485596 -0.01194150373339653
0.5329825282096863 -0.5458329319953918 -0.012343097478151321
0.5134828090667725 -0.5270407795906067 -0.012539420276880264
0.4941689372062683 -0.5082387328147888 -0.012499152682721615
0.47521400451660156 -0.48956167697906494 -0.012198541313409805
0.45684462785720825 -0.47124916315078735 -0.011668071150779724
0.43922489881515503 -0.4535047709941864 -0.01096435822546482
0.42243248224258423 -0.4364472031593323 -0.010142373852431774
0.40646815299987793 -0.42011669278144836 -0.009253307245671749
0.39126473665237427 -0.40448352694511414 -0.008343782275915146
0.3766959309577942 -0.38945627212524414 -0.007456114050000906
0.36257997155189514 -0.37488552927970886 -0.006629352457821369
0.34866851568222046 -0.3605346381664276 -0.005882773082703352
0.3346852660179138 -0.34608855843544006 -0.0051909382455050945
0.3204168677330017 -0.3312872350215912 -0.004524874500930309
0.30572691559791565 -0.31594693660736084 -0.003858503419905901
0.2905671298503876 -0.2999722361564636 -0.0031683738343417645
0.27499324083328247 -0.28337472677230835 -0.002434232970699668
0.25918012857437134 -0.26629289984703064 -0.0016403411282226443
0.2434287965297699 -0.24900487065315247 -0.0007786317146383226
0.22812272608280182 -0.23188987374305725 0.00012792792404070497
0.21357461810112 -0.21526220440864563 0.0010356912389397621
0.1999681442975998 -0.1993013322353363 0.0019071263959631324
0.18736803531646729 -0.18405748903751373 0.0027126078493893147
0.17574016749858856 -0.1694677174091339 0.003429834032431245
0.16497310996055603 -0.1553729921579361 0.004042244981974363
0.15489540994167328 -0.14152996242046356 0.004536936990916729
0.14528332650661469 -0.12764303386211395 0.0049043032340705395
0.13588543236255646 -0.1135258898139 0.005142879672348499
0.1264837384223938 -0.09908218681812286 0.0052499170415103436
0.11689889430999756 -0.08427388221025467 0.0052189817652106285
0.10698767751455307 -0.06912676244974136 0.005041239317506552
0.09664539247751236 -0.053738322108983994 0.004706898238509893
0.08581206202507019 -0.03828614950180054 0.004206969402730465
0.07448134571313858 -0.02303130179643631 0.0035352788399904966
0.06270349770784378 -0.008145421743392944 0.002683374099433422
0.05056079477071762 0.006449167151004076 0.0016355518018826842
0.038151830434799194 0.02085486799478531 0.0003794897347688675
0.02558782696723938 0.035170771181583405 -0.0010919307824224234
0.012988820672035217 0.04948905482888222 -0.0027801021933555603
0.0004789907543454319 0.06389163434505463 -0.0046804905869066715
-0.011818432249128819 0.07844749838113785 -0.006782808341085911
-0.0237794928252697 0.0931829884648323 -0.009067650884389877
-0.03524134308099747 0.1078493595123291 -0.011475562117993832
-0.04609082639217377 0.12213798612356186 -0.01394050382077694
-0.05630761384963989 0.13587088882923126 -0.01641906425356865
-0.06594392657279968 0.14898067712783813 -0.018889013677835464
-0.07510822266340256 0.16148895025253296 -0.021346954628825188
-0.08395528793334961 0.1734890192747116 -0.02380649745464325
-0.092684805393219 0.1851370483636856 -0.02629786916077137
-0.10156293213367462 0.19669722020626068 -0.028878668323159218
-0.11091244965791702 0.20858003199100494 -0.031641460955142975
-0.12100830674171448 0.22114066779613495 -0.03466980904340744
-0.13205350935459137 0.23463797569274902 -0.038027066737413406
-0.14415372908115387 0.24920935928821564 -0.04174772650003433
-0.15727750957012177 0.26482874155044556 -0.045824211090803146
-0.17121313512325287 0.2812596559524536 -0.05019226297736168
-0.18554089963436127 0.298026978969574 -0.054721325635910034
-0.19969290494918823 0.3144902288913727 -0.059237290173769
-0.21320435404777527 0.3301357924938202 -0.06360194832086563
-0.22582150995731354 0.34469711780548096 -0.06774228811264038
-0.23748093843460083 0.35812702775001526 -0.07164496183395386
-0.24826844036579132 0.3705485463142395 -0.07534485310316086
-0.2583797872066498 0.3822093904018402 -0.07891453802585602
-0.26809588074684143 0.3934546411037445 -0.08245869725942612
-0.27777329087257385 0.4047084450721741 -0.08610735833644867
-0.28778406977653503 0.41635721921920776 -0.08996056020259857
-0.29845091700553894 0.42870602011680603 -0.09408601373434067
-0.3100505471229553 0.4420005977153778 -0.09853152930736542
-0.32280829548835754 0.4564181864261627 -0.10331953316926956
-0.33687764406204224 0.4720439314842224 -0.10843794047832489
-0.35230526328086853 0.48883405327796936 -0.11382786929607391
-0.36898618936538696 0.506572961807251 -0.11937181651592255
-0.3867546021938324 0.5250208973884583 -0.12496787309646606
-0.40559929609298706 0.5442001819610596 -0.13065087795257568
-0.4255231022834778 0.5641739964485168 -0.13648086786270142
-0.44652029871940613 0.5850088596343994 -0.14252275228500366
-0.4685806632041931 0.6067731380462646 -0.14884354174137115
-0.4916934072971344 0.6295373439788818 -0.155509814620018
-0.5158515572547913 0.6533737778663635 -0.16258566081523895
-0.5410950183868408 0.6783892512321472 -0.17013263702392578
-0.568009078502655 0.705124020576477 -0.17821979522705078
-0.5975298881530762 0.7343956232070923 -0.18692055344581604
-0.6305207014083862 0.7669580578804016 -0.1963042914867401
-0.6677607297897339 0.8034929037094116 -0.20643699169158936
-0.7099511623382568 0.8446161150932312 -0.21738262474536896
-0.7577293515205383 0.8908904790878296 -0.22920523583889008
-0.8116839528083801 0.9428390264511108 -0.24197030067443848
0.943444550037384 -0.9363914132118225 0.0008481558761559427
0.8853446245193481 -0.884796679019928 -0.006119669880717993
0.8315557241439819 -0.8366086483001709 -0.011972661130130291
0.7836143970489502 -0.7932855486869812 -0.01663845032453537
0.7420894503593445 -0.7554417252540588 -0.020182933658361435
0.706716001033783 -0.7229479551315308 -0.022769775241613388
0.6766261458396912 -0.6951261162757874 -0.024616658687591553
0.6505742073059082 -0.6709445714950562 -0.02596133016049862
0.6271044611930847 -0.6491684913635254 -0.027040403336286545
0.6050640940666199 -0.6287769675254822 -0.0279895830899477
0.5839349031448364 -0.6092533469200134 -0.028807220980525017
0.5633711814880371 -0.5902358889579773 -0.02947470359504223
0.5431393384933472 -0.5714656114578247 -0.029966644942760468
0.5231077671051025 -0.5527768135070801 -0.030252184718847275
0.5032435059547424 -0.5340938568115234 -0.030296770855784416
0.48361319303512573 -0.5154340863227844 -0.030064845457673073
0.46438074111938477 -0.49691441655158997 -0.029530424624681473
0.4457544982433319 -0.4787554144859314 -0.028729867190122604
0.42788025736808777 -0.46114787459373474 -0.027729270979762077
0.4108222424983978 -0.44420456886291504 -0.02659272775053978
0.3945712447166443 -0.4279654622077942 -0.025379866361618042
0.379052996635437 -0.4124050736427307 -0.024144859984517097
0.3641356825828552 -0.39743971824645996 -0.022936558350920677
0.3496336042881012 -0.38293176889419556 -0.021799499168992043
0.3353040814399719 -0.3686613142490387 -0.02075277641415596
0.3208962678909302 -0.3543322682380676 -0.019758768379688263
0.30622461438179016 -0.33970075845718384 -0.018775207921862602
0.29117944836616516 -0.324594646692276 -0.017763588577508926
0.27573660016059875 -0.3089236617088318 -0.016689257696270943
0.2599698305130005 -0.2926941514015198 -0.015522683039307594
0.24406073987483978 -0.27602335810661316 -0.014241669327020645
0.22830182313919067 -0.2591512203216553 -0.01283613033592701
0.21305954456329346 -0.24243596196174622 -0.011341685429215431
0.19862744212150574 -0.22619503736495972 -0.009822985157370567
0.18516691029071808 -0.21061082184314728 -0.0083340834826231
0.1727214753627777 -0.1957373321056366 -0.006915951147675514
0.16123917698860168 -0.18151764571666718 -0.005597423296421766
0.1505945771932602 -0.1678013801574707 -0.00439741276204586
0.1406046599149704 -0.15435540676116943 -0.00332761462777853
0.13103243708610535 -0.1408849060535431 -0.002392089692875743
0.12160305678844452 -0.1271577924489975 -0.0015797922387719154
0.11207769811153412 -0.11302603781223297 -0.0008820401853881776
0.10226351022720337 -0.09841106086969376 -0.0002970682689920068
0.09201311320066452 -0.08331211656332016 0.00017138570547103882
0.081231027841568 -0.06781924515962601 0.0005154445534572005
0.0698850154876709 -0.052126821130514145 0.0007246948080137372
0.05802002176642418 -0.03654100373387337 0.0007881539640948176
0.04575761407613754 -0.021305592730641365 0.0006905931513756514
0.03324590250849724 -0.006414406467229128 0.0004103155806660652
0.020629411563277245 0.008187924511730671 -7.062484655762091e-05
0.008041223511099815 0.022579338401556015 -0.000765124917961657
-0.00440239580348134 0.03685580939054489 -0.0016811160603538156
-0.01660560816526413 0.05112643912434578 -0.00282199215143919
-0.02849489264190197 0.06550870835781097 -0.004187303129583597
-0.040011655539274216 0.08009424060583115 -0.0057696872390806675
-0.05105448141694069 0.09468432515859604 -0.007521494757384062
-0.06154948100447655 0.10899195075035095 -0.009382529184222221
-0.07149577140808105 0.12284164130687714 -0.011308508925139904
-0.08095020055770874 0.1361536979675293 -0.013270783238112926
-0.09001602232456207 0.14892680943012238 -0.015255143865942955
-0.09883659332990646 0.16122397780418396 -0.017260650172829628
-0.10759621113538742 0.17316506803035736 -0.019299276173114777
-0.11654345691204071 0.18498235940933228 -0.02140829898416996
-0.12598606944084167 0.19708503782749176 -0.023666055873036385
-0.13618624210357666 0.20983396470546722 -0.02614685706794262
-0.14733445644378662 0.223494291305542 -0.02890946716070175
-0.15952329337596893 0.23821063339710236 -0.03198995441198349
-0.17270827293395996 0.25396594405174255 -0.035390593111515045
-0.18666650354862213 0.27053600549697876 -0.039067257195711136
-0.2009720355272293 0.2874607443809509 -0.04291998967528343
-0.2150615006685257 0.30410200357437134 -0.04680174961686134
-0.22848278284072876 0.3199332654476166 -0.050584398210048676
-0.2409956455230713 0.3346773684024811 -0.05419492349028587
-0.25254884362220764 0.34828007221221924 -0.057612378150224686
-0.2632383704185486 0.36086010932922363 -0.06085873022675514
-0.2732684016227722 0.37266308069229126 -0.06398975849151611
-0.2829274535179138 0.38403353095054626 -0.0670899897813797
-0.2925788164138794 0.3953978419303894 -0.07026813924312592
-0.3025934398174286 0.40715309977531433 -0.0736176073551178
-0.3132902681827545 0.41961681842803955 -0.07720764726400375
-0.32494139671325684 0.43304526805877686 -0.08109033107757568
-0.33776548504829407 0.4476240277290344 -0.08529604226350784
-0.3519056737422943 0.4634433090686798 -0.08982526510953903
-0.36739253997802734 0.4804585576057434 -0.09463708102703094
-0.384097695350647 0.49844521284103394 -0.09963742643594742
-0.4018222391605377 0.5171404480934143 -0.10474184900522232
-0.420518696308136 0.5365328788757324 -0.10998233407735825
-0.4401642382144928 0.556660532951355 -0.11541370302438736
-0.4607422351837158 0.5775777697563171 -0.12109649926424026
-0.48224741220474243 0.5993558168411255 -0.12709489464759827
-0.5046911239624023 0.6220836043357849 -0.13347510993480682
-0.528104305267334 0.6458675265312195 -0.1403041034936905
-0.5525789856910706 0.67086261510849 -0.14764979481697083
-0.578747570514679 0.6976525187492371 -0.15558506548404694
-0.607570469379425 0.7270727753639221 -0.16417820751667023
-0.639911413192749 0.7598711252212524 -0.17348496615886688
-0.676520824432373 0.7966936826705933 -0.1835489273071289
-0.7180335521697998 0.8380838632583618 -0.19440220296382904
-0.7649722099304199 0.8844859600067139 -0.20606684684753418
-0.8177531361579895 0.9362503886222839 -0.21855582296848297
0.9421935081481934 -0.9421612620353699 -0.014163379557430744
0.8829154372215271 -0.8908514976501465 -0.022108079865574837
0.8283411264419556 -0.8431610465049744 -0.02872169017791748
0.7797702550888062 -0.8003138303756714 -0.03395494818687439
0.7376340627670288 -0.7627980709075928 -0.037900153547525406
0.7016149759292603 -0.7304524183273315 -0.04074990749359131
0.6708441972732544 -0.7026265263557434 -0.042753491550683975
0.6440943479537964 -0.6783433556556702 -0.04418269172310829
0.6199261546134949 -0.656426727771759 -0.045309700071811676
0.5972060561180115 -0.6359037160873413 -0.04628973454236984
0.5754392743110657 -0.6162863373756409 -0.04711747169494629
0.554294228553772 -0.5972281694412231 -0.04776889085769653
0.533544659614563 -0.5784769654273987 -0.04821309819817543
0.5130602717399597 -0.5598657131195068 -0.04841367527842522
0.49280548095703125 -0.5413110256195068 -0.04833078011870384
0.4728390872478485 -0.5228147506713867 -0.04792407900094986
0.45331183075904846 -0.5044723749160767 -0.0471646748483181
0.4344095289707184 -0.4864807724952698 -0.04609404131770134
0.4162572920322418 -0.4690150022506714 -0.04478737711906433
0.3989050090312958 -0.4521803855895996 -0.04331810399889946
0.3823340833187103 -0.43601641058921814 -0.04175499454140663
0.36646485328674316 -0.42050275206565857 -0.04016083478927612
0.3511630892753601 -0.4055655896663666 -0.03859231248497963
0.3362433910369873 -0.3910815119743347 -0.037100791931152344
0.32147490978240967 -0.37685126066207886 -0.0357065387070179
0.3066398501396179 -0.3626036047935486 -0.034361131489276886
0.2915859520435333 -0.34811505675315857 -0.03301047906279564
0.27623292803764343 -0.33322784304618835 -0.03160533681511879
0.26057958602905273 -0.31785714626312256 -0.03010181151330471
0.24471230804920197 -0.30200207233428955 -0.02846308797597885
0.2288099080324173 -0.2857553958892822 -0.026662182062864304
0.21314296126365662 -0.26931318640708923 -0.024687785655260086
0.19804851710796356 -0.25300487875938416 -0.022588375955820084
0.18379373848438263 -0.2371445745229721 -0.020449239760637283
0.170515775680542 -0.22191424667835236 -0.01833997666835785
0.1582389771938324 -0.20737186074256897 -0.01631179265677929
0.14689819514751434 -0.19346924126148224 -0.014399105682969093
0.13635970652103424 -0.1800687611103058 -0.01262251939624548
0.12643559277057648 -0.16695339977741241 -0.010992176830768585
0.11688226461410522 -0.15383678674697876 -0.009505930356681347
0.1074063628911972 -0.1404496282339096 -0.008137053810060024
0.09775102138519287 -0.12659819424152374 -0.006861839909106493
0.08771118521690369 -0.1121659204363823 -0.005667261779308319
0.07713577896356583 -0.09712488204240799 -0.004549706820398569
0.06593860685825348 -0.08155373483896255 -0.0035142144188284874
0.054115213453769684 -0.0656573548913002 -0.002573686419054866
0.04176172986626625 -0.049778640270233154 -0.001747618429362774
0.02907067909836769 -0.034228406846523285 -0.0010646129958331585
0.016254188492894173 -0.019073540344834328 -0.0005592556553892791
0.0034973821602761745 -0.004306457471102476 -0.0002596752601675689
-0.009052513167262077 0.010130234062671661 -0.00018634060688782483
-0.021290680393576622 0.02433706820011139 -0.00035274241236038506
-0.03315490111708641 0.03844977170228958 -0.0007666784222237766
-0.04462259262800217 0.05263160541653633 -0.0014318769099190831
-0.055697713047266006 0.06703539192676544 -0.00234598433598876
-0.06633679568767548 0.08151550590991974 -0.0034682033583521843
-0.07650252431631088 0.09581263363361359 -0.004742344841361046
-0.08621137589216232 0.10975830256938934 -0.006123150698840618
-0.09552343934774399 0.12326309084892273 -0.007576580159366131
-0.10453549027442932 0.1363033801317215 -0.009079180657863617
-0.11337818950414658 0.14891068637371063 -0.010617285966873169
-0.12221856415271759 0.1611655205488205 -0.012186459265649319
-0.13128459453582764 0.1732630729675293 -0.013805130496621132
-0.14086535573005676 0.18560516834259033 -0.015537628903985023
-0.15120655298233032 0.19855351746082306 -0.01744905672967434
-0.16248242557048798 0.21237553656101227 -0.019593780860304832
-0.17476940155029297 0.22722065448760986 -0.022009948268532753
-0.188008651137352 0.24308103322982788 -0.02471061609685421
-0.20196768641471863 0.2597482204437256 -0.027673151344060898
-0.2162199765443802 0.2767859101295471 -0.030830057337880135
-0.23021523654460907 0.29356834292411804 -0.034063223749399185
-0.2435213178396225 0.3095625042915344 -0.03725558891892433
-0.2559153437614441 0.32448363304138184 -0.04033416137099266
-0.26735925674438477 0.33826959133148193 -0.04326976090669632
-0.27795836329460144 0.3510323166847229 -0.04607033729553223
-0.287923127412796 0.3630114793777466 -0.04877360165119171
-0.2975473403930664 0.3745470941066742 -0.05144262686371803
-0.3071977198123932 0.38606327772140503 -0.05416332557797432
-0.31724119186401367 0.3979640305042267 -0.057021189481019974
-0.3279895782470703 0.4105756878852844 -0.06008584052324295
-0.33970722556114197 0.42416146397590637 -0.06341264396905899
-0.35260337591171265 0.43891236186027527 -0.06703932583332062
-0.36680868268013 0.45492109656333923 -0.0709788054227829
-0.38233697414398193 0.4721418619155884 -0.07520894706249237
-0.3990383744239807 0.49034383893013 -0.07966119796037674
-0.41668573021888733 0.5092453956604004 -0.08427072316408157
-0.4351992905139923 0.528803288936615 -0.0890665054321289
-0.45453494787216187 0.5490326881408691 -0.09409702569246292
-0.47466859221458435 0.5699777007102966 -0.09941676259040833
-0.49560317397117615 0.5917143225669861 -0.10508523881435394
-0.5173731446266174 0.6143513321876526 -0.11116626858711243
-0.5400477051734924 0.6380306482315063 -0.1177278608083725
-0.5637693405151367 0.6629574298858643 -0.12484315037727356
-0.5892136693000793 0.6897613406181335 -0.13259196281433105
-0.617361843585968 0.7193025946617126 -0.14104409515857697
-0.6490806937217712 0.7523316740989685 -0.1502486616373062
-0.6850976943969727 0.78946852684021 -0.16023319959640503
-0.7259888052940369 0.8311918377876282 -0.17100338637828827
-0.7721716165542603 0.8778346180915833 -0.18254390358924866
-0.8239014148712158 0.9295812845230103 -0.19481946527957916
0.9409995675086975 -0.9477819800376892 -0.028787074610590935
0.8805115818977356 -0.8966697454452515 -0.03769368678331375
0.8251805901527405 -0.8494704961776733 -0.04507669061422348
0.7760269045829773 -0.8071433901786804 -0.05091512203216553
0.733313798904419 -0.7700222134590149 -0.05532495304942131
0.6966546773910522 -0.7378923296928406 -0.058520346879959106
0.665175199508667 -0.7101179361343384 -0.06077318266034126
0.637671172618866 -0.6857720017433167 -0.06238105520606041
0.612731397151947 -0.6637392044067383 -0.06364551186561584
0.5892532467842102 -0.643101155757904 -0.0647386759519577
0.5667729377746582 -0.6234049797058105 -0.06565168499946594
0.5449780225753784 -0.6043239235877991 -0.06635511666536331
0.5236523151397705 -0.5856147408485413 -0.06681223958730698
0.5026689171791077 -0.5671104788780212 -0.06698055565357208
0.481988787651062 -0.5487186312675476 -0.06681406497955322
0.46166059374809265 -0.5304234027862549 -0.06626660376787186
0.4418177604675293 -0.512294352054596 -0.06530499458312988
0.42261943221092224 -0.49449989199638367 -0.06397438049316406
0.40416714549064636 -0.4771953523159027 -0.06235819309949875
0.3864954710006714 -0.46047651767730713 -0.06053905189037323
0.3695770800113678 -0.4443817436695099 -0.058595381677150726
0.353329062461853 -0.4288966655731201 -0.05659972131252289
0.337618350982666 -0.4139590859413147 -0.054618071764707565
0.32226526737213135 -0.39946267008781433 -0.05271038040518761
0.30705758929252625 -0.3852330148220062 -0.05090013146400452
0.2918175160884857 -0.3710293471813202 -0.049130987375974655
0.27642983198165894 -0.3566523492336273 -0.047340016812086105
0.2608439028263092 -0.3419603705406189 -0.04547036066651344
0.24507814645767212 -0.32687410712242126 -0.043472059071063995
0.22922377288341522 -0.311383455991745 -0.04130396991968155
0.21344590187072754 -0.2955537438392639 -0.03893663361668587
0.19798053801059723 -0.2795339822769165 -0.036358531564474106
0.18312443792819977 -0.26361969113349915 -0.033630210906267166
0.16911309957504272 -0.24811609089374542 -0.03085564821958542
0.15605898201465607 -0.23320278525352478 -0.028117861598730087
0.14397019147872925 -0.2189420908689499 -0.02547650784254074
0.13277290761470795 -0.20529642701148987 -0.02297031879425049
0.12233061343431473 -0.1921442300081253 -0.02062094397842884
0.11245625466108322 -0.17928873002529144 -0.018436813727021217
0.10290570557117462 -0.16645807027816772 -0.016409430652856827
0.09337230771780014 -0.15335339307785034 -0.014494257047772408
0.0835847482085228 -0.13974131643772125 -0.012649974785745144
0.07332818955183029 -0.12547090649604797 -0.010849990881979465
0.062449388206005096 -0.11048774421215057 -0.009081585332751274
0.0508723147213459 -0.09485699981451035 -0.007346243131905794
0.03862033784389496 -0.07878878712654114 -0.00566029641777277
0.025839276611804962 -0.06265443563461304 -0.004054916091263294
0.0127891656011343 -0.046825066208839417 -0.0025778203271329403
-0.0002592345990706235 -0.031439825892448425 -0.001282436540350318
-0.013087858445942402 -0.016538061201572418 -0.00021047229529358447
-0.025543585419654846 -0.0020818240009248257 0.0006094522541388869
-0.03753958269953728 0.012034138664603233 0.00116023700684309
-0.04905019327998161 0.02597026899456978 0.001433683792129159
-0.0601024366915226 0.039931122213602066 0.001427441486157477
-0.07075788080692291 0.05412493273615837 0.0011453279294073582
-0.08102584630250931 0.06846064329147339 0.0006259795627556741
-0.09090226143598557 0.08271248638629913 -7.658529648324475e-05
-0.1004190668463707 0.0967240110039711 -0.000916048011276871
-0.10963869839906693 0.11039984971284866 -0.0018540355376899242
-0.11865106970071793 0.12369631230831146 -0.0028595877811312675
-0.12757329642772675 0.13661351799964905 -0.003908355254679918
-0.13655349612236023 0.14919061958789825 -0.004981752950698137
-0.1457962542772293 0.16158132255077362 -0.0060814726166427135
-0.15556807816028595 0.174173504114151 -0.007258754223585129
-0.16609404981136322 0.18732400238513947 -0.008570218458771706
-0.17752818763256073 0.20129825174808502 -0.010066727176308632
-0.18992769718170166 0.21624794602394104 -0.011789564974606037
-0.20321805775165558 0.23217439651489258 -0.013763734139502048
-0.217159241437912 0.2488889992237091 -0.01598929986357689
-0.2313300520181656 0.2659878432750702 -0.018432296812534332
-0.24520212411880493 0.28286826610565186 -0.02100427635014057
-0.2583704888820648 0.29899832606315613 -0.023599442094564438
-0.27063342928886414 0.31408804655075073 -0.02614443004131317
-0.2819669842720032 0.32806700468063354 -0.028601065278053284
-0.2924846410751343 0.34103721380233765 -0.030962303280830383
-0.3024013340473175 0.35322847962379456 -0.03324677422642708
-0.3120131194591522 0.3649716079235077 -0.03549502044916153
-0.32168737053871155 0.37668371200561523 -0.0377691276371479
-0.3317834436893463 0.3887714445590973 -0.04014572501182556
-0.3426027297973633 0.4015662372112274 -0.04269413277506828
-0.3543991446495056 0.415335088968277 -0.04547243192791939
-0.3673694431781769 0.43027082085609436 -0.0485251247882843
-0.38162967562675476 0.44646644592285156 -0.051877494901418686
-0.39717647433280945 0.46387434005737305 -0.05552655830979347
-0.4138416349887848 0.48226019740104675 -0.05943053215742111
-0.4313752055168152 0.501328706741333 -0.06354515999555588
-0.44967159628868103 0.5210080742835999 -0.06789513677358627
-0.46867072582244873 0.5412929654121399 -0.07252037525177002
-0.4883456826210022 0.5622195601463318 -0.07746673375368118
-0.5087099671363831 0.5838693976402283 -0.08278616517782211
-0.5298216938972473 0.6063710451126099 -0.08853716403245926
-0.5517860054969788 0.6299004554748535 -0.0947856679558754
-0.5747928023338318 0.6547108888626099 -0.1016075387597084
-0.599551796913147 0.6814788579940796 -0.10909389704465866
-0.6270588040351868 0.7110953330993652 -0.11732637882232666
-0.6581825017929077 0.7443233132362366 -0.12635888159275055
-0.6936330795288086 0.7817695140838623 -0.13621453940868378
-0.7339379191398621 0.8238635063171387 -0.14688381552696228
-0.7794243693351746 0.870842456817627 -0.15832427144050598
-0.8302063345909119 0.9227417707443237 -0.17046168446540833
0.9398682117462158 -0.9532507061958313 -0.04301424324512482
0.8781386613845825 -0.9022464752197266 -0.052876055240631104
0.8220556378364563 -0.855507493019104 -0.06104239448904991
0.7723348140716553 -0.8137137293815613 -0.06752597540616989
0.729053258895874 -0.7770296931266785 -0.07246532291173935
0.6917423605918884 -0.7451710104942322 -0.0760907232761383
0.6595168709754944 -0.7175034284591675 -0.07868923246860504
0.6311972737312317 -0.693141520023346 -0.08057669550180435
0.6054080128669739 -0.6710287928581238 -0.08207756280899048
0.5810880064964294 -0.6503052711486816 -0.08337754011154175
0.5578114986419678 -0.6305578351020813 -0.08446361124515533
0.5352911353111267 -0.6114838123321533 -0.08530031144618988
0.5133249163627625 -0.5928519368171692 -0.08584439754486084
0.49179139733314514 -0.5744959712028503 -0.08604632318019867
0.47064781188964844 -0.5563141703605652 -0.08585279434919357
0.44993099570274353 -0.5382708311080933 -0.08521032333374023
0.4297526180744171 -0.5204048156738281 -0.08407957851886749
0.41024085879325867 -0.502851128578186 -0.08250734210014343
0.3914707899093628 -0.48574098944664 -0.08058369904756546
0.373460590839386 -0.46915778517723083 -0.07839962095022202
0.35617491602897644 -0.45313751697540283 -0.07604338973760605
0.3395300507545471 -0.4376719892024994 -0.07359813153743744
0.3233983814716339 -0.4227122366428375 -0.0711408481001854
0.3076118528842926 -0.40817198157310486 -0.06874214857816696
0.29198434948921204 -0.39390602707862854 -0.06643177568912506
0.27638334035873413 -0.3797094523906708 -0.06415008753538132
0.2607325315475464 -0.36541086435317993 -0.06182994693517685
0.2450089007616043 -0.3508857488632202 -0.05941121280193329
0.2292441427707672 -0.33605945110321045 -0.056841831654310226
0.21352539956569672 -0.32091131806373596 -0.054079655557870865
0.19799309968948364 -0.3054770827293396 -0.051094844937324524
0.18283790349960327 -0.28985753655433655 -0.047876156866550446
0.16830793023109436 -0.27431052923202515 -0.044494107365608215
0.1546037346124649 -0.25912851095199585 -0.04106796905398369
0.14181388914585114 -0.24448704719543457 -0.03769121691584587
0.12993338704109192 -0.23045311868190765 -0.03442981466650963
0.11888404190540314 -0.21700119972229004 -0.0313255675137043
0.10853143781423569 -0.20402812957763672 -0.028400706127285957
0.09869423508644104 -0.19136056303977966 -0.02566218562424183
0.08913306891918182 -0.17874564230442047 -0.02309555560350418
0.07953324168920517 -0.16586197912693024 -0.020637329667806625
0.06961316615343094 -0.15244263410568237 -0.018226947635412216
0.05915141478180885 -0.13830646872520447 -0.015822743996977806
0.04799506068229675 -0.12337472289800644 -0.013401759788393974
0.03607955947518349 -0.1076982393860817 -0.010961546562612057
0.023455873131752014 -0.09148816764354706 -0.008522708900272846
0.010316587053239346 -0.07513635605573654 -0.006130572408437729
-0.0030169235542416573 -0.05906609445810318 -0.0038564777933061123
-0.016223138198256493 -0.04348570108413696 -0.0017773567233234644
-0.029059771448373795 -0.02847900800406933 4.936668847221881e-05
-0.04137539863586426 -0.014025894924998283 0.0015873253578320146
-0.05310574546456337 -1.6633282939437777e-05 0.0028182417154312134
-0.0642622783780098 0.013731131330132484 0.003737399820238352
-0.07491812855005264 0.027457742020487785 0.004348695278167725
-0.0851861834526062 0.04141992703080177 0.0046628923155367374
-0.09512302279472351 0.05558130517601967 0.004720750264823437
-0.10475479066371918 0.06975453346967697 0.004576102830469608
-0.1141277551651001 0.08380013704299927 0.0042766849510371685
-0.12330678105354309 0.09762120246887207 0.00386440334841609
-0.132375106215477 0.11115702241659164 0.003376168664544821
-0.14143620431423187 0.12437748908996582 0.0028449322562664747
-0.15061801671981812 0.13727939128875732 0.0023009064607322216
-0.16009856760501862 0.1499708741903305 0.001756451791152358
-0.17011749744415283 0.1628190577030182 0.0011716225417330861
-0.18087461590766907 0.1761697679758072 0.0004966967971995473
-0.1924993395805359 0.1902819126844406 -0.0003172995347995311
-0.20502649247646332 0.20530660450458527 -0.001316347741521895
-0.21836504340171814 0.2212546467781067 -0.0025386798661202192
-0.23226988315582275 0.237961545586586 -0.0040077706798911095
-0.24633172154426575 0.255064457654953 -0.005723109468817711
-0.26005297899246216 0.27199500799179077 -0.007625288795679808
-0.27306288480758667 0.2882297933101654 -0.009619073942303658
-0.28518447279930115 0.30347710847854614 -0.01163005456328392
-0.296408474445343 0.317657470703125 -0.01361038163304329
-0.30685555934906006 0.3308600187301636 -0.015537351369857788
-0.316742867231369 0.343300461769104 -0.01740986667573452
-0.3263659179210663 0.3552953004837036 -0.019245320931077003
-0.33608922362327576 0.3672492504119873 -0.021081387996673584
-0.34626099467277527 0.37956705689430237 -0.02298542857170105
-0.35716938972473145 0.3925817608833313 -0.02502610720694065
-0.3690544664859772 0.4065604507923126 -0.02726384997367859
-0.3820979595184326 0.42169463634490967 -0.029749708250164986
-0.3963994085788727 0.4380752444267273 -0.03252105414867401
-0.411938339471817 0.4556525647640228 -0.03559405729174614
-0.428531289100647 0.4741918742656708 -0.038954030722379684
-0.4459127187728882 0.4933900237083435 -0.042577214539051056
-0.46395865082740784 0.513151228427887 -0.046482015401124954
-0.48259982466697693 0.5334528684616089 -0.050697121769189835
-0.5018113255500793 0.5543252825737 -0.05525672435760498
-0.5216190218925476 0.5758556723594666 -0.060201868414878845
-0.5421042442321777 0.5981903076171875 -0.06558205187320709
-0.5634049773216248 0.6215353608131409 -0.07145721465349197
-0.5857524871826172 0.6461873054504395 -0.07790199667215347
-0.6098796725273132 0.6728670597076416 -0.0850229412317276
-0.6367857456207275 0.7024991512298584 -0.09292516857385635
-0.6673384308815002 0.7358694672584534 -0.10168135166168213
-0.7022350430488586 0.7735880613327026 -0.11132591962814331
-0.7419679164886475 0.8160570859909058 -0.12185055017471313
-0.7867956161499023 0.8634454607963562 -0.1332019716501236
-0.8367195129394531 0.9156689643859863 -0.14528198540210724
0.9387993216514587 -0.9585849642753601 -0.05689077824354172
0.8757920861244202 -0.9076007008552551 -0.0677175298333168
0.8189366459846497 -0.8612698912620544 -0.07668855786323547
0.7686344981193542 -0.8199939131736755 -0.08385609090328217
0.724767804145813 -0.7837631702423096 -0.08938231319189072
0.6867778301239014 -0.7522132396697998 -0.09351135790348053
0.6537616848945618 -0.7246996164321899 -0.09654098749160767
0.6245628595352173 -0.7003684639930725 -0.09879995137453079
0.5978462100028992 -0.6782166957855225 -0.1006302461028099
0.5726000666618347 -0.6574429869651794 -0.10222761332988739
0.5484446883201599 -0.6376785635948181 -0.10357348620891571
0.5251237154006958 -0.6186489462852478 -0.10462525486946106
0.5024538636207581 -0.6001367568969727 -0.10533195734024048
0.48032131791114807 -0.581978440284729 -0.10563595592975616
0.458680123090744 -0.5640620589256287 -0.10547534376382828
0.43755295872688293 -0.5463300943374634 -0.10478783398866653
0.4170256555080414 -0.5287868976593018 -0.10352600365877151
0.3971904218196869 -0.5115287899971008 -0.10173563659191132
0.37809327244758606 -0.4946584105491638 -0.09951112419366837
0.35973450541496277 -0.4782429337501526 -0.0969502329826355
0.3420718014240265 -0.4623142182826996 -0.09415041655302048
0.32502323389053345 -0.44686979055404663 -0.09120596945285797
0.3084713816642761 -0.431875616312027 -0.08820638805627823
0.2922663390636444 -0.41726788878440857 -0.08523540198802948
0.27625522017478943 -0.4029351770877838 -0.08233311772346497
0.2603541612625122 -0.388713538646698 -0.07944294810295105
0.2445252537727356 -0.37446218729019165 -0.07649950683116913
0.22876834869384766 -0.36007457971572876 -0.07344459742307663
0.21312102675437927 -0.3454802334308624 -0.07022827118635178
0.1976567804813385 -0.3306461274623871 -0.0668102502822876
0.18248192965984344 -0.3155777156352997 -0.06316160410642624
0.16773384809494019 -0.3003275394439697 -0.05927073955535889
0.15360674262046814 -0.285114049911499 -0.05521465465426445
0.140264630317688 -0.27021321654319763 -0.05112340301275253
0.12777376174926758 -0.25579530000686646 -0.04709751904010773
0.11611895263195038 -0.24193190038204193 -0.04320710152387619
0.1052214577794075 -0.2286107987165451 -0.039496079087257385
0.09495265036821365 -0.21574881672859192 -0.03598721697926521
0.08514086902141571 -0.2031983733177185 -0.0326867550611496
0.07555586844682693 -0.19072934985160828 -0.02957530878484249
0.06588021665811539 -0.17800447344779968 -0.02657027542591095
0.0558265745639801 -0.1647290736436844 -0.023591071367263794
0.04517076909542084 -0.15069663524627686 -0.020580245181918144
0.03376317024230957 -0.13580694794654846 -0.017504099756479263
0.02155248261988163 -0.12009691447019577 -0.014356222003698349
0.008616656064987183 -0.1037754938006401 -0.01116221770644188
-0.0048092505894601345 -0.0872470960021019 -0.00798318162560463
-0.01835072785615921 -0.07097811996936798 -0.004917129408568144
-0.031644873321056366 -0.05524066463112831 -0.002067733323201537
-0.04443388432264328 -0.04015922546386719 0.0004908531554974616
-0.05657423660159111 -0.02572954259812832 0.0027155461721122265
-0.06802668422460556 -0.011837960220873356 0.004589344374835491
-0.07883823662996292 0.001716418657451868 0.006114327348768711
-0.0891231894493103 0.015203702263534069 0.007304491940885782
-0.09903882443904877 0.028921715915203094 0.008181839250028133
-0.10868379473686218 0.04288754239678383 0.008793116547167301
-0.11811240762472153 0.056955911219120026 0.009194226935505867
-0.1273851841688156 0.07100875675678253 0.009435129351913929
-0.1365702897310257 0.08495210856199265 0.00956096313893795
-0.14574553072452545 0.09871166944503784 0.009613397531211376
-0.15500102937221527 0.11222894489765167 0.009632067754864693
-0.16444361209869385 0.12545792758464813 0.009656128473579884
-0.17422159016132355 0.13845762610435486 0.009708690457046032
-0.18454238772392273 0.15156713128089905 0.009758287109434605
-0.19557513296604156 0.16511495411396027 0.009759541600942612
-0.20742014050483704 0.17934869229793549 0.009662969037890434
-0.2200867235660553 0.19441643357276917 0.009415905922651291
-0.23346710205078125 0.21033892035484314 0.008965734392404556
-0.2473144829273224 0.22698010504245758 0.008265684358775616
-0.26123854517936707 0.2440270036458969 0.007284399587661028
-0.27478158473968506 0.26095643639564514 0.0060544684529304504
-0.2876133620738983 0.2772616446018219 0.004662076942622662
-0.2995849549770355 0.2926526665687561 0.003183551598340273
-0.3107023239135742 0.3070409595966339 0.0016768459463492036
-0.321091890335083 0.3204999566078186 0.00018051585357170552
-0.33097052574157715 0.3332267701625824 -0.0012845240999013186
-0.34063011407852173 0.3455183506011963 -0.002712505403906107
-0.3504284918308258 0.3577609658241272 -0.004116760566830635
-0.3606991767883301 0.3703528344631195 -0.005555388983339071
-0.3717139959335327 0.38362473249435425 -0.007096350658684969
-0.3836959898471832 0.3978402018547058 -0.008802353404462337
-0.39680951833724976 0.41318655014038086 -0.010730802081525326
-0.41113582253456116 0.4297502040863037 -0.01293084304779768
-0.426638126373291 0.4474796652793884 -0.015437307767570019
-0.443121075630188 0.4661431610584259 -0.018261993303894997
-0.46031126379966736 0.48543602228164673 -0.02140059508383274
-0.47807541489601135 0.5052444338798523 -0.024863123893737793
-0.49634233117103577 0.5255327224731445 -0.028664512559771538
-0.5150934457778931 0.5463272333145142 -0.03282441943883896
-0.534369170665741 0.5677202939987183 -0.0373697504401207
-0.554271936416626 0.5898725986480713 -0.042337268590927124
-0.5749688744544983 0.6130151152610779 -0.04777638241648674
-0.5967254042625427 0.6374794244766235 -0.05375564843416214
-0.6202833652496338 0.6640234589576721 -0.06039939075708389
-0.6466320157051086 0.6936050653457642 -0.06784669309854507
-0.6766320466995239 0.7270410060882568 -0.07620302587747574
-0.7109724283218384 0.7649632692337036 -0.08553154766559601
-0.7501266598701477 0.8077760934829712 -0.09584532678127289
-0.7943129539489746 0.8556181192398071 -0.10710174590349197
-0.843461811542511 0.9083331823348999 -0.11919992417097092
0.937789261341095 -0.9638199806213379 -0.0705079659819603
0.8734586238861084 -0.9127703905105591 -0.0823325589299202
0.8157848119735718 -0.8667786717414856 -0.09213951975107193
0.764858067035675 -0.8259783983230591 -0.10002681612968445
0.7203659415245056 -0.7901896238327026 -0.10618381947278976
0.6816543936729431 -0.7589637637138367 -0.11086967587471008
0.6477969884872437 -0.7316362857818604 -0.11439219117164612
0.6176567077636719 -0.7073748707771301 -0.11709080636501312
0.589939296245575 -0.6852220296859741 -0.11932215094566345
0.5636889338493347 -0.6644331812858582 -0.12128903716802597
0.5385795831680298 -0.644687294960022 -0.12296542525291443
0.5143919587135315 -0.6257407069206238 -0.12429990619421005
0.4909658133983612 -0.6073928475379944 -0.12523260712623596
0.468197226524353 -0.5894831418991089 -0.12569667398929596
0.4460371732711792 -0.5718899369239807 -0.12562072277069092
0.4244914948940277 -0.5545318126678467 -0.12493254244327545
0.40361520648002625 -0.5373758673667908 -0.12357490509748459
0.38346004486083984 -0.5204748511314392 -0.12158999592065811
0.36403971910476685 -0.5038982629776001 -0.11907348036766052
0.3453356921672821 -0.4876934885978699 -0.11612753570079803
0.3272990584373474 -0.4718853235244751 -0.11285731196403503
0.3098526895046234 -0.45647644996643066 -0.10936810821294785
0.2928939759731293 -0.4414480924606323 -0.10576311498880386
0.2762978672981262 -0.4267616271972656 -0.10214181244373322
0.25995081663131714 -0.4123431146144867 -0.09855950623750687
0.24381889402866364 -0.39807379245758057 -0.09497029334306717
0.22789953649044037 -0.3838460445404053 -0.09131738543510437
0.21220965683460236 -0.3695717751979828 -0.0875498577952385
0.19678442180156708 -0.3551834225654602 -0.08362352102994919
0.1816754937171936 -0.34063464403152466 -0.07950178533792496
0.16694825887680054 -0.32590076327323914 -0.07515663653612137
0.15268264710903168 -0.3109876811504364 -0.07057415693998337
0.13901667296886444 -0.2960730791091919 -0.06583315879106522
0.1260775327682495 -0.2814134955406189 -0.061069294810295105
0.11391046643257141 -0.26717233657836914 -0.05638665333390236
0.10249266773462296 -0.25342580676078796 -0.05185767263174057
0.09174739569425583 -0.24017558991909027 -0.04752790927886963
0.08155442774295807 -0.22735987603664398 -0.04342126101255417
0.07175454497337341 -0.21485882997512817 -0.03954461216926575
0.06213012710213661 -0.2024686485528946 -0.035875532776117325
0.05236605927348137 -0.18984197080135345 -0.032312918454408646
0.04217420145869255 -0.17666280269622803 -0.0287562757730484
0.03133188188076019 -0.16270415484905243 -0.02513236552476883
0.019696218892931938 -0.14784790575504303 -0.02139681577682495
0.007231106050312519 -0.13211816549301147 -0.017539532855153084
-0.005959418136626482 -0.11571883410215378 -0.013591629453003407
-0.019603131338953972 -0.09905923157930374 -0.009630602784454823
-0.03328203037381172 -0.08263853937387466 -0.00578260375186801
-0.04660177603363991 -0.06678540259599686 -0.0021799474488943815
-0.05929705128073692 -0.05166009068489075 0.001086329109966755
-0.07123678177595139 -0.037272047251462936 0.003967705648392439
-0.08240726590156555 -0.023504510521888733 0.006450549699366093
-0.09288793057203293 -0.010141738690435886 0.008546214550733566
-0.10282842814922333 0.003109985264018178 0.01028150599449873
-0.1124233603477478 0.016582094132900238 0.011692731641232967
-0.12180905789136887 0.030342906713485718 0.012836107052862644
-0.13106711208820343 0.044291622936725616 0.013772208243608475
-0.14027321338653564 0.05833527445793152 0.014554591849446297
-0.1495008021593094 0.07238687574863434 0.01523191574960947
-0.15882407128810883 0.08636216819286346 0.01584993302822113
-0.1683209240436554 0.10017620772123337 0.016453290358185768
-0.17807623744010925 0.1137399673461914 0.0170873012393713
-0.1882053017616272 0.12705984711647034 0.017781857401132584
-0.19887696206569672 0.1404394954442978 0.018509989604353905
-0.21022357046604156 0.1541835516691208 0.019227007403969765
-0.222311332821846 0.16852369904518127 0.019879771396517754
-0.23512159287929535 0.18360288441181183 0.020406698808073997
-0.24853046238422394 0.19945263862609863 0.020740048959851265
-0.26229384541511536 0.21596994996070862 0.020811045542359352
-0.27604830265045166 0.2328999936580658 0.020559905096888542
-0.2893846035003662 0.24977540969848633 0.01999633200466633
-0.302019327878952 0.2661142349243164 0.01919974759221077
-0.31383371353149414 0.2816324830055237 0.01824932172894478
-0.324849396944046 0.29623281955718994 0.017213165760040283
-0.33519676327705383 0.3099706470966339 0.016145270317792892
-0.3450898230075836 0.32302021980285645 0.015085740014910698
-0.35481327772140503 0.3356533646583557 0.014062764123082161
-0.3647140562534332 0.3482314646244049 0.013086521066725254
-0.37510746717453003 0.361141175031662 0.012107731774449348
-0.3862454891204834 0.37470701336860657 0.01105891726911068
-0.39833173155784607 0.38918545842170715 0.009874960407614708
-0.4115104079246521 0.4047565162181854 0.00849222857505083
-0.4258437156677246 0.42150068283081055 0.006850284989923239
-0.44127926230430603 0.43936488032341003 0.0048966300673782825
-0.4576142728328705 0.45812416076660156 0.0025944863446056843
-0.4745752215385437 0.47747960686683655 -6.951942486921325e-05
-0.4920290410518646 0.49730628728866577 -0.0030953246168792248
-0.509909987449646 0.5175606608390808 -0.006482311990112066
-0.528210461139679 0.5382668375968933 -0.010233561508357525
-0.5469862222671509 0.5595217347145081 -0.014359352178871632
-0.5663589835166931 0.5814964771270752 -0.01888049580156803
-0.5865195393562317 0.6044389605522156 -0.023831617087125778
-0.6077592968940735 0.6287062168121338 -0.02926989085972309
-0.630813717842102 0.6550811529159546 -0.035337433218955994
-0.656646192073822 0.6845492720603943 -0.042214006185531616
-0.6861030459403992 0.717962384223938 -0.050048861652612686
-0.7198683619499207 0.7559923529624939 -0.05894973501563072
-0.758415937423706 0.7990798950195312 -0.06897184252738953
-0.8019601702690125 0.8473845720291138 -0.08010803163051605
-0.8504155874252319 0.9007455110549927 -0.09228170663118362
0.9368318319320679 -0.9690061807632446 -0.08399630337953568
0.8711172938346863 -0.917809247970581 -0.09688074141740799
0.8125521540641785 -0.8720727562904358 -0.10756723582744598
0.7609290480613708 -0.8316816687583923 -0.11620628833770752
0.7157478928565979 -0.7962964177131653 -0.12302016466856003
0.6762588620185852 -0.7653850317001343 -0.128287672996521
0.6415058374404907 -0.7382557392120361 -0.13232985138893127
0.6103658080101013 -0.7140887975692749 -0.13549871742725372
0.5815843939781189 -0.6919630765914917 -0.13816595077514648
0.5542658567428589 -0.6711875796318054 -0.1405402272939682
0.5281442403793335 -0.6514908671379089 -0.1425856202840805
0.5030436515808105 -0.6326622366905212 -0.14424031972885132
0.47883060574531555 -0.6145191788673401 -0.14543448388576508
0.45541220903396606 -0.5969049334526062 -0.14609144628047943
0.432735413312912 -0.5796880722045898 -0.14613014459609985
0.4107859432697296 -0.5627622604370117 -0.14546805620193481
0.38958266377449036 -0.5460551977157593 -0.14403745532035828
0.36913174390792847 -0.5295730233192444 -0.14187458157539368
0.34941166639328003 -0.5133481025695801 -0.13907338678836823
0.3303835093975067 -0.49740463495254517 -0.13573743402957916
0.3119923174381256 -0.4817575216293335 -0.131977379322052
0.2941679060459137 -0.4664126932621002 -0.12790845334529877
0.276826947927475 -0.4513668119907379 -0.12364824116230011
0.2598748803138733 -0.4366079270839691 -0.1193142905831337
0.24324250221252441 -0.4221024215221405 -0.11498218029737473
0.22694508731365204 -0.40777984261512756 -0.11062456667423248
0.2110111266374588 -0.39356687664985657 -0.10619980096817017
0.19546791911125183 -0.37939345836639404 -0.10166872292757034
0.18034154176712036 -0.3651942312717438 -0.09699524194002151
0.16565604507923126 -0.3509092330932617 -0.09214682132005692
0.15143278241157532 -0.33648425340652466 -0.08709479123353958
0.13769425451755524 -0.3218812942504883 -0.0818198174238205
0.12452264130115509 -0.30723661184310913 -0.07639699429273605
0.11200816929340363 -0.2927842140197754 -0.07096225023269653
0.10017623752355576 -0.2786791920661926 -0.06562002748250961
0.08899752795696259 -0.26500189304351807 -0.06044384092092514
0.07839851081371307 -0.25176841020584106 -0.05548101291060448
0.06826866418123245 -0.23893937468528748 -0.05075790360569954
0.05846265330910683 -0.22642476856708527 -0.04628429561853409
0.04877801612019539 -0.21405044198036194 -0.042037416249513626
0.0389069989323616 -0.20146536827087402 -0.03789930045604706
0.02856576070189476 -0.1883382797241211 -0.033750344067811966
0.017537817358970642 -0.17442701756954193 -0.02950221672654152
0.005690882448107004 -0.15959948301315308 -0.025100484490394592
-0.006993887946009636 -0.1438683569431305 -0.02053183875977993
-0.020387524738907814 -0.12742994725704193 -0.01583305187523365
-0.0341867059469223 -0.1106904000043869 -0.011097559705376625
-0.047940272837877274 -0.09417039901018143 -0.006479539908468723
-0.061232395470142365 -0.07824639976024628 -0.0021407066378742456
-0.07379715889692307 -0.06310884654521942 0.0018113984260708094
-0.08551885932683945 -0.04877862334251404 0.005323993973433971
-0.09640832990407944 -0.03513699769973755 0.008388298563659191
-0.10657324641942978 -0.021957265213131905 0.011026455089449883
-0.11619246006011963 -0.00892813690006733 0.013279633596539497
-0.12549088895320892 0.004308211617171764 0.015200371854007244
-0.134639173746109 0.017868410795927048 0.016857517883181572
-0.14374631643295288 0.03169741854071617 0.018319297581911087
-0.15290521085262299 0.04573019966483116 0.01964482292532921
-0.1621972620487213 0.05989030748605728 0.020887203514575958
-0.1716957688331604 0.07408668100833893 0.022096136584877968
-0.18146802484989166 0.08820970356464386 0.0233199130743742
-0.19157662987709045 0.10212694108486176 0.024607090279459953
-0.20210020244121552 0.11578842252492905 0.02598966658115387
-0.21316151320934296 0.1294545829296112 0.027439819648861885
-0.22484908998012543 0.14339952170848846 0.02890877239406109
-0.23719029128551483 0.15783478319644928 0.030335919931530952
-0.25013667345046997 0.1728966385126114 0.031648553907871246
-0.26355019211769104 0.18862904608249664 0.03276387229561806
-0.2771952152252197 0.20496664941310883 0.03359391912817955
-0.2907435894012451 0.22172072529792786 0.034055985510349274
-0.30384305119514465 0.23848941922187805 0.03414255380630493
-0.3162615895271301 0.25482383370399475 0.03392920270562172
-0.32791298627853394 0.27045032382011414 0.033498845994472504
-0.33883360028266907 0.2852640151977539 0.03292931243777275
-0.3491564691066742 0.29930052161216736 0.03228890523314476
-0.3590894937515259 0.31270724534988403 0.03163549304008484
-0.36890649795532227 0.32572537660598755 0.031018078327178955
-0.3789387345314026 0.33868464827537537 0.03046862967312336
-0.38947924971580505 0.3519546091556549 0.029945801943540573
-0.4007575213909149 0.3658493757247925 0.02938217483460903
-0.4129546880722046 0.3806149363517761 0.02870994433760643
-0.4261929392814636 0.3964211940765381 0.027859343215823174
-0.44051480293273926 0.4133417010307312 0.026759352535009384
-0.4558538496494293 0.4313229024410248 0.025341274216771126
-0.4720042943954468 0.4501507580280304 0.023545697331428528
-0.4887004792690277 0.4695398509502411 0.021343806758522987
-0.5058190822601318 0.48936203122138977 0.018746431916952133
-0.5233069658279419 0.5095716118812561 0.015770208090543747
-0.5411710739135742 0.5301935076713562 0.012429280206561089
-0.5594832897186279 0.5513277053833008 0.008731132373213768
-0.5783818364143372 0.5731512904167175 0.004672841634601355
-0.5980749726295471 0.5959215760231018 0.00023768332903273404
-0.6188714504241943 0.6200085878372192 -0.004615665413439274
-0.6414836049079895 0.6462042927742004 -0.0100442785769701
-0.6668327450752258 0.6755092740058899 -0.016269654035568237
-0.695742130279541 0.7088100910186768 -0.023489749059081078
-0.7288950681686401 0.7468332648277283 -0.03186721354722977
-0.7667868137359619 0.7900916934013367 -0.04151644557714462
-0.8096725344657898 0.8388286232948303 -0.052490003407001495
-0.857519268989563 0.8929654359817505 -0.06476607173681259
0.9359233379364014 -0.9742404222488403 -0.09750667959451675
0.8687419891357422 -0.9228036999702454 -0.11154891550540924
0.8091840147972107 -0.877217173576355 -0.12317447364330292
0.7567659616470337 -0.8371418714523315 -0.13259419798851013
0.7108121514320374 -0.8020930886268616 -0.14007091522216797
0.6704781651496887 -0.7714585065841675 -0.1459108591079712
0.6347748637199402 -0.7445162534713745 -0.15045559406280518
0.6025863289833069 -0.720449686050415 -0.15407589077949524
0.5726946592330933 -0.6983650922775269 -0.15716326236724854
0.5442667007446289 -0.6776201725006104 -0.1599334478378296
0.5171027779579163 -0.6579931974411011 -0.16233867406845093
0.49107444286346436 -0.6393079161643982 -0.1643054485321045
0.46607717871665955 -0.6214001178741455 -0.16575342416763306
0.4420294165611267 -0.6041175127029419 -0.16659656167030334
0.4188714027404785 -0.5873180031776428 -0.16674478352069855
0.3965643346309662 -0.5708705186843872 -0.16610635817050934
0.37508484721183777 -0.5546627640724182 -0.16460329294204712
0.35438868403434753 -0.538652777671814 -0.1622646301984787
0.3344160318374634 -0.522834062576294 -0.15918001532554626
0.31510603427886963 -0.5072046518325806 -0.15545149147510529
0.29639726877212524 -0.49176719784736633 -0.15119248628616333
0.27822813391685486 -0.4765287935733795 -0.146526500582695
0.2605375051498413 -0.4615006446838379 -0.141585111618042
0.243265762925148 -0.44669756293296814 -0.13650555908679962
0.22639144957065582 -0.4321278929710388 -0.13138800859451294
0.20997647941112518 -0.4177698791027069 -0.1262301653623581
0.19407588243484497 -0.4035840928554535 -0.12101051211357117
0.17872239649295807 -0.3895179033279419 -0.11570435017347336
0.16392864286899567 -0.3755071759223938 -0.1102842390537262
0.1496889740228653 -0.361478328704834 -0.10472037643194199
0.1359817236661911 -0.3473496437072754 -0.09898070991039276
0.12277586758136749 -0.3330425024032593 -0.09303653985261917
0.11010009795427322 -0.3186514377593994 -0.0869535580277443
0.09800761938095093 -0.3043847382068634 -0.08086271584033966
0.08650388568639755 -0.2903873026371002 -0.0748661607503891
0.07555292546749115 -0.27674293518066406 -0.06903766095638275
0.06508414447307587 -0.26348191499710083 -0.06342717260122299
0.05499659478664398 -0.25058862566947937 -0.05806553736329079
0.04515917971730232 -0.2380049228668213 -0.05296851322054863
0.03538611903786659 -0.22558997571468353 -0.04811670631170273
0.025381948798894882 -0.21299569308757782 -0.04337785765528679
0.014872526749968529 -0.1998818814754486 -0.03861498087644577
0.003652451792731881 -0.18599678575992584 -0.03372599929571152
-0.008395933546125889 -0.17119844257831573 -0.028647510334849358
-0.02127215452492237 -0.15548951923847198 -0.0233636312186718
-0.03482381999492645 -0.13905608654022217 -0.017916573211550713
-0.048723164945840836 -0.12229285389184952 -0.012414161115884781
-0.06249666586518288 -0.10573000460863113 -0.007037024479359388
-0.07571645081043243 -0.0897819995880127 -0.0019761149305850267
-0.08812178671360016 -0.07466345280408859 0.002645182190462947
-0.09961393475532532 -0.06040475517511368 0.00677071139216423
-0.1102260872721672 -0.04688651114702225 0.010397315956652164
-0.12008950114250183 -0.033875029534101486 0.013558521866798401
-0.1294058859348297 -0.021047187969088554 0.01631040871143341
-0.13842396438121796 -0.008025518618524075 0.018722668290138245
-0.14734573662281036 0.005351703613996506 0.02087963931262493
-0.15630878508090973 0.019075758755207062 0.022860469296574593
-0.16542556881904602 0.03311169892549515 0.024732206016778946
-0.17478884756565094 0.047396641224622726 0.026553867384791374
-0.18447421491146088 0.061835452914237976 0.02837935835123062
-0.19454026222229004 0.07629519701004028 0.0302593894302845
-0.205027237534523 0.09059911221265793 0.0322425477206707
-0.21597309410572052 0.10463663935661316 0.03435734659433365
-0.2274462729692459 0.11861677467823029 0.03656839206814766
-0.2394839972257614 0.13277633488178253 0.03881704807281494
-0.2520705759525299 0.1473030298948288 0.04103118181228638
-0.26512759923934937 0.1623258739709854 0.04312530905008316
-0.27850669622421265 0.17790348827838898 0.04500298202037811
-0.2919877767562866 0.19401304423809052 0.04656184837222099
-0.30528709292411804 0.21053840219974518 0.04770400747656822
-0.3181167244911194 0.2271517515182495 0.04841194301843643
-0.33029964566230774 0.24344484508037567 0.048760656267404556
-0.3417828679084778 0.25915947556495667 0.04883747547864914
-0.3526168763637543 0.2741851508617401 0.04872893914580345
-0.3629346489906311 0.2885367274284363 0.04851569980382919
-0.37293508648872375 0.30233171582221985 0.04827101156115532
-0.38287681341171265 0.3157752454280853 0.04806208983063698
-0.39307016134262085 0.3291586637496948 0.047939930111169815
-0.40378227829933167 0.342828631401062 0.04786983132362366
-0.4152166545391083 0.35708436369895935 0.047783784568309784
-0.42752984166145325 0.37215808033943176 0.04761102795600891
-0.4408208429813385 0.38820770382881165 0.04727586731314659
-0.4551123380661011 0.40529894828796387 0.04669766128063202
-0.4703260660171509 0.42337942123413086 0.04579353332519531
-0.48625776171684265 0.44225046038627625 0.04448460415005684
-0.5026574730873108 0.46164780855178833 0.042729105800390244
-0.519420325756073 0.4814493954181671 0.040547940880060196
-0.5365119576454163 0.5016135573387146 0.037972453981637955
-0.5539572238922119 0.5221688747406006 0.03503280505537987
-0.5718433260917664 0.5432178974151611 0.03175346180796623
-0.5903218984603882 0.5649392008781433 0.028149347752332687
-0.6096124053001404 0.5875911116600037 0.02422262541949749
-0.6300302147865295 0.6115441918373108 0.01995030790567398
-0.652249276638031 0.6375798583030701 0.015165826305747032
-0.6771339774131775 0.6666967272758484 0.009612031280994415
-0.7054767608642578 0.6998083591461182 0.0030458332039415836
-0.7379642128944397 0.7377047538757324 -0.004751292522996664
-0.7751358151435852 0.7810049653053284 -0.013961019925773144
-0.8173363208770752 0.8301016688346863 -0.024713367223739624
-0.8646653890609741 0.8851032257080078 -0.03707050904631615
0.9351097345352173 -0.9799726009368896 -0.11105359345674515
0.8663232922554016 -0.9280540943145752 -0.12640419602394104
0.8056439161300659 -0.8824082016944885 -0.13905669748783112
0.7523231506347656 -0.8424835801124573 -0.1492939442396164
0.7055141925811768 -0.8076550960540771 -0.1574305295944214
0.6642768979072571 -0.7772276997566223 -0.16381072998046875
0.6275821924209595 -0.7504389882087708 -0.16880683600902557
0.5943159461021423 -0.726463794708252 -0.17281776666641235
0.5632928609848022 -0.7044227123260498 -0.1762632131576538
0.5337442755699158 -0.6837143301963806 -0.17936971783638
0.5055415034294128 -0.6641666293144226 -0.1820770800113678
0.478605717420578 -0.6456369757652283 -0.1842999905347824
0.4528615176677704 -0.6279797554016113 -0.18594862520694733
0.4282362461090088 -0.6110461950302124 -0.18692931532859802
0.40465936064720154 -0.5946841835975647 -0.1871453821659088
0.3820618987083435 -0.5787380933761597 -0.18649820983409882
0.3603724241256714 -0.5630568265914917 -0.18490153551101685
0.3394930362701416 -0.5475522875785828 -0.18237675726413727
0.3193240463733673 -0.5321783423423767 -0.1790069043636322
0.29978179931640625 -0.5169063210487366 -0.17488940060138702
0.2807982563972473 -0.5017244815826416 -0.1701371967792511
0.2623210549354553 -0.48663872480392456 -0.1648791879415512
0.24431326985359192 -0.47167280316352844 -0.15925933420658112
0.2267533540725708 -0.4568670988082886 -0.15343450009822845
0.20966863632202148 -0.44227057695388794 -0.14753179252147675
0.1931641846895218 -0.4279091954231262 -0.14157889783382416
0.17731663584709167 -0.41377636790275574 -0.1355777382850647
0.1621602326631546 -0.39983558654785156 -0.1295195072889328
0.14769189059734344 -0.3860243260860443 -0.12338510900735855
0.13387668132781982 -0.37225663661956787 -0.11714580655097961
0.12065304815769196 -0.3584263324737549 -0.11076361685991287
0.10794223845005035 -0.3444185256958008 -0.10419707000255585
0.09572383016347885 -0.3302866816520691 -0.09749723225831985
0.0840156152844429 -0.31620943546295166 -0.09078479558229446
0.07280384004116058 -0.3023187220096588 -0.0841565653681755
0.062045712023973465 -0.28869888186454773 -0.07768534868955612
0.051673248410224915 -0.2753935158252716 -0.07142405956983566
0.041594844311475754 -0.26240983605384827 -0.06540964543819427
0.03169398754835129 -0.2497222125530243 -0.05966658517718315
0.021803373470902443 -0.23722554743289948 -0.054182592779397964
0.011643877252936363 -0.22458118200302124 -0.04881470650434494
0.0009554679272696376 -0.21144643425941467 -0.043411340564489365
-0.010452223010361195 -0.19756560027599335 -0.03785902261734009
-0.022679386660456657 -0.18279118835926056 -0.03208739310503006
-0.035705722868442535 -0.1671178787946701 -0.02607933059334755
-0.0493587851524353 -0.15071989595890045 -0.019882673397660255
-0.06329464167356491 -0.1339741200208664 -0.013618050143122673
-0.07702910900115967 -0.11741017550230026 -0.007490221410989761
-0.09013166278600693 -0.10147148370742798 -0.0017179074930027127
-0.10235168784856796 -0.08639175444841385 0.0035610899794846773
-0.11360788345336914 -0.07220954447984695 0.008288374170660973
-0.12395310401916504 -0.05880672484636307 0.0124670984223485
-0.13353735208511353 -0.04594655707478523 0.016142532229423523
-0.14257948100566864 -0.033299557864665985 0.019385933876037598
-0.15134596824645996 -0.02047496661543846 0.02228475734591484
-0.16006654500961304 -0.007268985267728567 0.02494090422987938
-0.16890618205070496 0.006356743164360523 0.0274468045681715
-0.17799770832061768 0.020399974659085274 0.02987915277481079
-0.18744660913944244 0.03481515124440193 0.03230363503098488
-0.197331964969635 0.04950698837637901 0.03477782383561134
-0.2077038735151291 0.06432218849658966 0.03735245764255524
-0.21857832372188568 0.07904105633497238 0.040071405470371246
-0.22994768619537354 0.09349017590284348 0.04295237734913826
-0.24181951582431793 0.10781896859407425 0.045945461839437485
-0.2541757822036743 0.1222204715013504 0.048977021127939224
-0.26695752143859863 0.13685494661331177 0.05196087807416916
-0.28006064891815186 0.15184345841407776 0.05479949712753296
-0.2933345139026642 0.16726070642471313 0.05738713964819908
-0.30658429861068726 0.18312816321849823 0.05961485579609871
-0.3195798099040985 0.1994038224220276 0.061379995197057724
-0.332102507352829 0.21583794057369232 0.06266320496797562
-0.34402984380722046 0.23206916451454163 0.06354119628667831
-0.35534006357192993 0.24785970151424408 0.06410510838031769
-0.3660951554775238 0.26309674978256226 0.06444773077964783
-0.3764248788356781 0.27777570486068726 0.06465861201286316
-0.38651520013809204 0.29198306798934937 0.06482245028018951
-0.39660483598709106 0.3058849275112152 0.06502028554677963
-0.4069776237010956 0.3197290301322937 0.06531771272420883
-0.41787150502204895 0.33383384346961975 0.06568507850170135
-0.4294625222682953 0.3484797179698944 0.0660535991191864
-0.4418817162513733 0.36388206481933594 0.06634977459907532
-0.45520469546318054 0.3801848590373993 0.06649287045001984
-0.46943649649620056 0.3974462151527405 0.06639465689659119
-0.48449042439460754 0.4156162440776825 0.06596136838197708
-0.5001691579818726 0.4345150887966156 0.06509947031736374
-0.5162450075149536 0.45390570163726807 0.06375763565301895
-0.5326378345489502 0.47368040680885315 0.061965152621269226
-0.5493355989456177 0.4938070476055145 0.05976518616080284
-0.5663819909095764 0.5143207311630249 0.05720094218850136
-0.5838780999183655 0.5353264212608337 0.05431107059121132
-0.6019850373268127 0.5570012331008911 0.05112595856189728
-0.6209267973899841 0.5795981884002686 0.04766486585140228
-0.6410163640975952 0.6034773588180542 0.043922655284404755
-0.6628797054290771 0.6293936967849731 0.039731547236442566
-0.687317430973053 0.6583256125450134 0.03481336310505867
-0.7150877714157104 0.6912022233009338 0.028894396498799324
-0.7468845844268799 0.7288763523101807 0.02171287126839161
-0.7833080887794495 0.7720903158187866 0.013027760200202465
-0.8248288631439209 0.82143235206604 0.0026308996602892876
-0.8717430830001831 0.8772828578948975 -0.009637659415602684
0.9344662427902222 -0.9868561625480652 -0.12457229197025299
0.8638625144958496 -0.9339768290519714 -0.14143551886081696
0.8019083142280579 -0.8879074454307556 -0.15523189306259155
0.7475789189338684 -0.8478707671165466 -0.16633501648902893
0.6998471021652222 -0.8130878210067749 -0.17512661218643188
0.6576669216156006 -0.7827637195587158 -0.1820024996995926
0.6199609041213989 -0.7560786008834839 -0.1873779445886612
0.5856098532676697 -0.7321783900260925 -0.1916913539171219
0.5534590482711792 -0.7101788520812988 -0.195401132106781
0.5228068828582764 -0.6895078420639038 -0.19875052571296692
0.4935974180698395 -0.6700412631034851 -0.20166774094104767
0.4658021032810211 -0.6516697406768799 -0.20405703783035278
0.4393722712993622 -0.6342650055885315 -0.20582140982151031
0.41423988342285156 -0.6176812052726746 -0.2068624645471573
0.39031848311424255 -0.6017563343048096 -0.20708028972148895
0.36750367283821106 -0.5863117575645447 -0.20637284219264984
0.34567105770111084 -0.5711608529090881 -0.20464825630187988
0.324667751789093 -0.5561719536781311 -0.20192016661167145
0.3043549954891205 -0.541262149810791 -0.19826287031173706
0.28462642431259155 -0.526375949382782 -0.19376611709594727
0.2654078006744385 -0.5114859342575073 -0.18853896856307983
0.2466563731431961 -0.49659493565559387 -0.18271216750144958
0.2283605933189392 -0.4817361831665039 -0.17643925547599792
0.21053817868232727 -0.46697303652763367 -0.16989485919475555
0.1932651251554489 -0.45239201188087463 -0.16323377192020416
0.17668433487415314 -0.4380640685558319 -0.15651647746562958
0.16088929772377014 -0.42401376366615295 -0.1497706025838852
0.1459125429391861 -0.4102206528186798 -0.143003910779953
0.13173426687717438 -0.3966241776943207 -0.13620518147945404
0.11829172819852829 -0.3831290304660797 -0.12934565544128418
0.10548750311136246 -0.3696085214614868 -0.12237978726625443
0.09320084750652313 -0.3559173047542572 -0.1152515783905983
0.08136802166700363 -0.34206879138946533 -0.10799304395914078
0.06997542828321457 -0.3282086253166199 -0.10070963948965073
0.05899214372038841 -0.31445154547691345 -0.09348921477794647
0.0483696311712265 -0.30087894201278687 -0.08640162646770477
0.0380428284406662 -0.28754377365112305 -0.0795019194483757
0.027929995208978653 -0.27447351813316345 -0.07283356040716171
0.017930446192622185 -0.26167309284210205 -0.06643134355545044
0.007897772826254368 -0.24907323718070984 -0.06029300019145012
-0.002427806379273534 -0.2363501489162445 -0.05426900461316109
-0.013289309106767178 -0.22316543757915497 -0.04819705709815025
-0.02485976740717888 -0.2092648297548294 -0.04195563495159149
-0.03722108155488968 -0.19449959695339203 -0.03547026962041855
-0.05033497139811516 -0.17885929346084595 -0.028724754229187965
-0.06401454657316208 -0.1625058799982071 -0.021773364394903183
-0.07790982723236084 -0.14579534530639648 -0.014748510904610157
-0.09153834730386734 -0.1292494684457779 -0.00787636823952198
-0.10447607189416885 -0.1133333072066307 -0.0014006091514602304
-0.116486556828022 -0.09829577803611755 0.004528875462710857
-0.12750576436519623 -0.08418331295251846 0.009852979332208633
-0.1376030594110489 -0.07088124752044678 0.014582007192075253
-0.14694267511367798 -0.05815375968813896 0.018773384392261505
-0.1557556837797165 -0.045670218765735626 0.022513916715979576
-0.16432136297225952 -0.03303273767232895 0.025909487158060074
-0.17289181053638458 -0.019998565316200256 0.02908063307404518
-0.18165555596351624 -0.006481552496552467 0.03213401883840561
-0.19076313078403473 0.007551649585366249 0.03515635430812836
-0.2003309279680252 0.022077450528740883 0.03821941837668419
-0.21043966710567474 0.037006109952926636 0.04138243570923805
-0.22112810611724854 0.05216984823346138 0.04469205439090729
-0.2323831468820572 0.0673113539814949 0.04818055033683777
-0.24414625763893127 0.08219623565673828 0.05184619128704071
-0.25636205077171326 0.09690755605697632 0.05561854690313339
-0.26895883679389954 0.11158812791109085 0.05940612405538559
-0.281840443611145 0.12636731564998627 0.06310909986495972
-0.29488682746887207 0.14135685563087463 0.06662189960479736
-0.3079564869403839 0.15664635598659515 0.06983675062656403
-0.3208909034729004 0.17229929566383362 0.07264816015958786
-0.3335214853286743 0.18834353983402252 0.07496044039726257
-0.3456997871398926 0.2046061009168625 0.07675999402999878
-0.35735324025154114 0.22077685594558716 0.07812592387199402
-0.36848631501197815 0.23664315044879913 0.07915109395980835
-0.37916815280914307 0.25209417939186096 0.07993090897798538
-0.38952162861824036 0.26710933446884155 0.08055919408798218
-0.3997155427932739 0.28174543380737305 0.0811268612742424
-0.4099637567996979 0.2961290180683136 0.08172304928302765
-0.4205186069011688 0.31046193838119507 0.08242221176624298
-0.4315866231918335 0.32503002882003784 0.08319810777902603
-0.44331640005111694 0.3400910794734955 0.08398162573575974
-0.45581406354904175 0.3558412492275238 0.08469738811254501
-0.46913430094718933 0.3724095821380615 0.08526141196489334
-0.4832673966884613 0.3898463547229767 0.0855807214975357
-0.49812352657318115 0.40810588002204895 0.08555512130260468
-0.5135172605514526 0.4270288944244385 0.08508218824863434
-0.5292483568191528 0.4464097023010254 0.08410511165857315
-0.5452644228935242 0.46616044640541077 0.08265922963619232
-0.5615764856338501 0.48626336455345154 0.08079596608877182
-0.578245997428894 0.5067620873451233 0.07856757938861847
-0.5953853130340576 0.5277644991874695 0.07602289319038391
-0.6131610870361328 0.549444317817688 0.07320388406515121
-0.6317962408065796 0.5720453858375549 0.0701431855559349
-0.6515939235687256 0.5959107875823975 0.06685077399015427
-0.6731299161911011 0.6217569708824158 0.06316736340522766
-0.6971436738967896 0.6505302786827087 0.05881368741393089
-0.7243616580963135 0.6831625699996948 0.053507205098867416
-0.7554876804351807 0.7205594778060913 0.0469658263027668
-0.7911888957023621 0.7635840177536011 0.03891157731413841
-0.8320763111114502 0.8130321502685547 0.02907688170671463
-0.8786754608154297 0.8695974946022034 0.017214106395840645
0.9340693354606628 -0.9955629110336304 -0.1380142867565155
0.861359179019928 -0.9409907460212708 -0.1566401571035385
0.7979516983032227 -0.8939719200134277 -0.17171883583068848
0.742510199546814 -0.8534605503082275 -0.18374265730381012
0.6938022375106812 -0.8184888958930969 -0.19318120181560516
0.6506586670875549 -0.7881335616111755 -0.2004982829093933
0.611940860748291 -0.7614884376525879 -0.20616619288921356
0.5765174627304077 -0.7376436591148376 -0.21067549288272858
0.5432631969451904 -0.7156838178634644 -0.21453528106212616
0.5115455389022827 -0.6950502991676331 -0.2180130034685135
0.48138242959976196 -0.6756647229194641 -0.2210274040699005
0.4527931809425354 -0.6574488878250122 -0.22347469627857208
0.42575201392173767 -0.6402905583381653 -0.2252536118030548
0.4001905918121338 -0.6240466237068176 -0.2262643724679947
0.37600094079971313 -0.608544647693634 -0.22640712559223175
0.35303860902786255 -0.5935854911804199 -0.22557958960533142
0.3311232924461365 -0.5789509415626526 -0.22368690371513367
0.31004825234413147 -0.5644704103469849 -0.22073490917682648
0.2896374464035034 -0.5500275492668152 -0.21678733825683594
0.26976314187049866 -0.5355413556098938 -0.21192392706871033
0.2503454387187958 -0.5209692120552063 -0.20624664425849915
0.2313513606786728 -0.5063086748123169 -0.19988477230072021
0.21279433369636536 -0.49159955978393555 -0.1929979920387268
0.19473141431808472 -0.4769240617752075 -0.18577606976032257
0.17728528380393982 -0.4624023735523224 -0.17840038239955902
0.16063089668750763 -0.44814634323120117 -0.17096538841724396
0.14487411081790924 -0.43420952558517456 -0.1635250598192215
0.13004332780838013 -0.4205869436264038 -0.15610386431217194
0.11610215157270432 -0.40722182393074036 -0.14869818091392517
0.10296222567558289 -0.39401233196258545 -0.14127855002880096
0.0904943197965622 -0.38081642985343933 -0.13379137217998505
0.07854118943214417 -0.3674646019935608 -0.12616561353206635
0.06700219213962555 -0.35393235087394714 -0.11841140687465668
0.055837664753198624 -0.3403301537036896 -0.11061469465494156
0.04500282555818558 -0.3267515003681183 -0.10285093635320663
0.034445129334926605 -0.31327036023139954 -0.09518434852361679
0.024103641510009766 -0.2999439537525177 -0.08767036348581314
0.01390773244202137 -0.28681549429893494 -0.08035817742347717
0.0037745812442153692 -0.27391618490219116 -0.07329317182302475
-0.006418412551283836 -0.261210173368454 -0.06648482382297516
-0.016909582540392876 -0.24839334189891815 -0.059781480580568314
-0.027923449873924255 -0.2351372390985489 -0.05301455035805702
-0.03961503505706787 -0.2211942821741104 -0.046058397740125656
-0.05204903334379196 -0.20641881227493286 -0.03883787989616394
-0.06517300754785538 -0.19079798460006714 -0.03134026750922203
-0.07879306375980377 -0.17448288202285767 -0.02362748235464096
-0.09256388992071152 -0.1578073501586914 -0.01584300398826599
-0.10601688921451569 -0.14128102362155914 -0.008231459185481071
-0.11874306201934814 -0.12538428604602814 -0.0010575621854513884
-0.13052327930927277 -0.11037838459014893 0.0055195651948452
-0.14130985736846924 -0.09631800651550293 0.011441764421761036
-0.15118548274040222 -0.08309438824653625 0.01672726310789585
-0.1603245586156845 -0.0704764649271965 0.021446002647280693
-0.16896630823612213 -0.058137428015470505 0.025700699537992477
-0.1773989051580429 -0.04567832872271538 0.029616346582770348
-0.1858905702829361 -0.03282124176621437 0.03333226963877678
-0.19464685022830963 -0.01943250000476837 0.03696893900632858
-0.20383059978485107 -0.005440972745418549 0.04062218964099884
-0.21356429159641266 0.009156286716461182 0.044368013739585876
-0.2239254117012024 0.02428169921040535 0.04826383292675018
-0.23493552207946777 0.03976121172308922 0.0523466132581234
-0.24654626846313477 0.05530928447842598 0.05662894621491432
-0.25864365696907043 0.07063718885183334 0.06108072027564049
-0.2711126506328583 0.08575686812400818 0.06560712307691574
-0.2838360667228699 0.10075553506612778 0.07009894400835037
-0.2966918647289276 0.1157282367348671 0.07444632053375244
-0.3095574676990509 0.13077476620674133 0.07854224741458893
-0.32231318950653076 0.14599654078483582 0.08228585869073868
-0.33484646677970886 0.16149334609508514 0.08558539301156998
-0.3470548689365387 0.1773538589477539 0.08836273849010468
-0.35885700583457947 0.1934770941734314 0.09061599522829056
-0.370222270488739 0.20960663259029388 0.0924258753657341
-0.38117530941963196 0.22555914521217346 0.09388422966003418
-0.39178764820098877 0.2412305623292923 0.09508509933948517
-0.4021711051464081 0.2565883994102478 0.09612168371677399
-0.41247400641441345 0.2716633081436157 0.09708564728498459
-0.4228810966014862 0.2865436375141144 0.09806814044713974
-0.43360868096351624 0.30138498544692993 0.09914644062519073
-0.44483107328414917 0.3164372742176056 0.10029619932174683
-0.4566705822944641 0.3319326937198639 0.10144871473312378
-0.46921053528785706 0.3480464220046997 0.10252809524536133
-0.4824877381324768 0.36489206552505493 0.10344922542572021
-0.4964822232723236 0.38251250982284546 0.10411760956048965
-0.5111052989959717 0.40086719393730164 0.1044309213757515
-0.5261889100074768 0.4198189973831177 0.10428360849618912
-0.5415629744529724 0.43919500708580017 0.10361703485250473
-0.5572032332420349 0.4589316248893738 0.10247020423412323
-0.5731428265571594 0.4790281653404236 0.10089901834726334
-0.5894582271575928 0.49953871965408325 0.09896072745323181
-0.6062707901000977 0.5205740928649902 0.09671009331941605
-0.6237483024597168 0.5423042178153992 0.09419644623994827
-0.6421083807945251 0.5649611353874207 0.09146136045455933
-0.6616389155387878 0.5888673067092896 0.08852628618478775
-0.6828693151473999 0.6146955490112305 0.08524998277425766
-0.7064863443374634 0.6433520913124084 0.08137263357639313
-0.7331908345222473 0.675761342048645 0.07662627846002579
-0.7636982202529907 0.7128665447235107 0.07073503732681274
-0.7987396121025085 0.7556325197219849 0.0634138435125351
-0.8390611410140991 0.8050451278686523 0.05436791852116585
-0.885418176651001 0.8621042370796204 0.043294116854667664
0.9340007901191711 -1.0068124532699585 -0.15134550631046295
0.8588116765022278 -0.9495310187339783 -0.1720239818096161
0.7937468886375427 -0.9008607864379883 -0.18853788077831268
0.7370924353599548 -0.8594053983688354 -0.2015387862920761
0.6873703002929688 -0.8239511251449585 -0.21161147952079773
0.6432613730430603 -0.7934001088142395 -0.21930764615535736
0.6035493612289429 -0.7667208313941956 -0.22517195343971252
0.5670822858810425 -0.7429124116897583 -0.22976082563400269
0.532763659954071 -0.7209944725036621 -0.23364663124084473
0.500032901763916 -0.7004018425941467 -0.23712939023971558
0.46898022294044495 -0.6810984015464783 -0.24012142419815063
0.43966981768608093 -0.6630352139472961 -0.24251385033130646
0.4120938777923584 -0.646114706993103 -0.2442040592432022
0.38617822527885437 -0.6301945447921753 -0.2450936883687973
0.36178895831108093 -0.6150935888290405 -0.24508559703826904
0.338738352060318 -0.6005939841270447 -0.24407958984375
0.3167891502380371 -0.5864503979682922 -0.2419794350862503
0.2956833243370056 -0.5724585652351379 -0.23878291249275208
0.275210976600647 -0.5584726929664612 -0.234542116522789
0.2552250325679779 -0.5443896055221558 -0.22932496666908264
0.23564031720161438 -0.5301513671875 -0.2232239991426468
0.21643318235874176 -0.5157493352890015 -0.21636411547660828
0.19764092564582825 -0.5012271404266357 -0.2089080810546875
0.1793583333492279 -0.48668164014816284 -0.20105762779712677
0.16175134479999542 -0.47226133942604065 -0.19301855564117432
0.14502105116844177 -0.45811396837234497 -0.18491864204406738
0.12928156554698944 -0.44431954622268677 -0.17683787643909454
0.11455564200878143 -0.4308880865573883 -0.1688169240951538
0.10079098492860794 -0.41776806116104126 -0.1608595848083496
0.08787625283002853 -0.404854416847229 -0.15293559432029724
0.07565441727638245 -0.3919951021671295 -0.14498381316661835
0.06393657624721527 -0.3790028691291809 -0.13691873848438263
0.05259174481034279 -0.36581945419311523 -0.12872757017612457
0.04156029224395752 -0.3525189459323883 -0.12047372758388519
0.030787520110607147 -0.339170902967453 -0.11221734434366226
0.02021944150328636 -0.32583731412887573 -0.10401426255702972
0.009801043197512627 -0.3125743269920349 -0.09591788053512573
-0.0005253020208328962 -0.29943475127220154 -0.08798123151063919
-0.010822075419127941 -0.2864699363708496 -0.08025916665792465
-0.021185049787163734 -0.27367275953292847 -0.07277331501245499
-0.03182996064424515 -0.2607615292072296 -0.06537393480539322
-0.0429626889526844 -0.24742305278778076 -0.05789075046777725
-0.05472112074494362 -0.23342090845108032 -0.05019816383719444
-0.06715551018714905 -0.2186162918806076 -0.04222388565540314
-0.08020465821027756 -0.2029966413974762 -0.03396126627922058
-0.09367582201957703 -0.18670418858528137 -0.025481166318058968
-0.1072387546300888 -0.1700514256954193 -0.01693769544363022
-0.12044963240623474 -0.15353338420391083 -0.008590789511799812
-0.13292202353477478 -0.13764038681983948 -0.0007215245859697461
-0.14445650577545166 -0.12264391034841537 0.006504848133772612
-0.15502044558525085 -0.10860759019851685 0.013032634742558002
-0.1647067815065384 -0.09543124586343765 0.018888523802161217
-0.17369654774665833 -0.08289233595132828 0.024155132472515106
-0.18223407864570618 -0.07067251205444336 0.028951330110430717
-0.19061340391635895 -0.0583777129650116 0.033421725034713745
-0.19911186397075653 -0.04569979012012482 0.037723615765571594
-0.20794326066970825 -0.03245957940816879 0.041989438235759735
-0.21727506816387177 -0.018547646701335907 0.04632190987467766
-0.2272283285856247 -0.003931111190468073 0.050798092037439346
-0.23786954581737518 0.011331181041896343 0.05546896532177925
-0.24919569492340088 0.027068711817264557 0.06035540997982025
-0.261116623878479 0.042980801314115524 0.06544210761785507
-0.273461252450943 0.05873597785830498 0.07066313922405243
-0.28606435656547546 0.07427390664815903 0.07589852809906006
-0.2987772226333618 0.08962257951498032 0.0810249075293541
-0.31146755814552307 0.10483959317207336 0.08592870086431503
-0.32402467727661133 0.1200094074010849 0.0905095562338829
-0.33636245131492615 0.13523997366428375 0.09468236565589905
-0.3484202027320862 0.15065893530845642 0.09837765991687775
-0.36016175150871277 0.1664036065340042 0.1015428677201271
-0.37156593799591064 0.18243741989135742 0.10419125109910965
-0.3826351463794708 0.19855885207653046 0.10640362650156021
-0.3934072256088257 0.21461690962314606 0.10826802998781204
-0.40395161509513855 0.23051880300045013 0.10987348854541779
-0.4143662750720978 0.24622493982315063 0.11130832135677338
-0.42477595806121826 0.26174378395080566 0.11265995353460312
-0.4353334903717041 0.2771286070346832 0.11401596665382385
-0.44621601700782776 0.2924897074699402 0.11545088142156601
-0.45756590366363525 0.30803924798965454 0.11694091558456421
-0.4694811999797821 0.32398155331611633 0.1184186264872551
-0.48202523589134216 0.3404697775840759 0.11980888992547989
-0.49522027373313904 0.35760194063186646 0.12102756649255753
-0.5090406537055969 0.37541475892066956 0.12198150902986526
-0.5234032869338989 0.3938737213611603 0.12257006764411926
-0.5381606221199036 0.4128638505935669 0.12268918007612228
-0.5531744956970215 0.4322460889816284 0.12228129059076309
-0.5684467554092407 0.4519830048084259 0.1213868260383606
-0.5840306282043457 0.47209271788597107 0.12006291002035141
-0.6000151038169861 0.49264058470726013 0.11836831271648407
-0.6165271997451782 0.5137410163879395 0.11636009812355042
-0.6337330937385559 0.5355595350265503 0.11409104615449905
-0.6518412232398987 0.5583155751228333 0.11160766333341599
-0.67112135887146 0.582308828830719 0.10893940180540085
-0.6920637488365173 0.6081685423851013 0.10597127676010132
-0.7153159379959106 0.6367598176002502 0.10248127579689026
-0.7415602207183838 0.6689910888671875 0.09823703020811081
-0.7715230584144592 0.7058260440826416 0.09299390017986298
-0.8059888482093811 0.74830162525177 0.08649040013551712
-0.8458170890808105 0.7975506782531738 0.07844264060258865
-0.8919599056243896 0.854824960231781 0.06853848695755005
0.9343511462211609 -1.0214093923568726 -0.16454480588436127
0.8562159538269043 -0.9600648880004883 -0.1876019686460495
0.789262592792511 -0.9088410139083862 -0.20571167767047882
0.7312989234924316 -0.8658571839332581 -0.21974237263202667
0.6805410385131836 -0.8295633792877197 -0.23043009638786316
0.6354832053184509 -0.7986228466033936 -0.2384377121925354
0.5948101878166199 -0.7718268632888794 -0.2443990409374237
0.5573402643203735 -0.7480391263961792 -0.24894991517066956
0.5220056772232056 -0.7261727452278137 -0.25273850560188293
0.4883204400539398 -0.7056307792663574 -0.2561059296131134
0.4564446806907654 -0.6864154934883118 -0.2589614987373352
0.4264830946922302 -0.6685049533843994 -0.2611939609050751
0.39844098687171936 -0.6518138647079468 -0.2627018094062805
0.37223371863365173 -0.6362008452415466 -0.26339006423950195
0.34769806265830994 -0.6214761137962341 -0.263165682554245
0.3246016502380371 -0.6074057221412659 -0.2619313895702362
0.3026515245437622 -0.5937215089797974 -0.2595902681350708
0.28154242038726807 -0.5801913142204285 -0.2561315894126892
0.26103436946868896 -0.5666446685791016 -0.25159505009651184
0.24096325039863586 -0.5529587864875793 -0.24603576958179474
0.22123929858207703 -0.5390623211860657 -0.23953542113304138
0.20184732973575592 -0.5249392986297607 -0.23221246898174286
0.18284648656845093 -0.5106348395347595 -0.22422996163368225
0.16436633467674255 -0.4962563216686249 -0.21579879522323608
0.14661149680614471 -0.48197486996650696 -0.20714625716209412
0.1298031210899353 -0.46796855330467224 -0.19843155145645142
0.1140599474310875 -0.45434051752090454 -0.1897592693567276
0.09939811378717422 -0.44111502170562744 -0.18118570744991302
0.08575058728456497 -0.4282471835613251 -0.17272166907787323
0.07298577576875687 -0.41563206911087036 -0.16433684527873993
0.06092255935072899 -0.4031127989292145 -0.15596354007720947
0.04934481158852577 -0.39049074053764343 -0.14750349521636963
0.0380975641310215 -0.3776790201663971 -0.13892143964767456
0.027107656002044678 -0.3647167980670929 -0.1302569955587387
0.016314873471856117 -0.3516484200954437 -0.12155316770076752
0.005666723474860191 -0.3385203182697296 -0.11285504698753357
-0.004883638583123684 -0.3253825604915619 -0.10421137511730194
-0.015378793701529503 -0.3122909963130951 -0.09567637741565704
-0.02585853450000286 -0.2993093729019165 -0.0873119905591011
-0.036389462649822235 -0.2864525020122528 -0.07915088534355164
-0.047164663672447205 -0.27346232533454895 -0.07104838639497757
-0.05837246775627136 -0.2600444257259369 -0.06283669173717499
-0.07013587653636932 -0.24597683548927307 -0.05439399927854538
-0.08249472081661224 -0.23113033175468445 -0.04565400257706642
-0.0953851267695427 -0.21549537777900696 -0.03661845996975899
-0.10862341523170471 -0.1992071121931076 -0.027368249371647835
-0.12190312147140503 -0.18255917727947235 -0.018067875877022743
-0.13481394946575165 -0.16603074967861176 -0.008989475667476654
-0.1469985544681549 -0.15011714398860931 -0.00042524898890405893
-0.1582789123058319 -0.13509832322597504 0.007456475868821144
-0.16863612830638885 -0.12104808539152145 0.014603651128709316
-0.17817066609859467 -0.10787760466337204 0.021051548421382904
-0.1870674192905426 -0.09537644684314728 0.02689523808658123
-0.19557349383831024 -0.08323925733566284 0.0322696752846241
-0.20398640632629395 -0.07108255475759506 0.03733916953206062
-0.2125847488641739 -0.05857441946864128 0.04227691888809204
-0.22158028185367584 -0.04549479857087135 0.047223955392837524
-0.2311350554227829 -0.03169790655374527 0.05228623002767563
-0.24135898053646088 -0.017119698226451874 0.0575374998152256
-0.2522982358932495 -0.0017949729226529598 0.06301698088645935
-0.26391759514808655 0.014119638130068779 0.06872323155403137
-0.27608031034469604 0.030324291437864304 0.07460657507181168
-0.28856161236763 0.046461500227451324 0.08056117594242096
-0.30116182565689087 0.06240249052643776 0.08644512295722961
-0.31371891498565674 0.07811549305915833 0.09212740510702133
-0.32610756158828735 0.09361867606639862 0.09749862551689148
-0.3382425904273987 0.10897716879844666 0.10247303545475006
-0.35007888078689575 0.12429848313331604 0.1069881021976471
-0.36160895228385925 0.13972747325897217 0.1110021248459816
-0.37285831570625305 0.15543583035469055 0.11449215561151505
-0.38385650515556335 0.171441912651062 0.11748781055212021
-0.39462941884994507 0.18759840726852417 0.12006815522909164
-0.4052221477031708 0.20378872752189636 0.12231528013944626
-0.4156986474990845 0.21993491053581238 0.12431056797504425
-0.4261409044265747 0.23599489033222198 0.1261342465877533
-0.4366486370563507 0.25195926427841187 0.12786565721035004
-0.4473412036895752 0.26784995198249817 0.129584401845932
-0.45835545659065247 0.2837345004081726 0.13135772943496704
-0.4698028266429901 0.29978638887405396 0.1331612467765808
-0.48175936937332153 0.31618085503578186 0.13492918014526367
-0.49427172541618347 0.33304888010025024 0.1365884244441986
-0.5073514580726624 0.3504736125469208 0.13805726170539856
-0.5209707617759705 0.3684864938259125 0.13924604654312134
-0.53505539894104 0.3870599865913391 0.1400584578514099
-0.5494804382324219 0.4061014950275421 0.14039508998394012
-0.564139187335968 0.4255051910877228 0.1402014046907425
-0.5790573358535767 0.4452601969242096 0.13951757550239563
-0.5943048596382141 0.4654039740562439 0.13839973509311676
-0.6099808812141418 0.4860134720802307 0.13690564036369324
-0.6262156367301941 0.5072067975997925 0.13509207963943481
-0.643170952796936 0.5291447639465332 0.13301242887973785
-0.6610444784164429 0.5520340204238892 0.13071520626544952
-0.6800857782363892 0.5761513113975525 0.12823514640331268
-0.7007566690444946 0.6020871996879578 0.12549003958702087
-0.7236803770065308 0.6306695938110352 0.12230988591909409
-0.7495287656784058 0.6627864837646484 0.1185145378112793
-0.7790360450744629 0.6994032859802246 0.11391095817089081
-0.8130220174789429 0.741592526435852 0.10828789323568344
-0.8524209856987 0.7905709743499756 0.10140852630138397
-0.8983192443847656 0.8477478623390198 0.09300152957439423
0.9352259039878845 -1.0402954816818237 -0.17760266363620758
0.853566586971283 -0.973112165927887 -0.20339906215667725
0.7844645977020264 -0.9181967973709106 -0.22326570749282837
0.7251013517379761 -0.8729696869850159 -0.2383696734905243
0.6733036041259766 -0.8354123830795288 -0.24964496493339539
0.6273313760757446 -0.8038588166236877 -0.2578931748867035
0.5857446789741516 -0.7768573760986328 -0.26385465264320374
0.547320544719696 -0.7530804872512817 -0.2682572901248932
0.5110211968421936 -0.731285035610199 -0.2718361020088196
0.4764387011528015 -0.710813045501709 -0.274981290102005
0.44379958510398865 -0.6916993856430054 -0.2776022255420685
0.4132450520992279 -0.6739468574523926 -0.2795875668525696
0.38478884100914 -0.6574810147285461 -0.2808382213115692
0.35833290219306946 -0.6421607136726379 -0.2812633514404297
0.33368292450904846 -0.6277883052825928 -0.28077390789985657
0.31056249141693115 -0.6141166687011719 -0.27927517890930176
0.2886257767677307 -0.6008590459823608 -0.276668906211853
0.2675253450870514 -0.5877605676651001 -0.2729353606700897
0.24699552357196808 -0.5746307373046875 -0.2681014835834503
0.22685758769512177 -0.5613307356834412 -0.26220932602882385
0.20701779425144196 -0.5477768778800964 -0.2553291320800781
0.1874682754278183 -0.5339465737342834 -0.2475716471672058
0.16828718781471252 -0.5198836922645569 -0.23909823596477509
0.1496349573135376 -0.505702555179596 -0.23012638092041016
0.13174943625926971 -0.49159109592437744 -0.22090187668800354
0.11486560106277466 -0.4777514934539795 -0.21161240339279175
0.09910343587398529 -0.4643062949180603 -0.20238526165485382
0.08447188884019852 -0.4512932002544403 -0.19329144060611725
0.07089053839445114 -0.4386746883392334 -0.18434886634349823
0.05821030214428902 -0.42634937167167664 -0.175527885556221
0.046229541301727295 -0.41415935754776 -0.166755810379982
0.03470901772379875 -0.40190160274505615 -0.157924085855484
0.02347603067755699 -0.3894665241241455 -0.14897698163986206
0.012450355105102062 -0.37686222791671753 -0.13993117213249207
0.0015707836719229817 -0.36410877108573914 -0.13081222772598267
-0.009210626594722271 -0.35123541951179504 -0.12165302783250809
-0.019930429756641388 -0.33828216791152954 -0.11249540001153946
-0.030614608898758888 -0.32530176639556885 -0.10339194536209106
-0.04127904027700424 -0.31236234307289124 -0.0944082960486412
-0.05196056514978409 -0.29949215054512024 -0.08558547496795654
-0.062830850481987 -0.28645560145378113 -0.07678554952144623
-0.07406291365623474 -0.27297869324684143 -0.06784625351428986
-0.08576804399490356 -0.2588553726673126 -0.058652278035879135
-0.09798017889261246 -0.24396753311157227 -0.049145545810461044
-0.1106385663151741 -0.22830983996391296 -0.03933768719434738
-0.1235748752951622 -0.21201227605342865 -0.029320286586880684
-0.1365121454000473 -0.19535233080387115 -0.019268224015831947
-0.14907953143119812 -0.1787930577993393 -0.009462855756282806
-0.16095417737960815 -0.1628296971321106 -0.00020203710300847888
-0.17198100686073303 -0.14774934947490692 0.008345664478838444
-0.18215374648571014 -0.1336374282836914 0.016132481396198273
-0.19157832860946655 -0.12041934579610825 0.02320178598165512
-0.2004414051771164 -0.10790050774812698 0.0296602975577116
-0.2089909315109253 -0.09579269587993622 0.03565835952758789
-0.21752607822418213 -0.08372869342565536 0.04137929901480675
-0.22631779313087463 -0.07136104255914688 0.047008488327264786
-0.2355634570121765 -0.0584365613758564 0.05269033461809158
-0.24540835618972778 -0.04477843642234802 0.05852893367409706
-0.2559402585029602 -0.030293317511677742 0.06458944827318192
-0.2671758532524109 -0.014988991431891918 0.07089412957429886
-0.27904149889945984 0.0010014052968472242 0.07741472870111465
-0.29135388135910034 0.01739654131233692 0.0840645283460617
-0.3038445711135864 0.03383438289165497 0.09069932997226715
-0.3162999749183655 0.050128061324357986 0.09716242551803589
-0.3285653293132782 0.06619035452604294 0.10332367569208145
-0.34053781628608704 0.08200019598007202 0.10908551514148712
-0.3521670997142792 0.09759955108165741 0.11438249796628952
-0.36345165967941284 0.11308756470680237 0.11917813122272491
-0.37443333864212036 0.12861423194408417 0.12345971167087555
-0.3851900100708008 0.14436961710453033 0.12723366916179657
-0.3957907557487488 0.16041579842567444 0.13054494559764862
-0.4062765836715698 0.17665739357471466 0.1334696114063263
-0.416695237159729 0.19301244616508484 0.13608279824256897
-0.4271028935909271 0.20942024886608124 0.13845695555210114
-0.4375649094581604 0.22583997249603271 0.1406625360250473
-0.4481562376022339 0.2422488033771515 0.14276862144470215
-0.4589633047580719 0.2586413621902466 0.14484407007694244
-0.47008267045021057 0.27504563331604004 0.1469457745552063
-0.48159706592559814 0.2915971279144287 0.14904756844043732
-0.49356356263160706 0.3084418475627899 0.15108545124530792
-0.5060144066810608 0.3256889581680298 0.15298841893672943
-0.5189542174339294 0.3434082567691803 0.15467818081378937
-0.5323556065559387 0.36162716150283813 0.15606944262981415
-0.5461554527282715 0.38032597303390503 0.15707145631313324
-0.5602520704269409 0.39943405985832214 0.15759101510047913
-0.5745684504508972 0.41887757182121277 0.15757757425308228
-0.5891510248184204 0.43867143988609314 0.1570703238248825
-0.6040834784507751 0.4588715136051178 0.1561233103275299
-0.6194725632667542 0.47956568002700806 0.15479226410388947
-0.6354497671127319 0.5008756518363953 0.1531323790550232
-0.6521716713905334 0.5229578018188477 0.15119633078575134
-0.6698232293128967 0.54600590467453 0.1490330547094345
-0.6886346340179443 0.5702747702598572 0.14668117463588715
-0.7090513706207275 0.5963255763053894 0.14409556984901428
-0.7316891551017761 0.6249589920043945 0.14116770029067993
-0.7572157382965088 0.6570401191711426 0.1377805918455124
-0.786366879940033 0.6935181021690369 0.1338070183992386
-0.8199719190597534 0.7354578375816345 0.12910524010658264
-0.8589873909950256 0.78408282995224 0.12351328879594803
-0.9045413732528687 0.8408308625221252 0.11684174835681915
0.9367533326148987 -1.0646146535873413 -0.1905207335948944
0.8508551716804504 -0.9892668128013611 -0.21945112943649292
0.7793132066726685 -0.9292338490486145 -0.24122855067253113
0.718468964099884 -0.8809009790420532 -0.25743383169174194
0.6656467318534851 -0.8415830731391907 -0.26925894618034363
0.618812620639801 -0.8091634511947632 -0.2776761054992676
0.5763707160949707 -0.7818624973297119 -0.28354933857917786
0.5370446443557739 -0.758094847202301 -0.2877090871334076
0.4998285472393036 -0.736402690410614 -0.29098597168922424
0.46439695358276367 -0.7160313129425049 -0.2938251793384552
0.4310396909713745 -0.6970428228378296 -0.29613855481147766
0.3999302089214325 -0.6794618964195251 -0.2978156805038452
0.3710883557796478 -0.6632234454154968 -0.2987600564956665
0.34440091252326965 -0.6481865644454956 -0.29888415336608887
0.31964293122291565 -0.634147047996521 -0.2981017827987671
0.29649636149406433 -0.6208468079566956 -0.2963190972805023
0.27456700801849365 -0.6079847812652588 -0.29343488812446594
0.2534708082675934 -0.5952886939048767 -0.2894198000431061
0.23292072117328644 -0.5825520157814026 -0.28428828716278076
0.21272587776184082 -0.5696234107017517 -0.2780696749687195
0.19278910756111145 -0.5564088225364685 -0.270822674036026
0.1731085628271103 -0.5428788065910339 -0.26264989376068115
0.1537782996892929 -0.5290747284889221 -0.2537098228931427
0.13498470187187195 -0.5151141285896301 -0.24422451853752136
0.11699250340461731 -0.5011960864067078 -0.23445551097393036
0.10004432499408722 -0.4875403940677643 -0.22461538016796112
0.08425821363925934 -0.47428515553474426 -0.21485193073749542
0.06963540613651276 -0.46147969365119934 -0.20524978637695312
0.05608360841870308 -0.4490948021411896 -0.19583414494991302
0.04343906044960022 -0.4370346665382385 -0.18657709658145905
0.03148314729332924 -0.42514464259147644 -0.17740288376808167
0.019957734271883965 -0.41322219371795654 -0.16819526255130768
0.008678680285811424 -0.4011429250240326 -0.15888187289237976
-0.0024350013118237257 -0.3888898193836212 -0.14945940673351288
-0.01344118732959032 -0.376462459564209 -0.1399376094341278
-0.024380577728152275 -0.36387377977371216 -0.13033737242221832
-0.03527812659740448 -0.35115158557891846 -0.12069228291511536
-0.04614309221506119 -0.3383409082889557 -0.11105065792798996
-0.056968580931425095 -0.3255068063735962 -0.10147799551486969
-0.06776411831378937 -0.3126818537712097 -0.09201954305171967
-0.07868285477161407 -0.2996496260166168 -0.08254386484622955
-0.08988536149263382 -0.2861553132534027 -0.07289528101682663
-0.10147477686405182 -0.2720080316066742 -0.0629660114645958
-0.11348321288824081 -0.25709986686706543 -0.052706845104694366
-0.1258571892976761 -0.2414293736219406 -0.042139533907175064
-0.138447105884552 -0.22512218356132507 -0.031366415321826935
-0.1510070413351059 -0.2084420770406723 -0.020572859793901443
-0.1632079929113388 -0.19183576107025146 -0.010046841576695442
-0.17476613819599152 -0.17579303681850433 -8.626008639112115e-05
-0.1855510175228119 -0.16060669720172882 0.009142489172518253
-0.19556841254234314 -0.14637541770935059 0.017595849931240082
-0.20492850244045258 -0.1330421417951584 0.02532399259507656
-0.21381807327270508 -0.12043190747499466 0.03244359418749809
-0.22248472273349762 -0.10827789455652237 0.03911871835589409
-0.2312265783548355 -0.09623456001281738 0.04554959386587143
-0.240296870470047 -0.08394961059093475 0.05192791298031807
-0.24986514449119568 -0.07114831358194351 0.058394189924001694
-0.2600473165512085 -0.05763200670480728 0.0650440976023674
-0.27089831233024597 -0.04328371584415436 0.07192865014076233
-0.2823981046676636 -0.028084468096494675 0.07904931902885437
-0.29443323612213135 -0.012136244215071201 0.08635014295578003
-0.30678102374076843 0.004315976984798908 0.09371093660593033
-0.31914693117141724 0.02093077264726162 0.10095778107643127
-0.3313268721103668 0.03748146817088127 0.10792985558509827
-0.34319165349006653 0.05383599177002907 0.11450649052858353
-0.35467246174812317 0.0699380487203598 0.12060736119747162
-0.36575713753700256 0.0858040452003479 0.126189187169075
-0.376484215259552 0.10151675343513489 0.13124018907546997
-0.3869355022907257 0.11721835285425186 0.13577313721179962
-0.39722853899002075 0.1331004649400711 0.13981924951076508
-0.40745967626571655 0.1492556929588318 0.14343586564064026
-0.41767898201942444 0.16563591361045837 0.1466960459947586
-0.4279335141181946 0.18219225108623505 0.14966829121112823
-0.43827149271965027 0.1988820731639862 0.15241672098636627
-0.44874241948127747 0.21566827595233917 0.15500213205814362
-0.45939841866493225 0.232518270611763 0.1574830561876297
-0.4702950716018677 0.24940356612205505 0.15991687774658203
-0.48149189352989197 0.2663167715072632 0.1623491495847702
-0.4930451810359955 0.28335702419281006 0.16475053131580353
-0.5049952864646912 0.30064234137535095 0.16705778241157532
-0.5173633098602295 0.31826168298721313 0.16920152306556702
-0.5301489233970642 0.3362730145454407 0.17110615968704224
-0.5433272123336792 0.35470134019851685 0.1726904809474945
-0.5568469166755676 0.3735359311103821 0.17386899888515472
-0.5706285834312439 0.39272746443748474 0.17455445230007172
-0.5846222043037415 0.41223204135894775 0.17470026016235352
-0.59889155626297 0.43208813667297363 0.17434513568878174
-0.6135312914848328 0.4523681104183197 0.17354153096675873
-0.6286540031433105 0.4731696844100952 0.1723436415195465
-0.6443909406661987 0.4946173131465912 0.17080554366111755
-0.6608926057815552 0.5168626308441162 0.1689794659614563
-0.6783319115638733 0.5400873422622681 0.1669148951768875
-0.696921169757843 0.5645260810852051 0.1646544635295868
-0.7171039581298828 0.5907250642776489 0.16219201683998108
-0.7395051717758179 0.6194726228713989 0.15948417782783508
-0.7647938132286072 0.6516119241714478 0.1564822494983673
-0.793696403503418 0.6880565285682678 0.15313158929347992
-0.8270168900489807 0.7298151254653931 0.14936967194080353
-0.8656657338142395 0.7780271172523499 0.14512379467487335
-0.9106947779655457 0.8340058922767639 0.14030799269676208
0.9389821887016296 -1.0953257083892822 -0.20344631373882294
0.8480286598205566 -1.008945345878601 -0.23588551580905914
0.7737530469894409 -0.9421341419219971 -0.25967806577682495
0.7113692164421082 -0.8897340893745422 -0.2769700288772583
0.6575620770454407 -0.8481221795082092 -0.28928250074386597
0.6099356412887573 -0.8145738840103149 -0.29779037833213806
0.5667057633399963 -0.7868833541870117 -0.3034951984882355
0.5265310406684875 -0.7631332278251648 -0.30733558535575867
0.4884416162967682 -0.7415880560874939 -0.31024080514907837
0.45219990611076355 -0.7213582992553711 -0.31271374225616455
0.41815534234046936 -0.7025266289710999 -0.3146700859069824
0.38651081919670105 -0.685137152671814 -0.3160006105899811
0.3572903871536255 -0.6691330671310425 -0.316610723733902
0.33036595582962036 -0.6543742418289185 -0.31641465425491333
0.3054841458797455 -0.6406514644622803 -0.3153270184993744
0.2822888195514679 -0.627698540687561 -0.3132525086402893
0.26034292578697205 -0.6152039766311646 -0.31008514761924744
0.23923157155513763 -0.6028826236724854 -0.3057856559753418
0.2186506986618042 -0.5905165672302246 -0.3003562092781067
0.19839973747730255 -0.5779443383216858 -0.2938142418861389
0.178379088640213 -0.5650637149810791 -0.28620749711990356
0.15859144926071167 -0.551838219165802 -0.2776302993297577
0.13914354145526886 -0.5383054614067078 -0.2682376801967621
0.12024255096912384 -0.5245829224586487 -0.25825461745262146
0.10217337310314178 -0.5108755230903625 -0.24795566499233246
0.0851801261305809 -0.4974140226840973 -0.23757439851760864
0.06937588006258011 -0.4843475818634033 -0.22727654874324799
0.054753802716732025 -0.47173526883125305 -0.21715931594371796
0.0412113331258297 -0.459556519985199 -0.20725540816783905
0.0285728070884943 -0.44772255420684814 -0.19753968715667725
0.016606410965323448 -0.43608513474464417 -0.18793535232543945
0.005039619747549295 -0.424446702003479 -0.17832134664058685
-0.006317028775811195 -0.4126755893230438 -0.16861343383789062
-0.017539601773023605 -0.40073832869529724 -0.15879365801811218
-0.028679080307483673 -0.38861948251724243 -0.14885932207107544
-0.03976721689105034 -0.3763190507888794 -0.13882116973400116
-0.050817474722862244 -0.36385321617126465 -0.12870463728904724
-0.061824437230825424 -0.3512568473815918 -0.11855199187994003
-0.07276270538568497 -0.33858639001846313 -0.10842499136924744
-0.0836205706000328 -0.3258708715438843 -0.0983680859208107
-0.09453676640987396 -0.3129075765609741 -0.08825405687093735
-0.10566253215074539 -0.2994576394557953 -0.07793288677930832
-0.1170957088470459 -0.2853420376777649 -0.06730321049690247
-0.12886908650398254 -0.2704603374004364 -0.05632355809211731
-0.14093798398971558 -0.25481244921684265 -0.04502452537417412
-0.15317127108573914 -0.23851844668388367 -0.03351829573512077
-0.16535106301307678 -0.22183001041412354 -0.02200072631239891
-0.17718884348869324 -0.20517593622207642 -0.010764064267277718
-0.1884431391954422 -0.18903419375419617 -0.00010083463712362573
-0.19900965690612793 -0.17370112240314484 0.009826598688960075
-0.20890647172927856 -0.15928998589515686 0.018977951258420944
-0.21824705600738525 -0.14576444029808044 0.02740781009197235
-0.22721734642982483 -0.1329730600118637 0.03523985669016838
-0.2360624521970749 -0.12067458778619766 0.04264859855175018
-0.24507595598697662 -0.10855033248662949 0.04984700679779053
-0.2544824182987213 -0.09625600278377533 0.057025011628866196
-0.26441049575805664 -0.08351055532693863 0.0643104687333107
-0.27493569254875183 -0.07010594010353088 0.07178377360105515
-0.28607282042503357 -0.055910758674144745 0.0794774666428566
-0.29776301980018616 -0.04088309779763222 0.0873715728521347
-0.3098590075969696 -0.025089677423238754 0.09538699686527252
-0.32211434841156006 -0.008724676445126534 0.10338106751441956
-0.3342323899269104 0.007915575988590717 0.1111658439040184
-0.34603896737098694 0.024588806554675102 0.11858809739351273
-0.3574429154396057 0.04113498330116272 0.12554310262203217
-0.3684130609035492 0.0574711374938488 0.13196909427642822
-0.37897202372550964 0.07358895242214203 0.13784219324588776
-0.3891892731189728 0.0895489826798439 0.14316938817501068
-0.3991736173629761 0.10547418892383575 0.14798110723495483
-0.4090666174888611 0.12154185026884079 0.15232501924037933
-0.41898074746131897 0.13786117732524872 0.15626667439937592
-0.42897066473960876 0.15442463755607605 0.159877210855484
-0.43908214569091797 0.17121285200119019 0.16322042047977448
-0.4493558704853058 0.1882001906633377 0.16635394096374512
-0.45982831716537476 0.20535466074943542 0.16933077573776245
-0.4705319106578827 0.22263656556606293 0.17220045626163483
-0.48149552941322327 0.23999813199043274 0.17501001060009003
-0.492745965719223 0.2574008107185364 0.1777942031621933
-0.5043165683746338 0.27491047978401184 0.180519238114357
-0.516232967376709 0.292618989944458 0.18312062323093414
-0.5285071730613708 0.3105972707271576 0.18552884459495544
-0.5411351919174194 0.3288935422897339 0.18766941130161285
-0.5540959239006042 0.34753212332725525 0.18946342170238495
-0.5673496127128601 0.3665117621421814 0.19082894921302795
-0.5808369517326355 0.3858042061328888 0.19168293476104736
-0.5945313572883606 0.4053926467895508 0.19198212027549744
-0.6085112690925598 0.4253363013267517 0.19176633656024933
-0.6228800415992737 0.44572141766548157 0.19108858704566956
-0.6377546191215515 0.4666537046432495 0.19000354409217834
-0.6532652974128723 0.48825904726982117 0.18856607377529144
-0.6695574522018433 0.5106844305992126 0.18682999908924103
-0.6867920756340027 0.534099280834198 0.18484711647033691
-0.7051665186882019 0.5587208271026611 0.1826656460762024
-0.7251368165016174 0.5850976705551147 0.18031667172908783
-0.7473524212837219 0.6140255331993103 0.17781896889209747
-0.77248615026474 0.6463289260864258 0.17518942058086395
-0.8012382984161377 0.6828652620315552 0.17244334518909454
-0.834346354007721 0.7245370745658875 0.1695946305990219
-0.8725975155830383 0.7723065614700317 0.16665561497211456
-0.9168412089347839 0.8272116184234619 0.16363713145256042
0.9416148662567139 -1.132057547569275 -0.21695835888385773
0.8448951244354248 -1.0317282676696777 -0.2530761957168579
0.767691433429718 -0.956592857837677 -0.27882665395736694
0.7037721872329712 -0.8992929458618164 -0.2970825433731079
0.6490515470504761 -0.8549512028694153 -0.309756875038147
0.6007164716720581 -0.8200725317001343 -0.31824806332588196
0.5567721724510193 -0.7919312715530396 -0.32369744777679443
0.5158076286315918 -0.7682167887687683 -0.3271467387676239
0.47689536213874817 -0.746863603591919 -0.32961663603782654
0.4398910403251648 -0.7268156409263611 -0.3316650092601776
0.405197411775589 -0.7081697583198547 -0.33321329951286316
0.37304213643074036 -0.6909869909286499 -0.33415448665618896
0.34345194697380066 -0.6752189993858337 -0.3343959152698517
0.3162843585014343 -0.6607272028923035 -0.33385273814201355
0.29125964641571045 -0.6472999453544617 -0.33243903517723083
0.26798808574676514 -0.6346668601036072 -0.3300569951534271
0.24599489569664001 -0.6225099563598633 -0.32659459114074707
0.2248407006263733 -0.6105358600616455 -0.3220023214817047
0.20420916378498077 -0.5985184907913208 -0.3162707984447479
0.18389321863651276 -0.5862889289855957 -0.3094058930873871
0.16379189491271973 -0.5737379789352417 -0.301444947719574
0.14391197264194489 -0.5608224272727966 -0.29247403144836426
0.12437020987272263 -0.5475744009017944 -0.28264370560646057
0.10538988560438156 -0.5341079831123352 -0.2721802592277527
0.087269626557827 -0.5206280946731567 -0.2613676190376282
0.07024973630905151 -0.5073707103729248 -0.25045618414878845
0.05443563684821129 -0.49449172616004944 -0.2396264523267746
0.039812155067920685 -0.48205825686454773 -0.2289869338274002
0.026268014684319496 -0.47005805373191833 -0.21857772767543793
0.013618390075862408 -0.4584106206893921 -0.20837758481502533
0.0016218324890360236 -0.4469761550426483 -0.19831034541130066
-0.01000409759581089 -0.43556562066078186 -0.18825286626815796
-0.021449070423841476 -0.42404669523239136 -0.1781139373779297
-0.032780300825834274 -0.41237732768058777 -0.16786669194698334
-0.044039733707904816 -0.4005335569381714 -0.15750031173229218
-0.055249787867069244 -0.3885061740875244 -0.14701801538467407
-0.06641389429569244 -0.3763020932674408 -0.13643822073936462
-0.07751552760601044 -0.3639458119869232 -0.12579649686813354
-0.0885167047381401 -0.3514823615550995 -0.1151481345295906
-0.09939214587211609 -0.3389318585395813 -0.10453257709741592
-0.11027026921510696 -0.32610100507736206 -0.09382402151823044
-0.12129507958889008 -0.31276318430900574 -0.08287614583969116
-0.13256068527698517 -0.2987480163574219 -0.07159212976694107
-0.14410118758678436 -0.2839587926864624 -0.05993596836924553
-0.1558798998594284 -0.26839372515678406 -0.04794485867023468
-0.167781263589859 -0.2521652579307556 -0.03573891893029213
-0.17961013317108154 -0.235511913895607 -0.02352352999150753
-0.1911146193742752 -0.21884092688560486 -0.011592572554945946
-0.20209629833698273 -0.20261019468307495 -0.0002284924266859889
-0.21247722208499908 -0.1871151477098465 0.01041155681014061
-0.22228726744651794 -0.17248308658599854 0.02028883434832096
-0.23164214193820953 -0.1587001532316208 0.029458895325660706
-0.2407248467206955 -0.14564146101474762 0.03804798051714897
-0.24977488815784454 -0.13309451937675476 0.0462358184158802
-0.25907576084136963 -0.12077184021472931 0.054241638630628586
-0.26881515979766846 -0.10834980756044388 0.062245097011327744
-0.27907294034957886 -0.09555663168430328 0.0703539177775383
-0.28987982869148254 -0.0821879580616951 0.07862874865531921
-0.30121055245399475 -0.06810817122459412 0.08708284050226212
-0.3129737377166748 -0.05325905233621597 0.09567871689796448
-0.32500189542770386 -0.037673573940992355 0.10432391613721848
-0.3370459973812103 -0.021489929407835007 0.1128690168261528
-0.34883004426956177 -0.0049450756050646305 0.12112990021705627
-0.36022093892097473 0.011724989861249924 0.12896966934204102
-0.37116748094558716 0.028350243344902992 0.13630156219005585
-0.3816716969013214 0.044832613319158554 0.14307989180088043
-0.39178210496902466 0.06114420294761658 0.1492941677570343
-0.4015871286392212 0.07732272893190384 0.15496206283569336
-0.4112091362476349 0.09346645325422287 0.16012263298034668
-0.4207994341850281 0.1097283735871315 0.16483068466186523
-0.4304773509502411 0.12622366845607758 0.16915568709373474
-0.4403001666069031 0.142978236079216 0.17316821217536926
-0.45031213760375977 0.15999792516231537 0.1769292652606964
-0.4605482816696167 0.17727267742156982 0.18049214780330658
-0.47103434801101685 0.19477583467960358 0.18390391767024994
-0.4817865788936615 0.21246270835399628 0.1872067004442215
-0.4928111433982849 0.23026947677135468 0.19043850898742676
-0.5041070580482483 0.24813063442707062 0.19362416863441467
-0.5156870484352112 0.2660812437534332 0.19672387838363647
-0.5275644659996033 0.28418904542922974 0.19966989755630493
-0.5397437810897827 0.3025086224079132 0.20239056646823883
-0.5522185564041138 0.32107970118522644 0.2048104852437973
-0.5649718046188354 0.33992716670036316 0.2068512886762619
-0.5779748558998108 0.3590594530105591 0.20843267440795898
-0.5911864042282104 0.3784680962562561 0.20947375893592834
-0.6046009659767151 0.39816170930862427 0.20993417501449585
-0.6183096170425415 0.41821756958961487 0.20985697209835052
-0.632423460483551 0.438733845949173 0.20929817855358124
-0.6470630168914795 0.45982271432876587 0.20831559598445892
-0.6623579263687134 0.48161038756370544 0.2069675624370575
-0.6784481406211853 0.5042380690574646 0.205312117934227
-0.6954842209815979 0.5278629064559937 0.20340600609779358
-0.7136498689651489 0.5526847243309021 0.20130489766597748
-0.7334227561950684 0.5792710185050964 0.19907109439373016
-0.7554842829704285 0.6084421277046204 0.1967732310295105
-0.7805082201957703 0.6410076022148132 0.19448138773441315
-0.8091512322425842 0.6777549386024475 0.19226692616939545
-0.8420467376708984 0.7194423079490662 0.19020235538482666
-0.8797978758811951 0.7667906284332275 0.18836097419261932
-0.9229665994644165 0.82047039270401 0.18681612610816956
0.9442391991615295 -1.174024224281311 -0.23172633349895477
0.8412282466888428 -1.0569533109664917 -0.2714194655418396
0.7610340714454651 -0.9721753597259521 -0.2988831698894501
0.6956556439399719 -0.9093369245529175 -0.3178654611110687
0.6401254534721375 -0.8619619011878967 -0.3307129442691803
0.5911774635314941 -0.8256272673606873 -0.3390510678291321
0.5465978980064392 -0.7970095276832581 -0.3441503047943115
0.5049082040786743 -0.7733582258224487 -0.347139447927475
0.4652332067489624 -0.7522419691085815 -0.3491142690181732
0.42752447724342346 -0.7324138879776001 -0.3506794571876526
0.3922293186187744 -0.7139790654182434 -0.3517647385597229
0.35959434509277344 -0.6970133781433105 -0.35226723551750183
0.3296465277671814 -0.6814768314361572 -0.3520968556404114
0.3022296726703644 -0.6672348976135254 -0.3511698842048645
0.27704083919525146 -0.6540772914886475 -0.34939950704574585
0.25366082787513733 -0.6417326331138611 -0.34668469429016113
0.2315831333398819 -0.629881739616394 -0.3429073095321655
0.2103504091501236 -0.6182271242141724 -0.33800774812698364
0.18963932991027832 -0.6065374612808228 -0.33196523785591125
0.16923987865447998 -0.5946385860443115 -0.3247748613357544
0.14905154705047607 -0.5824146866798401 -0.3164639472961426
0.1290852576494217 -0.5698160529136658 -0.30711016058921814
0.10946563631296158 -0.5568675398826599 -0.2968588173389435
0.09042783081531525 -0.5436760783195496 -0.2859349846839905
0.07227829843759537 -0.5304414629936218 -0.27462831139564514
0.05524861812591553 -0.5173989534378052 -0.2632010877132416
0.039434149861335754 -0.5047075748443604 -0.25184527039527893
0.024811219424009323 -0.4924406409263611 -0.24067898094654083
0.011261163279414177 -0.4805937707424164 -0.22974957525730133
-0.0014074816135689616 -0.46909573674201965 -0.21904048323631287
-0.013442429713904858 -0.4578168988227844 -0.2084779143333435
-0.025131775066256523 -0.4465791881084442 -0.19793900847434998
-0.03666131570935249 -0.4352554380893707 -0.1873306781053543
-0.048087041825056076 -0.42380204796791077 -0.17662276327610016
-0.05944102257490158 -0.41219186782836914 -0.16580064594745636
-0.0707370713353157 -0.40041106939315796 -0.15486302971839905
-0.08197104930877686 -0.3884598910808563 -0.14382295310497284
-0.09311967343091965 -0.37635359168052673 -0.13270924985408783
-0.10413908958435059 -0.3641253411769867 -0.12156903743743896
-0.11499848961830139 -0.3517839014530182 -0.11043334752321243
-0.12581932544708252 -0.33914172649383545 -0.09917508065700531
-0.1367396116256714 -0.3259817361831665 -0.08764965087175369
-0.1478499472141266 -0.312139093875885 -0.07576251029968262
-0.1591850221157074 -0.2975180149078369 -0.06348059326410294
-0.17071384191513062 -0.28211188316345215 -0.05084502324461937
-0.18233218789100647 -0.26602232456207275 -0.03798120841383934
-0.1938616782426834 -0.24947257339954376 -0.02510208822786808
-0.20508147776126862 -0.23284287750720978 -0.012500151991844177
-0.21583420038223267 -0.2165612429380417 -0.000443662895122543
-0.22606700658798218 -0.20091578364372253 0.010916266590356827
-0.23582015931606293 -0.18604478240013123 0.021540353074669838
-0.2452099770307541 -0.17195697128772736 0.031480975449085236
-0.2544136047363281 -0.15855567157268524 0.0408613458275795
-0.26366057991981506 -0.14565986394882202 0.0498596727848053
-0.27321797609329224 -0.1330166906118393 0.05869321525096893
-0.2832317352294922 -0.12033553421497345 0.06752336770296097
-0.2937317490577698 -0.10736895352602005 0.07643278688192368
-0.3047066628932953 -0.09392856061458588 0.08546110987663269
-0.31609824299812317 -0.07988443225622177 0.09460517019033432
-0.3277951180934906 -0.06516964733600616 0.1038176491856575
-0.3396272659301758 -0.049788642674684525 0.1130051463842392
-0.3513639569282532 -0.03382605314254761 0.12202826887369156
-0.3627680838108063 -0.01745506003499031 0.13072292506694794
-0.373749315738678 -0.0008885655552148819 0.1389731764793396
-0.38429024815559387 0.015709660947322845 0.1467086374759674
-0.3944169282913208 0.0322386734187603 0.1538950353860855
-0.40419262647628784 0.04865902662277222 0.16052837669849396
-0.41371285915374756 0.06498953700065613 0.16662900149822235
-0.4231015741825104 0.08130379021167755 0.17223596572875977
-0.43250772356987 0.09772671014070511 0.17740251123905182
-0.4420502185821533 0.11437215656042099 0.18219798803329468
-0.45178765058517456 0.1312924325466156 0.18669354915618896
-0.4617633819580078 0.14851433038711548 0.19094917178153992
-0.47200778126716614 0.16604109108448029 0.19501526653766632
-0.4825383424758911 0.18385158479213715 0.19893448054790497
-0.4933578372001648 0.20189766585826874 0.20274271070957184
-0.5044534802436829 0.2201026976108551 0.2064698189496994
-0.5158004760742188 0.23837818205356598 0.21013101935386658
-0.5273940563201904 0.256731241941452 0.21367903053760529
-0.5392370820045471 0.2752070724964142 0.21704085171222687
-0.5513275265693665 0.29384496808052063 0.22014060616493225
-0.5636581778526306 0.3126775324344635 0.2229003757238388
-0.5762162208557129 0.33173006772994995 0.22524049878120422
-0.5889832377433777 0.3510204553604126 0.22708040475845337
-0.6019349694252014 0.37055858969688416 0.22833989560604095
-0.6150848865509033 0.39037641882896423 0.22898085415363312
-0.6285355687141418 0.41056787967681885 0.22905190289020538
-0.6424058079719543 0.4312419295310974 0.22861474752426147
-0.656819760799408 0.4525160789489746 0.2277330607175827
-0.6719067096710205 0.4745158851146698 0.22647158801555634
-0.6878013014793396 0.49737539887428284 0.22489526867866516
-0.7046441435813904 0.5212377309799194 0.22306890785694122
-0.7226060628890991 0.5462854504585266 0.22105766832828522
-0.7421882748603821 0.5731154680252075 0.21894414722919464
-0.7641045451164246 0.602588415145874 0.2168264538049698
-0.7890214323997498 0.6355032324790955 0.2148064523935318
-0.8175341486930847 0.6725682020187378 0.21298815310001373
-0.8501430749893188 0.7143744230270386 0.21147549152374268
-0.8872309327125549 0.7613692283630371 0.21036933362483978
-0.9290369153022766 0.8138259053230286 0.20976358652114868
0.9463662505149841 -1.2201483249664307 -0.24843436479568481
0.8367912769317627 -1.0838261842727661 -0.2912781238555908
0.7536954879760742 -0.9883958697319031 -0.32001885771751404
0.6870075464248657 -0.9196062684059143 -0.3393837809562683
0.6308014988899231 -0.8690384030342102 -0.35216158628463745
0.5813466310501099 -0.8312020301818848 -0.3601875901222229
0.5362152457237244 -0.8021179437637329 -0.3648374378681183
0.49387127161026 -0.7785680890083313 -0.36730194091796875
0.45350226759910583 -0.7577340006828308 -0.3687274158000946
0.4151567220687866 -0.7381631135940552 -0.36975350975990295
0.3793145716190338 -0.7199623584747314 -0.3703204095363617
0.3462342917919159 -0.703220546245575 -0.3703318238258362
0.315940797328949 -0.687907338142395 -0.3697018325328827
0.2882651388645172 -0.6738944053649902 -0.3683481812477112
0.2628847360610962 -0.6609764695167542 -0.36618342995643616
0.2393563687801361 -0.6488866209983826 -0.3631036579608917
0.21714802086353302 -0.6373092532157898 -0.3589850962162018
0.19579146802425385 -0.6259466409683228 -0.3537580966949463
0.17496225237846375 -0.614564836025238 -0.3473912179470062
0.15445132553577423 -0.6029856204986572 -0.33986929059028625
0.13416099548339844 -0.591088056564331 -0.33121025562286377
0.11410663276910782 -0.5788149833679199 -0.3214835822582245
0.09441909193992615 -0.5661818385124207 -0.31082791090011597
0.07534126937389374 -0.5532849431037903 -0.2994649112224579
0.05718184635043144 -0.5403134226799011 -0.28768548369407654
0.04015897214412689 -0.5274969339370728 -0.2757588028907776
0.02435567043721676 -0.5149943828582764 -0.26388487219810486
0.009739352390170097 -0.5028833150863647 -0.25218939781188965
-0.0038149207830429077 -0.4911671578884125 -0.24072660505771637
-0.01650303788483143 -0.4797845482826233 -0.22948548197746277
-0.02857588604092598 -0.46861740946769714 -0.21839627623558044
-0.04032329097390175 -0.4575009346008301 -0.20733915269374847
-0.05192394554615021 -0.4463178217411041 -0.19622375071048737
-0.06342142075300217 -0.43502873182296753 -0.18502192199230194
-0.0748380795121193 -0.42360833287239075 -0.1737193614244461
-0.08618062734603882 -0.41204187273979187 -0.1623132973909378
-0.09744030982255936 -0.4003257751464844 -0.15081284940242767
-0.10859183967113495 -0.38846826553344727 -0.1392405927181244
-0.11959204077720642 -0.376490980386734 -0.12763413786888123
-0.13041211664676666 -0.3643905520439148 -0.11601344496011734
-0.14116919040679932 -0.3519832193851471 -0.1042480394244194
-0.151995450258255 -0.3390592336654663 -0.09219323098659515
-0.16297757625579834 -0.325457364320755 -0.07975475490093231
-0.17414923012256622 -0.3110805153846741 -0.06690023839473724
-0.18548214435577393 -0.29591459035873413 -0.05367196723818779
-0.19687901437282562 -0.28004777431488037 -0.04019775986671448
-0.2081720232963562 -0.26368463039398193 -0.02669539302587509
-0.21916526556015015 -0.24717241525650024 -0.013452606275677681
-0.22973839938640594 -0.23089931905269623 -0.0007198762032203376
-0.23986083269119263 -0.2151377648115158 0.011358516290783882
-0.2495809644460678 -0.20003214478492737 0.02274075336754322
-0.25901302695274353 -0.1856115460395813 0.03347170725464821
-0.26832517981529236 -0.17180800437927246 0.043665461242198944
-0.27773207426071167 -0.1584736853837967 0.053490981459617615
-0.2874779999256134 -0.14539362490177155 0.06315454095602036
-0.2976666986942291 -0.13232173025608063 0.07279276102781296
-0.30828365683555603 -0.1190490573644638 0.08246142417192459
-0.3192838430404663 -0.10541420429944992 0.09218097478151321
-0.33058834075927734 -0.09130169451236725 0.10193772614002228
-0.3420810401439667 -0.0766431987285614 0.1116839274764061
-0.353606641292572 -0.061421457678079605 0.12133782356977463
-0.3649701774120331 -0.045674704015254974 0.13078461587429047
-0.3759845197200775 -0.029515063390135765 0.139892578125
-0.3865966200828552 -0.013121013529598713 0.14856740832328796
-0.3968130350112915 0.0033627839293330908 0.15675170719623566
-0.4066728949546814 0.01984356716275215 0.16441726684570312
-0.41624364256858826 0.03627929463982582 0.17156048119068146
-0.4256175756454468 0.052676454186439514 0.17819757759571075
-0.4349103271961212 0.06908801943063736 0.18436048924922943
-0.44425907731056213 0.08561214059591293 0.1900937706232071
-0.4537762999534607 0.1023571714758873 0.19546300172805786
-0.46352124214172363 0.11939505487680435 0.2005406767129898
-0.47353628277778625 0.13676898181438446 0.20538681745529175
-0.4838482141494751 0.15449337661266327 0.2100500762462616
-0.4944673478603363 0.17255215346813202 0.214569553732872
-0.5053855180740356 0.19089536368846893 0.21897538006305695
-0.5165738463401794 0.20943674445152283 0.2232896387577057
-0.5279874801635742 0.22806933522224426 0.22751778364181519
-0.5396071076393127 0.24677544832229614 0.23160359263420105
-0.5514265298843384 0.2655794322490692 0.23546667397022247
-0.5634393692016602 0.28450673818588257 0.2390255481004715
-0.5756379961967468 0.3035827875137329 0.24219784140586853
-0.5880146622657776 0.3228335678577423 0.24490109086036682
-0.6005606055259705 0.3422849774360657 0.24705302715301514
-0.6132668256759644 0.36196327209472656 0.2485724538564682
-0.6261643171310425 0.38192155957221985 0.24942335486412048
-0.6393675804138184 0.40227022767066956 0.2496618777513504
-0.6530033349990845 0.4231288731098175 0.2493579238653183
-0.6671995520591736 0.44461944699287415 0.2485835701227188
-0.6820854544639587 0.4668658673763275 0.24741260707378387
-0.6977909207344055 0.4899936020374298 0.24591994285583496
-0.714445948600769 0.5141294598579407 0.24418121576309204
-0.7322080731391907 0.5394362211227417 0.2422730177640915
-0.751598060131073 0.566547691822052 0.2402830272912979
-0.7733543515205383 0.5963758826255798 0.23831117153167725
-0.7981246709823608 0.6297133564949036 0.2364625632762909
-0.8264263868331909 0.6671860814094543 0.2348446547985077
-0.8586110472679138 0.7092111110687256 0.2335628867149353
-0.8948308229446411 0.7559589743614197 0.23271459341049194
-0.9350149035453796 0.8073256611824036 0.2323828935623169
0.947411835193634 -1.268896460533142 -0.2677706480026245
0.8313413262367249 -1.111372709274292 -0.3129689693450928
0.7456026673316956 -1.0047008991241455 -0.3423595130443573
0.677828311920166 -0.9298171401023865 -0.36166951060295105
0.6211068034172058 -0.8760556578636169 -0.37409207224845886
0.5712583661079407 -0.8367568254470825 -0.3816312253475189
0.5256621837615967 -0.8072543144226074 -0.3857315182685852
0.4827401041984558 -0.7838543653488159 -0.3876131772994995
0.4417540431022644 -0.7633489966392517 -0.38844263553619385
0.4028468430042267 -0.744072675704956 -0.38887906074523926
0.3665172755718231 -0.7261288166046143 -0.3888753652572632
0.33302682638168335 -0.7096166610717773 -0.3883441388607025
0.30239593982696533 -0.694516122341156 -0.3872051537036896
0.2744448482990265 -0.6807088255882263 -0.38537877798080444
0.24883611500263214 -0.667998731136322 -0.382777601480484
0.22510845959186554 -0.6561286449432373 -0.3792955279350281
0.20271171629428864 -0.6447919607162476 -0.37480419874191284
0.181174635887146 -0.6336945295333862 -0.3692246675491333
0.16017788648605347 -0.6226018667221069 -0.362515389919281
0.13951781392097473 -0.6113332509994507 -0.35465192794799805
0.11910219490528107 -0.5997628569602966 -0.3456436097621918
0.09895160794258118 -0.5878251791000366 -0.3355517089366913
0.07920147478580475 -0.5755243897438049 -0.3245074152946472
0.06009847670793533 -0.56294184923172 -0.3127260208129883
0.04194771498441696 -0.5502514839172363 -0.30049553513526917
0.024949373677372932 -0.537672221660614 -0.28808659315109253
0.009171607904136181 -0.5253603458404541 -0.275703489780426
-0.0054277656599879265 -0.5133962631225586 -0.26347771286964417
-0.018979240208864212 -0.5017908215522766 -0.25146985054016113
-0.03168133646249771 -0.4904932379722595 -0.23967532813549042
-0.043785419315099716 -0.479398638010025 -0.22803038358688354
-0.055579494684934616 -0.46835723519325256 -0.21642076969146729
-0.06723272800445557 -0.4572657644748688 -0.2047635316848755
-0.07877589762210846 -0.446093887090683 -0.19303731620311737
-0.09022239595651627 -0.4348216652870178 -0.18123167753219604
-0.10157375037670135 -0.4234369099140167 -0.1693446785211563
-0.1128196194767952 -0.41193443536758423 -0.15738306939601898
-0.12393705546855927 -0.40031713247299194 -0.1453631967306137
-0.1348894089460373 -0.3885965645313263 -0.1333121955394745
-0.1456562876701355 -0.37675756216049194 -0.1212369054555893
-0.15635205805301666 -0.36461907625198364 -0.10900190472602844
-0.1671026647090912 -0.3519773781299591 -0.09646131843328476
-0.1779898852109909 -0.3386739194393158 -0.08351995050907135
-0.18904441595077515 -0.3246089816093445 -0.07014430314302444
-0.20023787021636963 -0.30975955724716187 -0.05637560412287712
-0.21147578954696655 -0.29419806599617004 -0.04234129190444946
-0.22259578108787537 -0.2781076431274414 -0.028260786086320877
-0.23342078924179077 -0.26179683208465576 -0.014413551427423954
-0.24386194348335266 -0.24560481309890747 -0.0010292937513440847
-0.2539067566394806 -0.22977948188781738 0.011755489744246006
-0.2636086344718933 -0.21446457505226135 0.02389492280781269
-0.27307671308517456 -0.19970542192459106 0.03542250767350197
-0.28246647119522095 -0.18546131253242493 0.04643722623586655
-0.2919731140136719 -0.17161844670772552 0.057091109454631805
-0.3018132448196411 -0.15800225734710693 0.06757067143917084
-0.31205251812934875 -0.14442144334316254 0.07798367738723755
-0.32264330983161926 -0.13071759045124054 0.08836042881011963
-0.3335196375846863 -0.11676539480686188 0.09870678931474686
-0.34459632635116577 -0.10247095674276352 0.10900583863258362
-0.3557676672935486 -0.08777099847793579 0.11921881139278412
-0.36690640449523926 -0.07263391464948654 0.12928584218025208
-0.37786465883255005 -0.05706112086772919 0.1391271948814392
-0.3885094225406647 -0.04111134260892868 0.148650661110878
-0.3988155424594879 -0.024922624230384827 0.15778140723705292
-0.4088020622730255 -0.008611902594566345 0.1664704531431198
-0.4185112714767456 0.007744728587567806 0.1746911108493805
-0.428005576133728 0.024110810831189156 0.18243537843227386
-0.437366783618927 0.040488142520189285 0.1897108256816864
-0.4466950595378876 0.05691568925976753 0.1965373456478119
-0.45610880851745605 0.07346995174884796 0.20294563472270966
-0.46570974588394165 0.0902523323893547 0.20899470150470734
-0.4755566120147705 0.10734820365905762 0.2147587537765503
-0.48569032549858093 0.12481272220611572 0.22029832005500793
-0.49613410234451294 0.14266888797283173 0.22566069662570953
-0.5068920254707336 0.16090527176856995 0.23088160157203674
-0.5179463028907776 0.17947164177894592 0.2359856367111206
-0.5292544364929199 0.19827549159526825 0.24098680913448334
-0.5407547950744629 0.2171965092420578 0.2458801418542862
-0.552416205406189 0.2361961007118225 0.2505991756916046
-0.5642257928848267 0.2552800476551056 0.25505468249320984
-0.5761741399765015 0.2744610011577606 0.2591579258441925
-0.5882545709609985 0.2937577962875366 0.2628210186958313
-0.6004642844200134 0.313196063041687 0.26595717668533325
-0.6128040552139282 0.3328082859516144 0.26848116517066956
-0.6252787113189697 0.352634072303772 0.2703094780445099
-0.6379353404045105 0.37274545431137085 0.2714076340198517
-0.6509010791778564 0.3932701647281647 0.2718411087989807
-0.6643106937408447 0.4143388569355011 0.27168962359428406
-0.6782971024513245 0.43607816100120544 0.271035760641098
-0.6929895281791687 0.45860961079597473 0.2699645757675171
-0.7085128426551819 0.48204824328422546 0.26856324076652527
-0.7249861359596252 0.5065015554428101 0.266920804977417
-0.7425510883331299 0.5321089625358582 0.26512661576271057
-0.7617383003234863 0.5595424771308899 0.26325520873069763
-0.7832955121994019 0.5897707343101501 0.2613755464553833
-0.8078371286392212 0.6235840916633606 0.25956350564956665
-0.835793673992157 0.6615307331085205 0.2578996419906616
-0.8673665523529053 0.7038627862930298 0.25646427273750305
-0.9024978876113892 0.750500500202179 0.25533148646354675
-0.9408597350120544 0.8010209202766418 0.254562646150589
0.9466878771781921 -1.3181160688400269 -0.29038721323013306
0.8246360421180725 -1.1383979320526123 -0.33673837780952454
0.7367011308670044 -1.0204626321792603 -0.36597535014152527
0.6681337952613831 -0.9396610856056213 -0.38471782207489014
0.6110786199569702 -0.8828801512718201 -0.39647048711776733
0.5609546303749084 -0.8422480821609497 -0.40334054827690125
0.5149821639060974 -0.8124134540557861 -0.40679413080215454
0.47156310081481934 -0.7892231941223145 -0.40804266929626465
0.43004459142684937 -0.7690943479537964 -0.40823906660079956
0.39065778255462646 -0.7501519322395325 -0.40804386138916016
0.3539030849933624 -0.7324888110160828 -0.40742388367652893
0.3200359344482422 -0.7162126302719116 -0.4063027799129486
0.28906959295272827 -0.701314389705658 -0.404607355594635
0.260816365480423 -0.6876888275146484 -0.4022619426250458
0.23492945730686188 -0.6751542687416077 -0.39918002486228943
0.21093705296516418 -0.6634681820869446 -0.395254522562027
0.18827949464321136 -0.6523393392562866 -0.390354186296463
0.16649129986763 -0.6414812207221985 -0.3843920826911926
0.14526523649692535 -0.6306604743003845 -0.3773174285888672
0.12440796941518784 -0.6196951270103455 -0.3690977990627289
0.10383569449186325 -0.6084542870521545 -0.3597351014614105
0.08357501029968262 -0.5968633890151978 -0.34928253293037415
0.06376440823078156 -0.5849127173423767 -0.33786287903785706
0.04465004429221153 -0.5726649761199951 -0.32568255066871643
0.026527313515543938 -0.5602729916572571 -0.31302157044410706
0.009573651477694511 -0.5479422807693481 -0.30014705657958984
-0.006160486955195665 -0.5358234643936157 -0.2872638404369354
-0.020728062838315964 -0.523999035358429 -0.2745072841644287
-0.03426491841673851 -0.5124870538711548 -0.2619439959526062
-0.046970922499895096 -0.5012484192848206 -0.2495766431093216
-0.05909573659300804 -0.49019289016723633 -0.23734962940216064
-0.0709226056933403 -0.4791880249977112 -0.22515752911567688
-0.08260922878980637 -0.4681476950645447 -0.2129288613796234
-0.09417372941970825 -0.4570538401603699 -0.20065292716026306
-0.10562153905630112 -0.44589492678642273 -0.18832604587078094
-0.11695072799921036 -0.4346628189086914 -0.17594876885414124
-0.12815210223197937 -0.4233528971672058 -0.16352619230747223
-0.1392086148262024 -0.4119639992713928 -0.1510683298110962
-0.15009458363056183 -0.40049853920936584 -0.1385907381772995
-0.1608024388551712 -0.3889302611351013 -0.12608537077903748
-0.1714445948600769 -0.3770807087421417 -0.1134113296866417
-0.1821397840976715 -0.364751935005188 -0.10042136162519455
-0.19296352565288544 -0.351787805557251 -0.08701888471841812
-0.2039419412612915 -0.3380860388278961 -0.07316854596138
-0.2150440812110901 -0.3236144185066223 -0.05890900269150734
-0.22617539763450623 -0.3084286153316498 -0.044364966452121735
-0.23717525601387024 -0.29268795251846313 -0.029754167422652245
-0.24788036942481995 -0.27665838599205017 -0.015344444662332535
-0.2582269608974457 -0.26062333583831787 -0.001342486939392984
-0.26821574568748474 -0.2447981983423233 0.012124047614634037
-0.27790138125419617 -0.22931818664073944 0.025004558265209198
-0.2873848080635071 -0.21423916518688202 0.037318360060453415
-0.2968054413795471 -0.19954435527324677 0.049144454300403595
-0.30633559823036194 -0.1851530373096466 0.06061127036809921
-0.3161613643169403 -0.17093241214752197 0.0718783289194107
-0.32631903886795044 -0.1567528396844864 0.08302361518144608
-0.3367428183555603 -0.1425149291753769 0.0940563753247261
-0.3473609685897827 -0.12813597917556763 0.10497419536113739
-0.35809579491615295 -0.11354885250329971 0.11576415598392487
-0.3688634932041168 -0.0987008661031723 0.12640388309955597
-0.37957361340522766 -0.08355346322059631 0.13686195015907288
-0.3901291787624359 -0.06808219105005264 0.14709866046905518
-0.40044909715652466 -0.0523032620549202 0.15706291794776917
-0.41052496433258057 -0.03631342947483063 0.16669510304927826
-0.4203777611255646 -0.020197780802845955 0.17594987154006958
-0.43004441261291504 -0.004010564181953669 0.18479830026626587
-0.43957674503326416 0.01222375500947237 0.19322532415390015
-0.44904059171676636 0.02850954793393612 0.20122729241847992
-0.4585166275501251 0.044879619032144547 0.20880979299545288
-0.46810099482536316 0.06139666959643364 0.2159874439239502
-0.4778815507888794 0.07815606147050858 0.2228110134601593
-0.4879150092601776 0.0952509418129921 0.22935618460178375
-0.49823975563049316 0.11274400353431702 0.2356838434934616
-0.5088747143745422 0.13066428899765015 0.24183978140354156
-0.5198176503181458 0.1490042805671692 0.24785614013671875
-0.5310420989990234 0.16771484911441803 0.25375160574913025
-0.5424939393997192 0.18670092523097992 0.25953158736228943
-0.5540979504585266 0.20583444833755493 0.26518017053604126
-0.5658139586448669 0.2250605970621109 0.27061963081359863
-0.5776250958442688 0.24436959624290466 0.2757512629032135
-0.589520275592804 0.2637629210948944 0.2804781496524811
-0.6014951467514038 0.28325313329696655 0.2847058176994324
-0.6135519742965698 0.30286461114883423 0.28834226727485657
-0.6257002949714661 0.3226340711116791 0.2912980914115906
-0.6379572153091431 0.3426107168197632 0.2934861481189728
-0.6503846645355225 0.36288341879844666 0.2948729991912842
-0.663122832775116 0.3835987448692322 0.2955337464809418
-0.6763157844543457 0.40490037202835083 0.2955591380596161
-0.6901016235351562 0.4269205629825592 0.29504305124282837
-0.7046096920967102 0.44977787137031555 0.2940828502178192
-0.7199592590332031 0.47357529401779175 0.2927793860435486
-0.7362568378448486 0.4983976185321808 0.29123687744140625
-0.7536254525184631 0.5243551135063171 0.2895576059818268
-0.7725892066955566 0.5521522164344788 0.2877841889858246
-0.7938833832740784 0.5828109979629517 0.2859213948249817
-0.818076491355896 0.6171234250068665 0.2839847207069397
-0.8455106019973755 0.6555728316307068 0.2820013463497162
-0.8762574195861816 0.6982767581939697 0.28000861406326294
-0.9100967645645142 0.74495929479599 0.2780514359474182
-0.9465270638465881 0.7949665784835815 0.27617767453193665
0.9434213638305664 -1.364910364151001 -0.3168242573738098
0.8164509534835815 -1.1634705066680908 -0.3627293109893799
0.7269617319107056 -1.0349758863449097 -0.3908672332763672
0.6579580307006836 -0.9488040208816528 -0.40848204493522644
0.6007658243179321 -0.8893694281578064 -0.4192379415035248
0.5504844188690186 -0.847626805305481 -0.4252578318119049
0.5042245388031006 -0.8175868391990662 -0.42797449231147766
0.46039411425590515 -0.7946774959564209 -0.42854979634284973
0.4184350073337555 -0.7749757766723633 -0.4280877113342285
0.3786561191082001 -0.7564090490341187 -0.4272305965423584
0.34154030680656433 -0.7390541434288025 -0.4259590804576874
0.30732619762420654 -0.7230231165885925 -0.4242088198661804
0.2760174572467804 -0.7083187103271484 -0.4219147861003876
0.2474217265844345 -0.6948522925376892 -0.41900619864463806
0.22119002044200897 -0.6824612617492676 -0.4153987765312195
0.19684909284114838 -0.6709241271018982 -0.41098615527153015
0.17383986711502075 -0.6599714756011963 -0.4056364595890045
0.15171295404434204 -0.6493276953697205 -0.3992563486099243
0.1301811784505844 -0.6387632489204407 -0.3917877674102783
0.10906701534986496 -0.6280954480171204 -0.38319218158721924
0.08829839527606964 -0.6171884536743164 -0.37346503138542175
0.0679088681936264 -0.6059572696685791 -0.3626522421836853
0.04803800955414772 -0.5943755507469177 -0.35086727142333984
0.02892671525478363 -0.5824829936027527 -0.338304728269577
0.010853881016373634 -0.5704064965248108 -0.3252315819263458
-0.006031069438904524 -0.5583348870277405 -0.311906635761261
-0.021698780357837677 -0.5464119911193848 -0.2985316812992096
-0.03621479868888855 -0.534721314907074 -0.2852438986301422
-0.049720779061317444 -0.523288905620575 -0.2721156179904938
-0.06241730600595474 -0.5120880007743835 -0.2591581344604492
-0.07455079257488251 -0.5010451674461365 -0.24632638692855835
-0.08639741688966751 -0.49004799127578735 -0.2335272878408432
-0.09810196608304977 -0.47902965545654297 -0.22070463001728058
-0.10967003554105759 -0.46798622608184814 -0.20786119997501373
-0.1210997924208641 -0.45691558718681335 -0.19500158727169037
-0.1323872059583664 -0.44581496715545654 -0.18212972581386566
-0.14352604746818542 -0.4346805810928345 -0.16924898326396942
-0.15450723469257355 -0.42350754141807556 -0.15636231005191803
-0.16531875729560852 -0.4122900366783142 -0.14347249269485474
-0.17596830427646637 -0.4009911119937897 -0.13055504858493805
-0.1865658015012741 -0.38943520188331604 -0.11746394634246826
-0.19722172617912292 -0.37743088603019714 -0.10405158996582031
-0.20800408720970154 -0.36482518911361694 -0.09022077918052673
-0.2189328819513321 -0.35151416063308716 -0.0759345218539238
-0.22997327148914337 -0.3374573588371277 -0.06122845038771629
-0.24102886021137238 -0.32269394397735596 -0.046222832053899765
-0.251939594745636 -0.3073587715625763 -0.03113059140741825
-0.2625523507595062 -0.2916735112667084 -0.016204966232180595
-0.2728220224380493 -0.275863379240036 -0.0016285756137222052
-0.28275781869888306 -0.26010575890541077 0.012480841018259525
-0.292412132024765 -0.24452024698257446 0.02606830932199955
-0.3018747568130493 -0.22916632890701294 0.03913785517215729
-0.31126704812049866 -0.2140461653470993 0.05174564942717552
-0.32073652744293213 -0.1991090178489685 0.06399224698543549
-0.3304389715194702 -0.1842624992132187 0.07600561529397964
-0.3403930068016052 -0.16943985223770142 0.08783671259880066
-0.3505313992500305 -0.15460315346717834 0.09948085248470306
-0.360790878534317 -0.13971498608589172 0.11093397438526154
-0.371112197637558 -0.12473804503679276 0.12219290435314178
-0.3814403712749481 -0.10963490605354309 0.1332554668188095
-0.3917236626148224 -0.09436777234077454 0.14412030577659607
-0.40191376209259033 -0.07889840006828308 0.1547868549823761
-0.41197362542152405 -0.06321385502815247 0.16524146497249603
-0.42190036177635193 -0.047373708337545395 0.17543332278728485
-0.43170833587646484 -0.031431738287210464 0.18531614542007446
-0.4414231777191162 -0.015418605878949165 0.1948559731245041
-0.45108217000961304 0.0006571394042111933 0.20402930676937103
-0.4607335925102234 0.01680857315659523 0.21282127499580383
-0.4704378545284271 0.03307042643427849 0.22122396528720856
-0.4802683889865875 0.04950102046132088 0.2292366474866867
-0.4902982711791992 0.06619247794151306 0.2369021326303482
-0.5005802512168884 0.08324065059423447 0.24429678916931152
-0.5111480355262756 0.10071151703596115 0.25148114562034607
-0.522015392780304 0.11863749474287033 0.2584989070892334
-0.5331732034683228 0.1370140165090561 0.2653779685497284
-0.544586718082428 0.1557942032814026 0.27213069796562195
-0.5561922192573547 0.17488408088684082 0.2787536084651947
-0.5679041147232056 0.19415386021137238 0.285219669342041
-0.579676628112793 0.21353799104690552 0.29144012928009033
-0.5914912223815918 0.2330147624015808 0.29730677604675293
-0.6033375263214111 0.25257667899131775 0.3027145564556122
-0.6152141690254211 0.2722305357456207 0.30756205320358276
-0.6271287798881531 0.29199856519699097 0.31175145506858826
-0.6390986442565918 0.31191882491111755 0.3151881694793701
-0.6511510014533997 0.33204618096351624 0.31778013706207275
-0.6633609533309937 0.3524833917617798 0.3194935917854309
-0.6758822798728943 0.37339892983436584 0.32041290402412415
-0.6888692378997803 0.3949525058269501 0.32063907384872437
-0.7024650573730469 0.41728344559669495 0.3202765882015228
-0.7167991995811462 0.4405079483985901 0.31943488121032715
-0.7319840788841248 0.4647151231765747 0.31822818517684937
-0.7481116056442261 0.4899631440639496 0.3167761564254761
-0.7652813792228699 0.5163267850875854 0.3151932656764984
-0.7839904427528381 0.5445263981819153 0.3134744465351105
-0.8049371242523193 0.5756241679191589 0.311534583568573
-0.8286336660385132 0.6104152202606201 0.3093053698539734
-0.8553465008735657 0.6493430733680725 0.3067433536052704
-0.8850580453872681 0.6924427151679993 0.3038354814052582
-0.9174577593803406 0.7393262982368469 0.30060094594955444
-0.9519699215888977 0.78922039270401 0.29708993434906006
0.9368261098861694 -1.4056878089904785 -0.3473871052265167
0.806605875492096 -1.1849712133407593 -0.3909350335597992
0.716388463973999 -1.0474836826324463 -0.4169498383998871
0.6473532319068909 -0.9568960666656494 -0.4328658878803253
0.5902261734008789 -0.895372748374939 -0.4423058331012726
0.5399014353752136 -0.8528387546539307 -0.4473060667514801
0.49344074726104736 -0.8227601647377014 -0.4492074251174927
0.44928762316703796 -0.8002147674560547 -0.44908180832862854
0.4069855213165283 -0.7809935808181763 -0.447950154542923
0.36690613627433777 -0.762849748134613 -0.44641655683517456
0.32949280738830566 -0.7458358407020569 -0.4444730579853058
0.29495561122894287 -0.7300651669502258 -0.44206711649894714
0.26328590512275696 -0.7155517935752869 -0.4391419291496277
0.23429059982299805 -0.7022261023521423 -0.43563199043273926
0.20762678980827332 -0.6899497509002686 -0.43145671486854553
0.18283073604106903 -0.6785285472869873 -0.42651209235191345
0.15935653448104858 -0.6677214503288269 -0.42066866159439087
0.13678309321403503 -0.6572692394256592 -0.41382983326911926
0.11485235393047333 -0.6469475030899048 -0.40593254566192627
0.09340895712375641 -0.6365736722946167 -0.396934449672699
0.07239614427089691 -0.6260067224502563 -0.38682666420936584
0.05185503512620926 -0.6151496171951294 -0.3756486475467682
0.03192394599318504 -0.6039566397666931 -0.36350375413894653
0.012832589447498322 -0.5924395322799683 -0.35057148337364197
-0.005164371337741613 -0.5806947946548462 -0.3371011018753052
-0.02195145934820175 -0.5688925385475159 -0.323338121175766
-0.0375245027244091 -0.5571689605712891 -0.30947792530059814
-0.051964178681373596 -0.5456081628799438 -0.29565781354904175
-0.06541918218135834 -0.5342448949813843 -0.2819558382034302
-0.07809091359376907 -0.5230666995048523 -0.26839321851730347
-0.09022171795368195 -0.5120190382003784 -0.2549382448196411
-0.10207914561033249 -0.5010122060775757 -0.2415144294500351
-0.11379385739564896 -0.4900006949901581 -0.22808392345905304
-0.12535853683948517 -0.4789944887161255 -0.2146642655134201
-0.13676422834396362 -0.4680005609989166 -0.2012687772512436
-0.14800508320331573 -0.45702069997787476 -0.18790435791015625
-0.1590782254934311 -0.44605109095573425 -0.1745716631412506
-0.16998320817947388 -0.43508294224739075 -0.16126543283462524
-0.1807219386100769 -0.4241012632846832 -0.14797383546829224
-0.19131740927696228 -0.4130590558052063 -0.1346549391746521
-0.20187599956989288 -0.4017844498157501 -0.12115906178951263
-0.21249838173389435 -0.3900935649871826 -0.10734044760465622
-0.2232440859079361 -0.37783849239349365 -0.09310325235128403
-0.2341262847185135 -0.3649155795574188 -0.07841034233570099
-0.24510569870471954 -0.3512779176235199 -0.06329479068517685
-0.2560845613479614 -0.33695006370544434 -0.047871626913547516
-0.26690423488616943 -0.3220427334308624 -0.03234611824154854
-0.2774204909801483 -0.30673521757125854 -0.01695472002029419
-0.2876017391681671 -0.29119792580604553 -0.0018563794437795877
-0.29746150970458984 -0.2755689322948456 0.012841884046792984
-0.30704760551452637 -0.25994762778282166 0.027082158252596855
-0.3164374530315399 -0.2443908005952835 0.04085425287485123
-0.32573384046554565 -0.22891296446323395 0.054191697388887405
-0.33506011962890625 -0.21348778903484344 0.0671662986278534
-0.34454503655433655 -0.1980583369731903 0.07987397164106369
-0.3542022705078125 -0.18261295557022095 0.09234549850225449
-0.36397862434387207 -0.1671687811613083 0.10457127541303635
-0.37383002042770386 -0.15173056721687317 0.11655157804489136
-0.38372209668159485 -0.13629135489463806 0.1282956302165985
-0.3936294615268707 -0.12083300948143005 0.13982093334197998
-0.4035354554653168 -0.1053268238902092 0.15115226805210114
-0.41343146562576294 -0.0897340178489685 0.16232100129127502
-0.42331254482269287 -0.07402860373258591 0.17334142327308655
-0.4331713318824768 -0.05824240669608116 0.1841636747121811
-0.44300854206085205 -0.04240298643708229 0.19473542273044586
-0.45283564925193787 -0.02651943452656269 0.2050156593322754
-0.4626740515232086 -0.010583034716546535 0.21497267484664917
-0.47255560755729675 0.00543249910697341 0.22458256781101227
-0.482523113489151 0.021571369841694832 0.233827605843544
-0.49263107776641846 0.03789777681231499 0.24269668757915497
-0.5029393434524536 0.054504651576280594 0.25122717022895813
-0.5134939551353455 0.07148610055446625 0.2594948709011078
-0.524321973323822 0.08890744298696518 0.267558753490448
-0.5354300737380981 0.10680164396762848 0.2754594385623932
-0.5468020439147949 0.12516596913337708 0.28322017192840576
-0.5583953261375427 0.14395661652088165 0.2908466160297394
-0.5701385736465454 0.16308413445949554 0.2983267307281494
-0.5819392204284668 0.18242280185222626 0.3056231737136841
-0.5937499403953552 0.2019023597240448 0.3126378059387207
-0.605553388595581 0.22149352729320526 0.3192543387413025
-0.617341935634613 0.24118256568908691 0.3253604471683502
-0.629118025302887 0.2609714865684509 0.33084815740585327
-0.6408941149711609 0.280879408121109 0.33561357855796814
-0.6526939272880554 0.3009431064128876 0.3395559787750244
-0.6645522713661194 0.32121825218200684 0.34257689118385315
-0.676554799079895 0.34181904792785645 0.34464046359062195
-0.6888694167137146 0.36293962597846985 0.34583818912506104
-0.7016607522964478 0.38475924730300903 0.3462789058685303
-0.7150773406028748 0.40742725133895874 0.3460755944252014
-0.7292476296424866 0.43105822801589966 0.34534716606140137
-0.7442758679389954 0.45572608709335327 0.34421971440315247
-0.760236382484436 0.48145875334739685 0.3428262174129486
-0.7772000432014465 0.5082875490188599 0.34129175543785095
-0.79561448097229 0.5369214415550232 0.3395567536354065
-0.8161171674728394 0.5684361457824707 0.337436318397522
-0.8391615748405457 0.6036309599876404 0.33477070927619934
-0.8649643063545227 0.6429445743560791 0.3314419090747833
-0.8934765458106995 0.6864057779312134 0.32738587260246277
-0.924383819103241 0.7336264848709106 0.32259973883628845
-0.9571407437324524 0.7838482856750488 0.31714197993278503
0.926645815372467 -1.438257098197937 -0.38180574774742126
0.7951036095619202 -1.2020233869552612 -0.4210238456726074
0.7050088047981262 -1.0575679540634155 -0.44392403960227966
0.6363250613212585 -0.9636955261230469 -0.45761170983314514
0.5794393420219421 -0.9007219672203064 -0.46545130014419556
0.5291633009910583 -0.8577488660812378 -0.4692911207675934
0.4825701117515564 -0.8278157114982605 -0.4703250825405121
0.43816596269607544 -0.805729329586029 -0.4694996178150177
0.39559856057167053 -0.787054717540741 -0.4677220284938812
0.3552863299846649 -0.7693973183631897 -0.4655382037162781
0.3176147937774658 -0.7527798414230347 -0.4629460871219635
0.28275519609451294 -0.7373100519180298 -0.45990097522735596
0.250684916973114 -0.723011314868927 -0.4563516080379486
0.22121459245681763 -0.7098345756530762 -0.45223650336265564
0.19401635229587555 -0.6976685523986816 -0.4474780261516571
0.1686481386423111 -0.6863512396812439 -0.4419757127761841
0.14459140598773956 -0.6756762266159058 -0.43560460209846497
0.12146501988172531 -0.6654044389724731 -0.42826855182647705
0.09904796630144119 -0.6553195714950562 -0.41990408301353455
0.0772118791937828 -0.6452406048774719 -0.41046881675720215
0.055917080491781235 -0.6350209712982178 -0.3999525010585785
0.03521113097667694 -0.6245512962341309 -0.38839057087898254
0.015226698480546474 -0.6137644648551941 -0.37587687373161316
-0.0038249497301876545 -0.6026415824890137 -0.3625747859477997
-0.021721621975302696 -0.5912454128265381 -0.34871208667755127
-0.03838600590825081 -0.5797260999679565 -0.3345166742801666
-0.05384156480431557 -0.568210780620575 -0.32017427682876587
-0.06818552315235138 -0.5567845702171326 -0.3058200776576996
-0.08157403767108917 -0.5454903244972229 -0.2915371358394623
-0.0942089706659317 -0.5343310832977295 -0.27735745906829834
-0.10632750391960144 -0.523272693157196 -0.26326504349708557
-0.11818689107894897 -0.5122503638267517 -0.24920305609703064
-0.1299027055501938 -0.5012401938438416 -0.23515468835830688
-0.14145486056804657 -0.4902653992176056 -0.2211526334285736
-0.1528274416923523 -0.47934097051620483 -0.20721864700317383
-0.16401302814483643 -0.46847203373908997 -0.19336189329624176
-0.1750122606754303 -0.4576539695262909 -0.17957936227321625
-0.18583300709724426 -0.4468725621700287 -0.16585597395896912
-0.19649070501327515 -0.43610385060310364 -0.1521643102169037
-0.20702233910560608 -0.42529040575027466 -0.13844427466392517
-0.21752949059009552 -0.41426554322242737 -0.12454479932785034
-0.2281021922826767 -0.40285471081733704 -0.1103246808052063
-0.23879079520702362 -0.39091673493385315 -0.0956917330622673
-0.24960172176361084 -0.37835052609443665 -0.08061055094003677
-0.2604920566082001 -0.36510542035102844 -0.06511267274618149
-0.2713642120361328 -0.35119399428367615 -0.04930747672915459
-0.2820638418197632 -0.3367050290107727 -0.033390384167432785
-0.292455792427063 -0.3217798173427582 -0.017579738050699234
-0.3025178611278534 -0.3065415322780609 -0.002012550598010421
-0.3122650980949402 -0.2910919785499573 0.013215165585279465
-0.321739137172699 -0.2755085229873657 0.02804460935294628
-0.33100512623786926 -0.2598404288291931 0.04245421290397644
-0.3401481807231903 -0.24410752952098846 0.05645766481757164
-0.3492697775363922 -0.22830025851726532 0.07010059803724289
-0.35847586393356323 -0.21238866448402405 0.08344989269971848
-0.3677859902381897 -0.1964012235403061 0.09652524441480637
-0.37717175483703613 -0.1803961545228958 0.1093212142586708
-0.3866148293018341 -0.16441300511360168 0.12184659391641617
-0.39610692858695984 -0.14847344160079956 0.1341228485107422
-0.4056496322154999 -0.13258202373981476 0.14618292450904846
-0.41525378823280334 -0.11672761291265488 0.15806984901428223
-0.42493897676467896 -0.10088425874710083 0.1698356717824936
-0.43471935391426086 -0.0850294977426529 0.1815098226070404
-0.4445747435092926 -0.06917941570281982 0.19303424656391144
-0.4544881284236908 -0.05334309861063957 0.20434564352035522
-0.4644545912742615 -0.03751186281442642 0.2153937816619873
-0.474480539560318 -0.021660003811120987 0.22613956034183502
-0.48458418250083923 -0.005744848866015673 0.23655331134796143
-0.494795024394989 0.010293747298419476 0.24661287665367126
-0.5051555037498474 0.02653535082936287 0.2563042640686035
-0.5157148838043213 0.043077826499938965 0.2656634747982025
-0.5265112519264221 0.060009684413671494 0.27476561069488525
-0.5375639796257019 0.07739175111055374 0.2836678922176361
-0.5488723516464233 0.09525444358587265 0.2924080491065979
-0.5604130625724792 0.11359481513500214 0.3010053038597107
-0.5721378922462463 0.13237155973911285 0.3094601631164551
-0.5839705467224121 0.15150079131126404 0.31775423884391785
-0.5958157777786255 0.17086437344551086 0.3258427381515503
-0.607627809047699 0.190392404794693 0.3336199223995209
-0.6193920373916626 0.21005278825759888 0.34096211194992065
-0.6311044096946716 0.22982905805110931 0.34775006771087646
-0.6427706480026245 0.2497207224369049 0.353868693113327
-0.6544074416160583 0.26974454522132874 0.3592066168785095
-0.6660420894622803 0.28993546962738037 0.3636549711227417
-0.6777135133743286 0.31034770607948303 0.36710599064826965
-0.6895154714584351 0.33110570907592773 0.3695186674594879
-0.7016292214393616 0.35243290662765503 0.3709888160228729
-0.7142297029495239 0.3745317757129669 0.37162989377975464
-0.7274701595306396 0.3975641131401062 0.3715597689151764
-0.7414774298667908 0.42164379358291626 0.37090378999710083
-0.7563456296920776 0.44682884216308594 0.36979660391807556
-0.7721291780471802 0.47311317920684814 0.36838215589523315
-0.7888665199279785 0.5004771947860718 0.3667946755886078
-0.8069406747817993 0.5295884609222412 0.3649255633354187
-0.8269162178039551 0.5615062117576599 0.36250102519989014
-0.8491963148117065 0.5970334410667419 0.3592813313007355
-0.8739808201789856 0.6366413831710815 0.3550833463668823
-0.9012458920478821 0.6804277896881104 0.34979647397994995
-0.930748462677002 0.7281140685081482 0.3433925211429596
-0.9620543718338013 0.7790840268135071 0.33592602610588074
0.9132720828056335 -1.4627419710159302 -0.4193453788757324
0.7821207046508789 -1.214790940284729 -0.45242270827293396
0.6928480863571167 -1.0652527809143066 -0.47132566571235657
0.6248095035552979 -0.9691029191017151 -0.4823249280452728
0.5682877898216248 -0.9052383899688721 -0.4883277416229248
0.5181153416633606 -0.8621388673782349 -0.49090418219566345
0.4714248478412628 -0.8325252532958984 -0.49105486273765564
0.4268036484718323 -0.811002254486084 -0.4895709156990051
0.3840029537677765 -0.7929602265357971 -0.4872203767299652
0.3434752821922302 -0.775879442691803 -0.4844712018966675
0.3055383563041687 -0.7597471475601196 -0.48131805658340454
0.2703201174736023 -0.7446594834327698 -0.4777163863182068
0.237784281373024 -0.7306453585624695 -0.4736144244670868
0.20775006711483002 -0.7176727652549744 -0.46894946694374084
0.17991375923156738 -0.7056583166122437 -0.4636438190937042
0.1538669615983963 -0.6944736242294312 -0.4575982987880707
0.12913239002227783 -0.6839489936828613 -0.45069196820259094
0.10537745803594589 -0.6738700866699219 -0.44283410906791687
0.08242129534482956 -0.6640310883522034 -0.4339667558670044
0.06016310304403305 -0.6542544960975647 -0.424052894115448
0.03857840225100517 -0.6443902850151062 -0.41308629512786865
0.017716648057103157 -0.6343172788619995 -0.40110263228416443
-0.002301950706169009 -0.6239481568336487 -0.3881898522377014
-0.021293362602591515 -0.6132343411445618 -0.3744976222515106
-0.039074983447790146 -0.6022045016288757 -0.360231876373291
-0.055607493966817856 -0.5909878015518188 -0.3455997407436371
-0.07094033062458038 -0.5797011256217957 -0.33077365159988403
-0.08518538624048233 -0.5684283375740051 -0.3158837854862213
-0.09850430488586426 -0.5572194457054138 -0.301016241312027
-0.11109719425439835 -0.5460911989212036 -0.2862129211425781
-0.12319367378950119 -0.5350294709205627 -0.2714737057685852
-0.13503816723823547 -0.5239940881729126 -0.25676289200782776
-0.1467309594154358 -0.5129824876785278 -0.24208571016788483
-0.15824124217033386 -0.5020307898521423 -0.22749078273773193
-0.16954784095287323 -0.4911614954471588 -0.21300847828388214
-0.18064329028129578 -0.4803825914859772 -0.19864985346794128
-0.19153285026550293 -0.4696884751319885 -0.18440771102905273
-0.20223335921764374 -0.45905980467796326 -0.17025697231292725
-0.21277351677417755 -0.4484637677669525 -0.1561543047428131
-0.22320373356342316 -0.4378340542316437 -0.14202222228050232
-0.2336196005344391 -0.42701029777526855 -0.1277102679014206
-0.24410027265548706 -0.4158286452293396 -0.11308395117521286
-0.2546871304512024 -0.40415623784065247 -0.09805653989315033
-0.2653806507587433 -0.3918967843055725 -0.08259565383195877
-0.27613574266433716 -0.378998339176178 -0.06673195213079453
-0.2868572771549225 -0.3654644191265106 -0.05056893453001976
-0.29739809036254883 -0.35136502981185913 -0.034290436655282974
-0.30763310194015503 -0.33680975437164307 -0.01809636689722538
-0.31754568219184875 -0.3218831717967987 -0.002104390412569046
-0.32715001702308655 -0.3066558241844177 0.013600149191915989
-0.33648061752319336 -0.29118335247039795 0.028959481045603752
-0.3455903232097626 -0.27550387382507324 0.043944116681814194
-0.3545478582382202 -0.2596362233161926 0.058552149683237076
-0.3634350299835205 -0.24357916414737701 0.07280751317739487
-0.37233874201774597 -0.22731930017471313 0.08675314486026764
-0.38129106163978577 -0.21090739965438843 0.10040668398141861
-0.3902941942214966 -0.19442638754844666 0.11377446353435516
-0.3993576765060425 -0.17794100940227509 0.1268763393163681
-0.4084985554218292 -0.16149845719337463 0.13974417746067047
-0.4177408218383789 -0.14512869715690613 0.15242058038711548
-0.4271153211593628 -0.12884564697742462 0.16495761275291443
-0.43665948510169983 -0.11264826357364655 0.17741575837135315
-0.44639477133750916 -0.09653233736753464 0.18982578814029694
-0.4562823474407196 -0.0805102214217186 0.20211251080036163
-0.4662845730781555 -0.06457997113466263 0.2141963541507721
-0.4763793647289276 -0.04871899634599686 0.22601594030857086
-0.48655933141708374 -0.03288506343960762 0.23752552270889282
-0.4968316853046417 -0.017016619443893433 0.2486928105354309
-0.5072178244590759 -0.0010322915622964501 0.25949686765670776
-0.5177538990974426 0.015170633792877197 0.26992809772491455
-0.5284836888313293 0.03169843181967735 0.28002673387527466
-0.5394376516342163 0.048630744218826294 0.2898689806461334
-0.5506289005279541 0.06602036207914352 0.2995123267173767
-0.5620508193969727 0.08389168232679367 0.30899399518966675
-0.5736756324768066 0.1022382602095604 0.31833210587501526
-0.5854520201683044 0.12101835012435913 0.32752546668052673
-0.5973031520843506 0.1401512622833252 0.3365539014339447
-0.609135091304779 0.15952517092227936 0.3453693985939026
-0.6209040880203247 0.17907372117042542 0.35385870933532715
-0.6325979232788086 0.19876648485660553 0.3618888556957245
-0.644214391708374 0.21858873963356018 0.36933133006095886
-0.6557610630989075 0.2385413646697998 0.37606096267700195
-0.6672555804252625 0.2586424648761749 0.3819555938243866
-0.6787264943122864 0.27892810106277466 0.3868941366672516
-0.6902130246162415 0.29945388436317444 0.3907550871372223
-0.7018141150474548 0.3203568458557129 0.3934878408908844
-0.7137236595153809 0.3418920338153839 0.3951900899410248
-0.726125955581665 0.36428725719451904 0.3959770202636719
-0.7391785979270935 0.3877184987068176 0.39596855640411377
-0.7530059814453125 0.4122995138168335 0.39529338479042053
-0.7676911950111389 0.4380711317062378 0.3940922021865845
-0.783268392086029 0.4649907052516937 0.39251869916915894
-0.7997425198554993 0.4929814636707306 0.39071643352508545
-0.8174309730529785 0.5226473808288574 0.3885425925254822
-0.8368324041366577 0.5550108551979065 0.3856595754623413
-0.8583178520202637 0.5908796191215515 0.38177067041397095
-0.882099449634552 0.6307826638221741 0.3766445517539978
-0.908217191696167 0.6749382019042969 0.370130717754364
-0.9365425109863281 0.7232502698898315 0.3621682822704315
-0.9667964577674866 0.7753340005874634 0.3527860939502716
0.8972341418266296 -1.479830265045166 -0.4592211842536926
0.7678529620170593 -1.2236276865005493 -0.48456674814224243
0.6799251437187195 -1.0706268548965454 -0.4987039268016815
0.6127319931983948 -0.973038911819458 -0.5066200494766235
0.5566446781158447 -0.9087469577789307 -0.5105928182601929
0.5065959692001343 -0.865787923336029 -0.5118364095687866
0.45981183648109436 -0.8366554379463196 -0.5111189484596252
0.41497179865837097 -0.8158063888549805 -0.5090509057044983
0.37192702293395996 -0.798498272895813 -0.5062391757965088
0.33115535974502563 -0.7821047306060791 -0.5030550956726074
0.292904794216156 -0.7665736675262451 -0.4994790554046631
0.25726065039634705 -0.7519840002059937 -0.49545735120773315
0.2241758406162262 -0.7383641600608826 -0.49092891812324524
0.1934836357831955 -0.7256954312324524 -0.48582276701927185
0.16491267085075378 -0.7139174938201904 -0.48005402088165283
0.138099804520607 -0.7029340267181396 -0.4735201895236969
0.11262226849794388 -0.6926117539405823 -0.4661010801792145
0.08820005506277084 -0.6827623248100281 -0.45771536231040955
0.06469058245420456 -0.6731941103935242 -0.44831758737564087
0.04201683774590492 -0.6637358069419861 -0.4378829300403595
0.020163865759968758 -0.6542361974716187 -0.4264155626296997
-0.0008242381736636162 -0.644565761089325 -0.4139575660228729
-0.020848212763667107 -0.634620189666748 -0.4005972445011139
-0.03976038843393326 -0.6243250966072083 -0.3864760994911194
-0.05742303282022476 -0.613678514957428 -0.3717818558216095
-0.07383018732070923 -0.6027883291244507 -0.3566988408565521
-0.08905161172151566 -0.591759204864502 -0.34138309955596924
-0.1032090038061142 -0.5806711912155151 -0.3259568512439728
-0.11646523326635361 -0.5695781707763672 -0.31050610542297363
-0.12901490926742554 -0.5585079193115234 -0.2950803339481354
-0.14107663929462433 -0.5474631786346436 -0.2796933352947235
-0.15287898480892181 -0.5364254117012024 -0.26432907581329346
-0.16450807452201843 -0.525412380695343 -0.24901503324508667
-0.1759263277053833 -0.5144730806350708 -0.2338160276412964
-0.18711091578006744 -0.5036376118659973 -0.2187713384628296
-0.19805705547332764 -0.492917537689209 -0.20389413833618164
-0.20877668261528015 -0.4823067784309387 -0.1891734004020691
-0.2192968875169754 -0.4717823565006256 -0.17457465827465057
-0.22965985536575317 -0.4613041579723358 -0.1600399762392044
-0.23992861807346344 -0.45079919695854187 -0.145476296544075
-0.2501925528049469 -0.4401148855686188 -0.13073566555976868
-0.2605198323726654 -0.42909905314445496 -0.11569170653820038
-0.27094370126724243 -0.41762861609458923 -0.10026424378156662
-0.2814600467681885 -0.40561342239379883 -0.08442458510398865
-0.2920233905315399 -0.3930028975009918 -0.06820286065340042
-0.3025432825088501 -0.3797943890094757 -0.05169625207781792
-0.3128829002380371 -0.36604300141334534 -0.035075850784778595
-0.3229278326034546 -0.3518330454826355 -0.018523624166846275
-0.33266395330429077 -0.33721983432769775 -0.002141173230484128
-0.34210237860679626 -0.32224881649017334 0.01399573590606451
-0.3512699007987976 -0.30695614218711853 0.02983184903860092
-0.36020734906196594 -0.2913667857646942 0.04533325135707855
-0.36896833777427673 -0.2754933536052704 0.06048736721277237
-0.3776172995567322 -0.2593350112438202 0.07530219852924347
-0.3862248361110687 -0.24288390576839447 0.08980321884155273
-0.39483898878097534 -0.22619447112083435 0.10401494055986404
-0.4034937620162964 -0.20935563743114471 0.11796186119318008
-0.41222622990608215 -0.19244587421417236 0.13167685270309448
-0.4210757613182068 -0.1755327731370926 0.14519959688186646
-0.4300840198993683 -0.15867239236831665 0.15857596695423126
-0.43929457664489746 -0.14190979301929474 0.17185716331005096
-0.44875267148017883 -0.1252792328596115 0.1850988119840622
-0.45847707986831665 -0.10880851745605469 0.1983185112476349
-0.4684060215950012 -0.09251835942268372 0.2114146649837494
-0.4784797430038452 -0.0764036551117897 0.22428643703460693
-0.488659143447876 -0.060431886464357376 0.23685947060585022
-0.4989250898361206 -0.04454506188631058 0.24908266961574554
-0.5092772245407104 -0.028660794720053673 0.2609250545501709
-0.5197337865829468 -0.012672188691794872 0.2723727524280548
-0.530331552028656 0.0035528521984815598 0.2834283113479614
-0.5411132574081421 0.020132016390562057 0.2941427230834961
-0.5521054863929749 0.03713388741016388 0.30459731817245483
-0.563317596912384 0.054600272327661514 0.314853310585022
-0.5747401118278503 0.07254622876644135 0.324951171875
-0.586344301700592 0.09095790982246399 0.33491209149360657
-0.5980792045593262 0.10978864133358002 0.3447374403476715
-0.6098703742027283 0.12895572185516357 0.3544096052646637
-0.6216284036636353 0.14834891259670258 0.3638816773891449
-0.6333104372024536 0.16790637373924255 0.37303051352500916
-0.6449033617973328 0.18760338425636292 0.3817093074321747
-0.6564037799835205 0.20743127167224884 0.38977551460266113
-0.667818009853363 0.22739754617214203 0.3970896005630493
-0.6791620850563049 0.24752722680568695 0.4035138189792633
-0.6904624104499817 0.2678637206554413 0.40891003608703613
-0.7017563581466675 0.2884708642959595 0.4131377041339874
-0.7131451368331909 0.3095035254955292 0.41613253951072693
-0.7248343229293823 0.3312496244907379 0.41799238324165344
-0.7370171546936035 0.3539634048938751 0.4188326895236969
-0.7498545050621033 0.37783539295196533 0.4187731146812439
-0.7634685039520264 0.40297970175743103 0.41794443130493164
-0.7779321074485779 0.4294188618659973 0.4164925813674927
-0.7932596206665039 0.4570710062980652 0.4145810008049011
-0.8094249367713928 0.4857977032661438 0.4123658537864685
-0.8266909718513489 0.5161277651786804 0.40968847274780273
-0.8455098867416382 0.5490375757217407 0.4061756432056427
-0.8662430644035339 0.5853426456451416 0.401498019695282
-0.8891385197639465 0.625644862651825 0.39539313316345215
-0.91432124376297 0.6703088283538818 0.3876765966415405
-0.9417964220046997 0.7194602489471436 0.37824755907058716
-0.9714574813842773 0.7729980945587158 0.3670867681503296
0.8791192770004272 -1.4905890226364136 -0.5006899237632751
0.752493679523468 -1.228999137878418 -0.516936182975769
0.6662492156028748 -1.0738145112991333 -0.525640070438385
0.6000109910964966 -0.9754367470741272 -0.5301328301429749
0.5443797707557678 -0.9110787510871887 -0.5319170951843262
0.4944423735141754 -0.8684787750244141 -0.5317859053611755
0.4475395977497101 -0.8399739265441895 -0.5302401781082153
0.40244752168655396 -0.8199140429496765 -0.5276877880096436
0.35910987854003906 -0.8034515380859375 -0.5245537757873535
0.3180258274078369 -0.7878690361976624 -0.5210954546928406
0.279379665851593 -0.7730734944343567 -0.51726895570755
0.24321985244750977 -0.7591227889060974 -0.5130016803741455
0.209493488073349 -0.7460389733314514 -0.5082140564918518
0.17805394530296326 -0.7338100075721741 -0.5028175115585327
0.14866980910301208 -0.7223931550979614 -0.4967123568058014
0.12103315442800522 -0.7117177248001099 -0.4897838234901428
0.09478668868541718 -0.7016819715499878 -0.4819065034389496
0.06970202922821045 -0.6921243667602539 -0.473010778427124
0.045667219907045364 -0.6828691959381104 -0.46307018399238586
0.02262081950902939 -0.6737544536590576 -0.4520789682865143
0.0005485874717123806 -0.6646314263343811 -0.44005855917930603
-0.020519841462373734 -0.6553665399551392 -0.4270648956298828
-0.040514979511499405 -0.6458442211151123 -0.41319459676742554
-0.05933348461985588 -0.6359716057777405 -0.3985903263092041
-0.07688489556312561 -0.6257222890853882 -0.38342833518981934
-0.09318768978118896 -0.6151832938194275 -0.3678705096244812
-0.1083228811621666 -0.6044454574584961 -0.35205477476119995
-0.12241453677415848 -0.5935819745063782 -0.33609262108802795
-0.1356208771467209 -0.5826468467712402 -0.3200666904449463
-0.1481262743473053 -0.5716742277145386 -0.30403009057044983
-0.1601344645023346 -0.5606784224510193 -0.28800633549690247
-0.17185555398464203 -0.5496578216552734 -0.2719952464103699
-0.18336400389671326 -0.5386474132537842 -0.2560439705848694
-0.19462153315544128 -0.5277090072631836 -0.24023354053497314
-0.2056087702512741 -0.5168818235397339 -0.22461238503456116
-0.21632762253284454 -0.5061818957328796 -0.20919664204120636
-0.22679930925369263 -0.49560457468032837 -0.19397243857383728
-0.23706260323524475 -0.48512527346611023 -0.17889773845672607
-0.24717357754707336 -0.47469979524612427 -0.16390269994735718
-0.25720709562301636 -0.4642516076564789 -0.1488819420337677
-0.26724594831466675 -0.45363733172416687 -0.13369160890579224
-0.2773481607437134 -0.4427171051502228 -0.11821410804986954
-0.28753989934921265 -0.4313785135746002 -0.10237618535757065
-0.29781395196914673 -0.4195389747619629 -0.08615289628505707
-0.308126300573349 -0.4071509838104248 -0.06957363337278366
-0.3183935880661011 -0.3942088186740875 -0.05272895097732544
-0.3284914195537567 -0.38075628876686096 -0.03577639162540436
-0.3383163511753082 -0.36685892939567566 -0.018881188705563545
-0.3478541076183319 -0.3525521159172058 -0.0021328155416995287
-0.3571110963821411 -0.3378627598285675 0.014400779269635677
-0.3661055862903595 -0.3228106200695038 0.030667662620544434
-0.37486732006073 -0.30740776658058167 0.04663262516260147
-0.3834361732006073 -0.29165688157081604 0.0622774101793766
-0.391861230134964 -0.27555087208747864 0.07760044187307358
-0.40019965171813965 -0.2590775787830353 0.09261719882488251
-0.40851566195487976 -0.24227675795555115 0.1073673665523529
-0.416873574256897 -0.22522477805614471 0.12189965695142746
-0.4253351092338562 -0.20800019800662994 0.13626156747341156
-0.4339582026004791 -0.19068323075771332 0.1504983901977539
-0.4427967071533203 -0.1733541488647461 0.1646530032157898
-0.45189982652664185 -0.15609267354011536 0.17876555025577545
-0.46131178736686707 -0.1389768421649933 0.1928730010986328
-0.47103914618492126 -0.12207869440317154 0.20696453750133514
-0.4809947907924652 -0.10544002056121826 0.22090278565883636
-0.4910968840122223 -0.08906109631061554 0.23456107079982758
-0.5012907981872559 -0.07290384918451309 0.24785105884075165
-0.5115484595298767 -0.05689582973718643 0.2607186734676361
-0.521866500377655 -0.04093246906995773 0.2731389105319977
-0.5322652459144592 -0.0248781219124794 0.2851116359233856
-0.5427884459495544 -0.008566519245505333 0.2966596186161041
-0.5534838438034058 0.008134311996400356 0.30785173177719116
-0.5643783807754517 0.025281084701418877 0.31877976655960083
-0.5754815936088562 0.04290282353758812 0.3295135498046875
-0.5867851376533508 0.061002396047115326 0.3401011526584625
-0.5982619524002075 0.07955453544855118 0.3505704998970032
-0.6098646521568298 0.09850211441516876 0.3609294593334198
-0.6215234994888306 0.11775341629981995 0.371166467666626
-0.633154034614563 0.13719208538532257 0.381237655878067
-0.6447108387947083 0.15676002204418182 0.39100515842437744
-0.6561754941940308 0.17644117772579193 0.4003015160560608
-0.6675394773483276 0.19623732566833496 0.4089639186859131
-0.6788045167922974 0.2161680907011032 0.4168328642845154
-0.6899822354316711 0.236272394657135 0.42375001311302185
-0.7010946869850159 0.2566094398498535 0.4295554757118225
-0.7121753096580505 0.2772611379623413 0.4340846836566925
-0.723327100276947 0.2984081208705902 0.437256395816803
-0.7347656488418579 0.3203713595867157 0.43916836380958557
-0.7466921806335449 0.3434310853481293 0.43993598222732544
-0.7592718601226807 0.36779284477233887 0.4396785795688629
-0.7726248502731323 0.39357075095176697 0.4385288655757904
-0.7868154048919678 0.42076829075813293 0.4366392195224762
-0.8018411993980408 0.449262410402298 0.4341857433319092
-0.8176496624946594 0.47884973883628845 0.4313422441482544
-0.834468424320221 0.5099829435348511 0.42795130610466003
-0.8527305126190186 0.5435958504676819 0.42362651228904724
-0.8728116154670715 0.5805173516273499 0.4180244207382202
-0.8950119018554688 0.6214280724525452 0.4108632802963257
-0.9195502996444702 0.6668452620506287 0.40192919969558716
-0.9465667009353638 0.7171231508255005 0.3910761773586273
-0.9761274456977844 0.7724616527557373 0.3782222270965576
0.8595201373100281 -1.4963589906692505 -0.5431115031242371
0.7362200617790222 -1.2314507961273193 -0.5490759015083313
0.6518169641494751 -1.074965238571167 -0.5517538785934448
0.5865572094917297 -0.9762391448020935 -0.5525209307670593
0.5313581824302673 -0.9120686650276184 -0.5519843101501465
0.4814910888671875 -0.8699973225593567 -0.5504579544067383
0.43441933393478394 -0.8422510027885437 -0.5481435656547546
0.3890140652656555 -0.8230969309806824 -0.5452243685722351
0.3453034460544586 -0.8075984716415405 -0.5419229865074158
0.3038071393966675 -0.7929568886756897 -0.5383665561676025
0.26465967297554016 -0.7790406346321106 -0.5344786047935486
0.2278832644224167 -0.7658844590187073 -0.5301600694656372
0.19342704117298126 -0.753499448299408 -0.5253045558929443
0.16117046773433685 -0.7418736219406128 -0.5197974443435669
0.130928173661232 -0.7309733629226685 -0.5135142803192139
0.10245462507009506 -0.7207452654838562 -0.5063188672065735
0.07546450942754745 -0.7111110687255859 -0.4980711340904236
0.04977346211671829 -0.7019323706626892 -0.48871251940727234
0.02528657764196396 -0.6930510401725769 -0.47824013233184814
0.0019456661539152265 -0.6843163371086121 -0.4666720926761627
-0.02027384378015995 -0.6755862832069397 -0.45405352115631104
-0.041366178542375565 -0.6667285561561584 -0.4404618442058563
-0.061298906803131104 -0.6576240062713623 -0.4260116517543793
-0.08001787960529327 -0.6481704711914062 -0.4108578860759735
-0.09747803211212158 -0.6383259296417236 -0.39517635107040405
-0.11370954662561417 -0.6281589269638062 -0.3791098892688751
-0.12879294157028198 -0.617745578289032 -0.36277902126312256
-0.14284570515155792 -0.6071497797966003 -0.3462830185890198
-0.15601474046707153 -0.5964212417602539 -0.3296978175640106
-0.16846945881843567 -0.585594892501831 -0.31307515501976013
-0.18039576709270477 -0.5746902823448181 -0.2964422106742859
-0.1919839233160019 -0.5637149214744568 -0.2798069715499878
-0.20330113172531128 -0.5527171492576599 -0.2632317543029785
-0.21431609988212585 -0.5417717099189758 -0.2468123584985733
-0.22501899302005768 -0.5309272408485413 -0.23060627281665802
-0.23542284965515137 -0.5202067494392395 -0.21463344991207123
-0.2455609291791916 -0.5096092820167542 -0.19887927174568176
-0.2554851174354553 -0.49911198019981384 -0.18329720199108124
-0.2652650475502014 -0.4886705279350281 -0.16780948638916016
-0.2749863266944885 -0.478208988904953 -0.15230326354503632
-0.28472527861595154 -0.4675943851470947 -0.1366400122642517
-0.29453057050704956 -0.4566996097564697 -0.12071087956428528
-0.3044230043888092 -0.4454232454299927 -0.10444905608892441
-0.3143934905529022 -0.4336911737918854 -0.08783288300037384
-0.3244013786315918 -0.42146047949790955 -0.07089054584503174
-0.33437180519104004 -0.40872469544410706 -0.053705550730228424
-0.34419456124305725 -0.39551976323127747 -0.03642160817980766
-0.3537766933441162 -0.3818986415863037 -0.019189031794667244
-0.3631012737751007 -0.36788493394851685 -0.0020896184723824263
-0.37216824293136597 -0.3534933030605316 0.01481409091502428
-0.3809874951839447 -0.338731586933136 0.031473543494939804
-0.38957810401916504 -0.32359975576400757 0.04785468056797981
-0.3979680836200714 -0.30808907747268677 0.06393808126449585
-0.4061935245990753 -0.2921815514564514 0.0797189474105835
-0.4143005907535553 -0.2758527100086212 0.09521044790744781
-0.42236825823783875 -0.2591124475002289 0.11047511547803879
-0.4304875135421753 -0.24200722575187683 0.12559109926223755
-0.43874043226242065 -0.22460168600082397 0.14062274992465973
-0.4471990764141083 -0.20697838068008423 0.1556195169687271
-0.45592397451400757 -0.1892368495464325 0.17061588168144226
-0.46496352553367615 -0.17149175703525543 0.18563149869441986
-0.4743521809577942 -0.15387029945850372 0.20067106187343597
-0.4840770959854126 -0.1364990770816803 0.2156803011894226
-0.4940243065357208 -0.119453564286232 0.23047687113285065
-0.5040913224220276 -0.10274848341941833 0.24490436911582947
-0.5142112970352173 -0.0863453671336174 0.25886088609695435
-0.5243510603904724 -0.07015898078680038 0.2722925543785095
-0.5345090627670288 -0.05406217277050018 0.2851860225200653
-0.5447132587432861 -0.03788841515779495 0.29756203293800354
-0.5550200343132019 -0.021433880552649498 0.30947113037109375
-0.5654881596565247 -0.004549201112240553 0.32100775837898254
-0.5761500000953674 0.012811625376343727 0.33228057622909546
-0.5870195031166077 0.030664531514048576 0.34337276220321655
-0.5980930924415588 0.04899824410676956 0.35434406995773315
-0.6093485951423645 0.06777217239141464 0.3652324974536896
-0.6207429766654968 0.08691266924142838 0.3760546147823334
-0.6322119832038879 0.10631046444177628 0.38680651783943176
-0.6436746716499329 0.12583325803279877 0.39744654297828674
-0.655078113079071 0.14542390406131744 0.4078149199485779
-0.66639244556427 0.16507691144943237 0.41771411895751953
-0.6775999665260315 0.18480828404426575 0.42695391178131104
-0.6886943578720093 0.20465561747550964 0.435348778963089
-0.699680745601654 0.22467929124832153 0.44271525740623474
-0.7105758190155029 0.24496431648731232 0.4488675594329834
-0.7214087843894958 0.2656230628490448 0.4536134600639343
-0.7322840690612793 0.286871075630188 0.45685261487960815
-0.7434269189834595 0.3090619444847107 0.4586842954158783
-0.7550462484359741 0.33250099420547485 0.4592248499393463
-0.7673113346099854 0.357408344745636 0.4585948586463928
-0.7803422808647156 0.38389796018600464 0.45693057775497437
-0.7941979169845581 0.41195425391197205 0.45439407229423523
-0.8088632225990295 0.44141149520874023 0.45117872953414917
-0.8242663741111755 0.47199979424476624 0.4474833309650421
-0.8406239151954651 0.5041050314903259 0.443163126707077
-0.8583821058273315 0.5386340022087097 0.4378305673599243
-0.8779533505439758 0.576437771320343 0.4311363697052002
-0.899701714515686 0.6182750463485718 0.42278459668159485
-0.9239389896392822 0.6648034453392029 0.4125336706638336
-0.9509298801422119 0.716585636138916 0.4001919627189636
-0.9808977246284485 0.7740999460220337 0.385609894990921
0.8389932513237 -1.4986531734466553 -0.5859919190406799
0.7191834449768066 -1.2315771579742432 -0.5806062817573547
0.6366094946861267 -1.0742456912994385 -0.5767055749893188
0.5722729563713074 -0.9753949046134949 -0.5734653472900391
0.5174417495727539 -0.9115563035011292 -0.5704918503761292
0.4675779640674591 -0.8701323866844177 -0.5675655007362366
0.42026546597480774 -0.8432595729827881 -0.5645567774772644
0.3744639456272125 -0.825128972530365 -0.5614001154899597
0.3302767872810364 -0.8107167482376099 -0.5580930709838867
0.28824833035469055 -0.7971464395523071 -0.5546155571937561
0.2484842836856842 -0.7842536568641663 -0.550853967666626
0.21099629998207092 -0.7720509767532349 -0.5466784834861755
0.17574530839920044 -0.7605358958244324 -0.5419504642486572
0.14264264702796936 -0.7496904730796814 -0.5365224480628967
0.11155211925506592 -0.7394821643829346 -0.5302374958992004
0.08229222893714905 -0.7298640012741089 -0.5229280591011047
0.054648809134960175 -0.720770537853241 -0.5144287943840027
0.028466075658798218 -0.7120805978775024 -0.5046882629394531
0.0036468603648245335 -0.7036519050598145 -0.4937267005443573
-0.01987922191619873 -0.6953468322753906 -0.4815881848335266
-0.04215867817401886 -0.6870328187942505 -0.4683448076248169
-0.06321720033884048 -0.6785848736763 -0.4541020095348358
-0.08306286484003067 -0.6698883175849915 -0.4390019178390503
-0.10169000178575516 -0.6608425378799438 -0.42322540283203125
-0.11909126490354538 -0.6514007449150085 -0.4069620668888092
-0.13529270887374878 -0.6416170001029968 -0.39034393429756165
-0.15036126971244812 -0.6315538883209229 -0.3734777271747589
-0.1643986850976944 -0.6212645173072815 -0.35645148158073425
-0.17753465473651886 -0.6107910871505737 -0.33933189511299133
-0.18992051482200623 -0.6001635193824768 -0.32216352224349976
-0.20172342658042908 -0.5893990397453308 -0.3049688935279846
-0.21311543881893158 -0.57850581407547 -0.2877540588378906
-0.2241627424955368 -0.5675399303436279 -0.2705881595611572
-0.23484930396080017 -0.5565876960754395 -0.25357863306999207
-0.24518097937107086 -0.545708179473877 -0.23679119348526
-0.25518572330474854 -0.5349324941635132 -0.22025039792060852
-0.2649112939834595 -0.52426677942276 -0.2039436548948288
-0.274422824382782 -0.5136935710906982 -0.1878240406513214
-0.2838025987148285 -0.5031732320785522 -0.1718117892742157
-0.2931448519229889 -0.492635041475296 -0.15579238533973694
-0.30251985788345337 -0.48195770382881165 -0.139633908867836
-0.31196844577789307 -0.47102662920951843 -0.12323512881994247
-0.32150712609291077 -0.45975130796432495 -0.10653477907180786
-0.33112674951553345 -0.44806647300720215 -0.08951351791620255
-0.3407909572124481 -0.4359346032142639 -0.07219759374856949
-0.3504343330860138 -0.42335036396980286 -0.054663173854351044
-0.35996121168136597 -0.41034507751464844 -0.03704031556844711
-0.3692883253097534 -0.39696410298347473 -0.01946694776415825
-0.3783935308456421 -0.383226215839386 -0.002021965105086565
-0.38726893067359924 -0.369139701128006 0.015234490856528282
-0.395915687084198 -0.35470426082611084 0.03225654363632202
-0.40434351563453674 -0.33991003036499023 0.04901283606886864
-0.412570059299469 -0.3247365951538086 0.06548653542995453
-0.4206209182739258 -0.3091525435447693 0.08167529106140137
-0.4285338222980499 -0.2931157052516937 0.09759724885225296
-0.43640053272247314 -0.2765958607196808 0.1133442148566246
-0.44433367252349854 -0.2595962584018707 0.1290281116962433
-0.45243123173713684 -0.24215465784072876 0.14473272860050201
-0.4607745409011841 -0.22434520721435547 0.1605115383863449
-0.46942612528800964 -0.20627877116203308 0.17638717591762543
-0.47842735052108765 -0.1881016492843628 0.19235102832317352
-0.48779651522636414 -0.16999180614948273 0.20836380124092102
-0.49749502539634705 -0.15213735401630402 0.2243139147758484
-0.5073829293251038 -0.13465909659862518 0.23996637761592865
-0.5173398852348328 -0.11759501695632935 0.25513216853141785
-0.5272902250289917 -0.10091143846511841 0.26969704031944275
-0.5372006297111511 -0.08451284468173981 0.2836114168167114
-0.5470762252807617 -0.06824992597103119 0.2968796491622925
-0.5569572448730469 -0.05192428082227707 0.3095496594905853
-0.5669169425964355 -0.03529250621795654 0.321706622838974
-0.5770302414894104 -0.018184084445238113 0.33347761631011963
-0.5873402953147888 -0.0005598982679657638 0.3449944257736206
-0.5978704690933228 0.01758461445569992 0.3563588857650757
-0.6086244583129883 0.03622334077954292 0.3676456809043884
-0.6195866465568542 0.055296946316957474 0.37890496850013733
-0.6307191252708435 0.07470877468585968 0.3901625871658325
-0.6419615149497986 0.0943220853805542 0.40142104029655457
-0.6532330513000488 0.11397674679756165 0.41263750195503235
-0.6644662022590637 0.13361160457134247 0.4236195385456085
-0.6756143569946289 0.15323224663734436 0.4341292679309845
-0.6866453886032104 0.17287202179431915 0.44394055008888245
-0.6975425481796265 0.19259193539619446 0.45283594727516174
-0.7083030939102173 0.21248219907283783 0.46060290932655334
-0.7189383506774902 0.23266422748565674 0.46702730655670166
-0.7294748425483704 0.2532947063446045 0.4718872308731079
-0.7400195002555847 0.2746346592903137 0.4750629961490631
-0.7508067488670349 0.2970692217350006 0.4766582250595093
-0.7620528340339661 0.32092711329460144 0.47679293155670166
-0.7739322185516357 0.3464428186416626 0.4755912721157074
-0.7865673303604126 0.3737305700778961 0.47319653630256653
-0.8000153303146362 0.40275606513023376 0.469784677028656
-0.8142539858818054 0.4333108365535736 0.4655727744102478
-0.8292007446289062 0.465058296918869 0.4607931077480316
-0.8450897932052612 0.49833783507347107 0.4553179144859314
-0.8624151945114136 0.5340560674667358 0.448757141828537
-0.8816496729850769 0.5730985999107361 0.44075390696525574
-0.903228223323822 0.6162950396537781 0.4309965968132019
-0.9275480508804321 0.664415717124939 0.41921690106391907
-0.954975962638855 0.7181816697120667 0.405181348323822
-0.9858599305152893 0.7782829403877258 0.38868120312690735
0.8180281519889832 -1.4990698099136353 -0.6290092468261719
0.7015014290809631 -1.2299991846084595 -0.6112282276153564
0.6205902695655823 -1.07183039188385 -0.6001959443092346
0.5570507645606995 -0.9728573560714722 -0.5926685333251953
0.502487063407898 -0.909383237361908 -0.5871488451957703
0.45253798365592957 -0.8686761856079102 -0.5828286409378052
0.4048963487148285 -0.842776894569397 -0.5792111158370972
0.35860028862953186 -0.8257884383201599 -0.5759539008140564
0.31382039189338684 -0.8125868439674377 -0.5728014707565308
0.27113550901412964 -0.8002155423164368 -0.5695692300796509
0.23064973950386047 -0.7884835600852966 -0.5661048889160156
0.19238437712192535 -0.7773863673210144 -0.5622474551200867
0.15632323920726776 -0.7669073343276978 -0.5578248500823975
0.12241320312023163 -0.7570185661315918 -0.5526542663574219
0.09056510776281357 -0.7476811408996582 -0.5465419292449951
0.060654833912849426 -0.7388452887535095 -0.5392823219299316
0.032527294009923935 -0.7304458618164062 -0.5306755304336548
0.0060312794521451 -0.7223708033561707 -0.5206688046455383
-0.01895628310739994 -0.7144898772239685 -0.5092999339103699
-0.04253467917442322 -0.7066770195960999 -0.4966343343257904
-0.0647822916507721 -0.6988113522529602 -0.48277026414871216
-0.08575969934463501 -0.6907795071601868 -0.4678442180156708
-0.10551247745752335 -0.6824788451194763 -0.4520343542098999
-0.12407447397708893 -0.673821210861206 -0.4355616569519043
-0.14146099984645844 -0.664766788482666 -0.4186476171016693
-0.15767627954483032 -0.6553618907928467 -0.40142643451690674
-0.1727609485387802 -0.645659327507019 -0.3840002715587616
-0.18679331243038177 -0.63570237159729 -0.36644914746284485
-0.19988277554512024 -0.6255237460136414 -0.3488292992115021
-0.21216288208961487 -0.6151440739631653 -0.33117273449897766
-0.22378547489643097 -0.604571521282196 -0.31348729133605957
-0.23490993678569794 -0.593805730342865 -0.2957635223865509
-0.24560962617397308 -0.5829033851623535 -0.2780662178993225
-0.25589096546173096 -0.5719599723815918 -0.26050883531570435
-0.2657800614833832 -0.5610437393188477 -0.24316270649433136
-0.27532243728637695 -0.5501953959465027 -0.22605787217617035
-0.2845805287361145 -0.5394303798675537 -0.20918649435043335
-0.29363176226615906 -0.5287405252456665 -0.1925066113471985
-0.30256837606430054 -0.5180957317352295 -0.17594338953495026
-0.3114904761314392 -0.5074357390403748 -0.15938825905323029
-0.3204626739025116 -0.4966515898704529 -0.1427164524793625
-0.32951945066452026 -0.4856404960155487 -0.12583288550376892
-0.3386745750904083 -0.47432219982147217 -0.10868015885353088
-0.34791991114616394 -0.46264010667800903 -0.0912400558590889
-0.3572240471839905 -0.4505624771118164 -0.07353613525629044
-0.366531103849411 -0.43808645009994507 -0.055637117475271225
-0.37575921416282654 -0.4252408742904663 -0.037660252302885056
-0.3848329782485962 -0.4120681583881378 -0.019734174013137817
-0.39372262358665466 -0.39858728647232056 -0.001940067857503891
-0.4024113118648529 -0.38480475544929504 0.01566084288060665
-0.4108913242816925 -0.37071555852890015 0.03302392363548279
-0.4191635549068451 -0.3563019335269928 0.05012112110853195
-0.42723745107650757 -0.34153279662132263 0.06694085896015167
-0.4351302981376648 -0.32636237144470215 0.0834878459572792
-0.4428739845752716 -0.3107281029224396 0.09979146718978882
-0.4505710303783417 -0.29455509781837463 0.11597719043493271
-0.4583507180213928 -0.27779698371887207 0.1321936696767807
-0.46632277965545654 -0.26045578718185425 0.14854662120342255
-0.47457414865493774 -0.24258774518966675 0.1650950312614441
-0.48316553235054016 -0.22430647909641266 0.1818486750125885
-0.4921276271343231 -0.2057836502790451 0.19876641035079956
-0.5014581084251404 -0.18724513053894043 0.21575672924518585
-0.511090099811554 -0.1689431518316269 0.23264117538928986
-0.5208590030670166 -0.15105213224887848 0.24912621080875397
-0.5306302309036255 -0.13364054262638092 0.2649889290332794
-0.5403232574462891 -0.11668406426906586 0.2801043689250946
-0.5499082207679749 -0.10007952153682709 0.29443129897117615
-0.5594004392623901 -0.08365655690431595 0.30799630284309387
-0.5688552856445312 -0.06718525290489197 0.3208795487880707
-0.5783650279045105 -0.050381824374198914 0.3332051634788513
-0.5880243182182312 -0.03304963558912277 0.34513887763023376
-0.5978928208351135 -0.015149300917983055 0.3568422198295593
-0.6080068945884705 0.0033168564550578594 0.36844006180763245
-0.618381142616272 0.02230905368924141 0.38002511858940125
-0.6290068030357361 0.04174661263823509 0.39166027307510376
-0.6398509740829468 0.06150316074490547 0.4033795893192291
-0.6508535742759705 0.08140327036380768 0.41518816351890564
-0.6619288921356201 0.10124483704566956 0.4270346164703369
-0.6729873418807983 0.12095488607883453 0.4386805593967438
-0.6839585304260254 0.140548437833786 0.4498352110385895
-0.6947927474975586 0.16007830202579498 0.4602276682853699
-0.7054598331451416 0.179634228348732 0.46960315108299255
-0.7159491777420044 0.19934436678886414 0.47771716117858887
-0.7262685894966125 0.21937793493270874 0.4843268394470215
-0.7364447116851807 0.2399505376815796 0.48918089270591736
-0.7465894222259521 0.26137983798980713 0.4921419620513916
-0.7569459676742554 0.28408101201057434 0.49332207441329956
-0.7677373886108398 0.30840444564819336 0.49284884333610535
-0.7791446447372437 0.334598571062088 0.49085286259651184
-0.7912949323654175 0.3627793788909912 0.487488329410553
-0.8042486906051636 0.39289590716362 0.4829504191875458
-0.8179831504821777 0.4246983826160431 0.47748705744743347
-0.8324145078659058 0.4577857553958893 0.4713726341724396
-0.8478267788887024 0.4924818277359009 0.4644924998283386
-0.8648023009300232 0.5297330021858215 0.4564410448074341
-0.8838974237442017 0.5704739689826965 0.4468424916267395
-0.9056239724159241 0.6155916452407837 0.43536442518234253
-0.9304490089416504 0.6659207940101624 0.4217143654823303
-0.9588056802749634 0.7222577929496765 0.4056311249732971
-0.9911070466041565 0.7853807210922241 0.3868720531463623
0.7969787120819092 -1.4990708827972412 -0.6720274090766907
0.6832144260406494 -1.2272632122039795 -0.6407045722007751
0.603672206401825 -1.0678538084030151 -0.621934711933136
0.5407488942146301 -0.9685575366020203 -0.6098164916038513
0.4863297641277313 -0.9053820371627808 -0.6016363501548767
0.43619969487190247 -0.8654205799102783 -0.5959344506263733
0.38814058899879456 -0.8405864238739014 -0.591804027557373
0.34125757217407227 -0.8248662352561951 -0.5885902643203735
0.2957822382450104 -0.8130069375038147 -0.585749089717865
0.2523420453071594 -0.8019605278968811 -0.5829107761383057
0.21107199788093567 -0.79151850938797 -0.5798864960670471
0.17202450335025787 -0.7816643118858337 -0.5764873623847961
0.1352163404226303 -0.7723696231842041 -0.5725114941596985
0.10062950849533081 -0.7635956406593323 -0.5677437782287598
0.0682120993733406 -0.7552928924560547 -0.561955451965332
0.037879619747400284 -0.7474014759063721 -0.5549023747444153
0.0095113730058074 -0.7398472428321838 -0.5463451147079468
-0.01706935465335846 -0.7325182557106018 -0.53621906042099
-0.042035408318042755 -0.7252902984619141 -0.524567186832428
-0.06552927941083908 -0.7180449962615967 -0.5114654302597046
-0.08766656368970871 -0.7106719017028809 -0.49703046679496765
-0.10853947699069977 -0.7030711770057678 -0.4814276099205017
-0.1282198131084442 -0.6951568722724915 -0.46487554907798767
-0.1467621773481369 -0.6868618726730347 -0.4476482570171356
-0.16418179869651794 -0.6781646013259888 -0.430018812417984
-0.18044430017471313 -0.6691130995750427 -0.41214296221733093
-0.1955544650554657 -0.6597572565078735 -0.3941313922405243
-0.2095641940832138 -0.650134801864624 -0.3760632574558258
-0.22256425023078918 -0.6402701139450073 -0.35798513889312744
-0.23467642068862915 -0.630172848701477 -0.339911550283432
-0.24604587256908417 -0.6198374629020691 -0.3218255341053009
-0.25682997703552246 -0.609247624874115 -0.3036876916885376
-0.267117977142334 -0.5984533429145813 -0.28554487228393555
-0.2769427001476288 -0.587553858757019 -0.26750823855400085
-0.28635209798812866 -0.5766241550445557 -0.2496509552001953
-0.2954084873199463 -0.5657137632369995 -0.23200780153274536
-0.3041868507862091 -0.5548481941223145 -0.21457861363887787
-0.31277358531951904 -0.54403156042099 -0.1973314881324768
-0.32126665115356445 -0.5332474708557129 -0.1802043318748474
-0.3297675848007202 -0.5224506855010986 -0.16310255229473114
-0.33833593130111694 -0.5115448236465454 -0.1459091156721115
-0.34700170159339905 -0.5004374980926514 -0.12853291630744934
-0.3557773232460022 -0.4890579581260681 -0.11091873794794083
-0.3646561801433563 -0.47735705971717834 -0.09304803609848022
-0.3736119866371155 -0.4653090536594391 -0.07494112849235535
-0.3825973570346832 -0.45291373133659363 -0.05665965750813484
-0.39154282212257385 -0.44019976258277893 -0.03830944374203682
-0.4003784954547882 -0.4272095561027527 -0.02001355029642582
-0.409064918756485 -0.4139661192893982 -0.0018606522353366017
-0.4175754189491272 -0.40047746896743774 0.01608317717909813
-0.4258933663368225 -0.3867362141609192 0.03377256169915199
-0.4340118169784546 -0.37271884083747864 0.0511825792491436
-0.4419335424900055 -0.35838449001312256 0.06830838322639465
-0.4496701955795288 -0.34367331862449646 0.08516503870487213
-0.4572499990463257 -0.32850217819213867 0.10179772228002548
-0.4647841453552246 -0.3127530813217163 0.11836741119623184
-0.47241467237472534 -0.29633092880249023 0.1350601315498352
-0.4802599251270294 -0.27919983863830566 0.15200552344322205
-0.4884098470211029 -0.2613925337791443 0.1692703813314438
-0.4969218373298645 -0.24301786720752716 0.18685351312160492
-0.5058149695396423 -0.22426524758338928 0.204681396484375
-0.5150662064552307 -0.20540201663970947 0.22260841727256775
-0.5245808959007263 -0.1867411732673645 0.24038556218147278
-0.5341728329658508 -0.16851387917995453 0.2576585114002228
-0.543695867061615 -0.15082286298274994 0.27417051792144775
-0.5530673265457153 -0.13365639746189117 0.2897874712944031
-0.5622629523277283 -0.11690600961446762 0.30447882413864136
-0.5713092684745789 -0.10038245469331741 0.3182958662509918
-0.5802766680717468 -0.08382584154605865 0.3313528597354889
-0.5892757177352905 -0.06691302359104156 0.3438144326210022
-0.5984228849411011 -0.04941518232226372 0.3558892011642456
-0.6077989339828491 -0.0312814861536026 0.36777427792549133
-0.617457389831543 -0.012513157911598682 0.379622220993042
-0.6274253726005554 0.0068403491750359535 0.3915455639362335
-0.6377027034759521 0.02667638473212719 0.4036200940608978
-0.6482589244842529 0.046832844614982605 0.41588476300239563
-0.6590309739112854 0.06708408892154694 0.42834046483039856
-0.6699206829071045 0.0871700718998909 0.44091591238975525
-0.6808082461357117 0.10699481517076492 0.45331043004989624
-0.6915934681892395 0.12657848000526428 0.4651663601398468
-0.7022050023078918 0.14599370956420898 0.47615912556648254
-0.7125992178916931 0.16536332666873932 0.4859926104545593
-0.722758412361145 0.18486112356185913 0.4943900406360626
-0.7326897382736206 0.20471476018428802 0.5010818839073181
-0.7424241900444031 0.22521311044692993 0.5057910084724426
-0.752082109451294 0.24674130976200104 0.5083664059638977
-0.7619139552116394 0.2697423994541168 0.5089327692985535
-0.7721495628356934 0.29458677768707275 0.5076285004615784
-0.7829766869544983 0.3215375244617462 0.5045942068099976
-0.7945300340652466 0.3507150709629059 0.4999978244304657
-0.8068775534629822 0.3820556402206421 0.49405786395072937
-0.8200032711029053 0.41527217626571655 0.4870601296424866
-0.8338332176208496 0.449903666973114 0.479329377412796
-0.848739743232727 0.48630088567733765 0.4707532525062561
-0.8654434084892273 0.5255016088485718 0.46088793873786926
-0.8846156001091003 0.5685074329376221 0.4493240714073181
-0.9068521857261658 0.6162382364273071 0.4357047975063324
-0.9326699376106262 0.6695233583450317 0.4197259247303009
-0.9625144600868225 0.7291110157966614 0.40112850069999695
-0.9967771768569946 0.7956860065460205 0.37968793511390686
0.7758005261421204 -1.4990707635879517 -0.7150646448135376
0.664092481136322 -1.2234021425247192 -0.6687434315681458
0.5855590105056763 -1.0621792078018188 -0.6414700150489807
0.5230653285980225 -0.9622839689254761 -0.6243780851364136
0.46869906783103943 -0.8993178009986877 -0.6133934855461121
0.41834840178489685 -0.8601376414299011 -0.6063230037689209
0.3698587715625763 -0.8364865779876709 -0.6017935872077942
0.32238563895225525 -0.8221949338912964 -0.5987892746925354
0.27621111273765564 -0.8118406534194946 -0.5964292287826538
0.2320205122232437 -0.8022639751434326 -0.5941300392150879
0.1900060772895813 -0.7932447195053101 -0.5916697382926941
0.15026751160621643 -0.7847602367401123 -0.588838517665863
0.11285941302776337 -0.7767752408981323 -0.585412323474884
0.07779287546873093 -0.769241988658905 -0.5811520218849182
0.045038189738988876 -0.7621013522148132 -0.5758020281791687
0.01452743448317051 -0.7552821636199951 -0.569086492061615
-0.013854349963366985 -0.7486996054649353 -0.5607303977012634
-0.040332019329071045 -0.7422358393669128 -0.5506489276885986
-0.06514003872871399 -0.735766589641571 -0.5388763546943665
-0.08846791833639145 -0.7291759848594666 -0.5254848599433899
-0.11046482622623444 -0.7223596572875977 -0.510597288608551
-0.1312437355518341 -0.7152277231216431 -0.494398832321167
-0.15088492631912231 -0.7077102065086365 -0.4771459698677063
-0.16943976283073425 -0.6997623443603516 -0.45917025208473206
-0.18690048158168793 -0.6913865804672241 -0.440809965133667
-0.20318728685379028 -0.6826432347297668 -0.4222610294818878
-0.21827004849910736 -0.673588752746582 -0.40365713834762573
-0.23217985033988953 -0.6642631888389587 -0.38508567214012146
-0.24499839544296265 -0.6546880602836609 -0.3665872812271118
-0.2568473517894745 -0.6448655128479004 -0.3481576144695282
-0.26787829399108887 -0.6347774863243103 -0.3297502100467682
-0.2782596945762634 -0.6243910789489746 -0.31128716468811035
-0.28810200095176697 -0.6137441396713257 -0.2927868664264679
-0.2974620759487152 -0.6029332280158997 -0.27435025572776794
-0.3064052164554596 -0.5920348167419434 -0.25604724884033203
-0.31500571966171265 -0.5811034440994263 -0.23791545629501343
-0.3233456611633301 -0.5701733231544495 -0.2199629843235016
-0.3315145969390869 -0.5592602491378784 -0.2021711766719818
-0.33961012959480286 -0.5483623147010803 -0.1844957321882248
-0.34773024916648865 -0.5374509692192078 -0.16686171293258667
-0.35592976212501526 -0.5264419317245483 -0.14916014671325684
-0.36423617601394653 -0.5152521133422852 -0.13130249083042145
-0.37266144156455994 -0.503818690776825 -0.11323436349630356
-0.38120120763778687 -0.49209946393966675 -0.09493626654148102
-0.3898339867591858 -0.4800737500190735 -0.07642510533332825
-0.398519903421402 -0.46774470806121826 -0.05775623768568039
-0.4071998596191406 -0.4551413953304291 -0.03902585804462433
-0.41580793261528015 -0.4423087537288666 -0.020354652777314186
-0.4242953062057495 -0.4292771518230438 -0.001842560712248087
-0.43262624740600586 -0.4160589575767517 0.01643681712448597
-0.4407767355442047 -0.4026474058628082 0.03443586453795433
-0.4487343430519104 -0.38901594281196594 0.052132368087768555
-0.4564976096153259 -0.37511661648750305 0.06952891498804092
-0.4640754461288452 -0.3608783483505249 0.08665258437395096
-0.4714953601360321 -0.34619995951652527 0.10356675833463669
-0.47887495160102844 -0.3309260308742523 0.1204669252038002
-0.48636412620544434 -0.31491726636886597 0.13757450878620148
-0.4940854609012604 -0.29810020327568054 0.15504324436187744
-0.5021294355392456 -0.2804805040359497 0.17294976115226746
-0.5105478167533875 -0.262155145406723 0.19128483533859253
-0.5193477272987366 -0.24332106113433838 0.20994609594345093
-0.5284858345985413 -0.22427548468112946 0.2287367284297943
-0.5378422737121582 -0.20538289844989777 0.24733927845954895
-0.5472140312194824 -0.1869305819272995 0.2653411030769348
-0.5564473271369934 -0.1690581887960434 0.28245317935943604
-0.565460205078125 -0.15177030861377716 0.29853394627571106
-0.5742356181144714 -0.13495787978172302 0.3135644197463989
-0.5828114151954651 -0.11841759085655212 0.32762080430984497
-0.5912719368934631 -0.10186506062746048 0.340850830078125
-0.5997438430786133 -0.08494260162115097 0.3534587323665619
-0.608364999294281 -0.06738486886024475 0.36569735407829285
-0.6172391176223755 -0.04911648482084274 0.37780284881591797
-0.626437783241272 -0.0301266647875309 0.3899569511413574
-0.6360018849372864 -0.010466806590557098 0.40229272842407227
-0.6459388732910156 0.009742175228893757 0.4148968756198883
-0.6562190055847168 0.03030124306678772 0.42780810594558716
-0.6667715311050415 0.05092800036072731 0.4410138726234436
-0.6774791479110718 0.07129324227571487 0.4544091820716858
-0.6881859302520752 0.09126663953065872 0.46761631965637207
-0.6987577080726624 0.1108669862151146 0.4801999032497406
-0.7091003060340881 0.13018499314785004 0.4917767345905304
-0.719156801700592 0.14937834441661835 0.5020092129707336
-0.7289049029350281 0.168670654296875 0.5105924010276794
-0.7383537292480469 0.18835417926311493 0.5172364115715027
-0.7475425004959106 0.20879937708377838 0.5216443538665771
-0.7566007375717163 0.23046518862247467 0.523655891418457
-0.7657836079597473 0.2538210153579712 0.5234108567237854
-0.7753249406814575 0.2792564928531647 0.5210583209991455
-0.7854174375534058 0.30705106258392334 0.5167480111122131
-0.7962036728858948 0.3373332917690277 0.5106607675552368
-0.8077619671821594 0.3700322210788727 0.5030390024185181
-0.820088803768158 0.40482860803604126 0.494209349155426
-0.8331307768821716 0.44120705127716064 0.4845525026321411
-0.8474034070968628 0.47958722710609436 0.4739508628845215
-0.8638415932655334 0.5211495757102966 0.4619066119194031
-0.8832919597625732 0.5669809579849243 0.44797182083129883
-0.9064680337905884 0.6180112957954407 0.43177440762519836
-0.9339342713356018 0.6749934554100037 0.4130246639251709
-0.9661093354225159 0.7385059595108032 0.39151158928871155
-1.0032811164855957 0.8089684844017029 0.3670943081378937
0.7543068528175354 -1.4990707635879517 -0.7581712603569031
0.643805742263794 -1.2182470560073853 -0.6950204372406006
0.5658739805221558 -1.054563045501709 -0.658283531665802
0.5036317706108093 -0.9537671208381653 -0.6357383131980896
0.4492730498313904 -0.8909246325492859 -0.62176913022995
0.39873698353767395 -0.8525865077972412 -0.6133466362953186
0.34989991784095764 -0.8302763104438782 -0.6085604429244995
0.3019442856311798 -0.8176212906837463 -0.6059709191322327
0.25518491864204407 -0.808980405330658 -0.6042965054512024
0.21036496758460999 -0.8010523319244385 -0.6027024984359741
0.16775110363960266 -0.7936084270477295 -0.6009374260902405
0.12749888002872467 -0.7866250872612 -0.598778486251831
0.08969947695732117 -0.7800644040107727 -0.5959891676902771
0.05438360199332237 -0.7738749980926514 -0.5923177599906921
0.02152668498456478 -0.7679927349090576 -0.5874938368797302
-0.008945541456341743 -0.7623409628868103 -0.5812228918075562
-0.03716804087162018 -0.7568275928497314 -0.5732045769691467
-0.06342402845621109 -0.7513293623924255 -0.5633314847946167
-0.08800740540027618 -0.7457172870635986 -0.5516180992126465
-0.11114774644374847 -0.7398728132247925 -0.5381205677986145
-0.13301636278629303 -0.7336908578872681 -0.5229541063308716
-0.15373116731643677 -0.7270854115486145 -0.5063116550445557
-0.17336060106754303 -0.7199956774711609 -0.48847803473472595
-0.19192855060100555 -0.7123945355415344 -0.46983766555786133
-0.20938603579998016 -0.704308032989502 -0.4507972300052643
-0.2256128489971161 -0.6958181262016296 -0.43160662055015564
-0.24055548012256622 -0.6869986057281494 -0.4124346673488617
-0.2542378604412079 -0.6779016256332397 -0.39338570833206177
-0.2667473256587982 -0.6685550212860107 -0.37450042366981506
-0.278219997882843 -0.6589608788490295 -0.355758935213089
-0.28882738947868347 -0.6490952968597412 -0.3370862603187561
-0.29876118898391724 -0.6389135718345642 -0.31836557388305664
-0.30815401673316956 -0.628439724445343 -0.29958248138427734
-0.3170784115791321 -0.6177608966827393 -0.2808213233947754
-0.32560884952545166 -0.6069485545158386 -0.2621442675590515
-0.333823561668396 -0.5960571765899658 -0.2435888797044754
-0.34180447459220886 -0.5851253271102905 -0.2251703292131424
-0.3496371805667877 -0.5741768479347229 -0.2068832367658615
-0.3574123680591583 -0.5632224678993225 -0.18870289623737335
-0.3652190864086151 -0.5522482395172119 -0.17057621479034424
-0.3731078505516052 -0.5411807894706726 -0.1524023413658142
-0.3811050057411194 -0.5299452543258667 -0.1340944766998291
-0.38922318816185 -0.5184859037399292 -0.1155986413359642
-0.39746034145355225 -0.5067658424377441 -0.09689411520957947
-0.40579953789711 -0.49476954340934753 -0.07799486815929413
-0.4142073690891266 -0.4825027287006378 -0.0589509941637516
-0.42263343930244446 -0.46999552845954895 -0.03985091298818588
-0.4310152232646942 -0.45729705691337585 -0.020815253257751465
-0.4392969310283661 -0.44444790482521057 -0.0019569448195397854
-0.44743651151657104 -0.43146777153015137 0.016641683876514435
-0.45540568232536316 -0.4183538556098938 0.0349300317466259
-0.46318966150283813 -0.40507999062538147 0.052888236939907074
-0.470785915851593 -0.3915954530239105 0.07052625715732574
-0.4782041907310486 -0.3778223693370819 0.08788345754146576
-0.4854745864868164 -0.3636477589607239 0.10504160821437836
-0.4927181899547577 -0.3488856554031372 0.12222705036401749
-0.5000870227813721 -0.3333585262298584 0.1396922767162323
-0.5077032446861267 -0.31695783138275146 0.1576131135225296
-0.5156532526016235 -0.29965996742248535 0.17607668042182922
-0.523980975151062 -0.2815427780151367 0.1950690746307373
-0.5326794981956482 -0.26279914379119873 0.21446441113948822
-0.5416857004165649 -0.24374021589756012 0.23402151465415955
-0.5508581399917603 -0.22476740181446075 0.25336241722106934
-0.5599825382232666 -0.20622025430202484 0.2720220685005188
-0.5689035058021545 -0.18827751278877258 0.2896832227706909
-0.5775433778762817 -0.1709650754928589 0.30619823932647705
-0.5858935117721558 -0.15418007969856262 0.32155925035476685
-0.5940032005310059 -0.1377137154340744 0.33586540818214417
-0.6019694209098816 -0.12126617878675461 0.3492952585220337
-0.6099328398704529 -0.1044548898935318 0.3620900511741638
-0.6180498600006104 -0.08697666972875595 0.37454506754875183
-0.6264451146125793 -0.06871874630451202 0.386935293674469
-0.6352072358131409 -0.04964575916528702 0.3994715213775635
-0.6443890333175659 -0.029799915850162506 0.4123057425022125
-0.6540042161941528 -0.009311702102422714 0.4255320727825165
-0.664020836353302 0.011588281020522118 0.43918225169181824
-0.6743564009666443 0.032562144100666046 0.45322003960609436
-0.6848690509796143 0.05320803076028824 0.46749216318130493
-0.6953631043434143 0.0733514055609703 0.4815323054790497
-0.7056701183319092 0.09300150722265244 0.4948219656944275
-0.7156731486320496 0.11226262152194977 0.5069191455841064
-0.725304365158081 0.13132542371749878 0.517449676990509
-0.7345392107963562 0.15046291053295135 0.5260880589485168
-0.7433912754058838 0.17003241181373596 0.5325323939323425
-0.7519083023071289 0.19048722088336945 0.5364738702774048
-0.7602277994155884 0.21236130595207214 0.5377466678619385
-0.7686039209365845 0.23614972829818726 0.5365030765533447
-0.7772685289382935 0.2622623145580292 0.5328986644744873
-0.7864148616790771 0.29099753499031067 0.5270864367485046
-0.7961903214454651 0.32249706983566284 0.5192552804946899
-0.8066835999488831 0.3566884696483612 0.5096670985221863
-0.8179060816764832 0.3932258188724518 0.4986879527568817
-0.8298372030258179 0.4315447211265564 0.48675811290740967
-0.8432082533836365 0.47216856479644775 0.4737541675567627
-0.859283447265625 0.5164664387702942 0.45912647247314453
-0.8791855573654175 0.5656300187110901 0.44240066409111023
-0.903815746307373 0.6205821633338928 0.42321544885635376
-0.9338147044181824 0.681941032409668 0.4013362228870392
-0.9695541262626648 0.750018298625946 0.376654714345932
-1.0111501216888428 0.824840784072876 0.3491780459880829
0.7323086857795715 -1.4990708827972412 -0.8014008402824402
0.6220222115516663 -1.2116279602050781 -0.7192127704620361
0.544234573841095 -1.0447578430175781 -0.6718569993972778
0.4820694625377655 -0.9427300691604614 -0.6432826519012451
0.42771273851394653 -0.8799262642860413 -0.6261131167411804
0.37709271907806396 -0.8425137996673584 -0.6163618564605713
0.32807642221450806 -0.82174152135849 -0.6114962100982666
0.2798428535461426 -0.8109817504882812 -0.609577476978302
0.2327132374048233 -0.8043136596679688 -0.608844518661499
0.18747976422309875 -0.7982563972473145 -0.6081638336181641
0.1444917470216751 -0.7925719618797302 -0.6072567105293274
0.10396295040845871 -0.7872394919395447 -0.6058955192565918
0.06601618975400925 -0.7822233438491821 -0.6038409471511841
0.030690714716911316 -0.7774749994277954 -0.6008408665657043
-0.0020487061701714993 -0.7729329466819763 -0.5966240763664246
-0.03230223432183266 -0.768523633480072 -0.5908921360969543
-0.06024464964866638 -0.7641567587852478 -0.5833340883255005
-0.08621662110090256 -0.7597063779830933 -0.5738226771354675
-0.11055872589349747 -0.7550380825996399 -0.5623480677604675
-0.13352639973163605 -0.7500264048576355 -0.5489420294761658
-0.15529730916023254 -0.7445602416992188 -0.5337020754814148
-0.17597664892673492 -0.7385489344596863 -0.5168163776397705
-0.1956014335155487 -0.7319322228431702 -0.4985845386981964
-0.2141469419002533 -0.7246906161308289 -0.4794311821460724
-0.2315116822719574 -0.7168697118759155 -0.45982545614242554
-0.24754954874515533 -0.708579957485199 -0.4400765001773834
-0.26220259070396423 -0.6999227404594421 -0.42039600014686584
-0.27550557255744934 -0.6909728646278381 -0.4009128510951996
-0.2875675559043884 -0.6817746758460999 -0.3816740810871124
-0.2985527515411377 -0.6723402142524719 -0.3626512587070465
-0.3086637258529663 -0.6626489162445068 -0.34374749660491943
-0.31812387704849243 -0.6526530385017395 -0.3248135447502136
-0.32708540558815 -0.6423636078834534 -0.3058032691478729
-0.33562546968460083 -0.6318525075912476 -0.2867811620235443
-0.3438177704811096 -0.6211806535720825 -0.26779836416244507
-0.3517359793186188 -0.610396683216095 -0.2488897144794464
-0.359453946352005 -0.5995379686355591 -0.23007477819919586
-0.3670467734336853 -0.5886320471763611 -0.21135972440242767
-0.37459179759025574 -0.5776967406272888 -0.19273771345615387
-0.3821643888950348 -0.5667291283607483 -0.17417685687541962
-0.389810711145401 -0.5556648373603821 -0.15558379888534546
-0.3975570797920227 -0.544435977935791 -0.13687318563461304
-0.4054173231124878 -0.5329924821853638 -0.1179913580417633
-0.41339197754859924 -0.5213026404380798 -0.09891670197248459
-0.42146793007850647 -0.509354293346405 -0.07966075837612152
-0.42961740493774414 -0.4971558749675751 -0.0602695569396019
-0.4377971589565277 -0.4847385585308075 -0.04082551598548889
-0.44594836235046387 -0.4721563458442688 -0.02145043946802616
-0.4540119469165802 -0.45946213603019714 -0.002270063851028681
-0.4619435966014862 -0.4466857314109802 0.016624726355075836
-0.46971455216407776 -0.43383145332336426 0.03518024459481239
-0.4773108959197998 -0.42087745666503906 0.053378600627183914
-0.484732985496521 -0.4077746570110321 0.07123642414808273
-0.49199458956718445 -0.3944445848464966 0.08880428969860077
-0.49913114309310913 -0.3807692229747772 0.10618051141500473
-0.5062642693519592 -0.3665407598018646 0.12361641973257065
-0.5135424137115479 -0.3515506386756897 0.14138908684253693
-0.5210817456245422 -0.3356590270996094 0.1596924513578415
-0.5289604663848877 -0.31881293654441833 0.17862331867218018
-0.5372107028961182 -0.3010653853416443 0.1981659084558487
-0.545810341835022 -0.2825929522514343 0.21817746758460999
-0.5546766519546509 -0.26370343565940857 0.23838290572166443
-0.5636498928070068 -0.2448161393404007 0.25835633277893066
-0.5725127458572388 -0.22631631791591644 0.27759066224098206
-0.5811136960983276 -0.2084221988916397 0.29574573040008545
-0.5893831253051758 -0.19118624925613403 0.3126692771911621
-0.5973228812217712 -0.17452026903629303 0.3283626139163971
-0.6049929261207581 -0.15822044014930725 0.34294408559799194
-0.6125016212463379 -0.1419839709997177 0.3566182553768158
-0.6200008988380432 -0.12541671097278595 0.3696582615375519
-0.627662181854248 -0.10818033665418625 0.38239845633506775
-0.6356260776519775 -0.09011365473270416 0.3951497972011566
-0.6439945101737976 -0.07114411145448685 0.4081495702266693
-0.6528292894363403 -0.051291488111019135 0.42156586050987244
-0.6621468663215637 -0.030682561919093132 0.435495525598526
-0.6719101071357727 -0.009567484259605408 0.44995617866516113
-0.6820203065872192 0.011670154519379139 0.46487659215927124
-0.6923073530197144 0.03256124630570412 0.4800420105457306
-0.7025355696678162 0.05287966504693031 0.49489039182662964
-0.7125037908554077 0.07261509448289871 0.5088196992874146
-0.7220758199691772 0.0918780043721199 0.5213342308998108
-0.7311753034591675 0.11088618636131287 0.5320307612419128
-0.7397778630256653 0.1299569308757782 0.5405729413032532
-0.747901976108551 0.1495075672864914 0.5466558933258057
-0.7556025385856628 0.17006957530975342 0.5499660968780518
-0.7630195617675781 0.19224916398525238 0.550333559513092
-0.7703981995582581 0.2165679931640625 0.547916054725647
-0.7779594659805298 0.24345847964286804 0.5428668856620789
-0.7858893275260925 0.273242324590683 0.5353332161903381
-0.7943333983421326 0.30607932806015015 0.5255019664764404
-0.8033861517906189 0.3419012427330017 0.51364666223526
-0.8130753040313721 0.3803403079509735 0.5001681447029114
-0.8234233856201172 0.42078661918640137 0.485567182302475
-0.835472822189331 0.46389371156692505 0.46972620487213135
-0.85097336769104 0.5112579464912415 0.45206549763679504
-0.8714702725410461 0.564196765422821 0.4321163296699524
-0.8981660008430481 0.6236205101013184 0.4095703661441803
-0.9318368434906006 0.6899755001068115 0.3842982351779938
-0.972802996635437 0.7632436752319336 0.35634705424308777
-1.0209472179412842 0.842988133430481 0.325920045375824
0.7096171379089355 -1.4990707635879517 -0.8448082208633423
0.598409116268158 -1.2033734321594238 -0.7409973740577698
0.5202533602714539 -1.032512903213501 -0.6816718578338623
0.4579871594905853 -0.9288870096206665 -0.6463913917541504
0.4036578834056854 -0.8660314679145813 -0.6257666945457458
0.35311105847358704 -0.8296456933021545 -0.614715039730072
0.30415618419647217 -0.8106452226638794 -0.609984278678894
0.25593075156211853 -0.8020890355110168 -0.6090496778488159
0.20872731506824493 -0.7977082133293152 -0.6095778942108154
0.1633685976266861 -0.7937942147254944 -0.6100779175758362
0.12028727680444717 -0.790094792842865 -0.6102431416511536
0.07975302636623383 -0.7865937352180481 -0.6098475456237793
0.04191382974386215 -0.7832628488540649 -0.6086588501930237
0.006807658355683088 -0.7800629734992981 -0.6064352989196777
-0.02562347799539566 -0.7769443988800049 -0.6029184460639954
-0.055519357323646545 -0.773846447467804 -0.5978211760520935
-0.08310677856206894 -0.7706927061080933 -0.5908380150794983
-0.1087738499045372 -0.7673603296279907 -0.5818299651145935
-0.13288795948028564 -0.7637103796005249 -0.5707641839981079
-0.15571200847625732 -0.7596096992492676 -0.5576472282409668
-0.17741255462169647 -0.7549363970756531 -0.5425533652305603
-0.1980653703212738 -0.7495889067649841 -0.5256560444831848
-0.21766000986099243 -0.7434977293014526 -0.5072559118270874
-0.23610837757587433 -0.7366401553153992 -0.4877997636795044
-0.25325343012809753 -0.7290735840797424 -0.46780285239219666
-0.2689449191093445 -0.7209413051605225 -0.4476301074028015
-0.2831428647041321 -0.7123804092407227 -0.42753756046295166
-0.2959115207195282 -0.703497588634491 -0.4076829254627228
-0.30739569664001465 -0.6943637132644653 -0.3881273865699768
-0.31779778003692627 -0.6850107312202454 -0.36884281039237976
-0.327358216047287 -0.6754323840141296 -0.349721759557724
-0.33633625507354736 -0.6655884981155396 -0.33059489727020264
-0.3448982238769531 -0.6554804444313049 -0.31139087677001953
-0.3531143069267273 -0.645160436630249 -0.2921540141105652
-0.3610481917858124 -0.6346746683120728 -0.2729233503341675
-0.3687605559825897 -0.6240610480308533 -0.25372862815856934
-0.37631097435951233 -0.6133506894111633 -0.23459112644195557
-0.3837578594684601 -0.6025685667991638 -0.21552498638629913
-0.3911605179309845 -0.5917344093322754 -0.19653749465942383
-0.3985765278339386 -0.5808501243591309 -0.17761388421058655
-0.4060477018356323 -0.5698582530021667 -0.15866732597351074
-0.41360095143318176 -0.5586965680122375 -0.13961398601531982
-0.4212513864040375 -0.5473196506500244 -0.12040063738822937
-0.429002046585083 -0.5356999039649963 -0.10100507736206055
-0.4368430972099304 -0.523827850818634 -0.08143715560436249
-0.44475123286247253 -0.5117136240005493 -0.06173983961343765
-0.4526893198490143 -0.499389111995697 -0.04199105501174927
-0.4606027901172638 -0.48691362142562866 -0.022313972935080528
-0.4684341847896576 -0.47435346245765686 -0.00284503772854805
-0.4761411249637604 -0.46175041794776917 0.016317741945385933
-0.4836984872817993 -0.4491187334060669 0.035118088126182556
-0.49109676480293274 -0.4364444315433502 0.053539618849754333
-0.49834200739860535 -0.4236850440502167 0.07160427421331406
-0.5054550766944885 -0.41076716780662537 0.08937159925699234
-0.5124785304069519 -0.3975757658481598 0.1069527342915535
-0.5195319652557373 -0.3838900029659271 0.12461640685796738
-0.526753842830658 -0.3694778382778168 0.1426558643579483
-0.5342495441436768 -0.35417383909225464 0.1612774133682251
-0.542084276676178 -0.3378968834877014 0.180585116147995
-0.550275444984436 -0.32067158818244934 0.20056328177452087
-0.5587836503982544 -0.30264756083488464 0.2210596650838852
-0.5675077438354492 -0.28411123156547546 0.24177832901477814
-0.5762738585472107 -0.2654796540737152 0.262262225151062
-0.5848693251609802 -0.24717366695404053 0.28197598457336426
-0.593153178691864 -0.2294495552778244 0.30056366324424744
-0.6010676026344299 -0.21239084005355835 0.31786951422691345
-0.6086256504058838 -0.19593264162540436 0.33390122652053833
-0.6158977746963501 -0.17988793551921844 0.3487906754016876
-0.6230021715164185 -0.16396509110927582 0.3627619445323944
-0.6300997734069824 -0.1477748155593872 0.3761134445667267
-0.6373723149299622 -0.1309504359960556 0.38921239972114563
-0.6449695825576782 -0.1132749691605568 0.40240049362182617
-0.6530008912086487 -0.09462820738554001 0.41593751311302185
-0.6615322232246399 -0.07499397546052933 0.4300031363964081
-0.6705784797668457 -0.05447910353541374 0.4446917772293091
-0.6800927519798279 -0.03333526477217674 0.45999929308891296
-0.6899567246437073 -0.01197320781648159 0.4758096933364868
-0.6999695897102356 0.009085889905691147 0.4918363690376282
-0.7098582983016968 0.029560929164290428 0.5074201226234436
-0.719394326210022 0.049411531537771225 0.5218810439109802
-0.7284263968467712 0.06874414533376694 0.534678041934967
-0.7368729710578918 0.08779392391443253 0.54538893699646
-0.7447111010551453 0.10691286623477936 0.5536757111549377
-0.7519629001617432 0.1265687197446823 0.559238076210022
-0.7586860656738281 0.14736132323741913 0.5617622137069702
-0.7650142312049866 0.16996349394321442 0.5610712766647339
-0.7711719274520874 0.19492633640766144 0.557317852973938
-0.77735835313797 0.22270946204662323 0.5506404042243958
-0.7837409377098083 0.25366270542144775 0.5411672592163086
-0.7904527187347412 0.28796902298927307 0.5290707349777222
-0.7975870966911316 0.32556912302970886 0.5146248936653137
-0.8051841259002686 0.36607593297958374 0.49825820326805115
-0.8133214116096497 0.4088341295719147 0.4805329144001007
-0.8234685063362122 0.4546409547328949 0.4613618552684784
-0.8380600810050964 0.5053471922874451 0.44017931818962097
-0.8592591285705566 0.5624203681945801 0.4165726900100708
-0.8887287378311157 0.6267715692520142 0.39033961296081543
-0.9274790287017822 0.6986757516860962 0.3615049123764038
-0.9757999181747437 0.7777774930000305 0.3303074836730957
-1.0332896709442139 0.8631755709648132 0.29716119170188904
0.6860412359237671 -1.4990707635879517 -0.8884506821632385
0.5726306438446045 -1.1933114528656006 -0.7600514888763428
0.49353429675102234 -1.017571210861206 -0.6872042417526245
0.43097662925720215 -0.911938488483429 -0.644433319568634
0.37671980261802673 -0.8489261269569397 -0.6200507283210754
0.326445609331131 -0.8136768937110901 -0.607723593711853
0.2778511345386505 -0.7967126965522766 -0.6033748984336853
0.22998520731925964 -0.7907172441482544 -0.6037966012954712
0.1830674260854721 -0.7889953851699829 -0.6059763431549072
0.13792301714420319 -0.787552535533905 -0.6079949140548706
0.09506231546401978 -0.7861140370368958 -0.6095133423805237
0.05480590835213661 -0.78466796875 -0.6103112101554871
0.017321007326245308 -0.783196747303009 -0.6101700663566589
-0.017362160608172417 -0.7816777229309082 -0.6088687181472778
-0.04933095723390579 -0.7800819277763367 -0.6061729192733765
-0.07877140492200851 -0.7783731818199158 -0.6018217206001282
-0.10596635937690735 -0.77649986743927 -0.5955309867858887
-0.13133420050144196 -0.774350643157959 -0.5871617794036865
-0.15524494647979736 -0.7717852592468262 -0.5766665935516357
-0.17794863879680634 -0.7686640024185181 -0.5640316605567932
-0.1995839625597 -0.7648528814315796 -0.549309253692627
-0.2201836258172989 -0.7602347731590271 -0.5326529145240784
-0.2396797239780426 -0.7547243237495422 -0.5143510699272156
-0.2579151391983032 -0.7482851147651672 -0.4948514699935913
-0.2746835947036743 -0.7409772872924805 -0.4746915400028229
-0.28985634446144104 -0.7329779863357544 -0.45427820086479187
-0.303433895111084 -0.7244638800621033 -0.4339059889316559
-0.3155257999897003 -0.715580403804779 -0.4137631952762604
-0.32632243633270264 -0.7064332365989685 -0.3939317762851715
-0.3360692858695984 -0.6970841884613037 -0.37439581751823425
-0.34504666924476624 -0.6875518560409546 -0.35505229234695435
-0.35354870557785034 -0.6778150200843811 -0.3357289433479309
-0.3617490231990814 -0.6678707599639893 -0.31634047627449036
-0.36970070004463196 -0.6577502489089966 -0.29691436886787415
-0.3774486184120178 -0.6474817395210266 -0.27747827768325806
-0.3850346803665161 -0.6370892524719238 -0.25805583596229553
-0.39249852299690247 -0.6265930533409119 -0.23866744339466095
-0.3998783230781555 -0.6160104274749756 -0.21933068335056305
-0.4072115123271942 -0.605355978012085 -0.20006097853183746
-0.41453608870506287 -0.5946304798126221 -0.1808544397354126
-0.421889066696167 -0.5837804079055786 -0.16162900626659393
-0.4292982518672943 -0.5727484226226807 -0.1423025280237198
-0.43678000569343567 -0.5614928007125854 -0.12282240390777588
-0.4443390965461731 -0.5499885678291321 -0.10316626727581024
-0.45196864008903503 -0.5382282137870789 -0.08334282040596008
-0.4596489369869232 -0.5262230634689331 -0.06339281052350998
-0.4673476815223694 -0.5140048265457153 -0.043390776962041855
-0.47501611709594727 -0.5016376972198486 -0.0234602689743042
-0.4826027750968933 -0.489201158285141 -0.003744430374354124
-0.49007201194763184 -0.4767499268054962 0.015654249116778374
-0.4974057972431183 -0.4643101692199707 0.034677889198064804
-0.5046021938323975 -0.45187908411026 0.05331111326813698
-0.5116753578186035 -0.43942493200302124 0.07157920300960541
-0.5186547636985779 -0.4268855154514313 0.08954720199108124
-0.5255918502807617 -0.4141561686992645 0.10733402520418167
-0.532599925994873 -0.40101176500320435 0.12521620094776154
-0.539802610874176 -0.3872048854827881 0.1434934437274933
-0.5472890734672546 -0.3725503087043762 0.1623770147562027
-0.555107593536377 -0.35694220662117004 0.181974396109581
-0.5632577538490295 -0.3403746783733368 0.20227107405662537
-0.5716823935508728 -0.3229622542858124 0.2231128066778183
-0.5802627801895142 -0.30495354533195496 0.244197279214859
-0.5888166427612305 -0.28674283623695374 0.26505643129348755
-0.5971440076828003 -0.2687743008136749 0.2851429581642151
-0.6051202416419983 -0.25133848190307617 0.30409395694732666
-0.6127024292945862 -0.23455238342285156 0.3217516243457794
-0.6199159026145935 -0.21838252246379852 0.33812636137008667
-0.6268412470817566 -0.20267020165920258 0.3533570170402527
-0.6336044669151306 -0.18714973330497742 0.36767899990081787
-0.6403737664222717 -0.1714545637369156 0.3814074695110321
-0.647335410118103 -0.15520040690898895 0.3949337303638458
-0.6546404957771301 -0.138112872838974 0.4086231589317322
-0.6623986959457397 -0.12001769244670868 0.42275139689445496
-0.6706731915473938 -0.10085143893957138 0.4375039041042328
-0.6794714331626892 -0.08068454265594482 0.4529663622379303
-0.688732385635376 -0.059748291969299316 0.4691067636013031
-0.6983146667480469 -0.038454603403806686 0.48575758934020996
-0.7079867720603943 -0.01735180988907814 0.5025557279586792
-0.7174450159072876 0.0032270269002765417 0.5187514424324036
-0.7264399528503418 0.02320253476500511 0.5335979461669922
-0.7348108887672424 0.042665768414735794 0.5465196371078491
-0.7424743175506592 0.061856772750616074 0.5570854544639587
-0.749407947063446 0.08114919066429138 0.5649623870849609
-0.7556337714195251 0.10104788094758987 0.5698584318161011
-0.7612046003341675 0.12220759689807892 0.5714597702026367
-0.7662355899810791 0.1453602910041809 0.5695762634277344
-0.7709168195724487 0.17109163105487823 0.5643399953842163
-0.7754117846488953 0.19989483058452606 0.5558593273162842
-0.7798544764518738 0.2321534901857376 0.5442278385162354
-0.7843527793884277 0.268078476190567 0.5295891165733337
-0.7889874577522278 0.30762165784835815 0.5122052431106567
-0.7938061952590942 0.35037538409233093 0.49252504110336304
-0.7989533543586731 0.39563316106796265 0.47117507457733154
-0.8064623475074768 0.4443305432796478 0.44813811779022217
-0.8196893930435181 0.49858248233795166 0.4229268431663513
-0.8416534066200256 0.5600340366363525 0.3952476680278778
-0.874686598777771 0.6296412348747253 0.36505576968193054
-0.9201830625534058 0.7075676918029785 0.33256131410598755
-0.9784780144691467 0.7931971549987793 0.29819804430007935
-1.0488847494125366 0.8852558135986328 0.26256078481674194
0.6613897085189819 -1.4990707635879517 -0.9323886036872864
0.5443492531776428 -1.181268334388733 -0.7760522365570068
0.4636719822883606 -0.9996680617332458 -0.6879242658615112
0.4006078839302063 -0.8915671110153198 -0.6367579698562622
0.3464732766151428 -0.8282657265663147 -0.608250617980957
0.2966974973678589 -0.7942596077919006 -0.5946539640426636
0.2488030046224594 -0.7796172499656677 -0.5909549593925476
0.20169545710086823 -0.7765830755233765 -0.5931578278541565
0.15546709299087524 -0.7779499888420105 -0.5974512696266174
0.1109081283211708 -0.7793676853179932 -0.601402997970581
0.0685955211520195 -0.7805253863334656 -0.604631781578064
0.028894713148474693 -0.7814120650291443 -0.6069228649139404
-0.008011339232325554 -0.7820228934288025 -0.6080759763717651
-0.04210188612341881 -0.7823572158813477 -0.6078974008560181
-0.0734938234090805 -0.7824150323867798 -0.6061874628067017
-0.10241851955652237 -0.7821952104568481 -0.6027238965034485
-0.12921085953712463 -0.7816827893257141 -0.5972597599029541
-0.15429674088954926 -0.780785858631134 -0.5896711945533752
-0.17802231013774872 -0.7793683409690857 -0.5799090266227722
-0.20060446858406067 -0.77728670835495 -0.5679503083229065
-0.2221396267414093 -0.7743973135948181 -0.5538317561149597
-0.2426091432571411 -0.7705672383308411 -0.5376866459846497
-0.2618861496448517 -0.7656915783882141 -0.5197809338569641
-0.2797497808933258 -0.7597135901451111 -0.500540554523468
-0.2959608733654022 -0.7526875138282776 -0.48049482703208923
-0.31043827533721924 -0.7448199987411499 -0.4600691497325897
-0.3232424855232239 -0.7363275289535522 -0.4395845830440521
-0.3345383405685425 -0.7273964881896973 -0.4192570149898529
-0.34456586837768555 -0.7181731462478638 -0.3991957902908325
-0.35361313819885254 -0.7087574005126953 -0.37941038608551025
-0.3619965612888336 -0.6992028951644897 -0.3598203957080841
-0.3700406849384308 -0.6895199418067932 -0.34027281403541565
-0.3779182434082031 -0.6797080636024475 -0.3206840455532074
-0.38565677404403687 -0.6697784066200256 -0.3010713458061218
-0.3932763934135437 -0.6597409248352051 -0.28145405650138855
-0.4007951617240906 -0.6496033072471619 -0.26185017824172974
-0.40822985768318176 -0.6393716931343079 -0.24227651953697205
-0.41559621691703796 -0.6290510892868042 -0.222749263048172
-0.42290887236595154 -0.6186447739601135 -0.20328421890735626
-0.4301859140396118 -0.6081453561782837 -0.1838797628879547
-0.437459796667099 -0.5975009202957153 -0.16445639729499817
-0.44475871324539185 -0.5866579413414001 -0.14493371546268463
-0.4521001875400543 -0.5755776166915894 -0.12526020407676697
-0.45949047803878784 -0.5642369985580444 -0.10541356354951859
-0.46692466735839844 -0.5526295304298401 -0.08540180325508118
-0.47438615560531616 -0.5407668352127075 -0.06526395678520203
-0.4818464517593384 -0.5286800265312195 -0.045071810483932495
-0.4892638623714447 -0.5164363980293274 -0.024947084486484528
-0.49659764766693115 -0.5041271448135376 -0.0050336928106844425
-0.5038230419158936 -0.4918193817138672 0.014565346762537956
-0.5109319090843201 -0.4795520603656769 0.033792126923799515
-0.5179319977760315 -0.46733585000038147 0.05263166502118111
-0.5248472094535828 -0.4551539123058319 0.07111001759767532
-0.531716525554657 -0.4429601728916168 0.08929333835840225
-0.5385996103286743 -0.4306676387786865 0.10730141401290894
-0.5456000566482544 -0.4180551767349243 0.12540778517723083
-0.5528207421302795 -0.4048677384853363 0.14390721917152405
-0.5603302121162415 -0.39090695977211 0.16300733387470245
-0.5681563019752502 -0.3760463297367096 0.18281400203704834
-0.576278805732727 -0.36024928092956543 0.20331408083438873
-0.5846226811408997 -0.34358930587768555 0.22435851395130157
-0.5930551290512085 -0.3262643814086914 0.24565410614013672
-0.6013908982276917 -0.3086269199848175 0.2667434513568878
-0.6094505190849304 -0.29113027453422546 0.2870860993862152
-0.6171313524246216 -0.27409249544143677 0.3063221573829651
-0.6244077086448669 -0.25766441226005554 0.32429391145706177
-0.631317675113678 -0.24184948205947876 0.3410108685493469
-0.637951135635376 -0.22652757167816162 0.35661134123802185
-0.6444401741027832 -0.21147271990776062 0.37133288383483887
-0.6509579420089722 -0.1963585764169693 0.38549673557281494
-0.6576893329620361 -0.18079744279384613 0.39950692653656006
-0.6647782921791077 -0.16446243226528168 0.4137423038482666
-0.6723260283470154 -0.14712528884410858 0.4284855127334595
-0.6803856492042542 -0.12866954505443573 0.4439201354980469
-0.6889504790306091 -0.10911576449871063 0.46011680364608765
-0.6979403495788574 -0.08865313977003098 0.4770110249519348
-0.7071893811225891 -0.06766486912965775 0.4943826198577881
-0.7164385318756104 -0.04669378325343132 0.5117966532707214
-0.725362241268158 -0.026113005355000496 0.5284281373023987
-0.7336991429328918 -0.006044234614819288 0.5434800982475281
-0.7412837147712708 0.01357887964695692 0.5563546419143677
-0.7480318546295166 0.032988473773002625 0.5666187405586243
-0.7539191246032715 0.052565399557352066 0.5739468932151794
-0.7589609622955322 0.0728364884853363 0.5780538320541382
-0.7631934881210327 0.0944957584142685 0.578620433807373
-0.7666983604431152 0.11832592636346817 0.5754320621490479
-0.7696157693862915 0.14495453238487244 0.5685824155807495
-0.7720571160316467 0.17491640150547028 0.5581315755844116
-0.7741066813468933 0.20863519608974457 0.5441220998764038
-0.7758319973945618 0.24635306000709534 0.5266539454460144
-0.7772894501686096 0.28803160786628723 0.5059666037559509
-0.7785295248031616 0.3332357406616211 0.4825250804424286
-0.7797788977622986 0.38119232654571533 0.45702850818634033
-0.7837882041931152 0.43294385075569153 0.4295845329761505
-0.795093297958374 0.4908532500267029 0.3998621702194214
-0.8178327083587646 0.5567733645439148 0.367747038602829
-0.8552590012550354 0.6317923665046692 0.33338114619255066
-0.9093766212463379 0.7161098718643188 0.29715168476104736
-0.9807578921318054 0.8090460300445557 0.25963935256004333
-1.0685760974884033 0.9091787338256836 0.2215416580438614
0.6354642510414124 -1.4990708827972412 -0.9766826629638672
0.5132210850715637 -1.1670689582824707 -0.7886756062507629
0.430247038602829 -0.9785304665565491 -0.6832919716835022
0.3664225935935974 -0.8674329519271851 -0.6226868033409119
0.31244567036628723 -0.8036653995513916 -0.5895992517471313
0.2633991241455078 -0.7709877490997314 -0.5746942758560181
0.2165633887052536 -0.7589586973190308 -0.5719098448753357
0.1706395447254181 -0.759322464466095 -0.5763561129570007
0.12552832067012787 -0.7642650008201599 -0.5832896828651428
0.08193802088499069 -0.7689991593360901 -0.5896657109260559
0.04049684479832649 -0.7731583714485168 -0.5950438976287842
0.001609358936548233 -0.7767244577407837 -0.5992094874382019
-0.03452577441930771 -0.7797035574913025 -0.6019802093505859
-0.0678931400179863 -0.7821201682090759 -0.6031941771507263
-0.09863248467445374 -0.7840104699134827 -0.6026941537857056
-0.12701192498207092 -0.7854170203208923 -0.6003074049949646
-0.1534065157175064 -0.7863720655441284 -0.5958396196365356
-0.17822235822677612 -0.7868104577064514 -0.5891984105110168
-0.20175474882125854 -0.7866069078445435 -0.5803496241569519
-0.22416892647743225 -0.7856202125549316 -0.5692765116691589
-0.24550923705101013 -0.7837023735046387 -0.5560113787651062
-0.26570507884025574 -0.7807093262672424 -0.5406707525253296
-0.2845797538757324 -0.7765191793441772 -0.5234902501106262
-0.30186718702316284 -0.7710530757904053 -0.5048521757125854
-0.31732091307640076 -0.7643522024154663 -0.4852430522441864
-0.33093100786209106 -0.7566445469856262 -0.46507638692855835
-0.3428301513195038 -0.7481796145439148 -0.44468045234680176
-0.35324200987815857 -0.7391825318336487 -0.4242921769618988
-0.36245280504226685 -0.729841411113739 -0.4040530323982239
-0.37078651785850525 -0.7203004956245422 -0.3840118944644928
-0.3785878121852875 -0.7106583714485168 -0.36413249373435974
-0.38620227575302124 -0.7009691596031189 -0.3443075120449066
-0.3937934935092926 -0.6912446618080139 -0.32447609305381775
-0.4013575315475464 -0.6814794540405273 -0.304654985666275
-0.40888524055480957 -0.6716663241386414 -0.2848610281944275
-0.41636860370635986 -0.6617969870567322 -0.2651080787181854
-0.4238002896308899 -0.6518611907958984 -0.24540723860263824
-0.4311736226081848 -0.6418471932411194 -0.22576749324798584
-0.4384823739528656 -0.6317414045333862 -0.2061958611011505
-0.44572681188583374 -0.6215217709541321 -0.18668203055858612
-0.4529356360435486 -0.6111360788345337 -0.1671465039253235
-0.4601373076438904 -0.6005341410636902 -0.14751093089580536
-0.4673497676849365 -0.5896794199943542 -0.1277250349521637
-0.4745805859565735 -0.5785505771636963 -0.10776706039905548
-0.48182618618011475 -0.567141592502594 -0.08764449506998062
-0.48907241225242615 -0.5554635524749756 -0.06739491969347
-0.49629417061805725 -0.5435461401939392 -0.047087546437978745
-0.5034579634666443 -0.5314578413963318 -0.026838740333914757
-0.5105376243591309 -0.519297182559967 -0.006785178557038307
-0.5175223350524902 -0.507141649723053 0.012974975630640984
-0.5244162678718567 -0.49504271149635315 0.03238607197999954
-0.5312380194664001 -0.4830258786678314 0.051432982087135315
-0.53802090883255 -0.4710916578769684 0.07013943046331406
-0.5448132157325745 -0.4592151343822479 0.08856711536645889
-0.5516808032989502 -0.4473326802253723 0.10682842880487442
-0.5587129592895508 -0.4352354109287262 0.12518112361431122
-0.5659868717193604 -0.4226685166358948 0.14390231668949127
-0.5735461115837097 -0.40942704677581787 0.1631862074136734
-0.5813952684402466 -0.3953682482242584 0.1831311583518982
-0.5894936323165894 -0.38042670488357544 0.20372508466243744
-0.597750186920166 -0.3646317422389984 0.2248310148715973
-0.6060225963592529 -0.34812113642692566 0.24618014693260193
-0.6141299605369568 -0.3311900794506073 0.26734834909439087
-0.6219204068183899 -0.3142852187156677 0.2878222167491913
-0.6293175220489502 -0.2977423667907715 0.30725598335266113
-0.6363145112991333 -0.2817429006099701 0.32549530267715454
-0.6429621577262878 -0.26632988452911377 0.3425452411174774
-0.6493576169013977 -0.2514289617538452 0.35853642225265503
-0.6556373238563538 -0.23686492443084717 0.37369778752326965
-0.661976158618927 -0.2223665714263916 0.38834449648857117
-0.6685518622398376 -0.20755915343761444 0.4028789699077606
-0.6754916906356812 -0.19207577407360077 0.41767942905426025
-0.6828801035881042 -0.17564229667186737 0.4330240488052368
-0.6907517910003662 -0.15809142589569092 0.4490845501422882
-0.6990801095962524 -0.13938817381858826 0.4659101963043213
-0.7077622413635254 -0.11966356635093689 0.48340293765068054
-0.7166091799736023 -0.09924422204494476 0.5012962222099304
-0.7253411412239075 -0.07863166183233261 0.5190994143486023
-0.7336215972900391 -0.05821600928902626 0.535937488079071
-0.7411854267120361 -0.03815402463078499 0.5509846210479736
-0.7478653192520142 -0.018406370654702187 0.5636322498321533
-0.753574013710022 0.001242344849742949 0.5734482407569885
-0.7582796812057495 0.021167678758502007 0.5801112055778503
-0.7619802355766296 0.041903965175151825 0.5833339095115662
-0.7646808624267578 0.06416875123977661 0.5827808976173401
-0.7664121985435486 0.08878720551729202 0.5781984925270081
-0.7672472596168518 0.11643768101930618 0.5696211457252502
-0.7672281265258789 0.14770609140396118 0.5570418834686279
-0.7663737535476685 0.18306253850460052 0.5404362678527832
-0.7646958231925964 0.22278130054473877 0.5198481678962708
-0.7622177600860596 0.26682770252227783 0.49548935890197754
-0.7589942812919617 0.3147232234477997 0.46784481406211853
-0.7553595304489136 0.36560022830963135 0.4377058446407318
-0.7549434304237366 0.42054224014282227 0.40537339448928833
-0.7637144327163696 0.4821099042892456 0.37074950337409973
-0.7871829271316528 0.5523945689201355 0.3339313566684723
-0.8297988176345825 0.6327563524246216 0.2952260971069336
-0.894512951374054 0.723691463470459 0.25512105226516724
-0.9825474619865417 0.8248235583305359 0.21422730386257172
-1.0934110879898071 0.9350088834762573 0.17321008443832397
0.6073723435401917 -1.499070644378662 -1.0212236642837524
0.4785612225532532 -1.150625228881836 -0.7976635694503784
0.3926621079444885 -0.9539993405342102 -0.672943115234375
0.3278456926345825 -0.8393093347549438 -0.6017558574676514
0.274048775434494 -0.7748354077339172 -0.5635378956794739
0.22593186795711517 -0.7435194253921509 -0.5472040772438049
0.18047982454299927 -0.7343644499778748 -0.5455438494682312
0.13613653182983398 -0.738559901714325 -0.5526759028434753
0.09255194664001465 -0.7475925087928772 -0.562793493270874
0.050303682684898376 -0.756149172782898 -0.5721312165260315
0.010050462558865547 -0.7637810707092285 -0.5801644325256348
-0.027772022411227226 -0.7704473733901978 -0.5866653919219971
-0.06294886767864227 -0.7761572599411011 -0.5914623141288757
-0.09546361863613129 -0.7809581160545349 -0.5944231748580933
-0.12546852231025696 -0.7849243879318237 -0.5954359173774719
-0.153255432844162 -0.7881477475166321 -0.5943853259086609
-0.17922283709049225 -0.790714681148529 -0.591141402721405
-0.20372949540615082 -0.7925941348075867 -0.5856597423553467
-0.22699563205242157 -0.7936777472496033 -0.5779377818107605
-0.24912172555923462 -0.7938359975814819 -0.5679810643196106
-0.2700972557067871 -0.7929259538650513 -0.5558305978775024
-0.2898083031177521 -0.7908031940460205 -0.5415928959846497
-0.3080473244190216 -0.7873377203941345 -0.5254696011543274
-0.3245313763618469 -0.7824342250823975 -0.5077820420265198
-0.33903589844703674 -0.7761186361312866 -0.48894375562667847
-0.351637065410614 -0.7686286568641663 -0.469325453042984
-0.36254167556762695 -0.7602345943450928 -0.4492402970790863
-0.3720267713069916 -0.7511918544769287 -0.428935706615448
-0.3804149627685547 -0.7417271733283997 -0.4085860550403595
-0.38805490732192993 -0.7320309281349182 -0.38829129934310913
-0.39530760049819946 -0.7222539782524109 -0.3680800199508667
-0.4025278687477112 -0.7125058174133301 -0.34791839122772217
-0.4098626971244812 -0.7028210759162903 -0.32779186964035034
-0.41727352142333984 -0.6931840181350708 -0.3077295124530792
-0.42472043633461 -0.6835743188858032 -0.28775283694267273
-0.43216875195503235 -0.6739681363105774 -0.26787418127059937
-0.43958836793899536 -0.6643385291099548 -0.24809743463993073
-0.4469529092311859 -0.6546546220779419 -0.22841864824295044
-0.454239159822464 -0.6448814272880554 -0.20882630348205566
-0.46143484115600586 -0.6349771022796631 -0.18929006159305573
-0.4685656726360321 -0.6248877048492432 -0.1697273850440979
-0.4756602942943573 -0.6145663857460022 -0.15006238222122192
-0.4827371835708618 -0.6039794087409973 -0.13024646043777466
-0.48980453610420227 -0.5931065678596497 -0.11025860160589218
-0.49686017632484436 -0.5819424390792847 -0.0901060402393341
-0.5038919448852539 -0.570497453212738 -0.06982499361038208
-0.5108773112297058 -0.5587993860244751 -0.04948209226131439
-0.5177919268608093 -0.5469149947166443 -0.029184360057115555
-0.5246266722679138 -0.5349447131156921 -0.009052331559360027
-0.5313858985900879 -0.5229719281196594 0.010826822370290756
-0.5380865931510925 -0.5110582709312439 0.03040250949561596
-0.5447577238082886 -0.49924370646476746 0.049659207463264465
-0.5514411330223083 -0.487547367811203 0.06861522793769836
-0.5581913590431213 -0.4759676456451416 0.08732199668884277
-0.5650772452354431 -0.4644686281681061 0.10587576776742935
-0.572169303894043 -0.4528607130050659 0.1245051845908165
-0.5795145630836487 -0.44089680910110474 0.14345690608024597
-0.5871296525001526 -0.4283720850944519 0.16290220618247986
-0.5949949622154236 -0.4151330292224884 0.18292655050754547
-0.6030513048171997 -0.4010891914367676 0.20351871848106384
-0.6111956238746643 -0.3862263262271881 0.2245599776506424
-0.6192830204963684 -0.3706192672252655 0.2458195686340332
-0.6271451115608215 -0.3544961214065552 0.266926646232605
-0.6346625685691833 -0.33828145265579224 0.2874132990837097
-0.6417871713638306 -0.3223165273666382 0.30695921182632446
-0.6485308408737183 -0.3068060576915741 0.32541677355766296
-0.654955267906189 -0.29183077812194824 0.3427846431732178
-0.6611626148223877 -0.2773643434047699 0.35917869210243225
-0.6672902703285217 -0.26328814029693604 0.3748096823692322
-0.673511266708374 -0.24939565360546112 0.38997355103492737
-0.6799893379211426 -0.23534047603607178 0.4050549566745758
-0.6868278980255127 -0.22073352336883545 0.42041608691215515
-0.6940866112709045 -0.20526941120624542 0.4363166093826294
-0.7017756700515747 -0.18874043226242065 0.4529062509536743
-0.7098436951637268 -0.1710597574710846 0.47020742297172546
-0.7181650400161743 -0.1522943079471588 0.488090842962265
-0.7265316247940063 -0.13269592821598053 0.5062562823295593
-0.734653115272522 -0.11269433796405792 0.5241817831993103
-0.742191731929779 -0.092665895819664 0.5409735441207886
-0.7488822340965271 -0.07278311252593994 0.5557978749275208
-0.7545554041862488 -0.053026095032691956 0.5680444836616516
-0.7591149806976318 -0.03319723531603813 0.5772798657417297
-0.7625113725662231 -0.012933162972331047 0.5831770300865173
-0.7647122740745544 0.008297529071569443 0.5854334831237793
-0.7656750679016113 0.03122277557849884 0.5836821794509888
-0.7653600573539734 0.05670301616191864 0.5776132345199585
-0.7637578248977661 0.08547660708427429 0.5671830773353577
-0.7608264088630676 0.11819012463092804 0.5523019433021545
-0.7565056085586548 0.15536582469940186 0.532866895198822
-0.7507441639900208 0.19730964303016663 0.508861780166626
-0.7435334920883179 0.24398042261600494 0.4804750680923462
-0.7349482774734497 0.29483523964881897 0.44823047518730164
-0.7254727482795715 0.3488762080669403 0.4130452275276184
-0.7197726368904114 0.4071395993232727 0.3754779100418091
-0.7254499197006226 0.47231122851371765 0.33570367097854614
-0.7495750784873962 0.5467515587806702 0.29400190711021423
-0.7980528473854065 0.6322657465934753 0.2507445812225342
-0.87521892786026 0.7299910187721252 0.20636211335659027
-0.9836531281471252 0.8403728008270264 0.16130398213863373
-1.124205470085144 0.9632147550582886 0.11600484699010849
0.5748011469841003 -1.4990707635879517 -1.0655508041381836
0.43899258971214294 -1.1320323944091797 -0.8028944134712219
0.3499850630760193 -0.9261738061904907 -0.656894326210022
0.28412938117980957 -0.8072582483291626 -0.5740012526512146
0.23056688904762268 -0.7417768239974976 -0.5300472974777222
0.1835242211818695 -0.7117804288864136 -0.5120646357536316
0.13968321681022644 -0.7056820392608643 -0.5116220116615295
0.09721748530864716 -0.7140774726867676 -0.5217774510383606
0.05550127476453781 -0.7276771664619446 -0.5355554223060608
0.014946993440389633 -0.7405622005462646 -0.5483730435371399
-0.023785071447491646 -0.7521679401397705 -0.559589684009552
-0.0602453239262104 -0.762408435344696 -0.5689424276351929
-0.09420975297689438 -0.7712781429290771 -0.576251745223999
-0.1256602704524994 -0.7788363695144653 -0.581403374671936
-0.15475541353225708 -0.785190224647522 -0.5843245983123779
-0.18180036544799805 -0.7904787063598633 -0.5849562287330627
-0.20720191299915314 -0.7948439121246338 -0.5832375288009644
-0.23124979436397552 -0.7982930541038513 -0.579181969165802
-0.2540733218193054 -0.8007437586784363 -0.5728327035903931
-0.2757030725479126 -0.8020886182785034 -0.5642307996749878
-0.29607897996902466 -0.8022043108940125 -0.553438127040863
-0.3150581419467926 -0.8009609580039978 -0.5405595898628235
-0.3324252665042877 -0.7982366681098938 -0.5257660150527954
-0.34790804982185364 -0.793933093547821 -0.5093132257461548
-0.3613264560699463 -0.7880653142929077 -0.49152642488479614
-0.37284255027770996 -0.7808703780174255 -0.4727129638195038
-0.3827277421951294 -0.7726247906684875 -0.4531524181365967
-0.3912995457649231 -0.7636014819145203 -0.43308988213539124
-0.39890339970588684 -0.754056990146637 -0.41272780299186707
-0.4058995246887207 -0.7442243099212646 -0.3922211825847626
-0.4126529097557068 -0.7343086004257202 -0.3716767132282257
-0.4195159673690796 -0.7244814038276672 -0.35115545988082886
-0.4266136586666107 -0.7148094177246094 -0.33070966601371765
-0.43387362360954285 -0.705274224281311 -0.3103930652141571
-0.44122663140296936 -0.6958469152450562 -0.29023951292037964
-0.44861340522766113 -0.6864914894104004 -0.27026310563087463
-0.4559839963912964 -0.6771643757820129 -0.25045961141586304
-0.463296502828598 -0.6678153872489929 -0.23080787062644958
-0.4705166816711426 -0.6583865284919739 -0.21127034723758698
-0.4776250720024109 -0.6488136053085327 -0.19178803265094757
-0.4846462309360504 -0.6390407085418701 -0.17227289080619812
-0.49160924553871155 -0.6290249228477478 -0.15265166759490967
-0.4985331594944 -0.6187355518341064 -0.1328776478767395
-0.5054267048835754 -0.6081545352935791 -0.1129307821393013
-0.5122891068458557 -0.5972771048545837 -0.09281836450099945
-0.5191099047660828 -0.586113691329956 -0.0725756511092186
-0.5258689522743225 -0.5746906995773315 -0.05226702615618706
-0.5325503349304199 -0.5630706548690796 -0.03198742866516113
-0.5391616821289062 -0.5513495206832886 -0.01183424610644579
-0.5457212924957275 -0.5396111607551575 0.008121439255774021
-0.5522572994232178 -0.5279229879379272 0.027836725115776062
-0.5588070154190063 -0.5163367390632629 0.04729599878191948
-0.5654174089431763 -0.5048880577087402 0.06651010364294052
-0.5721458792686462 -0.49359774589538574 0.08551604300737381
-0.5790590643882751 -0.48245739936828613 0.10438717156648636
-0.5862058401107788 -0.47130170464515686 0.1233125776052475
-0.5936025977134705 -0.4598987102508545 0.14249850809574127
-0.6012396812438965 -0.44805049896240234 0.16208666563034058
-0.6090767979621887 -0.4355994760990143 0.18214647471904755
-0.6170406937599182 -0.42243629693984985 0.2026682198047638
-0.6250240802764893 -0.4085099697113037 0.2235562652349472
-0.6328878998756409 -0.3938373625278473 0.24462664127349854
-0.6404833197593689 -0.37857940793037415 0.265574187040329
-0.6477252244949341 -0.36312657594680786 0.2859891355037689
-0.6545909643173218 -0.3478122651576996 0.305584192276001
-0.6611089706420898 -0.3328547775745392 0.3242221474647522
-0.6673482060432434 -0.3183654248714447 0.3418942093849182
-0.6734119653701782 -0.30436211824417114 0.3586972951889038
-0.6794350743293762 -0.2907821238040924 0.37481656670570374
-0.685583770275116 -0.2774851322174072 0.3905184268951416
-0.6920028924942017 -0.2641637623310089 0.40615588426589966
-0.6987660527229309 -0.2504239082336426 0.422060489654541
-0.7059038281440735 -0.23594476282596588 0.4384618401527405
-0.713398277759552 -0.22049179673194885 0.4554792046546936
-0.7211718559265137 -0.20393583178520203 0.47310471534729004
-0.7290776371955872 -0.18628305196762085 0.4911819398403168
-0.7368948459625244 -0.16770493984222412 0.5093910098075867
-0.7443311214447021 -0.14854204654693604 0.527202308177948
-0.7510519623756409 -0.12912800908088684 0.543728232383728
-0.7567915320396423 -0.10962694883346558 0.5581426620483398
-0.7613718509674072 -0.09002385288476944 0.5698362588882446
-0.7646793723106384 -0.0701327845454216 0.5783682465553284
-0.7666346430778503 -0.04960262402892113 0.583393394947052
-0.7671607732772827 -0.027909521013498306 0.5845785737037659
-0.7661502957344055 -0.004323472268879414 0.5815097689628601
-0.7634758949279785 0.022045645862817764 0.5738055109977722
-0.7590343952178955 0.05200238525867462 0.5613335967063904
-0.7526920437812805 0.08626089245080948 0.5439153909683228
-0.7443056106567383 0.12539979815483093 0.5213695168495178
-0.7337650060653687 0.16975580155849457 0.493627667427063
-0.7210472822189331 0.21927352249622345 0.4608754515647888
-0.7062827944755554 0.2733296751976013 0.4237070679664612
-0.690166711807251 0.33077138662338257 0.38320866227149963
-0.6785290837287903 0.3925178349018097 0.3402230441570282
-0.6807230114936829 0.46132394671440125 0.2951616644859314
-0.7054670453071594 0.5398518443107605 0.24837659299373627
-0.7603083252906799 0.6305078864097595 0.2001340538263321
-0.8514277338981628 0.7353919744491577 0.15059156715869904
-0.9836794137954712 0.8563133478164673 0.09978752583265305
-1.1607937812805176 0.9948477745056152 0.047644805163145065
0.5352631211280823 -1.499070644378662 -1.1091574430465698
0.39305806159973145 -1.1114107370376587 -0.8042598962783813
0.3012636601924896 -0.8952026963233948 -0.6352150440216064
0.23454917967319489 -0.7714177370071411 -0.5395480990409851
0.18133892118930817 -0.7045896053314209 -0.48922696709632874
0.13547880947589874 -0.6758110523223877 -0.4692933261394501
0.09338743984699249 -0.6728750467300415 -0.47004464268684387
0.05299699306488037 -0.6857585906982422 -0.48343679308891296
0.013420285657048225 -0.7043408155441284 -0.5012527108192444
-0.025111107155680656 -0.7220310568809509 -0.5180158019065857
-0.06197095289826393 -0.7381173968315125 -0.5329375863075256
-0.09672228246927261 -0.7524389028549194 -0.5456902980804443
-0.1291477233171463 -0.7649496793746948 -0.5560597777366638
-0.15923410654067993 -0.775700569152832 -0.5639272928237915
-0.18714527785778046 -0.7848160862922668 -0.5692418813705444
-0.21319273114204407 -0.7924728393554688 -0.5719900131225586
-0.23777906596660614 -0.7988619804382324 -0.5721748471260071
-0.2611105144023895 -0.8040321469306946 -0.5698721408843994
-0.28321877121925354 -0.8079363107681274 -0.5651788115501404
-0.30406737327575684 -0.8105036020278931 -0.5581823587417603
-0.3235582113265991 -0.8116474747657776 -0.5489758253097534
-0.34153780341148376 -0.8112727999687195 -0.5376726984977722
-0.35780543088912964 -0.809285581111908 -0.5244219899177551
-0.3721238970756531 -0.8056043982505798 -0.5094200968742371
-0.3843713402748108 -0.8002444505691528 -0.492904394865036
-0.3947831392288208 -0.7934321761131287 -0.4751095771789551
-0.40367791056632996 -0.7854370474815369 -0.45626935362815857
-0.4113958775997162 -0.7765340209007263 -0.43661394715309143
-0.4182897210121155 -0.766997218132019 -0.41636431217193604
-0.42471712827682495 -0.7570934891700745 -0.39572763442993164
-0.43103399872779846 -0.7470780611038208 -0.37489354610443115
-0.43757811188697815 -0.737186074256897 -0.3540317714214325
-0.44444891810417175 -0.7275230288505554 -0.3332771956920624
-0.45154452323913574 -0.718076229095459 -0.3127199709415436
-0.4587703347206116 -0.7088141441345215 -0.29241320490837097
-0.4660467803478241 -0.6996922492980957 -0.2723761200904846
-0.47330909967422485 -0.690653383731842 -0.2525964677333832
-0.48050564527511597 -0.6816290616989136 -0.23303301632404327
-0.48759734630584717 -0.6725392937660217 -0.21361738443374634
-0.49456387758255005 -0.663297712802887 -0.1942557990550995
-0.5014306902885437 -0.6538471579551697 -0.17485329508781433
-0.5082274079322815 -0.644149124622345 -0.15533900260925293
-0.5149735808372498 -0.6341767907142639 -0.13566812872886658
-0.521679162979126 -0.623914897441864 -0.11582203209400177
-0.5283446311950684 -0.6133609414100647 -0.09580851346254349
-0.534960925579071 -0.6025259494781494 -0.07566244155168533
-0.5415102243423462 -0.5914362072944641 -0.05544697120785713
-0.5479840636253357 -0.5801485180854797 -0.03524353727698326
-0.5544028878211975 -0.5687476992607117 -0.015121717005968094
-0.5607964992523193 -0.5573118329048157 0.004867246840149164
-0.5672004222869873 -0.5459089279174805 0.02469055913388729
-0.5736563801765442 -0.5345968008041382 0.04433335363864899
-0.5802122950553894 -0.5234234929084778 0.06379836797714233
-0.5869234800338745 -0.5124276280403137 0.08310587704181671
-0.5938491225242615 -0.501624584197998 0.10230229049921036
-0.6010149121284485 -0.49087661504745483 0.12152983248233795
-0.6084104180335999 -0.479974627494812 0.14094771444797516
-0.6160035729408264 -0.4687345027923584 0.16066421568393707
-0.6237391829490662 -0.45700201392173767 0.18073172867298126
-0.6315381526947021 -0.44465774297714233 0.20114320516586304
-0.6392973065376282 -0.4316238760948181 0.22182880342006683
-0.6468919515609741 -0.4178706407546997 0.24265499413013458
-0.6541990041732788 -0.4034988582134247 0.26338791847229004
-0.6611641049385071 -0.3888557255268097 0.2836819887161255
-0.6677869558334351 -0.3742550313472748 0.3032881021499634
-0.6741067171096802 -0.3599165678024292 0.32208195328712463
-0.680195689201355 -0.34597235918045044 0.34004801511764526
-0.6861541271209717 -0.3324764668941498 0.3572624623775482
-0.6921094655990601 -0.3194155991077423 0.3738803267478943
-0.6982164978981018 -0.3067108988761902 0.39013099670410156
-0.7045965790748596 -0.294099360704422 0.40632468461990356
-0.7112908363342285 -0.2811978757381439 0.42275044322013855
-0.718298614025116 -0.2676854431629181 0.4395981431007385
-0.7255730032920837 -0.253314733505249 0.456950306892395
-0.7330114841461182 -0.23792725801467896 0.4747672975063324
-0.7404497265815735 -0.22147846221923828 0.49287062883377075
-0.7476601600646973 -0.2040642946958542 0.5109329223632812
-0.7543557286262512 -0.18593157827854156 0.5284358859062195
-0.760204553604126 -0.1673470288515091 0.5445160865783691
-0.7649334669113159 -0.14844025671482086 0.5583626627922058
-0.7683464884757996 -0.12918201088905334 0.569366455078125
-0.7703006267547607 -0.10938575118780136 0.5770704746246338
-0.7706736326217651 -0.08870625495910645 0.5810987949371338
-0.7693294882774353 -0.06662590056657791 0.5810730457305908
-0.7660786509513855 -0.04241573438048363 0.5765165090560913
-0.7606920003890991 -0.015160269103944302 0.5669659376144409
-0.7529681921005249 0.01601254567503929 0.5521987080574036
-0.7426813840866089 0.051886435598134995 0.5319521427154541
-0.7296123504638672 0.09309680759906769 0.5059785842895508
-0.7136099338531494 0.14000865817070007 0.4741797149181366
-0.6946702599525452 0.1925463080406189 0.43676963448524475
-0.6730299592018127 0.2499983012676239 0.3944545388221741
-0.6496642231941223 0.3110477030277252 0.3485298752784729
-0.6316577196121216 0.3764577805995941 0.30010148882865906
-0.6301495432853699 0.4490249454975128 0.24970541894435883
-0.6555094718933105 0.531748354434967 0.19759494066238403
-0.7170430421829224 0.627758800983429 0.14371263980865479
-0.8232134580612183 0.7403863668441772 0.08767981827259064
-0.9821849465370178 0.8733252286911011 0.028791848570108414
-1.2025949954986572 1.0308873653411865 -0.033993806689977646
0.48626843094825745 -1.4990705251693726 -1.151536226272583
0.3393087089061737 -1.0888872146606445 -0.8016512989997864
0.24557837843894958 -0.8612611889839172 -0.6079924702644348
0.1784488707780838 -0.731984555721283 -0.4985763132572174
0.12581193447113037 -0.6634700894355774 -0.44127771258354187
0.08124396204948425 -0.6357790231704712 -0.41905128955841064
0.04098190367221832 -0.6360531449317932 -0.42088449001312256
0.0027831196784973145 -0.6536318063735962 -0.43760836124420166
-0.03444812446832657 -0.6775310039520264 -0.4597248435020447
-0.07065488398075104 -0.7004460692405701 -0.4808163344860077
-0.10528295487165451 -0.7214924693107605 -0.4999230206012726
-0.13794083893299103 -0.7404054999351501 -0.5166229009628296
-0.16844066977500916 -0.7570677995681763 -0.530634880065918
-0.19678695499897003 -0.7714921236038208 -0.5418035984039307
-0.22315296530723572 -0.7837954163551331 -0.5500723123550415
-0.24785302579402924 -0.7941716909408569 -0.5554506778717041
-0.27127623558044434 -0.8028464317321777 -0.5579898953437805
-0.29353922605514526 -0.8099091053009033 -0.5578228235244751
-0.31457942724227905 -0.8153595328330994 -0.5551043152809143
-0.33430352807044983 -0.8191810250282288 -0.5499752163887024
-0.35259097814559937 -0.8213443160057068 -0.5425696969032288
-0.36929675936698914 -0.8218114972114563 -0.5330219864845276
-0.38425421714782715 -0.8205409049987793 -0.5214725732803345
-0.3972793221473694 -0.8174905180931091 -0.5080738663673401
-0.40831366181373596 -0.8126901984214783 -0.4929879903793335
-0.41764572262763977 -0.8063504695892334 -0.47637930512428284
-0.42561861872673035 -0.7987209558486938 -0.4584302008152008
-0.43257609009742737 -0.7900647521018982 -0.43934571743011475
-0.43886110186576843 -0.7806578874588013 -0.4193538725376129
-0.4448137581348419 -0.770788311958313 -0.39870506525039673
-0.4507673978805542 -0.760752260684967 -0.3776693046092987
-0.4570317566394806 -0.7508429884910583 -0.35653021931648254
-0.4636784791946411 -0.7412089109420776 -0.3355157673358917
-0.4705827832221985 -0.7318509221076965 -0.31476151943206787
-0.47763147950172424 -0.7227420210838318 -0.29434648156166077
-0.4847314953804016 -0.713834285736084 -0.2742979824542999
-0.49180954694747925 -0.705061137676239 -0.25459641218185425
-0.49881142377853394 -0.6963395476341248 -0.23517948389053345
-0.5056997537612915 -0.6875698566436768 -0.21594539284706116
-0.512459933757782 -0.6786472797393799 -0.19676333665847778
-0.5191194415092468 -0.6695131659507751 -0.17752990126609802
-0.5257090330123901 -0.66013503074646 -0.15817652642726898
-0.5322492718696594 -0.650490403175354 -0.13866040110588074
-0.538750946521759 -0.64056795835495 -0.11896434426307678
-0.5452160239219666 -0.6303685307502747 -0.09909740090370178
-0.5516372323036194 -0.6199056506156921 -0.07909513264894485
-0.557998538017273 -0.6092069149017334 -0.059020690619945526
-0.5642964243888855 -0.5983224511146545 -0.03894224017858505
-0.5705605149269104 -0.5873202681541443 -0.01889934577047825
-0.5768259763717651 -0.5762662887573242 0.0010789072839543223
-0.5831313133239746 -0.5652223825454712 0.02097173221409321
-0.5895175337791443 -0.554246187210083 0.04076644405722618
-0.5960286855697632 -0.5433911085128784 0.06045837327837944
-0.6027121543884277 -0.5327066779136658 0.08005094528198242
-0.6096146106719971 -0.5222253799438477 0.09956257045269012
-0.6167404055595398 -0.5118394494056702 0.11908496916294098
-0.6240575313568115 -0.5013694167137146 0.13872681558132172
-0.6315194368362427 -0.4906529486179352 0.15856178104877472
-0.6390645503997803 -0.4795472025871277 0.17862552404403687
-0.6466159820556641 -0.46793267130851746 0.19891469180583954
-0.6540833115577698 -0.455716609954834 0.21938556432724
-0.661363422870636 -0.4428372383117676 0.23995448648929596
-0.6683626174926758 -0.4293462336063385 0.2604573965072632
-0.6750527620315552 -0.4155418574810028 0.2806146740913391
-0.6814488768577576 -0.4017074406147003 0.30021756887435913
-0.6875960230827332 -0.3880530297756195 0.3191569149494171
-0.6935647130012512 -0.3747197389602661 0.3374119699001312
-0.6994479894638062 -0.3617870509624481 0.35503828525543213
-0.7053611278533936 -0.3492807149887085 0.37215909361839294
-0.7114427089691162 -0.3371737599372864 0.38896265625953674
-0.7177873253822327 -0.32524922490119934 0.405707985162735
-0.7244029641151428 -0.3131484091281891 0.4226319491863251
-0.7312577962875366 -0.3005637526512146 0.43987780809402466
-0.7382773160934448 -0.28724905848503113 0.4574868679046631
-0.745337188243866 -0.2730305790901184 0.47538796067237854
-0.7522603273391724 -0.25782692432403564 0.4933852255344391
-0.7588183879852295 -0.24167072772979736 0.5111533403396606
-0.7647342681884766 -0.224720299243927 0.5281982421875
-0.7696738243103027 -0.20715683698654175 0.5436902642250061
-0.7733450531959534 -0.18904995918273926 0.5568360686302185
-0.7755219340324402 -0.1703346073627472 0.5670219659805298
-0.7760185599327087 -0.15080685913562775 0.5737661123275757
-0.7746559381484985 -0.13011573255062103 0.5766499042510986
-0.7712239623069763 -0.10774289816617966 0.5752358436584473
-0.7654356956481934 -0.08295860886573792 0.5689724683761597
-0.7569496035575867 -0.05482543259859085 0.5573082566261292
-0.7454695701599121 -0.0224092248827219 0.5399392247200012
-0.73068767786026 0.015137989073991776 0.5165349841117859
-0.7123275995254517 0.05850245803594589 0.48680660128593445
-0.6902272701263428 0.10807101428508759 0.45065805315971375
-0.6644458174705505 0.1637430489063263 0.40837210416793823
-0.6353822946548462 0.2247195988893509 0.36080658435821533
-0.6043543219566345 0.28953006863594055 0.3094925880432129
-0.5797451138496399 0.3587818741798401 0.25572669506073
-0.5744523406028748 0.4353196322917938 0.2000020146369934
-0.6004461050033569 0.5225176811218262 0.14226949214935303
-0.6688514351844788 0.6243183016777039 0.08191437274217606
-0.7907825112342834 0.7454774379730225 0.017729947343468666
-0.9787243008613586 0.8920286297798157 -0.05215545743703842
-1.248518466949463 1.0720492601394653 -0.1304493248462677
0.42532461881637573 -1.4990705251693726 -1.1921781301498413
0.2763085663318634 -1.0645939111709595 -0.7949615120887756
0.18205779790878296 -0.8245573043823242 -0.5753433704376221
0.11526913195848465 -0.6892303228378296 -0.45134860277175903
0.06358631700277328 -0.6187388300895691 -0.38655155897140503
0.020478541031479836 -0.592024028301239 -0.36172160506248474
-0.01788339577615261 -0.5955308079719543 -0.3644922375679016
-0.053819142282009125 -0.6179412007331848 -0.3845541775226593
-0.08854705840349197 -0.6473952531814575 -0.4111175835132599
-0.12215587496757507 -0.6758633852005005 -0.43681231141090393
-0.1541980355978012 -0.7022807002067566 -0.46050119400024414
-0.18436145782470703 -0.7262575030326843 -0.48164910078048706
-0.2125135362148285 -0.7475741505622864 -0.49987655878067017
-0.2386932224035263 -0.7661699056625366 -0.5149548053741455
-0.2630907893180847 -0.78211909532547 -0.5267838835716248
-0.28602316975593567 -0.7956011295318604 -0.5353620648384094
-0.30786001682281494 -0.8068510890007019 -0.5407600402832031
-0.32863301038742065 -0.8159943222999573 -0.543152928352356
-0.34819820523262024 -0.8230900764465332 -0.5427507162094116
-0.36642181873321533 -0.8281950354576111 -0.5397526025772095
-0.38317832350730896 -0.8313612341880798 -0.5343436598777771
-0.39834749698638916 -0.8326331377029419 -0.5266925692558289
-0.41181057691574097 -0.8320453763008118 -0.5169496536254883
-0.4234470725059509 -0.8296201229095459 -0.5052452683448792
-0.4332602024078369 -0.8254191279411316 -0.49168822169303894
-0.44156643748283386 -0.8196346163749695 -0.47638407349586487
-0.4487098753452301 -0.8124874234199524 -0.4594658315181732
-0.455018550157547 -0.8042160868644714 -0.44110697507858276
-0.46080970764160156 -0.795084536075592 -0.4215314984321594
-0.46639108657836914 -0.7853858470916748 -0.40102067589759827
-0.47205880284309387 -0.775442898273468 -0.37991538643836975
-0.47808071970939636 -0.765595555305481 -0.3586089313030243
-0.48449891805648804 -0.7560341954231262 -0.3374256491661072
-0.49117499589920044 -0.7467817068099976 -0.31655246019363403
-0.4979856014251709 -0.7378219962120056 -0.2960984408855438
-0.5048324465751648 -0.7291103601455688 -0.27610206604003906
-0.5116419792175293 -0.720576286315918 -0.2565377354621887
-0.5183640718460083 -0.7121273279190063 -0.23732292652130127
-0.524970293045044 -0.7036500573158264 -0.21832334995269775
-0.5314567685127258 -0.695024847984314 -0.1993715763092041
-0.5378547310829163 -0.686194121837616 -0.18035553395748138
-0.5441959500312805 -0.6771309971809387 -0.1612083613872528
-0.5505017042160034 -0.6678178310394287 -0.1418887972831726
-0.5567845106124878 -0.6582489013671875 -0.1223817765712738
-0.563047468662262 -0.6484292149543762 -0.10269805043935776
-0.569284975528717 -0.6383765339851379 -0.08287506550550461
-0.5754827260971069 -0.6281220316886902 -0.06297781318426132
-0.5816397070884705 -0.6177088618278503 -0.043062832206487656
-0.5877882242202759 -0.6071839332580566 -0.02314022369682789
-0.5939635038375854 -0.596595287322998 -0.0032165118027478456
-0.6002005934715271 -0.5859920978546143 0.016700776293873787
-0.6065348386764526 -0.5754242539405823 0.03660288825631142
-0.6130006909370422 -0.5649426579475403 0.0564798042178154
-0.6196326613426208 -0.5545991659164429 0.07632036507129669
-0.6264607906341553 -0.5444345474243164 0.09611731767654419
-0.6334717273712158 -0.5343716144561768 0.11591227352619171
-0.6406208872795105 -0.524267852306366 0.13576346635818481
-0.6478563547134399 -0.5139894485473633 0.1557108610868454
-0.6551188230514526 -0.5034135580062866 0.17577452957630157
-0.6623427271842957 -0.49243056774139404 0.19595493376255035
-0.6694563627243042 -0.48094478249549866 0.2162325233221054
-0.6763839721679688 -0.4688781201839447 0.236568421125412
-0.6830618381500244 -0.4562460780143738 0.25686222314834595
-0.6894814968109131 -0.4432951509952545 0.276897668838501
-0.6956668496131897 -0.4302699863910675 0.29650619626045227
-0.7016631960868835 -0.4173608124256134 0.3155953586101532
-0.7075347304344177 -0.40470659732818604 0.33414125442504883
-0.7133631706237793 -0.3924001455307007 0.352180540561676
-0.7192480564117432 -0.38049423694610596 0.3698052763938904
-0.7253072261810303 -0.36900097131729126 0.3871612846851349
-0.7316067218780518 -0.357747882604599 0.40445128083229065
-0.7381216287612915 -0.34641149640083313 0.4218529462814331
-0.7447912693023682 -0.3347090780735016 0.43945789337158203
-0.7515161037445068 -0.3224078118801117 0.4572645127773285
-0.758154571056366 -0.30933237075805664 0.47517088055610657
-0.7645215392112732 -0.29537931084632874 0.49296772480010986
-0.770392656326294 -0.28053417801856995 0.5103378295898438
-0.7755029797554016 -0.26487845182418823 0.5268182754516602
-0.7795067429542542 -0.24849461019039154 0.5416151285171509
-0.7820800542831421 -0.23136942088603973 0.5539498329162598
-0.7829519510269165 -0.21337997913360596 0.5631974935531616
-0.7818790674209595 -0.1942858248949051 0.5688418745994568
-0.7786117196083069 -0.17371459305286407 0.5704108476638794
-0.7728517651557922 -0.15113577246665955 0.5673975348472595
-0.7642017006874084 -0.12581242620944977 0.559165894985199
-0.7522023320198059 -0.09678838402032852 0.5450770258903503
-0.7364764213562012 -0.06308183819055557 0.5247649550437927
-0.7166558504104614 -0.02379601262509823 0.4978605806827545
-0.692436933517456 0.02179102599620819 0.464068740606308
-0.6636866927146912 0.0740756243467331 0.423336923122406
-0.6305738687515259 0.13292768597602844 0.3760553002357483
-0.5937079191207886 0.1974719911813736 0.3232615888118744
-0.5547860264778137 0.2661169171333313 0.2667199373245239
-0.5234877467155457 0.33936047554016113 0.20780062675476074
-0.5144078731536865 0.420141339302063 0.14675672352313995
-0.5410566926002502 0.5122514963150024 0.08303774148225784
-0.6164073348045349 0.6204938888549805 0.015258663333952427
-0.7544822692871094 0.7511599063873291 -0.058897655457258224
-0.9728829264640808 0.9129425883293152 -0.14294271171092987
-1.296764850616455 1.1185963153839111 -0.2421577274799347
0.34993577003479004 -1.499070644378662 -1.2305716276168823
0.20264117419719696 -1.0386713743209839 -0.7840873003005981
0.10989676415920258 -0.7853363156318665 -0.5374239087104797
0.04458056390285492 -0.6435151100158691 -0.3982360363006592
-0.005533318500965834 -0.5708659291267395 -0.3255985379219055
-0.0468754805624485 -0.5450959205627441 -0.2979811131954193
-0.08319973945617676 -0.5518812537193298 -0.3015981912612915
-0.11678443849086761 -0.5792128443717957 -0.32497507333755493
-0.14886227250099182 -0.6143568754196167 -0.35603731870651245
-0.17961975932121277 -0.6485827565193176 -0.3864879906177521
-0.2087412178516388 -0.6806637048721313 -0.41503408551216125
-0.23602190613746643 -0.7100829482078552 -0.4410278797149658
-0.26140716671943665 -0.7364969253540039 -0.4639730453491211
-0.28498581051826477 -0.7597357034683228 -0.4835331439971924
-0.3069734573364258 -0.7797885537147522 -0.4995221495628357
-0.327690452337265 -0.796776533126831 -0.5118816494941711
-0.34748467803001404 -0.8109064102172852 -0.5206599831581116
-0.3663177490234375 -0.8223288655281067 -0.5260476469993591
-0.38398733735084534 -0.8311740159988403 -0.5283010601997375
-0.40033918619155884 -0.837593138217926 -0.5276799201965332
-0.4152589440345764 -0.841743528842926 -0.5244306921958923
-0.42866235971450806 -0.8437770009040833 -0.518772542476654
-0.4404849410057068 -0.8438286781311035 -0.5108869075775146
-0.4506717920303345 -0.8420090079307556 -0.5009087324142456
-0.45928001403808594 -0.8384299874305725 -0.4889216721057892
-0.46662789583206177 -0.833266019821167 -0.47499048709869385
-0.4730389714241028 -0.8267048001289368 -0.4592069685459137
-0.47880926728248596 -0.8189524412155151 -0.4417121708393097
-0.48421621322631836 -0.8102478981018066 -0.4227176904678345
-0.48952242732048035 -0.8008742928504944 -0.40252217650413513
-0.4949732720851898 -0.7911632657051086 -0.38152217864990234
-0.5007820725440979 -0.7814839482307434 -0.36020711064338684
-0.5069601535797119 -0.7720633745193481 -0.3389917314052582
-0.5133649706840515 -0.7629510164260864 -0.3181149959564209
-0.5198734998703003 -0.7541490197181702 -0.29771801829338074
-0.5263906717300415 -0.745621919631958 -0.27785253524780273
-0.5328505635261536 -0.7373022437095642 -0.2584896385669708
-0.5392143130302429 -0.7290949821472168 -0.2395297884941101
-0.5454673767089844 -0.7208794951438904 -0.22081035375595093
-0.5516208410263062 -0.7125281691551208 -0.20213168859481812
-0.5577101111412048 -0.7039850950241089 -0.18337318301200867
-0.5637676119804382 -0.6952286958694458 -0.16446855664253235
-0.5698161125183105 -0.6862474083900452 -0.14537806808948517
-0.5758689641952515 -0.6770406365394592 -0.12608842551708221
-0.5819308757781982 -0.6676195859909058 -0.10661300271749496
-0.5879974961280823 -0.6580072641372681 -0.08699239045381546
-0.5940560102462769 -0.6482406854629517 -0.06729534268379211
-0.6001055240631104 -0.6383568048477173 -0.04757009819149971
-0.6061740517616272 -0.6283791065216064 -0.027800902724266052
-0.6122908592224121 -0.6183340549468994 -0.007973494939506054
-0.6184821724891663 -0.6082522869110107 0.011917922645807266
-0.6247718930244446 -0.5981694459915161 0.031870294362306595
-0.6311807632446289 -0.588126003742218 0.051871541887521744
-0.6377264857292175 -0.5781664252281189 0.07190065830945969
-0.6444203853607178 -0.5683308243751526 0.09193070977926254
-0.6512371301651001 -0.5585713982582092 0.11195838451385498
-0.658129870891571 -0.5487871766090393 0.13199521601200104
-0.6650509238243103 -0.5388790965080261 0.15205048024654388
-0.671951413154602 -0.5287511944770813 0.17213010787963867
-0.6787834167480469 -0.5183120965957642 0.19223730266094208
-0.6854984164237976 -0.507474958896637 0.21237222850322723
-0.6920496821403503 -0.49615922570228577 0.2325322926044464
-0.6984018683433533 -0.4843578338623047 0.2526703178882599
-0.7045595049858093 -0.4722653329372406 0.27262747287750244
-0.7105487585067749 -0.4600829780101776 0.2922731637954712
-0.7164105772972107 -0.4479738175868988 0.31153208017349243
-0.7221993803977966 -0.4360648989677429 0.3303791880607605
-0.7279822826385498 -0.4244512617588043 0.3488352596759796
-0.7338404059410095 -0.4132000505924225 0.36696338653564453
-0.7398679852485657 -0.4023488163948059 0.3848685622215271
-0.7461013197898865 -0.39176514744758606 0.4026952385902405
-0.7524856328964233 -0.3811687231063843 0.4205578863620758
-0.7589331269264221 -0.3703099489212036 0.4384935796260834
-0.7653237581253052 -0.358979195356369 0.4564576745033264
-0.7715021967887878 -0.34701070189476013 0.47431913018226624
-0.7772797346115112 -0.3342931270599365 0.49185794591903687
-0.7824389338493347 -0.3207811713218689 0.50876784324646
-0.7867265343666077 -0.3064945638179779 0.5246179103851318
-0.7897735834121704 -0.29140836000442505 0.5386461019515991
-0.7912086248397827 -0.2754071354866028 0.5500813126564026
-0.7907004356384277 -0.2582896649837494 0.5582786798477173
-0.7879336476325989 -0.23975904285907745 0.562678337097168
-0.7825735807418823 -0.21940350532531738 0.5627454519271851
-0.7742223143577576 -0.19666576385498047 0.557895839214325
-0.7623622417449951 -0.17079152166843414 0.5474042892456055
-0.7464200854301453 -0.14081069827079773 0.5305532813072205
-0.7259626984596252 -0.1057196855545044 0.5069462656974792
-0.7005952000617981 -0.06460143625736237 0.476214736700058
-0.6700271964073181 -0.016725515946745872 0.43810221552848816
-0.6341978311538696 0.038293760269880295 0.3926413059234619
-0.5934247374534607 0.10029260069131851 0.3403593599796295
-0.548551082611084 0.16834169626235962 0.2824772298336029
-0.5016501545906067 0.2407863736152649 0.2209523320198059
-0.46365389227867126 0.31811442971229553 0.15707677602767944
-0.45079752802848816 0.40344905853271484 0.09066995233297348
-0.4781058728694916 0.5010485053062439 0.020519448444247246
-0.5604255795478821 0.6165881752967834 -0.05568322911858559
-0.7148006558418274 0.7579004168510437 -0.14157772064208984
-0.9643251299858093 0.9364358186721802 -0.24271777272224426
-1.3447091579437256 1.1701117753982544 -0.3678376376628876
0.257603257894516 -1.4990705251693726 -1.2662038803100586
0.11691899597644806 -1.0112673044204712 -0.7689330577850342
0.02837919071316719 -0.7438859939575195 -0.49444183707237244
-0.03387974575161934 -0.5952967405319214 -0.3397408127784729
-0.08148542791604996 -0.5204880833625793 -0.2592047154903412
-0.12052072584629059 -0.4957811236381531 -0.22885797917842865
-0.15450412034988403 -0.5059729814529419 -0.2333933711051941
-0.18554569780826569 -0.5383036732673645 -0.26011794805526733
-0.21477779746055603 -0.5791741013526917 -0.2956843376159668
-0.24242673814296722 -0.6192130446434021 -0.3309277594089508
-0.2683200240135193 -0.6570833325386047 -0.3644522726535797
-0.2923751473426819 -0.6921676397323608 -0.39552879333496094
-0.31462711095809937 -0.7239963412284851 -0.42354846000671387
-0.33522239327430725 -0.7522644400596619 -0.4480469822883606
-0.3544049561023712 -0.7768309712409973 -0.4687124490737915
-0.3724975883960724 -0.7977060079574585 -0.485378623008728
-0.38982516527175903 -0.8150167465209961 -0.49801766872406006
-0.4063030183315277 -0.8289196491241455 -0.5067974925041199
-0.42170044779777527 -0.8396233916282654 -0.5120051503181458
-0.43586334586143494 -0.847392201423645 -0.5139610767364502
-0.4487009644508362 -0.852512001991272 -0.5129832029342651
-0.4601697623729706 -0.8552643060684204 -0.5093585848808289
-0.47025755047798157 -0.8559070229530334 -0.5033233761787415
-0.4789690673351288 -0.8546602129936218 -0.4950457513332367
-0.4864022731781006 -0.8517033457756042 -0.48461490869522095
-0.4928547143936157 -0.8471974730491638 -0.47207650542259216
-0.49861234426498413 -0.841297447681427 -0.45749393105506897
-0.50392746925354 -0.8341739177703857 -0.44098085165023804
-0.5090286731719971 -0.826033890247345 -0.4227319359779358
-0.51412433385849 -0.8171368837356567 -0.40305063128471375
-0.5194002985954285 -0.8078055381774902 -0.3823702335357666
-0.5250061750411987 -0.7984179258346558 -0.3612532317638397
-0.5309235453605652 -0.7892270088195801 -0.3401888310909271
-0.5370148420333862 -0.7803103923797607 -0.31946244835853577
-0.5431655645370483 -0.7716925740242004 -0.2992456555366516
-0.549292266368866 -0.7633535861968994 -0.27960488200187683
-0.5553423166275024 -0.7552353143692017 -0.2605118453502655
-0.5612924695014954 -0.7472475171089172 -0.24185596406459808
-0.5671452283859253 -0.7392706274986267 -0.2234542816877365
-0.5729272961616516 -0.7311752438545227 -0.20508301258087158
-0.5786786079406738 -0.7229084968566895 -0.1866137683391571
-0.5844321250915527 -0.7144534587860107 -0.1679793894290924
-0.5902116298675537 -0.7058039903640747 -0.14914070069789886
-0.5960313677787781 -0.6969650983810425 -0.13008606433868408
-0.6018974184989929 -0.6879542469978333 -0.11083187162876129
-0.6078065037727356 -0.678801417350769 -0.0914231389760971
-0.6137468218803406 -0.6695507764816284 -0.07193448394536972
-0.6197142601013184 -0.6602349281311035 -0.052410587668418884
-0.6257275938987732 -0.6508550643920898 -0.03281688690185547
-0.6318041682243347 -0.6414147615432739 -0.013122796081006527
-0.6379570960998535 -0.6319239139556885 0.006689290050417185
-0.6441953778266907 -0.622399091720581 0.02662336826324463
-0.6505233645439148 -0.6128635406494141 0.046669553965330124
-0.6569411158561707 -0.6033469438552856 0.06680402904748917
-0.66344153881073 -0.5938795804977417 0.08698980510234833
-0.6699950098991394 -0.5844394564628601 0.10718914121389389
-0.6765614748001099 -0.5749679803848267 0.12737487256526947
-0.6831052303314209 -0.5654029250144958 0.14753061532974243
-0.6895939111709595 -0.5556793212890625 0.16764990985393524
-0.6959996819496155 -0.5457296371459961 0.18773628771305084
-0.7022988200187683 -0.5354846119880676 0.20780304074287415
-0.7084712982177734 -0.524872899055481 0.22787246108055115
-0.7145064473152161 -0.5138767957687378 0.24793680012226105
-0.720414936542511 -0.5026428699493408 0.2678857445716858
-0.7262208461761475 -0.49132826924324036 0.28762245178222656
-0.7319573760032654 -0.48006489872932434 0.30708763003349304
-0.7376669645309448 -0.46896177530288696 0.3262568712234497
-0.7434009909629822 -0.45810696482658386 0.34513795375823975
-0.7492207884788513 -0.4475709795951843 0.3637691140174866
-0.7551963329315186 -0.4374040365219116 0.3822186589241028
-0.7613354325294495 -0.4275081157684326 0.4005739390850067
-0.7675550580024719 -0.4176490306854248 0.4188845455646515
-0.7737441062927246 -0.4076157510280609 0.437133252620697
-0.7797650098800659 -0.39722731709480286 0.45523321628570557
-0.7854523658752441 -0.38633567094802856 0.473026305437088
-0.7906160354614258 -0.3748319447040558 0.4902830719947815
-0.7950465679168701 -0.36265474557876587 0.5067080855369568
-0.7984986901283264 -0.34977641701698303 0.5218990445137024
-0.8005678057670593 -0.33605992794036865 0.5351164937019348
-0.8008177876472473 -0.32127153873443604 0.5455855131149292
-0.7988418340682983 -0.3051140308380127 0.5526312589645386
-0.7942381501197815 -0.2872147858142853 0.555640697479248
-0.7865753173828125 -0.26710405945777893 0.5540093183517456
-0.7753463983535767 -0.2441815435886383 0.5470712184906006
-0.7599101662635803 -0.21766382455825806 0.5340130925178528
-0.7395929098129272 -0.18657514452934265 0.5140572190284729
-0.7139447331428528 -0.14993053674697876 0.48681941628456116
-0.6825902462005615 -0.10683757066726685 0.4519819915294647
-0.6452986001968384 -0.056598253548145294 0.4093746244907379
-0.6021198630332947 0.001133707701228559 0.35915127396583557
-0.5535389184951782 0.06615708768367767 0.30198588967323303
-0.5006181597709656 0.13752306997776031 0.239251509308815
-0.44574931263923645 0.21359720826148987 0.17301534116268158
-0.4010450541973114 0.29501456022262573 0.10432369261980057
-0.38436612486839294 0.3852233588695526 0.0324019193649292
-0.41230276226997375 0.48900678753852844 -0.044717319309711456
-0.501625657081604 0.6128865480422974 -0.1303204745054245
-0.6723542809486389 0.7661148309707642 -0.22943158447742462
-0.9528473019599915 0.9626692533493042 -0.34978848695755005
-1.3889716863632202 1.2253001928329468 -0.5039599537849426
0.14576803147792816 -1.4990705251693726 -1.2986201047897339
0.017634205520153046 -0.9829261302947998 -0.7494248747825623
-0.06330260634422302 -0.7011253237724304 -0.44664740562438965
-0.12039359658956528 -0.5458171367645264 -0.2764732837677002
-0.16412672400474548 -0.469124436378479 -0.18835988640785217
-0.19995874166488647 -0.44580480456352234 -0.15569637715816498
-0.23100514709949493 -0.4596339166164398 -0.16150104999542236
-0.2590882480144501 -0.4970187842845917 -0.1917680948972702
-0.28514134883880615 -0.5435128808021545 -0.23187585175037384
-0.30937615036964417 -0.5892029404640198 -0.2718709409236908
-0.33175718784332275 -0.632727861404419 -0.31033676862716675
-0.35231834650039673 -0.6734285950660706 -0.3465259373188019
-0.37117674946784973 -0.7107382416725159 -0.3797542452812195
-0.3885278105735779 -0.7442110776901245 -0.40943580865859985
-0.4046347439289093 -0.7735421061515808 -0.4351099133491516
-0.4198129177093506 -0.798574686050415 -0.45645618438720703
-0.4343591034412384 -0.8192961812019348 -0.47331273555755615
-0.4481706917285919 -0.8358387351036072 -0.48577913641929626
-0.46102175116539 -0.8484885096549988 -0.49415144324302673
-0.4727778732776642 -0.8576342463493347 -0.49880698323249817
-0.4833793044090271 -0.8637064099311829 -0.5001431703567505
-0.49282142519950867 -0.8671337962150574 -0.4985314607620239
-0.5011356472969055 -0.8683131337165833 -0.49428462982177734
-0.5083742141723633 -0.8675905466079712 -0.48763227462768555
-0.5146604776382446 -0.8652284145355225 -0.4786994159221649
-0.5202539563179016 -0.861379861831665 -0.46753421425819397
-0.5253922343254089 -0.8561722636222839 -0.4541873633861542
-0.5302785634994507 -0.8497439622879028 -0.43875423073768616
-0.5350897908210754 -0.842267632484436 -0.4214128851890564
-0.5399781465530396 -0.8339718580245972 -0.40246179699897766
-0.5450688004493713 -0.8251559138298035 -0.3823498487472534
-0.5504471063613892 -0.8161856532096863 -0.36168140172958374
-0.5560683608055115 -0.8073257803916931 -0.3409937024116516
-0.5618069171905518 -0.7986792325973511 -0.3206067979335785
-0.5675623416900635 -0.7902930974960327 -0.30071747303009033
-0.5732665061950684 -0.7821666598320007 -0.28140735626220703
-0.5788827538490295 -0.7742568850517273 -0.2626541256904602
-0.5844032764434814 -0.7664843797683716 -0.24434515833854675
-0.5898463726043701 -0.7587382793426514 -0.22628915309906006
-0.5952523946762085 -0.7508950233459473 -0.20824994146823883
-0.6006646752357483 -0.7429046630859375 -0.19009247422218323
-0.6061168313026428 -0.7347536087036133 -0.1717468798160553
-0.6116330623626709 -0.7264397740364075 -0.15317299962043762
-0.6172286868095398 -0.7179735898971558 -0.13436035811901093
-0.62291020154953 -0.7093785405158997 -0.11532837152481079
-0.6286750435829163 -0.7006916403770447 -0.09612748771905899
-0.6345111131668091 -0.6919645667076111 -0.07683997601270676
-0.6404090523719788 -0.6832287907600403 -0.057513199746608734
-0.6463741064071655 -0.6744679808616638 -0.038104183971881866
-0.6524086594581604 -0.6656665802001953 -0.01857335865497589
-0.6585109829902649 -0.6568149328231812 0.0011052037589251995
-0.6646749377250671 -0.6479102969169617 0.020943116396665573
-0.6708891987800598 -0.63895583152771 0.04093725606799126
-0.6771385073661804 -0.6299616694450378 0.06106967106461525
-0.6834022402763367 -0.620942234992981 0.08130621910095215
-0.6896529197692871 -0.6118934154510498 0.10159007459878922
-0.6958642601966858 -0.602793276309967 0.12186786532402039
-0.702016294002533 -0.5936127305030823 0.14210499823093414
-0.7080948352813721 -0.5843158960342407 0.1622847467660904
-0.7140916585922241 -0.5748609304428101 0.18240821361541748
-0.7200039625167847 -0.5651991963386536 0.20249339938163757
-0.7258340716362 -0.5552763938903809 0.22257447242736816
-0.7315889596939087 -0.545073926448822 0.24266697466373444
-0.7372809052467346 -0.5346977710723877 0.26269805431365967
-0.7429282665252686 -0.524265706539154 0.28259801864624023
-0.7485549449920654 -0.5138798356056213 0.302321195602417
-0.7541907429695129 -0.5036289095878601 0.3218443691730499
-0.7598717212677002 -0.4935893416404724 0.34116557240486145
-0.765640139579773 -0.4838274121284485 0.3603028357028961
-0.7715434432029724 -0.4743967056274414 0.37929391860961914
-0.7775630354881287 -0.46522653102874756 0.39817363023757935
-0.7835903763771057 -0.45612797141075134 0.4169280230998993
-0.7894940972328186 -0.4469282627105713 0.4354875385761261
-0.7951214909553528 -0.43747666478157043 0.4537254273891449
-0.8002992272377014 -0.42764580249786377 0.4714582562446594
-0.8048363327980042 -0.4173358976840973 0.48844781517982483
-0.8085296154022217 -0.40647920966148376 0.504406750202179
-0.811137318611145 -0.39501282572746277 0.5189544558525085
-0.8122050166130066 -0.3826847970485687 0.5313614010810852
-0.8112167716026306 -0.3691318929195404 0.5408356785774231
-0.8076759576797485 -0.35394564270973206 0.5466610789299011
-0.8010825514793396 -0.33666086196899414 0.5481637120246887
-0.7908995151519775 -0.31673258543014526 0.5446645617485046
-0.7765082716941833 -0.2935021221637726 0.5354170799255371
-0.7571498155593872 -0.26614636182785034 0.5195295810699463
-0.7320771217346191 -0.23369844257831573 0.4961932301521301
-0.7008766531944275 -0.1952487826347351 0.46509048342704773
-0.6632472276687622 -0.1499902307987213 0.42600923776626587
-0.6190632581710815 -0.0973106324672699 0.37890955805778503
-0.5685093998908997 -0.03693736717104912 0.3240863084793091
-0.512222945690155 0.030890433117747307 0.26233941316604614
-0.451420396566391 0.10525105148553848 0.19512204825878143
-0.38869544863700867 0.1846361607313156 0.12448514252901077
-0.33724650740623474 0.27003899216651917 0.05106670781970024
-0.3166031539440155 0.36542320251464844 -0.026598993688821793
-0.34506523609161377 0.4761682450771332 -0.11123357713222504
-0.4414149820804596 0.6095738410949707 -0.2070176601409912
-0.6284287571907043 0.7760398387908936 -0.32018259167671204
-0.9387761950492859 0.9914198517799377 -0.46031609177589417
-1.4258792400360107 1.2818269729614258 -0.6431499123573303
0.011086282320320606 -1.4990702867507935 -1.3282041549682617
-0.09891297668218613 -0.9596525430679321 -0.7256726026535034
-0.1687464416027069 -0.6662364602088928 -0.3940928280353546
-0.21821840107440948 -0.5059013962745667 -0.2085810750722885
-0.25623124837875366 -0.4282856285572052 -0.1134200245141983
-0.28739964962005615 -0.40671300888061523 -0.07914334535598755
-0.31432947516441345 -0.42398810386657715 -0.08690663427114487
-0.3385106027126312 -0.4657549560070038 -0.12124546617269516
-0.3606720566749573 -0.5168889164924622 -0.16618850827217102
-0.3809991776943207 -0.5671287178993225 -0.2110159695148468
-0.3995458781719208 -0.6151798367500305 -0.2543624937534332
-0.416410356760025 -0.6604154706001282 -0.2955355942249298
-0.4317411780357361 -0.7022286057472229 -0.3338402509689331
-0.44573527574539185 -0.7400674819946289 -0.36861658096313477
-0.4586319029331207 -0.7734714150428772 -0.3992796838283539
-0.4707023799419403 -0.8021022081375122 -0.42535653710365295
-0.4821924567222595 -0.8257766366004944 -0.4465315639972687
-0.4930189847946167 -0.8445797562599182 -0.462801992893219
-0.5030102729797363 -0.858863115310669 -0.4744441509246826
-0.512083113193512 -0.8691300749778748 -0.4818754494190216
-0.5202245712280273 -0.8759480714797974 -0.4855665862560272
-0.5274720788002014 -0.8798854947090149 -0.48597458004951477
-0.5338960289955139 -0.8814714550971985 -0.48349711298942566
-0.5395871996879578 -0.8811740279197693 -0.47844013571739197
-0.5446808338165283 -0.8793367147445679 -0.47098508477211
-0.5493801236152649 -0.8761065006256104 -0.46120312809944153
-0.5538631677627563 -0.8715862035751343 -0.4491499662399292
-0.5582771301269531 -0.8658837080001831 -0.4349151849746704
-0.5627432465553284 -0.8591375350952148 -0.41866618394851685
-0.5673561692237854 -0.8515381813049316 -0.4006902575492859
-0.572179913520813 -0.8433468341827393 -0.3814312815666199
-0.5772384405136108 -0.8348959684371948 -0.3615007698535919
-0.5824682712554932 -0.8264456987380981 -0.341450959444046
-0.5877638459205627 -0.8181199431419373 -0.32161810994148254
-0.5930457711219788 -0.8099891543388367 -0.3022160232067108
-0.5982652902603149 -0.8020753860473633 -0.28334203362464905
-0.6034027338027954 -0.794357180595398 -0.2649870812892914
-0.608465850353241 -0.7867750525474548 -0.24704910814762115
-0.6134859323501587 -0.7792356610298157 -0.2293444573879242
-0.6185136437416077 -0.7716298699378967 -0.21164095401763916
-0.6235932111740112 -0.763911247253418 -0.19380003213882446
-0.6287567019462585 -0.7560669183731079 -0.17574790120124817
-0.6340272426605225 -0.7480971813201904 -0.1574426293373108
-0.6394190788269043 -0.74001544713974 -0.1388738453388214
-0.6449376940727234 -0.7318495512008667 -0.12006372213363647
-0.6505789756774902 -0.723642110824585 -0.10106789320707321
-0.6563284993171692 -0.7154503464698792 -0.08197657018899918
-0.6621699929237366 -0.7073066830635071 -0.06284477561712265
-0.6680933833122253 -0.6991845965385437 -0.043632060289382935
-0.6740869283676147 -0.6910561323165894 -0.02429814077913761
-0.6801348328590393 -0.6828975081443787 -0.004813265521079302
-0.68621826171875 -0.674689531326294 0.014841090887784958
-0.6923145055770874 -0.6664174795150757 0.03467189520597458
-0.6983982920646667 -0.6580720543861389 0.05467446893453598
-0.7044418454170227 -0.6496490240097046 0.07482893764972687
-0.7104270458221436 -0.641152560710907 0.09507406502962112
-0.7163465023040771 -0.6325844526290894 0.11534249037504196
-0.722199559211731 -0.6239377856254578 0.1355888992547989
-0.7279919385910034 -0.6151978969573975 0.15578942000865936
-0.7337347865104675 -0.6063417792320251 0.17594122886657715
-0.7394449710845947 -0.5973387360572815 0.19606168568134308
-0.7451443076133728 -0.5881498456001282 0.21618741750717163
-0.7508527040481567 -0.5787593722343445 0.2363463193178177
-0.756572961807251 -0.5692421197891235 0.25649675726890564
-0.7623074650764465 -0.5596840977668762 0.2765935957431793
-0.7680617570877075 -0.5501638650894165 0.2966045141220093
-0.7738450169563293 -0.5407527685165405 0.3165092170238495
-0.779670000076294 -0.5315167307853699 0.3362990617752075
-0.7855531573295593 -0.5225167870521545 0.35597625374794006
-0.7915127873420715 -0.5138071179389954 0.37555328011512756
-0.7975043654441833 -0.5053403973579407 0.3950165808200836
-0.8034023642539978 -0.49696969985961914 0.4142920970916748
-0.809062659740448 -0.4885577857494354 0.4332605004310608
-0.8143250942230225 -0.47998329997062683 0.4517585337162018
-0.8190151453018188 -0.47114047408103943 0.4695795476436615
-0.8229463696479797 -0.46194177865982056 0.48647642135620117
-0.8259252309799194 -0.45232030749320984 0.5021669864654541
-0.8277150988578796 -0.44218820333480835 0.5162860751152039
-0.8278086185455322 -0.43118223547935486 0.5281067490577698
-0.8256075978279114 -0.41880694031715393 0.5368157029151917
-0.8205247521400452 -0.40453651547431946 0.5416548252105713
-0.8119645714759827 -0.38780397176742554 0.5418936014175415
-0.799291729927063 -0.36797893047332764 0.5367882251739502
-0.781791627407074 -0.3443363904953003 0.5255302786827087
-0.7586158514022827 -0.31601032614707947 0.507179856300354
-0.7289904952049255 -0.2820601165294647 0.48094263672828674
-0.6925896406173706 -0.2416980266571045 0.4466145634651184
-0.6492300033569336 -0.1942482441663742 0.4041263163089752
-0.5989133715629578 -0.13921816647052765 0.3535829186439514
-0.5419448614120483 -0.07642049342393875 0.29539933800697327
-0.47905233502388 -0.006112006027251482 0.23043465614318848
-0.41148582100868225 0.07087191194295883 0.1601034551858902
-0.3418639004230499 0.15325255692005157 0.08628150075674057
-0.28424662351608276 0.24255894124507904 0.009102675132453442
-0.2597216069698334 0.34341639280319214 -0.0735476016998291
-0.2883028984069824 0.46183332800865173 -0.16499391198158264
-0.39070016145706177 0.6057687401771545 -0.2700362801551819
-0.5919237732887268 0.7863955497741699 -0.3956393599510193
-0.9273378252983093 1.0205439329147339 -0.5523661375045776
-1.4537038803100586 1.3355772495269775 -0.7573362588882446
-0.15037430822849274 -1.4990702867507935 -1.3559634685516357
-0.23817279934883118 -0.9514476656913757 -0.6978932619094849
-0.2938808798789978 -0.6543160080909729 -0.33653292059898376
-0.33322423696517944 -0.4930371344089508 -0.13553598523139954
-0.3632926046848297 -0.41619884967803955 -0.03373345360159874
-0.3877674639225006 -0.39641791582107544 0.001405184855684638
-0.4087362587451935 -0.415979266166687 -0.009230674244463444
-0.4274125397205353 -0.4601443409919739 -0.048539288341999054
-0.4444315731525421 -0.5135458707809448 -0.09902611374855042
-0.4599979519844055 -0.5658903121948242 -0.14911392331123352
-0.4741709530353546 -0.6159893870353699 -0.1975027471780777
-0.4870221018791199 -0.663284182548523 -0.24359440803527832
-0.4986450672149658 -0.7071802020072937 -0.2867406904697418
-0.5091572999954224 -0.7470831274986267 -0.32627853751182556
-0.5186998248100281 -0.7824422717094421 -0.36157456040382385
-0.5274341702461243 -0.8127963542938232 -0.39207392930984497
-0.5355114340782166 -0.8378368020057678 -0.41736170649528503
-0.5429094433784485 -0.8576187491416931 -0.43733829259872437
-0.5495761036872864 -0.8725433945655823 -0.452237606048584
-0.5555241107940674 -0.8831942081451416 -0.46248942613601685
-0.5608136653900146 -0.8902304172515869 -0.4686111509799957
-0.5655367374420166 -0.8943133354187012 -0.4711247980594635
-0.569805383682251 -0.8960601091384888 -0.4704989492893219
-0.5737461447715759 -0.8960219025611877 -0.4671107232570648
-0.5774953365325928 -0.89459627866745 -0.4612043797969818
-0.5811798572540283 -0.8919163942337036 -0.4528922438621521
-0.5849013924598694 -0.8880578279495239 -0.4422532618045807
-0.5887391567230225 -0.8830968737602234 -0.4293869137763977
-0.5927502512931824 -0.877133309841156 -0.41445785760879517
-0.5969655513763428 -0.8703112006187439 -0.3977399170398712
-0.6013850569725037 -0.8628374338150024 -0.3796544671058655
-0.6059718132019043 -0.8549875020980835 -0.3607851266860962
-0.6106520891189575 -0.847000002861023 -0.3416627049446106
-0.6153527498245239 -0.8390158414840698 -0.32261714339256287
-0.6200247406959534 -0.8311304450035095 -0.30386897921562195
-0.62464439868927 -0.8233941197395325 -0.2855316698551178
-0.6292127966880798 -0.8158157467842102 -0.2676185965538025
-0.6337528228759766 -0.8083661198616028 -0.2500537037849426
-0.6383082866668701 -0.8009818196296692 -0.23268114030361176
-0.6429368853569031 -0.7935795783996582 -0.2152930647134781
-0.6476798057556152 -0.7861168384552002 -0.1977536976337433
-0.6525635123252869 -0.7785794138908386 -0.1799861639738083
-0.6576067805290222 -0.7709670066833496 -0.161946639418602
-0.662819504737854 -0.763293981552124 -0.14362464845180511
-0.6682028770446777 -0.7555890083312988 -0.12504398822784424
-0.673748254776001 -0.7478964924812317 -0.10626394301652908
-0.6794360876083374 -0.7402756214141846 -0.08738045394420624
-0.6852409243583679 -0.7327589392662048 -0.06845831125974655
-0.691139817237854 -0.7253184914588928 -0.04946884885430336
-0.6971084475517273 -0.7179209589958191 -0.03037831000983715
-0.7031210660934448 -0.7105351686477661 -0.011157697066664696
-0.7091505527496338 -0.7031314373016357 0.008216775953769684
-0.7151682376861572 -0.6956820487976074 0.027763400226831436
-0.72114497423172 -0.6881619095802307 0.04749492183327675
-0.7270535230636597 -0.6805504560470581 0.0674128606915474
-0.7328930497169495 -0.6728497743606567 0.08746042847633362
-0.7386842966079712 -0.6650694012641907 0.1075638085603714
-0.7444536685943604 -0.6572105288505554 0.12767255306243896
-0.7502334713935852 -0.6492663025856018 0.14775897562503815
-0.756060779094696 -0.6412214636802673 0.16781766712665558
-0.7619781494140625 -0.633052408695221 0.18786467611789703
-0.7680332660675049 -0.6247276663780212 0.20793673396110535
-0.7742588520050049 -0.616230309009552 0.22807253897190094
-0.7806264162063599 -0.6076104640960693 0.24826689064502716
-0.7870962619781494 -0.5989305377006531 0.2685055136680603
-0.793630063533783 -0.5902512073516846 0.28877562284469604
-0.8001909255981445 -0.5816324949264526 0.30906566977500916
-0.8067421317100525 -0.5731337070465088 0.32936519384384155
-0.8132476806640625 -0.5648146271705627 0.3496645390987396
-0.8196700215339661 -0.5567328929901123 0.36995378136634827
-0.8259333372116089 -0.548865020275116 0.39017266035079956
-0.8319137096405029 -0.541103720664978 0.4101877808570862
-0.8374742269515991 -0.53334641456604 0.42983219027519226
-0.8424663543701172 -0.5255002379417419 0.4489075243473053
-0.8467330932617188 -0.5174821019172668 0.46718570590019226
-0.8501107096672058 -0.5092198252677917 0.48441082239151
-0.8524326086044312 -0.5006533265113831 0.5003041625022888
-0.8534820675849915 -0.491679310798645 0.5145130753517151
-0.8527137637138367 -0.481836199760437 0.5263192653656006
-0.8494625091552734 -0.4705066680908203 0.5349007844924927
-0.8430683612823486 -0.4570540189743042 0.5394746661186218
-0.8328606486320496 -0.4408125579357147 0.5392755270004272
-0.8181328773498535 -0.4210689663887024 0.5335245132446289
-0.7981091737747192 -0.39703547954559326 0.5213886499404907
-0.7719014286994934 -0.3678116500377655 0.5019305348396301
-0.7387624979019165 -0.33249616622924805 0.4744204580783844
-0.6984879970550537 -0.2904340624809265 0.4387895166873932
-0.6510282158851624 -0.2410839945077896 0.39511236548423767
-0.5965022444725037 -0.18406210839748383 0.3436145782470703
-0.5352901816368103 -0.119237020611763 0.28477293252944946
-0.46812114119529724 -0.0468328595161438 0.21941086649894714
-0.3961455225944519 0.032471150159835815 0.14877505600452423
-0.3218171298503876 0.11771192401647568 0.07441937923431396
-0.259652704000473 0.21104378998279572 -0.0040284413844347
-0.23186372220516205 0.31779706478118896 -0.08915675431489944
-0.25984179973602295 0.44457337260246277 -0.18461771309375763
-0.36578598618507385 0.5998282432556152 -0.2954161763191223
-0.5760425925254822 0.7951027154922485 -0.42858800292015076
-0.9266486167907715 1.0473031997680664 -0.5945250988006592
-1.4731377363204956 1.383048176765442 -0.8095719218254089
-0.342572957277298 -1.4990705251693726 -1.3829210996627808
-0.40586766600608826 -0.9684010744094849 -0.6662597060203552
-0.4451395571231842 -0.6804876923561096 -0.27349749207496643
-0.4719999134540558 -0.5245698690414429 -0.05633659288287163
-0.4917144179344177 -0.45072779059410095 0.05208469182252884
-0.5070579051971436 -0.43224596977233887 0.08751116693019867
-0.5196726322174072 -0.4517803192138672 0.07301906496286392
-0.5306264758110046 -0.49492570757865906 0.02753586880862713
-0.5406529307365417 -0.5467849373817444 -0.029660943895578384
-0.5500733852386475 -0.5974617600440979 -0.08592469245195389
-0.5588647723197937 -0.6458465456962585 -0.1399485021829605
-0.566978931427002 -0.6914291977882385 -0.19120308756828308
-0.5743672251701355 -0.7336568236351013 -0.2391054481267929
-0.5809856653213501 -0.7719674706459045 -0.28305235505104065
-0.5868004560470581 -0.805830717086792 -0.3224627673625946
-0.5917928814888 -0.8347926139831543 -0.35682541131973267
-0.5959677696228027 -0.8585452437400818 -0.38575279712677
-0.5993901491165161 -0.8771751523017883 -0.40911391377449036
-0.6021785736083984 -0.8911187052726746 -0.4271059036254883
-0.6044766306877136 -0.9009783267974854 -0.44014739990234375
-0.6064389944076538 -0.9074230194091797 -0.44876620173454285
-0.6082229018211365 -0.9111197590827942 -0.45351096987724304
-0.6099860668182373 -0.9126909375190735 -0.4548889696598053
-0.6118901371955872 -0.9126976728439331 -0.4533250033855438
-0.6140657067298889 -0.9115397930145264 -0.44911909103393555
-0.6165444850921631 -0.9093208909034729 -0.4424365758895874
-0.6193364262580872 -0.9060840606689453 -0.43339622020721436
-0.6224414110183716 -0.9018695950508118 -0.4221215844154358
-0.6258430480957031 -0.8967336416244507 -0.40878376364707947
-0.6295022368431091 -0.8907648921012878 -0.3936419188976288
-0.6333520412445068 -0.884100615978241 -0.37707948684692383
-0.6372962594032288 -0.876937985420227 -0.3596205413341522
-0.6412580013275146 -0.8694767355918884 -0.34173789620399475
-0.6452056765556335 -0.8618686199188232 -0.3237312436103821
-0.6491275429725647 -0.8542322516441345 -0.30581527948379517
-0.65302973985672 -0.8466503024101257 -0.2881188690662384
-0.6569355726242065 -0.839168906211853 -0.27068668603897095
-0.6608839631080627 -0.8317995667457581 -0.2534855604171753
-0.6649293899536133 -0.824522078037262 -0.23641014099121094
-0.6691348552703857 -0.8172919750213623 -0.21930131316184998
-0.6735337972640991 -0.810073733329773 -0.20203544199466705
-0.6781437397003174 -0.8028504252433777 -0.1845351606607437
-0.6829750537872314 -0.7956198453903198 -0.16675616800785065
-0.6880300045013428 -0.7883939146995544 -0.14868786931037903
-0.6933022737503052 -0.7811996340751648 -0.1303544044494629
-0.6987754702568054 -0.7740782499313354 -0.11181598901748657
-0.7044218182563782 -0.7670849561691284 -0.09316973388195038
-0.7102064490318298 -0.7602521181106567 -0.07448982447385788
-0.7160961627960205 -0.753556489944458 -0.055766619741916656
-0.7220590710639954 -0.7469679713249207 -0.03697916865348816
-0.7280638217926025 -0.7404545545578003 -0.018103372305631638
-0.7340807318687439 -0.7339832186698914 0.0008875512867234647
-0.7400817275047302 -0.7275199890136719 0.020022787153720856
-0.7460405826568604 -0.7210305333137512 0.03933379054069519
-0.7519369721412659 -0.7144824862480164 0.058846235275268555
-0.7578014135360718 -0.7078690528869629 0.07851018011569977
-0.7636972665786743 -0.7011927366256714 0.09824730455875397
-0.7696930170059204 -0.6944482922554016 0.11800434440374374
-0.7758628726005554 -0.6876233816146851 0.13775239884853363
-0.7822856903076172 -0.6806972622871399 0.15748628973960876
-0.7890469431877136 -0.6736419200897217 0.17722371220588684
-0.7962394952774048 -0.6664209365844727 0.19700470566749573
-0.8039172887802124 -0.6590075492858887 0.21688570082187653
-0.811987042427063 -0.6514286994934082 0.23691503703594208
-0.820324718952179 -0.643725574016571 0.25712722539901733
-0.8288029432296753 -0.6359432339668274 0.27754470705986023
-0.8372896313667297 -0.628131628036499 0.2981778383255005
-0.8456461429595947 -0.6203457117080688 0.3190245032310486
-0.8537271618843079 -0.6126463413238525 0.34006959199905396
-0.8613805770874023 -0.6050978302955627 0.36128246784210205
-0.8684818744659424 -0.5977033376693726 0.38255393505096436
-0.8749401569366455 -0.590396523475647 0.4036877453327179
-0.8806594610214233 -0.5831113457679749 0.4244663417339325
-0.8855398297309875 -0.5757860541343689 0.4446548819541931
-0.8894777297973633 -0.5683632493019104 0.4640027582645416
-0.892368495464325 -0.5607905387878418 0.4822450578212738
-0.8941086530685425 -0.5530209541320801 0.49910616874694824
-0.8945360779762268 -0.5449463129043579 0.5142479538917542
-0.8930978178977966 -0.536028265953064 0.5269811153411865
-0.8890920281410217 -0.5255511999130249 0.536505401134491
-0.8818180561065674 -0.5127872228622437 0.5420475006103516
-0.8705657124519348 -0.49698933959007263 0.542846143245697
-0.8545968532562256 -0.47737735509872437 0.5381309390068054
-0.8331213593482971 -0.4531172811985016 0.5270946025848389
-0.8052669763565063 -0.42329391837120056 0.5088600516319275
-0.770362138748169 -0.38705042004585266 0.48280301690101624
-0.728334367275238 -0.34383153915405273 0.4489790201187134
-0.6792584657669067 -0.2931848168373108 0.407574325799942
-0.6233406662940979 -0.23477859795093536 0.35888293385505676
-0.5609811544418335 -0.1684684455394745 0.30337172746658325
-0.4928310811519623 -0.09436840564012527 0.24173972010612488
-0.41983938217163086 -0.012921282090246677 0.17496678233146667
-0.3441425859928131 0.07530143111944199 0.10419051349163055
-0.28013738989830017 0.1730998158454895 0.02860167622566223
-0.2503584623336792 0.2864675223827362 -0.0546291321516037
-0.2768298089504242 0.4225061237812042 -0.1491689532995224
-0.38238823413848877 0.5899692177772522 -0.2597874104976654
-0.5934492945671082 0.8003585338592529 -0.392927348613739
-0.9445043206214905 1.069844126701355 -0.5577442049980164
-1.4857150316238403 1.4227066040039062 -0.7680094242095947
-0.5694854855537415 -1.4990705251693726 -1.4101028442382812
-0.6080819964408875 -1.0207232236862183 -0.6308830976486206
-0.6296880841255188 -0.7601851224899292 -0.2042410671710968
-0.6422086954116821 -0.6183301210403442 0.030584288761019707
-0.6492646336555481 -0.55035001039505 0.14627784490585327
-0.6528456807136536 -0.5321961045265198 0.18182997405529022
-0.6542801260948181 -0.5482046604156494 0.162563756108284
-0.6546714305877686 -0.5853424668312073 0.10941273719072342
-0.6551044583320618 -0.6301708817481995 0.04379064217209816
-0.6561779379844666 -0.6737661957740784 -0.02022170089185238
-0.6577500104904175 -0.7150650024414062 -0.08111538738012314
-0.6596003770828247 -0.7535874247550964 -0.13831552863121033
-0.6614878177642822 -0.7888690829277039 -0.1912677139043808
-0.6631595492362976 -0.8204870820045471 -0.23946942389011383
-0.6643615961074829 -0.8480854630470276 -0.2825015187263489
-0.6648510098457336 -0.8713993430137634 -0.3200569748878479
-0.6644445061683655 -0.8902947306632996 -0.35195785760879517
-0.6632813215255737 -0.9049524664878845 -0.3781725764274597
-0.6616464853286743 -0.9158004522323608 -0.3989136517047882
-0.6598077416419983 -0.9233654141426086 -0.41458794474601746
-0.6580073833465576 -0.9282079339027405 -0.4257023334503174
-0.6564629077911377 -0.9308778047561646 -0.4327881932258606
-0.6553738713264465 -0.9318878054618835 -0.43634718656539917
-0.6549338102340698 -0.9317039251327515 -0.4368145763874054
-0.6552631258964539 -0.9306536316871643 -0.43452468514442444
-0.656292200088501 -0.92879319190979 -0.4296981990337372
-0.6579331755638123 -0.9261271357536316 -0.4225025773048401
-0.6601005792617798 -0.9226559400558472 -0.4130956530570984
-0.6627013683319092 -0.9183884263038635 -0.4016614854335785
-0.6656264066696167 -0.9133520722389221 -0.38844379782676697
-0.6687443852424622 -0.907606303691864 -0.37377581000328064
-0.6719040274620056 -0.9012531042098999 -0.35809507966041565
-0.6750282645225525 -0.8944371342658997 -0.341784805059433
-0.6781272888183594 -0.8873085975646973 -0.32509079575538635
-0.6812248826026917 -0.8800007700920105 -0.30820727348327637
-0.6843549013137817 -0.872624397277832 -0.2912738025188446
-0.6875607371330261 -0.8652647733688354 -0.27437227964401245
-0.6908950209617615 -0.8579814434051514 -0.25752782821655273
-0.6944199204444885 -0.8508087396621704 -0.2407100647687912
-0.6981998085975647 -0.8437543511390686 -0.22383689880371094
-0.7022587656974792 -0.8367959260940552 -0.20680974423885345
-0.7066031694412231 -0.8299162983894348 -0.1895560771226883
-0.7112330198287964 -0.8231107592582703 -0.17203401029109955
-0.7161409258842468 -0.8163888454437256 -0.1542336493730545
-0.7213109135627747 -0.809772253036499 -0.13617806136608124
-0.7267166376113892 -0.8032950162887573 -0.11792431026697159
-0.7323209643363953 -0.797002375125885 -0.09956406056880951
-0.7380805611610413 -0.7909244894981384 -0.08117782324552536
-0.7439568638801575 -0.7850496768951416 -0.06278075277805328
-0.7499154806137085 -0.7793578505516052 -0.04436983913183212
-0.7559259533882141 -0.7738234996795654 -0.02592954970896244
-0.7619624733924866 -0.768417477607727 -0.007432603742927313
-0.7680036425590515 -0.7631070613861084 0.011159462854266167
-0.7740328311920166 -0.7578561902046204 0.029895812273025513
-0.7800454497337341 -0.7526289224624634 0.04882530868053436
-0.7861207723617554 -0.7474055886268616 0.0679001584649086
-0.7923904657363892 -0.7421725392341614 0.0870327576994896
-0.7989910244941711 -0.7369089722633362 0.10616475343704224
-0.8060652017593384 -0.7315878868103027 0.12526598572731018
-0.8137636184692383 -0.7261748313903809 0.14433351159095764
-0.8222488760948181 -0.7206284999847412 0.16339054703712463
-0.8316999077796936 -0.7148991823196411 0.18248605728149414
-0.8422183990478516 -0.7089418768882751 0.20170731842517853
-0.8536069989204407 -0.7027527689933777 0.22118686139583588
-0.8655981421470642 -0.696343183517456 0.24104027450084686
-0.8779069781303406 -0.6897329092025757 0.2613556981086731
-0.8902261853218079 -0.6829517483711243 0.28219255805015564
-0.9022212028503418 -0.6760402321815491 0.3035794794559479
-0.9135283827781677 -0.669051468372345 0.3255109488964081
-0.9237636923789978 -0.6620498299598694 0.34794196486473083
-0.9327074289321899 -0.6550652980804443 0.3707083761692047
-0.9403437376022339 -0.6480808854103088 0.3935392200946808
-0.946674108505249 -0.6410756707191467 0.41615554690361023
-0.9517057538032532 -0.634027898311615 0.43827691674232483
-0.9554531574249268 -0.6269156336784363 0.4596242606639862
-0.9579355716705322 -0.6197155117988586 0.47992053627967834
-0.9591786861419678 -0.6124045252799988 0.4988934397697449
-0.9591389298439026 -0.6048837304115295 0.5162268280982971
-0.9573048949241638 -0.5965710878372192 0.5312978029251099
-0.9529836177825928 -0.5866910815238953 0.543379545211792
-0.9454818367958069 -0.5744604468345642 0.5517623424530029
-0.9340986609458923 -0.5590845942497253 0.5557458400726318
-0.9181160926818848 -0.5397485494613647 0.5546270608901978
-0.8967844247817993 -0.5156036615371704 0.5476847887039185
-0.8693050146102905 -0.48575112223625183 0.5341620445251465
-0.8351185321807861 -0.449371337890625 0.513566255569458
-0.79427170753479 -0.4059215486049652 0.4860309958457947
-0.7469342947006226 -0.3549359142780304 0.4517911374568939
-0.6933609843254089 -0.2960268259048462 0.41113975644111633
-0.6339238286018372 -0.22892595827579498 0.36446231603622437
-0.5691450238227844 -0.15352927148342133 0.31226861476898193
-0.4997219443321228 -0.06994365155696869 0.25521916151046753
-0.4273751974105835 0.021732140332460403 0.19400687515735626
-0.3655845522880554 0.12491442263126373 0.12750589847564697
-0.33593177795410156 0.24614469707012177 0.05288839712738991
-0.3597949147224426 0.3928731679916382 -0.03323768824338913
-0.4592624306678772 0.5739134550094604 -0.1350296139717102
-0.6591119170188904 0.8003189563751221 -0.2578144669532776
-0.9899376630783081 1.0868250131607056 -0.40877020359039307
-1.4931328296661377 1.4542407989501953 -0.5980720520019531
-0.835105836391449 -1.4990707635879517 -1.4385356903076172
-0.8514383435249329 -1.1189535856246948 -0.5917986035346985
-0.8558440804481506 -0.9098789691925049 -0.12767210602760315
-0.8532615900039673 -0.79402095079422 0.1275186538696289
-0.8459679484367371 -0.7361894845962524 0.2522028088569641
-0.8353249430656433 -0.7174754738807678 0.2884368598461151
-0.8224847912788391 -0.7255076169967651 0.26369521021842957
-0.8087813854217529 -0.7499152421951294 0.201058492064476
-0.7959516048431396 -0.7799780368804932 0.12454993277788162
-0.7851531505584717 -0.8085765838623047 0.05028056725859642
-0.7762449383735657 -0.8348517417907715 -0.0196426659822464
-0.7689054012298584 -0.8585065603256226 -0.08435872942209244
-0.7627438902854919 -0.8793532252311707 -0.1432461440563202
-0.7573233246803284 -0.8973129987716675 -0.1959337294101715
-0.7521810531616211 -0.9124075770378113 -0.2422911822795868
-0.746848464012146 -0.9247446656227112 -0.28240397572517395
-0.7409296631813049 -0.9345014095306396 -0.31651926040649414
-0.7345517873764038 -0.9419172406196594 -0.34489044547080994
-0.7280648946762085 -0.9472757577896118 -0.36784979701042175
-0.7217790484428406 -0.9508786201477051 -0.3858296573162079
-0.7159649729728699 -0.9530251026153564 -0.39930760860443115
-0.7108613848686218 -0.9540004730224609 -0.40876391530036926
-0.7066863179206848 -0.9540693759918213 -0.4146502614021301
-0.7036501169204712 -0.9534732699394226 -0.4173680543899536
-0.701860249042511 -0.9523732662200928 -0.4172520041465759
-0.7011634111404419 -0.9507643580436707 -0.41456374526023865
-0.701386570930481 -0.9486104249954224 -0.4095163643360138
-0.7023684978485107 -0.9458727240562439 -0.4023030698299408
-0.703949511051178 -0.9425138831138611 -0.3931226432323456
-0.7059608101844788 -0.9385023713111877 -0.382201224565506
-0.7082206606864929 -0.9338200688362122 -0.36981338262557983
-0.7105361819267273 -0.9284711480140686 -0.356291800737381
-0.7128280401229858 -0.9225308299064636 -0.3419073224067688
-0.7151317000389099 -0.91612708568573 -0.32683151960372925
-0.7174909114837646 -0.9093872308731079 -0.3112202286720276
-0.7199532985687256 -0.902433454990387 -0.29521211981773376
-0.7225704789161682 -0.8953796029090881 -0.2789246439933777
-0.7253977656364441 -0.888329803943634 -0.2624516785144806
-0.7284948825836182 -0.8813774585723877 -0.2458619475364685
-0.7319180965423584 -0.8745927810668945 -0.22918370366096497
-0.7356831431388855 -0.8679769039154053 -0.2123613953590393
-0.7397876977920532 -0.8615190982818604 -0.19533607363700867
-0.744223415851593 -0.8552175164222717 -0.17807382345199585
-0.7489745616912842 -0.8490803241729736 -0.1605675220489502
-0.7540163993835449 -0.8431239128112793 -0.1428375393152237
-0.7593148946762085 -0.8373721837997437 -0.1249324381351471
-0.7648258209228516 -0.8318562507629395 -0.10692896693944931
-0.7705022096633911 -0.826602041721344 -0.08890821039676666
-0.7763069272041321 -0.8216164708137512 -0.07091479748487473
-0.7822100520133972 -0.8168960213661194 -0.05296789109706879
-0.788189172744751 -0.8124289512634277 -0.0350637212395668
-0.7942290902137756 -0.808197021484375 -0.017176959663629532
-0.8003221750259399 -0.8041759729385376 0.0007377975271083415
-0.8064677715301514 -0.8003373146057129 0.018744759261608124
-0.8126848936080933 -0.796649694442749 0.03691183030605316
-0.8191297054290771 -0.7930841445922852 0.05518128350377083
-0.8260406851768494 -0.7896105647087097 0.07344302535057068
-0.8336629271507263 -0.7861941456794739 0.09162483364343643
-0.8422515392303467 -0.7827951312065125 0.10969006270170212
-0.8520800471305847 -0.7793691754341125 0.12763568758964539
-0.8634496927261353 -0.775865912437439 0.1454903781414032
-0.8767034411430359 -0.7722278833389282 0.16331423819065094
-0.8920581340789795 -0.7683930397033691 0.18123875558376312
-0.9091801643371582 -0.7643096446990967 0.19952435791492462
-0.9275939464569092 -0.75993412733078 0.2184191346168518
-0.9467693567276001 -0.7552309632301331 0.238130122423172
-0.9661009311676025 -0.7501741051673889 0.2588194012641907
-0.9848948121070862 -0.7447510361671448 0.2805962562561035
-1.0023622512817383 -0.738965630531311 0.3035057485103607
-1.0176446437835693 -0.732841968536377 0.32751235365867615
-1.030303955078125 -0.7264238595962524 0.35239237546920776
-1.04044771194458 -0.7197597622871399 0.37777596712112427
-1.0482540130615234 -0.712895393371582 0.40329626202583313
-1.053937315940857 -0.705872654914856 0.428603857755661
-1.0577399730682373 -0.6987279057502747 0.45337292551994324
-1.0599238872528076 -0.6914910674095154 0.477303683757782
-1.0607645511627197 -0.6841856837272644 0.5001248121261597
-1.060453176498413 -0.6767485737800598 0.5215553045272827
-1.0586016178131104 -0.6686054468154907 0.5411010384559631
-1.0545939207077026 -0.6589804291725159 0.558188796043396
-1.0478140115737915 -0.647093653678894 0.5722554922103882
-1.0376414060592651 -0.6321593523025513 0.582744836807251
-1.0234487056732178 -0.6133822798728943 0.5891028046607971
-1.0045944452285767 -0.5899510383605957 0.590771496295929
-0.9804169535636902 -0.5610303282737732 0.5871830582618713
-0.9504974484443665 -0.5258137583732605 0.5779892802238464
-0.9149636030197144 -0.48360762000083923 0.5633161664009094
-0.8740334510803223 -0.43375253677368164 0.543351948261261
-0.8279634714126587 -0.3756270110607147 0.5183014869689941
-0.7770620584487915 -0.3086681663990021 0.4883997440338135
-0.7217019200325012 -0.23239591717720032 0.45392388105392456
-0.6623311042785645 -0.14644034206867218 0.4152047634124756
-0.6001989841461182 -0.050315242260694504 0.37252160906791687
-0.5467100143432617 0.05994327366352081 0.3245938718318939
-0.5204932689666748 0.19122526049613953 0.2688305377960205
-0.5402088761329651 0.3510988652706146 0.20235159993171692
-0.625019907951355 0.5481308102607727 0.12187191098928452
-0.7957066893577576 0.7924858331680298 0.0234741922467947
-1.0763633251190186 1.096843957901001 -0.09774134308099747
-1.496921181678772 1.4777852296829224 -0.24818763136863708
-1.1434569358825684 -1.4990708827972412 -1.4692504405975342
-1.1433418989181519 -1.274260401725769 -0.5489498972892761
-1.133701205253601 -1.1481661796569824 -0.04224879667162895
-1.1173914670944214 -1.0753648281097412 0.23775266110897064
-1.0956226587295532 -1.0352513790130615 0.3748137056827545
-1.0691821575164795 -1.0166270732879639 0.41350963711738586
-1.0390565395355225 -1.012012243270874 0.3830624520778656
-1.0069159269332886 -1.01503324508667 0.3087101876735687
-0.9754664897918701 -1.0191892385482788 0.21771639585494995
-0.9469727277755737 -1.0205459594726562 0.12922252714633942
-0.921829104423523 -1.019286870956421 0.04670751094818115
-0.8999918103218079 -1.0160129070281982 -0.0282340906560421
-0.881158709526062 -1.0113794803619385 -0.09476404637098312
-0.8648368716239929 -1.0060360431671143 -0.15271100401878357
-0.8504094481468201 -1.0005862712860107 -0.20242510735988617
-0.8371888399124146 -0.9955723881721497 -0.24462027847766876
-0.8245205283164978 -0.9914272427558899 -0.2802048325538635
-0.8123143315315247 -0.9881643056869507 -0.3099372684955597
-0.8007519245147705 -0.9856138825416565 -0.33441776037216187
-0.7900075912475586 -0.9836183786392212 -0.35418200492858887
-0.78025221824646 -0.9820314645767212 -0.3697070777416229
-0.7716562747955322 -0.9807143807411194 -0.3814162313938141
-0.7643957734107971 -0.9795342683792114 -0.389683336019516
-0.7586573958396912 -0.9783611297607422 -0.3948367238044739
-0.7545284628868103 -0.9770815968513489 -0.39716795086860657
-0.7518225312232971 -0.9756237268447876 -0.3969426155090332
-0.7503261566162109 -0.9739202857017517 -0.394397497177124
-0.7498375773429871 -0.9719013571739197 -0.3897493779659271
-0.7501602172851562 -0.9694944024085999 -0.383204847574234
-0.7510971426963806 -0.9666236639022827 -0.3749695122241974
-0.7524465322494507 -0.9632104635238647 -0.3652554750442505
-0.7540044188499451 -0.9591781497001648 -0.35428425669670105
-0.7556847929954529 -0.9545275568962097 -0.3422052562236786
-0.7575140595436096 -0.9493358135223389 -0.3291018307209015
-0.7595227360725403 -0.943690836429596 -0.31507039070129395
-0.7617408633232117 -0.9376912713050842 -0.300226628780365
-0.7641973495483398 -0.9314473271369934 -0.2847082018852234
-0.7669188976287842 -0.9250813126564026 -0.26867714524269104
-0.7699299454689026 -0.9187283515930176 -0.25232136249542236
-0.773249089717865 -0.9125156402587891 -0.23581795394420624
-0.7768833041191101 -0.90647953748703 -0.21917976438999176
-0.7808315753936768 -0.9006298184394836 -0.20237606763839722
-0.7850859761238098 -0.8949786424636841 -0.18539071083068848
-0.7896312475204468 -0.8895407319068909 -0.1682235300540924
-0.7944443225860596 -0.8843323588371277 -0.1508907675743103
-0.7994946837425232 -0.8793706297874451 -0.13342492282390594
-0.8047442436218262 -0.8746724128723145 -0.11587447673082352
-0.81015545129776 -0.8702634572982788 -0.09831233322620392
-0.8157036304473877 -0.866176962852478 -0.08081665635108948
-0.8213738203048706 -0.8624343276023865 -0.06343282759189606
-0.8271605372428894 -0.8590453863143921 -0.046171631664037704
-0.8330672979354858 -0.8560097217559814 -0.029012097045779228
-0.839107096195221 -0.8533200025558472 -0.011904606595635414
-0.8453015685081482 -0.8509631156921387 0.005226356443017721
-0.8517012000083923 -0.8489218354225159 0.02246108092367649
-0.8585797548294067 -0.847170889377594 0.03971100226044655
-0.8663420677185059 -0.8456799983978271 0.05681988224387169
-0.8754010796546936 -0.8444177508354187 0.07368376851081848
-0.8861925601959229 -0.8433547019958496 0.09024564176797867
-0.8991935849189758 -0.842461347579956 0.10649015754461288
-0.9149514436721802 -0.8417110443115234 0.12243968993425369
-0.9341199398040771 -0.8410778045654297 0.13815246522426605
-0.957181990146637 -0.8405151963233948 0.15380480885505676
-0.9836849570274353 -0.8399037718772888 0.16983671486377716
-1.0129135847091675 -0.8391054272651672 0.1867002248764038
-1.0440105199813843 -0.837972104549408 0.20480786263942719
-1.075910210609436 -0.8363456130027771 0.22452598810195923
-1.1072856187820435 -0.8340595960617065 0.246155247092247
-1.1365166902542114 -0.8309468030929565 0.26989856362342834
-1.1617413759231567 -0.8268561363220215 0.295813649892807
-1.181966781616211 -0.8217743635177612 0.323634535074234
-1.1974339485168457 -0.8158358931541443 0.3528514802455902
-1.2086001634597778 -0.8091938495635986 0.3829549551010132
-1.2160495519638062 -0.8020049333572388 0.41347044706344604
-1.2204574346542358 -0.7944217324256897 0.44397786259651184
-1.2225573062896729 -0.786586344242096 0.4741218686103821
-1.2231144905090332 -0.7786256670951843 0.5036183595657349
-1.2227858304977417 -0.7705717086791992 0.5322408080101013
-1.221453070640564 -0.7619457840919495 0.5597251653671265
-1.2186933755874634 -0.7520714402198792 0.5857842564582825
-1.2140825986862183 -0.7402700185775757 0.610135018825531
-1.2071964740753174 -0.7258622050285339 0.6324976086616516
-1.1976090669631958 -0.7081654071807861 0.6525949239730835
-1.184892177581787 -0.6864936351776123 0.6701515913009644
-1.168614149093628 -0.6601535081863403 0.6848934888839722
-1.1485272645950317 -0.6283031105995178 0.6966307759284973
-1.1247678995132446 -0.589807391166687 0.7053446173667908
-1.0975245237350464 -0.543500542640686 0.7110331654548645
-1.066992998123169 -0.48822537064552307 0.7136917114257812
-1.0333795547485352 -0.4228404760360718 0.7133156061172485
-0.9969021677970886 -0.3462279736995697 0.7099021673202515
-0.9577934145927429 -0.25730380415916443 0.7034528851509094
-0.9167788028717041 -0.15480372309684753 0.6938928365707397
-0.8813180923461914 -0.034329358488321304 0.6799848079681396
-0.8637839555740356 0.11102020740509033 0.6596107482910156
-0.8766639232635498 0.28855210542678833 0.630577564239502
-0.9326632022857666 0.5061312317848206 0.5905811190605164
-1.0450624227523804 0.7724742889404297 0.5371237397193909
-1.2282363176345825 1.09756600856781 0.4674001932144165
-1.4983636140823364 1.4932094812393188 0.3781437575817108
-1.4985864162445068 -1.4990712404251099 -1.5032813549041748
-1.4922863245010376 -1.4988385438919067 -0.5021733045578003
-1.4760328531265259 -1.4973400831222534 0.054172296077013016
-1.4513660669326782 -1.4934121370315552 0.36602041125297546
-1.41842782497406 -1.485717535018921 0.52156001329422
-1.3770679235458374 -1.472641944885254 0.5666994452476501
-1.3276268243789673 -1.452377438545227 0.5313510298728943
-1.2717950344085693 -1.4232792854309082 0.4425244927406311
-1.2134504318237305 -1.38462233543396 0.3315329849720001
-1.157143235206604 -1.3383225202560425 0.2223336547613144
-1.1054227352142334 -1.2883970737457275 0.12134987115859985
-1.0596567392349243 -1.2385205030441284 0.0317390151321888
-1.0202350616455078 -1.19151771068573 -0.04527191072702408
-0.9868162870407104 -1.1492979526519775 -0.10993549227714539
-0.9586004018783569 -1.1130014657974243 -0.16344709694385529
-0.9345492124557495 -1.083235263824463 -0.20749197900295258
-0.9135679006576538 -1.0601810216903687 -0.24390625953674316
-0.8949563503265381 -1.042916178703308 -0.2741885483264923
-0.8783454298973083 -1.030255913734436 -0.2993767559528351
-0.863503634929657 -1.0212470293045044 -0.3202188313007355
-0.8503029942512512 -1.015082597732544 -0.3372598886489868
-0.838697612285614 -1.0110414028167725 -0.3509023189544678
-0.8287076354026794 -1.0084468126296997 -0.3614494502544403
-0.8204052448272705 -1.0066375732421875 -0.3691391944885254
-0.8138309717178345 -1.005104660987854 -0.37417569756507874
-0.8088575601577759 -1.003718376159668 -0.376764178276062
-0.8053194880485535 -1.0024056434631348 -0.3771173059940338
-0.8030458092689514 -1.0010887384414673 -0.37544500827789307
-0.8018648028373718 -0.9996859431266785 -0.3719453513622284
-0.8016079664230347 -0.9981086254119873 -0.36679720878601074
-0.8021113276481628 -0.9962591528892517 -0.3601537346839905
-0.8032200336456299 -0.9940294623374939 -0.3521338403224945
-0.8048474788665771 -0.9913632273674011 -0.34277644753456116
-0.8069670796394348 -0.9882619380950928 -0.3320747911930084
-0.8095507025718689 -0.9847353100776672 -0.3200443685054779
-0.8125606775283813 -0.9808065891265869 -0.3067430853843689
-0.8159425258636475 -0.9765174388885498 -0.2922918200492859
-0.8196188807487488 -0.971936047077179 -0.2768976092338562
-0.8234826922416687 -0.9671633839607239 -0.2608738839626312
-0.8274179100990295 -0.9623206257820129 -0.244587704539299
-0.8314021825790405 -0.9574756622314453 -0.2281554639339447
-0.8354477882385254 -0.9526751637458801 -0.21159902215003967
-0.8395675420761108 -0.9479649066925049 -0.19493746757507324
-0.8437740802764893 -0.943386971950531 -0.17818628251552582
-0.8480798006057739 -0.938978910446167 -0.16135644912719727
-0.8524962067604065 -0.9347710013389587 -0.14445354044437408
-0.8570334911346436 -0.9307863712310791 -0.1274787187576294
-0.8616994023323059 -0.9270686507225037 -0.11048418283462524
-0.8665041327476501 -0.9236935973167419 -0.09358696639537811
-0.8714654445648193 -0.920721709728241 -0.07686346769332886
-0.8766090869903564 -0.9181957244873047 -0.06034224107861519
-0.8819683790206909 -0.9161440134048462 -0.044009335339069366
-0.88758385181427 -0.9145839214324951 -0.02781401202082634
-0.893503725528717 -0.9135257601737976 -0.011673911474645138
-0.8998183012008667 -0.912976086139679 0.004494803957641125
-0.9069799780845642 -0.9129424691200256 0.02054007537662983
-0.9156468510627747 -0.9134353995323181 0.0362214669585228
-0.9264882802963257 -0.9144737720489502 0.051372967660427094
-0.9402179718017578 -0.9160890579223633 0.06588958203792572
-0.9576451778411865 -0.9183322191238403 0.07971403747797012
-0.9797428846359253 -0.9212807416915894 0.09282532334327698
-1.0077470541000366 -0.9250502586364746 0.10522989183664322
-1.042734146118164 -0.9297205805778503 0.11710690706968307
-1.0843037366867065 -0.9351204037666321 0.12911337614059448
-1.131622552871704 -0.9409945011138916 0.14198307693004608
-1.183557152748108 -0.9470247626304626 0.15645568072795868
-1.2384649515151978 -0.9528003334999084 0.1732805371284485
-1.2939844131469727 -0.9577929377555847 0.19318802654743195
-1.3468629121780396 -0.9613499641418457 0.21681930124759674
-1.3929862976074219 -0.9627295732498169 0.24459894001483917
-1.4298213720321655 -0.9615769982337952 0.2763465642929077
-1.457509160041809 -0.9580786228179932 0.3113692104816437
-1.4768315553665161 -0.9525444507598877 0.34890809655189514
-1.488996148109436 -0.945351779460907 0.3882301151752472
-1.4955201148986816 -0.9369099140167236 0.42869025468826294
-1.4981142282485962 -0.9276307225227356 0.4697756767272949
-1.4985852241516113 -0.9179045557975769 0.51113361120224
-1.4985865354537964 -0.908015251159668 0.5526109933853149
-1.4985862970352173 -0.8977599143981934 0.5943548083305359
-1.4985862970352173 -0.8867506384849548 0.6366022229194641
-1.4985864162445068 -0.8745989203453064 0.6795933246612549
-1.4985862970352173 -0.8609161972999573 0.723569393157959
-1.4985864162445068 -0.845313549041748 0.7687742710113525
-1.4985864162445068 -0.827401340007782 0.8154541254043579
-1.4985864162445068 -0.8067851662635803 0.8638561964035034
-1.4985864162445068 -0.7825013995170593 0.914021909236908
-1.4985864162445068 -0.7524220943450928 0.9655703902244568
-1.4985864162445068 -0.714276134967804 1.0180667638778687
-1.4985861778259277 -0.6657904386520386 1.0710774660110474
-1.4985864162445068 -0.6046890616416931 1.124168038368225
-1.4985862970352173 -0.5286918878555298 1.1769037246704102
-1.4985864162445068 -0.4355149269104004 1.228848934173584
-1.4985865354537964 -0.3227124810218811 1.2795310020446777
-1.4985864162445068 -0.1856570988893509 1.3279573917388916
-1.4985864162445068 -0.018097668886184692 1.3727526664733887
-1.4985864162445068 0.1862751841545105 1.412530779838562
-1.4985862970352173 0.43379688262939453 1.4459021091461182
-1.4985864162445068 0.7308328747749329 1.4714738130569458
-1.4985864162445068 1.08379328250885 1.4878480434417725
-1.4985864162445068 1.4991300106048584 1.4936197996139526
