ply
format ascii 1.0
element vertex 6400
property float x
property float y
property float z
end_header
1.4870519638061523 -1.4990707635879517 0.14893095195293427
1.4697767496109009 -0.7833070158958435 0.44635939598083496
1.4423561096191406 -0.2755785882472992 0.6406927108764648
1.4062944650650024 0.08795292675495148 0.7629665732383728
1.3623114824295044 0.34610965847969055 0.8321458697319031
1.3106805086135864 0.5238074660301208 0.8605371117591858
1.2514101266860962 0.6377721428871155 0.8565887212753296
1.1843535900115967 0.6997097134590149 0.8264620304107666
1.1092907190322876 0.7181908488273621 0.7749859094619751
1.0259957313537598 0.6998492479324341 0.7062838673591614
0.9343112707138062 0.6502043008804321 0.6242235898971558
0.8342320322990417 0.574269711971283 0.5327648520469666
0.7260024547576904 0.4770391881465912 0.4362413287162781
0.6102317571640015 0.3638906478881836 0.33958899974823
0.4880222678184509 0.24092282354831696 0.2485092133283615
0.3610987067222595 0.11520282179117203 0.16953925788402557
0.23191525042057037 -0.005124690476804972 0.10997526347637177
0.10313446074724197 -0.11354558169841766 0.07485619932413101
-0.02345636487007141 -0.20910915732383728 0.0629175528883934
-0.14627569913864136 -0.29192331433296204 0.07155310362577438
-0.26385027170181274 -0.3623872697353363 0.0977155864238739
-0.37485271692276 -0.42116716504096985 0.13802289962768555
-0.47812581062316895 -0.4691605567932129 0.18886861205101013
-0.5726988911628723 -0.5074557065963745 0.2465307116508484
-0.6577940583229065 -0.5372878909111023 0.30727073550224304
-0.7328205108642578 -0.5599952936172485 0.36741700768470764
-0.7973634004592896 -0.5769782662391663 0.4234325587749481
-0.8511662483215332 -0.5896630883216858 0.47196245193481445
-0.8941084742546082 -0.5994714498519897 0.5098633766174316
-0.9261816740036011 -0.6077979803085327 0.5342152714729309
-0.9474648237228394 -0.6159926056861877 0.5423195958137512
-0.9581001400947571 -0.6253513693809509 0.5316820740699768
-0.9582850933074951 -0.6370922923088074 0.5000536441802979
-0.9488365650177002 -0.6516624689102173 0.4478514492511749
-0.931311845779419 -0.6685763001441956 0.37870728969573975
-0.9072346091270447 -0.6873213648796082 0.2962503731250763
-0.8780362010002136 -0.7074244022369385 0.203872412443161
-0.8450537323951721 -0.7284491658210754 0.10473035275936127
-0.8095332980155945 -0.7499954104423523 0.0017573435325175524
-0.7726361751556396 -0.7716956734657288 -0.10231846570968628
-0.7354487180709839 -0.7932117581367493 -0.20494677126407623
-0.6989935636520386 -0.8142302632331848 -0.3037256598472595
-0.6642433404922485 -0.8344576954841614 -0.39636585116386414
-0.6321349740028381 -0.8536158204078674 -0.48065316677093506
-0.6035882234573364 -0.8714351654052734 -0.5544024705886841
-0.5795238018035889 -0.8876492977142334 -0.6154108047485352
-0.5608856081962585 -0.9019879698753357 -0.6614012718200684
-0.5486660003662109 -0.9141695499420166 -0.689960241317749
-0.5438726544380188 -0.9238850474357605 -0.6986236572265625
-0.5466817617416382 -0.9306949973106384 -0.6870905756950378
-0.556638240814209 -0.9340302348136902 -0.6567069292068481
-0.5733271837234497 -0.933255136013031 -0.6087227463722229
-0.5963666439056396 -0.9276668429374695 -0.5443139672279358
-0.6253832578659058 -0.9164935946464539 -0.46464794874191284
-0.6599908471107483 -0.8988986015319824 -0.37094441056251526
-0.6997658610343933 -0.8739848732948303 -0.2645381987094879
-0.7442263960838318 -0.8408086895942688 -0.1469375044107437
-0.7928100228309631 -0.7983976006507874 -0.0198801402002573
-0.8448525667190552 -0.7457767724990845 0.11461463570594788
-0.899570107460022 -0.6820053458213806 0.2542021870613098
-0.9560455083847046 -0.6062200665473938 0.3961843252182007
-1.0132189989089966 -0.5176917910575867 0.5374957919120789
-1.0698904991149902 -0.41588637232780457 0.674720287322998
-1.1247299909591675 -0.3005315065383911 0.8041369915008545
-1.1760483980178833 -0.1723029762506485 0.9221088886260986
-1.2202277183532715 -0.036748696118593216 1.0272475481033325
-1.2528953552246094 0.09852483868598938 1.1195025444030762
-1.2698253393173218 0.22609536349773407 1.1991721391677856
-1.26693594455719 0.33883166313171387 1.2668346166610718
-1.2402373552322388 0.4299050569534302 1.3232762813568115
-1.1857346296310425 0.492725133895874 1.3694297075271606
-1.0992878675460815 0.5208026766777039 1.4063143730163574
-0.9764274954795837 0.5075444579124451 1.4349946975708008
-0.812120258808136 0.44597336649894714 1.4565426111221313
-0.6004658937454224 0.32836541533470154 1.47201669216156
-0.33430352807044983 0.14577534794807434 1.482448935508728
-0.004681678954511881 -0.11259479820728302 1.4888421297073364
0.39987364411354065 -0.46025875210762024 1.4921780824661255
0.8944206833839417 -0.9146801233291626 1.4934349060058594
1.4991544485092163 -1.4990712404251099 1.4936193227767944
0.9407481551170349 -1.4696768522262573 0.30028700828552246
1.0487827062606812 -0.7651343941688538 0.4380205273628235
1.1130897998809814 -0.2622915804386139 0.522546112537384
1.1456201076507568 0.09977348893880844 0.5694676041603088
1.1535789966583252 0.3585059344768524 0.5884514451026917
1.1415027379989624 0.5381598472595215 0.5858677625656128
1.1123416423797607 0.6551542282104492 0.5661770701408386
1.0680785179138184 0.7210717797279358 0.5327210426330566
1.010105013847351 0.744451642036438 0.4882092773914337
0.9394795298576355 0.7319334149360657 0.43504515290260315
0.8571188449859619 0.6890398263931274 0.37556347250938416
0.7639613747596741 0.6207507848739624 0.3122151494026184
0.661116361618042 0.5319553017616272 0.2477186918258667
0.5500121116638184 0.427824467420578 0.18518021702766418
0.4325386881828308 0.314116895198822 0.12817709147930145
0.3111788332462311 0.1974092572927475 0.08078797906637192
0.18910376727581024 0.08520948141813278 0.047538138926029205
0.06934038549661636 -0.016548527404665947 0.03142315149307251
-0.046659547835588455 -0.10712610930204391 0.03127826005220413
-0.15773949027061462 -0.18671387434005737 0.04507726430892944
-0.2628310024738312 -0.25571370124816895 0.07051949203014374
-0.36097651720046997 -0.3147246539592743 0.10509060323238373
-0.45134350657463074 -0.3645203411579132 0.14612501859664917
-0.533235490322113 -0.40602436661720276 0.19086970388889313
-0.6060965657234192 -0.44028133153915405 0.23654475808143616
-0.6695085167884827 -0.4684276282787323 0.2803959250450134
-0.7231850624084473 -0.49166253209114075 0.3197404742240906
-0.7669615149497986 -0.5112218856811523 0.3520031273365021
-0.8007810115814209 -0.5283541083335876 0.37474122643470764
-0.8246788382530212 -0.5443001389503479 0.38566070795059204
-0.8387669324874878 -0.560278058052063 0.38262298703193665
-0.8432158827781677 -0.5774709582328796 0.36364227533340454
-0.8382524847984314 -0.5970008373260498 0.32693183422088623
-0.8246244192123413 -0.6192207932472229 0.2729400396347046
-0.8037030696868896 -0.6435444355010986 0.2048272043466568
-0.7768431305885315 -0.6693615317344666 0.12577930092811584
-0.7453287243843079 -0.6961053609848022 0.03879989683628082
-0.710366427898407 -0.7232513427734375 -0.05329608544707298
-0.6730852127075195 -0.7503167390823364 -0.14788101613521576
-0.6345376968383789 -0.7768564224243164 -0.24250398576259613
-0.5957064628601074 -0.8024585247039795 -0.3348711431026459
-0.557512104511261 -0.8267394304275513 -0.4228242337703705
-0.5208233594894409 -0.8493375778198242 -0.504310667514801
-0.48646846413612366 -0.8699070811271667 -0.5773535370826721
-0.4552493989467621 -0.8881092667579651 -0.6400123834609985
-0.4279572069644928 -0.9036058187484741 -0.690343976020813
-0.4053889214992523 -0.9160493612289429 -0.7263556718826294
-0.38836756348609924 -0.9250733256340027 -0.7459526658058167
-0.3777164816856384 -0.930281937122345 -0.7470279932022095
-0.3736127018928528 -0.9312658905982971 -0.7295322418212891
-0.3757552206516266 -0.927584171295166 -0.6949832439422607
-0.3838861882686615 -0.9187405109405518 -0.6448325514793396
-0.3977869153022766 -0.90418541431427 -0.5804826617240906
-0.4172605574131012 -0.8833227157592773 -0.5033453702926636
-0.4421161413192749 -0.8555153608322144 -0.41488996148109436
-0.4721522629261017 -0.8200978636741638 -0.31669506430625916
-0.5071405172348022 -0.7763901352882385 -0.210489884018898
-0.5468095541000366 -0.7237171530723572 -0.09819328039884567
-0.5908288359642029 -0.6614338159561157 0.01805516704916954
-0.638792872428894 -0.5889549851417542 0.1358737051486969
-0.6902081966400146 -0.5057902932167053 0.25263136625289917
-0.7444809675216675 -0.41158542037010193 0.365454763174057
-0.8009101748466492 -0.3061636984348297 0.47125789523124695
-0.8586860299110413 -0.1895696073770523 0.5667948722839355
-0.9165632724761963 -0.06266893446445465 0.6490644216537476
-0.9707959294319153 0.069340281188488 0.7175620794296265
-1.016628384590149 0.19950537383556366 0.7731357216835022
-1.0494506359100342 0.3211209177970886 0.816874623298645
-1.0647984743118286 0.4277869760990143 0.8500304818153381
-1.0582979917526245 0.5133817195892334 0.8739511370658875
-1.0255651473999023 0.5719694495201111 0.8900283575057983
-0.9620575904846191 0.5976449251174927 0.8996599316596985
-0.862878680229187 0.5843174457550049 0.9042266011238098
-0.7225236892700195 0.5254236459732056 0.9050825238227844
-0.5345489978790283 0.41355761885643005 0.9035601019859314
-0.2911325693130493 0.23998281359672546 0.9009883403778076
0.01752490922808647 -0.006026276387274265 0.8987263441085815
0.40404263138771057 -0.3381021022796631 0.8982159495353699
0.8851020932197571 -0.7741216421127319 0.9010605216026306
1.483303189277649 -1.3382028341293335 0.9091441631317139
0.4692889153957367 -1.399293065071106 0.42853596806526184
0.6777157783508301 -0.719968855381012 0.4302021563053131
0.8170092105865479 -0.23134592175483704 0.42057734727859497
0.906597912311554 0.12279731035232544 0.40265774726867676
0.9585015177726746 0.37751609086990356 0.37837275862693787
0.980513334274292 0.5557931065559387 0.34907302260398865
0.977891206741333 0.6733555793762207 0.31579720973968506
0.9543218612670898 0.7414076924324036 0.27943283319473267
0.9125117063522339 0.7682822942733765 0.24082349240779877
0.8545776009559631 0.760500967502594 0.2008480727672577
0.7823246121406555 0.7234982848167419 0.16048535704612732
0.6974660754203796 0.6621552109718323 0.12086834758520126
0.6018087863922119 0.581211507320404 0.08333146572113037
0.4974198341369629 0.48560264706611633 0.04944619908928871
0.38677850365638733 0.3807367980480194 0.02104182168841362
0.2729051411151886 0.27270328998565674 0.0002002988912863657
0.1594492495059967 0.16838456690311432 -0.010789434425532818
0.049645815044641495 0.07315349578857422 -0.010571924969553947
-0.055336061865091324 -0.012435069307684898 -0.0002135368122253567
-0.15467692911624908 -0.08864261955022812 0.018719449639320374
-0.24762499332427979 -0.15587987005710602 0.04449921101331711
-0.3335095942020416 -0.21469885110855103 0.07526949793100357
-0.41175001859664917 -0.265779584646225 0.10907977819442749
-0.48186275362968445 -0.3099149465560913 0.1439216583967209
-0.5434656143188477 -0.3479934334754944 0.17776405811309814
-0.5962772965431213 -0.3809799551963806 0.20858551561832428
-0.6401145458221436 -0.4098961353302002 0.2344040423631668
-0.6748881936073303 -0.4358024299144745 0.25330230593681335
-0.7005943059921265 -0.45977914333343506 0.2634477913379669
-0.7173058986663818 -0.48291102051734924 0.26310819387435913
-0.7251630425453186 -0.5062732100486755 0.25066161155700684
-0.7243615984916687 -0.5309193134307861 0.2246013581752777
-0.71515291929245 -0.5578535795211792 0.1835823804140091
-0.6982243657112122 -0.5873246788978577 0.12811337411403656
-0.6747822761535645 -0.6186507344245911 0.060963936150074005
-0.6460297107696533 -0.6511296033859253 -0.015055962838232517
-0.6131161451339722 -0.6841065287590027 -0.09727746248245239
-0.5771288871765137 -0.7169745564460754 -0.18318435549736023
-0.5390886664390564 -0.7491739988327026 -0.27041852474212646
-0.4999489486217499 -0.7801880836486816 -0.3567744493484497
-0.460599422454834 -0.8095391392707825 -0.4401867091655731
-0.42187047004699707 -0.8367820978164673 -0.5187128186225891
-0.38454145193099976 -0.8614968657493591 -0.5905099511146545
-0.3493492305278778 -0.8832820057868958 -0.6538093686103821
-0.3169998824596405 -0.9017446041107178 -0.7068842053413391
-0.2881804406642914 -0.9164913296699524 -0.7480156421661377
-0.26357343792915344 -0.9271182417869568 -0.7754542231559753
-0.24387173354625702 -0.9331987500190735 -0.7873751521110535
-0.22976095974445343 -0.9342798590660095 -0.7819709181785583
-0.2214328795671463 -0.9300007224082947 -0.7594007253646851
-0.218723863363266 -0.9200561046600342 -0.7213193774223328
-0.22151225805282593 -0.9040945768356323 -0.669336199760437
-0.22971618175506592 -0.88172447681427 -0.6050252914428711
-0.24328070878982544 -0.8525227904319763 -0.5299760103225708
-0.26216569542884827 -0.8160438537597656 -0.4458323121070862
-0.28633350133895874 -0.7718349099159241 -0.35433268547058105
-0.31573590636253357 -0.7194491028785706 -0.2573406398296356
-0.3503013551235199 -0.6584650278091431 -0.15686984360218048
-0.3899211883544922 -0.5885076522827148 -0.05510152131319046
-0.43443548679351807 -0.5092729926109314 0.0456073023378849
-0.4836205542087555 -0.420553982257843 0.14272913336753845
-0.5371748208999634 -0.3222704231739044 0.2335822433233261
-0.5947093963623047 -0.21449686586856842 0.3153649866580963
-0.6557386517524719 -0.09748987853527069 0.38520652055740356
-0.7192975878715515 0.02777559868991375 0.44057998061180115
-0.7815650701522827 0.15641440451145172 0.48162245750427246
-0.837570309638977 0.2820154130458832 0.5098177194595337
-0.8825058937072754 0.3984536826610565 0.5267980694770813
-0.911723792552948 0.49991220235824585 0.5342653393745422
-0.9206743836402893 0.580828070640564 0.5339331030845642
-0.9047968983650208 0.6357809901237488 0.5274873375892639
-0.8593646883964539 0.659325897693634 0.5165646076202393
-0.7792770266532898 0.6457695364952087 0.5027465224266052
-0.6587910056114197 0.5888786315917969 0.4875700771808624
-0.4911668598651886 0.4815030097961426 0.47255295515060425
-0.268193781375885 0.31507402658462524 0.4592357277870178
0.02046729438006878 0.07891874760389328 0.44924354553222656
0.3882208466529846 -0.24071234464645386 0.44437646865844727
0.8529379367828369 -0.6620880961418152 0.4467407166957855
1.439092755317688 -1.2101914882659912 0.4589477777481079
0.06992251425981522 -1.29489004611969 0.5350025296211243
0.3545721769332886 -0.6520324945449829 0.42314451932907104
0.5526629090309143 -0.1853756159543991 0.333936870098114
0.6882140636444092 0.1553732007741928 0.26069849729537964
0.7764110565185547 0.40213143825531006 0.19923672080039978
0.8273074626922607 0.5761378407478333 0.1468258649110794
0.8478316068649292 0.6921170949935913 0.10165999084711075
0.8429495692253113 0.7606838941574097 0.06254298985004425
0.816383421421051 0.7898154258728027 0.02870563231408596
0.771083414554596 0.7858054637908936 -0.0003066016361117363
0.709561288356781 0.7539215683937073 -0.02470402978360653
0.6341440677642822 0.6988847851753235 -0.04449973255395889
0.5471802949905396 0.6252426505088806 -0.05954291298985481
0.4512160122394562 0.5376691222190857 -0.06954674422740936
0.3491482734680176 0.4412096440792084 -0.07411642372608185
0.24434936046600342 0.3414682447910309 -0.07278227806091309
0.14074864983558655 0.24471402168273926 -0.06504447758197784
0.0416608490049839 0.15577982366085052 -0.050846848636865616
-0.051981762051582336 0.07506478577852249 -0.031156709417700768
-0.13962452113628387 0.0022522432263940573 -0.0071715316735208035
-0.22076056897640228 -0.06307608634233475 0.019821813330054283
-0.2949395477771759 -0.1214359924197197 0.04846467450261116
-0.36177322268486023 -0.17343324422836304 0.07734500616788864
-0.42094099521636963 -0.2197551727294922 0.10501760244369507
-0.4721938967704773 -0.26116064190864563 0.13002440333366394
-0.5153555870056152 -0.29846787452697754 0.15091407299041748
-0.5503230690956116 -0.33254215121269226 0.1662611961364746
-0.5770653486251831 -0.36428332328796387 0.17468366026878357
-0.5956197381019592 -0.39461225271224976 0.1748582273721695
-0.6060879826545715 -0.42445844411849976 0.1655333936214447
-0.6086315512657166 -0.4547489583492279 0.1455407589673996
-0.603463888168335 -0.486396461725235 0.11380226165056229
-0.5908534526824951 -0.5202723145484924 0.06937337666749954
-0.5714326500892639 -0.5565147399902344 0.012838047929108143
-0.5462645292282104 -0.5943558812141418 -0.05334921181201935
-0.5164175033569336 -0.6330105066299438 -0.1266881227493286
-0.4829197824001312 -0.6717446446418762 -0.20478840172290802
-0.446750283241272 -0.7098764181137085 -0.28538525104522705
-0.4088316559791565 -0.7467761039733887 -0.36634811758995056
-0.37002813816070557 -0.7818636894226074 -0.44568026065826416
-0.33114591240882874 -0.8146026134490967 -0.5215099453926086
-0.2929367125034332 -0.8444942235946655 -0.5920779705047607
-0.25610342621803284 -0.8710699677467346 -0.655718982219696
-0.22130651772022247 -0.8938829898834229 -0.7108403444290161
-0.189174085855484 -0.912497878074646 -0.7558940649032593
-0.16031086444854736 -0.9264810681343079 -0.7893494963645935
-0.1353103220462799 -0.9353885054588318 -0.8096590042114258
-0.11476698517799377 -0.9387542009353638 -0.8152216672897339
-0.099263995885849 -0.9360910058021545 -0.8044760227203369
-0.08901138603687286 -0.9270980954170227 -0.7777515053749084
-0.08395687490701675 -0.9116063117980957 -0.7368131279945374
-0.08408626168966293 -0.889409065246582 -0.6833913922309875
-0.0894215777516365 -0.8602687120437622 -0.619189977645874
-0.10001113265752792 -0.8239269852638245 -0.5459259748458862
-0.1159202978014946 -0.7801167964935303 -0.46536239981651306
-0.13722102344036102 -0.7285755276679993 -0.37933894991874695
-0.1639816164970398 -0.6690598726272583 -0.28979378938674927
-0.19625550508499146 -0.6013615131378174 -0.19877928495407104
-0.23406952619552612 -0.5253251194953918 -0.10847052931785583
-0.27741140127182007 -0.44086793065071106 -0.021165460348129272
-0.32621777057647705 -0.34799763560295105 0.06072621792554855
-0.38036099076271057 -0.24683472514152527 0.13470341265201569
-0.4396381378173828 -0.13762973248958588 0.19820691645145416
-0.5037605166435242 -0.02078031376004219 0.24866507947444916
-0.5719397664070129 0.10268086194992065 0.2839100658893585
-0.6403430700302124 0.22814388573169708 0.30454495549201965
-0.703926146030426 0.349647581577301 0.3125002384185791
-0.7578331828117371 0.46154066920280457 0.30977779626846313
-0.7973849177360535 0.5584761500358582 0.2983756959438324
-0.8180087208747864 0.6353382468223572 0.2802402973175049
-0.815123975276947 0.6871179342269897 0.2572392523288727
-0.783978283405304 0.7087368965148926 0.23115307092666626
-0.7194327712059021 0.6948195695877075 0.20368331670761108
-0.6156824827194214 0.639397144317627 0.17647871375083923
-0.4658861458301544 0.5355238318443298 0.15117549896240234
-0.261665016412735 0.3747619092464447 0.12945795059204102
0.007597566116601229 0.14646801352500916 0.11314302682876587
0.35577020049095154 -0.16323330998420715 0.1043010726571083
0.8015092015266418 -0.5729978084564209 0.10543277859687805
1.3706406354904175 -1.1086583137512207 0.11974062770605087
-0.2616662085056305 -1.16347336769104 0.6214402914047241
0.07670244574546814 -0.5655380487442017 0.4170677661895752
0.3183903694152832 -0.12697754800319672 0.26169952750205994
0.48944488167762756 0.1958940029144287 0.14177624881267548
0.6067119836807251 0.4313804507255554 0.04854600131511688
0.6815739870071411 0.5986462831497192 -0.023873090744018555
0.7220271229743958 0.7111821174621582 -0.07956574112176895
0.7339086532592773 0.7788474559783936 -0.12144767493009567
0.7216657996177673 0.8091416954994202 -0.15165305137634277
0.6888634562492371 0.8080395460128784 -0.17178507149219513
0.6385440826416016 0.780570924282074 -0.18308591842651367
0.5734948515892029 0.7312438488006592 -0.1865585297346115
0.4964613616466522 0.6643746495246887 -0.18305915594100952
0.41032499074935913 0.5843499898910522 -0.17337185144424438
0.3182509243488312 0.4958418905735016 -0.15827162563800812
0.2238062620162964 0.40397146344184875 -0.13857921957969666
0.13103555142879486 0.3144075274467468 -0.11520813405513763
0.04322870820760727 0.23146513104438782 -0.08911428600549698
-0.038878001272678375 0.15541529655456543 -0.06116582825779915
-0.11493341624736786 0.08590320497751236 -0.032263003289699554
-0.18461653590202332 0.02250894531607628 -0.0033528334461152554
-0.24764251708984375 -0.03525114431977272 0.024580540135502815
-0.30376681685447693 -0.08792038261890411 0.05052579566836357
-0.35278987884521484 -0.13609753549098969 0.0734560638666153
-0.39456140995025635 -0.1804315149784088 0.09234131872653961
-0.428982675075531 -0.22161389887332916 0.10616070032119751
-0.4560091197490692 -0.2603713572025299 0.11391539126634598
-0.4756510555744171 -0.29745742678642273 0.11464110761880875
-0.4879743456840515 -0.3336428999900818 0.10742022097110748
-0.4930989742279053 -0.3697064220905304 0.091392882168293
-0.49119746685028076 -0.4064252972602844 0.06576698273420334
-0.48249202966690063 -0.4445655643939972 0.029827117919921875
-0.46725785732269287 -0.4848557114601135 -0.017027953639626503
-0.4460757076740265 -0.5273224115371704 -0.0741376131772995
-0.4198863208293915 -0.5711239576339722 -0.1392950862646103
-0.38964059948921204 -0.615404486656189 -0.21024705469608307
-0.3562602698802948 -0.6593611836433411 -0.28482693433761597
-0.3206278383731842 -0.7022472023963928 -0.3609723746776581
-0.2835787534713745 -0.7433723211288452 -0.43673649430274963
-0.24589762091636658 -0.7821002006530762 -0.5102906227111816
-0.2083178162574768 -0.817844033241272 -0.5799189805984497
-0.17152298986911774 -0.8500596880912781 -0.6440096497535706
-0.13615137338638306 -0.8782379627227783 -0.7010394334793091
-0.10280067473649979 -0.9018957614898682 -0.7495561838150024
-0.07203610241413116 -0.9205652475357056 -0.7881555557250977
-0.044398173689842224 -0.9337841272354126 -0.8154571056365967
-0.02041243575513363 -0.9410820007324219 -0.8300751447677612
-0.0005999314598739147 -0.941969096660614 -0.830588161945343
0.014531264081597328 -0.9359418749809265 -0.815632164478302
0.024757109582424164 -0.922765851020813 -0.7856730222702026
0.030049504712224007 -0.9024038910865784 -0.7425622940063477
0.030348315834999084 -0.8747880458831787 -0.6881245970726013
0.025563159957528114 -0.8398265838623047 -0.6241590976715088
0.015581139363348484 -0.7974144816398621 -0.5524730086326599
0.0002747168764472008 -0.7474460005760193 -0.4749082028865814
-0.020489728078246117 -0.6898271441459656 -0.393364280462265
-0.046843163669109344 -0.6244886517524719 -0.3098137676715851
-0.07890433073043823 -0.5514002442359924 -0.22631171345710754
-0.11676959693431854 -0.4705842137336731 -0.14499890804290771
-0.1605021357536316 -0.38213086128234863 -0.06809703260660172
-0.21012148261070251 -0.2862107753753662 0.002104506129398942
-0.2655916213989258 -0.18309059739112854 0.06326916813850403
-0.3268108665943146 -0.07314357161521912 0.11304393410682678
-0.39360207319259644 0.04314050078392029 0.1490982472896576
-0.4652877748012543 0.16470395028591156 0.1695394068956375
-0.538086473941803 0.2871773838996887 0.1753050833940506
-0.607000470161438 0.404975026845932 0.1686328947544098
-0.6672446727752686 0.512834906578064 0.15176846086978912
-0.7142260074615479 0.6057929396629333 0.1268969178199768
-0.7434661984443665 0.6790953278541565 0.09610459208488464
-0.750480592250824 0.7280645966529846 0.06136243790388107
-0.7306109666824341 0.7479184865951538 0.024529119953513145
-0.678805947303772 0.7335374355316162 -0.012630073353648186
-0.5893359184265137 0.6791653633117676 -0.04840562492609024
-0.4554136395454407 0.5780195593833923 -0.08109159767627716
-0.26867708563804626 0.4217618405818939 -0.10891097038984299
-0.018458252772688866 0.19975686073303223 -0.12991319596767426
0.30928680300712585 -0.10200852900743484 -0.1418280154466629
0.733619749546051 -0.50257807970047 -0.1418493092060089
1.2812074422836304 -1.0286294221878052 -0.1262989193201065
-0.5309048891067505 -1.0118167400360107 0.6898896098136902
-0.15901927649974823 -0.4645899832248688 0.4121719002723694
0.11237678676843643 -0.05868274345993996 0.20289109647274017
0.30926641821861267 0.24279862642288208 0.044111136347055435
0.4488726854324341 0.4643217623233795 -0.07604421675205231
0.5430863499641418 0.6227850914001465 -0.1657523363828659
0.6004254817962646 0.730292022228241 -0.23083949089050293
0.6272210478782654 0.7958266735076904 -0.2755923569202423
0.6283716559410095 0.8263170123100281 -0.3032711446285248
0.607849657535553 0.8273445963859558 -0.31645047664642334
0.5690585970878601 0.8036414980888367 -0.3172557055950165
0.5151007771492004 0.7594572305679321 -0.30753645300865173
0.44898489117622375 0.6988419890403748 -0.2889989912509918
0.3737970292568207 0.6258731484413147 -0.2633129060268402
0.29284000396728516 0.5448394417762756 -0.23219794034957886
0.20974236726760864 0.46038249135017395 -0.1974942833185196
0.12852756679058075 0.3775859475135803 -0.16121266782283783
0.05237724259495735 0.300270676612854 -0.12507979571819305
-0.01813141070306301 0.2286054491996765 -0.08986693620681763
-0.08279813826084137 0.1622147411108017 -0.05623519420623779
-0.14143788814544678 0.10068535059690475 -0.024870507419109344
-0.1938857138156891 0.04356618970632553 0.003522254526615143
-0.239999920129776 -0.009629846550524235 0.028225308284163475
-0.2796667516231537 -0.059424061328172684 0.04851565882563591
-0.3128049969673157 -0.10636944323778152 0.06367363035678864
-0.3393689692020416 -0.15104615688323975 0.07299169152975082
-0.35935235023498535 -0.1940569430589676 0.07578422129154205
-0.37279123067855835 -0.23602193593978882 0.07139747589826584
-0.3797658085823059 -0.2775713801383972 0.05921970307826996
-0.38040250539779663 -0.31933900713920593 0.03869101405143738
-0.3748741149902344 -0.36195462942123413 0.009312774054706097
-0.3633996248245239 -0.4060356616973877 -0.02934367023408413
-0.34624895453453064 -0.4521629512310028 -0.07760410010814667
-0.3239537477493286 -0.5002543926239014 -0.13474145531654358
-0.2973521053791046 -0.5494093894958496 -0.1987394094467163
-0.2672954797744751 -0.5987153649330139 -0.2675352990627289
-0.23461438715457916 -0.6473139524459839 -0.33913472294807434
-0.20010791718959808 -0.6944043636322021 -0.41163069009780884
-0.1645360141992569 -0.7392458319664001 -0.4832162857055664
-0.12861481308937073 -0.7811554074287415 -0.5521897077560425
-0.09301541745662689 -0.8195034861564636 -0.6169522404670715
-0.058364272117614746 -0.8537084460258484 -0.6760015487670898
-0.025246266275644302 -0.8832276463508606 -0.7279199957847595
0.005791444797068834 -0.9075496792793274 -0.7713598608970642
0.03423278406262398 -0.9261826276779175 -0.8050237894058228
0.05958637595176697 -0.938644289970398 -0.827644407749176
0.08137711137533188 -0.9444488286972046 -0.8379592895507812
0.09913749992847443 -0.9430945515632629 -0.8346841335296631
0.11241348087787628 -0.934075117111206 -0.8166077136993408
0.12097600847482681 -0.9172241687774658 -0.7843023538589478
0.1247502788901329 -0.8926281929016113 -0.7396868467330933
0.12363642454147339 -0.8603491187095642 -0.6846565008163452
0.11751110851764679 -0.8204292058944702 -0.6210797429084778
0.10623414814472198 -0.7729032635688782 -0.5508263111114502
0.08965494483709335 -0.7178086042404175 -0.4757869839668274
0.06761987507343292 -0.6551980972290039 -0.3978925049304962
0.039979707449674606 -0.5851508975028992 -0.3191230297088623
0.006597655359655619 -0.5077834725379944 -0.24151426553726196
-0.032642100006341934 -0.4232613444328308 -0.16715677082538605
-0.07782528549432755 -0.33180952072143555 -0.09818941354751587
-0.12899915874004364 -0.2337215095758438 -0.03678562864661217
-0.18616212904453278 -0.12936997413635254 0.014865456148982048
-0.24925591051578522 -0.019212691113352776 0.05458587408065796
-0.3181568682193756 0.09620209783315659 0.08024141192436218
-0.3922557532787323 0.21581290662288666 0.09015222638845444
-0.4678811728954315 0.33545970916748047 0.085489921271801
-0.5401827692985535 0.4498719871044159 0.06869296729564667
-0.60454261302948 0.5541107058525085 0.04215746745467186
-0.6565456390380859 0.6435266733169556 0.008176082745194435
-0.6918972134590149 0.7136624455451965 -0.031091485172510147
-0.7062976360321045 0.7601113319396973 -0.07362589240074158
-0.6952741146087646 0.7783320546150208 -0.11753643304109573
-0.6539600491523743 0.7634138464927673 -0.16103334724903107
-0.5768102407455444 0.7097733616828918 -0.2023819088935852
-0.457218736410141 0.6107584834098816 -0.23984092473983765
-0.28699567914009094 0.4581054449081421 -0.2715776264667511
-0.055620040744543076 0.24116988480091095 -0.2955509424209595
0.25086620450019836 -0.05420771613717079 -0.30934393405914307
0.6515733003616333 -0.44745931029319763 -0.30991417169570923
1.1735079288482666 -0.9660990834236145 -0.2931990921497345
-0.7439242601394653 -0.8462762832641602 0.7425530552864075
-0.35604169964790344 -0.3531138002872467 0.40863919258117676
-0.06729943305253983 0.017062958329916 0.15651074051856995
0.14666052162647247 0.2945699095726013 -0.03403647989034653
0.30241984128952026 0.5000370740890503 -0.17674686014652252
0.411694198846817 0.6480293273925781 -0.2813173532485962
0.4830516576766968 0.7491834163665771 -0.35482069849967957
0.5229797959327698 0.8115325570106506 -0.4025871455669403
0.5365788340568542 0.8413670659065247 -0.4287763833999634
0.5280339121818542 0.8438180088996887 -0.43676522374153137
0.5009520053863525 0.8232728838920593 -0.42942190170288086
0.4586125910282135 0.7836832404136658 -0.40930992364883423
0.40416380763053894 0.7288038730621338 -0.37884455919265747
0.3407788574695587 0.6623842120170593 -0.3404190242290497
0.27178362011909485 0.5883225798606873 -0.2965051531791687
0.2007552832365036 0.5107871890068054 -0.2497335523366928
0.13158467411994934 0.4342931807041168 -0.20294640958309174
0.06727966666221619 0.3621930181980133 -0.15843984484672546
0.008292733691632748 0.29457658529281616 -0.11689358949661255
-0.045281268656253815 0.23106464743614197 -0.07877837866544724
-0.09335082769393921 0.17126014828681946 -0.04458169266581535
-0.13583193719387054 0.1147475615143776 -0.014803431928157806
-0.17265138030052185 0.06109362840652466 0.010048791766166687
-0.20375140011310577 0.0098477927967906 0.029465941712260246
-0.22909380495548248 -0.039456795901060104 0.042944617569446564
-0.2486642748117447 -0.08730027079582214 0.049994561821222305
-0.26247647404670715 -0.13417333364486694 0.050147395581007004
-0.2705762982368469 -0.18057367205619812 0.0429656058549881
-0.2730450928211212 -0.22700069844722748 0.028051966801285744
-0.2700028419494629 -0.2739502787590027 0.005059118382632732
-0.2616104781627655 -0.3219093382358551 -0.026301298290491104
-0.24807137250900269 -0.37134847044944763 -0.06624981760978699
-0.22963660955429077 -0.4227001965045929 -0.11491017043590546
-0.20679005980491638 -0.47578033804893494 -0.17150747776031494
-0.18028640747070312 -0.5296448469161987 -0.2341690957546234
-0.1508958339691162 -0.583340585231781 -0.30097445845603943
-0.11937327682971954 -0.6359675526618958 -0.3700563609600067
-0.08644868433475494 -0.6866838932037354 -0.43961986899375916
-0.052819207310676575 -0.7347090244293213 -0.5079572200775146
-0.01914433017373085 -0.7793229222297668 -0.5734545588493347
0.013955805450677872 -0.8198619484901428 -0.6345917582511902
0.04590091481804848 -0.855713963508606 -0.6899396181106567
0.0761481299996376 -0.8863102197647095 -0.7381497621536255
0.10418927669525146 -0.9111172556877136 -0.7779436707496643
0.1295451670885086 -0.9296257495880127 -0.8080954551696777
0.15176019072532654 -0.9413408637046814 -0.8274143934249878
0.17039532959461212 -0.9457689523696899 -0.8347241878509521
0.1850202977657318 -0.9424057006835938 -0.8288390636444092
0.19521884620189667 -0.9307518005371094 -0.8086603879928589
0.2007688581943512 -0.9107070565223694 -0.7748386859893799
0.20158296823501587 -0.8824713230133057 -0.7293432950973511
0.1975557506084442 -0.8462239503860474 -0.6741209030151367
0.1885649561882019 -0.8021289706230164 -0.6110891699790955
0.17447730898857117 -0.7503448724746704 -0.5421580076217651
0.15515388548374176 -0.6910352110862732 -0.46924617886543274
0.13045649230480194 -0.6243788599967957 -0.39429545402526855
0.1002538874745369 -0.550579845905304 -0.3192768394947052
0.06442821770906448 -0.46987518668174744 -0.24619296193122864
0.022882169112563133 -0.38254472613334656 -0.17707690596580505
-0.024453893303871155 -0.28891846537590027 -0.11398423463106155
-0.07761546224355698 -0.18938195705413818 -0.05898027494549751
-0.13659562170505524 -0.08438420295715332 -0.014123830012977123
-0.20133915543556213 0.02555997669696808 0.01855606399476528
-0.27173617482185364 0.13986730575561523 0.03708617761731148
-0.3472175896167755 0.25748565793037415 0.03995285928249359
-0.4242749810218811 0.37443798780441284 0.028482941910624504
-0.49828946590423584 0.48572102189064026 0.005232947412878275
-0.5648873448371887 0.5866658687591553 -0.02732166089117527
-0.6199045181274414 0.6728857755661011 -0.06683966517448425
-0.6592987179756165 0.7401686310768127 -0.11113635450601578
-0.6790236234664917 0.7843315005302429 -0.15818335115909576
-0.6748617887496948 0.8010326623916626 -0.20608991384506226
-0.6422082781791687 0.785533607006073 -0.25306883454322815
-0.5757889747619629 0.7323938012123108 -0.29738426208496094
-0.46928462386131287 0.6350672245025635 -0.3372833728790283
-0.314809650182724 0.48534655570983887 -0.3709028661251068
-0.10216397792100906 0.27256807684898376 -0.39614108204841614
0.18228715658187866 -0.017576469108462334 -0.41047248244285583
0.5573676228523254 -0.40489885210990906 -0.41066864132881165
1.04993736743927 -0.9177298545837402 -0.392350971698761
-0.9072070717811584 -0.6726759672164917 0.7816922664642334
-0.5180020332336426 -0.2348102480173111 0.40663620829582214
-0.22262370586395264 0.09791068732738495 0.12155052274465561
0.0006227910635061562 0.3497331440448761 -0.09436120837926865
0.16693419218063354 0.5376244187355042 -0.255661278963089
0.28731784224510193 0.6738564372062683 -0.37289169430732727
0.370004266500473 0.7675850987434387 -0.4539281725883484
0.4213477373123169 0.8258590698242188 -0.504844069480896
0.44642841815948486 0.8542907238006592 -0.5304862260818481
0.44946736097335815 0.857521653175354 -0.5348734855651855
0.43412771821022034 0.8395583033561707 -0.521484375
0.4037395417690277 0.804023802280426 -0.49347278475761414
0.3614761233329773 0.7543548345565796 -0.45383593440055847
0.31049197912216187 0.6939579844474792 -0.4055474102497101
0.25403696298599243 0.6263382434844971 -0.35166606307029724
0.19554193317890167 0.5551981925964355 -0.29541894793510437
0.1386757791042328 0.4845055639743805 -0.24025729298591614
0.08622301369905472 0.4171706438064575 -0.18887972831726074
0.03854293003678322 0.3532264530658722 -0.14188311994075775
-0.004335122648626566 0.2923049032688141 -0.09958980232477188
-0.0423765666782856 0.23403480648994446 -0.06233983486890793
-0.07554543763399124 0.17804059386253357 -0.030486607924103737
-0.1038077101111412 0.12394280731678009 -0.004392506554722786
-0.1271354854106903 0.07135776430368423 0.015577233396470547
-0.14551156759262085 0.019898205995559692 0.029061349108815193
-0.15893344581127167 -0.03082456812262535 0.03570989519357681
-0.16741810739040375 -0.08119873702526093 0.03519289940595627
-0.1710064709186554 -0.13160935044288635 0.027209356427192688
-0.16976751387119293 -0.18243403732776642 0.011496922001242638
-0.1638023406267166 -0.23403894901275635 -0.012158329598605633
-0.15324750542640686 -0.2867744565010071 -0.04391229525208473
-0.13827767968177795 -0.3409690856933594 -0.08385346829891205
-0.11911200731992722 -0.39691075682640076 -0.13197623193264008
-0.09618672728538513 -0.45432138442993164 -0.18748189508914948
-0.07019149512052536 -0.512230634689331 -0.2486046552658081
-0.04183290898799896 -0.5696603655815125 -0.31352680921554565
-0.011806624010205269 -0.6256840825080872 -0.3804699182510376
0.019211869686841965 -0.6794318556785583 -0.44771453738212585
0.05057470127940178 -0.7300949692726135 -0.5136157870292664
0.08166635036468506 -0.7769260406494141 -0.5766124725341797
0.1119057759642601 -0.8192359805107117 -0.6352291703224182
0.1407472938299179 -0.8563894629478455 -0.6880754828453064
0.1676788330078125 -0.8877976536750793 -0.7338389158248901
0.19222001731395721 -0.9129108786582947 -0.7712764739990234
0.2139170914888382 -0.9312080144882202 -0.799200177192688
0.23233848810195923 -0.9421867728233337 -0.8164628744125366
0.24706873297691345 -0.9453514814376831 -0.8219394683837891
0.2577015161514282 -0.940201997756958 -0.8145074844360352
0.26384562253952026 -0.9262517690658569 -0.7931434512138367
0.26529937982559204 -0.9034639596939087 -0.7585529088973999
0.26199573278427124 -0.8721379637718201 -0.7127383947372437
0.2538560628890991 -0.8325586318969727 -0.6576827764511108
0.24079065024852753 -0.7849969267845154 -0.5953350067138672
0.22270390391349792 -0.7297205328941345 -0.5276298522949219
0.19949871301651 -0.6670013666152954 -0.4564979672431946
0.17108196020126343 -0.5971257090568542 -0.38387832045555115
0.13736960291862488 -0.5204014182090759 -0.31172165274620056
0.09829169511795044 -0.4371643364429474 -0.24199093878269196
0.05379784479737282 -0.34778496623039246 -0.17665918171405792
0.0038628808688372374 -0.2526744306087494 -0.11770211905241013
-0.051508840173482895 -0.15228703618049622 -0.06708645820617676
-0.11227705329656601 -0.04712589830160141 -0.02675636112689972
-0.17836175858974457 0.06225675716996193 0.0013856549048796296
-0.24963884055614471 0.175258606672287 0.015499874018132687
-0.32556071877479553 0.29084512591362 0.014202711172401905
-0.4028281569480896 0.4052005410194397 -0.0010863321367651224
-0.47712242603302 0.5135504603385925 -0.027758821845054626
-0.5443768501281738 0.6114559173583984 -0.06331466883420944
-0.6007344126701355 0.6947510838508606 -0.10540889948606491
-0.6424584984779358 0.7594305872917175 -0.15186752378940582
-0.6658085584640503 0.8014997243881226 -0.20068120956420898
-0.6668766736984253 0.8167842626571655 -0.24998143315315247
-0.6413789391517639 0.8006913661956787 -0.2980017066001892
-0.5843825936317444 0.7479011416435242 -0.34302064776420593
-0.4899410903453827 0.6519573926925659 -0.3832886517047882
-0.3505861461162567 0.5046995282173157 -0.41692838072776794
-0.15659068524837494 0.2954414188861847 -0.44179654121398926
0.10514199733734131 0.00973459705710411 -0.45528462529182434
0.45283782482147217 -0.37259092926979065 -0.45401233434677124
0.9127406477928162 -0.880641520023346 -0.43333300948143005
-1.0273100137710571 -0.4962570071220398 0.8095500469207764
-0.6486148238182068 -0.11313167214393616 0.4063180387020111
-0.35560959577560425 0.18161334097385406 0.09701134264469147
-0.12983305752277374 0.4068511426448822 -0.13850943744182587
0.0420457161962986 0.5761916637420654 -0.31478944420814514
0.16994336247444153 0.6997401118278503 -0.44265231490135193
0.2614518404006958 0.7852146625518799 -0.5303907990455627
0.3225557804107666 0.8386822938919067 -0.5845520496368408
0.3581240177154541 0.8650622963905334 -0.6104741096496582
0.37225690484046936 0.8684844374656677 -0.612667977809906
0.3685406744480133 0.8525500893592834 -0.5950978398323059
0.3502405285835266 0.8205326795578003 -0.5613933801651001
0.32045072317123413 0.7755334973335266 -0.5150172710418701
0.28221434354782104 0.720608115196228 -0.4593982696533203
0.2386191040277481 0.6588682532310486 -0.3980388641357422
0.19287264347076416 0.5935639142990112 -0.33459997177124023
0.14835143089294434 0.5281387567520142 -0.2729562222957611
0.10758140683174133 0.46508949995040894 -0.21607238054275513
0.07085785269737244 0.40441158413887024 -0.16447387635707855
0.038179319351911545 0.3457614481449127 -0.11837171018123627
0.00955483689904213 0.28880247473716736 -0.07800047844648361
-0.01499947439879179 0.23320387303829193 -0.043613698333501816
-0.0354636088013649 0.17864087224006653 -0.015479091554880142
-0.05181761085987091 0.12479471415281296 0.006127673666924238
-0.06404564529657364 0.07135302573442459 0.020930029451847076
-0.07214011996984482 0.018011929467320442 0.028658121824264526
-0.07610614597797394 -0.03552216663956642 0.029057733714580536
-0.07596610486507416 -0.08953037112951279 0.021899716928601265
-0.07176408171653748 -0.14427751302719116 0.0069902678951621056
-0.06357020139694214 -0.2000085860490799 -0.015818579122424126
-0.05148456245660782 -0.2569456994533539 -0.04661858081817627
-0.03564076125621796 -0.3152827024459839 -0.08543475717306137
-0.016213100403547287 -0.3751693665981293 -0.13219963014125824
0.006409707944840193 -0.4362444281578064 -0.1861163228750229
0.031586140394210815 -0.49752700328826904 -0.24549807608127594
0.058655887842178345 -0.5580301284790039 -0.3085993528366089
0.0869666337966919 -0.616814911365509 -0.3737002909183502
0.11588244885206223 -0.6729966402053833 -0.4391270577907562
0.1447906792163849 -0.7257501482963562 -0.5032684803009033
0.17310674488544464 -0.7743107676506042 -0.5645865797996521
0.20027630031108856 -0.8179718852043152 -0.6216211318969727
0.22577650845050812 -0.8560821413993835 -0.6729912161827087
0.2491149604320526 -0.8880386352539062 -0.7173908352851868
0.26982784271240234 -0.9132803678512573 -0.7535829544067383
0.2874760925769806 -0.9312785863876343 -0.7803877592086792
0.3016415536403656 -0.941527783870697 -0.7966711521148682
0.3119213283061981 -0.9435345530509949 -0.8013288378715515
0.31792205572128296 -0.9368065595626831 -0.7932695746421814
0.3192674219608307 -0.9208749532699585 -0.7715129256248474
0.31578949093818665 -0.895759642124176 -0.7367960214614868
0.30747219920158386 -0.8618472218513489 -0.6911409497261047
0.29429319500923157 -0.8195135593414307 -0.6365513801574707
0.2762235403060913 -0.7691230177879333 -0.5749947428703308
0.25323206186294556 -0.7110366225242615 -0.508415937423706
0.22528919577598572 -0.6456193923950195 -0.43874698877334595
0.1923713982105255 -0.5732477307319641 -0.3679145276546478
0.15446501970291138 -0.4943152666091919 -0.29784196615219116
0.11157035827636719 -0.40923774242401123 -0.23044973611831665
0.06370535492897034 -0.31845763325691223 -0.16765165328979492
0.010909787379205227 -0.2224481850862503 -0.11134856939315796
-0.04675210639834404 -0.12171465158462524 -0.06341879069805145
-0.10918702930212021 -0.016797924414277077 -0.025706149637699127
-0.17627069354057312 0.09172616899013519 -5.33363026988809e-06
-0.24784503877162933 0.2032472938299179 0.01195516437292099
-0.32337138056755066 0.31675320863723755 0.008894211612641811
-0.3997982442378998 0.42857226729393005 -0.007727080024778843
-0.47316306829452515 0.5341299772262573 -0.03530144691467285
-0.5397548675537109 0.6291860938072205 -0.07134752720594406
-0.5960671305656433 0.7097647786140442 -0.11355113238096237
-0.6387094259262085 0.7720378637313843 -0.1597752720117569
-0.6642857193946838 0.8121721744537354 -0.20804999768733978
-0.6692388653755188 0.8261381983757019 -0.2565443217754364
-0.6496517062187195 0.8094696998596191 -0.3035241663455963
-0.6009880900382996 0.7569531202316284 -0.3472921550273895
-0.5177450776100159 0.6622138023376465 -0.3861108124256134
-0.3929656445980072 0.5171354413032532 -0.4180976152420044
-0.2175280898809433 0.31101760268211365 -0.4410794675350189
0.02093549072742462 0.029291478917002678 -0.45237961411476135
0.33976638317108154 -0.34853020310401917 -0.4484880566596985
0.764147937297821 -0.8522589206695557 -0.4245213270187378
-1.110658049583435 -0.3216782510280609 0.8282960653305054
-0.7515861988067627 0.0087225791066885 0.4078320860862732
-0.46827083826065063 0.26602479815483093 0.08191578090190887
-0.24567116796970367 0.46452054381370544 -0.16807807981967926
-0.07256991416215897 0.6148518919944763 -0.3560516834259033
0.05961749330163002 0.7251481413841248 -0.49266064167022705
0.15763084590435028 0.801778256893158 -0.5862915515899658
0.22690190374851227 0.8498625159263611 -0.6437287926673889
0.2719317376613617 0.8736355304718018 -0.6706253290176392
0.29656529426574707 0.8767089247703552 -0.6718463897705078
0.30419501662254333 0.8622677326202393 -0.6517246961593628
0.297917902469635 0.8332228660583496 -0.6142598986625671
0.28065818548202515 0.7923317551612854 -0.5632749199867249
0.2552657723426819 0.7422953844070435 -0.5025417804718018
0.22459568083286285 0.6858386993408203 -0.43588510155677795
0.19157010316848755 0.6257756948471069 -0.3672623336315155
0.15922141075134277 0.5650541186332703 -0.3008192777633667
0.12979422509670258 0.50578773021698 -0.23967687785625458
0.1035463884472847 0.44795072078704834 -0.18430255353450775
0.08047550171613693 0.3912350833415985 -0.1348288357257843
0.0605919323861599 0.33534643054008484 -0.09141993522644043
0.043915826827287674 0.2800027132034302 -0.05426650494337082
0.030474364757537842 0.22493526339530945 -0.023580942302942276
0.02029840089380741 0.16988873481750488 0.0004092963645234704
0.013418947346508503 0.11462201923131943 0.017468856647610664
0.009863519109785557 0.058910585939884186 0.027362309396266937
0.009652066975831985 0.0025483323261141777 0.029863378033041954
0.012792814522981644 -0.05465008318424225 0.02476481907069683
0.019277898594737053 -0.11284563690423965 0.011889230459928513
0.02907904051244259 -0.1721716970205307 -0.008899650536477566
0.042143434286117554 -0.23273161053657532 -0.03768540918827057
0.05838978290557861 -0.29459407925605774 -0.0744873508810997
0.07770004868507385 -0.35778021812438965 -0.1192338615655899
0.09973298758268356 -0.42185738682746887 -0.17115414142608643
0.12387962639331818 -0.4858488440513611 -0.228620246052742
0.1495099812746048 -0.5487732887268066 -0.28993624448776245
0.1759997010231018 -0.6096930503845215 -0.35341861844062805
0.2027377337217331 -0.6677212715148926 -0.41741684079170227
0.22913283109664917 -0.7220271229743958 -0.48033109307289124
0.25461816787719727 -0.7718380689620972 -0.5406243205070496
0.27865374088287354 -0.8164383769035339 -0.5968286991119385
0.3007276952266693 -0.8551670908927917 -0.6475493311882019
0.32035598158836365 -0.8874127864837646 -0.6914628744125366
0.337080717086792 -0.9126073718070984 -0.7273135781288147
0.3504672646522522 -0.9302182197570801 -0.7539051175117493
0.36010077595710754 -0.939739465713501 -0.7700905799865723
0.3655812740325928 -0.9406824707984924 -0.7747600078582764
0.3665187656879425 -0.9325658679008484 -0.7668262124061584
0.36254382133483887 -0.9149399399757385 -0.7453240752220154
0.3535344898700714 -0.8878750205039978 -0.711001455783844
0.33955273032188416 -0.8518313765525818 -0.6658865213394165
0.3206583559513092 -0.807262659072876 -0.6119903922080994
0.29690733551979065 -0.7546122074127197 -0.551285982131958
0.26835599541664124 -0.6943211555480957 -0.48571887612342834
0.23506325483322144 -0.6268319487571716 -0.4172121286392212
0.1970948874950409 -0.5525964498519897 -0.3476739227771759
0.15452605485916138 -0.4720783829689026 -0.27899661660194397
0.10744401812553406 -0.385757714509964 -0.2130567878484726
0.055950868874788284 -0.29413366317749023 -0.15171177685260773
0.0001662138820393011 -0.19772708415985107 -0.09679385274648666
-0.05977176874876022 -0.09708040207624435 -0.0501021184027195
-0.12370312213897705 0.00723948935046792 -0.013393317349255085
-0.1914455145597458 0.11464298516511917 0.011630170047283173
-0.2627931237220764 0.22451867163181305 0.023333249613642693
-0.337207168340683 0.3358791470527649 0.02051522210240364
-0.4119151532649994 0.4451844394207001 0.004637251142412424
-0.483353853225708 0.5480387806892395 -0.021738022565841675
-0.5482046604156494 0.6403777003288269 -0.05618274584412575
-0.6033439636230469 0.7183930277824402 -0.09643997997045517
-0.6457558274269104 0.7784121036529541 -0.1404300332069397
-0.6724172830581665 0.8167446851730347 -0.18623673915863037
-0.6801512241363525 0.8294900059700012 -0.23207701742649078
-0.6654413938522339 0.8122968077659607 -0.2762565314769745
-0.6241906881332397 0.7600510716438293 -0.31710731983184814
-0.5513951182365417 0.6664580702781677 -0.35290834307670593
-0.44068631529808044 0.523453414440155 -0.38177651166915894
-0.2836589813232422 0.32034021615982056 -0.40151461958885193
-0.0688406378030777 0.04246584698557854 -0.40938663482666016
0.21996915340423584 -0.3309114873409271 -0.40176576375961304
0.6064826250076294 -0.8301998972892761 -0.3735525906085968
-1.1634029150009155 -0.15305450558662415 0.8399926424026489
-0.8305472731590271 0.127794086933136 0.41132253408432007
-0.5625976324081421 0.3490929901599884 0.0753176361322403
-0.34782904386520386 0.5213645100593567 -0.18461409211158752
-0.17719390988349915 0.6527169346809387 -0.3813004195690155
-0.04355475306510925 0.74953693151474 -0.5248902440071106
0.058844517916440964 0.8169665932655334 -0.6236039996147156
0.13475236296653748 0.8592432141304016 -0.6842645406723022
0.18818171322345734 0.8799449801445007 -0.712684690952301
0.22261182963848114 0.8821746110916138 -0.7139576077461243
0.24114245176315308 0.868701696395874 -0.692678689956665
0.246614009141922 0.8420725464820862 -0.6531194448471069
0.24170267581939697 0.8046992421150208 -0.5993676781654358
0.22899772226810455 0.7589331269264221 -0.5354419946670532
0.21106402575969696 0.7071247100830078 -0.4653843343257904
0.19049258530139923 0.6516733169555664 -0.39333575963974
0.16993644833564758 0.5950637459754944 -0.32358989119529724
0.15134760737419128 0.539059042930603 -0.25933727622032166
0.1349700540304184 0.4836260974407196 -0.20100189745426178
0.12082577496767044 0.42850103974342346 -0.14866656064987183
0.10894887149333954 0.3734370768070221 -0.10245399177074432
0.09938333928585052 0.3182041347026825 -0.06252152472734451
0.09218116849660873 0.2625901699066162 -0.029056116938591003
0.0873996913433075 0.20640188455581665 -0.00226780422963202
0.08509895205497742 0.14946593344211578 0.017617544159293175
0.08533871173858643 0.09163184463977814 0.030365953221917152
0.08817512542009354 0.03277423232793808 0.03574460372328758
0.09365719556808472 -0.027204709127545357 0.03353198990225792
0.10182277113199234 -0.0883714035153389 0.023529052734375
0.11269455403089523 -0.15075789391994476 0.005571136716753244
0.12627610564231873 -0.21435974538326263 -0.02045944705605507
0.14254754781723022 -0.27913206815719604 -0.05462057515978813
0.16145645081996918 -0.3449791967868805 -0.09688212722539902
0.18270844221115112 -0.4114094376564026 -0.1465192437171936
0.20571334660053253 -0.4774632155895233 -0.20194894075393677
0.22985690832138062 -0.5421772599220276 -0.26150909066200256
0.25452858209609985 -0.6046274900436401 -0.3235376477241516
0.2791283428668976 -0.6639358401298523 -0.38639262318611145
0.3030731976032257 -0.719275712966919 -0.44847071170806885
0.3258013427257538 -0.7698758244514465 -0.5082206130027771
0.34677499532699585 -0.8150185346603394 -0.5641509890556335
0.3654819130897522 -0.8540396094322205 -0.6148366928100586
0.381435364484787 -0.8863236308097839 -0.658919632434845
0.39417314529418945 -0.9112998247146606 -0.6951073408126831
0.4032551348209381 -0.9284339547157288 -0.7221674919128418
0.4082605540752411 -0.9372225403785706 -0.7389205098152161
0.408783495426178 -0.9371832609176636 -0.7442296147346497
0.40442904829978943 -0.9278466105461121 -0.7369895577430725
0.39482781291007996 -0.9087827801704407 -0.7162274718284607
0.37991416454315186 -0.8801052570343018 -0.6826844215393066
0.35985067486763 -0.8423354029655457 -0.6383804678916931
0.33480075001716614 -0.7959915399551392 -0.5853220820426941
0.30492544174194336 -0.741583526134491 -0.5254768133163452
0.2703867256641388 -0.6796190142631531 -0.4607810080051422
0.23134909570217133 -0.6106052994728088 -0.3931422531604767
0.18798275291919708 -0.5350556969642639 -0.32444435358047485
0.14046548306941986 -0.4534914791584015 -0.25654658675193787
0.08898402750492096 -0.3664439022541046 -0.19128213822841644
0.03373584523797035 -0.2744564414024353 -0.13045494258403778
-0.02506936714053154 -0.17808622121810913 -0.07583470642566681
-0.08720976859331131 -0.07790292799472809 -0.029150385409593582
-0.15244928002357483 0.025509031489491463 0.007917352020740509
-0.22053825855255127 0.13155288994312286 0.033745016902685165
-0.29121312499046326 0.23962043225765228 0.0467766635119915
-0.3639288544654846 0.3487499952316284 0.0458747074007988
-0.43621477484703064 0.4555252194404602 0.03246583417057991
-0.5049381852149963 0.5557154417037964 0.00903236772865057
-0.5671983361244202 0.6454164981842041 -0.022079244256019592
-0.6202754974365234 0.7209722399711609 -0.058690425008535385
-0.6615474224090576 0.7788516283035278 -0.09879392385482788
-0.6883817911148071 0.815494954586029 -0.1405380517244339
-0.6980012655258179 0.8271213173866272 -0.18219460546970367
-0.6873133182525635 0.8094888925552368 -0.22211338579654694
-0.6526896357536316 0.7575833797454834 -0.2586587965488434
-0.5896667242050171 0.6651961803436279 -0.29012802243232727
-0.49252477288246155 0.5243315696716309 -0.3146395683288574
-0.35366448760032654 0.32432711124420166 -0.3299752473831177
-0.16264665126800537 0.05049922689795494 -0.3333447575569153
0.09536721557378769 -0.3180575966835022 -0.3210141062736511
0.44225308299064636 -0.8121958374977112 -0.2876838743686676
-1.1913414001464844 0.005978402215987444 0.846580982208252
-0.8890116810798645 0.24134135246276855 0.41693612933158875
-0.6405410170555115 0.42884787917137146 0.07630915939807892
-0.4372168779373169 0.5760255455970764 -0.1896158754825592
-0.27206796407699585 0.6888921856880188 -0.39233264327049255
-0.1394137591123581 0.7723472714424133 -0.5412501096725464
-0.034539882093667984 0.8304550051689148 -0.6442260146141052
0.04654078185558319 0.8666526079177856 -0.7079611420631409
0.10726787894964218 0.8839080929756165 -0.7382966876029968
0.15067176520824432 0.8848410844802856 -0.7404432892799377
0.1794806718826294 0.8718182444572449 -0.7191622853279114
0.19620688259601593 0.8470292687416077 -0.6789094805717468
0.20321592688560486 0.81255042552948 -0.6239541172981262
0.2027832269668579 0.770394504070282 -0.5584756135940552
0.19714166224002838 0.7225568890571594 -0.4866466820240021
0.18852020800113678 0.6710503697395325 -0.4127004146575928
0.17917315661907196 0.6179342865943909 -0.340980589389801
0.17075905203819275 0.564655601978302 -0.27468159794807434
0.16352839767932892 0.5111851692199707 -0.2141985297203064
0.15754804015159607 0.45730841159820557 -0.15958869457244873
0.1528937965631485 0.40282967686653137 -0.11095676571130753
0.1496494561433792 0.34757229685783386 -0.06844929605722427
0.14790581166744232 0.29138022661209106 -0.032249800860881805
0.14775905013084412 0.2341199815273285 -0.0025726056192070246
0.14930923283100128 0.1756819486618042 0.020344235002994537
0.15265817940235138 0.11598420143127441 0.03624623268842697
0.1579069197177887 0.05497477948665619 0.044871531426906586
0.16515308618545532 -0.007365156430751085 0.04596095159649849
0.17448756098747253 -0.0710175558924675 0.039269160479307175
0.18599088490009308 -0.13592438399791718 0.024576988071203232
0.19972947239875793 -0.20198579132556915 0.0017047827132046223
0.2157515436410904 -0.2690567076206207 -0.029473816975951195
0.23407667875289917 -0.33693864941596985 -0.06900154054164886
0.2544560432434082 -0.40509361028671265 -0.11621364951133728
0.2763061821460724 -0.47258952260017395 -0.1695626676082611
0.29901590943336487 -0.5384916067123413 -0.22741077840328217
0.3219757676124573 -0.6018992066383362 -0.2881084978580475
0.34458449482917786 -0.6619520783424377 -0.3500145673751831
0.36625513434410095 -0.7178372144699097 -0.4115144908428192
0.38641929626464844 -0.7687914371490479 -0.4710344076156616
0.4045301675796509 -0.8141021728515625 -0.5270514488220215
0.4200642704963684 -0.853107213973999 -0.5781009793281555
0.43252187967300415 -0.8851916193962097 -0.6227796673774719
0.4414269030094147 -0.9097846746444702 -0.6597474217414856
0.4463244080543518 -0.9263538122177124 -0.6877230405807495
0.4467791020870209 -0.9343985915184021 -0.705480694770813
0.44237127900123596 -0.933444082736969 -0.7118420004844666
0.43269339203834534 -0.9230328798294067 -0.7056670784950256
0.4173702895641327 -0.9027541875839233 -0.6859584450721741
0.3964003622531891 -0.8727578520774841 -0.6534343361854553
0.3700641989707947 -0.8336146473884583 -0.6100942492485046
0.33864521980285645 -0.785895824432373 -0.5579280853271484
0.30242475867271423 -0.7301663756370544 -0.49888792634010315
0.2616844177246094 -0.6669884920120239 -0.43489211797714233
0.21670646965503693 -0.5969229936599731 -0.36782634258270264
0.16777677834033966 -0.520533561706543 -0.2995463013648987
0.11518526822328568 -0.43838754296302795 -0.23187604546546936
0.059226784855127335 -0.3510575294494629 -0.16660606861114502
0.00020163599401712418 -0.2591215670108795 -0.10549016296863556
-0.06158365681767464 -0.1631644070148468 -0.05024133622646332
-0.1258174031972885 -0.0637756958603859 -0.0025259340181946754
-0.19218133389949799 0.038448505103588104 0.03604162856936455
-0.26035216450691223 0.1429082751274109 0.06390615552663803
-0.3300018906593323 0.2490006983280182 0.07957905530929565
-0.4005745053291321 0.35578998923301697 0.08197197318077087
-0.469915509223938 0.4599795937538147 0.0724487230181694
-0.5353416800498962 0.5574969053268433 0.05338186398148537
-0.5943844318389893 0.6445898413658142 0.027013836428523064
-0.6447389721870422 0.7177453637123108 -0.004571785684674978
-0.6841853857040405 0.773565948009491 -0.03945205360651016
-0.710490882396698 0.8086161613464355 -0.0758475735783577
-0.721287190914154 0.819232165813446 -0.11209011822938919
-0.7139183282852173 0.8012827634811401 -0.1465766429901123
-0.6852424740791321 0.7498592138290405 -0.17770536243915558
-0.6313632726669312 0.658854603767395 -0.2037932276725769
-0.547251284122467 0.5203673243522644 -0.22296173870563507
-0.4261792004108429 0.3238139748573303 -0.2329745590686798
-0.2588479220867157 0.05455294996500015 -0.23099279403686523
-0.03195829316973686 -0.3083650767803192 -0.21318574249744415
0.27422425150871277 -0.7960332632064819 -0.17407314479351044
-1.1998767852783203 0.15218080580234528 0.8498786091804504
-0.9303485155105591 0.3468054533004761 0.424826443195343
-0.7040014266967773 0.5033867955207825 0.08402586728334427
-0.5147150754928589 0.6271576881408691 -0.18453547358512878
-0.3573962152004242 0.7224718332290649 -0.39090272784233093
-0.22774790227413177 0.7930040955543518 -0.5436065793037415
-0.12209147959947586 0.8419020175933838 -0.6500083804130554
-0.037231817841529846 0.8719035983085632 -0.7165655493736267
0.029649144038558006 0.885428786277771 -0.7490414381027222
0.08107710629701614 0.8846521973609924 -0.7526713609695435
0.11935288459062576 0.8715639114379883 -0.7322989702224731
0.1466083824634552 0.8480169773101807 -0.6924877166748047
0.16485270857810974 0.8157691359519958 -0.6376145482063293
0.17601096630096436 0.7765170335769653 -0.5719493627548218
0.18195728957653046 0.7319265604019165 -0.4997241199016571
0.18454353511333466 0.6836589574813843 -0.42519229650497437
0.18562141060829163 0.6333911418914795 -0.35267454385757446
0.18656408786773682 0.5822911858558655 -0.2853211462497711
0.18764543533325195 0.530341625213623 -0.22351114451885223
0.18899258971214294 0.47738006711006165 -0.1672958880662918
0.1907365471124649 0.42326223850250244 -0.11677961051464081
0.19301268458366394 0.36786410212516785 -0.07211403548717499
0.1959609091281891 0.3110837936401367 -0.03349410742521286
0.19972538948059082 0.2528437376022339 -0.0011520207626745105
0.20445410907268524 0.19309324026107788 0.024649182334542274
0.21029776334762573 0.13181215524673462 0.04362228885293007
0.2174084186553955 0.06901412457227707 0.055464647710323334
0.225937619805336 0.004749661311507225 0.05986758694052696
0.23603381216526031 -0.060889750719070435 0.056527409702539444
0.24783937633037567 -0.127768412232399 0.045157741755247116
0.26148736476898193 -0.1957048922777176 0.025503113865852356
0.2770974040031433 -0.2644689083099365 -0.0026464590337127447
0.2947642505168915 -0.3337751626968384 -0.039423227310180664
0.3142819106578827 -0.4030517637729645 -0.08422964811325073
0.3350638151168823 -0.4714023172855377 -0.1355481743812561
0.3564910292625427 -0.5379278659820557 -0.19176025688648224
0.37794432044029236 -0.6017584204673767 -0.2512257993221283
0.3988106846809387 -0.6620596647262573 -0.3123021423816681
0.41848859190940857 -0.7180379033088684 -0.3733619451522827
0.43639299273490906 -0.7689447999000549 -0.4328080415725708
0.4519580006599426 -0.8140779137611389 -0.48908430337905884
0.4646393358707428 -0.8527817726135254 -0.5406845211982727
0.4739151895046234 -0.8844453692436218 -0.5861577987670898
0.47928646206855774 -0.9085010290145874 -0.6241117715835571
0.4802754819393158 -0.9244188666343689 -0.6532112956047058
0.47642436623573303 -0.9317031502723694 -0.6721774339675903
0.46729233860969543 -0.9298858642578125 -0.6797817945480347
0.452452689409256 -0.9185211062431335 -0.67484050989151
0.4315190315246582 -0.8972157835960388 -0.6563198566436768
0.4045584201812744 -0.8661491274833679 -0.6249030232429504
0.3719808757305145 -0.8259316086769104 -0.5825567841529846
0.33420100808143616 -0.7771775126457214 -0.5312436819076538
0.2916303873062134 -0.720496654510498 -0.47289031744003296
0.24467889964580536 -0.656495988368988 -0.40938928723335266
0.19375479221343994 -0.5857798457145691 -0.3425982594490051
0.13926628232002258 -0.508953332901001 -0.2743409276008606
0.08162133395671844 -0.42662104964256287 -0.20640461146831512
0.021227538585662842 -0.33938831090927124 -0.1405375599861145
-0.04150770977139473 -0.2478606104850769 -0.07844625413417816
-0.10617741197347641 -0.15264427661895752 -0.02179161086678505
-0.1723766028881073 -0.054343633353710175 0.027815990149974823
-0.23970147967338562 0.046437110751867294 0.0688205137848854
-0.30775147676467896 0.1490970253944397 0.09972602128982544
-0.37612980604171753 0.2530391216278076 0.11910200864076614
-0.4442656636238098 0.357352614402771 0.1258983612060547
-0.5103260278701782 0.4588615596294403 0.12139266729354858
-0.5720835328102112 0.553650975227356 0.10782377421855927
-0.627504825592041 0.6381186246871948 0.08731183409690857
-0.6747004985809326 0.7088916301727295 0.061831921339035034
-0.7118526101112366 0.762704074382782 0.03321348503232002
-0.7371268272399902 0.7962448000907898 0.0031573118176311255
-0.7485636472702026 0.8059690594673157 -0.026732321828603745
-0.7439457178115845 0.7878634333610535 -0.05490206554532051
-0.7206228375434875 0.7371379137039185 -0.07978597283363342
-0.6752786636352539 0.6478102803230286 -0.09972274303436279
-0.6035957336425781 0.5121095180511475 -0.11284002661705017
-0.49975869059562683 0.31958919763565063 -0.11688873916864395
-0.35567954182624817 0.055743347853422165 -0.1089910939335823
-0.15972420573234558 -0.3002677857875824 -0.08523642271757126
0.10547085851430893 -0.7795205116271973 -0.039993587881326675
-1.1940207481384277 0.28261348605155945 0.8515905141830444
-0.9577714800834656 0.4417669177055359 0.4351608455181122
-0.7548222541809082 0.5708535313606262 0.09764881432056427
-0.5811729431152344 0.6734154224395752 -0.17078223824501038
-0.4333471655845642 0.752532958984375 -0.3787328600883484
-0.308295875787735 0.8109109997749329 -0.5338022708892822
-0.20331811904907227 0.850948691368103 -0.6427797079086304
-0.11599762737751007 0.8747953772544861 -0.7117988467216492
-0.044150952249765396 0.8843979835510254 -0.7464660406112671
0.014216735027730465 0.8815391659736633 -0.7519678473472595
0.06094750016927719 0.8678702116012573 -0.7331618666648865
0.0977623239159584 0.8449389934539795 -0.6946548223495483
0.1262877732515335 0.8142145872116089 -0.6408713459968567
0.14807958900928497 0.7771075367927551 -0.5761142373085022
0.16464370489120483 0.734990119934082 -0.504619836807251
0.17745521664619446 0.6892135739326477 -0.4306088387966156
0.1879742294549942 0.6411212682723999 -0.35832732915878296
0.19730545580387115 0.5916426181793213 -0.29084962606430054
0.2057584971189499 0.5407767295837402 -0.2285487949848175
0.2135307788848877 0.4884112775325775 -0.17148368060588837
0.2208172231912613 0.434452086687088 -0.11976955085992813
0.22781230509281158 0.3788243532180786 -0.07357291132211685
0.23471152782440186 0.32147592306137085 -0.03310774639248848
0.24171249568462372 0.2623801827430725 0.0013696698006242514
0.24901579320430756 0.20153838396072388 0.029566647484898567
0.25682494044303894 0.13898442685604095 0.051160071045160294
0.26534587144851685 0.07478831708431244 0.06580422818660736
0.27478644251823425 0.009059050120413303 0.0731397420167923
0.2853541970252991 -0.05805046856403351 0.07280401140451431
0.2972542643547058 -0.1263408064842224 0.06444303691387177
0.3106866478919983 -0.1955641359090805 0.04772518575191498
0.3258422017097473 -0.2654215097427368 0.022355781868100166
0.34289032220840454 -0.3355585038661957 -0.011889020912349224
0.3616637885570526 -0.4053819179534912 -0.054478712379932404
0.381564736366272 -0.47403568029403687 -0.10392265766859055
0.4019578695297241 -0.5406615138053894 -0.15862078964710236
0.42220568656921387 -0.6044254302978516 -0.2169436514377594
0.44167467951774597 -0.6645228266716003 -0.277249813079834
0.45974040031433105 -0.7201847434043884 -0.33790335059165955
0.47579264640808105 -0.7706819772720337 -0.39728859066963196
0.48923826217651367 -0.8153261542320251 -0.453821063041687
0.4995042383670807 -0.8534715175628662 -0.5059580206871033
0.5060389637947083 -0.8845140933990479 -0.5522047281265259
0.5083128213882446 -0.9078909754753113 -0.5911199450492859
0.5058180093765259 -0.9230760931968689 -0.6213167905807495
0.4980674386024475 -0.9295784831047058 -0.6414633989334106
0.48459288477897644 -0.9269367456436157 -0.6502802968025208
0.4649425745010376 -0.9147148728370667 -0.6465369462966919
0.438713937997818 -0.8925347328186035 -0.6291586756706238
0.40604373812675476 -0.8605997562408447 -0.5987850427627563
0.36747682094573975 -0.8195521235466003 -0.5573391318321228
0.3235637843608856 -0.7700410485267639 -0.5067453384399414
0.27485087513923645 -0.7127125859260559 -0.44889605045318604
0.22188034653663635 -0.6482109427452087 -0.3856506049633026
0.16518931090831757 -0.5771759748458862 -0.3188328146934509
0.10531076788902283 -0.5002465844154358 -0.2502304017543793
0.04277249053120613 -0.418057918548584 -0.18159182369709015
-0.021903682500123978 -0.33124205470085144 -0.11462343484163284
-0.08820237964391708 -0.2404266744852066 -0.05098613351583481
-0.15561546385288239 -0.14623518288135529 0.007707551121711731
-0.22364382445812225 -0.04928377643227577 0.05989799275994301
-0.29179713129997253 0.0498172901570797 0.10408131778240204
-0.35959601402282715 0.1504664570093155 0.13881376385688782
-0.42657262086868286 0.25207188725471497 0.16271549463272095
-0.4921383857727051 0.35374659299850464 0.17476581037044525
-0.5547775030136108 0.452440470457077 0.1761377602815628
-0.6127113699913025 0.5444018840789795 0.1689169853925705
-0.6643329858779907 0.6261820793151855 0.1550866812467575
-0.7081584930419922 0.6945517063140869 0.13650301098823547
-0.742761492729187 0.7463797330856323 0.11489412188529968
-0.7666952610015869 0.7784841656684875 0.09187681972980499
-0.7783995866775513 0.7874476909637451 0.06898754090070724
-0.7760862708091736 0.7693873643875122 0.0477268323302269
-0.757590115070343 0.719652533531189 0.02962135709822178
-0.7201700806617737 0.6324154734611511 0.016306431964039803
-0.6602224111557007 0.5000831484794617 0.009641590528190136
-0.572855532169342 0.31241947412490845 0.01187827531248331
-0.4512220323085785 0.05516854673624039 0.025916127488017082
-0.28541937470436096 -0.2922133803367615 0.05571742355823517
-0.06059235334396362 -0.7604711651802063 0.10701590031385422
-1.1784226894378662 0.3945324420928955 0.8533297777175903
-0.9743422269821167 0.523894727230072 0.4481261670589447
-0.7947877049446106 0.629414439201355 0.11640583723783493
-0.6374089121818542 0.7134431004524231 -0.14972735941410065
-0.5000549554824829 0.7781310081481934 -0.3575248420238495
-0.38074877858161926 0.8254503607749939 -0.5136735439300537
-0.2776676118373871 0.8572182655334473 -0.6243695020675659
-0.18912287056446075 0.8751141428947449 -0.6953818202018738
-0.11354425549507141 0.8806977868080139 -0.7321110367774963
-0.049463704228401184 0.8754239678382874 -0.7396429777145386
0.004497825633734465 0.8606572151184082 -0.7227979898452759
0.04964377358555794 0.8376840353012085 -0.6861773729324341
0.08721370249986649 0.8077255487442017 -0.6342068910598755
0.1183948814868927 0.7719477415084839 -0.5711794495582581
0.14433303475379944 0.7314743399620056 -0.5012974739074707
0.16614322364330292 0.6873952150344849 -0.42871347069740295
0.18491967022418976 0.6407769918441772 -0.35756826400756836
0.20152340829372406 0.5923526287078857 -0.2908426821231842
0.21630728244781494 0.5421388149261475 -0.22890916466712952
0.22954337298870087 0.49006912112236023 -0.17184077203273773
0.2414940595626831 0.4360937178134918 -0.11976834386587143
0.2524156868457794 0.3801810145378113 -0.07287571579217911
0.26256176829338074 0.32232221961021423 -0.03139672055840492
0.2721850872039795 0.26253390312194824 0.004389599431306124
0.2815399169921875 0.2008611112833023 0.03416403755545616
0.2908828854560852 0.1373821198940277 0.05757248029112816
0.3004738390445709 0.07221230864524841 0.07423293590545654
0.3105756640434265 0.005507167428731918 0.08374378085136414
0.321453332901001 -0.06253285706043243 0.08569328486919403
0.33337223529815674 -0.1316596120595932 0.0796709731221199
0.34659597277641296 -0.20157557725906372 0.0652807280421257
0.3613826632499695 -0.2719312608242035 0.04215545952320099
0.3779715299606323 -0.34232211112976074 0.009991453029215336
0.3962290585041046 -0.41214603185653687 -0.030740614980459213
0.4155392050743103 -0.48058921098709106 -0.07857665419578552
0.43524402379989624 -0.5468360185623169 -0.13193751871585846
0.4546814262866974 -0.6100901365280151 -0.1892091929912567
0.47319087386131287 -0.6695795655250549 -0.2487587034702301
0.4901188313961029 -0.7245623469352722 -0.30895018577575684
0.504823625087738 -0.7743306159973145 -0.36815929412841797
0.5166789293289185 -0.8182123899459839 -0.4247840940952301
0.525076687335968 -0.8555738925933838 -0.4772561490535736
0.52942955493927 -0.8858194947242737 -0.5240477919578552
0.5291717648506165 -0.9083918333053589 -0.5636790990829468
0.5237595438957214 -0.9227696061134338 -0.5947201251983643
0.5126713514328003 -0.9284656643867493 -0.61579430103302
0.4954059422016144 -0.9250240921974182 -0.6255772709846497
0.47148171067237854 -0.9120166301727295 -0.6227961182594299
0.4404752850532532 -0.8890773057937622 -0.6063376665115356
0.4025906026363373 -0.8564289212226868 -0.5767931342124939
0.3585059940814972 -0.814739465713501 -0.5360321402549744
0.3089069724082947 -0.7646875381469727 -0.4859321713447571
0.2544727921485901 -0.7069493532180786 -0.42834264039993286
0.1958765983581543 -0.6421999931335449 -0.36508262157440186
0.1337822675704956 -0.5711094737052917 -0.2979360520839691
0.06884561479091644 -0.4943445920944214 -0.22865071892738342
0.001711899763904512 -0.4125667214393616 -0.1589338779449463
-0.0669851079583168 -0.3264300227165222 -0.09044887125492096
-0.13662444055080414 -0.23658131062984467 -0.02481231652200222
-0.20659875869750977 -0.14365848898887634 0.03640931844711304
-0.2763168215751648 -0.04828820750117302 0.09170367568731308
-0.3452030122280121 0.048913490027189255 0.1396140456199646
-0.4126996099948883 0.14734378457069397 0.17874354124069214
-0.4782678484916687 0.24641385674476624 0.2077573984861374
-0.5412983894348145 0.3452592194080353 0.22565770149230957
-0.6005777716636658 0.44096460938453674 0.2334984987974167
-0.6547558903694153 0.5299538969993591 0.2331976741552353
-0.7026309370994568 0.6089414358139038 0.22659017145633698
-0.7431032657623291 0.6748500466346741 0.21540436148643494
-0.7751169800758362 0.7246922850608826 0.20126090943813324
-0.7975928783416748 0.755425751209259 0.1856875866651535
-0.8093495965003967 0.7637742757797241 0.17014849185943604
-0.8090074062347412 0.7460036873817444 0.15608663856983185
-0.7948660850524902 0.6976296305656433 0.14498381316661835
-0.7647384405136108 0.6130175590515137 0.13844139873981476
-0.7157140970230103 0.4848102331161499 0.13829462230205536
-0.6438051462173462 0.30306872725486755 0.1467795968055725
-0.5433902740478516 0.0539235919713974 0.1667904108762741
-0.40629613399505615 -0.2826540172100067 0.2022969126701355
-0.22020646929740906 -0.7367100119590759 0.2590622305870056
-1.1574220657348633 0.4852781295776367 0.8566448092460632
-0.9829843640327454 0.5908897519111633 0.4639367461204529
-0.8256250619888306 0.6772313117980957 0.13957063853740692
-0.6842110753059387 0.7458625435829163 -0.12270954996347427
-0.5576208829879761 0.7982940077781677 -0.32896989583969116
-0.44475287199020386 0.835981011390686 -0.48506513237953186
-0.3445312976837158 0.8603179454803467 -0.5966268181800842
-0.2559109628200531 0.8726364970207214 -0.6690579652786255
-0.17788054049015045 0.8742040991783142 -0.707534909248352
-0.1094634085893631 0.8662245273590088 -0.7170156240463257
-0.049719128757715225 0.8498396277427673 -0.7022518515586853
0.002257973188534379 0.8261314630508423 -0.6678075194358826
0.047339875251054764 0.7961268424987793 -0.6180799603462219
0.08636746555566788 0.7608003616333008 -0.5573254227638245
0.12015337496995926 0.7210808992385864 -0.4896896183490753
0.1494862288236618 0.6778563857078552 -0.4192408621311188
0.1751345843076706 0.6319789886474609 -0.35000279545783997
0.19774815440177917 0.5840309262275696 -0.284857839345932
0.2177252620458603 0.5340448617935181 -0.22417737543582916
0.23541054129600525 0.4819910526275635 -0.16804727911949158
0.2511318624019623 0.42785516381263733 -0.11661083251237869
0.26520565152168274 0.3716403543949127 -0.07006441801786423
0.2779410183429718 0.3133716881275177 -0.028654856607317924
0.2896437346935272 0.2530989348888397 0.007324707228690386
0.3006187975406647 0.19090037047863007 0.037539348006248474
0.3111729621887207 0.1268872171640396 0.06161687895655632
0.321615993976593 0.06120751053094864 0.07915422320365906
0.332261323928833 -0.005950661841779947 0.08972472697496414
0.34342601895332336 -0.07435446977615356 0.0928870216012001
0.3554295599460602 -0.1437237560749054 0.08819543570280075
0.36859187483787537 -0.21372941136360168 0.07521243393421173
0.38323041796684265 -0.28399085998535156 0.053522512316703796
0.39964577555656433 -0.354074090719223 0.022766582667827606
0.4177302420139313 -0.42337942123413086 -0.016630955040454865
0.4368455111980438 -0.4911351799964905 -0.06323462724685669
0.45630645751953125 -0.5565671920776367 -0.11549180001020432
0.4754220247268677 -0.6189161539077759 -0.17181216180324554
0.493500679731369 -0.6774424314498901 -0.23058167099952698
0.5098558068275452 -0.7314311861991882 -0.2901773452758789
0.5238103270530701 -0.7801961898803711 -0.3489803075790405
0.534700870513916 -0.8230826258659363 -0.40538710355758667
0.5418807864189148 -0.8594689965248108 -0.45781993865966797
0.5447229146957397 -0.8887683153152466 -0.504734992980957
0.5426215529441833 -0.9104287624359131 -0.5446298718452454
0.5349933505058289 -0.9239328503608704 -0.5760480761528015
0.521277904510498 -0.9287965297698975 -0.5975828170776367
0.500937819480896 -0.9245674014091492 -0.6078787446022034
0.4734571576118469 -0.9108219146728516 -0.6056322455406189
0.4383881390094757 -0.8872024416923523 -0.5897010564804077
0.3959955871105194 -0.8539478778839111 -0.5606275796890259
0.3470836579799652 -0.8117492198944092 -0.5202203392982483
0.2924647033214569 -0.7613099813461304 -0.4703018367290497
0.23294411599636078 -0.7033336162567139 -0.4126712679862976
0.16931797564029694 -0.638521671295166 -0.3491004407405853
0.10237018018960953 -0.5675706267356873 -0.28132790327072144
0.03287224844098091 -0.49117225408554077 -0.21105696260929108
-0.038419611752033234 -0.4100102484226227 -0.13995052874088287
-0.11076603084802628 -0.32475948333740234 -0.0696277767419815
-0.18344609439373016 -0.23608364164829254 -0.0016605278942734003
-0.2557586133480072 -0.14463463425636292 0.06242973357439041
-0.32702454924583435 -0.05104948952794075 0.12117531895637512
-0.3965867757797241 0.04404885694384575 0.17316380143165588
-0.4638122618198395 0.14005424082279205 0.21704131364822388
-0.5280928015708923 0.2363780289888382 0.2515140771865845
-0.5887961983680725 0.33217644691467285 0.2756021022796631
-0.6449862122535706 0.4246825873851776 0.29023054242134094
-0.6957057118415833 0.5105134844779968 0.297139048576355
-0.7401236891746521 0.5865620970726013 0.2980060279369354
-0.7774922847747803 0.6499173045158386 0.2944255471229553
-0.8070942163467407 0.6977495551109314 0.28790509700775146
-0.8281866312026978 0.7271715998649597 0.27987825870513916
-0.8399353623390198 0.7350667715072632 0.27173125743865967
-0.8413378596305847 0.7178748846054077 0.2648429870605469
-0.8311232328414917 0.671310305595398 0.2606414556503296
-0.807620108127594 0.589978814125061 0.2606818675994873
-0.7685664892196655 0.4668264091014862 0.26675742864608765
-0.710825502872467 0.2923123836517334 0.28106266260147095
-0.629938542842865 0.05310884118080139 0.30644625425338745
-0.5193851590156555 -0.2700503468513489 0.3468230664730072
-0.3693002760410309 -0.7060971856117249 0.4078837037086487
-1.1351149082183838 0.552161693572998 0.8630514740943909
-0.9865044951438904 0.6404241919517517 0.48284122347831726
-0.8490096926689148 0.7124322652816772 0.16646097600460052
-0.7223370671272278 0.7692603468894958 -0.0910407230257988
-0.6061158776283264 0.8120200634002686 -0.2947578430175781
-0.49991321563720703 0.8418383002281189 -0.449842244386673
-0.4032488167285919 0.8598393797874451 -0.5614349842071533
-0.3156076669692993 0.8671305775642395 -0.6346098184585571
-0.23645180463790894 0.8647900819778442 -0.6743324398994446
-0.16522952914237976 0.8538579344749451 -0.6854321360588074
-0.10138408094644547 0.8353309035301208 -0.672583281993866
-0.044359657913446426 0.8101575374603271 -0.6403008103370667
0.0063932412303984165 0.7792362570762634 -0.5929413437843323
0.05141419917345047 0.743415355682373 -0.5347155332565308
0.09123003482818604 0.703494668006897 -0.4697078764438629
0.12635363638401031 0.6602270603179932 -0.40190330147743225
0.15728341042995453 0.6143215894699097 -0.33521589636802673
0.18449707329273224 0.5662593245506287 -0.2724357843399048
0.20843495428562164 0.5160825848579407 -0.21392583847045898
0.22950561344623566 0.46378573775291443 -0.159774050116539
0.2480945587158203 0.4093778431415558 -0.11012443900108337
0.26457101106643677 0.35288453102111816 -0.06517287343740463
0.27929285168647766 0.2943524122238159 -0.025164470076560974
0.29261189699172974 0.2338522970676422 0.009610073640942574
0.30487728118896484 0.17148253321647644 0.03881866857409477
0.3164384067058563 0.10737350583076477 0.06209186464548111
0.3276473879814148 0.04169143736362457 0.07902872562408447
0.33886000514030457 -0.02535873092710972 0.0892033651471138
0.3504362106323242 -0.09352877736091614 0.09217297285795212
0.3627394735813141 -0.16252467036247253 0.08748743683099747
0.3761351704597473 -0.23200517892837524 0.07470076531171799
0.39098790287971497 -0.30157965421676636 0.05338378995656967
0.4076465368270874 -0.37080618739128113 0.023157859221100807
0.4260205328464508 -0.43909892439842224 -0.015579981729388237
0.4454458951950073 -0.505725085735321 -0.06142745912075043
0.4652080833911896 -0.5699480772018433 -0.11286742240190506
0.48458486795425415 -0.6310425400733948 -0.16834451258182526
0.5028517842292786 -0.6882984638214111 -0.22627758979797363
0.5192874073982239 -0.7410259246826172 -0.28507256507873535
0.53317791223526 -0.7885589003562927 -0.34313470125198364
0.5438213348388672 -0.8302580118179321 -0.3988785743713379
0.5505308508872986 -0.865513026714325 -0.45073840022087097
0.5526383519172668 -0.8937444686889648 -0.49717622995376587
0.5494964718818665 -0.9144049882888794 -0.5366900563240051
0.5404805541038513 -0.9269792437553406 -0.5678185224533081
0.5249897241592407 -0.9309841394424438 -0.5891464948654175
0.5024474263191223 -0.9259677529335022 -0.5993078351020813
0.47230207920074463 -0.9115084409713745 -0.5969879031181335
0.43407756090164185 -0.8872519731521606 -0.5810315012931824
0.38809046149253845 -0.8534514307975769 -0.5519360899925232
0.3352564871311188 -0.8108198642730713 -0.5114436149597168
0.2765010893344879 -0.7600852847099304 -0.46131545305252075
0.2127417027950287 -0.7019761204719543 -0.40329375863075256
0.1448846310377121 -0.6372190713882446 -0.33909711241722107
0.0738210380077362 -0.5665351152420044 -0.2704130709171295
0.0004261360736563802 -0.49063950777053833 -0.19889582693576813
-0.07444395124912262 -0.4102378189563751 -0.12616059184074402
-0.14995475113391876 -0.32602426409721375 -0.05377967655658722
-0.22529488801956177 -0.23868003487586975 0.01672113873064518
-0.29967787861824036 -0.14887158572673798 0.0838651955127716
-0.3723445236682892 -0.057247843593358994 0.1462288796901703
-0.4425625205039978 0.03555906563997269 0.20244234800338745
-0.5096288919448853 0.1289365440607071 0.2511923909187317
-0.572870135307312 0.22229211032390594 0.29122358560562134
-0.6316298842430115 0.3148009777069092 0.32157090306282043
-0.6852121949195862 0.4038618505001068 0.3430249094963074
-0.7330025434494019 0.4863082468509674 0.3571409583091736
-0.7744935750961304 0.5592328310012817 0.3654356896877289
-0.8092435598373413 0.6199100017547607 0.36936435103416443
-0.8368304371833801 0.6656870245933533 0.37031620740890503
-0.8568056225776672 0.6938526034355164 0.36962512135505676
-0.8686398863792419 0.7014739513397217 0.3685927093029022
-0.871662437915802 0.6851943731307983 0.3685246706008911
-0.8649826049804688 0.640966534614563 0.37078312039375305
-0.8473876714706421 0.5636906027793884 0.3768599033355713
-0.8171948790550232 0.4466928243637085 0.38848188519477844
-0.7720311284065247 0.28094297647476196 0.4077666699886322
-0.7084866762161255 0.053826119750738144 0.43746453523635864
-0.6215409636497498 -0.25289079546928406 0.48135408759117126
-0.5035675764083862 -0.6665778756141663 0.5449226498603821
-1.1142914295196533 0.5939570665359497 0.873346209526062
-0.9869484305381775 0.6712634563446045 0.5048046708106995
-0.8662610054016113 0.73392254114151 0.19639207422733307
-0.752473771572113 0.7827474474906921 -0.05586975812911987
-0.6457242965698242 0.8186381459236145 -0.25633201003074646
-0.5460538268089294 0.8425524234771729 -0.40959861874580383
-0.4534200429916382 0.8554800152778625 -0.5204207897186279
-0.3677104413509369 0.8584216237068176 -0.5936059951782227
-0.2887549102306366 0.8523696660995483 -0.633945882320404
-0.21633721888065338 0.8382936120033264 -0.6461595296859741
-0.1502068042755127 0.8171289563179016 -0.6348534226417542
-0.09008806198835373 0.7897687554359436 -0.6044960021972656
-0.03568923845887184 0.7570580840110779 -0.5594056844711304
0.013290192000567913 0.7197909355163574 -0.5037511587142944
0.057152822613716125 0.6787089705467224 -0.4415632486343384
0.09619829058647156 0.6345027089118958 -0.37675657868385315
0.13071921467781067 0.5878122448921204 -0.3131556212902069
0.16106432676315308 0.5390673279762268 -0.25347086787223816
0.1877073347568512 0.4883117079734802 -0.19804297387599945
0.21110665798187256 0.43554824590682983 -0.14694450795650482
0.23169288039207458 0.3807946741580963 -0.10030204057693481
0.24987636506557465 0.3240848183631897 -0.05829179286956787
0.2660532295703888 0.2654728591442108 -0.021137094125151634
0.28061091899871826 0.2050366997718811 0.010895492509007454
0.2939324378967285 0.14288032054901123 0.03750017657876015
0.3063998818397522 0.07913843542337418 0.0583358071744442
0.31839698553085327 0.013979793526232243 0.07303125411272049
0.33031073212623596 -0.05239017680287361 0.08119159936904907
0.3425321877002716 -0.119725301861763 0.08240534365177155
0.35545608401298523 -0.1877361685037613 0.07625313848257065
0.36947962641716003 -0.2560891807079315 0.062318090349435806
0.3849998116493225 -0.324404239654541 0.04019736498594284
0.4023981988430023 -0.3922533094882965 0.009533582255244255
0.4215914011001587 -0.4590745270252228 -0.02928224205970764
0.4418882131576538 -0.5241690874099731 -0.07488813996315002
0.46254369616508484 -0.5868325233459473 -0.1258130967617035
0.48280438780784607 -0.6463684439659119 -0.1805499643087387
0.5019128322601318 -0.702092170715332 -0.23756584525108337
0.5191130042076111 -0.7533349394798279 -0.2953135371208191
0.5336549282073975 -0.7994480133056641 -0.3522421717643738
0.5447985529899597 -0.8398048281669617 -0.40680620074272156
0.5518179535865784 -0.8738041520118713 -0.4574752449989319
0.5540045499801636 -0.9008718132972717 -0.502741813659668
0.5506699681282043 -0.920462965965271 -0.5411293506622314
0.5411483645439148 -0.9320623874664307 -0.571197509765625
0.5247983932495117 -0.9351850152015686 -0.5915478467941284
0.5010042190551758 -0.9293765425682068 -0.600828230381012
0.46917662024497986 -0.914212703704834 -0.5977358818054199
0.42880985140800476 -0.8893386125564575 -0.5811240673065186
0.38026028871536255 -0.8550199866294861 -0.551452100276947
0.3245364725589752 -0.8119931221008301 -0.5103917121887207
0.26265886425971985 -0.7610105872154236 -0.45963799953460693
0.1956390142440796 -0.7028257250785828 -0.4008709788322449
0.12447618693113327 -0.638190507888794 -0.3357502818107605
0.05015237256884575 -0.5678503513336182 -0.2659074664115906
-0.026368794962763786 -0.492543488740921 -0.19294296205043793
-0.10414605587720871 -0.41299742460250854 -0.11842028051614761
-0.18226291239261627 -0.329926997423172 -0.043862055987119675
-0.2598298490047455 -0.24403157830238342 0.02925381436944008
-0.3359858989715576 -0.15599413216114044 0.09949701279401779
-0.4099012017250061 -0.06647801399230957 0.16548790037631989
-0.4807768166065216 0.023872362449765205 0.22589875757694244
-0.5478465557098389 0.11443410813808441 0.27945587038993835
-0.6103776097297668 0.20460635423660278 0.32494083046913147
-0.6676879525184631 0.2935810387134552 0.3614017367362976
-0.7192785143852234 0.3789413571357727 0.3894927203655243
-0.764818012714386 0.45776376128196716 0.4105825424194336
-0.8040658235549927 0.5273641347885132 0.4260236620903015
-0.8368332386016846 0.5852243900299072 0.4371287226676941
-0.862943708896637 0.6288914680480957 0.4451647996902466
-0.8821930885314941 0.6558530330657959 0.45136019587516785
-0.8943073749542236 0.6633872389793396 0.4569240212440491
-0.8988944292068481 0.6483731865882874 0.4630780518054962
-0.8953850865364075 0.6070444583892822 0.4711037874221802
-0.8829550743103027 0.5346514582633972 0.48240917921066284
-0.8604148626327515 0.4249790906906128 0.49862614274024963
-0.8260434865951538 0.2696211636066437 0.5217538475990295
-0.7773298621177673 0.056845419108867645 0.5543839335441589
-0.7105430364608765 -0.23028303682804108 0.6000668406486511
-0.6199886798858643 -0.6171398758888245 0.6639416813850403
-1.095131516456604 0.6127489805221558 0.8867394924163818
-0.9847956299781799 0.6846673488616943 0.5290951728820801
-0.8779560327529907 0.7424072623252869 0.22860366106033325
-0.7751800417900085 0.7866688370704651 -0.018017519265413284
-0.6769263744354248 0.8182727098464966 -0.214578315615654
-0.5835499167442322 0.8381271958351135 -0.3652765452861786
-0.49530866742134094 0.847196102142334 -0.4745692312717438
-0.412373423576355 0.8464714288711548 -0.5470595955848694
-0.3348383903503418 0.8369501233100891 -0.5874026417732239
-0.26273229718208313 0.819614052772522 -0.6002281904220581
-0.1960298866033554 0.7954152822494507 -0.590084433555603
-0.1346624195575714 0.7652639746665955 -0.5613983869552612
-0.07852824777364731 0.7300209403038025 -0.518452525138855
-0.027502214536070824 0.6904926300048828 -0.4653775095939636
0.018555354326963425 0.6474289894104004 -0.406157910823822
0.05979112163186073 0.6015231013298035 -0.3446498513221741
0.09635210037231445 0.5534123182296753 -0.2846055030822754
0.128496453166008 0.5035192966461182 -0.22866666316986084
0.15672005712985992 0.4518800377845764 -0.17713704705238342
0.18151544034481049 0.39849117398262024 -0.13005559146404266
0.20334407687187195 0.3433646857738495 -0.08751323819160461
0.22264464199543 0.2865290939807892 -0.0496479868888855
0.23983952403068542 0.22803325951099396 -0.016641948372125626
0.2553405463695526 0.16794857382774353 0.011282786726951599
0.26955369114875793 0.10637157410383224 0.03386829420924187
0.28288280963897705 0.043427810072898865 0.05082474276423454
0.29573214054107666 -0.020725447684526443 0.06183556094765663
0.30850866436958313 -0.08589700609445572 0.06656330078840256
0.32162246108055115 -0.15185795724391937 0.06465614587068558
0.3354870676994324 -0.21833963692188263 0.055756013840436935
0.35051801800727844 -0.28503310680389404 0.03950745239853859
0.3671305179595947 -0.3515866696834564 0.01556805893778801
0.3857240080833435 -0.4176044166088104 -0.016362903639674187
0.4062132239341736 -0.482557088136673 -0.055882979184389114
0.4278791546821594 -0.5457746982574463 -0.1016775444149971
0.4499472379684448 -0.6065795421600342 -0.15233205258846283
0.4716333746910095 -0.6642996668815613 -0.20639963448047638
0.4921484589576721 -0.7182711362838745 -0.2624092698097229
0.5107036828994751 -0.7678431272506714 -0.3188762962818146
0.5265147089958191 -0.8123809695243835 -0.3743109405040741
0.5388056635856628 -0.8512683510780334 -0.42722684144973755
0.546813428401947 -0.8839111328125 -0.4761494994163513
0.549791157245636 -0.9097386598587036 -0.5196234583854675
0.5470112562179565 -0.9282066822052002 -0.556220293045044
0.5377684831619263 -0.9387978911399841 -0.5845434069633484
0.521381676197052 -0.9410231709480286 -0.6032343506813049
0.497196227312088 -0.93442302942276 -0.610977292060852
0.464585542678833 -0.9185673594474792 -0.6065031290054321
0.42301201820373535 -0.8930960893630981 -0.5886926651000977
0.37286046147346497 -0.858286440372467 -0.5579742789268494
0.3152138888835907 -0.8148984313011169 -0.5159468650817871
0.2511688470840454 -0.7637093663215637 -0.4642349183559418
0.18181298673152924 -0.7054976224899292 -0.4044516980648041
0.10822121053934097 -0.6410394906997681 -0.338192880153656
0.03144993633031845 -0.5711045265197754 -0.2670292258262634
-0.04746435955166817 -0.4964542090892792 -0.19250324368476868
-0.12750926613807678 -0.4178384244441986 -0.1161230280995369
-0.2076994627714157 -0.3359927237033844 -0.0393584668636322
-0.28707876801490784 -0.2516363859176636 0.03636280447244644
-0.3647220730781555 -0.16547052562236786 0.10965779423713684
-0.4397379755973816 -0.07817558944225311 0.1791919320821762
-0.5112683773040771 0.009588610380887985 0.24367931485176086
-0.5784906148910522 0.09718498587608337 0.30188554525375366
-0.6406176686286926 0.18399983644485474 0.3526279926300049
-0.6969402432441711 0.2692393362522125 0.39496707916259766
-0.7471151351928711 0.3506871163845062 0.4294203221797943
-0.7910374999046326 0.42568501830101013 0.4571695923805237
-0.8286809325218201 0.49179309606552124 0.4794015884399414
-0.860060453414917 0.5467213988304138 0.49728405475616455
-0.8851972222328186 0.5882359147071838 0.5119574666023254
-0.9040860533714294 0.6140452027320862 0.5245387554168701
-0.916660726070404 0.6216624975204468 0.5361364483833313
-0.9227580428123474 0.6082322597503662 0.5478774905204773
-0.9220734238624573 0.570304811000824 0.5609477758407593
-0.9141041040420532 0.503529965877533 0.5766515135765076
-0.8980681896209717 0.40221667289733887 0.5964972376823425
-0.8727863430976868 0.25867679715156555 0.6223272681236267
-0.8364933133125305 0.06219790130853653 0.6565178036689758
-0.786529541015625 -0.20264679193496704 0.7023074626922607
-0.7188076376914978 -0.5589027404785156 0.7643576264381409
-1.077505111694336 0.6107505559921265 0.9022590517997742
-0.980293333530426 0.6820675134658813 0.5548881888389587
-0.8845351934432983 0.7387560606002808 0.2623162865638733
-0.7909663915634155 0.7815023064613342 0.021726427599787712
-0.7002243995666504 0.8111433386802673 -0.17032285034656525
-0.6128463745117188 0.8286275863647461 -0.31774795055389404
-0.52927166223526 0.8349785804748535 -0.4247985780239105
-0.44984668493270874 0.8312612771987915 -0.49593067169189453
-0.3748326897621155 0.8185532093048096 -0.5356970429420471
-0.3044149875640869 0.7979210615158081 -0.5486578941345215
-0.23871392011642456 0.7704012989997864 -0.5393125414848328
-0.17779487371444702 0.7369863390922546 -0.512050211429596
-0.12167952209711075 0.6986145377159119 -0.4711199104785919
-0.07035577297210693 0.6561644673347473 -0.4206167459487915
-0.023788105696439743 0.6104522347450256 -0.3644842207431793
0.018073447048664093 0.5622316002845764 -0.30652981996536255
0.05528542026877403 0.5121946930885315 -0.25044769048690796
0.08804913610219955 0.4607943296432495 -0.19881881773471832
0.11687024682760239 0.40805044770240784 -0.15189503133296967
0.14225870370864868 0.3539396822452545 -0.10966432094573975
0.1646920144557953 0.29845529794692993 -0.0721643790602684
0.18462379276752472 0.24160824716091156 -0.03947753459215164
0.20249015092849731 0.1834297776222229 -0.011726769618690014
0.21871556341648102 0.12397313863039017 0.010928749106824398
0.23371770977973938 0.06331563740968704 0.028298070654273033
0.24791094660758972 0.0015616108430549502 0.04016275331377983
0.2617090344429016 -0.061155516654253006 0.046281926333904266
0.27552735805511475 -0.12467110902070999 0.046397801488637924
0.2897835671901703 -0.18878671526908875 0.04024196416139603
0.3048974275588989 -0.2532680332660675 0.02754233591258526
0.32129010558128357 -0.3178446292877197 0.008031196892261505
0.33938178420066833 -0.3822079598903656 -0.018545830622315407
0.35957568883895874 -0.4460093379020691 -0.052404504269361496
0.3817766606807709 -0.5087583065032959 -0.09311750531196594
0.40523847937583923 -0.5698093771934509 -0.13942527770996094
0.42915794253349304 -0.6285064220428467 -0.1899794489145279
0.45272231101989746 -0.6841971278190613 -0.2434040904045105
0.4751133620738983 -0.7362349033355713 -0.2983025312423706
0.4955117702484131 -0.7839834094047546 -0.3532656729221344
0.5131018757820129 -0.8268193006515503 -0.40688011050224304
0.5270751118659973 -0.8641347289085388 -0.45773449540138245
0.5366345047950745 -0.8953405022621155 -0.5044278502464294
0.5409979224205017 -0.9198680520057678 -0.5455752611160278
0.539401650428772 -0.9371720552444458 -0.5798152089118958
0.5311031341552734 -0.9467315077781677 -0.605815052986145
0.5153841972351074 -0.9480520486831665 -0.6222760081291199
0.4915526807308197 -0.9406660795211792 -0.6279380917549133
0.458945095539093 -0.9241348505020142 -0.6215845346450806
0.4169910252094269 -0.8980901837348938 -0.6021410226821899
0.3660932183265686 -0.8628187775611877 -0.5700112581253052
0.3073912560939789 -0.8191047310829163 -0.5267185568809509
0.24204012751579285 -0.767749547958374 -0.4738137423992157
0.17118628323078156 -0.7095555067062378 -0.41283857822418213
0.09596361964941025 -0.6453232765197754 -0.3453209400177002
0.017487287521362305 -0.57584547996521 -0.2727663218975067
-0.06314786523580551 -0.5019067525863647 -0.19665507972240448
-0.1448718011379242 -0.4242790639400482 -0.11843634396791458
-0.22664238512516022 -0.34371984004974365 -0.03952431306242943
-0.30744773149490356 -0.26096898317337036 0.03870588168501854
-0.38630813360214233 -0.17674793303012848 0.11492035537958145
-0.46227866411209106 -0.09175633639097214 0.1878303438425064
-0.5344491004943848 -0.006672625429928303 0.2561924159526825
-0.6019459962844849 0.07784835994243622 0.3188111186027527
-0.6639325618743896 0.16117580235004425 0.37453919649124146
-0.7196714282035828 0.24252742528915405 0.4224492311477661
-0.7689372897148132 0.31989964842796326 0.4629233777523041
-0.8118017911911011 0.3909180760383606 0.4969578683376312
-0.848404586315155 0.4534044861793518 0.5255734324455261
-0.8789196014404297 0.5053136944770813 0.5497908592224121
-0.903523862361908 0.5446485877037048 0.5706205368041992
-0.9223690629005432 0.5693573951721191 0.5890623927116394
-0.9355549216270447 0.5772092342376709 0.6061168909072876
-0.943101704120636 0.5656384229660034 0.6228055953979492
-0.9449169635772705 0.5315428972244263 0.6402052640914917
-0.9407569766044617 0.4710098206996918 0.6594974994659424
-0.9301695823669434 0.3789244294166565 0.6820431351661682
-0.9124113917350769 0.24838709831237793 0.7094929814338684
-0.8863186240196228 0.06980575621128082 0.7439603805541992
-0.8500936627388 -0.17058958113193512 0.7883023619651794
-0.8009400367736816 -0.4932860732078552 0.8465983867645264
-1.0613185167312622 0.5899025201797485 0.9189445376396179
-0.9736712574958801 0.6647530198097229 0.5813477039337158
-0.8864065408706665 0.7237696647644043 0.29673123359680176
-0.8003160357475281 0.7676963806152344 0.06255089491605759
-0.7161045670509338 0.7974579334259033 -0.12441448122262955
-0.6343836188316345 0.814114511013031 -0.2679094076156616
-0.5556698441505432 0.8188180327415466 -0.37205350399017334
-0.4803875684738159 0.8127734065055847 -0.4412064552307129
-0.40887418389320374 0.7972028851509094 -0.47985053062438965
-0.34138810634613037 0.7733194828033447 -0.49249428510665894
-0.2781178653240204 0.7423030734062195 -0.48359641432762146
-0.2191924899816513 0.7052842974662781 -0.4575120806694031
-0.1646919995546341 0.6633331179618835 -0.41845810413360596
-0.11465749144554138 0.6174522638320923 -0.3704962432384491
-0.06910182535648346 0.5685746073722839 -0.31753358244895935
-0.028018856421113014 0.5175639986991882 -0.26333627104759216
0.008608086034655571 0.4652172923088074 -0.21155230700969696
0.04095356911420822 0.4120495617389679 -0.16470736265182495
0.06951996684074402 0.3580567240715027 -0.12298716604709625
0.09481775015592575 0.30318334698677063 -0.08631149679422379
0.11732539534568787 0.2473924607038498 -0.054648298770189285
0.13749760389328003 0.19066640734672546 -0.028007619082927704
0.15577144920825958 0.13300807774066925 -0.006436821073293686
0.17257210612297058 0.0744423046708107 0.009984537027776241
0.188317209482193 0.015016519464552402 0.0211495254188776
0.20342035591602325 -0.045196570456027985 0.02692846581339836
0.21829360723495483 -0.10609765350818634 0.02717411331832409
0.23334933817386627 -0.16755962371826172 0.021726902574300766
0.2490009367465973 -0.2294250875711441 0.01042089518159628
0.26566287875175476 -0.29150527715682983 -0.006909961812198162
0.28374963998794556 -0.3535797894001007 -0.030424971133470535
0.3036733567714691 -0.41539469361305237 -0.06026909127831459
0.32582834362983704 -0.47666019201278687 -0.09655113518238068
0.35010239481925964 -0.5369296073913574 -0.13880975544452667
0.375722736120224 -0.5955770611763 -0.18584831058979034
0.40185996890068054 -0.651963472366333 -0.23639419674873352
0.42767494916915894 -0.7054522037506104 -0.2891525626182556
0.45232316851615906 -0.7554107904434204 -0.3428118824958801
0.4749583601951599 -0.8012139201164246 -0.3960505723953247
0.4947371780872345 -0.8422478437423706 -0.4475441873073578
0.5108222365379333 -0.8779105544090271 -0.49597030878067017
0.5223867297172546 -0.9076167941093445 -0.5400157570838928
0.5286172032356262 -0.9307985901832581 -0.5783817768096924
0.5287176966667175 -0.9469085335731506 -0.609790563583374
0.5219122171401978 -0.9554212093353271 -0.6329891085624695
0.5074481964111328 -0.9558346271514893 -0.6467552781105042
0.4845985174179077 -0.9476727247238159 -0.6499016880989075
0.4526640772819519 -0.9304848313331604 -0.6412797570228577
0.41104209423065186 -0.9038922190666199 -0.6198747754096985
0.36014342308044434 -0.8681895732879639 -0.5860708951950073
0.3011478781700134 -0.8241840600967407 -0.5413138270378113
0.2352524697780609 -0.7727007269859314 -0.48707738518714905
0.16364642977714539 -0.7145654559135437 -0.4248286783695221
0.08750717341899872 -0.6506008505821228 -0.35602301359176636
0.00799390859901905 -0.5816227197647095 -0.2820969223976135
-0.0737537071108818 -0.508437991142273 -0.2044648379087448
-0.156620591878891 -0.43184104561805725 -0.12451358884572983
-0.2395191788673401 -0.3526110053062439 -0.043598614633083344
-0.32139161229133606 -0.2715098261833191 0.036959681659936905
-0.4012124836444855 -0.189280703663826 0.1158783957362175
-0.477990984916687 -0.10664483159780502 0.19191573560237885
-0.5507710576057434 -0.024301979690790176 0.2638714015483856
-0.6186336278915405 0.05707167461514473 0.3305889964103699
-0.6806966066360474 0.1368243396282196 0.3909570872783661
-0.7361933588981628 0.21418258547782898 0.44405996799468994
-0.7849840521812439 0.2873644530773163 0.49014773964881897
-0.8272707462310791 0.3542933762073517 0.5300338268280029
-0.8633179068565369 0.4130667448043823 0.5645737051963806
-0.8934186697006226 0.46189844608306885 0.5946402549743652
-0.9178683161735535 0.4990430772304535 0.6211112141609192
-0.9369385242462158 0.5227040648460388 0.6448649764060974
-0.9508572220802307 0.5309237837791443 0.6667869091033936
-0.9597862958908081 0.5214466452598572 0.6877840161323547
-0.9638000130653381 0.49154195189476013 0.7088118195533752
-0.9628570675849915 0.4377637505531311 0.7309141159057617
-0.9567626714706421 0.35561034083366394 0.7552828788757324
-0.9451150298118591 0.23901920020580292 0.7833502292633057
-0.9272189140319824 0.07958400249481201 0.8169288635253906
-0.9019474983215332 -0.1347191333770752 0.8584428429603577
-0.8675026297569275 -0.4216931462287903 0.9113147854804993
-1.0465095043182373 0.5519564151763916 0.9358229041099548
-0.9651490449905396 0.6339144110679626 0.6076117753982544
-0.8839563727378845 0.6982024312019348 0.33102068305015564
-0.803694486618042 0.7456802129745483 0.10361611843109131
-0.7250453233718872 0.7774189114570618 -0.0777299776673317
-0.6486029624938965 0.7946484088897705 -0.21668514609336853
-0.5748701691627502 0.7987060546875 -0.31730613112449646
-0.5042613744735718 0.7909914255142212 -0.38390159606933594
-0.4371063709259033 0.7729255557060242 -0.4209114611148834
-0.3736577033996582 0.7459181547164917 -0.4328077733516693
-0.31409958004951477 0.7113414406776428 -0.4240166246891022
-0.25855737924575806 0.6705118417739868 -0.3988621234893799
-0.20710760354995728 0.6246762275695801 -0.36153021454811096
-0.15978771448135376 0.5750054717063904 -0.3160511553287506
-0.11660629510879517 0.5225919485092163 -0.26629894971847534
-0.07755168527364731 0.4684518873691559 -0.21600520610809326
-0.04260017350316048 0.4135286211967468 -0.16878117620944977
-0.011576799675822258 0.3584263026714325 -0.12710122764110565
0.016004512086510658 0.30311089754104614 -0.09107068926095963
0.04063798859715462 0.2474839985370636 -0.06052500754594803
0.0627879798412323 0.19146893918514252 -0.03534659743309021
0.08289642632007599 0.13500964641571045 -0.015457794070243835
0.10138855874538422 0.07807166874408722 -0.000815096078440547
0.11867791414260864 0.02064206637442112 0.008596634492278099
0.13517045974731445 -0.03727031871676445 0.0127694858238101
0.15126751363277435 -0.09563325345516205 0.011677567847073078
0.16736802458763123 -0.15439049899578094 0.005282244179397821
0.18387018144130707 -0.2134610265493393 -0.006462696474045515
0.20117183029651642 -0.2727375328540802 -0.023605506867170334
0.21967032551765442 -0.33208534121513367 -0.04619080200791359
0.23976163566112518 -0.39134275913238525 -0.0742538794875145
0.2618381679058075 -0.45031943917274475 -0.10781429708003998
0.2862730026245117 -0.5087929368019104 -0.14685788750648499
0.31293052434921265 -0.5663633346557617 -0.19088374078273773
0.3410131633281708 -0.6224202513694763 -0.2387666255235672
0.36966732144355774 -0.676337718963623 -0.28931909799575806
0.3980308771133423 -0.7274908423423767 -0.34133702516555786
0.4252361059188843 -0.7752578854560852 -0.3936035931110382
0.45041385293006897 -0.8190227150917053 -0.444895476102829
0.4726972281932831 -0.8581783771514893 -0.49398788809776306
0.49122458696365356 -0.8921278715133667 -0.5396590828895569
0.5051437616348267 -0.9202880263328552 -0.5806959271430969
0.5136150121688843 -0.9420908689498901 -0.6158987879753113
0.5158145427703857 -0.9569862484931946 -0.6440862417221069
0.5109372735023499 -0.9644430875778198 -0.6640991568565369
0.4981999099254608 -0.9639517068862915 -0.6748056411743164
0.47684377431869507 -0.9550251960754395 -0.6751043200492859
0.4461368918418884 -0.9372008442878723 -0.6639283895492554
0.4054446816444397 -0.9100859761238098 -0.6403345465660095
0.3551781475543976 -0.8739821910858154 -0.6046915650367737
0.2965428829193115 -0.8297191262245178 -0.5583661794662476
0.23076288402080536 -0.778143584728241 -0.5027518272399902
0.15905554592609406 -0.7201026678085327 -0.43923723697662354
0.08262777328491211 -0.6564410924911499 -0.3692021369934082
0.0026693728286772966 -0.5879958271980286 -0.2940099537372589
-0.07964774966239929 -0.515595555305481 -0.21500594913959503
-0.1631748229265213 -0.44005662202835083 -0.13351120054721832
-0.2467891424894333 -0.3621804714202881 -0.05081990361213684
-0.329396516084671 -0.2827518582344055 0.031804874539375305
-0.4099336564540863 -0.2025369554758072 0.11313305050134659
-0.48737087845802307 -0.12228056788444519 0.19197127223014832
-0.5607122778892517 -0.04270653799176216 0.2671632170677185
-0.6289981603622437 0.03548477217555046 0.3375925123691559
-0.6913049221038818 0.11161690205335617 0.40218305587768555
-0.7468361258506775 0.18492241203784943 0.4600319266319275
-0.7955092787742615 0.2538468837738037 0.5112617015838623
-0.837617814540863 0.31662121415138245 0.5565070509910583
-0.8735138177871704 0.37162888050079346 0.5964606404304504
-0.9035762548446655 0.41735419631004333 0.6318480372428894
-0.928184986114502 0.4523148238658905 0.6634123921394348
-0.9476999640464783 0.47498223185539246 0.6919069886207581
-0.9624434113502502 0.4836861193180084 0.7180965542793274
-0.972683846950531 0.47649627923965454 0.7427669167518616
-0.9786202907562256 0.45107051730155945 0.7667421698570251
-0.9803640842437744 0.4044497609138489 0.7909157276153564
-0.9779157638549805 0.33276915550231934 0.8162959814071655
-0.9711300134658813 0.2308303862810135 0.8440757393836975
-0.9596645832061768 0.09144480526447296 0.8757420778274536
-0.9428934454917908 -0.09562989324331284 0.9132521152496338
-0.9197608232498169 -0.3454781770706177 0.9593288898468018
-1.0330431461334229 0.4985460638999939 0.9518889784812927
-0.9549412131309509 0.5906832814216614 0.6327794790267944
-0.8775573968887329 0.6627828478813171 0.3643187880516052
-0.801556408405304 0.7158740162849426 0.14404679834842682
-0.7275211811065674 0.7512267827987671 -0.03117910772562027
-0.6559483408927917 0.7702903747558594 -0.16503022611141205
-0.5872468948364258 0.7746354937553406 -0.2615583837032318
-0.5217416286468506 0.7659012079238892 -0.32505953311920166
-0.459678590297699 0.7457497119903564 -0.3599551320075989
-0.40123218297958374 0.7158286571502686 -0.3706941604614258
-0.34651482105255127 0.6777420043945312 -0.36167651414871216
-0.295585572719574 0.6330289840698242 -0.3371978998184204
-0.24845972657203674 0.5831499099731445 -0.3014146685600281
-0.2051178365945816 0.5294791460037231 -0.2583271563053131
-0.16551487147808075 0.4733040928840637 -0.21177957952022552
-0.12958772480487823 0.4158274233341217 -0.16547426581382751
-0.09726221114397049 0.3581734895706177 -0.12299371510744095
-0.06833799928426743 0.301057904958725 -0.08676337450742722
-0.04235805198550224 0.24441152811050415 -0.05679480358958244
-0.01886052079498768 0.18808497488498688 -0.032823894172906876
0.002590034855529666 0.1319536715745926 -0.014632794074714184
0.022409146651625633 0.07591544836759567 -0.0020418697968125343
0.04099729284644127 0.01989067904651165 0.005097158253192902
0.05874420702457428 -0.036178674548864365 0.0069075897336006165
0.07603241503238678 -0.09232983738183975 0.003493616124615073
0.09323947131633759 -0.1485782265663147 -0.005054187029600143
0.11073997616767883 -0.20491766929626465 -0.018653497099876404
0.12890668213367462 -0.26132020354270935 -0.03722526505589485
0.1481107771396637 -0.3177351653575897 -0.06068841740489006
0.16872134804725647 -0.37408846616744995 -0.08895482867956161
0.19110475480556488 -0.43028342723846436 -0.12192469835281372
0.21562214195728302 -0.48619914054870605 -0.1594812124967575
0.2426144927740097 -0.541686475276947 -0.20147648453712463
0.27191704511642456 -0.5963934659957886 -0.2473680078983307
0.30270907282829285 -0.6497214436531067 -0.296110600233078
0.3341160714626312 -0.7010537981987 -0.3466112017631531
0.3652559518814087 -0.7497746348381042 -0.39776527881622314
0.39524173736572266 -0.7952696681022644 -0.4484601318836212
0.4231855869293213 -0.8369300961494446 -0.4975794851779938
0.44820135831832886 -0.8741536736488342 -0.5440076589584351
0.46940845251083374 -0.9063475131988525 -0.5866333246231079
0.485934317111969 -0.9329296350479126 -0.6243536472320557
0.4969179928302765 -0.9533312916755676 -0.6560779213905334
0.5015130639076233 -0.9669992327690125 -0.6807324886322021
0.4988902509212494 -0.9733963012695312 -0.6972624659538269
0.4882405400276184 -0.9720049500465393 -0.7046374082565308
0.4687771797180176 -0.9623266458511353 -0.7018526196479797
0.4397387206554413 -0.9438854455947876 -0.6879338622093201
0.4004608690738678 -0.9162739515304565 -0.6620186567306519
0.3513483703136444 -0.8797985315322876 -0.624464213848114
0.29361939430236816 -0.8353092074394226 -0.5765555500984192
0.22851218283176422 -0.7836733460426331 -0.519603431224823
0.1572592407464981 -0.725757896900177 -0.45491528511047363
0.08108418434858322 -0.6624271869659424 -0.38379156589508057
0.0011957082897424698 -0.5945386290550232 -0.3075196444988251
-0.08121337741613388 -0.5229414701461792 -0.22737200558185577
-0.16497109830379486 -0.44847357273101807 -0.1446014940738678
-0.2489289790391922 -0.3719586730003357 -0.06043772026896477
-0.3319651186466217 -0.2942048907279968 0.023915620520710945
-0.41298574209213257 -0.21600264310836792 0.10728324949741364
-0.4909287691116333 -0.1381220668554306 0.18852178752422333
-0.5647640824317932 -0.06131317466497421 0.2665202021598816
-0.6334956884384155 0.01369664166122675 0.34020256996154785
-0.6961628794670105 0.0862032026052475 0.40852922201156616
-0.7519394755363464 0.15544240176677704 0.4706110954284668
-0.8007755279541016 0.2200896441936493 0.5264481902122498
-0.843023419380188 0.2786894142627716 0.5765031576156616
-0.8790923357009888 0.32991811633110046 0.6213096976280212
-0.9094170928001404 0.37253817915916443 0.6614474654197693
-0.9344346523284912 0.4053393006324768 0.6975246667861938
-0.954565167427063 0.42707040905952454 0.7301679253578186
-0.9701970219612122 0.4363585412502289 0.7600177526473999
-0.9816741943359375 0.4316093623638153 0.7877328991889954
-0.9892852306365967 0.41088026762008667 0.8140000700950623
-0.993252158164978 0.3717103898525238 0.839553952217102
-0.9937155246734619 0.3108815550804138 0.8652085661888123
-0.9907164573669434 0.22406800091266632 0.8919064998626709
-0.9841659665107727 0.1053006500005722 0.9207952618598938
-0.973796010017395 -0.05389314889907837 0.9533507823944092
-0.9590785503387451 -0.26592352986335754 0.991583526134491
-1.0209097862243652 0.4312496483325958 0.966089129447937
-0.943264365196228 0.5361670851707458 0.6559005379676819
-0.8675776720046997 0.6182317137718201 0.3957139253616333
-0.7943540215492249 0.6786983013153076 0.18292684853076935
-0.7240091562271118 0.7190847992897034 0.014292077161371708
-0.656871497631073 0.7411049008369446 -0.11393305659294128
-0.5931839942932129 0.7466018199920654 -0.20584294199943542
-0.5331112146377563 0.7374904155731201 -0.2657524645328522
-0.4767470359802246 0.7157067656517029 -0.2980840504169464
-0.4241228699684143 0.6831670999526978 -0.30727440118789673
-0.3752177953720093 0.641735315322876 -0.2977021038532257
-0.3299674987792969 0.5932015180587769 -0.27363672852516174
-0.2882730960845947 0.5392665863037109 -0.23920635879039764
-0.2500092685222626 0.481535404920578 -0.19838279485702515
-0.21503175795078278 0.4215167760848999 -0.1549834907054901
-0.1831832230091095 0.36062702536582947 -0.11268593370914459
-0.15429873764514923 0.3001982867717743 -0.07505031675100327
-0.12812955677509308 0.2410752773284912 -0.04445459693670273
-0.10425959527492523 0.18315081298351288 -0.020804090425372124
-0.08227469772100449 0.1262185275554657 -0.003721197135746479
-0.06178253889083862 0.07009981572628021 0.00712567986920476
-0.042407307773828506 0.014640552923083305 0.012031115591526031
-0.02378590777516365 -0.040289927273988724 0.01126053836196661
-0.005564456805586815 -0.0948006734251976 0.0050572301261126995
0.012604390271008015 -0.1489804983139038 -0.006351380608975887
0.03106316551566124 -0.2028980553150177 -0.022747788578271866
0.05015094205737114 -0.25660231709480286 -0.04391899332404137
0.07020417600870132 -0.31012341380119324 -0.06965167075395584
0.09155648946762085 -0.36347177624702454 -0.09972713142633438
0.11453814059495926 -0.41663822531700134 -0.13391689956188202
0.13947519659996033 -0.4695948660373688 -0.17197908461093903
0.1666872203350067 -0.5222935676574707 -0.21365395188331604
0.1964726597070694 -0.5746615529060364 -0.25865405797958374
0.22863291203975677 -0.626394510269165 -0.3063957095146179
0.2623264789581299 -0.6769024133682251 -0.35592278838157654
0.2966609299182892 -0.725574791431427 -0.4062455892562866
0.33073776960372925 -0.7718014121055603 -0.456367552280426
0.36365509033203125 -0.8149742484092712 -0.5052881836891174
0.39451050758361816 -0.8544892072677612 -0.5520064234733582
0.42240405082702637 -0.8897481560707092 -0.5955236554145813
0.4464406669139862 -0.9201606512069702 -0.6348466277122498
0.46573323011398315 -0.945145845413208 -0.6689909100532532
0.47940489649772644 -0.9641337394714355 -0.6969833374023438
0.4865923225879669 -0.976567804813385 -0.7178657054901123
0.48644745349884033 -0.9819056391716003 -0.7306963205337524
0.47814029455184937 -0.9796203970909119 -0.7345538139343262
0.4608612656593323 -0.9692032933235168 -0.7285392880439758
0.4338233768939972 -0.9501639008522034 -0.7117785215377808
0.3963351249694824 -0.9220794439315796 -0.6834980845451355
0.3487899899482727 -0.8852595090866089 -0.6440450549125671
0.2924083471298218 -0.8405729532241821 -0.5946213006973267
0.22843089699745178 -0.7889048457145691 -0.5364522337913513
0.15809431672096252 -0.73114013671875 -0.47076112031936646
0.08262798190116882 -0.6681610941886902 -0.39876624941825867
0.003248897148296237 -0.6008436679840088 -0.3216760456562042
-0.0788392722606659 -0.5300565361976624 -0.240687295794487
-0.16245050728321075 -0.45665833353996277 -0.1569814532995224
-0.24641947448253632 -0.3814951479434967 -0.07172141969203949
-0.3296036124229431 -0.3053985834121704 0.013950921595096588
-0.41088593006134033 -0.2291843295097351 0.09891705214977264
-0.489177942276001 -0.15364910662174225 0.18208535015583038
-0.5634201169013977 -0.07957097887992859 0.2623913586139679
-0.6325850486755371 -0.00770662073045969 0.338800847530365
-0.6956784129142761 0.06120945140719414 0.4103112816810608
-0.751844584941864 0.12641383707523346 0.4760487377643585
-0.8010472059249878 0.1868114024400711 0.5358981490135193
-0.8436708450317383 0.24126198887825012 0.5901574492454529
-0.8801556825637817 0.2887383699417114 0.6392066478729248
-0.9109688997268677 0.3282855749130249 0.6834830641746521
-0.9365809559822083 0.3589709401130676 0.7234615683555603
-0.957449734210968 0.3798269033432007 0.7596413493156433
-0.9740055203437805 0.3897837996482849 0.7925373911857605
-0.9866425395011902 0.3875892460346222 0.8226790428161621
-0.9957094788551331 0.37170490622520447 0.8506118655204773
-1.0015034675598145 0.3401705026626587 0.8769077658653259
-1.0042614936828613 0.290412962436676 0.9021823406219482
-1.0041519403457642 0.2189696580171585 0.9271239638328552
-1.0012586116790771 0.12106720358133316 0.9525389671325684
-0.9955572485923767 -0.010049194097518921 0.9794255495071411
-0.9868740439414978 -0.18422293663024902 1.0090959072113037
-1.0101217031478882 0.35164332389831543 0.9773069024085999
-0.9303417801856995 0.4714798629283905 0.675966739654541
-0.8543880581855774 0.5652798414230347 0.424243301153183
-0.782543420791626 0.6345824599266052 0.2192961722612381
-0.7149937748908997 0.6812036633491516 0.057699114084243774
-0.6518336534500122 0.7071610689163208 -0.06441573798656464
-0.5930761694908142 0.714603841304779 -0.15122289955615997
-0.5386629700660706 0.7057496309280396 -0.2070806473493576
-0.4884752035140991 0.6828309893608093 -0.23642665147781372
-0.44234389066696167 0.6480522155761719 -0.24369308352470398
-0.4000608026981354 0.6035562753677368 -0.2332412153482437
-0.3613875210285187 0.5514013171195984 -0.20931586623191833
-0.3260633051395416 0.4935462474822998 -0.17601758241653442
-0.29381248354911804 0.4318445026874542 -0.13729138672351837
-0.26434972882270813 0.368044376373291 -0.09693031758069992
-0.23738445341587067 0.3037950396537781 -0.05859103053808212
-0.2126234620809555 0.2406555414199829 -0.025816362351179123
-0.18974831700325012 0.17961299419403076 -0.0009374069049954414
-0.16839462518692017 0.12052097916603088 0.01625789888203144
-0.14821021258831024 0.06311275064945221 0.0262729674577713
-0.12885922193527222 0.007151949219405651 0.029565146192908287
-0.11001838743686676 -0.04757142812013626 0.026555387303233147
-0.09137417376041412 -0.10124309360980988 0.017636999487876892
-0.07262034714221954 -0.15402692556381226 0.003183225402608514
-0.0534561425447464 -0.2060672491788864 -0.016446154564619064
-0.033585164695978165 -0.2574893534183502 -0.04089844971895218
-0.012714646756649017 -0.3084007203578949 -0.06982273608446121
0.009444937109947205 -0.35889241099357605 -0.10286524146795273
0.03317936882376671 -0.40903833508491516 -0.13966438174247742
0.05876997485756874 -0.4588963985443115 -0.17984715104103088
0.08649267256259918 -0.5085086822509766 -0.22302620112895966
0.11661583930253983 -0.5579009056091309 -0.26879629492759705
0.1493861973285675 -0.6070764660835266 -0.3167283535003662
0.18456724286079407 -0.6557779908180237 -0.36620083451271057
0.22129938006401062 -0.7034208178520203 -0.4163554608821869
0.25867557525634766 -0.749397873878479 -0.4663139283657074
0.295785129070282 -0.7931030988693237 -0.515195906162262
0.3317151367664337 -0.8339322209358215 -0.5621200203895569
0.3655535876750946 -0.8712847828865051 -0.6062071919441223
0.3963915705680847 -0.9045661091804504 -0.646582841873169
0.4233250319957733 -0.9331873655319214 -0.6823779940605164
0.44545778632164 -0.9565686583518982 -0.7127327919006348
0.4619028866291046 -0.9741387963294983 -0.7367974519729614
0.4717858135700226 -0.9853384494781494 -0.7537355422973633
0.4742453098297119 -0.989619791507721 -0.7627245783805847
0.46843647956848145 -0.9864485263824463 -0.7629587054252625
0.45353153347969055 -0.9753047227859497 -0.7536502480506897
0.4287227392196655 -0.9556840062141418 -0.7340313196182251
0.3932950496673584 -0.9271478652954102 -0.7034225463867188
0.3476272523403168 -0.8900082111358643 -0.6621628403663635
0.2929326295852661 -0.845149576663971 -0.6113684177398682
0.2304452508687973 -0.7934727668762207 -0.5521773099899292
0.16139638423919678 -0.7358779311180115 -0.4857259690761566
0.0870119258761406 -0.6732634902000427 -0.4131482243537903
0.008508012630045414 -0.6065219044685364 -0.33557039499282837
-0.07290936261415482 -0.5365400910377502 -0.2541113495826721
-0.1560485064983368 -0.46419668197631836 -0.16987857222557068
-0.23973429203033447 -0.39035913348197937 -0.0839659720659256
-0.32281094789505005 -0.3158830404281616 0.0025488499086350203
-0.4041439890861511 -0.24160948395729065 0.08860600739717484
-0.48262399435043335 -0.1683630496263504 0.17316751182079315
-0.5571671724319458 -0.09695126116275787 0.2552168667316437
-0.6267185211181641 -0.028161820024251938 0.33376312255859375
-0.6902535557746887 0.03723843768239021 0.40784183144569397
-0.7468885183334351 0.0984843447804451 0.4765961468219757
-0.796585738658905 0.15470701456069946 0.5398041009902954
-0.839740514755249 0.20507951080799103 0.597608208656311
-0.876804769039154 0.24887073040008545 0.6502419114112854
-0.9082584977149963 0.2854096591472626 0.6980050802230835
-0.9345880746841431 0.3140432834625244 0.741242527961731
-0.956270158290863 0.33408990502357483 0.7803279757499695
-0.9737587571144104 0.3447856307029724 0.8156518936157227
-0.9874773621559143 0.34522074460983276 0.8476139307022095
-0.9978119730949402 0.334259957075119 0.8766184449195862
-1.0051069259643555 0.3104378879070282 0.9030749201774597
-1.0096611976623535 0.2718142867088318 0.9274021983146667
-1.011724829673767 0.2157650589942932 0.950038731098175
-1.0114927291870117 0.1386668086051941 0.9714584946632385
-1.0090957880020142 0.03539898619055748 0.9922007322311401
-1.0045850276947021 -0.10147054493427277 1.0129164457321167
-1.0007110834121704 0.2613532245159149 0.9843536019325256
-0.9164069294929504 0.3977726995944977 0.6919059753417969
-0.8383674621582031 0.5046839118003845 0.4488893449306488
-0.7665911316871643 0.5839740037918091 0.25214701890945435
-0.7009710669517517 0.6378052830696106 0.09801650792360306
-0.6413091421127319 0.6685354709625244 -0.017536399886012077
-0.5873306393623352 0.6786450147628784 -0.09879333525896072
-0.5386996865272522 0.6706722378730774 -0.15017284452915192
-0.49503293633461 0.6471588611602783 -0.17613762617111206
-0.4559117555618286 0.6106066107749939 -0.18111982941627502
-0.420894056558609 0.5634446144104004 -0.16946502029895782
-0.3895232379436493 0.5080066323280334 -0.14539410173892975
-0.3613353371620178 0.4465172588825226 -0.11298078298568726
-0.3358645737171173 0.3810867369174957 -0.07614431530237198
-0.31264713406562805 0.31371262669563293 -0.03865541145205498
-0.2912232279777527 0.24628764390945435 -0.0041531845927238464
-0.27113741636276245 0.18060921132564545 0.023833148181438446
-0.2519814670085907 0.11781547218561172 0.043019458651542664
-0.2334522306919098 0.05772165581583977 0.053744491189718246
-0.21527230739593506 -1.8925075551123882e-07 0.056648023426532745
-0.19717492163181305 -0.055645354092121124 0.05232330039143562
-0.1789013147354126 -0.10948142409324646 0.04132715240120888
-0.1601991057395935 -0.16175083816051483 0.02418973669409752
-0.14082111418247223 -0.21267423033714294 0.0014222388854250312
-0.1205240935087204 -0.2624531090259552 -0.02647615410387516
-0.09906847774982452 -0.3112708628177643 -0.05901169404387474
-0.07621818780899048 -0.3592948317527771 -0.0956907644867897
-0.05174067243933678 -0.4066775441169739 -0.13601545989513397
-0.025407731533050537 -0.45355695486068726 -0.17947906255722046
0.0030036121606826782 -0.5000573396682739 -0.22556279599666595
0.03371013328433037 -0.5462900996208191 -0.2737337350845337
0.06692034751176834 -0.5923530459403992 -0.3234420418739319
0.10282112658023834 -0.6383237838745117 -0.3741186261177063
0.14113478362560272 -0.6839889287948608 -0.425108939409256
0.18098664283752441 -0.7287672162055969 -0.47566092014312744
0.22145900130271912 -0.7720530033111572 -0.5250157713890076
0.26163285970687866 -0.8132426738739014 -0.5724158883094788
0.30058902502059937 -0.8517345190048218 -0.6171056032180786
0.337410569190979 -0.8869311809539795 -0.6583335399627686
0.3711846172809601 -0.9182398915290833 -0.695353627204895
0.40100395679473877 -0.945074737071991 -0.7274267673492432
0.4259687066078186 -0.966856062412262 -0.753821849822998
0.44518786668777466 -0.9830123782157898 -0.7738168835639954
0.457781583070755 -0.9929819703102112 -0.7867013216018677
0.46288156509399414 -0.9962126016616821 -0.791775643825531
0.45963314175605774 -0.9921625852584839 -0.7883535027503967
0.44719669222831726 -0.9803027510643005 -0.7757625579833984
0.4247483015060425 -0.9601150155067444 -0.7533453106880188
0.3915538489818573 -0.931145966053009 -0.7205197215080261
0.3479751646518707 -0.8937075734138489 -0.6776171326637268
0.29521116614341736 -0.8486980199813843 -0.6256666779518127
0.23448200523853302 -0.7970306277275085 -0.5657162666320801
0.1670055240392685 -0.7396186590194702 -0.4988138675689697
0.09399661421775818 -0.6773737668991089 -0.4260062575340271
0.016662785783410072 -0.6112033724784851 -0.348335862159729
-0.06379495561122894 -0.5420107841491699 -0.26684093475341797
-0.1461859792470932 -0.4706932008266449 -0.18255287408828735
-0.22933214902877808 -0.3981391489505768 -0.0964941754937172
-0.3120702803134918 -0.3252274692058563 -0.009676355868577957
-0.393253892660141 -0.2528253495693207 0.0769016370177269
-0.4717576503753662 -0.18178550899028778 0.16225703060626984
-0.5464775562286377 -0.11294594407081604 0.24542336165905
-0.6163350343704224 -0.04712670296430588 0.3254542052745819
-0.6802787780761719 0.014871588908135891 0.4014247953891754
-0.7373982667922974 0.07227995246648788 0.472497820854187
-0.7876436710357666 0.124449722468853 0.5383537411689758
-0.8314063549041748 0.1708613634109497 0.5989903807640076
-0.8691350817680359 0.21107599139213562 0.6545035243034363
-0.9013091325759888 0.2447042018175125 0.7050622701644897
-0.9284170866012573 0.2713712751865387 0.7508867979049683
-0.950941264629364 0.29068025946617126 0.7922295331954956
-0.9693453311920166 0.30217069387435913 0.8293594121932983
-0.9840672016143799 0.3052719533443451 0.8625496625900269
-0.9955126643180847 0.29924431443214417 0.8920668363571167
-1.0040534734725952 0.28310465812683105 0.9181624054908752
-1.0100252628326416 0.25552335381507874 0.9410656094551086
-1.013726830482483 0.2146773487329483 0.960975706577301
-1.0154199600219727 0.15803033113479614 0.9780537486076355
-1.015329122543335 0.08198820799589157 0.9924116730690002
-1.0136386156082153 -0.01865900494158268 1.004094123840332
-0.9927287697792053 0.16210080683231354 0.9859619140625
-0.9017094373703003 0.31626060605049133 0.7025790214538574
-0.8199108242988586 0.4372420907020569 0.46857699751853943
-0.7469792366027832 0.5273461937904358 0.28042346239089966
-0.6824539303779602 0.5891276001930237 0.13417768478393555
-0.6257880330085754 0.6253140568733215 0.02561171166598797
-0.5763688087463379 0.6387343406677246 -0.04968014359474182
-0.5335357785224915 0.632255494594574 -0.09618596732616425
-0.49659764766693115 0.6087301969528198 -0.11839748919010162
-0.4648457467556 0.5709559917449951 -0.12074816972017288
-0.4375656545162201 0.5216449499130249 -0.10756780952215195
-0.4140457510948181 0.46340280771255493 -0.08305277675390244
-0.3935832977294922 0.3987172544002533 -0.05124977231025696
-0.37548840045928955 0.3299541473388672 -0.016053082421422005
-0.35908564925193787 0.2593613266944885 0.018787281587719917
-0.3437138497829437 0.18907664716243744 0.04964771121740341
-0.3287241756916046 0.1211395189166069 0.0730099007487297
-0.3136005103588104 0.05684264376759529 0.08663729578256607
-0.2981087565422058 -0.004033985547721386 0.09100247174501419
-0.2820577919483185 -0.06187735125422478 0.08688999712467194
-0.265261173248291 -0.11704035848379135 0.07503678649663925
-0.2475356012582779 -0.16984723508358002 0.05614318698644638
-0.2287009209394455 -0.22059665620326996 0.030882811173796654
-0.20857952535152435 -0.2695653736591339 -8.937470556702465e-05
-0.186996191740036 -0.31701162457466125 -0.03612995520234108
-0.16377821564674377 -0.36317622661590576 -0.07660047709941864
-0.13875609636306763 -0.4082852303981781 -0.12086240202188492
-0.11176352202892303 -0.4525512158870697 -0.16827267408370972
-0.0826389342546463 -0.49617403745651245 -0.21817974746227264
-0.05122629925608635 -0.539341926574707 -0.2699206471443176
-0.017376048490405083 -0.582231879234314 -0.3228195607662201
0.019052783027291298 -0.6250103116035461 -0.3761858344078064
0.05818016827106476 -0.6678243279457092 -0.42931509017944336
0.09968484938144684 -0.7105008363723755 -0.4815261960029602
0.14268054068088531 -0.7524603605270386 -0.5321810841560364
0.1862429827451706 -0.7930974364280701 -0.5806471705436707
0.22944918274879456 -0.8318097591400146 -0.6262955069541931
0.2713783085346222 -0.8679978251457214 -0.6685014963150024
0.311113566160202 -0.9010668396949768 -0.7066457271575928
0.34774354100227356 -0.9304267764091492 -0.7401149868965149
0.38036298751831055 -0.9554933905601501 -0.7683025598526001
0.408074289560318 -0.9756888747215271 -0.7906093001365662
0.42998823523521423 -0.9904419183731079 -0.8064435720443726
0.4452255666255951 -0.9991899728775024 -0.8152230381965637
0.4529169499874115 -1.001376986503601 -0.816373348236084
0.4522041976451874 -0.9964559078216553 -0.8093298077583313
0.4422411322593689 -0.983888566493988 -0.7935374975204468
0.42219358682632446 -0.9631455540657043 -0.768450915813446
0.3913130462169647 -0.933758556842804 -0.733588457107544
0.34994304180145264 -0.896038830280304 -0.6892732381820679
0.29926303029060364 -0.8508947491645813 -0.6364452242851257
0.24047289788722992 -0.7992495894432068 -0.576060950756073
0.1747714728116989 -0.7420265674591064 -0.5090779662132263
0.10335594415664673 -0.6801480650901794 -0.4364538788795471
0.027419384568929672 -0.6145341992378235 -0.35914528369903564
-0.051848284900188446 -0.5461030602455139 -0.2781080901622772
-0.1332632601261139 -0.4757687449455261 -0.19429554045200348
-0.21564997732639313 -0.40443986654281616 -0.10865676403045654
-0.2978426516056061 -0.3330180048942566 -0.022135009989142418
-0.3786878287792206 -0.2623961269855499 0.06433360278606415
-0.4570482075214386 -0.19345541298389435 0.14982353150844574
-0.5318036079406738 -0.12706473469734192 0.23342038691043854
-0.6018549799919128 -0.06407713890075684 0.31422409415245056
-0.6661277413368225 -0.005327942781150341 0.3913514316082001
-0.7236857414245605 0.04840821400284767 0.46398720145225525
-0.7744612097740173 0.09669439494609833 0.5317250490188599
-0.8188315033912659 0.13930878043174744 0.5944303870201111
-0.8572332262992859 0.17609727382659912 0.6520718932151794
-0.8901364803314209 0.2069462239742279 0.7046969532966614
-0.9180233478546143 0.23175394535064697 0.7524080872535706
-0.9413732290267944 0.2504030466079712 0.7953430414199829
-0.9606503248214722 0.26273053884506226 0.8336547613143921
-0.9762974381446838 0.2684958875179291 0.8674963712692261
-0.9887296557426453 0.26734232902526855 0.8970031142234802
-0.998332679271698 0.25874918699264526 0.9222774505615234
-1.0054625272750854 0.2419668734073639 0.9433707594871521
-1.010446548461914 0.21592561900615692 0.9602609276771545
-1.0135859251022339 0.17909982800483704 0.9728226065635681
-1.0151594877243042 0.1292971670627594 0.9807822108268738
-1.015429973602295 0.06332048773765564 0.9836471080780029
-0.9862409830093384 0.05574377626180649 0.9807837009429932
-0.8865171670913696 0.2282458245754242 0.7067796587944031
-0.7994329333305359 0.36380699276924133 0.48217543959617615
-0.7242103815078735 0.465205579996109 0.3030223250389099
-0.6599743366241455 0.5354282259941101 0.1650760918855667
-0.6057780981063843 0.577593982219696 0.06390102207660675
-0.5606264472007751 0.5948870778083801 -0.005039134528487921
-0.523496150970459 0.5905000567436218 -0.04630333557724953
-0.4933535158634186 0.5675873160362244 -0.06441126763820648
-0.4691676199436188 0.5292292237281799 -0.06379532068967819
-0.4499213397502899 0.47840607166290283 -0.048767026513814926
-0.43461874127388 0.41798141598701477 -0.023496074602007866
-0.42228952050209045 0.3506931662559509 0.007998701184988022
-0.4119910001754761 0.2791518568992615 0.04184821620583534
-0.4028078019618988 0.20584622025489807 0.07432252168655396
-0.3938491642475128 0.1331528276205063 0.10181218385696411
-0.3842456042766571 0.06334726512432098 0.12080871313810349
-0.3733559846878052 -0.0021246536634862423 0.12912380695343018
-0.36102166771888733 -0.06351277232170105 0.1273689568042755
-0.34714770317077637 -0.12125802040100098 0.11647879332304001
-0.3316376507282257 -0.17576661705970764 0.09733948111534119
-0.31439393758773804 -0.22741582989692688 0.07079974561929703
-0.29531848430633545 -0.2765573561191559 0.03768102824687958
-0.2743131220340729 -0.32352110743522644 -0.0012143692001700401
-0.25128015875816345 -0.368618905544281 -0.04509664326906204
-0.22612325847148895 -0.4121458828449249 -0.09318142384290695
-0.19874830543994904 -0.45438331365585327 -0.1446852684020996
-0.169064000248909 -0.4955998957157135 -0.19882158935070038
-0.1369834691286087 -0.5360531210899353 -0.2547966539859772
-0.10242521017789841 -0.5759899020195007 -0.31180742383003235
-0.06531407684087753 -0.6156479120254517 -0.36904072761535645
-0.025583170354366302 -0.6552550792694092 -0.42567113041877747
0.016814619302749634 -0.6950214505195618 -0.4808661937713623
0.06151299551129341 -0.7348099946975708 -0.5339257121086121
0.10761790722608566 -0.7740414142608643 -0.5843322277069092
0.15420286357402802 -0.812110424041748 -0.6315850019454956
0.20034568011760712 -0.8484157919883728 -0.6751892566680908
0.24512875080108643 -0.8823601603507996 -0.7146547436714172
0.2876405119895935 -0.91335129737854 -0.7494975328445435
0.3269762098789215 -0.9408024549484253 -0.7792394757270813
0.3622382581233978 -0.9641324281692505 -0.8034083843231201
0.3925369083881378 -0.982765793800354 -0.8215382695198059
0.4169906675815582 -0.9961330890655518 -0.8331689238548279
0.4347267746925354 -1.0036710500717163 -0.8378464579582214
0.444880872964859 -1.0048229694366455 -0.8351227045059204
0.44659748673439026 -0.9990372657775879 -0.8245550394058228
0.4390295743942261 -0.9857690930366516 -0.8057062029838562
0.4213385581970215 -0.9644790291786194 -0.7781438827514648
0.39276638627052307 -0.934685230255127 -0.7414870262145996
0.3536386489868164 -0.8966972231864929 -0.696050226688385
0.3051110506057739 -0.8514298796653748 -0.6426827907562256
0.24835917353630066 -0.7998136878013611 -0.5822482109069824
0.18455778062343597 -0.7427784204483032 -0.5156117677688599
0.11488184332847595 -0.6812549829483032 -0.4436410069465637
0.040505312383174896 -0.6161732077598572 -0.3672049045562744
-0.037397705018520355 -0.5484639406204224 -0.28717535734176636
-0.11765509098768234 -0.4790566861629486 -0.20442567765712738
-0.19909779727458954 -0.4088786840438843 -0.11982987076044083
-0.28056198358535767 -0.33885350823402405 -0.03426092863082886
-0.36089086532592773 -0.2698991000652313 0.05140995606780052
-0.43893879652023315 -0.20292484760284424 0.13631676137447357
-0.5135723948478699 -0.1388305425643921 0.2195989042520523
-0.5836756825447083 -0.07850248366594315 0.30040523409843445
-0.6481525301933289 -0.02281072363257408 0.3778959810733795
-0.7060438990592957 0.02746284194290638 0.4512818455696106
-0.7572614550590515 0.0720820501446724 0.5200808048248291
-0.8021642565727234 0.11110948026180267 0.5840404033660889
-0.8411734700202942 0.1446647346019745 0.6430143713951111
-0.8747455477714539 0.17290009558200836 0.6969385743141174
-0.903352677822113 0.19597820937633514 0.7458080053329468
-0.9274675846099854 0.21405193209648132 0.7896538972854614
-0.9475516676902771 0.22724512219429016 0.8285223841667175
-0.9640477299690247 0.23563401401042938 0.8624545335769653
-0.977374792098999 0.2392265647649765 0.8914647102355957
-0.9879275560379028 0.23793865740299225 0.9155189394950867
-0.9960750937461853 0.23156319558620453 0.9345070719718933
-1.0021635293960571 0.21972736716270447 0.9482085704803467
-1.0065211057662964 0.20183032751083374 0.9562447667121887
-1.009464144706726 0.17694662511348724 0.958005964756012
-1.0113078355789185 0.14367303252220154 0.9525390267372131
-0.9813278317451477 -0.05568583309650421 0.9673944115638733
-0.8711199760437012 0.13514091074466705 0.7032384276390076
-0.7773737907409668 0.28529924154281616 0.4885009825229645
-0.6988124847412109 0.3980993926525116 0.31879591941833496
-0.6340878009796143 0.4769887626171112 0.18956732749938965
-0.5818070769309998 0.5254862904548645 0.09617126733064651
-0.5405558943748474 0.5471261143684387 0.03394538164138794
-0.508918285369873 0.5454111099243164 -0.0017342431237921119
-0.4854922890663147 0.5237758159637451 -0.015408447943627834
-0.46890148520469666 0.48555827140808105 -0.011502357199788094
-0.45780420303344727 0.43398162722587585 0.005695994943380356
-0.45089831948280334 0.3721417486667633 0.032047152519226074
-0.4469236135482788 0.30300307273864746 0.06356269866228104
-0.444661945104599 0.22939971089363098 0.0964001789689064
-0.4429345726966858 0.15404252707958221 0.12685000896453857
-0.44059741497039795 0.07952986657619476 0.15131717920303345
-0.4365362823009491 0.008358890190720558 0.16630317270755768
-0.42997047305107117 -0.05787854641675949 0.16966916620731354
-0.42082133889198303 -0.11945465952157974 0.16216737031936646
-0.40909796953201294 -0.17685595154762268 0.14488492906093597
-0.3948025107383728 -0.23053473234176636 0.11885973811149597
-0.3779316246509552 -0.28091466426849365 0.08509105443954468
-0.3584781289100647 -0.3283942937850952 0.04454982653260231
-0.33643218874931335 -0.37335097789764404 -0.0018138011218979955
-0.31178227066993713 -0.41614434123039246 -0.05306355655193329
-0.28451666235923767 -0.4571179449558258 -0.10827071219682693
-0.2546248733997345 -0.4966021478176117 -0.16650953888893127
-0.22209811210632324 -0.534915566444397 -0.22685368359088898
-0.18693141639232635 -0.5723663568496704 -0.28837257623672485
-0.149124413728714 -0.6092528104782104 -0.3501293957233429
-0.1086823046207428 -0.6458649635314941 -0.41118091344833374
-0.06561776250600815 -0.6824841499328613 -0.47057580947875977
-0.01996132731437683 -0.7193740606307983 -0.5273623466491699
0.027874993160367012 -0.756428062915802 -0.5808294415473938
0.07699374109506607 -0.7930677533149719 -0.6305860280990601
0.12647104263305664 -0.8286876678466797 -0.6762679219245911
0.17539040744304657 -0.8626880645751953 -0.7175173759460449
0.2228424996137619 -0.8944745659828186 -0.7539818286895752
0.2679262161254883 -0.9234587550163269 -0.78531414270401
0.309749037027359 -0.949057936668396 -0.811172604560852
0.3474263846874237 -0.970694899559021 -0.8312197923660278
0.38008224964141846 -0.9877985715866089 -0.8451228141784668
0.4068484306335449 -0.9998025894165039 -0.8525523543357849
0.4268648624420166 -1.0061460733413696 -0.8531827330589294
0.4392780065536499 -1.0062719583511353 -0.84669029712677
0.4432408809661865 -0.9996271729469299 -0.8327536582946777
0.4379117488861084 -0.9856621026992798 -0.8110526204109192
0.42245349287986755 -0.963828980922699 -0.7812672257423401
0.39610394835472107 -0.9336356520652771 -0.7431169748306274
0.35917142033576965 -0.8953874707221985 -0.6969066262245178
0.31278544664382935 -0.8500032424926758 -0.6433935761451721
0.2580939829349518 -0.7984163165092468 -0.5833468437194824
0.19624458253383636 -0.7415603995323181 -0.5175384283065796
0.12838689982891083 -0.6803716421127319 -0.44674474000930786
0.05567195266485214 -0.6157873272895813 -0.3717458248138428
-0.020745452493429184 -0.5487487316131592 -0.2933284342288971
-0.09970793128013611 -0.4801987111568451 -0.2122844159603119
-0.1800566464662552 -0.4110812544822693 -0.12941057980060577
-0.26063260436058044 -0.34234073758125305 -0.045508064329624176
-0.3402788043022156 -0.2749193012714386 0.03861905634403229
-0.41784384846687317 -0.20975381135940552 0.12216649949550629
-0.49218398332595825 -0.1477743685245514 0.2043302059173584
-0.5621681809425354 -0.08990003913640976 0.2843102812767029
-0.6266818046569824 -0.037035319954156876 0.3613133728504181
-0.6847444176673889 0.010029583238065243 0.43457967042922974
-0.7362483143806458 0.05124584212899208 0.5035647749900818
-0.7815361022949219 0.08694355189800262 0.5679136514663696
-0.8210141658782959 0.11750106513500214 0.6273791193962097
-0.8551270961761475 0.14332328736782074 0.6817983984947205
-0.8843386769294739 0.1648242026567459 0.7310705184936523
-0.9091156125068665 0.18241369724273682 0.7751309871673584
-0.9299172759056091 0.19648748636245728 0.8139300346374512
-0.9471879601478577 0.20742054283618927 0.847408652305603
-0.9613521099090576 0.21556216478347778 0.8754736185073853
-0.972813606262207 0.22123348712921143 0.8979697227478027
-0.9819554090499878 0.2247260957956314 0.9146457314491272
-0.9891444444656372 0.22630159556865692 0.9251102805137634
-0.9947366714477539 0.22619162499904633 0.9287685751914978
-0.9990874528884888 0.2245977818965912 0.9247297048568726
-1.0025664567947388 0.22169126570224762 0.9116612076759338
-0.9780803918838501 -0.16995081305503845 0.9443038702011108
-0.8558315634727478 0.038487035781145096 0.690632164478302
-0.7542023062705994 0.20271849632263184 0.486324280500412
-0.6713421940803528 0.3266226351261139 0.32655712962150574
-0.6053755283355713 0.4141186773777008 0.20647262036800385
-0.554423987865448 0.469117671251297 0.12123231589794159
-0.5166260004043579 0.4954833388328552 0.0660620629787445
-0.4901512563228607 0.49699893593788147 0.03628707304596901
-0.47321268916130066 0.47734442353248596 0.027357492595911026
-0.46407395601272583 0.44007885456085205 0.03486565127968788
-0.4610546827316284 0.3886302709579468 0.05455482751131058
-0.4625321328639984 0.3262907862663269 0.08232175558805466
-0.4669411778450012 0.25621697306632996 0.11421280354261398
-0.4727712571620941 0.1814345270395279 0.14641490578651428
-0.4785621762275696 0.10484711080789566 0.17524097859859467
-0.48289749026298523 0.029248178005218506 0.19711218774318695
-0.4843986928462982 -0.04266848415136337 0.2085418403148651
-0.48213258385658264 -0.10917825251817703 0.20744188129901886
-0.4761037230491638 -0.17056593298912048 0.1947038173675537
-0.46643123030662537 -0.22735199332237244 0.17156638205051422
-0.45322248339653015 -0.28002414107322693 0.13921821117401123
-0.4365755319595337 -0.3290427327156067 0.09880803525447845
-0.41658180952072144 -0.3748440742492676 0.05145476013422012
-0.39332717657089233 -0.41784387826919556 -0.0017456538043916225
-0.3668937385082245 -0.458440899848938 -0.05971360579133034
-0.3373619318008423 -0.49701860547065735 -0.12138005346059799
-0.30481138825416565 -0.5339473485946655 -0.18568207323551178
-0.2693226933479309 -0.5695866346359253 -0.2515597939491272
-0.23097845911979675 -0.6042855978012085 -0.3179531991481781
-0.1898650825023651 -0.6383842825889587 -0.3838002383708954
-0.14607299864292145 -0.672214686870575 -0.4480370283126831
-0.0996987596154213 -0.7061007022857666 -0.5095965266227722
-0.0508541464805603 -0.740348756313324 -0.5674189329147339
3.330826984893065e-06 -0.7748762369155884 -0.6207903623580933
0.05197765305638313 -0.8091059327125549 -0.6694503426551819
0.10415274649858475 -0.8424336910247803 -0.7131744623184204
0.15562307834625244 -0.8742631077766418 -0.7517442107200623
0.20549291372299194 -0.9040036201477051 -0.784945547580719
0.25287702679634094 -0.9310720562934875 -0.8125689029693604
0.2969003915786743 -0.9548916220664978 -0.8344082236289978
0.3366973400115967 -0.9748915433883667 -0.850260317325592
0.3714110255241394 -0.9905062913894653 -0.8599239587783813
0.400192528963089 -1.0011751651763916 -0.8631986379623413
0.42219993472099304 -1.0063414573669434 -0.8598845601081848
0.43659669160842896 -1.0054508447647095 -0.8497808575630188
0.44255003333091736 -0.9979508519172668 -0.8326849341392517
0.4392297565937042 -0.9832897186279297 -0.8083916902542114
0.4258057773113251 -0.9609141945838928 -0.776691734790802
0.401517391204834 -0.9303233623504639 -0.7374038696289062
0.36665746569633484 -0.8918182849884033 -0.6908220648765564
0.3223276436328888 -0.8463173508644104 -0.6376101970672607
0.26964640617370605 -0.7947535514831543 -0.5784423351287842
0.20973221957683563 -0.7380610108375549 -0.5139962434768677
0.14370708167552948 -0.677177906036377 -0.4449562430381775
0.07269696891307831 -0.6130463480949402 -0.3720129132270813
-0.0021648001857101917 -0.5466148853302002 -0.295866459608078
-0.07973798364400864 -0.47883787751197815 -0.21722614765167236
-0.15887607634067535 -0.410674512386322 -0.13681024312973022
-0.23842713236808777 -0.3430880904197693 -0.05534569174051285
-0.31723567843437195 -0.2770432233810425 0.02643270045518875
-0.39414694905281067 -0.21350346505641937 0.10778488963842392
-0.468008428812027 -0.1534280776977539 0.1879662722349167
-0.537675678730011 -0.09776799380779266 0.2662312090396881
-0.6020172834396362 -0.04746101424098015 0.3418360948562622
-0.660033643245697 -0.0033065415918827057 0.41405558586120605
-0.7116026878356934 0.034818291664123535 0.48229658603668213
-0.7570573687553406 0.06749048829078674 0.546118974685669
-0.796795129776001 0.09532857686281204 0.6051899790763855
-0.8312554359436035 0.1189727857708931 0.6592634320259094
-0.8608992099761963 0.13907158374786377 0.7081553936004639
-0.8861938118934631 0.15627433359622955 0.7517195343971252
-0.9076023101806641 0.17122939229011536 0.7898229956626892
-0.9255767464637756 0.1845877319574356 0.8223210573196411
-0.9405534267425537 0.1970118284225464 0.8490282297134399
-0.9529529809951782 0.2091917097568512 0.8696874380111694
-0.9631818532943726 0.22186899185180664 0.8839299082756042
-0.9716379046440125 0.23587234318256378 0.891223132610321
-0.9787188768386841 0.25216999650001526 0.8907977342605591
-0.9848373532295227 0.2719501256942749 0.8815391659736633
-0.9904414415359497 0.29674503207206726 0.861818253993988
-0.9765966534614563 -0.2845883071422577 0.9099748134613037
-0.8409901857376099 -0.06003404036164284 0.6675984859466553
-0.7304182648658752 0.11715041846036911 0.47438132762908936
-0.6423869132995605 0.25142180919647217 0.3250879943370819
-0.574445903301239 0.3471577763557434 0.21458585560321808
-0.5242009162902832 0.40863272547721863 0.13786911964416504
-0.489323228597641 0.43999987840652466 0.0900767594575882
-0.4675567150115967 0.4452783465385437 0.0665045753121376
-0.4567210078239441 0.4283446669578552 0.06261134147644043
-0.4547138214111328 0.3929287791252136 0.07402084767818451
-0.4595101475715637 0.34261471033096313 0.09651868045330048
-0.4691598415374756 0.28084298968315125 0.1260463297367096
-0.4817838668823242 0.21091684699058533 0.15869121253490448
-0.4955689013004303 0.13601054251194 0.19067463278770447
-0.5087608098983765 0.05918059125542641 0.2183360904455185
-0.5196568369865417 -0.0166223905980587 0.23811648786067963
-0.5265992283821106 -0.08854355663061142 0.24654506146907806
-0.5284919738769531 -0.15474550426006317 0.24158552289009094
-0.5254246592521667 -0.215513676404953 0.22426427900791168
-0.5176295638084412 -0.27138736844062805 0.19596607983112335
-0.5053247809410095 -0.32287588715553284 0.1580258011817932
-0.4887154698371887 -0.3704630434513092 0.11173699796199799
-0.4679972529411316 -0.4146101474761963 0.05836162716150284
-0.443357914686203 -0.45575931668281555 -0.0008638344588689506
-0.41497936844825745 -0.49433645606040955 -0.0647226944565773
-0.3830399811267853 -0.5307528972625732 -0.13201221823692322
-0.3477154076099396 -0.5654073357582092 -0.2015400528907776
-0.30918043851852417 -0.5986880660057068 -0.2721215784549713
-0.26761043071746826 -0.6309731006622314 -0.3425767421722412
-0.2231825590133667 -0.662631630897522 -0.4117286801338196
-0.1760762631893158 -0.6940250992774963 -0.47840434312820435
-0.12647494673728943 -0.7255067229270935 -0.5414324402809143
-0.074574314057827 -0.7574119567871094 -0.5996573567390442
-0.02087615802884102 -0.7896760106086731 -0.6523710489273071
0.03373028710484505 -0.8217241168022156 -0.6994462609291077
0.0883423313498497 -0.8529558777809143 -0.7407995462417603
0.14207100868225098 -0.8827794790267944 -0.7763522267341614
0.19403977692127228 -0.9106112122535706 -0.806028425693512
0.24338488280773163 -0.9358755946159363 -0.8297551870346069
0.28925448656082153 -0.9580038189888 -0.8474608063697815
0.3308071494102478 -0.9764336347579956 -0.8590735197067261
0.36721110343933105 -0.9906080961227417 -0.8645208477973938
0.39764219522476196 -0.9999746084213257 -0.8637284636497498
0.4212825894355774 -1.0039831399917603 -0.8566189408302307
0.4373181462287903 -1.0020853281021118 -0.8431106805801392
0.44493651390075684 -0.9937319159507751 -0.8231167197227478
0.44332456588745117 -0.9783720970153809 -0.7965439558029175
0.431665301322937 -0.9554502367973328 -0.7632912397384644
0.4092051088809967 -0.9244593977928162 -0.7232744693756104
0.3762236535549164 -0.8856951594352722 -0.6767755746841431
0.3337938189506531 -0.8400716781616211 -0.6243640184402466
0.2830040454864502 -0.7885178327560425 -0.566618025302887
0.22494280338287354 -0.731964647769928 -0.5041213035583496
0.1607033759355545 -0.6713489294052124 -0.43746528029441833
0.09138569235801697 -0.6076144576072693 -0.36725062131881714
0.01810053177177906 -0.5417146682739258 -0.29409027099609375
-0.05803024768829346 -0.47461235523223877 -0.2186095267534256
-0.1358734667301178 -0.4072800874710083 -0.1414465755224228
-0.21428538858890533 -0.34069764614105225 -0.06325220316648483
-0.2921132445335388 -0.2758510410785675 0.015310429967939854
-0.3681997060775757 -0.21372827887535095 0.09356869012117386
-0.44138437509536743 -0.15531672537326813 0.1708405613899231
-0.5105109214782715 -0.1015973836183548 0.24643851816654205
-0.574431836605072 -0.05353984236717224 0.3196726441383362
-0.6321306228637695 -0.011953195556998253 0.389857679605484
-0.6834800243377686 0.02343917451798916 0.4563676714897156
-0.7288137674331665 0.05343693494796753 0.5186954736709595
-0.7685332298278809 0.0788765549659729 0.5764410495758057
-0.803083062171936 0.10061227530241013 0.6292905211448669
-0.8329323530197144 0.11950609087944031 0.6769928336143494
-0.8585600852966309 0.13642527163028717 0.71933513879776
-0.8804439902305603 0.15224699676036835 0.756117045879364
-0.899055004119873 0.16787110269069672 0.7871238589286804
-0.9148537516593933 0.18424071371555328 0.8120967745780945
-0.9282914996147156 0.2023739069700241 0.8306975364685059
-0.9398143291473389 0.22340942919254303 0.8424655795097351
-0.949870765209198 0.24867232143878937 0.8467604517936707
-0.9589259028434753 0.279770165681839 0.8426810503005981
-0.9674826264381409 0.3187393546104431 0.8289475440979004
-0.9761124849319458 0.3682704567909241 0.8037165403366089
-0.9769775867462158 -0.39689570665359497 0.8628513813018799
-0.8269590735435486 -0.15858975052833557 0.6327559351921082
-0.7065541744232178 0.029774397611618042 0.4513885974884033
-0.6125665903091431 0.17320111393928528 0.3131502568721771
-0.5419360995292664 0.27648067474365234 0.2126801311969757
-0.491732656955719 0.34419551491737366 0.14484602212905884
-0.45915183424949646 0.3807283639907837 0.10473485291004181
-0.44150859117507935 0.390270471572876 0.08764121681451797
-0.4362308084964752 0.37683138251304626 0.08905554562807083
-0.44085222482681274 0.34424954652786255 0.1046510860323906
-0.4530048072338104 0.2962031364440918 0.1302700936794281
-0.4704114496707916 0.2362218201160431 0.16190984845161438
-0.490877240896225 0.16769880056381226 0.19570793211460114
-0.5122818946838379 0.09390269964933395 0.2279272973537445
-0.5325707197189331 0.01799103617668152 0.2549405097961426
-0.5497461557388306 -0.05697755515575409 0.2732142210006714
-0.5618619918823242 -0.1280345618724823 0.27929970622062683
-0.5676519870758057 -0.19325701892375946 0.27121415734291077
-0.5672897696495056 -0.25291702151298523 0.2501095235347748
-0.5611238479614258 -0.30755433440208435 0.21750760078430176
-0.5494853258132935 -0.35768210887908936 0.17488035559654236
-0.5326902270317078 -0.4037909507751465 0.1236577108502388
-0.5110428929328918 -0.446351021528244 0.06523583084344864
-0.4848373532295227 -0.48581504821777344 0.0009828517213463783
-0.4543600082397461 -0.5226206183433533 -0.06775658577680588
-0.41989126801490784 -0.5571919679641724 -0.1396559476852417
-0.38170725107192993 -0.5899409651756287 -0.2134038656949997
-0.3400806784629822 -0.6212694048881531 -0.28770190477371216
-0.29528310894966125 -0.6515694856643677 -0.3612617254257202
-0.24758540093898773 -0.6812241673469543 -0.4328039288520813
-0.19725839793682098 -0.7106090188026428 -0.50105881690979
-0.14457450807094574 -0.7400912046432495 -0.5647644400596619
-0.08981449902057648 -0.7700201869010925 -0.622682511806488
-0.033522628247737885 -0.8003406524658203 -0.6741191744804382
0.023424671962857246 -0.8304831981658936 -0.7190811634063721
0.08014419674873352 -0.8598540425300598 -0.7576254606246948
0.13576950132846832 -0.8878698348999023 -0.7898122668266296
0.18944914638996124 -0.9139562249183655 -0.8157021999359131
0.24034664034843445 -0.9375483393669128 -0.8353564739227295
0.28763893246650696 -0.9580886363983154 -0.8488337397575378
0.3305148184299469 -0.975026547908783 -0.8561907410621643
0.3681729733943939 -0.9878168106079102 -0.8574796915054321
0.399819552898407 -0.995917797088623 -0.8527478575706482
0.4246666133403778 -0.9987900853157043 -0.8420360088348389
0.44192811846733093 -0.9958934187889099 -0.8253771662712097
0.45081770420074463 -0.9866859316825867 -0.8027961254119873
0.4505450427532196 -0.9706206321716309 -0.7743076682090759
0.4403122067451477 -0.9471437335014343 -0.7399159073829651
0.4193783104419708 -0.9157448410987854 -0.6996307969093323
0.3880123198032379 -0.8767133355140686 -0.6537213325500488
0.3472587466239929 -0.8309552669525146 -0.6026616096496582
0.2981760501861572 -0.7793908715248108 -0.546934187412262
0.24182264506816864 -0.7229445576667786 -0.48702818155288696
0.17926333844661713 -0.662548303604126 -0.4234425127506256
0.11157198995351791 -0.5991441011428833 -0.3566875159740448
0.03983675688505173 -0.5336874127388 -0.2872881293296814
-0.0348387211561203 -0.4671471416950226 -0.2157847285270691
-0.11133461445569992 -0.40050557255744934 -0.1427335888147354
-0.18851545453071594 -0.33475756645202637 -0.06870733946561813
-0.2652312219142914 -0.27090784907341003 0.005705644376575947
-0.3403218984603882 -0.20996728539466858 0.07990317791700363
-0.4126197099685669 -0.15294905006885529 0.15327000617980957
-0.4809562861919403 -0.100862517952919 0.22518128156661987
-0.5441688895225525 -0.05470661818981171 0.29500576853752136
-0.6012262105941772 -0.015300465747714043 0.36210519075393677
-0.6520077586174011 0.01776585727930069 0.4258371591567993
-0.696865439414978 0.045487139374017715 0.48564857244491577
-0.7362203598022461 0.06889139860868454 0.541090726852417
-0.7705387473106384 0.08902190625667572 0.5918004512786865
-0.8003140091896057 0.10692908614873886 0.6374770998954773
-0.8260513544082642 0.12367214262485504 0.6778576970100403
-0.8482595682144165 0.1403292715549469 0.7126919031143188
-0.8674446940422058 0.15801766514778137 0.7417135238647461
-0.8841093182563782 0.17792418599128723 0.7646098732948303
-0.8987552523612976 0.20135022699832916 0.7809848189353943
-0.9118912816047668 0.22977522015571594 0.7903134822845459
-0.9240458011627197 0.2649475932121277 0.7918818593025208
-0.9357870817184448 0.30901679396629333 0.7847015261650085
-0.9477550387382507 0.36473312973976135 0.7673857808113098
-0.9607090950012207 0.4357551634311676 0.7379574179649353
-0.9793118238449097 -0.5039581656455994 0.8014335632324219
-0.8141129016876221 -0.25520992279052734 0.5847665667533875
-0.6831626892089844 -0.0581393726170063 0.4160948097705841
-0.582522988319397 0.09272560477256775 0.2895304262638092
-0.5085027813911438 0.20250333845615387 0.19954834878444672
-0.4576306641101837 0.27599912881851196 0.14094364643096924
-0.4266287684440613 0.31774047017097473 0.10879462212324142
-0.41239112615585327 0.3320090174674988 0.09842997044324875
-0.4119633436203003 0.3228682279586792 0.10539921373128891
-0.4225253164768219 0.29418817162513733 0.1254471242427826
-0.44137534499168396 0.24966803193092346 0.15448999404907227
-0.46591609716415405 0.19285587966442108 0.1885952353477478
-0.49364182353019714 0.12716637551784515 0.2239622175693512
-0.5221273303031921 0.055896829813718796 0.25690600275993347
-0.5490171909332275 -0.017757892608642578 0.2838413417339325
-0.5720164775848389 -0.09069257974624634 0.3012694716453552
-0.5888863801956177 -0.15988458693027496 0.305772066116333
-0.5981869697570801 -0.22336071729660034 0.29542186856269836
-0.6001741290092468 -0.281363844871521 0.27148330211639404
-0.595312237739563 -0.3344120979309082 0.23560069501399994
-0.5840464234352112 -0.3830014169216156 0.18936988711357117
-0.5668057799339294 -0.4276087284088135 0.1343441903591156
-0.5440052151679993 -0.46869319677352905 0.072041355073452
-0.5160480737686157 -0.5066985487937927 0.003948376514017582
-0.4833277761936188 -0.5420553684234619 -0.0684746727347374
-0.4462297558784485 -0.5751816630363464 -0.14379054307937622
-0.40513288974761963 -0.6064842343330383 -0.22058193385601044
-0.3604106605052948 -0.6363604068756104 -0.2974500060081482
-0.3124323785305023 -0.6651980876922607 -0.37301206588745117
-0.2615644335746765 -0.693376362323761 -0.4459000825881958
-0.2081701010465622 -0.7212666869163513 -0.5147618651390076
-0.1526116132736206 -0.7492325901985168 -0.5782593488693237
-0.0952552855014801 -0.7776198387145996 -0.6350859999656677
-0.03668484091758728 -0.8063744902610779 -0.684569776058197
0.02224254049360752 -0.8349360823631287 -0.7268503308296204
0.08066985756158829 -0.8627215027809143 -0.7621232271194458
0.13775955140590668 -0.889159619808197 -0.7905843257904053
0.19269154965877533 -0.9136897921562195 -0.8124275207519531
0.2446625679731369 -0.9357613325119019 -0.8278431296348572
0.2928845286369324 -0.9548321962356567 -0.8370171785354614
0.336581826210022 -0.9703668355941772 -0.8401287198066711
0.37498947978019714 -0.9818358421325684 -0.8373502492904663
0.40734967589378357 -0.988711953163147 -0.8288446664810181
0.43290969729423523 -0.9904695749282837 -0.8147655129432678
0.45091721415519714 -0.9865813851356506 -0.7952556610107422
0.4606175124645233 -0.9765161275863647 -0.7704461812973022
0.4612487554550171 -0.9597348570823669 -0.7404556274414062
0.45203760266304016 -0.9356884956359863 -0.7053888440132141
0.43226194381713867 -0.9038680791854858 -0.665347695350647
0.40218257904052734 -0.8645549416542053 -0.6205859780311584
0.3628167510032654 -0.8186426758766174 -0.5714828372001648
0.31519386172294617 -0.7670395970344543 -0.5184252262115479
0.26034313440322876 -0.7106589078903198 -0.4618079364299774
0.19930194318294525 -0.6504242420196533 -0.4020378291606903
0.13311918079853058 -0.5872723460197449 -0.33953461050987244
0.06286153942346573 -0.5221570730209351 -0.2747347950935364
-0.010384511202573776 -0.45605039596557617 -0.20809271931648254
-0.08551149815320969 -0.389941930770874 -0.14008104801177979
-0.16139091551303864 -0.3248385488986969 -0.07119156420230865
-0.2368745356798172 -0.2617614269256592 -0.0019348060013726354
-0.3107987642288208 -0.20174171030521393 0.06716190278530121
-0.3819875717163086 -0.1458161622285843 0.1355547159910202
-0.44926026463508606 -0.09501989930868149 0.202687069773674
-0.5114384889602661 -0.05037873610854149 0.2679925858974457
-0.5674787163734436 -0.012721830047667027 0.33088812232017517
-0.617283046245575 0.018471501767635345 0.3907336890697479
-0.6612430810928345 0.04435957223176956 0.4469517171382904
-0.6998210549354553 0.06613229215145111 0.4990658164024353
-0.7335262298583984 0.08499268442392349 0.5466831922531128
-0.7628960013389587 0.10215067118406296 0.5894721746444702
-0.7884829640388489 0.11882748454809189 0.6271386742591858
-0.8108462691307068 0.1362701952457428 0.659400224685669
-0.8305486440658569 0.15577802062034607 0.6859591007232666
-0.8481569886207581 0.17874068021774292 0.7064693570137024
-0.8642496466636658 0.20669446885585785 0.7205013632774353
-0.8794282078742981 0.2414003610610962 0.7274949550628662
-0.8943373560905457 0.2849552631378174 0.7266973257064819
-0.909695565700531 0.33995354175567627 0.7170777320861816
-0.9263412356376648 0.4097302556037903 0.6972008347511292
-0.945304274559021 0.4987342655658722 0.665032684803009
-0.9832540154457092 -0.6035787463188171 0.7256925702095032
-0.8023898005485535 -0.3482794761657715 0.5236558318138123
-0.6603781580924988 -0.14540374279022217 0.3685339093208313
-0.5525153279304504 0.010868583805859089 0.25424104928970337
-0.47447460889816284 0.12587083876132965 0.1751631200313568
-0.42224782705307007 0.20452499389648438 0.12608367204666138
-0.39209553599357605 0.25140538811683655 0.10212104022502899
-0.3805050849914551 0.27079182863235474 0.09867620468139648
-0.38415586948394775 0.2667151093482971 0.11138840019702911
-0.39988940954208374 0.2429952770471573 0.13609805703163147
-0.42468419671058655 0.2032739371061325 0.1688152700662613
-0.45563456416130066 0.15104207396507263 0.20569370687007904
-0.4899333119392395 0.08966291695833206 0.2430087924003601
-0.5248569250106812 0.022391222417354584 0.2771399915218353
-0.5577534437179565 -0.04760996997356415 0.30455583333969116
-0.5860328674316406 -0.11725686490535736 0.32180294394493103
-0.607164204120636 -0.18353869020938873 0.3255039155483246
-0.6195324659347534 -0.24447183310985565 0.31378859281539917
-0.6234731078147888 -0.30025386810302734 0.28801804780960083
-0.6195646524429321 -0.3513582646846771 0.24994169175624847
-0.6083658933639526 -0.3982410430908203 0.20126231014728546
-0.5904185175895691 -0.4413430690765381 0.14364047348499298
-0.5662494897842407 -0.4810909628868103 0.0787002369761467
-0.5363723039627075 -0.5178983807563782 0.008032258599996567
-0.5012887120246887 -0.5521677732467651 -0.06680314987897873
-0.46149078011512756 -0.584290623664856 -0.1442726105451584
-0.4174613952636719 -0.6146488189697266 -0.22286778688430786
-0.36967551708221436 -0.643615186214447 -0.30110418796539307
-0.3186013996601105 -0.671553909778595 -0.37751907110214233
-0.26470136642456055 -0.6988213062286377 -0.4506707787513733
-0.20843158662319183 -0.7257660031318665 -0.5191394090652466
-0.1502438485622406 -0.752729058265686 -0.5815249681472778
-0.09058954566717148 -0.7800346612930298 -0.6364671587944031
-0.030088605359196663 -0.8076217770576477 -0.6833226084709167
0.030427811667323112 -0.8349428772926331 -0.7223613262176514
0.09013554453849792 -0.8614307641983032 -0.7539138197898865
0.1482323408126831 -0.8865308165550232 -0.778307318687439
0.2039356380701065 -0.9097005128860474 -0.7958638668060303
0.256481409072876 -0.9304080009460449 -0.8068986535072327
0.3051220774650574 -0.9481304883956909 -0.8117184042930603
0.3491232693195343 -0.9623520970344543 -0.810619592666626
0.38776153326034546 -0.9725621342658997 -0.8038878440856934
0.4203204810619354 -0.9782527685165405 -0.7917966246604919
0.4460875689983368 -0.9789160490036011 -0.7746059894561768
0.4643494188785553 -0.9740408658981323 -0.752562403678894
0.474388062953949 -0.963110625743866 -0.7258983254432678
0.4754752218723297 -0.9455981254577637 -0.6948305368423462
0.46686801314353943 -0.9209638833999634 -0.6595613360404968
0.4478677213191986 -0.8887029886245728 -0.6202808022499084
0.41873058676719666 -0.8490890264511108 -0.5772269368171692
0.3804474174976349 -0.8029985427856445 -0.530684232711792
0.3340195119380951 -0.7513236999511719 -0.48094499111175537
0.280448853969574 -0.6949626803398132 -0.42831113934516907
0.22074654698371887 -0.6348273158073425 -0.373097687959671
0.15593823790550232 -0.571845293045044 -0.31563419103622437
0.08707080781459808 -0.5069661140441895 -0.2562689483165741
0.015215350314974785 -0.4411611258983612 -0.19536899030208588
-0.058531444519758224 -0.3754248023033142 -0.13332165777683258
-0.1330464482307434 -0.31077292561531067 -0.07053516060113907
-0.2071816474199295 -0.24824050068855286 -0.007438436150550842
-0.27976855635643005 -0.18887630105018616 0.055520545691251755
-0.3496219217777252 -0.13373811542987823 0.11787520349025726
-0.4155478775501251 -0.08388420194387436 0.17914368212223053
-0.4763525724411011 -0.04036407172679901 0.23883196711540222
-0.530982255935669 -0.004017110913991928 0.29642122983932495
-0.5793794989585876 0.025764985010027885 0.3512926697731018
-0.6219991445541382 0.05027163401246071 0.4028661251068115
-0.6593681573867798 0.07082336395978928 0.4506578743457794
-0.6920608878135681 0.08875247091054916 0.4942643642425537
-0.720680832862854 0.10539783537387848 0.5333410501480103
-0.7458493113517761 0.12211120128631592 0.5675798654556274
-0.7681975364685059 0.14027522504329681 0.5966842174530029
-0.7883670926094055 0.16133436560630798 0.6203421354293823
-0.8070136904716492 0.18684007227420807 0.6381950974464417
-0.8248188495635986 0.21851520240306854 0.6498019695281982
-0.8425089716911316 0.25834420323371887 0.6545928120613098
-0.8608846664428711 0.3087010383605957 0.6518086194992065
-0.8808643221855164 0.37253421545028687 0.6404158473014832
-0.9035513997077942 0.453645795583725 0.6189824938774109
-0.9303368926048279 0.557117760181427 0.5854864120483398
-0.9878750443458557 -0.6946789026260376 0.6375688314437866
-0.7911298274993896 -0.43675053119659424 0.4512752592563629
-0.6377583146095276 -0.2309947907924652 0.3104594945907593
-0.5222799181938171 -0.07138005644083023 0.20893394947052002
-0.4397348463535309 0.04752018302679062 0.14107313752174377
-0.38558971881866455 0.13063612580299377 0.10171057283878326
-0.35565897822380066 0.1824910193681717 0.08605340868234634
-0.34604203701019287 0.2072744369506836 0.08961334824562073
-0.3530701994895935 0.2089024782180786 0.10814962536096573
-0.3732641637325287 0.19106806814670563 0.1376228630542755
-0.4032987356185913 0.1572822481393814 0.17415714263916016
-0.43997400999069214 0.11090809851884842 0.214009627699852
-0.4801924228668213 0.0551883764564991 0.25354674458503723
-0.520941436290741 -0.0067322575487196445 0.2892260253429413
-0.5592787861824036 -0.07178949564695358 0.31758227944374084
-0.5923239588737488 -0.1369864046573639 0.33521923422813416
-0.6172562837600708 -0.19938871264457703 0.3388116657733917
-0.6322855949401855 -0.2570420205593109 0.3265487253665924
-0.6378237009048462 -0.3100843131542206 0.2998703122138977
-0.6345604658126831 -0.3589230179786682 0.26061224937438965
-0.6231663823127747 -0.40395304560661316 0.2105664163827896
-0.6042956113815308 -0.44555845856666565 0.15148328244686127
-0.5785863399505615 -0.48411229252815247 0.08507678657770157
-0.5466625094413757 -0.519977867603302 0.013025262393057346
-0.5091346502304077 -0.553509533405304 -0.0630260556936264
-0.46660175919532776 -0.5850526690483093 -0.14146274328231812
-0.41965141892433167 -0.6149448752403259 -0.22070029377937317
-0.36886030435562134 -0.6435160040855408 -0.29918280243873596
-0.31479576230049133 -0.6710880994796753 -0.3753820061683655
-0.25801602005958557 -0.6979766488075256 -0.44779640436172485
-0.19906970858573914 -0.7244897484779358 -0.5149519443511963
-0.1384977102279663 -0.7509291768074036 -0.5754004120826721
-0.07683567702770233 -0.7775806188583374 -0.6277406811714172
-0.014736376702785492 -0.8043690919876099 -0.6713641881942749
0.04700125753879547 -0.8307639956474304 -0.7066676616668701
0.10759199410676956 -0.8562183976173401 -0.7341116666793823
0.1662747710943222 -0.8801993727684021 -0.7541497945785522
0.22230997681617737 -0.9021867513656616 -0.7672271132469177
0.27497804164886475 -0.9216715097427368 -0.7737777829170227
0.3235768675804138 -0.938153862953186 -0.7742229700088501
0.36741816997528076 -0.9511418342590332 -0.7689706087112427
0.4058244228363037 -0.960147500038147 -0.7584131956100464
0.4381249248981476 -0.9646854400634766 -0.7429280281066895
0.4636518359184265 -0.9642690420150757 -0.7228755354881287
0.48173490166664124 -0.9584074020385742 -0.6986002922058105
0.49169695377349854 -0.9466014504432678 -0.6704300045967102
0.49284809827804565 -0.9283403754234314 -0.6386757493019104
0.4844798445701599 -0.9030965566635132 -0.6036323308944702
0.46592238545417786 -0.8703740835189819 -0.5655756592750549
0.437429279088974 -0.8304371237754822 -0.524727463722229
0.3999660313129425 -0.7841424942016602 -0.4812796413898468
0.3545073866844177 -0.732361912727356 -0.4354313910007477
0.30202895402908325 -0.6759760975837708 -0.3873935639858246
0.2435174584388733 -0.6158811450004578 -0.33739128708839417
0.17997676134109497 -0.5529932379722595 -0.28566527366638184
0.11243560910224915 -0.48825371265411377 -0.23247531056404114
0.04195094853639603 -0.42263108491897583 -0.17810110747814178
-0.030389398336410522 -0.35712140798568726 -0.12284298241138458
-0.10346652567386627 -0.29274696111679077 -0.06702297180891037
-0.17613136768341064 -0.23055370151996613 -0.010984590277075768
-0.24720987677574158 -0.17160558700561523 0.04490865394473076
-0.31550657749176025 -0.11697857826948166 0.1002735048532486
-0.3798147439956665 -0.06775131076574326 0.15471017360687256
-0.43892544507980347 -0.024994270876049995 0.2078050971031189
-0.491778165102005 0.010443425737321377 0.2591138780117035
-0.5383713245391846 0.03923599794507027 0.30805569887161255
-0.5792451500892639 0.06277380138635635 0.35406693816185
-0.6150118708610535 0.08247852325439453 0.39667364954948425
-0.6463310718536377 0.09978307783603668 0.4354773461818695
-0.6738919615745544 0.11612630635499954 0.4701352119445801
-0.6984027624130249 0.13296093046665192 0.5003390908241272
-0.7205857634544373 0.1517738252878189 0.5257917046546936
-0.7411800622940063 0.17412084341049194 0.5461809635162354
-0.760951042175293 0.20167700946331024 0.5611503720283508
-0.7807068228721619 0.23630791902542114 0.570263683795929
-0.8013266324996948 0.2801697254180908 0.5729615092277527
-0.8238011002540588 0.33585038781166077 0.5685020685195923
-0.8492938280105591 0.4065743088722229 0.5558798313140869
-0.8792333006858826 0.4965103268623352 0.5337043404579163
-0.9154548645019531 0.6112435460090637 0.5000163316726685
-0.9921683669090271 -0.7762625217437744 0.5393010973930359
-0.7796126008033752 -0.5195936560630798 0.3697308301925659
-0.6148146986961365 -0.31386512517929077 0.24384650588035583
-0.49151885509490967 -0.15298153460025787 0.15545684099197388
-0.4041444659233093 -0.03154928609728813 0.09900300949811935
-0.3476503789424896 0.055261917412281036 0.06942912936210632
-0.31742581725120544 0.11182992905378342 0.06207855045795441
-0.30920320749282837 0.1421700119972229 0.07261105626821518
-0.31898725032806396 0.1500076949596405 0.0969357043504715
-0.3429977297782898 0.13883806765079498 0.13115763664245605
-0.37762364745140076 0.11197403818368912 0.1715351790189743
-0.41938677430152893 0.07258569449186325 0.2144467681646347
-0.46491289138793945 0.02373126707971096 0.2563655376434326
-0.5109111666679382 -0.03161831200122833 0.2938416302204132
-0.5541580319404602 -0.09056051075458527 0.3234896659851074
-0.5914886593818665 -0.15024833381175995 0.34198328852653503
-0.6197977066040039 -0.20788617432117462 0.3460615873336792
-0.6371209621429443 -0.26158761978149414 0.3339746594429016
-0.6439422965049744 -0.3114192485809326 0.3072235882282257
-0.641059160232544 -0.35770320892333984 0.26771053671836853
-0.6292517781257629 -0.40075409412384033 0.21729721128940582
-0.609283983707428 -0.44087961316108704 0.15780654549598694
-0.5819044709205627 -0.47838014364242554 0.0910244882106781
-0.5478469133377075 -0.5135494470596313 0.018701011314988136
-0.5078302025794983 -0.5466749668121338 -0.05744998902082443
-0.4625597596168518 -0.578037679195404 -0.13574843108654022
-0.41272732615470886 -0.6079126000404358 -0.21454790234565735
-0.35901135206222534 -0.6365687251091003 -0.2922358512878418
-0.30207768082618713 -0.6642695665359497 -0.36723217368125916
-0.24257977306842804 -0.6912721991539001 -0.4379886984825134
-0.1811581403017044 -0.7178288698196411 -0.5029904246330261
-0.11844173073768616 -0.7441859841346741 -0.5607538223266602
-0.05504928529262543 -0.7705758213996887 -0.6098486185073853
0.008336747996509075 -0.7969028353691101 -0.6497061252593994
0.07095535099506378 -0.8226575255393982 -0.680845320224762
0.13206568360328674 -0.8473179936408997 -0.7038511633872986
0.19095298647880554 -0.8703774213790894 -0.7192985415458679
0.24692559242248535 -0.891342043876648 -0.727749228477478
0.2993127703666687 -0.9097295999526978 -0.7297496199607849
0.34746214747428894 -0.925067663192749 -0.7258297801017761
0.390735387802124 -0.9368909597396851 -0.7165015339851379
0.42850491404533386 -0.9447382092475891 -0.7022581100463867
0.46014896035194397 -0.948149561882019 -0.6835737824440002
0.4850480556488037 -0.9466633200645447 -0.6609035730361938
0.5025783777236938 -0.9398115277290344 -0.6346835494041443
0.5121073126792908 -0.9271166920661926 -0.6053315997123718
0.5129867196083069 -0.9080866575241089 -0.5732479691505432
0.5045465230941772 -0.8822101354598999 -0.5388162732124329
0.48614946007728577 -0.8490023016929626 -0.5023950338363647
0.45804885029792786 -0.8087186217308044 -0.4641903340816498
0.42118608951568604 -0.7621921896934509 -0.4243036210536957
0.3765099346637726 -0.710272490978241 -0.3828442096710205
0.32497161626815796 -0.6538191437721252 -0.33993440866470337
0.2675345540046692 -0.5937104225158691 -0.2957117557525635
0.2051825374364853 -0.5308474898338318 -0.25032979249954224
0.13892744481563568 -0.4661618769168854 -0.20396092534065247
0.0698138102889061 -0.4006158113479614 -0.15679700672626495
-0.0010784409241750836 -0.33520442247390747 -0.10905028134584427
-0.07263336330652237 -0.27095380425453186 -0.06095391884446144
-0.14370030164718628 -0.2089182734489441 -0.012761960737407207
-0.21309877932071686 -0.15017428994178772 0.035251718014478683
-0.27962395548820496 -0.09581346064805984 0.08279386162757874
-0.3420562744140625 -0.046931810677051544 0.12955449521541595
-0.39917343854904175 -0.004617899190634489 0.17520947754383087
-0.449911504983902 0.03026970848441124 0.2193990796804428
-0.49433982372283936 0.05845142528414726 0.2615959346294403
-0.533102810382843 0.08139033615589142 0.30126842856407166
-0.566916286945343 0.10058222711086273 0.33796629309654236
-0.596542477607727 0.11753367632627487 0.37130820751190186
-0.6227722764015198 0.13375671207904816 0.40096408128738403
-0.6464166045188904 0.15077757835388184 0.4266355037689209
-0.6683038473129272 0.1701584756374359 0.4480336308479309
-0.6892869472503662 0.19353558123111725 0.46485573053359985
-0.7102570533752441 0.2226729542016983 0.4767570197582245
-0.7321687936782837 0.2595396637916565 0.48331770300865173
-0.7560775279998779 0.30641740560531616 0.4840017259120941
-0.7831943035125732 0.36605268716812134 0.47810104489326477
-0.8149669766426086 0.4418775141239166 0.46465808153152466
-0.853203535079956 0.5383417010307312 0.44235119223594666
-0.9002614617347717 0.6614238619804382 0.4093189835548401
-0.9950970411300659 -0.8473554849624634 0.433292418718338
-0.7671021819114685 -0.5957698822021484 0.2812584638595581
-0.5910544395446777 -0.39293965697288513 0.1707744151353836
-0.45993828773498535 -0.23286020755767822 0.09574352949857712
-0.3675742745399475 -0.11029774695634842 0.0507492832839489
-0.3084382116794586 -0.020627863705158234 0.0309048593044281
-0.27751970291137695 0.04029232636094093 0.03173533082008362
-0.2702093720436096 0.07622597366571426 0.0490841381251812
-0.2822089195251465 0.09063803404569626 0.07903878390789032
-0.30945953726768494 0.08676141500473022 0.11787256598472595
-0.3480847179889679 0.06764988601207733 0.16199831664562225
-0.3943457007408142 0.03622090443968773 0.20793361961841583
-0.44460752606391907 -0.004710744135081768 0.2522747814655304
-0.4953140616416931 -0.05240693688392639 0.29167988896369934
-0.5429714918136597 -0.10418636351823807 0.32285788655281067
-0.584139347076416 -0.1574118435382843 0.34256646037101746
-0.615434467792511 -0.20948605239391327 0.34762144088745117
-0.6347212195396423 -0.2586286962032318 0.3363368511199951
-0.6425507068634033 -0.3048253059387207 0.3102561831474304
-0.6398231983184814 -0.34829631447792053 0.27132678031921387
-0.6274250149726868 -0.38925865292549133 0.22146107256412506
-0.6062272191047668 -0.42792612314224243 0.1625349521636963
-0.5770864486694336 -0.4645088315010071 0.09638888388872147
-0.5408444404602051 -0.4992133378982544 0.02482670731842518
-0.49832719564437866 -0.5322429537773132 -0.05038478225469589
-0.4503452479839325 -0.5637966990470886 -0.12751559913158417
-0.39769381284713745 -0.5940704941749573 -0.20487277209758759
-0.3411519527435303 -0.6232562065124512 -0.28080087900161743
-0.28148311376571655 -0.6515423059463501 -0.353681743144989
-0.2194349467754364 -0.6791127920150757 -0.4219336211681366
-0.1557387262582779 -0.7061487436294556 -0.48401328921318054
-0.0911102220416069 -0.732826828956604 -0.5384132862091064
-0.026249829679727554 -0.7593128085136414 -0.5836864709854126
0.03813343867659569 -0.7854843139648438 -0.6193073987960815
0.10132140666246414 -0.810857355594635 -0.6459122896194458
0.16262255609035492 -0.8349396586418152 -0.6642047762870789
0.22137285768985748 -0.8572540283203125 -0.6748741269111633
0.27693265676498413 -0.8773375153541565 -0.6785922646522522
0.3286840319633484 -0.894738495349884 -0.6760115027427673
0.3760278820991516 -0.9090152978897095 -0.6677632927894592
0.41837894916534424 -0.9197328090667725 -0.6544570326805115
0.4551624655723572 -0.9264594316482544 -0.636679470539093
0.4858089089393616 -0.9287644028663635 -0.6149953603744507
0.5097494125366211 -0.9262133836746216 -0.5899472832679749
0.5264094471931458 -0.9183645248413086 -0.5620570778846741
0.5352035760879517 -0.9047644138336182 -0.5318270921707153
0.5355285406112671 -0.8849432468414307 -0.49974194169044495
0.5267558097839355 -0.8584085702896118 -0.46626967191696167
0.5082839131355286 -0.8246901035308838 -0.43184903264045715
0.48036813735961914 -0.7840341925621033 -0.3966708183288574
0.4439261555671692 -0.737248420715332 -0.3607494533061981
0.39988261461257935 -0.6851569414138794 -0.32410770654678345
0.34916502237319946 -0.6285963654518127 -0.2867825925350189
0.2927156388759613 -0.568424642086029 -0.2488269805908203
0.23149895668029785 -0.5055261254310608 -0.210309237241745
0.16651201248168945 -0.44081926345825195 -0.17131569981575012
0.09878796339035034 -0.3752581775188446 -0.13195058703422546
0.029399754479527473 -0.30983424186706543 -0.09233666211366653
-0.04053884372115135 -0.2455749213695526 -0.05261572077870369
-0.1098751574754715 -0.18354040384292603 -0.012948434799909592
-0.17742276191711426 -0.12481671571731567 0.026486581191420555
-0.2419675886631012 -0.07050837576389313 0.06549298018217087
-0.3022792339324951 -0.0217262152582407 0.10385887324810028
-0.3571239411830902 0.020426204428076744 0.1413588672876358
-0.40543895959854126 0.05508127063512802 0.17772851884365082
-0.44737768173217773 0.08298749476671219 0.2125069946050644
-0.4837051033973694 0.10565484315156937 0.24520684778690338
-0.5152564644813538 0.12462779134511948 0.27541202306747437
-0.5429108142852783 0.14146192371845245 0.3027668297290802
-0.5675742626190186 0.157717764377594 0.32696059346199036
-0.5901726484298706 0.1749696582555771 0.34771043062210083
-0.6116523146629333 0.194829061627388 0.3647412657737732
-0.6329919695854187 0.21898411214351654 0.3777642846107483
-0.6552225947380066 0.2492569386959076 0.38645151257514954
-0.6794604659080505 0.28768473863601685 0.39040514826774597
-0.7069567441940308 0.3366336524486542 0.38911959528923035
-0.7391683459281921 0.39895957708358765 0.38192933797836304
-0.7778626680374146 0.47824200987815857 0.3679367005825043
-0.8252771496772766 0.5791371464729309 0.3459043502807617
-0.8843633532524109 0.7079210877418518 0.3140898644924164
-0.9956052303314209 -0.9070218205451965 0.3220910131931305
-0.752855122089386 -0.6642427444458008 0.18820904195308685
-0.5659849643707275 -0.4671245813369751 0.0934162512421608
-0.4272509515285492 -0.30990973114967346 0.0318056084215641
-0.3299066424369812 -0.187649205327034 -0.0018252403242513537
-0.26797717809677124 -0.09602546691894531 -0.012138797901570797
-0.2360830157995224 -0.031214235350489616 -0.0033860323019325733
-0.22930195927619934 0.01022406481206417 0.020493563264608383
-0.24305948615074158 0.031431082636117935 0.05579284206032753
-0.2730426788330078 0.035319793969392776 0.09897588938474655
-0.31513193249702454 0.024630198255181313 0.14662982523441315
-0.36534813046455383 0.0019736248068511486 0.19542932510375977
-0.41981297731399536 -0.030132198706269264 0.24211087822914124
-0.4747210443019867 -0.06923621892929077 0.28345656394958496
-0.5263211727142334 -0.11293385922908783 0.31628531217575073
-0.5709084272384644 -0.15885384380817413 0.3374535143375397
-0.6048311591148376 -0.2046540230512619 0.343868225812912
-0.6257856488227844 -0.24869729578495026 0.3339102566242218
-0.6343852877616882 -0.2908812463283539 0.3091464638710022
-0.63162761926651 -0.3313104212284088 0.2715485095977783
-0.6184999942779541 -0.37008944153785706 0.22305844724178314
-0.5959773063659668 -0.4073229432106018 0.16558599472045898
-0.5650209784507751 -0.44311490654945374 0.10100723057985306
-0.5265778303146362 -0.47756874561309814 0.031162502244114876
-0.4815787374973297 -0.5107876062393188 -0.04214593023061752
-0.4309379756450653 -0.5428733229637146 -0.11715391278266907
-0.375552237033844 -0.5739267468452454 -0.19213688373565674
-0.3162996172904968 -0.6040480136871338 -0.26541122794151306
-0.2540397346019745 -0.6333355903625488 -0.33533406257629395
-0.18961308896541595 -0.66188645362854 -0.4003031849861145
-0.12384016811847687 -0.6897969841957092 -0.45875921845436096
-0.057522084563970566 -0.717161238193512 -0.5091826319694519
0.00856072548776865 -0.7440657019615173 -0.5501200556755066
0.07367563992738724 -0.7703568935394287 -0.5810931921005249
0.13715167343616486 -0.7955797910690308 -0.6028494238853455
0.19835059344768524 -0.819275438785553 -0.6162036061286926
0.25666308403015137 -0.841001033782959 -0.6219529509544373
0.31150487065315247 -0.8603277206420898 -0.6208723187446594
0.36231401562690735 -0.8768383264541626 -0.6137126684188843
0.40854722261428833 -0.8901247382164001 -0.6011996269226074
0.44967517256736755 -0.8997856378555298 -0.5840327739715576
0.485178142786026 -0.9054220914840698 -0.5628854036331177
0.5145406126976013 -0.9066343903541565 -0.5384055376052856
0.537246823310852 -0.9030189514160156 -0.5112169981002808
0.5527734160423279 -0.8941627740859985 -0.48192107677459717
0.5605841875076294 -0.8796391487121582 -0.4510989487171173
0.5601226687431335 -0.8590026497840881 -0.41931411623954773
0.5508047342300415 -0.8317831158638 -0.38711538910865784
0.5320676565170288 -0.7975277900695801 -0.35501837730407715
0.5041700601577759 -0.7564736008644104 -0.32319968938827515
0.4680071473121643 -0.7094009518623352 -0.2915903329849243
0.4244804084300995 -0.6571069955825806 -0.2601304352283478
0.3744952976703644 -0.6004034876823425 -0.22877554595470428
0.3189737796783447 -0.540125846862793 -0.1974966675043106
0.25886353850364685 -0.47713974118232727 -0.16627971827983856
0.19514726102352142 -0.41234856843948364 -0.13512612879276276
0.12884801626205444 -0.34669601917266846 -0.10405288636684418
0.06103283911943436 -0.28116750717163086 -0.07309228181838989
-0.007186651695519686 -0.21678908169269562 -0.04229210689663887
-0.07465571165084839 -0.15462419390678406 -0.011715621687471867
-0.14018267393112183 -0.09576591104269028 0.018559427931904793
-0.20254583656787872 -0.041328851133584976 0.04844071716070175
-0.2605059742927551 0.007564364466816187 0.07782286405563354
-0.3128211200237274 0.049798011779785156 0.10658878833055496
-0.3584343194961548 0.08449622243642807 0.13457980751991272
-0.397595077753067 0.11241882294416428 0.1614120900630951
-0.43120303750038147 0.1350989043712616 0.18665145337581635
-0.46022555232048035 0.1541065126657486 0.20992232859134674
-0.48566991090774536 0.1710234433412552 0.23089919984340668
-0.5085675120353699 0.18743610382080078 0.24929393827915192
-0.5299680233001709 0.20494408905506134 0.2648407518863678
-0.5509450435638428 0.22518432140350342 0.27727919816970825
-0.5726115703582764 0.2498716562986374 0.2863350212574005
-0.596147894859314 0.28085827827453613 0.291697233915329
-0.622844398021698 0.32021814584732056 0.29299065470695496
-0.6541634202003479 0.370365172624588 0.28974106907844543
-0.6918292045593262 0.43422070145606995 0.28132763504981995
-0.7379598617553711 0.5154582262039185 0.2669160068035126
-0.7952671051025391 0.6188729405403137 0.2453581541776657
-0.8673669695854187 0.7509544491767883 0.21503841876983643
-0.9926321506500244 -0.9543834328651428 0.2083645612001419
-0.7361288666725159 -0.7239954471588135 0.09302765130996704
-0.5391198992729187 -0.5353215932846069 0.014021995477378368
-0.3931792378425598 -0.3830048739910126 -0.0342804491519928
-0.2910371422767639 -0.26250046491622925 -0.05680093169212341
-0.22630737721920013 -0.16989204287528992 -0.05792750418186188
-0.19327722489833832 -0.10175041854381561 -0.04164845868945122
-0.18674403429031372 -0.05502333864569664 -0.0116559574380517
-0.201886847615242 -0.026948096230626106 0.02857310324907303
-0.23416543006896973 -0.014981984160840511 0.07571481913328171
-0.2792415916919708 -0.016746895387768745 0.12654967606067657
-0.33291807770729065 -0.029984813183546066 0.17792722582817078
-0.3910934627056122 -0.052522893995046616 0.22674135863780975
-0.4497303366661072 -0.08224626630544662 0.2699149549007416
-0.5048360228538513 -0.11707788705825806 0.30439358949661255
-0.5524547696113586 -0.15496483445167542 0.3271483778953552
-0.5886776447296143 -0.193873330950737 0.33519288897514343
-0.6110383868217468 -0.23234547674655914 0.326978862285614
-0.6202062368392944 -0.27018657326698303 0.3040773868560791
-0.6172698736190796 -0.3073742389678955 0.26846274733543396
-0.6033119559288025 -0.34388846158981323 0.22208601236343384
-0.5794060230255127 -0.37971168756484985 0.1668703705072403
-0.5466145873069763 -0.4148283302783966 0.10470845550298691
-0.5059860348701477 -0.4492247402667999 0.037458423525094986
-0.4585530459880829 -0.4828898310661316 -0.03305889666080475
-0.40533071756362915 -0.5158140063285828 -0.10506177693605423
-0.3473149240016937 -0.5479894876480103 -0.17680972814559937
-0.2854808270931244 -0.5794105529785156 -0.24660536646842957
-0.22078217566013336 -0.6100728511810303 -0.3127947449684143
-0.15415062010288239 -0.6399737596511841 -0.3737684190273285
-0.08649388700723648 -0.6691120862960815 -0.42796245217323303
-0.018696755170822144 -0.6974878311157227 -0.4738573133945465
0.04838211461901665 -0.7250975966453552 -0.5100038647651672
0.11398908495903015 -0.7517518997192383 -0.5359737277030945
0.17750395834445953 -0.7770282030105591 -0.5526185631752014
0.238345205783844 -0.8005050420761108 -0.5608576536178589
0.2959611713886261 -0.8217775225639343 -0.561587929725647
0.3498257100582123 -0.8404543399810791 -0.5556799173355103
0.3994351625442505 -0.8561559319496155 -0.5439754724502563
0.4443044066429138 -0.8685113191604614 -0.5272868275642395
0.48396146297454834 -0.8771550059318542 -0.5063959956169128
0.5179434418678284 -0.8817234635353088 -0.4820556044578552
0.545790433883667 -0.8818515539169312 -0.45499008893966675
0.5670406818389893 -0.8771679997444153 -0.4258972704410553
0.5812236070632935 -0.8672909140586853 -0.3954518437385559
0.5878537893295288 -0.8518230319023132 -0.3643077313899994
0.5864231586456299 -0.8303459882736206 -0.33310237526893616
0.576393723487854 -0.8024142980575562 -0.30246081948280334
0.5572439432144165 -0.7675951719284058 -0.27297213673591614
0.5292375087738037 -0.7261170148849487 -0.24479986727237701
0.49324777722358704 -0.6787315011024475 -0.21779564023017883
0.4501544237136841 -0.6262074112892151 -0.19182081520557404
0.40084245800971985 -0.5693299174308777 -0.16675329208374023
0.3462153673171997 -0.5089110732078552 -0.14248572289943695
0.2872048318386078 -0.44579580426216125 -0.11892373114824295
0.22478081285953522 -0.38087084889411926 -0.09598566591739655
0.15995724499225616 -0.31506723165512085 -0.0736013874411583
0.0937955379486084 -0.2493620067834854 -0.05171174928545952
0.02740543894469738 -0.18477781116962433 -0.030268168076872826
-0.03805703669786453 -0.12237841635942459 -0.00923234410583973
-0.10139622539281845 -0.06326119601726532 0.011424323543906212
-0.16138489544391632 -0.008547842502593994 0.03172055631875992
-0.2167779952287674 0.04063010588288307 0.05166587233543396
-0.2663291096687317 0.08314787596464157 0.07126085460186005
-0.30899277329444885 0.1181221455335617 0.09046237915754318
-0.34512460231781006 0.1463090181350708 0.10897155851125717
-0.37577036023139954 0.1692430078983307 0.1264123022556305
-0.40203940868377686 0.1884986013174057 0.1424521505832672
-0.4250757694244385 0.20566308498382568 0.156796395778656
-0.44604262709617615 0.22232823073863983 0.1691782921552658
-0.46612024307250977 0.24009858071804047 0.17934714257717133
-0.4865139126777649 0.2606150209903717 0.18705400824546814
-0.508476972579956 0.2855966091156006 0.19203537702560425
-0.5333455204963684 0.31690093874931335 0.1939932256937027
-0.5625921487808228 0.35661062598228455 0.19257080554962158
-0.5979027152061462 0.40715453028678894 0.18732093274593353
-0.6412862539291382 0.47148022055625916 0.17766286432743073
-0.695237934589386 0.5533064603805542 0.1628207117319107
-0.7629855871200562 0.6575066447257996 0.14173102378845215
-0.8488747477531433 0.790705680847168 0.11289891600608826
-0.9851288199424744 -0.9886394143104553 0.09486742317676544
-0.7161925435066223 -0.7740476727485657 -0.0017728686798363924
-0.5099844932556152 -0.596442461013794 -0.06510268151760101
-0.3574589490890503 -0.4510136544704437 -0.1003897562623024
-0.25087642669677734 -0.33373120427131653 -0.11221445351839066
-0.18348608911037445 -0.24116583168506622 -0.104645736515522
-0.1492830067873001 -0.17035119235515594 -0.08137522637844086
-0.14282020926475525 -0.11867807060480118 -0.04582081735134125
-0.15906250476837158 -0.08381037414073944 -0.00120678567327559
-0.19327178597450256 -0.06361883133649826 0.04937446489930153
-0.24091768264770508 -0.056128114461898804 0.10291486233472824
-0.2976090610027313 -0.0594741627573967 0.15645647048950195
-0.3590433597564697 -0.07187066972255707 0.20706768333911896
-0.42097145318984985 -0.09158255159854889 0.2518298625946045
-0.4791768789291382 -0.11690590530633926 0.28783249855041504
-0.5294689536094666 -0.14615407586097717 0.31217890977859497
-0.5676958560943604 -0.1776510775089264 0.3220056891441345
-0.5912348031997681 -0.2101525515317917 0.31584063172340393
-0.6008048057556152 -0.2433696985244751 0.2952403724193573
-0.5975778698921204 -0.2771453559398651 0.2621603310108185
-0.5827257633209229 -0.3113254904747009 0.21853934228420258
-0.5574148893356323 -0.34575995802879333 0.1662936955690384
-0.5228030681610107 -0.38030239939689636 0.1073126494884491
-0.4800364375114441 -0.41481053829193115 0.04345385357737541
-0.43024516105651855 -0.4491468071937561 -0.023461587727069855
-0.3745418190956116 -0.48317793011665344 -0.09165101498365402
-0.314018577337265 -0.5167754292488098 -0.15937376022338867
-0.24974487721920013 -0.5498158931732178 -0.2249336838722229
-0.18276627361774445 -0.5821803212165833 -0.2866799533367157
-0.11410310864448547 -0.6137546300888062 -0.3430083096027374
-0.04474842920899391 -0.6444296836853027 -0.39236319065093994
0.02433132193982601 -0.6741011142730713 -0.43323615193367004
0.09220124036073685 -0.702665388584137 -0.4641929268836975
0.1580890715122223 -0.7298934459686279 -0.4848576486110687
0.22142799198627472 -0.7553982734680176 -0.4961787462234497
0.2816958427429199 -0.7787995934486389 -0.49917179346084595
0.3384006917476654 -0.7997336387634277 -0.4948255121707916
0.3910764753818512 -0.81784987449646 -0.4840976893901825
0.4392794668674469 -0.8328092098236084 -0.46791329979896545
0.48258382081985474 -0.8442802429199219 -0.44716304540634155
0.5205763578414917 -0.8519365191459656 -0.4227040410041809
0.552851676940918 -0.8554520606994629 -0.3953603506088257
0.5790061950683594 -0.8544982075691223 -0.36592555046081543
0.5986329913139343 -0.8487383723258972 -0.33516475558280945
0.6113150715827942 -0.837824285030365 -0.30381932854652405
0.6166180968284607 -0.8213897943496704 -0.2726100981235504
0.614084005355835 -0.799045979976654 -0.24224306643009186
0.6032222509384155 -0.7703746557235718 -0.21341465413570404
0.5835541486740112 -0.7349655628204346 -0.18678399920463562
0.5553496479988098 -0.6930391788482666 -0.162502259016037
0.5194617509841919 -0.6453171968460083 -0.14034567773342133
0.4767497181892395 -0.5925394296646118 -0.12010101228952408
0.4280794560909271 -0.5354640483856201 -0.10157209634780884
0.3743375241756439 -0.4748776853084564 -0.08457628637552261
0.31644105911254883 -0.4116038680076599 -0.06894148141145706
0.2553485929965973 -0.34651076793670654 -0.05450431630015373
0.19206562638282776 -0.2805151045322418 -0.04110793396830559
0.12764811515808105 -0.21458351612091064 -0.028600679710507393
0.06320349872112274 -0.14973245561122894 -0.016835184767842293
-0.00011191547673661262 -0.08702351152896881 -0.005667786113917828
-0.06110036373138428 -0.027555378153920174 0.005041820462793112
-0.11853194236755371 0.027546215802431107 0.015430090948939323
-0.17115941643714905 0.0771440863609314 0.025629259645938873
-0.21773666143417358 0.12010768800973892 0.03576635196805
-0.25723543763160706 0.15554732084274292 0.045922596007585526
-0.29012611508369446 0.18420197069644928 0.0558885894715786
-0.3176090717315674 0.2075878232717514 0.0653470978140831
-0.3409423828125 0.2272646278142929 0.07400720566511154
-0.361411988735199 0.24480673670768738 0.08160164207220078
-0.3803173005580902 0.2617930769920349 0.08788026869297028
-0.39897099137306213 0.2798145115375519 0.09260144829750061
-0.41871312260627747 0.30049729347229004 0.095520980656147
-0.440939337015152 0.32554492354393005 0.09637869149446487
-0.467144638299942 0.3567982316017151 0.09488151967525482
-0.49898916482925415 0.39632388949394226 0.09068232029676437
-0.5383901596069336 0.4465361535549164 0.08335144817829132
-0.5876555442810059 0.5103733539581299 0.07233749330043793
-0.6496798396110535 0.5915551781654358 0.056910548359155655
-0.7282437682151794 0.6949763894081116 0.03607618436217308
-0.8284830451011658 0.8273240923881531 0.00844079814851284
-0.9720741510391235 -1.00908362865448 -0.015593640506267548
-0.6923372149467468 -0.8134717345237732 -0.09363970160484314
-0.4781229496002197 -0.6494237780570984 -0.14161890745162964
-0.31984299421310425 -0.5128098130226135 -0.16436751186847687
-0.2093520611524582 -0.40021437406539917 -0.1660734862089157
-0.13958846032619476 -0.30877020955085754 -0.15044866502285004
-0.10430041700601578 -0.23603229224681854 -0.12085909396409988
-0.09783637523651123 -0.1798810213804245 -0.08042524755001068
-0.11498162895441055 -0.13844652473926544 -0.03209942951798439
-0.15083153545856476 -0.11004826426506042 0.021275170147418976
-0.2006921023130417 -0.09314734488725662 0.07691875100135803
-0.2600044012069702 -0.08630739897489548 0.1320827603340149
-0.32428890466690063 -0.0881638303399086 0.1840275079011917
-0.38910695910453796 -0.09739869087934494 0.23001055419445038
-0.45003870129585266 -0.11272136867046356 0.26728394627571106
-0.5026769042015076 -0.1328541487455368 0.2931015193462372
-0.5426430702209473 -0.15652361512184143 0.3047408163547516
-0.5671665072441101 -0.1827312856912613 0.3008122742176056
-0.5770086646080017 -0.21109530329704285 0.28284013271331787
-0.5734168887138367 -0.2413187325000763 0.25273948907852173
-0.5576439499855042 -0.2731073200702667 0.21241597831249237
-0.5309423208236694 -0.30617085099220276 0.16375820338726044
-0.4945596158504486 -0.3402234613895416 0.10863257944583893
-0.4497334659099579 -0.3749849498271942 0.04887653514742851
-0.3976871371269226 -0.4101816713809967 -0.013706306926906109
-0.33962640166282654 -0.4455465078353882 -0.07734990119934082
-0.27673599123954773 -0.4808200001716614 -0.14032964408397675
-0.21017619967460632 -0.5157505869865417 -0.20096570253372192
-0.14108158648014069 -0.5500945448875427 -0.2576245963573456
-0.07055851817131042 -0.5836166739463806 -0.3087209463119507
0.00031690194737166166 -0.6160904169082642 -0.35271960496902466
0.0704989805817604 -0.6472975015640259 -0.38813474774360657
0.13897861540317535 -0.6770262718200684 -0.4135579466819763
0.20496685802936554 -0.7050042748451233 -0.4286678433418274
0.26795220375061035 -0.7308833003044128 -0.4345018267631531
0.32747313380241394 -0.7543269991874695 -0.4321628510951996
0.38309893012046814 -0.7750154733657837 -0.4227227568626404
0.43442457914352417 -0.7926419973373413 -0.40721821784973145
0.4810669720172882 -0.8069104552268982 -0.38664892315864563
0.5226603150367737 -0.8175318241119385 -0.3619759678840637
0.5588502287864685 -0.8242204189300537 -0.33412331342697144
0.589289128780365 -0.8266903162002563 -0.30397912859916687
0.6136298775672913 -0.8246510028839111 -0.2723985016345978
0.6315205693244934 -0.8178028464317322 -0.2402070015668869
0.6425972580909729 -0.80583256483078 -0.20820586383342743
0.6464778780937195 -0.7884078621864319 -0.17717689275741577
0.6427541971206665 -0.7651709914207458 -0.14788879454135895
0.6309840083122253 -0.7357330322265625 -0.12110444903373718
0.610732913017273 -0.6997090578079224 -0.09754889458417892
0.5822787284851074 -0.6573125720024109 -0.07736153900623322
0.546454906463623 -0.6092347502708435 -0.060246944427490234
0.5041019320487976 -0.5561860799789429 -0.045921023935079575
0.4560685157775879 -0.49889665842056274 -0.034116897732019424
0.4032256603240967 -0.43812793493270874 -0.024579569697380066
0.3464776277542114 -0.37468019127845764 -0.017061304301023483
0.2867722511291504 -0.3094022274017334 -0.011318172328174114
0.22510720789432526 -0.24319449067115784 -0.007106791250407696
0.16253310441970825 -0.1770114004611969 -0.004182054195553064
0.1001543402671814 -0.11186055094003677 -0.0022955185268074274
0.03912575915455818 -0.04879864305257797 -0.0011945784790441394
-0.01935529336333275 0.011077536270022392 -0.0006224064854905009
-0.07405944913625717 0.06664159148931503 -0.00031880990718491375
-0.12374187260866165 0.11675424873828888 -2.1891142750973813e-05
-0.16716192662715912 0.1602826565504074 0.0005294358707033098
-0.20331481099128723 0.19633233547210693 0.001547830761410296
-0.23279224336147308 0.2256133109331131 0.0029142589773982763
-0.2569545805454254 0.24960578978061676 0.004366588778793812
-0.277212530374527 0.2698378562927246 0.005649736616760492
-0.29499590396881104 0.2878541648387909 0.0065164631232619286
-0.3117406368255615 0.3052046298980713 0.006724751554429531
-0.32889214158058167 0.32345050573349 0.006032636389136314
-0.34792402386665344 0.34418705105781555 0.004190545063465834
-0.3703734576702118 0.36908429861068726 0.0009308027219958603
-0.3978949785232544 0.399947851896286 -0.004046224523335695
-0.4323374927043915 0.43880584836006165 -0.011090802028775215
-0.47585466504096985 0.4880320727825165 -0.02062937617301941
-0.5310628414154053 0.5505231022834778 -0.03320082277059555
-0.601273775100708 0.6299585103988647 -0.04950950667262077
-0.6908522844314575 0.7312014698982239 -0.0705067440867424
-0.8057805299758911 0.8609301447868347 -0.0975194051861763
-0.9524924159049988 -1.015123963356018 -0.12020281702280045
-0.6638867259025574 -0.8414119482040405 -0.18001538515090942
-0.4431040287017822 -0.6932446360588074 -0.21318365633487701
-0.28010427951812744 -0.5672894716262817 -0.22405295073986053
-0.16640982031822205 -0.46083080768585205 -0.2163766324520111
-0.09470736235380173 -0.3716266453266144 -0.1934785395860672
-0.05854809284210205 -0.29780080914497375 -0.15837571024894714
-0.05211838334798813 -0.23776091635227203 -0.11387232691049576
-0.07006140053272247 -0.19013410806655884 -0.06263215839862823
-0.10733897238969803 -0.15371599793434143 -0.007233922369778156
-0.1591237336397171 -0.12743012607097626 0.04978647828102112
-0.22071708738803864 -0.11029444634914398 0.10590581595897675
-0.28748834133148193 -0.10139427334070206 0.15859346091747284
-0.3548336625099182 -0.09985963255167007 0.20530156791210175
-0.4181525707244873 -0.1048470139503479 0.24346357583999634
-0.47284215688705444 -0.11552446335554123 0.2705036401748657
-0.5143163800239563 -0.13106079399585724 0.2838599383831024
-0.539665937423706 -0.15073294937610626 0.2822331488132477
-0.5496877431869507 -0.17406965792179108 0.26709818840026855
-0.5456945896148682 -0.200632706284523 0.24030917882919312
-0.5290123820304871 -0.2299843281507492 0.20371797680854797
-0.5009716153144836 -0.261689692735672 0.159165158867836
-0.46290209889411926 -0.2953178882598877 0.10847386717796326
-0.4161270558834076 -0.33044418692588806 0.05344245210289955
-0.3619568645954132 -0.36665138602256775 -0.00416168849915266
-0.3016853928565979 -0.40353095531463623 -0.06260662525892258
-0.23658545315265656 -0.4406839609146118 -0.12020046263933182
-0.16790439188480377 -0.47772255539894104 -0.17529533803462982
-0.09686209261417389 -0.514270007610321 -0.22628982365131378
-0.024648187682032585 -0.5499616861343384 -0.2716308534145355
0.04758119955658913 -0.5844452977180481 -0.3098166584968567
0.11870338767766953 -0.6173813939094543 -0.33939582109451294
0.18763740360736847 -0.6484426856040955 -0.3589963912963867
0.25357919931411743 -0.6773108839988708 -0.368353933095932
0.3160731792449951 -0.7036781907081604 -0.3685857355594635
0.3747189939022064 -0.7272549271583557 -0.3608730137348175
0.4291473925113678 -0.7477681040763855 -0.3463617265224457
0.47901439666748047 -0.7649567127227783 -0.32615870237350464
0.5239975452423096 -0.7785700559616089 -0.30132928490638733
0.563790500164032 -0.7883630990982056 -0.2728968560695648
0.598097562789917 -0.7940935492515564 -0.24184423685073853
0.6266281008720398 -0.7955167293548584 -0.20911552011966705
0.6490910649299622 -0.792382538318634 -0.17562022805213928
0.665188729763031 -0.7844299077987671 -0.14223705232143402
0.6746100187301636 -0.7713823318481445 -0.10982055217027664
0.6770243048667908 -0.7529424428939819 -0.0792069137096405
0.6720734238624573 -0.7287864089012146 -0.05122193321585655
0.6593639254570007 -0.6985565423965454 -0.026689358055591583
0.638506293296814 -0.6618955135345459 -0.0063954805955290794
0.6097873449325562 -0.619010865688324 0.009532017633318901
0.5740227699279785 -0.5705634951591492 0.021456807851791382
0.5320359468460083 -0.5172343850135803 0.02973070554435253
0.4846600294113159 -0.4597255289554596 0.03468844294548035
0.4327522814273834 -0.39877259731292725 0.036655113101005554
0.37720537185668945 -0.33515244722366333 0.03595242276787758
0.31895753741264343 -0.2696931064128876 0.03290398046374321
0.25899872183799744 -0.2032771110534668 0.02783973142504692
0.19837406277656555 -0.13684462010860443 0.021099284291267395
0.13818351924419403 -0.07139207422733307 0.013034177012741566
0.07957854121923447 -0.007967960089445114 0.004009085241705179
0.023753028362989426 0.052336037158966064 -0.0055985520593822
-0.028068363666534424 0.10839676856994629 -0.015399901196360588
-0.0746479481458664 0.15907666087150574 -0.02499781921505928
-0.11475656181573868 0.20324458181858063 -0.03399128094315529
-0.14741894602775574 0.24000346660614014 -0.04203134402632713
-0.17335274815559387 0.27002400159835815 -0.04915006831288338
-0.1940804421901703 0.2947350740432739 -0.05556294322013855
-0.21116580069065094 0.31561797857284546 -0.06149931252002716
-0.22618135809898376 0.3341730833053589 -0.06719750165939331
-0.24069729447364807 0.3519071936607361 -0.0729033574461937
-0.2562883198261261 0.37033799290657043 -0.07887163758277893
-0.274557888507843 0.3910154104232788 -0.08537031710147858
-0.2971814274787903 0.41556116938591003 -0.0926881954073906
-0.3259696364402771 0.4457285702228546 -0.10114623606204987
-0.36295926570892334 0.4834880232810974 -0.11111409217119217
-0.4105415344238281 0.5311495065689087 -0.12303383648395538
-0.47164636850357056 0.5915381908416748 -0.13745436072349548
-0.550015389919281 0.6682555079460144 -0.1550828069448471
-0.6506232619285583 0.7660824060440063 -0.17686456441879272
-0.780346691608429 0.8916193246841431 -0.204110249876976
-0.9254714846611023 -1.0062974691390991 -0.21617728471755981
-0.6302095651626587 -0.8571009039878845 -0.25837260484695435
-0.40452903509140015 -0.7269430756568909 -0.27747872471809387
-0.23804092407226562 -0.6133859753608704 -0.27730387449264526
-0.12201561778783798 -0.5144825577735901 -0.26113414764404297
-0.04895354434847832 -0.4286658763885498 -0.2318822741508484
-0.012262227945029736 -0.35466504096984863 -0.19219842553138733
-0.006010822486132383 -0.29144227504730225 -0.14455600082874298
-0.024739427492022514 -0.2381439208984375 -0.0913170576095581
-0.0633111223578453 -0.19406089186668396 -0.034782614558935165
-0.1167970821261406 -0.15859760344028473 0.02276899479329586
-0.18038839101791382 -0.13124530017375946 0.07905516028404236
-0.24933111667633057 -0.11156020313501358 0.13177110254764557
-0.318882554769516 -0.09914405643939972 0.17858171463012695
-0.3842863440513611 -0.09362737834453583 0.21712179481983185
-0.4407672882080078 -0.09465440362691879 0.24500635266304016
-0.4835532605648041 -0.10186943411827087 0.25985509157180786
-0.5096079707145691 -0.1148514598608017 0.26046842336654663
-0.519755482673645 -0.13304586708545685 0.24825650453567505
-0.5153647661209106 -0.15587474405765533 0.22499287128448486
-0.4978245794773102 -0.18275700509548187 0.19245539605617523
-0.4685346782207489 -0.21311165392398834 0.1524166613817215
-0.4288990795612335 -0.24636027216911316 0.10663698613643646
-0.38031885027885437 -0.28192970156669617 0.0568561814725399
-0.32418498396873474 -0.31925487518310547 0.004786799196153879
-0.26187336444854736 -0.3577801585197449 -0.04789109528064728
-0.19473952054977417 -0.3969617187976837 -0.09953542053699493
-0.12411337345838547 -0.43626904487609863 -0.14854617416858673
-0.05129609629511833 -0.47518599033355713 -0.19336900115013123
0.022443147376179695 -0.5132116675376892 -0.23249736428260803
0.09587107598781586 -0.5498623251914978 -0.26447564363479614
0.16779083013534546 -0.58467036485672 -0.28789934515953064
0.23705199360847473 -0.6171875596046448 -0.3014439642429352
0.3028365671634674 -0.6470469832420349 -0.3049039840698242
0.3647441565990448 -0.6739831566810608 -0.2994673252105713
0.42243507504463196 -0.6977554559707642 -0.2863837778568268
0.4756004214286804 -0.7181389927864075 -0.2668638825416565
0.5239564776420593 -0.7349210977554321 -0.24207542836666107
0.5672401189804077 -0.7478980422019958 -0.21314069628715515
0.6052034497261047 -0.7568708062171936 -0.18113668262958527
0.6376078724861145 -0.7616416215896606 -0.14709676802158356
0.6642187237739563 -0.7620090246200562 -0.1120133325457573
0.6847992539405823 -0.7577646970748901 -0.07684266567230225
0.6991047263145447 -0.748687207698822 -0.042509421706199646
0.7068761587142944 -0.7345386743545532 -0.009914667345583439
0.7078332304954529 -0.7150586843490601 0.02005746215581894
0.701667070388794 -0.6899582743644714 0.046530406922101974
0.6880327463150024 -0.6589136123657227 0.06862535327672958
0.6665863394737244 -0.621597170829773 0.08550010621547699
0.6376243829727173 -0.578211784362793 0.09703931212425232
0.601947009563446 -0.5293889045715332 0.10367228090763092
0.5603621006011963 -0.47577980160713196 0.10581605136394501
0.5136891603469849 -0.4180590808391571 0.1038711816072464
0.46277371048927307 -0.3569362163543701 0.09823132306337357
0.4084979295730591 -0.29316452145576477 0.08929120004177094
0.3517912030220032 -0.2275499552488327 0.07745367288589478
0.2936362326145172 -0.16095635294914246 0.06313561648130417
0.2350715696811676 -0.094307079911232 0.04677211120724678
0.17719149589538574 -0.02858472242951393 0.02881961688399315
0.1211414635181427 0.03517346456646919 0.009757242165505886
0.06810826808214188 0.09588497132062912 -0.00991392508149147
0.019307341426610947 0.1524338722229004 -0.029672928154468536
-0.024036236107349396 0.20368902385234833 -0.04898377135396004
-0.06071077659726143 0.24852542579174042 -0.06730189919471741
-0.08977673202753067 0.2860461473464966 -0.08414015918970108
-0.11207971721887589 0.31687411665916443 -0.09945167601108551
-0.12930329144001007 0.3423736095428467 -0.11341880261898041
-0.14316125214099884 0.3639657497406006 -0.12625940144062042
-0.1553644984960556 0.38309434056282043 -0.1382177174091339
-0.1676119714975357 0.4012106657028198 -0.14955838024616241
-0.18160155415534973 0.4197768568992615 -0.16056418418884277
-0.19906039535999298 0.44028523564338684 -0.17153678834438324
-0.22179578244686127 0.4642963409423828 -0.18280230462551117
-0.2517690658569336 0.49349671602249146 -0.19472026824951172
-0.29120030999183655 0.529782235622406 -0.2076992690563202
-0.34271565079689026 0.5753777027130127 -0.22221986949443817
-0.4095596671104431 0.6330104470252991 -0.2388692945241928
-0.4959109127521515 0.7061683535575867 -0.2583938539028168
-0.6073716282844543 0.799501359462738 -0.28178176283836365
-0.7517518997192383 0.9194650053977966 -0.3103958070278168
-0.8901795744895935 -0.9822836518287659 -0.3008163571357727
-0.5907297134399414 -0.8598762154579163 -0.3262547254562378
-0.36203762888908386 -0.7496344447135925 -0.33224526047706604
-0.19347798824310303 -0.6500881314277649 -0.322025865316391
-0.07615596801042557 -0.5601103901863098 -0.2983933985233307
-0.002454614033922553 -0.4788441061973572 -0.2638334035873413
0.0343058742582798 -0.40564826130867004 -0.22061742842197418
0.04012671485543251 -0.3400574028491974 -0.17087779939174652
0.02053043432533741 -0.28174999356269836 -0.11666496098041534
-0.019283603876829147 -0.23052319884300232 -0.05999155715107918
-0.07431787997484207 -0.1862727701663971 -0.0028662504628300667
-0.13968399167060852 -0.1489747166633606 0.052683025598526
-0.2105342149734497 -0.11866947263479233 0.10459345579147339
-0.28201523423194885 -0.09544668346643448 0.15076099336147308
-0.34924161434173584 -0.07943052798509598 0.1890418827533722
-0.4072915315628052 -0.0707644373178482 0.21726366877555847
-0.45123085379600525 -0.06959469616413116 0.233249694108963
-0.4779096245765686 -0.07582505792379379 0.2359115481376648
-0.4881705343723297 -0.08882579207420349 0.226580411195755
-0.4834277927875519 -0.10788422077894211 0.2069311887025833
-0.4651227593421936 -0.13227911293506622 0.17864876985549927
-0.43471449613571167 -0.16128534078598022 0.14341863989830017
-0.3936719596385956 -0.19417743384838104 0.10291891545057297
-0.34346532821655273 -0.230233296751976 0.05881194397807121
-0.2855585813522339 -0.2687380611896515 0.012736734002828598
-0.22140273451805115 -0.30898675322532654 -0.03369637206196785
-0.15242987871170044 -0.3502870500087738 -0.07891210168600082
-0.08004698902368546 -0.3919620215892792 -0.12137501686811447
-0.0056319222785532475 -0.4333517253398895 -0.1595928817987442
0.06947064399719238 -0.47381487488746643 -0.1921202540397644
0.1439538300037384 -0.5127309560775757 -0.21756137907505035
0.21654962003231049 -0.5495001673698425 -0.23457089066505432
0.2860408127307892 -0.5835484266281128 -0.24188366532325745
0.3515959084033966 -0.614458441734314 -0.23935464024543762
0.41286808252334595 -0.6420084238052368 -0.2282329648733139
0.4695759415626526 -0.6660078167915344 -0.2098267525434494
0.521468997001648 -0.6862818598747253 -0.18540136516094208
0.5683214664459229 -0.702667236328125 -0.15617592632770538
0.6099273562431335 -0.7150086164474487 -0.12332078814506531
0.6460951566696167 -0.7231544256210327 -0.08795780688524246
0.6766409873962402 -0.7269527316093445 -0.05116273835301399
0.7013838887214661 -0.7262465953826904 -0.013968338258564472
0.7201395034790039 -0.7208700776100159 0.02262991853058338
0.7327142953872681 -0.7106435894966125 0.05766851827502251
0.7388991117477417 -0.695368766784668 0.09020695835351944
0.7384623289108276 -0.6748232841491699 0.11931976675987244
0.7311439514160156 -0.6487552523612976 0.14408612251281738
0.7166461944580078 -0.6168766617774963 0.16357864439487457
0.6946703791618347 -0.5788916945457458 0.17690517008304596
0.6655245423316956 -0.5350006222724915 0.18396425247192383
0.6299945116043091 -0.4858054518699646 0.18524900078773499
0.5888755321502686 -0.43192923069000244 0.18124039471149445
0.5429754853248596 -0.374019593000412 0.17240367829799652
0.4931294620037079 -0.3127600848674774 0.15920045971870422
0.4402107298374176 -0.24887992441654205 0.14209824800491333
0.3851405382156372 -0.1831628829240799 0.12157948315143585
0.3288941979408264 -0.11645202338695526 0.09814850240945816
0.2725026309490204 -0.049652162939310074 0.07233695685863495
0.21705259382724762 0.01627090387046337 0.04470749571919441
0.16368046402931213 0.08029481768608093 0.015855183824896812
0.11356198787689209 0.14135058224201202 -0.013593635521829128
0.06789848953485489 0.19833433628082275 -0.042984411120414734
0.02789662405848503 0.2501263916492462 -0.07164102047681808
-0.005255611147731543 0.2956131100654602 -0.09887474030256271
-0.030660049989819527 0.33390122652053833 -0.1240617111325264
-0.049289770424366 0.36555948853492737 -0.1470894068479538
-0.0629846602678299 0.3918758034706116 -0.16812536120414734
-0.07360215485095978 0.41420045495033264 -0.1873946189880371
-0.08298409730195999 0.43390947580337524 -0.20516547560691833
-0.09294982999563217 0.4523884654045105 -0.22173906862735748
-0.10531167685985565 0.47103357315063477 -0.23744331300258636
-0.12191157042980194 0.4912693202495575 -0.25263118743896484
-0.14468012750148773 0.5145841836929321 -0.26768383383750916
-0.17572113871574402 0.5425851941108704 -0.2830190658569336
-0.21743036806583405 0.5770789980888367 -0.29910653829574585
-0.2726626694202423 0.6201869249343872 -0.3164922893047333
-0.3449734151363373 0.6745139956474304 -0.3358355164527893
-0.4389784336090088 0.7434015870094299 -0.3579665422439575
-0.5609164834022522 0.8313227891921997 -0.3839775621891022
-0.7195578813552856 0.9445216655731201 -0.41537097096443176
-0.8458815813064575 -0.9429161548614502 -0.3715450167655945
-0.5449374914169312 -0.8491955399513245 -0.38131293654441833
-0.3153155744075775 -0.760526716709137 -0.3753153383731842
-0.14627231657505035 -0.6764560341835022 -0.3562002182006836
-0.028839828446507454 -0.5967079401016235 -0.3262629210948944
0.04464484378695488 -0.5211558938026428 -0.2875535786151886
0.08089091628789902 -0.4498007893562317 -0.24195869266986847
0.08592157065868378 -0.38275647163391113 -0.19126345217227936
0.06528051197528839 -0.32023781538009644 -0.13720008730888367
0.02419271692633629 -0.2625509798526764 -0.08148463070392609
-0.03230956941843033 -0.21008552610874176 -0.025845728814601898
-0.09929049015045166 -0.16330574452877045 0.027955947443842888
-0.17183920741081238 -0.1227419525384903 0.07811488956212997
-0.245021253824234 -0.08897990733385086 0.12277623265981674
-0.3138512969017029 -0.06264897435903549 0.16003797948360443
-0.3732888996601105 -0.04440701752901077 0.18796232342720032
-0.418264240026474 -0.03492102026939392 0.20459981262683868
-0.4455285370349884 -0.034437526017427444 0.20898601412773132
-0.45593467354774475 -0.0422619953751564 0.20236138999462128
-0.45093047618865967 -0.057554829865694046 0.18628546595573425
-0.4319983124732971 -0.07946119457483292 0.1623329371213913
-0.4006458520889282 -0.10711702704429626 0.1320839375257492
-0.35839638113975525 -0.13965348899364471 0.09711595624685287
-0.30677998065948486 -0.17620216310024261 0.0589953288435936
-0.24732433259487152 -0.2158999890089035 0.01926959678530693
-0.18154782056808472 -0.25789275765419006 -0.02053878642618656
-0.1109519898891449 -0.3013392388820648 -0.05893848463892937
-0.03701455146074295 -0.34541475772857666 -0.0944748967885971
0.03881537541747093 -0.38931354880332947 -0.12573395669460297
0.1151222214102745 -0.432251513004303 -0.15134599804878235
0.1905294805765152 -0.47346869111061096 -0.1699889749288559
0.26370149850845337 -0.5122300386428833 -0.18039008975028992
0.3333570957183838 -0.5478330254554749 -0.18135523796081543
0.3986513912677765 -0.5798081755638123 -0.1728019416332245
0.4592875838279724 -0.6079782843589783 -0.15603046119213104
0.5150391459465027 -0.6322035193443298 -0.13239656388759613
0.5657103061676025 -0.6523600816726685 -0.10321042686700821
0.6111299991607666 -0.6683351993560791 -0.06973288953304291
0.6511458158493042 -0.6800227165222168 -0.03317315876483917
0.6856192350387573 -0.6873193979263306 0.005310661159455776
0.7144177556037903 -0.6901199221611023 0.04460878297686577
0.7374115586280823 -0.688312828540802 0.083655945956707
0.7544652223587036 -0.6817760467529297 0.12142501026391983
0.7654340267181396 -0.6703722476959229 0.15692083537578583
0.7701557278633118 -0.6539437174797058 0.18917039036750793
0.768446147441864 -0.6323081851005554 0.2172139585018158
0.7600911259651184 -0.6052519679069519 0.24009336531162262
0.7448394298553467 -0.5725246667861938 0.25683942437171936
0.7224368453025818 -0.5338654518127441 0.26651716232299805
0.6932035088539124 -0.4894725978374481 0.2690413296222687
0.6579143404960632 -0.4399208426475525 0.2649683654308319
0.6173533201217651 -0.38580557703971863 0.2548426687717438
0.5723194479942322 -0.32774820923805237 0.2391945868730545
0.5236393213272095 -0.26640722155570984 0.21855415403842926
0.47217822074890137 -0.20248761773109436 0.19346235692501068
0.4188501238822937 -0.13675013184547424 0.1644820272922516
0.3646220862865448 -0.07001584768295288 0.132205992937088
0.31051692366600037 -0.0031685270369052887 0.09726332128047943
0.25761091709136963 0.06284592300653458 0.06032346189022064
0.20702819526195526 0.12702423334121704 0.02209789678454399
0.15992921590805054 0.18831555545330048 -0.01666203886270523
0.11749591678380966 0.24563364684581757 -0.055169038474559784
0.08091071248054504 0.2978762984275818 -0.09260858595371246
0.05133187025785446 0.34394708275794983 -0.1281505525112152
0.02961106225848198 0.3829610347747803 -0.16103999316692352
0.014651169069111347 0.41542762517929077 -0.19111718237400055
0.004464383702725172 0.44254955649375916 -0.21855854988098145
-0.002940702484920621 0.46559658646583557 -0.24361874163150787
-0.009526143781840801 0.48586803674697876 -0.26661112904548645
-0.01722070574760437 0.5046749114990234 -0.28789329528808594
-0.027940046042203903 0.5233391523361206 -0.3078575134277344
-0.04362982511520386 0.5432084798812866 -0.3269265592098236
-0.0663330927491188 0.5656899213790894 -0.34555625915527344
-0.09828532487154007 0.5923007130622864 -0.36424368619918823
-0.14204752445220947 0.6247455477714539 -0.3835446536540985
-0.20069317519664764 0.6650259494781494 -0.4041007459163666
-0.2780791223049164 0.7156030535697937 -0.4266830086708069
-0.3792514204978943 0.7796410322189331 -0.4522583782672882
-0.5110841989517212 0.8613928556442261 -0.4820978343486786
-0.6833189129829407 0.9668265581130981 -0.5179519057273865
-0.7919523119926453 -0.8881886005401611 -0.4259604215621948
-0.4923980236053467 -0.8246482610702515 -0.42134565114974976
-0.26409828662872314 -0.7589364647865295 -0.4046463072299957
-0.09631436318159103 -0.6916378140449524 -0.3779143691062927
0.019901840016245842 -0.6233401298522949 -0.3429403007030487
0.09218578040599823 -0.5546512603759766 -0.3013375997543335
0.12721753120422363 -0.48621508479118347 -0.25460660457611084
0.13099323213100433 -0.4187212586402893 -0.2041834145784378
0.10903570801019669 -0.35291627049446106 -0.1514783501625061
0.06655827164649963 -0.28960978984832764 -0.09790526330471039
0.008593397215008736 -0.2296798825263977 -0.04490428790450096
-0.059908345341682434 -0.1740749627351761 0.006042422726750374
-0.1340046226978302 -0.12381268292665482 0.053401101380586624
-0.20871104300022125 -0.07997500151395798 0.09558328986167908
-0.27897316217422485 -0.04369962215423584 0.13094907999038696
-0.33966174721717834 -0.016165275126695633 0.15781813859939575
-0.38560038805007935 0.0014299723552539945 0.17449221014976501
-0.4134575426578522 0.008484006859362125 0.18014559149742126
-0.42408812046051025 0.005744374357163906 0.17591826617717743
-0.41896072030067444 -0.00583306048065424 0.16324004530906677
-0.3995872139930725 -0.025269534438848495 0.14355972409248352
-0.3675112724304199 -0.051570240408182144 0.11833534389734268
-0.3242994546890259 -0.08373022824525833 0.08902659267187119
-0.2715305984020233 -0.120740607380867 0.05708624795079231
-0.21078649163246155 -0.16159462928771973 0.023952679708600044
-0.14364352822303772 -0.20529240369796753 -0.00895681232213974
-0.07166460156440735 -0.2508462071418762 -0.040252067148685455
0.0036089811474084854 -0.29728490114212036 -0.06857587397098541
0.08066309243440628 -0.34365779161453247 -0.09260822832584381
0.15801674127578735 -0.389037549495697 -0.11107037216424942
0.2342284768819809 -0.43252426385879517 -0.12272851169109344
0.3078986704349518 -0.4732467234134674 -0.1263958066701889
0.37768563628196716 -0.5103723406791687 -0.12096166610717773
0.44273021817207336 -0.543379008769989 -0.10640828311443329
0.5027808547019958 -0.5721338987350464 -0.08407653123140335
0.557660698890686 -0.5965483784675598 -0.055359017103910446
0.6072236895561218 -0.6165497303009033 -0.021600384265184402
0.6513482928276062 -0.632075846195221 0.015906546264886856
0.6899315118789673 -0.6430705189704895 0.055922914296388626
0.7228825092315674 -0.6494789123535156 0.09726321697235107
0.7501170039176941 -0.6512433886528015 0.13879172503948212
0.7715508937835693 -0.6482983231544495 0.17941848933696747
0.7870949506759644 -0.6405659914016724 0.2180921733379364
0.7966488003730774 -0.6279523372650146 0.253793329000473
0.8000949621200562 -0.6103417277336121 0.2855236232280731
0.7972930073738098 -0.587592601776123 0.31229618191719055
0.7880722880363464 -0.5595312714576721 0.3331225514411926
0.7722263932228088 -0.5259470343589783 0.34699973464012146
0.7495438456535339 -0.4866160452365875 0.3529573678970337
0.7203583717346191 -0.4417373239994049 0.3509303629398346
0.6854362487792969 -0.3918589949607849 0.3415389060974121
0.6455538272857666 -0.3375505805015564 0.3253921866416931
0.6015027165412903 -0.27940839529037476 0.303087055683136
0.5541030168533325 -0.21806631982326508 0.27522343397140503
0.5042136311531067 -0.1542053371667862 0.24241769313812256
0.45274120569229126 -0.08856243640184402 0.20531459152698517
0.400644451379776 -0.021934986114501953 0.1645965725183487
0.34893599152565 0.044816527515649796 0.12099067121744156
0.2986794710159302 0.11076996475458145 0.07527311891317368
0.25098302960395813 0.17494554817676544 0.028270451352000237
0.2069871872663498 0.23631614446640015 -0.01914319582283497
0.16784930229187012 0.29381951689720154 -0.06605148315429688
0.13472191989421844 0.34637749195098877 -0.11150664836168289
0.10872767865657806 0.3929176926612854 -0.15454380214214325
0.09066790342330933 0.43256905674934387 -0.19428688287734985
0.07932771742343903 0.4657787084579468 -0.2305530309677124
0.07258345186710358 0.4936567544937134 -0.26355600357055664
0.06832294166088104 0.5173850059509277 -0.293606162071228
0.06447739899158478 0.5381787419319153 -0.3210858702659607
0.05902218446135521 0.5572671294212341 -0.3464306890964508
0.04995157569646835 0.575890302658081 -0.37011727690696716
0.035229235887527466 0.5953124165534973 -0.39265820384025574
0.01271269004791975 0.6168512105941772 -0.41460421681404114
-0.019952254369854927 0.6419254541397095 -0.4365547299385071
-0.06547827273607254 0.6721269488334656 -0.45917823910713196
-0.12714332342147827 0.7093231678009033 -0.48324623703956604
-0.2090906947851181 0.7558122873306274 -0.5096860527992249
-0.31678158044815063 0.8145543932914734 -0.5396636724472046
-0.4577111601829529 0.8895415663719177 -0.5747166872024536
-0.6425850987434387 0.9864041209220886 -0.6169746518135071
-0.727888822555542 -0.8182575106620789 -0.46187344193458557
-0.4327598214149475 -0.7859656810760498 -0.4443344473838806
-0.20817773044109344 -0.7443022727966309 -0.418353408575058
-0.0435308963060379 -0.69488525390625 -0.385390967130661
0.0700153112411499 -0.6391572952270508 -0.3467384874820709
0.13999591767787933 -0.5784510374069214 -0.3035777509212494
0.17300282418727875 -0.5140399932861328 -0.25702646374702454
0.17495684325695038 -0.447177529335022 -0.20817334949970245
0.15131792426109314 -0.379128098487854 -0.15810626745224
0.10725032538175583 -0.31119129061698914 -0.10793334990739822
0.047751959413290024 -0.2447206676006317 -0.05879992991685867
-0.022245068103075027 -0.18113665282726288 -0.011899782344698906
-0.09779933840036392 -0.1219339370727539 0.03151813521981239
-0.17390908300876617 -0.06868235021829605 0.07014841586351395
-0.24548260867595673 -0.023022092878818512 0.10263296216726303
-0.30733397603034973 0.013349628075957298 0.12757155299186707
-0.3542112708091736 0.03870270773768425 0.14354218542575836
-0.38271838426589966 0.052072685211896896 0.1498737931251526
-0.39370325207710266 0.05424712598323822 0.14759862422943115
-0.3886427581310272 0.04628482833504677 0.13800470530986786
-0.369064599275589 0.02927626483142376 0.12240119278430939
-0.3365361988544464 0.0043354094959795475 0.10210948437452316
-0.292654424905777 -0.027406839653849602 0.0784556195139885
-0.23903527855873108 -0.06481032818555832 0.05276259779930115
-0.17730319499969482 -0.10673249512910843 0.026342755183577538
-0.10908249765634537 -0.15203453600406647 0.0004915756871923804
-0.035987939685583115 -0.1995875984430313 -0.023518672212958336
0.04038369655609131 -0.24827870726585388 -0.04444456100463867
0.11846070736646652 -0.29701507091522217 -0.061076100915670395
0.19670291244983673 -0.3447290062904358 -0.07224084436893463
0.2736091613769531 -0.39038217067718506 -0.07680801302194595
0.3477204740047455 -0.4329681992530823 -0.07369063049554825
0.41763797402381897 -0.471525102853775 -0.06187468394637108
0.4824874997138977 -0.5054782629013062 -0.04140918329358101
0.5420559048652649 -0.5347381234169006 -0.01366481650620699
0.5962087512016296 -0.559266984462738 0.019939983263611794
0.6448436379432678 -0.5790430903434753 0.058036718517541885
0.6878817081451416 -0.5940544009208679 0.09931037575006485
0.7252629995346069 -0.6042946577072144 0.14250175654888153
0.7569392919540405 -0.6097579002380371 0.18640640377998352
0.7828677892684937 -0.6104336977005005 0.22987093031406403
0.8030061721801758 -0.6063027381896973 0.27178841829299927
0.817305862903595 -0.5973324775695801 0.3110909163951874
0.8257068395614624 -0.5834724307060242 0.34674179553985596
0.828131914138794 -0.5646499395370483 0.37772467732429504
0.8244806528091431 -0.5407653450965881 0.40303292870521545
0.8146237134933472 -0.5116869211196899 0.4216558039188385
0.7983956336975098 -0.4772452116012573 0.43256449699401855
0.7756261825561523 -0.4372558295726776 0.434762179851532
0.7466638088226318 -0.3919207751750946 0.42820876836776733
0.7122692465782166 -0.34176334738731384 0.41359061002731323
0.6732140779495239 -0.2873288691043854 0.3915840983390808
0.6302851438522339 -0.22918938100337982 0.36285507678985596
0.5842983722686768 -0.16795533895492554 0.32807686924934387
0.5361066460609436 -0.10428345948457718 0.28794336318969727
0.4866100251674652 -0.038886312395334244 0.24318353831768036
0.43675804138183594 0.027464142069220543 0.1945706456899643
0.38755136728286743 0.09393392503261566 0.14292988181114197
0.3400380313396454 0.15962831676006317 0.08914277702569962
0.2953066825866699 0.22359642386436462 0.03414812311530113
0.25447309017181396 0.2848411202430725 -0.021062053740024567
0.2186650037765503 0.34233105182647705 -0.07544925063848495
0.18899978697299957 0.39501965045928955 -0.12794138491153717
0.1665593534708023 0.4418666660785675 -0.17744961380958557
0.15209181606769562 0.4820210337638855 -0.22299131751060486
0.14427408576011658 0.5158663392066956 -0.26438993215560913
0.14086253941059113 0.5444151163101196 -0.3019297122955322
0.13964052498340607 0.5687552690505981 -0.3360059857368469
0.1384488046169281 0.5900120139122009 -0.3670959174633026
0.13518257439136505 0.6093264818191528 -0.39573585987091064
0.1277613639831543 0.6278517246246338 -0.42250823974609375
0.11407296359539032 0.6467618942260742 -0.44803524017333984
0.09189026802778244 0.6672794222831726 -0.47298434376716614
0.05875573679804802 0.6907172203063965 -0.49808061122894287
0.011821452528238297 0.718545138835907 -0.524134635925293
-0.05237651988863945 0.7524856925010681 -0.5520851612091064
-0.13824670016765594 0.7946568727493286 -0.5830663442611694
-0.2516406178474426 0.8477907180786133 -0.6185135245323181
-0.40064650774002075 0.9155822992324829 -0.6603339314460754
-0.5969047546386719 1.0032665729522705 -0.7111908793449402
-0.6533187031745911 -0.7334416508674622 -0.4773460328578949
-0.365760862827301 -0.7330275177955627 -0.4484781324863434
-0.14740486443042755 -0.7161963582038879 -0.4147398769855499
0.012113860808312893 -0.6855680346488953 -0.3770161271095276
0.12142506241798401 -0.6434125304222107 -0.3361121714115143
0.18789193034172058 -0.5917619466781616 -0.29278847575187683
0.2179609090089798 -0.5324962139129639 -0.24778775870800018
0.2174294888973236 -0.46740952134132385 -0.20185644924640656
0.19165359437465668 -0.3982624113559723 -0.15576164424419403
0.14571113884449005 -0.32682329416275024 -0.11030474305152893
0.08453131467103958 -0.2549009621143341 -0.06633169203996658
0.01299422886222601 -0.18436817824840546 -0.024739792570471764
-0.0639927014708519 -0.1171780675649643 0.013518517836928368
-0.14144328236579895 -0.05537160485982895 0.04743633419275284
-0.21426217257976532 -0.0010767875937744975 0.0759563148021698
-0.2772403061389923 0.04350266233086586 0.09798070788383484
-0.32508325576782227 0.07611334323883057 0.11238876730203629
-0.35435035824775696 0.09542834758758545 0.11868129670619965
-0.3658735454082489 0.10226143896579742 0.11777794361114502
-0.3611246347427368 0.09775931388139725 0.11081555485725403
-0.3416338264942169 0.0831090658903122 0.09895239025354385
-0.3089779019355774 0.059529632329940796 0.08336035162210464
-0.26477086544036865 0.02826440893113613 0.06521826982498169
-0.21065255999565125 -0.009427353739738464 0.045704472810029984
-0.14827769994735718 -0.05227862671017647 0.02599003165960312
-0.0793069452047348 -0.09902157634496689 0.007232728414237499
-0.005396406631916761 -0.14839491248130798 -0.00942909438163042
0.07181134819984436 -0.19915108382701874 -0.02288166619837284
0.1506953090429306 -0.250061959028244 -0.03204086795449257
0.22966347634792328 -0.2999241352081299 -0.035856060683727264
0.3071610927581787 -0.34756529331207275 -0.0333142951130867
0.38167524337768555 -0.3918471336364746 -0.023442965000867844
0.45175397396087646 -0.43168097734451294 -0.005337880924344063
0.5165063142776489 -0.46644020080566406 0.020882556214928627
0.5757490992546082 -0.49607786536216736 0.05382905527949333
0.6293821334838867 -0.5206055641174316 0.09206868708133698
0.6773372888565063 -0.5400514006614685 0.13421955704689026
0.7195711731910706 -0.5544531941413879 0.17895445227622986
0.7560585141181946 -0.5638536214828491 0.22500288486480713
0.7867863178253174 -0.5682949423789978 0.27115023136138916
0.8117473125457764 -0.567814290523529 0.31623342633247375
0.8309334516525269 -0.5624383091926575 0.3591362535953522
0.8443314433097839 -0.5521798133850098 0.39878150820732117
0.8519161939620972 -0.5370326042175293 0.43412280082702637
0.8536456823348999 -0.5169676542282104 0.4641331136226654
0.8494555950164795 -0.4919285476207733 0.4877937436103821
0.8392525911331177 -0.4618265926837921 0.5040798187255859
0.8229098916053772 -0.42653611302375793 0.5119457840919495
0.8002950549125671 -0.3859146237373352 0.5103784799575806
0.7717724442481995 -0.34016934037208557 0.4993690252304077
0.7381009459495544 -0.28980061411857605 0.47967329621315
0.7000505328178406 -0.23533101379871368 0.4520389437675476
0.6584063172340393 -0.17730996012687683 0.4172055125236511
0.6139811277389526 -0.11632484197616577 0.3759230673313141
0.5676239728927612 -0.05300835520029068 0.3289669156074524
0.5202277302742004 0.011952698230743408 0.27715247869491577
0.4727323055267334 0.0778137594461441 0.2213449776172638
0.42612412571907043 0.14377069473266602 0.16246700286865234
0.3814330995082855 0.20896093547344208 0.10150273144245148
0.3397241532802582 0.2724681794643402 0.03949793428182602
0.3020842373371124 0.33333221077919006 -0.02244516834616661
0.26960644125938416 0.3905605673789978 -0.08317618817090988
0.2433682680130005 0.44314664602279663 -0.14151152968406677
0.2244069129228592 0.49009087681770325 -0.19625353813171387
0.21341581642627716 0.5305695533752441 -0.2463320642709732
0.20897650718688965 0.5649034976959229 -0.2916114032268524
0.20874474942684174 0.5940040349960327 -0.33248335123062134
0.21041882038116455 0.6188610792160034 -0.36946043372154236
0.21176770329475403 0.6405048966407776 -0.40314170718193054
0.21062429249286652 0.659984290599823 -0.4341883361339569
0.2048502415418625 0.6783600449562073 -0.4633096754550934
0.19227391481399536 0.6967119574546814 -0.4912587106227875
0.17060011625289917 0.7161620259284973 -0.5188408493995667
0.13728542625904083 0.7379118800163269 -0.5469322800636292
0.08936627954244614 0.7633023858070374 -0.5765166282653809
0.023215729743242264 0.7939010262489319 -0.6087404489517212
-0.06581207364797592 0.8316329717636108 -0.6450011134147644
-0.18392382562160492 0.8789820075035095 -0.6870830655097961
-0.33975663781166077 0.9393141269683838 -0.7373804450035095
-0.5458300709724426 1.0174176692962646 -0.7992696762084961
-0.5680978298187256 -0.6343474388122559 -0.47087493538856506
-0.29130101203918457 -0.6659806370735168 -0.4323691725730896
-0.08174160867929459 -0.6744332909584045 -0.39246729016304016
0.07058477401733398 -0.6632719039916992 -0.3515026271343231
0.17401659488677979 -0.6355476975440979 -0.30981341004371643
0.2356768399477005 -0.5939531922340393 -0.2677537798881531
0.2618117034435272 -0.5409399271011353 -0.2257026880979538
0.25804924964904785 -0.4788113236427307 -0.18407191336154938
0.22960171103477478 -0.40979447960853577 -0.14331236481666565
0.1814248263835907 -0.33609822392463684 -0.10391943901777267
0.11834456026554108 -0.25995883345603943 -0.06643709540367126
0.045156329870224 -0.183674618601799 -0.031460005789995193
-0.03329955041408539 -0.10963118821382523 0.00036597411963157356
-0.11208591610193253 -0.040315285325050354 0.02834620326757431
-0.18613818287849426 0.02168072946369648 0.051741864532232285
-0.2502589225769043 0.07366841286420822 0.06977885216474533
-0.29914626479148865 0.11288982629776001 0.08166224509477615
-0.3293360471725464 0.13766278326511383 0.08708258718252182
-0.34163546562194824 0.1488133817911148 0.08684473484754562
-0.3374977111816406 0.14755909144878387 0.08192739635705948
-0.31844091415405273 0.13516680896282196 0.07332945615053177
-0.28603726625442505 0.11294389516115189 0.06206332519650459
-0.24190306663513184 0.08223003894090652 0.04914885386824608
-0.18768781423568726 0.04438818246126175 0.035607144236564636
-0.1250629723072052 0.0007957902271300554 0.022454282268881798
-0.05571230128407478 -0.047163523733615875 0.010696004144847393
0.018678337335586548 -0.09810788184404373 0.0013219790998846292
0.09643156081438065 -0.15066584944725037 -0.004699120298027992
0.1758868247270584 -0.20348288118839264 -0.006424093618988991
0.2554086744785309 -0.25522831082344055 -0.002939430298283696
0.3333962857723236 -0.30460238456726074 0.006635057274252176
0.4082886278629303 -0.35034075379371643 0.023143095895648003
0.478585809469223 -0.39123299717903137 0.0473652184009552
0.5433781147003174 -0.4266020655632019 0.07911134511232376
0.602502167224884 -0.456441730260849 0.1169845461845398
0.6558813452720642 -0.4808114469051361 0.15954889357089996
0.7034716606140137 -0.49978721141815186 0.20541968941688538
0.745255172252655 -0.5134553909301758 0.2532673180103302
0.7812324166297913 -0.5219067335128784 0.3018192946910858
0.8114166855812073 -0.5252307653427124 0.3498590886592865
0.835827112197876 -0.5235112309455872 0.3962218761444092
0.8544835448265076 -0.5168209671974182 0.43978986144065857
0.8673999309539795 -0.5052178502082825 0.4794837534427643
0.8745799660682678 -0.4887405037879944 0.5142549276351929
0.8760107755661011 -0.4674041271209717 0.5430732369422913
0.8716580271720886 -0.4411965608596802 0.5649157762527466
0.8614609241485596 -0.4100740849971771 0.5787525773048401
0.8453254103660583 -0.3739563822746277 0.5835311412811279
0.8231539726257324 -0.3327457308769226 0.5782325863838196
0.7953279614448547 -0.2866568863391876 0.5628873705863953
0.7626080513000488 -0.23616920411586761 0.5383256673812866
0.7257662415504456 -0.1817840337753296 0.5053717494010925
0.6855888366699219 -0.12402938306331635 0.46484437584877014
0.6428877711296082 -0.06346995383501053 0.41757506132125854
0.5985088348388672 -0.0007138779037632048 0.3644246459007263
0.5533382296562195 0.0635790005326271 0.306297242641449
0.5083046555519104 0.12869428098201752 0.24415059387683868
0.464379221200943 0.1938614845275879 0.17900298535823822
0.42257025837898254 0.2582554519176483 0.11193647235631943
0.383915513753891 0.3210010230541229 0.04409636929631233
0.3494691252708435 0.381182461977005 -0.023315703496336937
0.320285439491272 0.4378546178340912 -0.08905113488435745
0.29739829897880554 0.4900602102279663 -0.15183153748512268
0.2817971408367157 0.5368491411209106 -0.21036945283412933
0.2741212248802185 0.5774337649345398 -0.26353028416633606
0.2728724181652069 0.612074077129364 -0.3112577497959137
0.27562829852104187 0.6415784358978271 -0.3540914058685303
0.28002405166625977 0.666835606098175 -0.3926945626735687
0.28377765417099 0.6887780427932739 -0.4278166592121124
0.28467896580696106 0.7083582878112793 -0.460267573595047
0.28054994344711304 0.7265413999557495 -0.4909050464630127
0.2691771686077118 0.7443090081214905 -0.5206336975097656
0.24821524322032928 0.7626788020133972 -0.5504189133644104
0.2150544971227646 0.7827367186546326 -0.581314206123352
0.16663801670074463 0.8056894540786743 -0.6145087480545044
0.09920323640108109 0.8329430818557739 -0.6514013409614563
0.00790177658200264 0.8662191033363342 -0.6937133073806763
-0.11378274112939835 0.9077371954917908 -0.7436667084693909
-0.2749748229980469 0.9605085849761963 -0.8042742609977722
-0.4889901876449585 1.0288305282592773 -0.8798282742500305
-0.47354763746261597 -0.5236390233039856 -0.4435037672519684
-0.2103646844625473 -0.5868123769760132 -0.39705076813697815
-0.011915486305952072 -0.6204562187194824 -0.35254397988319397
0.1313501000404358 -0.629004716873169 -0.30979764461517334
0.2274063676595688 -0.6162272691726685 -0.2687082290649414
0.28307896852493286 -0.5854235887527466 -0.2292434573173523
0.30436620116233826 -0.5395720601081848 -0.19143378734588623
0.2966873049736023 -0.481444388628006 -0.15536755323410034
0.26507553458213806 -0.4136972725391388 -0.1211872398853302
0.2143322229385376 -0.33894476294517517 -0.08908650279045105
0.14915001392364502 -0.2598164975643158 -0.059308238327503204
0.07420932501554489 -0.1790032982826233 -0.03214186057448387
-0.005747414659708738 -0.0992901548743248 -0.00792045146226883
-0.08586379885673523 -0.02357756346464157 0.012983432039618492
-0.16113847494125366 0.045109450817108154 0.03016313537955284
-0.2264195680618286 0.10362756252288818 0.0431855171918869
-0.2764317989349365 0.1487424224615097 0.05160221457481384
-0.3077089488506317 0.17843016982078552 0.05531006678938866
-0.3210255205631256 0.193516343832016 0.054999854415655136
-0.3178035020828247 0.1952723115682602 0.05148932710289955
-0.29953533411026 0.18502701818943024 0.04561331123113632
-0.2677743136882782 0.16415871679782867 0.03821834176778793
-0.22412465512752533 0.13408605754375458 0.030157659202814102
-0.17023123800754547 0.09625904262065887 0.02228587120771408
-0.10776825994253159 0.05214929208159447 0.015453780069947243
-0.03842947632074356 0.0032413240987807512 0.010503560304641724
0.03608260676264763 -0.048976533114910126 0.008263837546110153
0.114067442715168 -0.10302162915468216 0.009545445442199707
0.19383551180362701 -0.15742459893226624 0.015137014910578728
0.2737176716327667 -0.21073749661445618 0.025801409035921097
0.3520752787590027 -0.26154232025146484 0.04227219521999359
0.4273066520690918 -0.30845651030540466 0.06525066494941711
0.4978698194026947 -0.35015439987182617 0.09538057446479797
0.5628345012664795 -0.38591116666793823 0.13239741325378418
0.6220468282699585 -0.41575896739959717 0.17490670084953308
0.6754422783851624 -0.4398025870323181 0.2214796096086502
0.7229906916618347 -0.45816415548324585 0.2707381844520569
0.7646886110305786 -0.4709763526916504 0.321359246969223
0.8005520105361938 -0.47837620973587036 0.3720761835575104
0.8306113481521606 -0.4804995059967041 0.42167824506759644
0.854903519153595 -0.47747552394866943 0.4690059721469879
0.8734669089317322 -0.4694226086139679 0.512946605682373
0.8863357305526733 -0.45644351840019226 0.5524256229400635
0.893534779548645 -0.4386215806007385 0.5863986015319824
0.8950739502906799 -0.41601690649986267 0.6138394474983215
0.8909431099891663 -0.3886626362800598 0.6337289214134216
0.8811073303222656 -0.3565608859062195 0.6450401544570923
0.8655014634132385 -0.31967902183532715 0.6467233896255493
0.8440579175949097 -0.2779662311077118 0.6377654075622559
0.817175567150116 -0.23164668679237366 0.6182435750961304
0.7856214642524719 -0.181179940700531 0.589068591594696
0.7501733899116516 -0.1270470768213272 0.5511477589607239
0.7116212248802185 -0.06975488364696503 0.5053838491439819
0.6707788109779358 -0.009845081716775894 0.4526960551738739
0.62848961353302 0.052099864929914474 0.39403367042541504
0.5856336951255798 0.11544939875602722 0.3303920030593872
0.5431287884712219 0.1795225590467453 0.2628207206726074
0.5019285082817078 0.24358703196048737 0.19243061542510986
0.4630180895328522 0.30686065554618835 0.12039583176374435
0.4274058938026428 0.36851611733436584 0.0479518324136734
0.3961103856563568 0.42768996953964233 -0.023612704128026962
0.3701450228691101 0.48349300026893616 -0.09296669811010361
0.3504979610443115 0.5350258946418762 -0.1587551087141037
0.3381101191043854 0.5813974142074585 -0.21962115168571472
0.333568811416626 0.6218635439872742 -0.27438947558403015
0.335312157869339 0.6566252112388611 -0.32312044501304626
0.3408609628677368 0.6863862872123718 -0.3665391504764557
0.3478078544139862 0.7119321227073669 -0.40549033880233765
0.353838711977005 0.7340930700302124 -0.4408988654613495
0.35671788454055786 0.7537222504615784 -0.47374460101127625
0.3542438745498657 0.7716850638389587 -0.5050524473190308
0.34417724609375 0.7888612747192383 -0.5358965992927551
0.32413890957832336 0.8061603307723999 -0.5674225687980652
0.2914707064628601 0.8245484828948975 -0.6008844375610352
0.24304373562335968 0.8450932502746582 -0.6377080678939819
0.17498642206192017 0.8690318465232849 -0.6795861124992371
0.08228261023759842 0.8978729844093323 -0.7286235094070435
-0.041846781969070435 0.9335564374923706 -0.7875664830207825
-0.20694896578788757 0.978713870048523 -0.8601768016815186
-0.4270448088645935 1.0371085405349731 -0.9518676400184631
-0.37196382880210876 -0.40534311532974243 -0.3981129825115204
-0.1246558129787445 -0.4987671673297882 -0.34533199667930603
0.060842640697956085 -0.5568485260009766 -0.29767099022865295
0.1935599148273468 -0.5847917795181274 -0.2544640898704529
0.2810525596141815 -0.5870065093040466 -0.21519702672958374
0.3298053443431854 -0.5673356652259827 -0.1794750690460205
0.3455330729484558 -0.5292293429374695 -0.14699958264827728
0.3334147036075592 -0.47587984800338745 -0.11755061894655228
0.29827678203582764 -0.4103294610977173 -0.09097365289926529
0.24474011361598969 -0.33555635809898376 -0.06716900318861008
0.17733833193778992 -0.25454452633857727 -0.04608362913131714
0.10061094164848328 -0.17033812403678894 -0.027703838422894478
0.0191761776804924 -0.08608370274305344 -0.012048941105604172
-0.06221812590956688 -0.005057354457676411 0.0008349741110578179
-0.13866350054740906 0.06932089477777481 0.01088106632232666
-0.2050841599702835 0.13348989188671112 0.018008382990956306
-0.2562635838985443 0.1837739795446396 0.022129835560917854
-0.2887536883354187 0.2178279012441635 0.023361854255199432
-0.3032902181148529 0.23646536469459534 0.022285180166363716
-0.30125242471694946 0.24099498987197876 0.019557811319828033
-0.2840951681137085 0.23279130458831787 0.01585029810667038
-0.253339946269989 0.21328602731227875 0.01184158492833376
-0.2105659395456314 0.1839596927165985 0.008214963600039482
-0.15739980340003967 0.1463320553302765 0.005653832107782364
-0.09550495445728302 0.10195242613554001 0.004837417509406805
-0.026571720838546753 0.05239024758338928 0.006436867173761129
0.047693245112895966 -0.0007747256895527244 0.011111159808933735
0.1255786120891571 -0.05596271529793739 0.019503485411405563
0.20537729561328888 -0.11160259693861008 0.03223757818341255
0.28539684414863586 -0.16614104807376862 0.04991450160741806
0.36397063732147217 -0.2180524319410324 0.07310977578163147
0.4394644796848297 -0.2658454179763794 0.10237051546573639
0.5103015899658203 -0.3080874979496002 0.13819235563278198
0.5755308866500854 -0.34400931000709534 0.18023349344730377
0.6349976062774658 -0.3736785650253296 0.22710970044136047
0.6886388063430786 -0.39724263548851013 0.2774074673652649
0.7364276051521301 -0.41486692428588867 0.32976317405700684
0.7783642411231995 -0.42672792077064514 0.3828667998313904
0.8144711256027222 -0.43300697207450867 0.4354642629623413
0.8447853326797485 -0.43388399481773376 0.4863564968109131
0.8693526983261108 -0.4295327365398407 0.5343950986862183
0.888221800327301 -0.42011556029319763 0.578477680683136
0.9014390110969543 -0.40577974915504456 0.6175400614738464
0.9090425968170166 -0.3866528272628784 0.6505476832389832
0.9110581874847412 -0.36284002661705017 0.6764844655990601
0.9074934720993042 -0.33442002534866333 0.6943411827087402
0.8983336687088013 -0.3014419674873352 0.7031016945838928
0.8835363388061523 -0.26392215490341187 0.701728105545044
0.8630592823028564 -0.2218582183122635 0.6892223358154297
0.8373190760612488 -0.17548483610153198 0.6657171249389648
0.8070939183235168 -0.12524192035198212 0.6322096586227417
0.7731701135635376 -0.07158970832824707 0.5896953344345093
0.7363452315330505 -0.01501308660954237 0.5391678214073181
0.6974368691444397 0.04397081583738327 0.4816373586654663
0.6572884917259216 0.10480747371912003 0.4181452691555023
0.6167750358581543 0.16689877212047577 0.3497786521911621
0.5768031477928162 0.22960126399993896 0.2776778042316437
0.5383097529411316 0.29222559928894043 0.20304204523563385
0.5022565126419067 0.35403868556022644 0.127130389213562
0.4696217179298401 0.41426753997802734 0.051258478313684464
0.44138795137405396 0.47210851311683655 -0.02321101538836956
0.4185274541378021 0.5267357230186462 -0.09488009661436081
0.401983380317688 0.5773158669471741 -0.16233491897583008
0.3926497995853424 0.6230244040489197 -0.22416865825653076
0.3910660743713379 0.6631676554679871 -0.27918684482574463
0.3956200182437897 0.6978882551193237 -0.3275982141494751
0.40379294753074646 0.7277824878692627 -0.37034380435943604
0.41315075755119324 0.7535281777381897 -0.4084744155406952
0.4213619530200958 0.7758501172065735 -0.4431098401546478
0.4261784553527832 0.7954970002174377 -0.47541573643684387
0.42538750171661377 0.8132301568984985 -0.506598174571991
0.41673558950424194 0.8298232555389404 -0.5379152297973633
0.3978220522403717 0.8460726141929626 -0.5707074403762817
0.3659544289112091 0.8628193140029907 -0.6064492464065552
0.3179488182067871 0.8809856176376343 -0.6468283534049988
0.24984636902809143 0.901631772518158 -0.6938669681549072
0.15649224817752838 0.9260415434837341 -0.7501054406166077
0.030884675681591034 0.9558578729629517 -0.8188903331756592
-0.13689002394676208 0.993303656578064 -0.9048499464988708
-0.361477255821228 1.0415599346160889 -1.0147062540054321
-0.2654915153980255 -0.2832378149032593 -0.33756759762763977
-0.03576196730136871 -0.40493568778038025 -0.2799942195415497
0.1353936791419983 -0.4861083924770355 -0.2305174022912979
0.256437748670578 -0.5326219797134399 -0.18803459405899048
0.33447322249412537 -0.5494387149810791 -0.15165464580059052
0.3756140172481537 -0.54087233543396 -0.12064798176288605
0.3852654695510864 -0.5107830762863159 -0.09440905600786209
0.3683430254459381 -0.4627298414707184 -0.07242777198553085
0.3294450342655182 -0.40009161829948425 -0.054267335683107376
0.2729911804199219 -0.326165109872818 -0.039546504616737366
0.20333504676818848 -0.24424438178539276 -0.02792542241513729
0.12485392391681671 -0.1576845943927765 -0.019093727692961693
0.04201913997530937 -0.06995081156492233 -0.012760731391608715
-0.040554478764534 0.015348200686275959 -0.008647076785564423
-0.11807717382907867 0.09444019198417664 -0.0064777834340929985
-0.18557734787464142 0.16338901221752167 -0.005976449698209763
-0.23792628943920135 0.21811991930007935 -0.006860474124550819
-0.27171385288238525 0.25599178671836853 -0.008784109726548195
-0.28763169050216675 0.2777966558933258 -0.011270254850387573
-0.2870069742202759 0.2848656475543976 -0.013815803453326225
-0.2712467312812805 0.2786027491092682 -0.015910860151052475
-0.24182955920696259 0.26047682762145996 -0.017041869461536407
-0.20029743015766144 0.2320132553577423 -0.016694732010364532
-0.14824649691581726 0.19478484988212585 -0.01435804646462202
-0.08731663227081299 0.15040172636508942 -0.009526310488581657
-0.019182058051228523 0.10050173103809357 -0.0017030404414981604
0.05445944890379906 0.04674011096358299 0.009596077725291252
0.13189798593521118 -0.009221424348652363 0.024840475991368294
0.21142113208770752 -0.06572435051202774 0.04448167607188225
0.2913247048854828 -0.12112344801425934 0.06895085424184799
0.3699243366718292 -0.17379778623580933 0.09865667670965195
0.4455633759498596 -0.22215871512889862 0.133982852101326
0.516638994216919 -0.2646770477294922 0.17526759207248688
0.5821794867515564 -0.3005426526069641 0.22208911180496216
0.6420202851295471 -0.3298562169075012 0.273079514503479
0.696090579032898 -0.352804034948349 0.3268466591835022
0.7443559169769287 -0.36959168314933777 0.3820468485355377
0.7868108749389648 -0.3804364502429962 0.4373885989189148
0.8234736919403076 -0.38556113839149475 0.49163511395454407
0.8543789982795715 -0.38518765568733215 0.5436034202575684
0.8795721530914307 -0.3795319199562073 0.5921604037284851
0.8991037011146545 -0.3687990605831146 0.6362183094024658
0.9130231142044067 -0.3531792163848877 0.6747273802757263
0.9213751554489136 -0.3328438699245453 0.7066675424575806
0.9241933822631836 -0.3079424500465393 0.731037437915802
0.921496570110321 -0.27859944105148315 0.746843695640564
0.9132834076881409 -0.24491123855113983 0.7530872821807861
0.8995283246040344 -0.20694352686405182 0.7487492561340332
0.8802086710929871 -0.164743572473526 0.732856035232544
0.8557591438293457 -0.11855640262365341 0.7056028246879578
0.8269729614257812 -0.06880111992359161 0.6680788397789001
0.7946494221687317 -0.01591571792960167 0.6213736534118652
0.7595967650413513 0.03963906690478325 0.5665755867958069
0.7226394414901733 0.09737325459718704 0.5047898292541504
0.684623122215271 0.15676361322402954 0.4371514320373535
0.6464195251464844 0.2172483652830124 0.3648390471935272
0.6089260578155518 0.27822616696357727 0.28908097743988037
0.5730640888214111 0.339056134223938 0.2111598700284958
0.5397726893424988 0.3990596532821655 0.13241159915924072
0.5100015997886658 0.4575246572494507 0.054221346974372864
0.4846988618373871 0.5137134194374084 -0.021986961364746094
0.464797705411911 0.5668705701828003 -0.09476357698440552
0.45119908452033997 0.6162354350090027 -0.16265247762203217
0.4447536766529083 0.661056399345398 -0.224214106798172
0.4459582269191742 0.7006956338882446 -0.2782536745071411
0.453161358833313 0.7352367043495178 -0.3251536190509796
0.463817298412323 0.7651640176773071 -0.36609432101249695
0.47547680139541626 0.7910434007644653 -0.4023507237434387
0.48580098152160645 0.8134888410568237 -0.4352513253688812
0.49253830313682556 0.833139955997467 -0.46615877747535706
0.4934729039669037 0.8506490588188171 -0.496470183134079
0.48634520173072815 0.8666780591011047 -0.5276370644569397
0.46874159574508667 0.8819050788879395 -0.5612067580223083
0.43794506788253784 0.8970397114753723 -0.5988883376121521
0.3907295763492584 0.9128516316413879 -0.6426522135734558
0.3230653703212738 0.9302143454551697 -0.6948790550231934
0.22968201339244843 0.950173020362854 -0.758587121963501
0.10338712483644485 0.9740532636642456 -0.8377891182899475
-0.06605358421802521 1.003637433052063 -0.9380817413330078
-0.293843537569046 1.0414698123931885 -1.0676616430282593
-0.15606923401355743 -0.16077552735805511 -0.26459962129592896
0.05488438531756401 -0.3081810474395752 -0.2036849409341812
0.21071505546569824 -0.41058051586151123 -0.1536240428686142
0.3192952573299408 -0.47438645362854004 -0.11292266845703125
0.3872535228729248 -0.5050204396247864 -0.08034920692443848
0.42031392455101013 -0.5071897506713867 -0.0548686683177948
0.42355555295944214 -0.4850987493991852 -0.03559303283691406
0.4016141891479492 -0.4426145851612091 -0.02174261026084423
0.3588440418243408 -0.38340023159980774 -0.012615812011063099
0.29944759607315063 -0.31102147698402405 -0.007564676459878683
0.22758212685585022 -0.2290356159210205 -0.005975088570266962
0.1474451869726181 -0.14106203615665436 -0.007250387221574783
0.06334187835454941 -0.05083801597356796 -0.010798117145895958
-0.02026672102510929 0.03774154558777809 -0.016019385308027267
-0.09873238205909729 0.12059971690177917 -0.02230086177587509
-0.16721254587173462 0.19347324967384338 -0.029009521007537842
-0.22069312632083893 0.2519361674785614 -0.03549082949757576
-0.2558201551437378 0.2930818498134613 -0.04116390645503998
-0.27323755621910095 0.3176732063293457 -0.045647040009498596
-0.2742128372192383 0.3270498514175415 -0.04858429729938507
-0.2600967288017273 0.3226304352283478 -0.04961973801255226
-0.2323150336742401 0.30590540170669556 -0.0483996607363224
-0.19236233830451965 0.2784291207790375 -0.044574886560440063
-0.1417931467294693 0.24181091785430908 -0.037803128361701965
-0.08221202343702316 0.1977049708366394 -0.027751142159104347
-0.015264755114912987 0.14780090749263763 -0.014097075909376144
0.05737225338816643 0.09381285309791565 0.0034674019552767277
0.13400311768054962 0.037468232214450836 0.025235291570425034
0.2129225730895996 -0.019502589479088783 0.05148209631443024
0.2924267649650574 -0.07537762075662613 0.08246424794197083
0.3708254098892212 -0.12845474481582642 0.11841779202222824
0.44645068049430847 -0.17706121504306793 0.15955668687820435
0.5176833271980286 -0.2195831537246704 0.20605500042438507
0.583533525466919 -0.2551749348640442 0.2574089765548706
0.6438189744949341 -0.283966988325119 0.31227123737335205
0.6984512209892273 -0.30618077516555786 0.3692752420902252
0.7473793029785156 -0.32205823063850403 0.4271012842655182
0.7905824780464172 -0.3318541347980499 0.4844799041748047
0.8280650973320007 -0.3358292281627655 0.5401947498321533
0.859850287437439 -0.3342445194721222 0.5930821299552917
0.8859735727310181 -0.32735565304756165 0.6420271396636963
0.9064782857894897 -0.31540802121162415 0.6859594583511353
0.9214092493057251 -0.29863324761390686 0.7238464951515198
0.930808961391449 -0.27724477648735046 0.7546861171722412
0.9347118139266968 -0.25143560767173767 0.7774953842163086
0.9331396818161011 -0.22137504816055298 0.791300892829895
0.9260984063148499 -0.18720643222332 0.7951260209083557
0.9135719537734985 -0.1490447074174881 0.7879771590232849
0.8955518007278442 -0.10698667168617249 0.7689128518104553
0.872490406036377 -0.06128665432333946 0.7381969094276428
0.8452000617980957 -0.012340511195361614 0.6970149874687195
0.8144980669021606 0.039438579231500626 0.6465558409690857
0.7812063097953796 0.0936172753572464 0.5880057215690613
0.7461594343185425 0.14973647892475128 0.5225668549537659
0.7102086544036865 0.20730838179588318 0.45146840810775757
0.6742253303527832 0.2658121883869171 0.37597882747650146
0.6390999555587769 0.32469362020492554 0.2974107265472412
0.6057407855987549 0.3833653926849365 0.21712355315685272
0.5750672221183777 0.4412090480327606 0.13652175664901733
0.5480029582977295 0.4975789785385132 0.05704941228032112
0.5254651308059692 0.5518090724945068 -0.019821010529994965
0.5083515048027039 0.6032196879386902 -0.09260182082653046
0.49752551317214966 0.6511284708976746 -0.15980952978134155
0.49379962682724 0.6948612332344055 -0.21998701989650726
0.4976344108581543 0.7338399291038513 -0.2719542682170868
0.5073472261428833 0.7680869102478027 -0.31628623604774475
0.5203732848167419 0.7979699373245239 -0.35441917181015015
0.5342552065849304 0.8239372372627258 -0.3878638744354248
0.5466525554656982 0.8464866876602173 -0.4181661903858185
0.5553149580955505 0.866142988204956 -0.446892112493515
0.5580280423164368 0.8834441900253296 -0.4756356179714203
0.5525302290916443 0.8989349603652954 -0.5060476064682007
0.5363999009132385 0.9131687879562378 -0.5398901104927063
0.5069018006324768 0.9267173409461975 -0.5791168808937073
0.4607751667499542 0.9401884078979492 -0.6259956359863281
0.39393118023872375 0.9542579650878906 -0.6832882165908813
0.3009999096393585 0.9697176814079285 -0.7545245885848999
0.1746213734149933 0.9875521659851074 -0.8444358110427856
0.004274776205420494 1.0090668201446533 -0.9596710801124573
-0.225751593708992 1.0361089706420898 -1.1100424528121948
-0.045418642461299896 -0.04107293114066124 -0.18175913393497467
0.14601150155067444 -0.21112209558486938 -0.11887696385383606
0.28590330481529236 -0.332435667514801 -0.06936794519424438
0.3815319240093231 -0.41185617446899414 -0.03139214590191841
0.43904274702072144 -0.4551694989204407 -0.0034145868849009275
0.4637610912322998 -0.46739640831947327 0.015874097123742104
0.46042945981025696 -0.45301657915115356 0.027618352323770523
0.43339410424232483 -0.41614460945129395 0.032844796776771545
0.38675421476364136 -0.360672265291214 0.032500069588422775
0.3244835138320923 -0.2903825044631958 0.02748127467930317
0.2505301237106323 -0.2090458869934082 0.018661154434084892
0.1688976138830185 -0.12049689143896103 0.006908705458045006
0.08370909094810486 -0.028695713728666306 -0.006894081365317106
-0.0007453782018274069 0.06222641095519066 -0.02183929830789566
-0.07997918128967285 0.14793884754180908 -0.036983780562877655
-0.14930053055286407 0.22390355169773102 -0.05134423449635506
-0.20383425056934357 0.285396009683609 -0.0638980120420456
-0.24029971659183502 0.32927918434143066 -0.07382726669311523
-0.259290486574173 0.35628074407577515 -0.080836221575737
-0.26200881600379944 0.3677361011505127 -0.08470620959997177
-0.2497418224811554 0.36506542563438416 -0.08522608131170273
-0.22385498881340027 0.34976619482040405 -0.08219373971223831
-0.18578679859638214 0.32340678572654724 -0.07541780173778534
-0.13704003393650055 0.2876169979572296 -0.0647190511226654
-0.07917339354753494 0.24407902359962463 -0.049931783229112625
-0.013792944140732288 0.19451741874217987 -0.030905351042747498
0.057458262890577316 0.14068830013275146 -0.00750524178147316
0.13291101157665253 0.08436784148216248 0.020386001095175743
0.21087977290153503 0.02734130062162876 0.05286756530404091
0.28967395424842834 -0.028608672320842743 0.09001972526311874
0.3676100969314575 -0.08171495795249939 0.13190361857414246
0.44302111864089966 -0.13023574650287628 0.17856034636497498
0.5142833590507507 -0.17248673737049103 0.2299962341785431
0.5803921818733215 -0.20759297907352448 0.28562459349632263
0.6411405205726624 -0.2357112467288971 0.34412118792533875
0.6964144706726074 -0.2570943534374237 0.40414783358573914
0.7461377382278442 -0.27201634645462036 0.4644109606742859
0.790265679359436 -0.2807653248310089 0.5236654877662659
0.8287795186042786 -0.2836364805698395 0.5807173252105713
0.8616815209388733 -0.2809261083602905 0.6344234347343445
0.8889886736869812 -0.2729262411594391 0.6836884617805481
0.9107279777526855 -0.2599198520183563 0.7274614572525024
0.9269310832023621 -0.24217712879180908 0.7647285461425781
0.9376298189163208 -0.21995173394680023 0.7945070862770081
0.942851185798645 -0.19347812235355377 0.815835177898407
0.9426131844520569 -0.16296902298927307 0.8277624249458313
0.9369204640388489 -0.12861332297325134 0.829338550567627
0.9257599711418152 -0.09057413041591644 0.819599986076355
0.9091302752494812 -0.04899666830897331 0.797642707824707
0.887502133846283 -0.004142302554100752 0.7638047337532043
0.8617112636566162 0.04361962527036667 0.719372034072876
0.8325965404510498 0.09390486031770706 0.6656344532966614
0.8009985685348511 0.14631159603595734 0.6038790941238403
0.7677658796310425 0.20041602849960327 0.5354054570198059
0.7337589263916016 0.2557706832885742 0.461535781621933
0.699851930141449 0.31190064549446106 0.38362541794776917
0.6669326424598694 0.36830398440361023 0.3030659258365631
0.6358994841575623 0.4244520664215088 0.22128674387931824
0.6076560616493225 0.47979143261909485 0.13975191116333008
0.58310467004776 0.5337476134300232 0.05995406210422516
0.5631356835365295 0.5857306718826294 -0.01659739948809147
0.5486172437667847 0.6351408958435059 -0.08838920295238495
0.5403808355331421 0.6813772320747375 -0.15392303466796875
0.5392075181007385 0.7238473296165466 -0.2117362767457962
0.5455284714698792 0.7620348334312439 -0.2606753706932068
0.5576348304748535 0.7958972454071045 -0.30152007937431335
0.5729464888572693 0.8256800174713135 -0.3359720706939697
0.5890002846717834 0.8517076373100281 -0.3657837510108948
0.603455662727356 0.8743560910224915 -0.39272186160087585
0.6140650510787964 0.8940298557281494 -0.4185582399368286
0.6186158657073975 0.9111465215682983 -0.4450855851173401
0.6148455739021301 0.926127552986145 -0.4741567373275757
0.600325345993042 0.9393951892852783 -0.50775146484375
0.5723036527633667 0.9513749480247498 -0.5480744242668152
0.5274890661239624 0.9625042080879211 -0.5977000594139099
0.46173903346061707 0.9732486605644226 -0.6597862243652344
0.369592547416687 0.984128475189209 -0.7383983135223389
0.24353596568107605 0.9957618117332458 -0.839024007320404
0.07278203219175339 1.0089366436004639 -0.9694293737411499
-0.15885908901691437 1.0247360467910767 -1.1411525011062622
0.064956896007061 0.07308119535446167 -0.09138309955596924
0.23650896549224854 -0.11613000184297562 -0.027841920033097267
0.36017364263534546 -0.2536602318286896 0.020060215145349503
0.4426337778568268 -0.34666794538497925 0.054463330656290054
0.48955264687538147 -0.40120846033096313 0.07716801017522812
0.5058550834655762 -0.4225356876850128 0.0897262915968895
0.4959436058998108 -0.41533491015434265 0.09351137280464172
0.4638691246509552 -0.3839060664176941 0.08977256715297699
0.4134693145751953 -0.3323122560977936 0.0796797126531601
0.34848079085350037 -0.2645002603530884 0.06435902416706085
0.27263328433036804 -0.1844017058610916 0.044923461973667145
0.18972525000572205 -0.0960153117775917 0.022497227415442467
0.10368531942367554 -0.0034728969912976027 -0.0017641264712437987
0.018617480993270874 0.08891084790229797 -0.026658345013856888
-0.061169881373643875 0.1766054630279541 -0.050925638526678085
-0.13115492463111877 0.2548533082008362 -0.07324403524398804
-0.18662288784980774 0.31868892908096313 -0.09223232418298721
-0.22438229620456696 0.3647838830947876 -0.10683795809745789
-0.2449752688407898 0.39382556080818176 -0.11684083193540573
-0.2495339959859848 0.40713435411453247 -0.12214810401201248
-0.2392771691083908 0.40611934661865234 -0.12268240004777908
-0.21550367772579193 0.39227259159088135 -0.11838297545909882
-0.1795884072780609 0.36716166138648987 -0.1092066541314125
-0.13297446072101593 0.3324225842952728 -0.09512879699468613
-0.07716532796621323 0.2897493243217468 -0.07614371180534363
-0.013716887682676315 0.2408849149942398 -0.05226539075374603
0.0557725615799427 0.18761046230793 -0.023527810350060463
0.1296723484992981 0.13173335790634155 0.010015281848609447
0.20632965862751007 0.07507594674825668 0.048290006816387177
0.2840800881385803 0.019463611766695976 0.09120272099971771
0.36126041412353516 -0.033288754522800446 0.13864104449748993
0.43621787428855896 -0.08138759434223175 0.1904737502336502
0.5073370933532715 -0.12309414893388748 0.2465393841266632
0.5736033916473389 -0.15751180052757263 0.30616873502731323
0.6347798109054565 -0.18482054769992828 0.36806216835975647
0.6907200217247009 -0.20529992878437042 0.4309111535549164
0.7413148880004883 -0.21925190091133118 0.4934493601322174
0.7864871621131897 -0.22699324786663055 0.5544564723968506
0.826187014579773 -0.22884909808635712 0.6127611398696899
0.8603869080543518 -0.22514688968658447 0.6672412753105164
0.8890765905380249 -0.21621114015579224 0.7168214321136475
0.9122581481933594 -0.20235863327980042 0.7604695558547974
0.929940938949585 -0.18389494717121124 0.797191321849823
0.9421380758285522 -0.16111062467098236 0.826024055480957
0.9488606452941895 -0.1342790126800537 0.8460277915000916
0.9501147270202637 -0.10365371406078339 0.8562766909599304
0.9458958506584167 -0.06946680694818497 0.8558483719825745
0.9361867308616638 -0.03192737326025963 0.8438130617141724
0.9209859371185303 0.008773243986070156 0.8193082213401794
0.9007821083068848 0.05237004905939102 0.7827488780021667
0.8764393329620361 0.09852475672960281 0.7355234026908875
0.8488231897354126 0.14688679575920105 0.6790247559547424
0.8187968134880066 0.19709089398384094 0.6146404147148132
0.7872277498245239 0.2487538754940033 0.543766438961029
0.754989743232727 0.30147382616996765 0.4678155183792114
0.7229645848274231 0.3548268675804138 0.3882253170013428
0.6920415759086609 0.40836817026138306 0.30646076798439026
0.6631139516830444 0.46163231134414673 0.22401347756385803
0.6370748281478882 0.5141353607177734 0.14239849150180817
0.6148102879524231 0.5653775334358215 0.06314709037542343
0.597190260887146 0.6148481369018555 -0.01220469456166029
0.5850591063499451 0.6620297431945801 -0.08212841302156448
0.5792238116264343 0.7064054012298584 -0.14512105286121368
0.5804413557052612 0.7474654316902161 -0.19972369074821472
0.589120626449585 0.784756600856781 -0.2448171079158783
0.6035285592079163 0.8181672692298889 -0.28139209747314453
0.6210689544677734 0.8478132486343384 -0.31141844391822815
0.6392709612846375 0.873889684677124 -0.3368908166885376
0.6557921767234802 0.8966445326805115 -0.35979586839675903
0.6683847904205322 0.9163558483123779 -0.38210952281951904
0.6748353242874146 0.933314859867096 -0.4058213531970978
0.6728773713111877 0.9478132128715515 -0.4329848885536194
0.6600729823112488 0.960135281085968 -0.4657975435256958
0.6336519718170166 0.9705519676208496 -0.5067158937454224
0.5902909636497498 0.9793195724487305 -0.5586246848106384
0.5257933139801025 0.9866794943809509 -0.6250845789909363
0.4346082806587219 0.9928617477416992 -0.7107096910476685
0.30907055735588074 0.9980888962745667 -0.8217672109603882
0.13813140988349915 1.0025864839553833 -0.9671808481216431
-0.09486963599920273 1.0065988302230835 -1.1602927446365356
0.17375798523426056 0.17919589579105377 0.0044148704037070274
0.3254162073135376 -0.025343533605337143 0.06735651940107346
0.4328501522541046 -0.17606140673160553 0.1126611977815628
0.5021649599075317 -0.2803223133087158 0.1427241861820221
0.5385501384735107 -0.3443584442138672 0.15957388281822205
0.5465336441993713 -0.3735775053501129 0.16497227549552917
0.5301789045333862 -0.3728005588054657 0.16049273312091827
0.4932401776313782 -0.3464497923851013 0.14758139848709106
0.43929022550582886 -0.29870185256004333 0.12760744988918304
0.37182357907295227 -0.23361244797706604 0.10190422087907791
0.2943446934223175 -0.1552211344242096 0.07180371880531311
0.21043862402439117 -0.067638099193573 0.038665272295475006
0.12382958084344864 0.024886516854166985 0.003898769384250045
0.03842340409755707 0.11790888756513596 -0.031017612665891647
-0.04166380688548088 0.20675504207611084 -0.06452500820159912
-0.11209677904844284 0.28650665283203125 -0.0949791669845581
-0.1683400422334671 0.352017879486084 -0.12065530568361282
-0.2073059231042862 0.39981094002723694 -0.14027245342731476
-0.22948423027992249 0.430530309677124 -0.15367555618286133
-0.2359347641468048 0.44547098875045776 -0.16088497638702393
-0.22780336439609528 0.4460201859474182 -0.16194479167461395
-0.20631827414035797 0.4336521625518799 -0.15692386031150818
-0.1727849841117859 0.4099215865135193 -0.14591607451438904
-0.12858018279075623 0.37645578384399414 -0.1290406435728073
-0.07514410465955734 0.3349459767341614 -0.10644200444221497
-0.013973088003695011 0.2871372699737549 -0.07828968018293381
0.05338935926556587 0.23481862246990204 -0.0447777658700943
0.12536291778087616 0.17981067299842834 -0.006123687606304884
0.20033961534500122 0.12395448237657547 0.03743235021829605
0.27669474482536316 0.06909919530153275 0.08562876284122467
0.35279911756515503 0.01708834618330002 0.1381848156452179
0.4270282983779907 -0.030251560732722282 0.19480149447917938
0.4977891445159912 -0.07114551961421967 0.2551533579826355
0.5640634894371033 -0.10468395799398422 0.31849101185798645
0.6255801320075989 -0.13106679916381836 0.38353997468948364
0.6821544766426086 -0.150596022605896 0.44902122020721436
0.7336385250091553 -0.16359655559062958 0.5136955976486206
0.7799151539802551 -0.17040902376174927 0.5763669013977051
0.8208956122398376 -0.1713835448026657 0.6358857750892639
0.8565148115158081 -0.16687369346618652 0.6911500692367554
0.8867267370223999 -0.15723176300525665 0.7411029934883118
0.911499559879303 -0.1428038626909256 0.7847303152084351
0.9308124780654907 -0.12392663210630417 0.8210557699203491
0.9446507692337036 -0.10092362016439438 0.8491358757019043
0.9530016779899597 -0.07410319149494171 0.8680518269538879
0.9558505415916443 -0.04375623166561127 0.8769023418426514
0.9531763792037964 -0.010154549963772297 0.8747935891151428
0.9449491500854492 0.0264502614736557 0.8608301281929016
0.9311606287956238 0.06582435965538025 0.8341928124427795
0.9123167991638184 0.10770366340875626 0.7953752279281616
0.8893155455589294 0.1517864167690277 0.745868444442749
0.863053560256958 0.19776120781898499 0.6871674656867981
0.8344225883483887 0.24530504643917084 0.6207592487335205
0.8043140172958374 0.2940811216831207 0.5481336116790771
0.7736194729804993 0.3437381088733673 0.47078946232795715
0.7432340979576111 0.39390844106674194 0.3902415633201599
0.7140535712242126 0.44420889019966125 0.3080213665962219
0.6869722604751587 0.49424129724502563 0.22567534446716309
0.6628782749176025 0.543594241142273 0.14476104080677032
0.642647922039032 0.5918450951576233 0.06683961302042007
0.6271375417709351 0.6385642886161804 -0.0065350960940122604
0.6171751618385315 0.6833177804946899 -0.07382782548666
0.6135509610176086 0.7256731390953064 -0.13353821635246277
0.6170055866241455 0.7652038931846619 -0.18421730399131775
0.6279330253601074 0.8015188574790955 -0.22478464245796204
0.6445750594139099 0.8344321250915527 -0.25644227862358093
0.6643141508102417 0.8639233112335205 -0.28142502903938293
0.6846663951873779 0.8900508880615234 -0.3019653260707855
0.7032812833786011 0.9129289984703064 -0.3202642500400543
0.7179046273231506 0.9327029585838318 -0.33849644660949707
0.7263160347938538 0.9495314359664917 -0.35884323716163635
0.7262395024299622 0.963570237159729 -0.38355398178100586
0.7152212262153625 0.9749575257301331 -0.4150392413139343
0.6904668807983398 0.9838012456893921 -0.4560041129589081
0.6486145853996277 0.9901649951934814 -0.5096406936645508
0.5854071378707886 0.9940512180328369 -0.5799110531806946
0.49519598484039307 0.9953773617744446 -0.6719788312911987
0.37015554308891296 0.9939397573471069 -0.7928972840309143
0.1989629566669464 0.9893520474433899 -0.9527644515037537
-0.035531412810087204 0.9809373617172241 -1.166764736175537
0.2798742353916168 0.2750418484210968 0.10374658554792404
0.41191157698631287 0.05931021273136139 0.16486293077468872
0.5033584833145142 -0.10127703100442886 0.20662672817707062
0.5597625970840454 -0.21418596804141998 0.23164431750774384
0.5858526229858398 -0.28573647141456604 0.24213410913944244
0.5857684016227722 -0.3214120864868164 0.24003492295742035
0.5632379651069641 -0.32610011100769043 0.22709017992019653
0.5217207670211792 -0.304282546043396 0.20491571724414825
0.4645237624645233 -0.26019102334976196 0.17505452036857605
0.3948969542980194 -0.1979343295097351 0.13902269303798676
0.31611499190330505 -0.1216062381863594 0.09834796190261841
0.23154373466968536 -0.0353739969432354 0.05460205301642418
0.14469493925571442 0.056448210030794144 0.009426875039935112
0.059266868978738785 0.14934350550174713 -0.03544526919722557
-0.020828263834118843 0.23855289816856384 -0.07817792147397995
-0.09145577996969223 0.3190584182739258 -0.11682534962892532
-0.1482761949300766 0.38559770584106445 -0.14933930337429047
-0.18831844627857208 0.4345892369747162 -0.17422036826610565
-0.2120208442211151 0.4666321873664856 -0.19136784970760345
-0.22036823630332947 0.4829871654510498 -0.20090186595916748
-0.21443189680576324 0.4850097596645355 -0.20297512412071228
-0.19536568224430084 0.4741457402706146 -0.1977730393409729
-0.1644017994403839 0.4519246220588684 -0.18551412224769592
-0.12284515053033829 0.41995251178741455 -0.16644933819770813
-0.07206609845161438 0.37990275025367737 -0.1408614218235016
-0.013493722304701805 0.33350735902786255 -0.10906414687633514
0.05139290541410446 0.2825457453727722 -0.07140065729618073
0.1210741475224495 0.228833869099617 -0.028241582214832306
0.19399912655353546 0.17421233654022217 0.020016591995954514
0.26859569549560547 0.12053415924310684 0.0729539692401886
0.343282550573349 0.06965117901563644 0.13013054430484772
0.41647833585739136 0.023402495309710503 0.19108812510967255
0.48662683367729187 -0.016420789062976837 0.25534534454345703
0.5527135729789734 -0.04890593886375427 0.3220769464969635
0.6144307851791382 -0.07426972687244415 0.3900332450866699
0.6715512871742249 -0.09283199906349182 0.4579642117023468
0.7238823175430298 -0.10493558645248413 0.5246562957763672
0.77126145362854 -0.1109396442770958 0.5889360904693604
0.8135542869567871 -0.11121365427970886 0.6496741771697998
0.8506506681442261 -0.10613197088241577 0.7057860493659973
0.8824607133865356 -0.09606894105672836 0.7562311887741089
0.9089115858078003 -0.0813947319984436 0.8000105023384094
0.9299431443214417 -0.06247183308005333 0.836163341999054
0.9455047845840454 -0.03965170681476593 0.8637629151344299
0.9555511474609375 -0.01327285822480917 0.8819092512130737
0.9600386619567871 0.016341373324394226 0.8897231817245483
0.9589216113090515 0.04888411611318588 0.8863382935523987
0.9521493315696716 0.08406609296798706 0.870892345905304
0.939699113368988 0.1216159537434578 0.8426089286804199
0.9220941066741943 0.16127616167068481 0.8020591735839844
0.9002712965011597 0.20278753340244293 0.7508348822593689
0.8751646876335144 0.24588412046432495 0.6905310750007629
0.8476996421813965 0.2902911901473999 0.6227306127548218
0.8187968134880066 0.3357238173484802 0.5490127205848694
0.789372444152832 0.38188686966896057 0.4709574580192566
0.7603400945663452 0.4284735321998596 0.39015060663223267
0.732608437538147 0.4751660227775574 0.30818310379981995
0.7070789933204651 0.5216365456581116 0.22664883732795715
0.6846421360969543 0.5675483345985413 0.14714019000530243
0.6661710143089294 0.6125572323799133 0.07124075293540955
0.6525160074234009 0.65631502866745 0.000515464402269572
0.6444970965385437 0.6984708905220032 -0.06349977105855942
0.6428952217102051 0.7386756539344788 -0.11931208521127701
0.6484436988830566 0.776585042476654 -0.1654859483242035
0.6615280508995056 0.8118686079978943 -0.20098097622394562
0.680361270904541 0.84425950050354 -0.2272050827741623
0.7022950053215027 0.8735935688018799 -0.24664993584156036
0.7248232364654541 0.8997867107391357 -0.2617763578891754
0.7455772757530212 0.9228118658065796 -0.27499064803123474
0.7622877955436707 0.9426762461662292 -0.2886572480201721
0.772718071937561 0.9593997597694397 -0.3051407039165497
0.7745723128318787 0.9729946255683899 -0.32687753438949585
0.765372097492218 0.9834458231925964 -0.35648322105407715
0.7422882318496704 0.990688145160675 -0.3969023525714874
0.7019093036651611 0.9945809245109558 -0.45162495970726013
0.6399035453796387 0.9948704838752747 -0.5250041484832764
0.5505085587501526 0.9911394119262695 -0.6227417588233948
0.42571595311164856 0.9827224016189575 -0.7526645064353943
0.25389787554740906 0.9685673117637634 -0.9260342717170715
0.017368238419294357 0.9469870924949646 -1.1598740816116333
0.3823625445365906 0.3586054742336273 0.20493949949741364
0.4952969253063202 0.13608644902706146 0.26301974058151245
0.5712137222290039 -0.030792906880378723 0.3003290593624115
0.6151271462440491 -0.14950071275234222 0.31964147090911865
0.6313220858573914 -0.22635801136493683 0.32332727313041687
0.6235599517822266 -0.2668478488922119 0.31346794962882996
0.5952413082122803 -0.2758559286594391 0.2919464409351349
0.5495339035987854 -0.2578609585762024 0.26051899790763855
0.48948025703430176 -0.21709094941616058 0.22087541222572327
0.4180851876735687 -0.1576518565416336 0.1746882051229477
0.3383912742137909 -0.08363629132509232 0.12365535646677017
0.2535407841205597 0.0007857027230784297 0.06953570246696472
0.16682758927345276 0.0912918671965599 0.014178207144141197
0.08173484355211258 0.1833498626947403 -0.0404556468129158
0.001961234025657177 0.27217575907707214 -0.09227677434682846
-0.06857077032327652 0.3527148365974426 -0.139062762260437
-0.12573201954364777 0.4196554124355316 -0.17846661806106567
-0.16667971014976501 0.46935975551605225 -0.20878411829471588
-0.19180123507976532 0.5023807287216187 -0.22995823621749878
-0.20200574398040771 0.5199363827705383 -0.24219517409801483
-0.19828861951828003 0.5233418941497803 -0.24574241042137146
-0.18172727525234222 0.5140045285224915 -0.24088874459266663
-0.15347792208194733 0.493417888879776 -0.22796382009983063
-0.11476945877075195 0.4631541669368744 -0.2073371410369873
-0.06689727306365967 0.42485544085502625 -0.17941658198833466
-0.011216415092349052 0.38022491335868835 -0.1446467936038971
0.0508665069937706 0.3310162425041199 -0.10350693762302399
0.11790240556001663 0.2790221869945526 -0.056507598608732224
0.18840843439102173 0.2260633260011673 -0.004188401158899069
0.2608776390552521 0.17397619783878326 0.05288548395037651
0.33379027247428894 0.12459950149059296 0.11412772536277771
0.4056226909160614 0.07976313680410385 0.17893370985984802
0.47487103939056396 0.04125288501381874 0.24667850136756897
0.5405328273773193 0.009973591193556786 0.3164674639701843
0.6022616624832153 -0.014305292628705502 0.3870752155780792
0.6597850322723389 -0.03191680088639259 0.45727890729904175
0.7128617763519287 -0.04321642965078354 0.5258888602256775
0.7612791657447815 -0.04857604578137398 0.5917518734931946
0.8048509359359741 -0.04837854951620102 0.6537554860115051
0.8434159159660339 -0.04301278293132782 0.7108298540115356
0.8768338561058044 -0.03286910429596901 0.7619466185569763
0.9049826264381409 -0.018335293978452682 0.8061184883117676
0.9277554154396057 0.0002064787404378876 0.8423961997032166
0.9450575113296509 0.022382961586117744 0.8698652386665344
0.9568026065826416 0.04783156141638756 0.887640655040741
0.9629101157188416 0.07620247453451157 0.8948617577552795
0.9633013010025024 0.10715989023447037 0.8906852006912231
0.9578964710235596 0.14038299024105072 0.8742786645889282
0.9466512203216553 0.17556926608085632 0.8449055552482605
0.9301059246063232 0.21247431635856628 0.8032108545303345
0.9092422127723694 0.2508881688117981 0.750883162021637
0.8850368857383728 0.290596604347229 0.6896131038665771
0.8584557771682739 0.33137941360473633 0.621074378490448
0.83045494556427 0.37300905585289 0.5469300150871277
0.8019810914993286 0.4152514338493347 0.4688349664211273
0.7739732265472412 0.4578644037246704 0.3884393572807312
0.7473597526550293 0.5005990266799927 0.3073868751525879
0.7230563759803772 0.5431997179985046 0.22731198370456696
0.7019626498222351 0.5854052305221558 0.14983521401882172
0.6849570870399475 0.6269500851631165 0.07655709236860275
0.6728920340538025 0.6675664782524109 0.009048386476933956
0.6665870547294617 0.7069849967956543 -0.05115801468491554
0.6668227910995483 0.7449375987052917 -0.10257924348115921
0.6743335127830505 0.7811604142189026 -0.14379404485225677
0.689503014087677 0.815379798412323 -0.1738002449274063
0.7105086445808411 0.8472422957420349 -0.19420230388641357
0.7346580624580383 0.8764317631721497 -0.20773473381996155
0.7594099640846252 0.9027143716812134 -0.21707360446453094
0.7823652029037476 0.9259161353111267 -0.22481782734394073
0.8012258410453796 0.9458995461463928 -0.23350925743579865
0.8137264251708984 0.9625389575958252 -0.24568355083465576
0.8175394535064697 0.9756967425346375 -0.2639526426792145
0.8101479411125183 0.9851958751678467 -0.29112398624420166
0.7886736392974854 0.9907885789871216 -0.33036741614341736
0.7496381402015686 0.9921157360076904 -0.3854545056819916
0.6886155605316162 0.9886508584022522 -0.46110936999320984
0.5997027158737183 0.9796156883239746 -0.563546895980835
0.47467273473739624 0.9638462662696838 -0.7013358473777771
0.30154138803482056 0.9395662546157837 -0.8868612051010132
0.06200733035802841 0.9039809703826904 -1.1389343738555908
0.4804231822490692 0.42803773283958435 0.30652037262916565
0.5749794244766235 0.20338819921016693 0.36035045981407166
0.6360073685646057 0.03403497487306595 0.3923048675060272
0.6680139303207397 -0.0873960331082344 0.40528199076652527
0.6748573184013367 -0.1671428680419922 0.40176528692245483
0.6599339246749878 -0.21061359345912933 0.38394421339035034
0.6263242959976196 -0.22262394428253174 0.3538084626197815
0.5769104361534119 -0.20758715271949768 0.3132248520851135
0.5144729018211365 -0.16966886818408966 0.26400062441825867
0.4417721927165985 -0.1129152923822403 0.2079368382692337
0.3616175651550293 -0.04136271774768829 0.14687392115592957
0.27692607045173645 0.040871988981962204 0.08273044973611832
0.19076897203922272 0.1295153647661209 0.0175348948687315
0.10640876740217209 0.22007815539836884 -0.04654997959733009
0.02732316590845585 0.30781301856040955 -0.10721032321453094
-0.04278745874762535 0.3876939117908478 -0.1619757115840912
-0.10001637786626816 0.45442885160446167 -0.20822936296463013
-0.14165936410427094 0.5043741464614868 -0.24407914280891418
-0.16805388033390045 0.538036048412323 -0.26950106024742126
-0.180033341050148 0.5565825700759888 -0.2847732901573181
-0.17851625382900238 0.5612799525260925 -0.2902243733406067
-0.16450299322605133 0.5534882545471191 -0.28623247146606445
-0.13907156884670258 0.5346545577049255 -0.27322474122047424
-0.10337234288454056 0.5063055157661438 -0.251675009727478
-0.05862142890691757 0.4700389802455902 -0.22210203111171722
-0.006094476208090782 0.4275144636631012 -0.18506669998168945
0.05288141593337059 0.38044315576553345 -0.14116908609867096
0.11693622916936874 0.33057668805122375 -0.09104432165622711
0.18466544151306152 0.279695987701416 -0.03535926714539528
0.2546388804912567 0.2295999825000763 0.02519191987812519
0.32541173696517944 0.18209248781204224 0.0898931622505188
0.3955323100090027 0.13897128403186798 0.1580100953578949
0.46356427669525146 0.1019940972328186 0.22879071533679962
0.5285261869430542 0.07204622030258179 0.30128014087677
0.5900325775146484 0.04888628423213959 0.37427613139152527
0.6477633714675903 0.032172948122024536 0.4465809762477875
0.7014263272285461 0.021543607115745544 0.5170261263847351
0.7507545351982117 0.016619587317109108 0.5844755172729492
0.7955064177513123 0.017011065036058426 0.6478302478790283
0.8354637622833252 0.02232147939503193 0.706030547618866
0.8704298138618469 0.032151516526937485 0.7580559849739075
0.9002269506454468 0.04610276222229004 0.8029256463050842
0.9246942400932312 0.06378059089183807 0.83969646692276
0.9436854720115662 0.08479712903499603 0.8674606084823608
0.9570657014846802 0.10877295583486557 0.8853421211242676
0.9647088050842285 0.13533905148506165 0.8924925327301025
0.966495156288147 0.1641380488872528 0.8880861401557922
0.962307870388031 0.19482508301734924 0.8713144659996033
0.9520734548568726 0.2270742505788803 0.841474711894989
0.9363497495651245 0.26066160202026367 0.799279510974884
0.9161685109138489 0.2954329550266266 0.7465083003044128
0.8925566077232361 0.33123257756233215 0.6849406361579895
0.8665259480476379 0.36790019273757935 0.6163344383239746
0.8390747904777527 0.40527108311653137 0.5424299836158752
0.8111879229545593 0.44317635893821716 0.46494999527931213
0.783836305141449 0.4814419150352478 0.3856023848056793
0.7579755783081055 0.5198895335197449 0.30607694387435913
0.7345434427261353 0.5583370923995972 0.22804276645183563
0.7144564986228943 0.5965989828109741 0.15314368903636932
0.698606550693512 0.6344867944717407 0.08299259841442108
0.6878562569618225 0.6718111634254456 0.01916331611573696
0.6830337047576904 0.7083815336227417 -0.036815859377384186
0.6849276423454285 0.7440080642700195 -0.08347200602293015
0.6942816972732544 0.7785029411315918 -0.11939703673124313
0.7114843130111694 0.8116468191146851 -0.14362303912639618
0.7346671223640442 0.8429916501045227 -0.1579367071390152
0.7610775828361511 0.8720618486404419 -0.1652979701757431
0.7881219387054443 0.8984665274620056 -0.16858097910881042
0.8133546113967896 0.9218783974647522 -0.1705610603094101
0.8344334363937378 0.9420085549354553 -0.17394225299358368
0.8490486145019531 0.9585798382759094 -0.1814161241054535
0.8548246026039124 0.9712969064712524 -0.19575409591197968
0.8491892218589783 0.9798124432563782 -0.2199384719133377
0.8291957378387451 0.9836848974227905 -0.25734472274780273
0.7912771701812744 0.982323408126831 -0.3120018243789673
0.7308852076530457 0.9749094247817993 -0.3889748752117157
0.641939640045166 0.9602770805358887 -0.4949526786804199
0.5159447193145752 0.9367234706878662 -0.6391933560371399
0.3404863774776459 0.9016844630241394 -0.8351327180862427
0.09653514623641968 0.851153552532196 -1.1032705307006836
0.5733750462532043 0.48159921169281006 0.40719443559646606
0.6504543423652649 0.25972822308540344 0.4555390775203705
0.6973957419395447 0.09195523709058762 0.48123544454574585
0.7182237505912781 -0.028905149549245834 0.48726215958595276
0.7163894176483154 -0.10892463475465775 0.4761766493320465
0.6949368119239807 -0.1533614695072174 0.4502395689487457
0.6566358804702759 -0.16689394414424896 0.4115139842033386
0.6040886044502258 -0.15380683541297913 0.3619450330734253
0.5398182272911072 -0.11814403533935547 0.30342692136764526
0.4663422405719757 -0.06383518129587173 0.2378588616847992
0.3862377107143402 0.005196491256356239 0.16719433665275574
0.3021942675113678 0.08494348078966141 0.0934818908572197
0.21705852448940277 0.17123885452747345 0.01889975368976593
0.1338680386543274 0.2596965432167053 -0.054218318313360214
0.055873364210128784 0.3456689715385437 -0.1233648806810379
-0.013455101288855076 0.4242260754108429 -0.18585319817066193
-0.07044351100921631 0.49016696214675903 -0.23882955312728882
-0.1125350072979927 0.5398940443992615 -0.2802336812019348
-0.14001843333244324 0.5738676190376282 -0.3100643455982208
-0.1536511927843094 0.5931979417800903 -0.3286572992801666
-0.1542753130197525 0.5990950465202332 -0.33640801906585693
-0.1428135186433792 0.5928629040718079 -0.3337702751159668
-0.12026454508304596 0.5758920311927795 -0.32125410437583923
-0.08769826591014862 0.5496528744697571 -0.2994233965873718
-0.04624848812818527 0.5156858563423157 -0.2688925564289093
0.0028931256383657455 0.47559261322021484 -0.23032307624816895
0.05848485603928566 0.43102559447288513 -0.18441924452781677
0.11924321949481964 0.3836774230003357 -0.1319233775138855
0.18385113775730133 0.33526983857154846 -0.07361122965812683
0.2509661316871643 0.28754308819770813 -0.010286924429237843
0.3192303776741028 0.24224364757537842 0.05722352862358093
0.3872782289981842 0.20111405849456787 0.1280764937400818
0.45375552773475647 0.16586051881313324 0.20141328871250153
0.5177106857299805 0.1373365819454193 0.27622997760772705
0.5787196159362793 0.11529326438903809 0.3513462245464325
0.6364139318466187 0.09938584268093109 0.4255869686603546
0.6904481649398804 0.08925022184848785 0.49780160188674927
0.7404993772506714 0.08450736850500107 0.5668677687644958
0.7862668633460999 0.08476734161376953 0.6316955089569092
0.8274718523025513 0.08963307738304138 0.6912307143211365
0.8638560771942139 0.09870390594005585 0.7444551587104797
0.8951807618141174 0.11157866567373276 0.7903884649276733
0.9212245941162109 0.1278582662343979 0.8280864953994751
0.9417829513549805 0.14714844524860382 0.8566418290138245
0.9566646218299866 0.16906118392944336 0.87517911195755
0.9656912088394165 0.19321681559085846 0.8828548789024353
0.9686933755874634 0.2192448526620865 0.878852367401123
0.9655099511146545 0.24678529798984528 0.8623784184455872
0.9560309648513794 0.2754978537559509 0.8327556252479553
0.9408315420150757 0.30518677830696106 0.7907556891441345
0.921000063419342 0.33576029539108276 0.7382397651672363
0.8976195454597473 0.3671269416809082 0.6770687103271484
0.8717553019523621 0.3991921544075012 0.6090761423110962
0.8444552421569824 0.4318583309650421 0.5360720753669739
0.8167486786842346 0.4650251269340515 0.4598398506641388
0.7896469831466675 0.49858909845352173 0.38213828206062317
0.7641407251358032 0.5324439406394958 0.30469778180122375
0.741197407245636 0.566480815410614 0.2292170524597168
0.7217594385147095 0.6005886197090149 0.15735942125320435
0.7067402601242065 0.6346544623374939 0.09074798226356506
0.6970214247703552 0.6685640811920166 0.030958794057369232
0.6934484243392944 0.7022020816802979 -0.020484061911702156
0.6968268156051636 0.7354528903961182 -0.06211591511964798
0.7079179883003235 0.7682009339332581 -0.09253841638565063
0.7271209359169006 0.8002767562866211 -0.11081226915121078
0.7525090575218201 0.8311300277709961 -0.11888870596885681
0.781248927116394 0.8601175546646118 -0.11993135511875153
0.8106747269630432 0.8866843581199646 -0.11699220538139343
0.8382748365402222 0.9103429317474365 -0.11300407350063324
0.8616437911987305 0.9306464195251465 -0.11081455647945404
0.8784090280532837 0.9471594095230103 -0.11325276643037796
0.8861274123191833 0.9594210386276245 -0.1232302188873291
0.8821507692337036 0.9669049382209778 -0.14388225972652435
0.8634409308433533 0.9689645171165466 -0.17876441776752472
0.826313853263855 0.9647626280784607 -0.23213152587413788
0.7660634517669678 0.9531680941581726 -0.30934906005859375
0.6763855218887329 0.9325987696647644 -0.41752558946609497
0.5484499335289001 0.9007697701454163 -0.5665342211723328
0.3693166673183441 0.854262113571167 -0.7707560658454895
0.11907824873924255 0.7877451181411743 -1.0522247552871704
0.6606318950653076 0.5176036357879639 0.5058230757713318
0.7212876081466675 0.3036890923976898 0.5474075078964233
0.7550860047340393 0.14179381728172302 0.5659245848655701
0.765595018863678 0.025017548352479935 0.5643877387046814
0.7558755278587341 -0.05246034637093544 0.545386791229248
0.7286331057548523 -0.09567221999168396 0.5112159252166748
0.6863363981246948 -0.10909003764390945 0.46397581696510315
0.6313148736953735 -0.09680652618408203 0.4056560695171356
0.5658379197120667 -0.0626835823059082 0.3382050693035126
0.49218374490737915 -0.010476239956915379 0.26358863711357117
0.4126981198787689 0.05606222525238991 0.1838415116071701
0.32984307408332825 0.13309140503406525 0.10111059993505478
0.24623914062976837 0.21660973131656647 0.017691580578684807
0.16469533741474152 0.30239588022232056 -0.06394333392381668
0.08823075890541077 0.38596683740615845 -0.14112666249275208
0.020079120993614197 0.46255728602409363 -0.21099045872688293
-0.03632747009396553 0.5271314382553101 -0.27048009634017944
-0.07858730107545853 0.5761922597885132 -0.3173902630805969
-0.10694130510091782 0.6101543307304382 -0.35173147916793823
-0.12207141518592834 0.6300634741783142 -0.3738827407360077
-0.12474317848682404 0.6370656490325928 -0.3842921555042267
-0.1158013641834259 0.6323999762535095 -0.38347482681274414
-0.09616515785455704 0.6173915266990662 -0.3720093369483948
-0.06682218611240387 0.5934429168701172 -0.3505346477031708
-0.02882159687578678 0.5620249509811401 -0.31974509358406067
0.016732430085539818 0.5246671438217163 -0.2803860306739807
0.06868859380483627 0.4829474687576294 -0.23324838280677795
0.12585654854774475 0.43848177790641785 -0.17916254699230194
0.1870145946741104 0.392913281917572 -0.11899299174547195
0.2509176433086395 0.34790295362472534 -0.05363227799534798
0.3163062632083893 0.3051174283027649 0.016006208956241608
0.38191333413124084 0.2662210762500763 0.08899302035570145
0.44648122787475586 0.23284484446048737 0.164387047290802
0.5090968608856201 0.2057981938123703 0.24114832282066345
0.5692979097366333 0.18482807278633118 0.318116694688797
0.6266675591468811 0.1695915311574936 0.3941369354724884
0.6808069944381714 0.15972892940044403 0.46807312965393066
0.7313352823257446 0.15486735105514526 0.5388121604919434
0.7778909802436829 0.154623880982399 0.6052690148353577
0.8201318383216858 0.15860871970653534 0.6663893461227417
0.8577343225479126 0.16642779111862183 0.7211514115333557
0.8903941512107849 0.1776856631040573 0.7685680985450745
0.9178245067596436 0.19198757410049438 0.8076874017715454
0.9397561550140381 0.20894183218479156 0.8375924825668335
0.9559354782104492 0.22816115617752075 0.8574007749557495
0.9661239981651306 0.24926453828811646 0.8662631511688232
0.9700963497161865 0.2718782424926758 0.8633618950843811
0.9676389098167419 0.295636922121048 0.847908079624176
0.9585980772972107 0.3201959729194641 0.819238007068634
0.9435669779777527 0.34539589285850525 0.7781714797019958
0.9236966967582703 0.37121346592903137 0.7266409993171692
0.9001331925392151 0.39762675762176514 0.6665776968002319
0.8740021586418152 0.42461156845092773 0.599882960319519
0.8464083671569824 0.4521408975124359 0.5284271240234375
0.8184342980384827 0.48018598556518555 0.4540473520755768
0.7911388874053955 0.5087150931358337 0.3785468637943268
0.7655560970306396 0.5376943349838257 0.3036915361881256
0.7426922917366028 0.5670875310897827 0.23120640218257904
0.7235240340232849 0.5968561768531799 0.1627722680568695
0.7089956998825073 0.6269598007202148 0.10002170503139496
0.7000167369842529 0.6573560237884521 0.04453388974070549
0.697458803653717 0.688000500202179 -0.002168904524296522
0.702153205871582 0.7188471555709839 -0.038626592606306076
0.7148877382278442 0.7498486042022705 -0.06344623118638992
0.7360770106315613 0.7808799743652344 -0.07570967078208923
0.7637210488319397 0.8112812042236328 -0.07751206308603287
0.7948817014694214 0.8402330875396729 -0.07219570130109787
0.8267974257469177 0.8670085072517395 -0.06296712905168533
0.856867790222168 0.890953004360199 -0.05289478227496147
0.8826027512550354 0.9114553928375244 -0.044948678463697433
0.9015441536903381 0.9279139041900635 -0.04207374528050423
0.9111589789390564 0.9396948218345642 -0.0472983680665493
0.9086987376213074 0.9460828900337219 -0.0638846680521965
0.8910055160522461 0.9462151527404785 -0.09553667157888412
0.8542445302009583 0.9389922022819519 -0.14669564366340637
0.7935084700584412 0.9229491949081421 -0.22297585010528564
0.7022116780281067 0.8960574865341187 -0.3318362236022949
0.5711080431938171 0.8554040789604187 -0.48366767168045044
0.38661107420921326 0.7966440916061401 -0.6936562657356262
0.12774784862995148 0.7130036950111389 -0.9851582646369934
0.7416760325431824 0.5343564748764038 0.6013967394828796
0.7870960831642151 0.3338795304298401 0.6348884105682373
0.808824360370636 0.18242357671260834 0.6452723145484924
0.8099938631057739 0.0734756663441658 0.63554847240448
0.7932931780815125 0.0015563159249722958 0.608295202255249
0.7611017823219299 -0.03806211054325104 0.5657994747161865
0.7155974507331848 -0.049573879688978195 0.5101620554924011
0.6588431596755981 -0.036813799291849136 0.44338124990463257
0.5928606986999512 -0.0034004629123955965 0.36742502450942993
0.5196917057037354 0.04714527353644371 0.2842918336391449
0.4414522349834442 0.1112983450293541 0.1960640698671341
0.3603779673576355 0.18544422090053558 0.10495324432849884
0.2788616418838501 0.26580697298049927 0.013338514603674412
0.19948233664035797 0.34839296340942383 -0.0762045755982399
0.12502321600914001 0.42895030975341797 -0.16088473796844482
0.058475930243730545 0.5029497742652893 -0.23769037425518036
0.00302332011051476 0.5655972957611084 -0.30340564250946045
-0.0390947163105011 0.6135519742965698 -0.3557051420211792
-0.06807196885347366 0.6471837162971497 -0.3946005702018738
-0.08451483398675919 0.6674668192863464 -0.4204990565776825
-0.08911234140396118 0.6754751801490784 -0.4338867664337158
-0.08263127505779266 0.6723747253417969 -0.43532565236091614
-0.06591040641069412 0.6594148874282837 -0.42544814944267273
-0.03985404595732689 0.6379199624061584 -0.4049529433250427
-0.005424562841653824 0.6092784404754639 -0.3745981752872467
0.03636457398533821 0.5749338269233704 -0.3351956903934479
0.08445675671100616 0.5363738536834717 -0.28760430216789246
0.1377604603767395 0.4951203763484955 -0.23272228240966797
0.19515638053417206 0.45271965861320496 -0.17148111760616302
0.2555053234100342 0.4107325077056885 -0.10483847558498383
0.3176562786102295 0.3707248270511627 -0.033770352602005005
0.38045230507850647 0.33425959944725037 0.0407341867685318
0.4427449107170105 0.3028695285320282 0.11767836660146713
0.5036677122116089 0.27730831503868103 0.19600088894367218
0.5627210140228271 0.2573225498199463 0.274559885263443
0.6194396018981934 0.24257658421993256 0.35221636295318604
0.6733713746070862 0.23272138833999634 0.427845299243927
0.7240775227546692 0.2273969203233719 0.5003390312194824
0.7711345553398132 0.22623465955257416 0.5686120390892029
0.8141353130340576 0.22885984182357788 0.6316045522689819
0.8526888489723206 0.23489350080490112 0.6882845163345337
0.8864216804504395 0.24395470321178436 0.7376510500907898
0.9149776101112366 0.25566232204437256 0.7787352800369263
0.9380179643630981 0.26963675022125244 0.8106022477149963
0.9552211165428162 0.28550148010253906 0.8323512077331543
0.966282308101654 0.3028843402862549 0.8431164026260376
0.9709129929542542 0.32141897082328796 0.8420661687850952
0.968840479850769 0.3407454192638397 0.8284032940864563
0.959860622882843 0.3605257570743561 0.8014634847640991
0.9445847868919373 0.3806445598602295 0.7621009349822998
0.9242329001426697 0.40115219354629517 0.7123066186904907
0.9000206589698792 0.42210108041763306 0.6540713310241699
0.8731412887573242 0.4435408115386963 0.5893529653549194
0.8447642922401428 0.46551787853240967 0.5200740694999695
0.8160328269004822 0.48807665705680847 0.44811758399009705
0.7880628108978271 0.5112581253051758 0.37532588839530945
0.7619398832321167 0.5351002812385559 0.30349621176719666
0.7387182116508484 0.5596379637718201 0.23437759280204773
0.7194183468818665 0.5849034190177917 0.16966788470745087
0.7050246000289917 0.6109249591827393 0.11101018637418747
0.6964839100837708 0.6377285122871399 0.05998934805393219
0.6947034597396851 0.6653363108634949 0.018129853531718254
0.700549304485321 0.6937673091888428 -0.013108097948133945
0.7148443460464478 0.7230373620986938 -0.032331064343452454
0.7380238175392151 0.753061830997467 -0.03863411769270897
0.7679968476295471 0.7830625772476196 -0.03423294425010681
0.8016918897628784 0.8120346069335938 -0.022620201110839844
0.8362255692481995 0.8390718102455139 -0.007131197955459356
0.8688825368881226 0.8633447289466858 0.009054536931216717
0.8970625996589661 0.884070098400116 0.022868571802973747
0.9181972742080688 0.9004730582237244 0.031274788081645966
0.9296376705169678 0.9117382764816284 0.031154971569776535
0.9285062551498413 0.916951596736908 0.019151221960783005
0.9114927649497986 0.9150213003158569 -0.008551309816539288
0.8745718002319336 0.9045695066452026 -0.05653294548392296
0.8125842809677124 0.8837754726409912 -0.13059423863887787
0.7185935974121094 0.8501318693161011 -0.2384592592716217
0.5828406810760498 0.8000503778457642 -0.3909163475036621
0.3909474313259125 0.7281841039657593 -0.6037799119949341
0.12064776569604874 0.6261917352676392 -0.901459276676178
0.8160353302955627 0.5300914645195007 0.6930105090141296
0.8475320935249329 0.3488893210887909 0.7169999480247498
0.8583829402923584 0.21273274719715118 0.7182500958442688
0.8513067960739136 0.11561071127653122 0.6996943354606628
0.828635573387146 0.05248229578137398 0.6638519167900085
0.7924350500106812 0.019010068848729134 0.612959623336792
0.7446011304855347 0.011353333480656147 0.5490772128105164
0.6869384050369263 0.02600363828241825 0.474173903465271
0.6212257146835327 0.05965013802051544 0.39020052552223206
0.5492721796035767 0.10906699299812317 0.2991518974304199
0.47296658158302307 0.17101766169071198 0.20312292873859406
0.39431872963905334 0.24217355251312256 0.10435379296541214
0.31549355387687683 0.3190465271472931 0.005270784255117178
0.23883794248104095 0.3979354798793793 -0.0914844200015068
0.16689619421958923 0.47488856315612793 -0.183035209774971
0.1024128869175911 0.5456861853599548 -0.26626676321029663
0.04831457883119583 0.6058549880981445 -0.3378446400165558
0.00667404243722558 0.6522685885429382 -0.3953503668308258
-0.022656047716736794 0.685252845287323 -0.43878600001335144
-0.04020582139492035 0.7057029604911804 -0.46857112646102905
-0.04658735170960426 0.714612603187561 -0.48521482944488525
-0.04248868301510811 0.7130652070045471 -0.4893108308315277
-0.028667228296399117 0.7022247314453125 -0.4815305769443512
-0.005942425224930048 0.6833253502845764 -0.462616503238678
0.02481238543987274 0.657660961151123 -0.43337392807006836
0.06267742067575455 0.6265749335289001 -0.39466333389282227
0.1066947802901268 0.5914497971534729 -0.34739193320274353
0.15587663650512695 0.55369633436203 -0.29250478744506836
0.20921245217323303 0.5147457122802734 -0.23097771406173706
0.26567623019218445 0.47603949904441833 -0.16380873322486877
0.32423409819602966 0.4390220046043396 -0.09201017022132874
0.38384947180747986 0.4051336646080017 -0.01660279370844364
0.44349417090415955 0.3757866621017456 0.06138983741402626
0.5023556351661682 0.3516680896282196 0.14090070128440857
0.5598970651626587 0.33252862095832825 0.2208034247159958
0.6156059503555298 0.31804603338241577 0.2999713718891144
0.668976902961731 0.30788809061050415 0.3772863447666168
0.7195138335227966 0.3017146587371826 0.4516415596008301
0.7667314410209656 0.2991790175437927 0.521946132183075
0.810157060623169 0.29992935061454773 0.5871291756629944
0.8493310213088989 0.30361026525497437 0.6461419463157654
0.8838090300559998 0.3098643124103546 0.6979615092277527
0.9131622314453125 0.31833338737487793 0.7415938973426819
0.9369789958000183 0.3286599814891815 0.7760757207870483
0.9548649787902832 0.34048861265182495 0.8004769682884216
0.9664438962936401 0.35346686840057373 0.8139021992683411
0.9713581800460815 0.36724650859832764 0.8154924511909485
0.9692689776420593 0.38148465752601624 0.804426372051239
0.9599156975746155 0.39586129784584045 0.7800231575965881
0.9439274072647095 0.41031256318092346 0.743155300617218
0.9225992560386658 0.4249666631221771 0.6958584785461426
0.8972229957580566 0.43995341658592224 0.6401700377464294
0.8690667748451233 0.45539888739585876 0.578093409538269
0.8393726348876953 0.47142523527145386 0.5115938782691956
0.8093528151512146 0.4881507158279419 0.44259342551231384
0.7801885008811951 0.5056888461112976 0.3729679584503174
0.7530272006988525 0.5241490006446838 0.3045431971549988
0.7289804816246033 0.5436355471611023 0.23909130692481995
0.7091224193572998 0.5642481446266174 0.17832767963409424
0.6944877505302429 0.5860816836357117 0.12390869110822678
0.6860708594322205 0.6092260479927063 0.07742908596992493
0.684824526309967 0.6337661147117615 0.04042036831378937
0.6916590332984924 0.6597815752029419 0.014349079690873623
0.7074410319328308 0.687346875667572 0.0006153439753688872
0.7326315641403198 0.7164126038551331 0.00011975791130680591
0.765027642250061 0.746073842048645 0.010551598854362965
0.8013937473297119 0.7751312255859375 0.02829871140420437
0.8386933207511902 0.8024899363517761 0.049925535917282104
0.8740671277046204 0.8271372318267822 0.07216832786798477
0.9047762155532837 0.8481107354164124 0.09188692271709442
0.9281131625175476 0.8644534945487976 0.10598195344209671
0.941283643245697 0.8751599192619324 0.11127594113349915
0.9412487745285034 0.879106879234314 0.10435106605291367
0.9245087504386902 0.8749601244926453 0.08132503926753998
0.8868021368980408 0.8610472083091736 0.03753430396318436
0.8226585388183594 0.835167646408081 -0.03293461725115776
0.7247108817100525 0.7943021059036255 -0.13796964287757874
0.5825732350349426 0.7341373562812805 -0.28861287236213684
0.3809063136577606 0.6482462882995605 -0.5010939240455627
0.0958828255534172 0.5265895128250122 -0.8005451560020447
0.8832583427429199 0.5029004812240601 0.7798362374305725
0.9022646546363831 0.34723979234695435 0.7928171753883362
0.9035483002662659 0.23159146308898926 0.7838717699050903
0.8894327282905579 0.15057897567749023 0.755807638168335
0.8619072437286377 0.09971124678850174 0.7110320329666138
0.8227357268333435 0.07513570785522461 0.6516839861869812
0.7735418081283569 0.07344771176576614 0.5797393321990967
0.7158784866333008 0.09153896570205688 0.49709653854370117
0.6512873768806458 0.12647369503974915 0.4056502878665924
0.5813491344451904 0.17538520693778992 0.3073543906211853
0.5077278017997742 0.2353874295949936 0.20427753031253815
0.43220803141593933 0.30350035429000854 0.09865149110555649
0.3567272424697876 0.3765876889228821 -0.007088770624250174
0.28339800238609314 0.4513079524040222 -0.11027505993843079
0.21452262997627258 0.5240808129310608 -0.2079864740371704
0.15259385108947754 0.5910729169845581 -0.2970477342605591
0.10027586668729782 0.6482141017913818 -0.37405142188072205
0.05946860834956169 0.69265216588974 -0.4365154206752777
0.030072085559368134 0.7246699333190918 -0.4844198524951935
0.011633734218776226 0.7450752258300781 -0.5181803703308105
0.0036197372246533632 0.7547723650932312 -0.5383132696151733
0.0054224394261837006 0.754752516746521 -0.5454282760620117
0.016367722302675247 0.7460829615592957 -0.5402202010154724
0.03572336211800575 0.7298963069915771 -0.5234588384628296
0.06270768493413925 0.7073785662651062 -0.49597954750061035
0.09649797528982162 0.6797589063644409 -0.45867276191711426
0.13623899221420288 0.6482992172241211 -0.4124741554260254
0.18105138838291168 0.6142836809158325 -0.35835421085357666
0.2300388514995575 0.5790106058120728 -0.2973092198371887
0.2822950482368469 0.5437849164009094 -0.23035256564617157
0.3369106948375702 0.5099099278450012 -0.1585056483745575
0.39297786355018616 0.4786839485168457 -0.082792267203331
0.4495984613895416 0.45137819647789 -0.004232538398355246
0.5060192346572876 0.428603857755661 0.07611650228500366
0.56166672706604 0.4101209044456482 0.1571403294801712
0.6159806251525879 0.39562687277793884 0.23771990835666656
0.6684038639068604 0.38481321930885315 0.31673943996429443
0.7183837890625 0.3773666322231293 0.39308828115463257
0.765373945236206 0.37296947836875916 0.46566540002822876
0.8088366985321045 0.3713006377220154 0.5333828330039978
0.8482437133789062 0.37203675508499146 0.5951686501502991
0.8830789923667908 0.37485256791114807 0.6499711275100708
0.9128396511077881 0.37942230701446533 0.696761429309845
0.9370383024215698 0.3854205012321472 0.734538197517395
0.9552041292190552 0.3925229012966156 0.7623298168182373
0.9668853282928467 0.400407612323761 0.7791982889175415
0.9716495871543884 0.40875595808029175 0.7842419147491455
0.969086229801178 0.4172535240650177 0.7765986323356628
0.9588713645935059 0.42560988664627075 0.7555530071258545
0.9416525363922119 0.4338195025920868 0.7219780087471008
0.9188047647476196 0.4420908987522125 0.6779388785362244
0.8917022943496704 0.4506334066390991 0.6255053877830505
0.8616950511932373 0.4596514105796814 0.5667145848274231
0.8301053643226624 0.46934327483177185 0.5035654902458191
0.7982235550880432 0.47990185022354126 0.4380115568637848
0.7673054933547974 0.4915129244327545 0.3719577491283417
0.7385701537132263 0.5043559074401855 0.3072560727596283
0.7131972908973694 0.5186033844947815 0.24570149183273315
0.6923254132270813 0.5344204306602478 0.18902917206287384
0.6770507097244263 0.5519651770591736 0.13891278207302094
0.6684262156486511 0.571388840675354 0.09696174412965775
0.6674609184265137 0.5928349494934082 0.0647209957242012
0.6751192808151245 0.6164399981498718 0.04366994649171829
0.6923219561576843 0.6423336267471313 0.03522220626473427
0.7195598483085632 0.67049640417099 0.04028274118900299
0.7544947266578674 0.6998879313468933 0.056473713368177414
0.7936913967132568 0.7291037440299988 0.08009693771600723
0.833925724029541 0.7568504810333252 0.10764729976654053
0.8721619248390198 0.7819241881370544 0.1358063668012619
0.9054897427558899 0.8031732439994812 0.1613914519548416
0.931031346321106 0.8194504380226135 0.18127088248729706
0.9458135366439819 0.8295501470565796 0.19224239885807037
0.9465997815132141 0.8321287035942078 0.19086851179599762
0.9296591281890869 0.8255966305732727 0.17324914038181305
0.8904418349266052 0.8079684376716614 0.1347009837627411
0.8231002688407898 0.7766404747962952 0.06928244233131409
0.7197458744049072 0.7280471324920654 -0.030941728502511978
0.5692359805107117 0.6570984125137329 -0.17709989845752716
0.35507574677467346 0.5562066435813904 -0.38558724522590637
0.05156845971941948 0.41349926590919495 -0.681868851184845
0.9427289366722107 0.45117437839508057 0.8609707951545715
0.9508071541786194 0.32770711183547974 0.8613442182540894
0.9439562559127808 0.23807422816753387 0.841087818145752
0.9241201877593994 0.17769044637680054 0.8028157949447632
0.8929600715637207 0.14274215698242188 0.7487650513648987
0.8519493937492371 0.12996777892112732 0.6809248924255371
0.8024488091468811 0.13648878037929535 0.6011399030685425
0.7457675337791443 0.15967585146427155 0.51119464635849
0.6832160949707031 0.19703920185565948 0.4128861725330353
0.6161509156227112 0.2461373209953308 0.3080867528915405
0.5460140109062195 0.30449867248535156 0.1988002508878708
0.4743666350841522 0.3695552945137024 0.08720982819795609
0.4029179811477661 0.43858829140663147 -0.024281160905957222
0.33354493975639343 0.5086845755577087 -0.13301926851272583
0.2683047652244568 0.5767085552215576 -0.2360823154449463
0.20943371951580048 0.6392919421195984 -0.3302801847457886
0.1593274623155594 0.6928513050079346 -0.4121801257133484
0.11970919370651245 0.7348703742027283 -0.4792670011520386
0.09052757918834686 0.7655895352363586 -0.5314870476722717
0.07140984386205673 0.7857202291488647 -0.5692344903945923
0.06190359592437744 0.7960674166679382 -0.5930161476135254
0.061484500765800476 0.7975196242332458 -0.6034420132637024
0.06956504285335541 0.7910354733467102 -0.6012134552001953
0.08550363779067993 0.7776333093643188 -0.5871114134788513
0.10861428081989288 0.7583780884742737 -0.5619837045669556
0.13817523419857025 0.7343710660934448 -0.5267323851585388
0.17343823611736298 0.7067391276359558 -0.4823018014431
0.21363697946071625 0.6766246557235718 -0.42966628074645996
0.25799429416656494 0.6451780796051025 -0.3698197603225708
0.3057289123535156 0.6135510802268982 -0.3037662208080292
0.3560618758201599 0.582890510559082 -0.23250989615917206
0.40822041034698486 0.5543349981307983 -0.15704937279224396
0.46144384145736694 0.5289977788925171 -0.07837209850549698
0.5150421261787415 0.5074066519737244 0.002489904873073101
0.5684043765068054 0.489337295293808 0.08442947268486023
0.6209228038787842 0.4745136499404907 0.16633014380931854
0.671989381313324 0.4626578092575073 0.24707388877868652
0.7209960222244263 0.45348989963531494 0.3255419135093689
0.7673373818397522 0.4467284381389618 0.40061867237091064
0.8104116320610046 0.44209033250808716 0.4711945950984955
0.8496232628822327 0.4392915368080139 0.5361692309379578
0.8843847513198853 0.43804731965065 0.5944551229476929
0.9141190052032471 0.43807274103164673 0.6449817419052124
0.9382616877555847 0.4390833377838135 0.6867001056671143
0.9562637209892273 0.4407959580421448 0.7185863852500916
0.9675939083099365 0.4429292678833008 0.7396470308303833
0.9717411398887634 0.4452047049999237 0.7489228844642639
0.9682178497314453 0.4473477900028229 0.7454946637153625
0.9566309452056885 0.4491085112094879 0.728593111038208
0.9376455545425415 0.4505451023578644 0.6990739107131958
0.9127205014228821 0.4519471228122711 0.6590147614479065
0.8833178281784058 0.4536040425300598 0.6105036735534668
0.8508751392364502 0.45579850673675537 0.5555990934371948
0.8168023228645325 0.45880556106567383 0.49632319808006287
0.782475471496582 0.4628917872905731 0.4346536695957184
0.7492350935935974 0.46831509470939636 0.37252020835876465
0.7183817625045776 0.475323885679245 0.31179890036582947
0.6911742091178894 0.4841572642326355 0.2543078064918518
0.6688271164894104 0.4950445294380188 0.20180478692054749
0.6525096893310547 0.5082048177719116 0.15598458051681519
0.6433454155921936 0.5238479375839233 0.11847710609436035
0.6424106359481812 0.5421735644340515 0.09084711223840714
0.6507354974746704 0.5633721947669983 0.07459361851215363
0.6693035960197449 0.5876244306564331 0.07114998251199722
0.6986413598060608 0.6149374842643738 0.08143429458141327
0.7362490892410278 0.6441263556480408 0.10303027182817459
0.778454065322876 0.673571765422821 0.1321888267993927
0.8218076229095459 0.7017726302146912 0.16536767780780792
0.8630611896514893 0.7273240089416504 0.1992245763540268
0.8990994095802307 0.7488774061203003 0.23056568205356598
0.9268389344215393 0.7650862336158752 0.2562597990036011
0.9430928826332092 0.7745360136032104 0.27311694622039795
0.9443881511688232 0.7756528854370117 0.27772361040115356
0.9267171025276184 0.7665793895721436 0.2662160396575928
0.8851869702339172 0.745001494884491 0.23396030068397522
0.8135008215904236 0.7078908681869507 0.17507940530776978
0.7031503319740295 0.651104748249054 0.08171923458576202
0.5420956611633301 0.5687300562858582 -0.057149987667798996
0.3124740719795227 0.4519450068473816 -0.2578115165233612
-0.013617771677672863 0.2869208753108978 -0.5456252098083496
0.992598295211792 0.37682652473449707 0.9345955848693848
0.991500973701477 0.2916654348373413 0.9208366274833679
0.9780958294868469 0.23307038843631744 0.8882467150688171
0.9539679884910583 0.19741234183311462 0.8391736149787903
0.9204678535461426 0.1816854029893875 0.7756224274635315
0.8787931799888611 0.18332363665103912 0.6993792057037354
0.8300544619560242 0.20006106793880463 0.6121097803115845
0.7753280401229858 0.22982054948806763 0.5154412388801575
0.7157021164894104 0.2706228196620941 0.411032110452652
0.6523157954216003 0.32051047682762146 0.30063384771347046
0.5863945484161377 0.3774828016757965 0.18614624440670013
0.5192798972129822 0.4394400119781494 0.06966477632522583
0.45245492458343506 0.5041382908821106 -0.046478867530822754
0.387562096118927 0.5691537261009216 -0.1596871018409729
0.3264130651950836 0.6318606734275818 -0.26707974076271057
0.2709866762161255 0.6894259452819824 -0.36549651622772217
0.22340886294841766 0.7388280034065247 -0.4515271782875061
0.18522536754608154 0.7779406905174255 -0.5226542949676514
0.15643641352653503 0.8069624900817871 -0.5787806510925293
0.13675321638584137 0.8265009522438049 -0.6202642917633057
0.12580908834934235 0.8372532725334167 -0.6475886702537537
0.12316792458295822 0.8399944305419922 -0.6613502502441406
0.12833374738693237 0.8355646133422852 -0.6622436046600342
0.14076068997383118 0.824856698513031 -0.6510469913482666
0.15986286103725433 0.8088039755821228 -0.6286066174507141
0.1850239634513855 0.7883685827255249 -0.5958213210105896
0.2156066596508026 0.7645314931869507 -0.5536283850669861
0.2509610652923584 0.7382832169532776 -0.5029893517494202
0.2904320955276489 0.7106162309646606 -0.4448782801628113
0.3333659768104553 0.6825193762779236 -0.38027089834213257
0.3791165351867676 0.6549729704856873 -0.31013450026512146
0.42704835534095764 0.6289466023445129 -0.23542125523090363
0.4765404164791107 0.6053855419158936 -0.15706397593021393
0.52696692943573 0.5847310423851013 -0.0760577842593193
0.5776790976524353 0.5667808651924133 0.006495196837931871
0.6280228495597839 0.5512919425964355 0.08947931975126266
0.6773409247398376 0.5380221009254456 0.17177347838878632
0.7249729037284851 0.5267305374145508 0.2522508203983307
0.7702571749687195 0.5171768069267273 0.32978153228759766
0.8125322461128235 0.5091210007667542 0.40323540568351746
0.8511385917663574 0.5023236274719238 0.4714835286140442
0.8854206204414368 0.49654582142829895 0.533403217792511
0.9147295951843262 0.4915495216846466 0.5878806710243225
0.9384268522262573 0.48709774017333984 0.6338176727294922
0.9558855891227722 0.4829551875591278 0.6701342463493347
0.9664958119392395 0.4788888096809387 0.6957759857177734
0.9696668386459351 0.47466841340065 0.7097189426422119
0.9648314118385315 0.47006750106811523 0.7109766006469727
0.9515246748924255 0.46488580107688904 0.6987140774726868
0.9304262399673462 0.4592468738555908 0.6737537384033203
0.9030776619911194 0.45351773500442505 0.638169527053833
0.8710274696350098 0.4480646252632141 0.5940520763397217
0.8358020782470703 0.44324547052383423 0.5434674024581909
0.7989009618759155 0.43940863013267517 0.48844942450523376
0.7617897391319275 0.4368921220302582 0.43099117279052734
0.7258973121643066 0.4360227882862091 0.37304025888442993
0.6926120519638062 0.4371156096458435 0.3164922595024109
0.6632784605026245 0.4404735267162323 0.2631869912147522
0.639194905757904 0.4463871121406555 0.2149042785167694
0.6216119527816772 0.4551340341567993 0.1733618974685669
0.6117315888404846 0.4669796824455261 0.14021295309066772
0.6107059121131897 0.48217689990997314 0.11704560369253159
0.6196381449699402 0.5009660720825195 0.10538207739591599
0.6395817995071411 0.5235757827758789 0.10667891800403595
0.6711008548736572 0.5500359535217285 0.12187251448631287
0.7115147113800049 0.5790172219276428 0.148531973361969
0.7568821907043457 0.6086864471435547 0.1828874945640564
0.803501307964325 0.637336254119873 0.22138720750808716
0.8478826880455017 0.6633623242378235 0.2606915533542633
0.8866777420043945 0.6852203607559204 0.29762187600135803
0.9165710210800171 0.7013669610023499 0.3290761411190033
0.9341331720352173 0.7101810574531555 0.3519083559513092
0.935623824596405 0.7098613381385803 0.36276665329933167
0.916722297668457 0.6982861757278442 0.3578696846961975
0.8721478581428528 0.6728169918060303 0.33269304037094116
0.7950950860977173 0.6300053596496582 0.2815043032169342
0.6763545870780945 0.5651364326477051 0.19664189219474792
0.5028710961341858 0.47147902846336365 0.06733574718236923
0.25523531436920166 0.3389805853366852 -0.12234161049127579
-0.09695113450288773 0.1518530249595642 -0.39725711941719055
1.0303970575332642 0.28314122557640076 0.9984297752380371
1.0221147537231445 0.2415141463279724 0.9691551923751831
1.0039117336273193 0.2181907445192337 0.9233658313751221
0.9770416021347046 0.21067100763320923 0.8630639910697937
0.9425671696662903 0.21688763797283173 0.7899584174156189
0.9014317989349365 0.23507143557071686 0.7055773735046387
0.8545134663581848 0.26364874839782715 0.6113608479499817
0.8026710748672485 0.3011592626571655 0.5087355375289917
0.7467832565307617 0.3461889624595642 0.3991822898387909
0.6877833008766174 0.39731308817863464 0.284293532371521
0.6266888380050659 0.4530467689037323 0.16582734882831573
0.5646295547485352 0.5118033289909363 0.04575374722480774
0.5028684735298157 0.5718597173690796 -0.07370613515377045
0.4428185522556305 0.6313305497169495 -0.1900513619184494
0.3860505521297455 0.6881527304649353 -0.30048587918281555
0.33429020643234253 0.740085244178772 -0.4019238352775574
0.28939852118492126 0.7847291231155396 -0.4910235106945038
0.25274911522865295 0.8203932046890259 -0.5652970671653748
0.22439764440059662 0.8472360372543335 -0.62459796667099
0.20414431393146515 0.8657553791999817 -0.6692378520965576
0.19171375036239624 0.8765337467193604 -0.6996667981147766
0.18676427006721497 0.8802251815795898 -0.716457724571228
0.1888975352048874 0.8775428533554077 -0.7202884554862976
0.19766893982887268 0.8692464828491211 -0.7119247913360596
0.21259772777557373 0.8561294078826904 -0.6922010183334351
0.2331770956516266 0.8390079140663147 -0.6620022654533386
0.25888335704803467 0.8187112808227539 -0.6222481727600098
0.2891848087310791 0.7960726022720337 -0.5738766193389893
0.3235488533973694 0.7719224691390991 -0.5178303718566895
0.36144858598709106 0.747083842754364 -0.4550451636314392
0.40236854553222656 0.7223678231239319 -0.38643908500671387
0.44580841064453125 0.6985730528831482 -0.312905490398407
0.4912838339805603 0.6764740943908691 -0.2353094220161438
0.538231372833252 0.6564271450042725 -0.15460143983364105
0.585965096950531 0.6382584571838379 -0.07187721133232117
0.633786678314209 0.6217626929283142 0.0117507204413414
0.6809931993484497 0.6067385077476501 0.09516184031963348
0.7268769145011902 0.5929873585700989 0.177226260304451
0.770725667476654 0.5803132057189941 0.2568061053752899
0.8118240833282471 0.5685219168663025 0.332756906747818
0.8494552969932556 0.5574218034744263 0.4039291441440582
0.8829025626182556 0.5468226075172424 0.4691717028617859
0.9114519953727722 0.536536455154419 0.527335524559021
0.9343960285186768 0.526377260684967 0.5772790312767029
0.9510362148284912 0.5161619186401367 0.6178721785545349
0.9606879353523254 0.5057100057601929 0.6480038166046143
0.9626840949058533 0.4948447048664093 0.6665877103805542
0.9563804864883423 0.4833935499191284 0.672570526599884
0.9412407279014587 0.47121113538742065 0.665049135684967
0.9179539680480957 0.4584841728210449 0.6448026299476624
0.8881359696388245 0.4456486701965332 0.6138843894004822
0.8534146547317505 0.4331395924091339 0.5743719935417175
0.8153985738754272 0.42138251662254333 0.5283246040344238
0.7756711840629578 0.4107925295829773 0.4777744710445404
0.7357839345932007 0.40177246928215027 0.42471855878829956
0.6972529292106628 0.39471253752708435 0.3711127042770386
0.661552906036377 0.38998910784721375 0.3188651502132416
0.6301151514053345 0.38796404004096985 0.2698310613632202
0.604323148727417 0.3889845013618469 0.22580905258655548
0.5855112671852112 0.39338234066963196 0.18853719532489777
0.5749629735946655 0.40147438645362854 0.15969064831733704
0.5739091634750366 0.4135619103908539 0.14088015258312225
0.583528459072113 0.42993131279945374 0.1336507350206375
0.6049468517303467 0.45085403323173523 0.1394813507795334
0.6387649178504944 0.47637951374053955 0.15932728350162506
0.6821090579032898 0.5050460696220398 0.1907600313425064
0.7307533025741577 0.5348246693611145 0.2300109565258026
0.7807244658470154 0.5638176798820496 0.27353888750076294
0.8282758593559265 0.5902374982833862 0.31802627444267273
0.8698104619979858 0.6123606562614441 0.3603293299674988
0.9017645120620728 0.6284637451171875 0.3973953127861023
0.9204491972923279 0.6367378830909729 0.42614537477493286
0.9218381643295288 0.6351758241653442 0.443316251039505
0.9012760519981384 0.6214178204536438 0.44524261355400085
0.8530659079551697 0.5925329923629761 0.42755207419395447
0.7698559761047363 0.544694721698761 0.3847143054008484
0.6416825652122498 0.4726722240447998 0.3093406558036804
0.4543969929218292 0.36899515986442566 0.19103758037090302
0.18692155182361603 0.22249355912208557 0.01441139541566372
-0.19383542239665985 0.01559246052056551 -0.2446247786283493
1.0535054206848145 0.17311424016952515 1.0500811338424683
1.0403103828430176 0.17946866154670715 1.004043459892273
1.0192737579345703 0.1949310004711151 0.9443482160568237
0.9913541674613953 0.21832261979579926 0.8725632429122925
0.9573606848716736 0.2486543506383896 0.7900307178497314
0.91800856590271 0.28505653142929077 0.6979641318321228
0.8739681243896484 0.32672446966171265 0.5975294709205627
0.8259015679359436 0.37287387251853943 0.4899117946624756
0.7744965553283691 0.42270246148109436 0.3763751983642578
0.720495343208313 0.4753570854663849 0.2583167850971222
0.6647223234176636 0.5299040079116821 0.13731689751148224
0.6081067323684692 0.5853028297424316 0.015183028765022755
0.5517025589942932 0.6403860449790955 -0.1060122475028038
0.49670299887657166 0.6938436627388 -0.22390469908714294
0.44444775581359863 0.7442160248756409 -0.3358246386051178
0.3964197039604187 0.789898693561554 -0.4388051927089691
0.3542267084121704 0.8291628360748291 -0.5296195149421692
0.3190807104110718 0.8607873916625977 -0.6058422327041626
0.2910975217819214 0.8848943710327148 -0.6672767400741577
0.27017131447792053 0.9018694162368774 -0.7141824960708618
0.25612449645996094 0.912175714969635 -0.7469698190689087
0.2487160563468933 0.9163409471511841 -0.7661811709403992
0.2476516216993332 0.9149461388587952 -0.7724716067314148
0.25259336829185486 0.9086122512817383 -0.7665868997573853
0.2631702423095703 0.8979883193969727 -0.7493425607681274
0.2789878845214844 0.8837414383888245 -0.7216030955314636
0.2996378242969513 0.8665465712547302 -0.6842634081840515
0.32470619678497314 0.8470789790153503 -0.6382306218147278
0.3537808358669281 0.8260078430175781 -0.5844096541404724
0.3864578902721405 0.8039920926094055 -0.5236900448799133
0.42234763503074646 0.781676709651947 -0.4569345712661743
0.461078017950058 0.7596920132637024 -0.38497194647789
0.5022942423820496 0.7386454939842224 -0.30859386920928955
0.5454913377761841 0.718812882900238 -0.22870159149169922
0.5899481773376465 0.700054407119751 -0.1463799923658371
0.6349259614944458 0.6822077631950378 -0.06273285299539566
0.6796817183494568 0.6651150584220886 0.021127302199602127
0.7234664559364319 0.6486231684684753 0.1040763109922409
0.7655252814292908 0.6325823068618774 0.18497833609580994
0.8050979375839233 0.6168462634086609 0.26268652081489563
0.8414189219474792 0.60127192735672 0.3360428214073181
0.873720109462738 0.5857194066047668 0.40388166904449463
0.9012323617935181 0.5700523257255554 0.4650319814682007
0.9231889843940735 0.5541371703147888 0.5183234214782715
0.9388293623924255 0.537844717502594 0.5625892877578735
0.9474025368690491 0.5210496783256531 0.5966747403144836
0.948173463344574 0.5036313533782959 0.6194431185722351
0.9404271245002747 0.4854743778705597 0.6297844052314758
0.9235602021217346 0.46649107336997986 0.6267346143722534
0.8982646465301514 0.44692501425743103 0.6110235452651978
0.8662161827087402 0.4272683560848236 0.584669828414917
0.8291075825691223 0.4080122113227844 0.5497222542762756
0.7886164784431458 0.3896384537220001 0.5082175135612488
0.7463988065719604 0.37261801958084106 0.4621724784374237
0.7040817141532898 0.3574090898036957 0.4135745167732239
0.6632587909698486 0.34445619583129883 0.36437588930130005
0.6254850625991821 0.33418890833854675 0.3164868950843811
0.5922722220420837 0.3270208239555359 0.2717697322368622
0.56508469581604 0.32334887981414795 0.23203377425670624
0.5453372001647949 0.32355278730392456 0.1990315467119217
0.5343918800354004 0.3279946744441986 0.17445482313632965
0.5335561633110046 0.3370186686515808 0.15993225574493408
0.5440819263458252 0.35095107555389404 0.1570272147655487
0.56716388463974 0.3701001703739166 0.16723617911338806
0.603436291217804 0.39453238248825073 0.1915300190448761
0.6498282551765442 0.422677218914032 0.22749219834804535
0.7018243670463562 0.4523431956768036 0.27136969566345215
0.7551759481430054 0.48147472739219666 0.3196452260017395
0.8058743476867676 0.508131742477417 0.3690353035926819
0.8500689268112183 0.5304423570632935 0.4164430499076843
0.8839433789253235 0.5465353727340698 0.4588780701160431
0.903544545173645 0.5544493198394775 0.4933425188064575
0.9045542478561401 0.5520114302635193 0.5166778564453125
0.881974458694458 0.5366718769073486 0.5253545045852661
0.8296811580657959 0.5052684545516968 0.5151777267456055
0.7397608757019043 0.4536758065223694 0.48085305094718933
0.6014713644981384 0.3762560188770294 0.4153117835521698
0.3995334506034851 0.26495322585105896 0.30860695242881775
0.11114060878753662 0.10770847648382187 0.1459868997335434
-0.2995952069759369 -0.11448638886213303 -0.0956779345870018
1.0590842962265015 0.04949728026986122 1.0869845151901245
1.0435924530029297 0.10759338736534119 1.0230787992477417
1.0219391584396362 0.16469387710094452 0.9489453434944153
0.9948404431343079 0.22116602957248688 0.8656137585639954
0.9628942012786865 0.27725520730018616 0.7739807963371277
0.9266268014907837 0.33310094475746155 0.6748852133750916
0.8865323066711426 0.38874509930610657 0.5691690444946289
0.8431037664413452 0.4441344738006592 0.4577341079711914
0.7968622446060181 0.49911898374557495 0.34159091114997864
0.7483809590339661 0.5534477829933167 0.22190621495246887
0.6983095407485962 0.6067630648612976 0.10004826635122299
0.6473941802978516 0.658594012260437 -0.02237313613295555
0.5964959859848022 0.7083513736724854 -0.14347152411937714
0.5466037392616272 0.755325436592102 -0.26105886697769165
0.49884194135665894 0.798688530921936 -0.3726345896720886
0.4544673264026642 0.8375045657157898 -0.4753958582878113
0.4148537218570709 0.8707499504089355 -0.5662783980369568
0.3810671865940094 0.8977000713348389 -0.6429544687271118
0.35328859090805054 0.9184466600418091 -0.7051820158958435
0.33151063323020935 0.9332630634307861 -0.7531672120094299
0.3156590163707733 0.9424919486045837 -0.787278413772583
0.3055993318557739 0.9465329051017761 -0.8080246448516846
0.3011467158794403 0.9458320140838623 -0.8160337209701538
0.3020745813846588 0.9408689737319946 -0.812027096748352
0.30812492966651917 0.9321475625038147 -0.7967965602874756
0.31901735067367554 0.9201849699020386 -0.7711814641952515
0.33445826172828674 0.9055032134056091 -0.7360473275184631
0.3541491627693176 0.8886222839355469 -0.6922666430473328
0.37779393792152405 0.8700541853904724 -0.6407029032707214
0.40510544180870056 0.8502988815307617 -0.5821968913078308
0.43581122159957886 0.829841673374176 -0.5175543427467346
0.46965816617012024 0.8091517686843872 -0.4475385844707489
0.5064100027084351 0.7886764407157898 -0.3728678226470947
0.5456151962280273 0.768617570400238 -0.2943916916847229
0.5865210294723511 0.7488749027252197 -0.21317695081233978
0.6283538937568665 0.7293327450752258 -0.13030993938446045
0.6703377962112427 0.7098804712295532 -0.04688484966754913
0.7116909623146057 0.6904119253158569 0.03599157929420471
0.7516254186630249 0.6708255410194397 0.11719916015863419
0.7893462181091309 0.6510236859321594 0.19560334086418152
0.8240514397621155 0.6309128403663635 0.2700544595718384
0.8549337387084961 0.6104041337966919 0.33939021825790405
0.8811812400817871 0.5894126296043396 0.40243688225746155
0.9019818305969238 0.5678581595420837 0.4580150246620178
0.9165252447128296 0.5456660985946655 0.5049420595169067
0.924007773399353 0.5227667093276978 0.5420397520065308
0.923637330532074 0.4990963935852051 0.5681408643722534
0.9146401286125183 0.4745980203151703 0.5820980668067932
0.8963538408279419 0.44924241304397583 0.5829029679298401
0.8694660067558289 0.4233202636241913 0.5712355971336365
0.8356924653053284 0.3973630368709564 0.5490665435791016
0.7967709302902222 0.3719017505645752 0.5184012055397034
0.7544291615486145 0.347459077835083 0.48123928904533386
0.7103776931762695 0.3245477080345154 0.43956661224365234
0.6663022637367249 0.3036676347255707 0.3953467011451721
0.6238591074943542 0.2853057384490967 0.3505147099494934
0.5846695899963379 0.2699335515499115 0.30697011947631836
0.5503135919570923 0.25800615549087524 0.2665702998638153
0.522325873374939 0.24996094405651093 0.23112499713897705
0.5021922588348389 0.2462167590856552 0.20239129662513733
0.4913445711135864 0.24717293679714203 0.18206864595413208
0.49115878343582153 0.2532086670398712 0.17179517447948456
0.5029518008232117 0.26468250155448914 0.17314428091049194
0.5279793739318848 0.28193199634552 0.18762166798114777
0.5669013261795044 0.3050377070903778 0.2162061184644699
0.6164538264274597 0.3323557376861572 0.2564959228038788
0.671840250492096 0.3615817427635193 0.304760605096817
0.7285440564155579 0.39054983854293823 0.35751232504844666
0.7823014855384827 0.41721320152282715 0.4115070700645447
0.8290156722068787 0.4395972490310669 0.4636997580528259
0.8646240234375 0.4557303786277771 0.5111671686172485
0.8849164843559265 0.4635500907897949 0.5509973168373108
0.8852897882461548 0.46077701449394226 0.5801417231559753
0.8604100942611694 0.44474226236343384 0.5952125787734985
0.8037331700325012 0.41214150190353394 0.592199981212616
0.7067894339561462 0.35866817831993103 0.56605464220047
0.5580654740333557 0.2784384489059448 0.5100423693656921
0.34115585684776306 0.16304095089435577 0.4146827161312103
0.031528275460004807 -0.0001283077144762501 0.26590076088905334
-0.4095052182674408 -0.23096981644630432 0.04158594831824303
1.04398775100708 -0.08515005558729172 1.1063237190246582
1.029248833656311 0.027839669957756996 1.0236129760742188
1.00951087474823 0.12881381809711456 0.9347135424613953
0.9853229522705078 0.21995648741722107 0.8399932980537415
0.9571329355239868 0.3029291331768036 0.739814817905426
0.9253285527229309 0.37900209426879883 0.6345749497413635
0.8902710676193237 0.44914510846138 0.524742066860199
0.8523215651512146 0.5140899419784546 0.410893052816391
0.811866044998169 0.5743736624717712 0.29374971985816956
0.769336998462677 0.6303708553314209 0.17421609163284302
0.7252345085144043 0.6823151707649231 0.05341614782810211
0.6801453232765198 0.7303171753883362 -0.06727129966020584
0.6347594261169434 0.7743769288063049 -0.1861814260482788
0.5898837447166443 0.8143985271453857 -0.3013420104980469
0.5464494824409485 0.8502011895179749 -0.4104641377925873
0.5055117607116699 0.8815366625785828 -0.5109556317329407
0.46823716163635254 0.9081088900566101 -0.5999643206596375
0.4355674386024475 0.9297088980674744 -0.6752984523773193
0.40775254368782043 0.9464059472084045 -0.7366820573806763
0.38488712906837463 0.9583660364151001 -0.784272313117981
0.3670038878917694 0.9658132791519165 -0.8183972835540771
0.35407957434654236 0.9690209627151489 -0.8395331501960754
0.346042275428772 0.9683001637458801 -0.8482784628868103
0.34277987480163574 0.9639912247657776 -0.8453283905982971
0.3441483676433563 0.9564538598060608 -0.8314478993415833
0.3499809503555298 0.9460580348968506 -0.8074480295181274
0.3600963354110718 0.9331768751144409 -0.774161696434021
0.3743068277835846 0.9181802272796631 -0.7324247360229492
0.3924257159233093 0.9014294743537903 -0.6830577254295349
0.414273738861084 0.8832734823226929 -0.6268523931503296
0.4396854639053345 0.8640464544296265 -0.5645586848258972
0.46851399540901184 0.84406578540802 -0.4968770742416382
0.5006285309791565 0.8236280679702759 -0.4244566261768341
0.5356250405311584 0.8028692603111267 -0.34809380769729614
0.5727249383926392 0.7817330360412598 -0.26882699131965637
0.6111277341842651 0.7601543664932251 -0.18771322071552277
0.650033175945282 0.738072395324707 -0.10581550747156143
0.6886368989944458 0.7154304385185242 -0.02420852892100811
0.7261290550231934 0.6921761631965637 0.05601897090673447
0.7616929411888123 0.6682616472244263 0.13376283645629883
0.7945036888122559 0.6436436772346497 0.20790134370326996
0.8237291574478149 0.6182839870452881 0.2772967517375946
0.8485311269760132 0.5921500325202942 0.34079617261886597
0.8680674433708191 0.5652144551277161 0.3972355127334595
0.8814951181411743 0.5374568104743958 0.44544219970703125
0.8879737257957458 0.5088627934455872 0.48424145579338074
0.8866713047027588 0.4794255495071411 0.5124627351760864
0.8767691254615784 0.44914546608924866 0.5289477109909058
0.8575600981712341 0.4180510342121124 0.5326685309410095
0.8297185897827148 0.3864677846431732 0.5242605209350586
0.7949762940406799 0.35494595766067505 0.5056339502334595
0.7550920844078064 0.3240366280078888 0.4787377417087555
0.7118191719055176 0.29428473114967346 0.4455198049545288
0.6668986678123474 0.26622647047042847 0.4079202711582184
0.6220523715019226 0.24038732051849365 0.36786359548568726
0.5789781808853149 0.217280775308609 0.327252596616745
0.5393428206443787 0.1974058449268341 0.28796154260635376
0.504776656627655 0.18124568462371826 0.2518289387226105
0.4768671691417694 0.16926586627960205 0.22065147757530212
0.4571544826030731 0.1619126796722412 0.19617794454097748
0.44712579250335693 0.15961194038391113 0.18010325729846954
0.4482108950614929 0.16276764869689941 0.17406326532363892
0.461777925491333 0.17176079750061035 0.17962954938411713
0.48912927508354187 0.1869484931230545 0.19830496609210968
0.5309392213821411 0.2084226906299591 0.23106501996517181
0.5837627649307251 0.2345125824213028 0.27551907300949097
0.6425427198410034 0.26286762952804565 0.3279579281806946
0.7025145292282104 0.2912742793560028 0.3849221169948578
0.7591789364814758 0.31764012575149536 0.4432051181793213
0.8082109093666077 0.33994853496551514 0.4998112916946411
0.8453211188316345 0.3561903238296509 0.5518813729286194
0.866060733795166 0.36426985263824463 0.5965849757194519
0.8655615448951721 0.3618788421154022 0.6309781074523926
0.8381751775741577 0.34632256627082825 0.651806652545929
0.776961624622345 0.31427234411239624 0.6552346348762512
0.6729250550270081 0.26139575242996216 0.6364433765411377
0.5138156414031982 0.18177631497383118 0.5890111923217773
0.28215086460113525 0.06695432215929031 0.5038958787918091
-0.048260387033224106 -0.09575831145048141 0.3676573634147644
-0.5188069343566895 -0.3264254033565521 0.15914450585842133
1.0046603679656982 -0.22841113805770874 1.1049412488937378
0.9942804574966431 -0.05791854113340378 1.0027034282684326
0.9793899059295654 0.08857963979244232 0.8989644646644592
0.9604799747467041 0.2154178023338318 0.7932813167572021
0.9379357099533081 0.32588839530944824 0.6853796243667603
0.9120761752128601 0.42253121733665466 0.5751426219940186
0.8831871151924133 0.5073316693305969 0.4626125991344452
0.8515462279319763 0.5818600654602051 0.34800177812576294
0.8174459934234619 0.647371768951416 0.23171085119247437
0.7812144756317139 0.7048819661140442 0.11435190588235855
0.7432353496551514 0.7552224397659302 -0.003223684150725603
0.703965961933136 0.7990851998329163 -0.119898222386837
0.6639553308486938 0.8370598554611206 -0.2342621237039566
0.6238565444946289 0.8696629405021667 -0.3445964455604553
0.5844383835792542 0.8973639607429504 -0.44886723160743713
0.5465863943099976 0.920608639717102 -0.5447406768798828
0.5112956166267395 0.9398379325866699 -0.6296287775039673
0.47941097617149353 0.9553711414337158 -0.7015200853347778
0.4512541890144348 0.9672656059265137 -0.7601218819618225
0.4270224869251251 0.9755886197090149 -0.8055529594421387
0.40685760974884033 0.9804530739784241 -0.8381083607673645
0.3908487856388092 0.9820101857185364 -0.8582346439361572
0.3790387213230133 0.9804421067237854 -0.8665031790733337
0.37142959237098694 0.9759536385536194 -0.8635818958282471
0.3679904341697693 0.9687650203704834 -0.8502079844474792
0.36866503953933716 0.9591047763824463 -0.8271614909172058
0.37337958812713623 0.9472036361694336 -0.7952417731285095
0.38205042481422424 0.9332883954048157 -0.7552459239959717
0.39459145069122314 0.9175779819488525 -0.7079517245292664
0.410920649766922 0.9002800583839417 -0.6541028618812561
0.4309670627117157 0.8815873861312866 -0.5943963527679443
0.4546763002872467 0.8616765141487122 -0.5294750332832336
0.48200732469558716 0.8407040238380432 -0.4599253535270691
0.5125980377197266 0.8187481760978699 -0.38648948073387146
0.5456522107124329 0.7958011627197266 -0.3101634085178375
0.580352246761322 0.771851658821106 -0.23195955157279968
0.6158844828605652 0.7468915581703186 -0.1528938114643097
0.6514341235160828 0.7209157347679138 -0.07399187237024307
0.6861825585365295 0.6939226984977722 0.003707991447299719
0.7193053960800171 0.6659151315689087 0.07915215939283371
0.7499704957008362 0.6369008421897888 0.1512693464756012
0.7773380875587463 0.6068928241729736 0.2189708799123764
0.8005610704421997 0.5759104490280151 0.2811509668827057
0.8187861442565918 0.5439788699150085 0.3366895318031311
0.8311569094657898 0.5111311078071594 0.38445422053337097
0.8368165493011475 0.4774073660373688 0.4233055114746094
0.8349124193191528 0.4428558647632599 0.4521021246910095
0.8246009945869446 0.40753331780433655 0.4697086215019226
0.805146336555481 0.3715224862098694 0.47510942816734314
0.7772021293640137 0.33516961336135864 0.4689033627510071
0.7424888014793396 0.29902052879333496 0.4529309868812561
0.7027576565742493 0.26362383365631104 0.4290720522403717
0.6597582697868347 0.2295243889093399 0.3992091119289398
0.6152341365814209 0.19726109504699707 0.3652215898036957
0.5709147453308105 0.16736459732055664 0.32897958159446716
0.5285120010375977 0.1403559446334839 0.2923378646373749
0.4897122383117676 0.11674380302429199 0.25712957978248596
0.4561699330806732 0.09702245146036148 0.22515836358070374
0.4295017421245575 0.0816696509718895 0.1981925070285797
0.41127923130989075 0.07114449143409729 0.17795711755752563
0.4030226171016693 0.06588522344827652 0.16612736880779266
0.40619438886642456 0.0663074478507042 0.16432179510593414
0.4221932590007782 0.07280212640762329 0.17409531772136688
0.4523477554321289 0.0857338234782219 0.19693292677402496
0.49733099341392517 0.10520270466804504 0.2337917983531952
0.5535355806350708 0.12956956028938293 0.2822818458080292
0.6156780123710632 0.1565200835466385 0.3387066125869751
0.6787782907485962 0.18387244641780853 0.3996261656284332
0.7381327152252197 0.2095649689435959 0.4618624150753021
0.7892194986343384 0.23161478340625763 0.5224595665931702
0.8275523781776428 0.24805320799350739 0.5786109566688538
0.8484755754470825 0.2568362057209015 0.627554714679718
0.8468886017799377 0.2557228207588196 0.666434109210968
0.8168648481369019 0.24210798740386963 0.6921071410179138
0.7511104345321655 0.21278442442417145 0.7008824944496155
0.6401544809341431 0.1635866016149521 0.6881321668624878
0.47107839584350586 0.08883145451545715 0.6476913690567017
0.22541303932666779 -0.019606290385127068 0.5708755850791931
-0.12455882132053375 -0.17392101883888245 0.4447607696056366
-0.6227232813835144 -0.39342111349105835 0.2489718645811081
0.9370059370994568 -0.3779602646827698 1.0792235136032104
0.9353179931640625 -0.1478470414876938 0.9570303559303284
0.9287193417549133 0.04525817930698395 0.8387073874473572
0.9178076982498169 0.2082541584968567 0.7228202819824219
0.9030293226242065 0.3463223874568939 0.6083401441574097
0.8847320079803467 0.46343159675598145 0.4945591390132904
0.8632035851478577 0.56267911195755 0.38104042410850525
0.8387016654014587 0.6465283036231995 0.26759466528892517
0.8114787936210632 0.7169793844223022 0.15427309274673462
0.781805157661438 0.7756972312927246 0.0413721464574337
0.7499895691871643 0.8241070508956909 -0.07055255025625229
0.7163989543914795 0.8634734749794006 -0.18066972494125366
0.6814773082733154 0.8949602246284485 -0.2878544330596924
0.64576256275177 0.9196836352348328 -0.3906765282154083
0.6098989248275757 0.9387518167495728 -0.48739880323410034
0.574644148349762 0.9532975554466248 -0.5759955048561096
0.5408665537834167 0.964495837688446 -0.6541973352432251
0.5093478560447693 0.9731992483139038 -0.720223069190979
0.48048314452171326 0.9794681668281555 -0.7737890481948853
0.4545697271823883 0.9832843542098999 -0.8149935603141785
0.43185657262802124 0.9846609830856323 -0.8441109657287598
0.41254404187202454 0.9836379885673523 -0.8615667819976807
0.39678719639778137 0.9802768230438232 -0.8679095506668091
0.3846997320652008 0.9746553301811218 -0.8637827038764954
0.37635964155197144 0.9668629765510559 -0.8498954772949219
0.37181562185287476 0.9569950103759766 -0.8269966244697571
0.3710942566394806 0.9451481103897095 -0.7958506345748901
0.3742070496082306 0.9314156770706177 -0.7572156190872192
0.38115784525871277 0.9158843755722046 -0.7118268013000488
0.3919498324394226 0.8986302614212036 -0.6603819131851196
0.40659263730049133 0.8797162175178528 -0.6035290360450745
0.42510882019996643 0.859188973903656 -0.5418593287467957
0.4475310742855072 0.8370775580406189 -0.47590571641921997
0.4735334813594818 0.8134101033210754 -0.4063533842563629
0.5023134350776672 0.7882317900657654 -0.33413755893707275
0.5330485701560974 0.7615885138511658 -0.26020658016204834
0.5649247765541077 0.7335267663002014 -0.18550926446914673
0.5971303582191467 0.704095184803009 -0.11100156605243683
0.6288530230522156 0.6733450889587402 -0.03764967620372772
0.6592766046524048 0.6413310766220093 0.0335669182240963
0.6875788569450378 0.608112633228302 0.10165245831012726
0.7129311561584473 0.573754608631134 0.16559484601020813
0.7344967126846313 0.5383279323577881 0.22436478734016418
0.7514325976371765 0.5019096732139587 0.2769179344177246
0.7628907561302185 0.46458515524864197 0.3221960663795471
0.7680204510688782 0.42644718289375305 0.3591306805610657
0.7659711837768555 0.387596994638443 0.3866475820541382
0.755898118019104 0.34814468026161194 0.4036726653575897
0.7370569109916687 0.30822333693504333 0.40924036502838135
0.7100728154182434 0.26818332076072693 0.4039251208305359
0.6766250133514404 0.22854068875312805 0.38948825001716614
0.6384250521659851 0.1898161917924881 0.36772894859313965
0.5971868634223938 0.15252989530563354 0.3404507339000702
0.5546226501464844 0.11719946563243866 0.30945858359336853
0.5124369263648987 0.08433730155229568 0.27655231952667236
0.472322016954422 0.05444946140050888 0.24352282285690308
0.4359513223171234 0.028032606467604637 0.2121448963880539
0.404972106218338 0.005571587942540646 0.1841709017753601
0.3809984028339386 -0.012463255785405636 0.1613227128982544
0.36560311913490295 -0.02561873570084572 0.1452845335006714
0.36031001806259155 -0.03346162661910057 0.13769429922103882
0.3665858209133148 -0.03558136522769928 0.14013557136058807
0.38583147525787354 -0.03159266337752342 0.1541288197040558
0.41937482357025146 -0.021138252690434456 0.18112318217754364
0.4678668677806854 -0.004113633185625076 0.22203953564167023
0.5275644659996033 0.017943527549505234 0.2744707465171814
0.5930044651031494 0.042855072766542435 0.334716796875
0.659037172794342 0.0685662180185318 0.399340957403183
0.720798909664154 0.09313832968473434 0.46517759561538696
0.7736142873764038 0.11471358686685562 0.5292934775352478
0.812842845916748 0.1314575970172882 0.588915228843689
0.8336654901504517 0.1414787471294403 0.641326904296875
0.830795168876648 0.14271825551986694 0.6837316751480103
0.7980784773826599 0.13279841840267181 0.7130631804466248
0.7279273867607117 0.10880705714225769 0.7257277369499207
0.6104695796966553 0.06697504967451096 0.7172229886054993
0.4322146475315094 0.002170449821278453 0.6815506219863892
0.17384162545204163 -0.09293897449970245 0.6102523803710938
-0.19369523227214813 -0.22936013340950012 0.49072280526161194
-0.7164711356163025 -0.42453861236572266 0.3030535578727722
0.8362183570861816 -0.5315130352973938 1.0249533653259277
0.8485163450241089 -0.24011583626270294 0.8827925324440002
0.8543193340301514 0.00011556345998542383 0.7505783438682556
0.8545781373977661 0.19916102290153503 0.625669538974762
0.8499812483787537 0.3644009232521057 0.5061509013175964
0.8410407304763794 0.5014172196388245 0.39064082503318787
0.828151285648346 0.6145249009132385 0.2781726121902466
0.8116342425346375 0.7071359157562256 0.1681232750415802
0.7917710542678833 0.7820180058479309 0.06017347425222397
0.7688322067260742 0.841485857963562 -0.045712243765592575
0.7431032657623291 0.887545645236969 -0.14928960800170898
0.714908242225647 0.9220101833343506 -0.2500314712524414
0.6846330165863037 0.9465921521186829 -0.3471210300922394
0.6527451872825623 0.9629784822463989 -0.4394477903842926
0.6198131442070007 0.9728904366493225 -0.5256114602088928
0.5865179300308228 0.9781258702278137 -0.6039432883262634
0.5536574125289917 0.9805787801742554 -0.6725520491600037
0.5219906568527222 0.9816328883171082 -0.729942262172699
0.49198517203330994 0.9813698530197144 -0.775874674320221
0.46403253078460693 0.9797052145004272 -0.810452938079834
0.438483327627182 0.9765694737434387 -0.833950400352478
0.4156436026096344 0.9719062447547913 -0.8467856645584106
0.3957751393318176 0.9656708836555481 -0.8494940996170044
0.3790969252586365 0.9578275084495544 -0.8427002429962158
0.36578842997550964 0.9483463764190674 -0.8270883560180664
0.35599520802497864 0.9372016191482544 -0.803377628326416
0.3498346507549286 0.9243671894073486 -0.772297739982605
0.3474026024341583 0.9098143577575684 -0.7345685958862305
0.34878095984458923 0.8935084939002991 -0.6908840537071228
0.35404452681541443 0.8754060864448547 -0.6418983936309814
0.3632689118385315 0.8554517030715942 -0.5882153511047363
0.3765377104282379 0.8335745334625244 -0.5303817987442017
0.39393970370292664 0.8096880316734314 -0.4688866138458252
0.41518154740333557 0.7837799191474915 -0.4043534994125366
0.43946781754493713 0.7559508681297302 -0.3376322388648987
0.4659864902496338 0.7263064980506897 -0.26958146691322327
0.49393796920776367 0.6949507594108582 -0.201058030128479
0.522529661655426 0.6619882583618164 -0.13292253017425537
0.5509718060493469 0.6275244951248169 -0.066042959690094
0.578474223613739 0.5916674733161926 -0.0012972173281013966
0.604243278503418 0.5545291304588318 0.060423508286476135
0.627480685710907 0.5162258148193359 0.11821434646844864
0.6473819613456726 0.47687968611717224 0.17115528881549835
0.663136899471283 0.43661877512931824 0.21831293404102325
0.6739292144775391 0.395578533411026 0.2587398290634155
0.6789389848709106 0.35390186309814453 0.2914780378341675
0.677344024181366 0.3117397129535675 0.315561443567276
0.668323278427124 0.2692512273788452 0.330020010471344
0.6511483192443848 0.22661440074443817 0.3339805006980896
0.6264084577560425 0.1841655671596527 0.3280068635940552
0.5957089066505432 0.14236360788345337 0.31377121806144714
0.5606871843338013 0.1016741469502449 0.2929805815219879
0.522985577583313 0.06256541609764099 0.2673470973968506
0.48424801230430603 0.02550680935382843 0.23858612775802612
0.4461161494255066 -0.009033747017383575 0.20841236412525177
0.41022494435310364 -0.0405910350382328 0.17853595316410065
0.3781958818435669 -0.06870563328266144 0.15065641701221466
0.35163062810897827 -0.09292668849229813 0.1264561414718628
0.33210229873657227 -0.11281486600637436 0.10759243369102478
0.32114729285240173 -0.12794552743434906 0.09568923711776733
0.3202557861804962 -0.13791213929653168 0.09232770651578903
0.33086201548576355 -0.14232949912548065 0.09903649240732193
0.35433387756347656 -0.14083723723888397 0.11728153377771378
0.39196309447288513 -0.13310323655605316 0.14845556020736694
0.4443528652191162 -0.1190233901143074 0.19342198967933655
0.5076584219932556 -0.09995176643133163 0.24973240494728088
0.5762973427772522 -0.07781326025724411 0.3136588931083679
0.6450095772743225 -0.05442332103848457 0.3817444443702698
0.7088285684585571 -0.03148931264877319 0.45081230998039246
0.7629813551902771 -0.010637070052325726 0.5179266929626465
0.8027286529541016 0.006542955990880728 0.5803209543228149
0.8231439590454102 0.01842900551855564 0.6352930665016174
0.818813681602478 0.02327764220535755 0.6800666451454163
0.783422589302063 0.01909796893596649 0.7116022109985352
0.7091658115386963 0.003474012017250061 0.726337730884552
0.5858665704727173 -0.0267005767673254 0.7198073267936707
0.39958876371383667 -0.07563813030719757 0.6860535740852356
0.13033737242221832 -0.1493445783853531 0.616661787033081
-0.2519994378089905 -0.2568305432796478 0.4990699887275696
-0.7952726483345032 -0.412384569644928 0.31340038776397705
0.6965652108192444 -0.6867611408233643 0.9371213912963867
0.7294273376464844 -0.3328533172607422 0.775578498840332
0.7526094913482666 -0.04555657133460045 0.6307568550109863
0.7677923440933228 0.18883654475212097 0.4985559284687042
0.776170015335083 0.38027629256248474 0.3760283589363098
0.7786096334457397 0.5361692905426025 0.26103705167770386
0.7757561206817627 0.662163496017456 0.15204045176506042
0.7681038975715637 0.762674868106842 0.04795897379517555
0.7560509443283081 0.8412556052207947 -0.05190808326005936
0.7399413585662842 0.9008623957633972 -0.14793311059474945
0.7201004028320312 0.9440572261810303 -0.24018727242946625
0.6968672871589661 0.9731669425964355 -0.3284555971622467
0.6706244349479675 0.9904108047485352 -0.41224363446235657
0.6418253779411316 0.9980037212371826 -0.4907841980457306
0.6110203862190247 0.9982379674911499 -0.5630492568016052
0.5788764953613281 0.9935396909713745 -0.6277754306793213
0.5461885929107666 0.9864927530288696 -0.6835111379623413
0.5137426853179932 0.9790036082267761 -0.7291102409362793
0.4820757806301117 0.9711965322494507 -0.7644232511520386
0.4516640305519104 0.9629461169242859 -0.7895949482917786
0.42295002937316895 0.9541234970092773 -0.8049266934394836
0.396336168050766 0.9445981979370117 -0.8108516931533813
0.3721812069416046 0.9342392086982727 -0.807908833026886
0.350799560546875 0.922915518283844 -0.7967147827148438
0.3324621915817261 0.9104957580566406 -0.7779370546340942
0.31740042567253113 0.8968480229377747 -0.7522695660591125
0.30581092834472656 0.8818385601043701 -0.7204107046127319
0.2978617250919342 0.8653305172920227 -0.6830447912216187
0.2936992645263672 0.8471814393997192 -0.6408270001411438
0.2934560775756836 0.8272413015365601 -0.594372034072876
0.2972583472728729 0.8053490519523621 -0.5442445874214172
0.30523425340652466 0.7813299298286438 -0.4909546971321106
0.31751132011413574 0.7549948692321777 -0.43495699763298035
0.3338261842727661 0.7263002395629883 -0.3768064081668854
0.3534078299999237 0.6954050064086914 -0.3172334134578705
0.37547215819358826 0.6624765396118164 -0.256973534822464
0.3992519974708557 0.6276785135269165 -0.19675852358341217
0.4239911437034607 0.5911725759506226 -0.13732147216796875
0.44894060492515564 0.5531197786331177 -0.07939913868904114
0.4733547866344452 0.5136821269989014 -0.02373480051755905
0.4964885413646698 0.47302380204200745 0.02891913615167141
0.5175949335098267 0.4313121736049652 0.07780030369758606
0.5359238982200623 0.3887191712856293 0.12213494628667831
0.5507211089134216 0.3454209864139557 0.16113871335983276
0.5612271428108215 0.3016003668308258 0.19401556253433228
0.5666788220405579 0.2574460506439209 0.21995995938777924
0.5663090348243713 0.21315358579158783 0.23815767467021942
0.5593488216400146 0.16892553865909576 0.2477886825799942
0.5451117157936096 0.12497729063034058 0.2481168806552887
0.5241439342498779 0.08161147683858871 0.2397095412015915
0.49794185161590576 0.03920099511742592 0.22413864731788635
0.4680319130420685 -0.001872862922027707 0.2030062973499298
0.43594542145729065 -0.04122278466820717 0.17791913449764252
0.40321823954582214 -0.07845674455165863 0.15048877894878387
0.37138691544532776 -0.11318051069974899 0.1223285123705864
0.3419859707355499 -0.1449986696243286 0.0950511246919632
0.3165411353111267 -0.1735178828239441 0.0702628344297409
0.29656317830085754 -0.19834965467453003 0.04955732449889183
0.28353917598724365 -0.2191133201122284 0.034507494419813156
0.27892354130744934 -0.23543983697891235 0.026656460016965866
0.28412750363349915 -0.24697518348693848 0.02750743180513382
0.3005080223083496 -0.2533841133117676 0.03851239010691643
0.32935601472854614 -0.2543541491031647 0.061060331761837006
0.37188443541526794 -0.24959956109523773 0.09646504372358322
0.4286171495914459 -0.23902246356010437 0.1455083042383194
0.49564945697784424 -0.22369889914989471 0.2056700885295868
0.5673542618751526 -0.20516560971736908 0.2731616795063019
0.6384336352348328 -0.18486930429935455 0.3444747030735016
0.7038899660110474 -0.16416113078594208 0.4163901209831238
0.7589213252067566 -0.1443120837211609 0.48593786358833313
0.7987581491470337 -0.1265435367822647 0.5503224730491638
0.8184353709220886 -0.11207315325737 0.6068147420883179
0.812484622001648 -0.10217765718698502 0.6526095271110535
0.7745107412338257 -0.09828014671802521 0.6846305131912231
0.696586012840271 -0.10207205265760422 0.699263870716095
0.5683466792106628 -0.11569465696811676 0.6919665336608887
0.37556853890419006 -0.1420218050479889 0.6566619277000427
0.09780169278383255 -0.1851262003183365 0.5847460031509399
-0.2958046495914459 -0.25110000371932983 0.4633465111255646
-0.8543604016304016 -0.3495957851409912 0.27205386757850647
0.5110947489738464 -0.8413052558898926 0.8096725940704346
0.5728328824043274 -0.42410069704055786 0.6302018165588379
0.6195136904716492 -0.09041544049978256 0.47486284375190735
0.6541243195533752 0.17799268662929535 0.33781033754348755
0.6787524223327637 0.39408597350120544 0.21491606533527374
0.6948907375335693 0.5673349499702454 0.10321289300918579
0.7036278247833252 0.7048431634902954 0.0005526779568754137
0.7057764530181885 0.8120836615562439 -0.09460842609405518
0.7019636034965515 0.893403172492981 -0.1833474189043045
0.6926963329315186 0.9523816704750061 -0.26636287569999695
0.6784167885780334 0.9921005368232727 -0.34403082728385925
0.6595472097396851 1.01535165309906 -0.416441410779953
0.6365320086479187 1.0248042345046997 -0.4834238886833191
0.609876275062561 1.0231415033340454 -0.5445672869682312
0.5801805853843689 1.013168215751648 -0.5992434620857239
0.5481724143028259 0.9978857040405273 -0.6466395854949951
0.5147258043289185 0.9805231690406799 -0.6858062148094177
0.4807126522064209 0.963493287563324 -0.7160184979438782
0.4467354416847229 0.9469895958900452 -0.7372734546661377
0.41334155201911926 0.9308760762214661 -0.7498046159744263
0.38105258345603943 0.9149954319000244 -0.753981351852417
0.35035380721092224 0.8991724848747253 -0.7502853870391846
0.3216882646083832 0.8832173943519592 -0.7392846941947937
0.29545271396636963 0.8669295310974121 -0.7216086387634277
0.27199652791023254 0.8500990867614746 -0.6979231238365173
0.2516239881515503 0.8325099349021912 -0.6689084768295288
0.23459787666797638 0.8139402866363525 -0.6352404952049255
0.2211446464061737 0.7941623330116272 -0.5975742340087891
0.2114616185426712 0.772942841053009 -0.5565321445465088
0.20572422444820404 0.7500407695770264 -0.5126949548721313
0.20409396290779114 0.7252047657966614 -0.4665951430797577
0.20672719180583954 0.6981708407402039 -0.4187142252922058
0.21377339959144592 0.668663501739502 -0.3694829046726227
0.22499807178974152 0.6366165280342102 -0.3193730115890503
0.2396753430366516 0.6022490859031677 -0.2689506411552429
0.25707003474235535 0.5657913088798523 -0.2187822312116623
0.276466965675354 0.5274668335914612 -0.16943047940731049
0.29716601967811584 0.48749515414237976 -0.12145765125751495
0.3184783160686493 0.4460926055908203 -0.07542736083269119
0.3397229015827179 0.4034739136695862 -0.03190639615058899
0.3602232336997986 0.35985398292541504 0.008533223532140255
0.37930548191070557 0.3154483735561371 0.045313481241464615
0.3962957262992859 0.2704748809337616 0.07784900069236755
0.41051918268203735 0.2251536250114441 0.10554713010787964
0.4212982654571533 0.17970867455005646 0.12780681252479553
0.4279524087905884 0.1343681812286377 0.14401939511299133
0.4297972321510315 0.08936489373445511 0.15356849133968353
0.42614489793777466 0.04493660852313042 0.15583103895187378
0.41637885570526123 0.0013264172011986375 0.15025438368320465
0.4009934365749359 -0.04121815040707588 0.13742096722126007
0.3813394606113434 -0.08244042843580246 0.11878807097673416
0.3587920665740967 -0.12207396328449249 0.0958372950553894
0.33473047614097595 -0.15984316170215607 0.0700545459985733
0.3105386197566986 -0.19546450674533844 0.04293128103017807
0.28760260343551636 -0.22864897549152374 0.01596282422542572
0.26730862259864807 -0.25910282135009766 -0.00935326423496008
0.2510373592376709 -0.28653088212013245 -0.03152252733707428
0.2401578724384308 -0.31063905358314514 -0.04905978962779045
0.2360188215970993 -0.33113735914230347 -0.060497257858514786
0.23993952572345734 -0.34774336218833923 -0.06439422070980072
0.2531989812850952 -0.3601859509944916 -0.05934816971421242
0.277023583650589 -0.3682086765766144 -0.04400715231895447
0.31257501244544983 -0.37157416343688965 -0.01708318293094635
0.3609364926815033 -0.3700677752494812 0.022634003311395645
0.42251551151275635 -0.3636046350002289 0.07581835985183716
0.49339696764945984 -0.3528757095336914 0.13984043896198273
0.5679978728294373 -0.33887651562690735 0.21081042289733887
0.6410708427429199 -0.32253769040107727 0.28512945771217346
0.7076716423034668 -0.3047126531600952 0.35949790477752686
0.7630522847175598 -0.2861785590648651 0.4308716952800751
0.8024940490722656 -0.2676464319229126 0.4963832199573517
0.8210752010345459 -0.24977940320968628 0.5532265901565552
0.8133592009544373 -0.23321785032749176 0.5985071659088135
0.7729648351669312 -0.21861451864242554 0.6290349364280701
0.6919541954994202 -0.20668131113052368 0.6410431265830994
0.5599164366722107 -0.19825662672519684 0.6297739148139954
0.3625239431858063 -0.19440710544586182 0.5888368487358093
0.07913433015346527 -0.19659262895584106 0.5091556906700134
-0.3214520514011383 -0.20695288479328156 0.3771168887615204
-0.8889846205711365 -0.22884318232536316 0.17109139263629913
0.2712378203868866 -0.9925653338432312 0.6351609826087952
0.3725307285785675 -0.5117530822753906 0.4404856860637665
0.4503417909145355 -0.1330365687608719 0.27782708406448364
0.5098560452461243 0.16736754775047302 0.13929584622383118
0.5546284317970276 0.40595415234565735 0.01944729872047901
0.5871598720550537 0.594523549079895 -0.08556681126356125
0.6092495322227478 0.7417610287666321 -0.17850784957408905
0.6222195625305176 0.8542431592941284 -0.26136744022369385
0.6270677447319031 0.9371100664138794 -0.33557063341140747
0.6245761513710022 0.9945350289344788 -0.40210989117622375
0.6153941750526428 1.030067801475525 -0.4616343080997467
0.600107729434967 1.0469013452529907 -0.5145132541656494
0.579297661781311 1.0480823516845703 -0.5608826279640198
0.5535954236984253 1.0366853475570679 -0.6006850600242615
0.5237325429916382 1.0159506797790527 -0.6337077617645264
0.4905838072299957 0.9893827438354492 -0.6596256494522095
0.4551995098590851 0.9607958793640137 -0.6780545115470886
0.41860952973365784 0.9330837726593018 -0.6887693405151367
0.3814774751663208 0.9065378308296204 -0.6919824481010437
0.34440672397613525 0.8810499310493469 -0.6880787014961243
0.3079817593097687 0.8564727902412415 -0.6775512099266052
0.2727551758289337 0.8326242566108704 -0.6609777212142944
0.23923859000205994 0.8092930912971497 -0.6389970183372498
0.20789597928524017 0.7862434387207031 -0.6122859716415405
0.17914064228534698 0.7632195353507996 -0.5815365314483643
0.15333537757396698 0.7399500608444214 -0.5474382042884827
0.1307949423789978 0.716151773929596 -0.510662317276001
0.11179045587778091 0.6915305256843567 -0.47184908390045166
0.09655582904815674 0.6657838821411133 -0.4315999150276184
0.08529499173164368 0.6385999917984009 -0.39047178626060486
0.07818987220525742 0.6096566319465637 -0.3489740788936615
0.07540921121835709 0.5786191821098328 -0.30756911635398865
0.0771079808473587 0.5451440215110779 -0.2666732966899872
0.08308219909667969 0.5091536045074463 -0.22665323317050934
0.09267523884773254 0.4709264039993286 -0.18784672021865845
0.10522446036338806 0.4307541251182556 -0.15058766305446625
0.12008898705244064 0.388918936252594 -0.11520858108997345
0.13664577901363373 0.3456954061985016 -0.08204223960638046
0.15428662300109863 0.3013518452644348 -0.05142253637313843
0.17241522669792175 0.25615164637565613 -0.023685311898589134
0.19044414162635803 0.2103547900915146 0.0008302126079797745
0.2077929824590683 0.16421867907047272 0.02178109437227249
0.2238856554031372 0.11799953132867813 0.038819629698991776
0.2381490170955658 0.07195250689983368 0.05159306898713112
0.25001075863838196 0.026333702728152275 0.05974254757165909
0.2588978409767151 -0.01859993115067482 0.06290300190448761
0.2642351984977722 -0.06258945167064667 0.060702353715896606
0.2654445767402649 -0.10537351667881012 0.05276155844330788
0.2620072364807129 -0.14669382572174072 0.03875661641359329
0.2543560862541199 -0.18638131022453308 0.019292639568448067
0.24365559220314026 -0.22432686388492584 -0.004308525938540697
0.2310873419046402 -0.26041045784950256 -0.030705701559782028
0.2178342491388321 -0.2945002615451813 -0.05855299532413483
0.205081507563591 -0.32645392417907715 -0.08649766445159912
0.19401592016220093 -0.3561209738254547 -0.11318118125200272
0.18582382798194885 -0.38334375619888306 -0.13724039494991302
0.1816866397857666 -0.4079602360725403 -0.1573125123977661
0.18277473747730255 -0.4298062026500702 -0.17204159498214722
0.19023989140987396 -0.44871798157691956 -0.18008670210838318
0.20520587265491486 -0.4645352363586426 -0.18013253808021545
0.2287580519914627 -0.4771042466163635 -0.17090095579624176
0.26193100214004517 -0.4862805902957916 -0.1511649340391159
0.3056962192058563 -0.4919332265853882 -0.11976300925016403
0.360948383808136 -0.49394690990448 -0.07561460137367249
0.42793533205986023 -0.4922577440738678 -0.01818211004137993
0.5027905106544495 -0.48705142736434937 0.04975152388215065
0.5800789594650269 -0.478610098361969 0.1241464838385582
0.6547064185142517 -0.4671831727027893 0.20126698911190033
0.7218823432922363 -0.45296764373779297 0.2776869833469391
0.7770093083381653 -0.4360916018486023 0.35024145245552063
0.8155134916305542 -0.41659843921661377 0.41593921184539795
0.8326114416122437 -0.3944297730922699 0.47183915972709656
0.8229976296424866 -0.36940187215805054 0.5148857831954956
0.7804148197174072 -0.3411736488342285 0.5416855216026306
0.6970430016517639 -0.3091956079006195 0.5482000708580017
0.5625856518745422 -0.27263015508651733 0.5292949080467224
0.36282646656036377 -0.23021897673606873 0.47803837060928345
0.07723270356655121 -0.1800576001405716 0.38454869389533997
-0.3252914845943451 -0.11918844282627106 0.23396438360214233
-0.8944142460823059 -0.04282860457897186 0.0026243834290653467
-0.03374478220939636 -1.1376663446426392 0.4042719006538391
0.12105114012956619 -0.5934866666793823 0.1989799588918686
0.2396419495344162 -0.1718769520521164 0.03372972831130028
0.33080002665519714 0.15773913264274597 -0.101680688560009
0.4003995954990387 0.41599413752555847 -0.21409836411476135
0.45249810814857483 0.6173047423362732 -0.30825456976890564
0.48996978998184204 0.7720597982406616 -0.38748711347579956
0.5148992538452148 0.8879733681678772 -0.45418083667755127
0.5288366675376892 0.9709627032279968 -0.5100476741790771
0.5329747796058655 1.0257476568222046 -0.5563117265701294
0.5282787680625916 1.0562809705734253 -0.5938366651535034
0.5155888795852661 1.0660761594772339 -0.6232184171676636
0.49570730328559875 1.0584676265716553 -0.644859254360199
0.4694759249687195 1.0368252992630005 -0.659030556678772
0.4378466010093689 1.0047270059585571 -0.6659314036369324
0.4019426703453064 0.966089129447937 -0.6657500267028809
0.363105833530426 0.9252313375473022 -0.6587247848510742
0.32261061668395996 0.8854918479919434 -0.6452146768569946
0.28118017315864563 0.8472917675971985 -0.6257302761077881
0.2394578605890274 0.8105945587158203 -0.6008861660957336
0.19807493686676025 0.7753106355667114 -0.5713738799095154
0.1576347053050995 0.7412999868392944 -0.5379374027252197
0.11870143562555313 0.708378255367279 -0.5013497471809387
0.08179105818271637 0.6763215065002441 -0.4623909890651703
0.04736608639359474 0.6448723673820496 -0.4218287765979767
0.015833988785743713 0.6137460470199585 -0.3804034888744354
-0.012451942078769207 0.5826351642608643 -0.338816374540329
-0.03718922659754753 0.5512139797210693 -0.2977215349674225
-0.05812043324112892 0.5191417336463928 -0.25772222876548767
-0.07502634078264236 0.48606446385383606 -0.21936970949172974
-0.08771852403879166 0.45161521434783936 -0.18316464126110077
-0.09603020548820496 0.4154140055179596 -0.14956197142601013
-0.09981592744588852 0.3770736753940582 -0.11897199600934982
-0.09924521297216415 0.3365175426006317 -0.09162050485610962
-0.09487775713205338 0.2940797507762909 -0.06752656400203705
-0.08727744221687317 0.2501080334186554 -0.046700429171323776
-0.07698714733123779 0.20493611693382263 -0.029157398268580437
-0.06453099101781845 0.15888608992099762 -0.01491823885589838
-0.05041619762778282 0.11226903647184372 -0.00400919932872057
-0.035135190933942795 0.06538622081279755 0.003537731245160103
-0.01916755549609661 0.018531017005443573 0.007684470620006323
-0.002981913508847356 -0.028010597452521324 0.008386600762605667
0.012962082400918007 -0.07395809888839722 0.005593074019998312
0.028212198987603188 -0.11903645098209381 -0.0007542154053226113
0.04232132062315941 -0.1629733443260193 -0.010720785707235336
0.054845891892910004 -0.20549924671649933 -0.0243800301104784
0.06534379720687866 -0.24634550511837006 -0.041813697665929794
0.07337262481451035 -0.28524354100227356 -0.06311248987913132
0.0785382017493248 -0.3219362497329712 -0.08833032101392746
0.08119945228099823 -0.3563583493232727 -0.11683975905179977
0.08229020982980728 -0.3885803818702698 -0.14748436212539673
0.08275292068719864 -0.4186609387397766 -0.17909064888954163
0.08352681994438171 -0.4466444253921509 -0.2104775309562683
0.08554933965206146 -0.47256335616111755 -0.24045409262180328
0.08975584805011749 -0.49644067883491516 -0.267820805311203
0.09707757085561752 -0.5182908177375793 -0.29137054085731506
0.10843798518180847 -0.5381221175193787 -0.309894323348999
0.12474725395441055 -0.5559384822845459 -0.3221875727176666
0.14689543843269348 -0.5717417597770691 -0.32705965638160706
0.17574366927146912 -0.5855326652526855 -0.32334452867507935
0.2121150940656662 -0.5973134636878967 -0.3099137544631958
0.256783127784729 -0.6070892810821533 -0.2856912314891815
0.31046026945114136 -0.6148701310157776 -0.24966900050640106
0.37378591299057007 -0.620672345161438 -0.20092342793941498
0.446800172328949 -0.6244613528251648 -0.1390838474035263
0.5257527232170105 -0.6257839798927307 -0.06713718920946121
0.6054770946502686 -0.6240173578262329 0.010669727809727192
0.6811507344245911 -0.618546187877655 0.09041005373001099
0.7482518553733826 -0.6087350845336914 0.16847828030586243
0.8024442195892334 -0.5938912630081177 0.24153397977352142
0.8394071459770203 -0.573217511177063 0.30640384554862976
0.8546029329299927 -0.5457502603530884 0.35994377732276917
0.8429696559906006 -0.5102760195732117 0.39885592460632324
0.7984976768493652 -0.4652150273323059 0.41943997144699097
0.7136309146881104 -0.40844833850860596 0.417250394821167
0.578368604183197 -0.33705395460128784 0.386590838432312
0.37884894013404846 -0.24688200652599335 0.3197273015975952
0.09499137848615646 -0.13184042274951935 0.20559059083461761
-0.30368170142173767 0.017380110919475555 0.02748837135732174
-0.8659374713897705 0.21571990847587585 -0.24120710790157318
-0.41754552721977234 -1.2732810974121094 0.10514426976442337
-0.19072122871875763 -0.6666662096977234 -0.10341808944940567
-0.018986083567142487 -0.20523226261138916 -0.264405220746994
0.11220578104257584 0.14993956685066223 -0.39047351479530334
0.2123255431652069 0.42430925369262695 -0.4898430407047272
0.2877713143825531 0.6352041959762573 -0.5680367946624756
0.34299618005752563 0.7948232889175415 -0.6288596391677856
0.3811814785003662 0.9120301604270935 -0.6749778389930725
0.40466150641441345 0.9934818148612976 -0.7082826495170593
0.4152059555053711 1.0443781614303589 -0.7301273941993713
0.41422179341316223 1.0689905881881714 -0.7414954900741577
0.4029068648815155 1.071055293083191 -0.7431249618530273
0.3823765516281128 1.0540854930877686 -0.7356114387512207
0.3537742495536804 1.021629810333252 -0.7195001244544983
0.3183709383010864 0.977485179901123 -0.6953731775283813
0.2776525020599365 0.9258633852005005 -0.663935661315918
0.23338592052459717 0.8714876174926758 -0.6260954141616821
0.18719664216041565 0.8180898427963257 -0.5828816890716553
0.13987025618553162 0.7662515044212341 -0.5351966023445129
0.09207733720541 0.7160581350326538 -0.4839821457862854
0.04448217153549194 0.6675339341163635 -0.43022826313972473
-0.0022745251189917326 0.6206424832344055 -0.37494388222694397
-0.0475887805223465 0.5752900242805481 -0.3191318213939667
-0.09090455621480942 0.5313287377357483 -0.26376575231552124
-0.1317213475704193 0.48856180906295776 -0.20977120101451874
-0.16959747672080994 0.4467504620552063 -0.15801307559013367
-0.20415101945400238 0.4056195020675659 -0.10928655415773392
-0.2350577563047409 0.3648624122142792 -0.0643128827214241
-0.2620466351509094 0.324147492647171 -0.023740412667393684
-0.2848935127258301 0.28312158584594727 0.01185171864926815
-0.3034142255783081 0.2414124608039856 0.041947346180677414
-0.3174559772014618 0.19863146543502808 0.06608327478170395
-0.3268950879573822 0.1543823480606079 0.08384820073843002
-0.3318600058555603 0.10860477387905121 0.09521430730819702
-0.33278340101242065 0.06167832389473915 0.10061388462781906
-0.3301028311252594 0.013992601074278355 0.10049382597208023
-0.32423970103263855 -0.034082986414432526 0.09528324007987976
-0.31559860706329346 -0.08219721168279648 0.08539282530546188
-0.30456820130348206 -0.13001649081707 0.07121442258358002
-0.2915211021900177 -0.17722344398498535 0.05312078446149826
-0.2768150269985199 -0.22351481020450592 0.03146594017744064
-0.26079341769218445 -0.2686004042625427 0.006585066206753254
-0.24378669261932373 -0.3122006952762604 -0.02120453119277954
-0.2261129915714264 -0.354046106338501 -0.05160363391041756
-0.20808006823062897 -0.3938737213611603 -0.08432962745428085
-0.1899862289428711 -0.4314260482788086 -0.11911624670028687
-0.172122061252594 -0.4664486050605774 -0.1557125747203827
-0.15477220714092255 -0.49868807196617126 -0.1938822865486145
-0.1381826102733612 -0.5279099941253662 -0.23337586224079132
-0.1220848336815834 -0.5541799068450928 -0.27355653047561646
-0.10582450777292252 -0.5777799487113953 -0.31347671151161194
-0.08874745666980743 -0.5989790558815002 -0.3521687388420105
-0.07020800560712814 -0.6180306077003479 -0.38864967226982117
-0.04956847056746483 -0.635175347328186 -0.4219202995300293
-0.026199640706181526 -0.6506447196006775 -0.45096728205680847
0.000516458589117974 -0.6646620631217957 -0.4747656285762787
0.031183265149593353 -0.6774446964263916 -0.49228474497795105
0.06638485938310623 -0.6892056465148926 -0.5024969577789307
0.1066797748208046 -0.700152575969696 -0.5043863654136658
0.15259379148483276 -0.7104902267456055 -0.4969624876976013
0.20461268723011017 -0.7204186320304871 -0.4792730510234833
0.2631722390651703 -0.730133056640625 -0.4504201114177704
0.32865023612976074 -0.7398232817649841 -0.4095771908760071
0.40135690569877625 -0.7496717572212219 -0.35600632429122925
0.48107215762138367 -0.7596827745437622 -0.289535790681839
0.5642404556274414 -0.7686163783073425 -0.2134135514497757
0.6461006999015808 -0.7747325897216797 -0.1321582794189453
0.7222377061843872 -0.7763491868972778 -0.04994948208332062
0.7885288000106812 -0.7718050479888916 0.029367908835411072
0.8410243391990662 -0.759398877620697 0.10221661627292633
0.8757776021957397 -0.7373033165931702 0.16517482697963715
0.888617992401123 -0.7034499645233154 0.2148195058107376
0.8748523592948914 -0.655371904373169 0.24751874804496765
0.8288567066192627 -0.5899842977523804 0.25914931297302246
0.743500828742981 -0.5032644867897034 0.24470579624176025
0.6092824935913086 -0.38976240158081055 0.19772161543369293
0.4129646122455597 -0.24182076752185822 0.10936639457941055
0.13530205190181732 -0.048265378922224045 -0.03304699435830116
-0.25298967957496643 0.20792877674102783 -0.24869926273822784
-0.7988594174385071 0.5540563464164734 -0.5682417750358582
-0.8979608416557312 -1.3954135179519653 -0.2776223421096802
-0.574072003364563 -0.7282229661941528 -0.47798794507980347
-0.3331392705440521 -0.23118221759796143 -0.6248824000358582
-0.15135815739631653 0.14487379789352417 -0.7332344651222229
-0.013732784427702427 0.4309943616390228 -0.8123728036880493
0.08960653841495514 0.6477007865905762 -0.8683571219444275
0.16538719832897186 0.8090748190879822 -0.9052326679229736
0.2183326631784439 0.9251064658164978 -0.925750195980072
0.2518559992313385 1.0031251907348633 -0.9318065047264099
0.26850730180740356 1.0487202405929565 -0.9247300624847412
0.2702817916870117 1.066375732421875 -0.9054839015007019
0.2588482201099396 1.0599325895309448 -0.8748201727867126
0.2357322871685028 1.032954454421997 -0.8334152698516846
0.20247356593608856 0.9890295267105103 -0.7819939255714417
0.16076652705669403 0.9320287704467773 -0.7214540839195251
0.11258375644683838 0.866316556930542 -0.652989387512207
0.060271624475717545 0.7968886494636536 -0.5782023072242737
0.005934927612543106 0.7277992367744446 -0.49887168407440186
-0.04956705868244171 0.6598176956176758 -0.41639333963394165
-0.10554280132055283 0.5932028889656067 -0.33215299248695374
-0.16130071878433228 0.5281584858894348 -0.24756790697574615
-0.21616770327091217 0.4648265242576599 -0.16404975950717926
-0.269503653049469 0.4032866954803467 -0.0829731673002243
-0.3207149803638458 0.3435545265674591 -0.00564678106456995
-0.36926448345184326 0.28558337688446045 0.06670989096164703
-0.41467687487602234 0.22926853597164154 0.13298067450523376
-0.4565420150756836 0.17445194721221924 0.19216269254684448
-0.49451494216918945 0.12092740833759308 0.24336916208267212
-0.5283124446868896 0.06844736635684967 0.28582581877708435
-0.5577083230018616 0.016728445887565613 0.3188634514808655
-0.5825273990631104 -0.03454364091157913 0.34190717339515686
-0.6026369333267212 -0.08570864051580429 0.35446086525917053
-0.6179430484771729 -0.13711963593959808 0.3561083972454071
-0.6285232305526733 -0.18880127370357513 0.34711146354675293
-0.6346533298492432 -0.24035106599330902 0.3285540044307709
-0.6366194486618042 -0.29136741161346436 0.30154210329055786
-0.6347019076347351 -0.34147965908050537 0.2671411335468292
-0.62917160987854 -0.39034542441368103 0.22637096047401428
-0.6202883720397949 -0.4376491606235504 0.1802024096250534
-0.608298122882843 -0.4830998182296753 0.12955577671527863
-0.5934323072433472 -0.5264278650283813 0.07530105859041214
-0.5759065747261047 -0.5673823952674866 0.01825866475701332
-0.5559197068214417 -0.6057279706001282 -0.04079825058579445
-0.533653199672699 -0.6412419080734253 -0.10114183276891708
-0.5092714428901672 -0.6737101674079895 -0.16208477318286896
-0.48292118310928345 -0.7029244303703308 -0.2229769080877304
-0.4547314941883087 -0.7286783456802368 -0.28320056200027466
-0.42481374740600586 -0.750764012336731 -0.34216541051864624
-0.3932467997074127 -0.768996000289917 -0.39929938316345215
-0.3598743677139282 -0.7835990190505981 -0.4539887607097626
-0.32437509298324585 -0.7950969338417053 -0.5055579543113708
-0.28643569350242615 -0.803999125957489 -0.5532987117767334
-0.24575656652450562 -0.810798168182373 -0.5964720249176025
-0.20205366611480713 -0.8159752488136292 -0.6343098282814026
-0.15506049990653992 -0.8200040459632874 -0.6660199761390686
-0.10453253239393234 -0.8233533501625061 -0.6907913088798523
-0.05025074630975723 -0.8264883160591125 -0.7078016996383667
0.007973892614245415 -0.8298707008361816 -0.7162278294563293
0.07029520720243454 -0.8339586853981018 -0.7152578830718994
0.13682635128498077 -0.8392035365104675 -0.7041038870811462
0.2076355367898941 -0.846047580242157 -0.6820182204246521
0.28273940086364746 -0.8549199104309082 -0.6483103632926941
0.3620990812778473 -0.8662306070327759 -0.6023641228675842
0.44561639428138733 -0.8803660869598389 -0.5436567664146423
0.5327551960945129 -0.8973782062530518 -0.4722488820552826
0.6202451586723328 -0.9150766730308533 -0.3917129933834076
0.7038861513137817 -0.9303727149963379 -0.3069119453430176
0.7798230051994324 -0.940295934677124 -0.22234627604484558
0.8444782495498657 -0.9419485330581665 -0.14216738939285278
0.8944289088249207 -0.9324164986610413 -0.07025738060474396
0.9262368083000183 -0.9086374044418335 -0.010360030457377434
0.9362320303916931 -0.8672218918800354 0.033738549798727036
0.9202279448509216 -0.8042072653770447 0.05797049403190613
0.8731391429901123 -0.714716911315918 0.05766114592552185
0.7884384989738464 -0.5924622416496277 0.0270753875374794
0.6573460698127747 -0.428986519575119 -0.04125490412116051
0.467547208070755 -0.21245969831943512 -0.15758328139781952
0.20105497539043427 0.07434166222810745 -0.33669376373291016
-0.16958731412887573 0.457632839679718 -0.6009876728057861
-0.6884948015213013 0.9794374704360962 -0.9863178730010986
-1.4985859394073486 -1.499070644378662 -0.7644347548484802
-1.0431687831878662 -0.7744839787483215 -0.9389002919197083
-0.7119203805923462 -0.24752062559127808 -1.0576761960983276
-0.466139018535614 0.14353913068771362 -1.137065052986145
-0.28236737847328186 0.4361370801925659 -1.1867961883544922
-0.14562523365020752 0.6542226076126099 -1.212928295135498
-0.04594570770859718 0.8137727379798889 -1.2193362712860107
0.023529890924692154 0.9258301854133606 -1.2085329294204712
0.06767085939645767 0.9982883334159851 -1.18215811252594
0.09005513787269592 1.0370047092437744 -1.1412913799285889
0.09343496710062027 1.0465450286865234 -1.086678147315979
0.08007217198610306 1.0307151079177856 -1.0189048051834106
0.052000612020492554 0.9929770231246948 -0.9385634660720825
0.011248388327658176 0.9367955923080444 -0.8464128375053406
-0.03996388986706734 0.8659417629241943 -0.7435474991798401
-0.0990469753742218 0.7847543954849243 -0.6315730810165405
-0.16290338337421417 0.6983346343040466 -0.5127729177474976
-0.2287965565919876 0.6109574437141418 -0.38973483443260193
-0.2957713007926941 0.5235938429832458 -0.2644471228122711
-0.36311042308807373 0.43672433495521545 -0.13886980712413788
-0.43008705973625183 0.35080066323280334 -0.015008526854217052
-0.49598416686058044 0.2662331759929657 0.10513494163751602
-0.5601108074188232 0.18338100612163544 0.21960748732089996
-0.6218177080154419 0.10254286974668503 0.32654687762260437
-0.6805108785629272 0.023951053619384766 0.4242177903652191
-0.7356601357460022 -0.05223073437809944 0.5110369920730591
-0.7868059873580933 -0.1259082555770874 0.5855923891067505
-0.8335623741149902 -0.1970554143190384 0.646652102470398
-0.875616729259491 -0.26570963859558105 0.6931650638580322
-0.9127265214920044 -0.3319668173789978 0.7242541909217834
-0.944715142250061 -0.39597612619400024 0.7392047047615051
-0.9714645743370056 -0.45793211460113525 0.7374455332756042
-0.9929090142250061 -0.518061101436615 0.7185559272766113
-1.0090627670288086 -0.5763261914253235 0.6832375526428223
-1.020021915435791 -0.6323488354682922 0.6335392594337463
-1.0259065628051758 -0.6857773661613464 0.5715438723564148
-1.0268503427505493 -0.7363097071647644 0.49925142526626587
-1.0229929685592651 -0.7836881875991821 0.4185640513896942
-1.01447331905365 -0.8276943564414978 0.3312727212905884
-1.001423716545105 -0.8681436777114868 0.23905205726623535
-0.9839648008346558 -0.9048783183097839 0.1434604823589325
-0.9622012376785278 -0.9377630352973938 0.04594144597649574
-0.9362173080444336 -0.9666778445243835 -0.052169330418109894
-0.9060733318328857 -0.9915133714675903 -0.14963752031326294
-0.8718029856681824 -1.0121647119522095 -0.24531762301921844
-0.833408772945404 -1.028525948524475 -0.3381429612636566
-0.7908603549003601 -1.0404855012893677 -0.4271122217178345
-0.7440894842147827 -1.047919511795044 -0.5112757682800293
-0.6929951906204224 -1.0507234334945679 -0.589744508266449
-0.6375596523284912 -1.0493067502975464 -0.6619894504547119
-0.5778525471687317 -1.044460654258728 -0.7276978492736816
-0.5139568448066711 -1.0369596481323242 -0.7864974141120911
-0.44597265124320984 -1.0275614261627197 -0.8379557728767395
-0.3740239143371582 -1.0170148611068726 -0.8815889954566956
-0.2982637286186218 -1.0060670375823975 -0.9168722629547119
-0.2188815325498581 -0.9954649209976196 -0.9432478547096252
-0.1361076533794403 -0.9859583377838135 -0.9601385593414307
-0.05021790787577629 -0.9782977104187012 -0.9669593572616577
0.03846191614866257 -0.9732325077056885 -0.9631332159042358
0.12955307960510254 -0.9715058207511902 -0.9481068253517151
0.22262337803840637 -0.9738464951515198 -0.9213672876358032
0.3171848952770233 -0.980961263179779 -0.8824614882469177
0.41269731521606445 -0.9935240149497986 -0.8310146927833557
0.5085707306861877 -1.0121629238128662 -0.7667492032051086
0.6038958430290222 -1.0369857549667358 -0.6899927258491516
0.6957919001579285 -1.0646721124649048 -0.6047108769416809
0.780794620513916 -1.0905314683914185 -0.5161909461021423
0.8557797074317932 -1.1100648641586304 -0.4293297827243805
0.9178776144981384 -1.1189100742340088 -0.3486573100090027
0.9643454551696777 -1.112720012664795 -0.2784350514411926
0.9924019575119019 -1.0869765281677246 -0.22280897200107574
0.9990235567092896 -1.0367364883422852 -0.18602043390274048
0.9806815981864929 -0.9562817215919495 -0.17268434166908264
0.9329937696456909 -0.8386345505714417 -0.1881684511899948
0.8502310514450073 -0.6748520135879517 -0.2391236275434494
0.7245787382125854 -0.4529547393321991 -0.3342740535736084
0.5449703335762024 -0.1562240868806839 -0.485656201839447
0.295139342546463 0.23965278267860413 -0.7106782793998718
-0.049848224967718124 0.7716678977012634 -1.0357692241668701
-0.5301622748374939 1.499130129814148 -1.5032826662063599
