ply
format ascii 1.0
element vertex 6400
property float x
property float y
property float z
end_header
-1.4985857009887695 1.4991296529769897 -1.5032821893692017
-1.0904616117477417 0.7757070660591125 -1.4980649948120117
-0.7921202778816223 0.25153446197509766 -1.4839271306991577
-0.5685120820999146 -0.1357814073562622 -1.4622414112091064
-0.39824071526527405 -0.4240914285182953 -1.4336366653442383
-0.267452597618103 -0.6376475691795349 -1.3983100652694702
-0.16671256721019745 -0.7926991581916809 -1.35619056224823
-0.08928100764751434 -0.9005765318870544 -1.30703604221344
-0.03010198473930359 -0.9695075154304504 -1.2505029439926147
0.014827813021838665 -1.0057555437088013 -1.1862019300460815
0.04887327551841736 -1.0143851041793823 -1.113761067390442
0.07504665851593018 -0.999809980392456 -1.0328956842422485
0.09620965272188187 -0.9662157297134399 -0.9434958696365356
0.11521316319704056 -0.9178977012634277 -0.8457310795783997
0.13498133420944214 -0.859531044960022 -0.7401729822158813
0.15853554010391235 -0.7963629961013794 -0.627923846244812
0.18894357979297638 -0.7342941164970398 -0.5107350945472717
0.22805847227573395 -0.6779160499572754 -0.39075636863708496
0.27500730752944946 -0.6277360916137695 -0.26979586482048035
0.32843220233917236 -0.5835174322128296 -0.1495136022567749
0.38689759373664856 -0.544850766658783 -0.03143443912267685
0.4489486813545227 -0.5111811757087708 0.08309423923492432
0.513159990310669 -0.48183855414390564 0.19292525947093964
0.5781754851341248 -0.4560674726963043 0.2971227467060089
0.6427372694015503 -0.4330548048019409 0.39495980739593506
0.7057011127471924 -0.4119531810283661 0.4859035611152649
0.7660439610481262 -0.3918992578983307 0.5695955753326416
0.8228610157966614 -0.37202557921409607 0.6458268165588379
0.8753566741943359 -0.3514677882194519 0.7145093679428101
0.922828733921051 -0.32936498522758484 0.7756488919258118
0.9646515846252441 -0.30485525727272034 0.8293192386627197
1.0002529621124268 -0.27706673741340637 0.8756358027458191
1.0291017293930054 -0.24512408673763275 0.9147356152534485
1.051087737083435 -0.20893633365631104 0.946840226650238
1.0666025876998901 -0.16944336891174316 0.9722405672073364
1.0760154724121094 -0.1276281774044037 0.991174578666687
1.079647183418274 -0.08445913344621658 1.0038273334503174
1.0777766704559326 -0.04090292379260063 1.010337233543396
1.0706486701965332 0.0020650411024689674 1.010802149772644
1.0584791898727417 0.043450936675071716 1.0052839517593384
1.0414611101150513 0.08223315328359604 0.993813157081604
1.0197685956954956 0.11735508590936661 0.9763923287391663
0.993561863899231 0.14771728217601776 0.9530006051063538
0.9629901647567749 0.17217221856117249 0.9235956072807312
0.9281967878341675 0.18951749801635742 0.8881182074546814
0.8893221020698547 0.19849221408367157 0.8464943766593933
0.8465074300765991 0.19777286052703857 0.7986400723457336
0.7998975515365601 0.18597111105918884 0.7444631457328796
0.7496269941329956 0.16176529228687286 0.6839250922203064
0.6955573558807373 0.12577460706233978 0.6178473234176636
0.6373594999313354 0.08020173013210297 0.5477830171585083
0.5747378468513489 0.027400963008403778 0.47541454434394836
0.507449209690094 -0.030141158029437065 0.402546763420105
0.4353156089782715 -0.0897960215806961 0.33110836148262024
0.35823747515678406 -0.14879772067070007 0.2631417214870453
0.27621009945869446 -0.20425808429718018 0.20078638195991516
0.1893370896577835 -0.2532002031803131 0.14624683558940887
0.09784242510795593 -0.29260683059692383 0.10175012052059174
0.0020800547208637 -0.31948456168174744 0.06949135661125183
-0.09746070951223373 -0.3309422433376312 0.0515691377222538
-0.20015758275985718 -0.3242797255516052 0.04991410672664642
-0.30526039004325867 -0.2970830798149109 0.06621338427066803
-0.4119073748588562 -0.2473193109035492 0.10183795541524887
-0.5191465020179749 -0.17342285811901093 0.15777674317359924
-0.6254974007606506 -0.07521411776542664 0.23374280333518982
-0.7262271642684937 0.04097095504403114 0.3230542540550232
-0.8158535957336426 0.16666151583194733 0.4168953001499176
-0.8897331357002258 0.2944067716598511 0.5073942542076111
-0.9438773989677429 0.4178028106689453 0.5876025557518005
-0.9746871590614319 0.5313575863838196 0.6513049602508545
-0.9786365032196045 0.6302568912506104 0.6927210092544556
-0.9519094824790955 0.7100633978843689 0.7061174511909485
-0.8899686336517334 0.766357958316803 0.6853284239768982
-0.787006139755249 0.7942984104156494 0.623138964176178
-0.6351869106292725 0.7880547642707825 0.5104491710662842
-0.42352136969566345 0.7400112152099609 0.3350493311882019
-0.1360672414302826 0.6395490169525146 0.07969597727060318
0.2511250078678131 0.4710249602794647 -0.2811272442340851
0.7755661010742188 0.21014951169490814 -0.7870660424232483
1.4991538524627686 -0.18303591012954712 -1.5032821893692017
-0.9520686268806458 1.4823973178863525 -0.9196215867996216
-0.6263185739517212 0.7776472568511963 -0.9311458468437195
-0.3848263621330261 0.25931259989738464 -0.9371245503425598
-0.20191103219985962 -0.1285334974527359 -0.9385427832603455
-0.06153237819671631 -0.4206646680831909 -0.9358800053596497
0.04687373340129852 -0.6398168802261353 -0.9293071031570435
0.13059012591838837 -0.8014912009239197 -0.9187890887260437
0.19485677778720856 -0.9166654944419861 -0.9041427969932556
0.24361196160316467 -0.9934201240539551 -0.8850732445716858
0.27996113896369934 -1.0379716157913208 -0.861200213432312
0.3064883351325989 -1.0553698539733887 -0.8320831656455994
0.3254735767841339 -1.0499980449676514 -0.7972501516342163
0.3390493392944336 -1.0259528160095215 -0.7562327980995178
0.34931352734565735 -0.9873433709144592 -0.7086151242256165
0.3584061563014984 -0.9385300278663635 -0.6540941596031189
0.3685484528541565 -0.884294331073761 -0.5925561189651489
0.38203656673431396 -0.8299239873886108 -0.5241625308990479
0.4003928601741791 -0.7794767022132874 -0.4495604932308197
0.4233027696609497 -0.7333453893661499 -0.36993008852005005
0.4501423239707947 -0.6913062334060669 -0.2865478992462158
0.4802415668964386 -0.6530299782752991 -0.20069478452205658
0.5129072070121765 -0.6180953979492188 -0.1136191189289093
0.5474424958229065 -0.5860052704811096 -0.026508525013923645
0.5831649899482727 -0.5562024116516113 0.05953318625688553
0.6194207668304443 -0.5280839204788208 0.14350147545337677
0.6555935740470886 -0.5010138750076294 0.22449764609336853
0.6911110877990723 -0.47433388233184814 0.30173060297966003
0.7254478931427002 -0.4473693370819092 0.37451300024986267
0.7581244111061096 -0.4194340407848358 0.44225195050239563
0.7887037992477417 -0.3898305296897888 0.5044370889663696
0.8167866468429565 -0.3578472435474396 0.5606271624565125
0.8420038819313049 -0.3227531313896179 0.6104325652122498
0.8640124201774597 -0.2838066816329956 0.6535058617591858
0.8826314806938171 -0.24094825983047485 0.68976891040802
0.8978672623634338 -0.19502457976341248 0.7194501757621765
0.9097189903259277 -0.1469290852546692 0.7427594065666199
0.9181665778160095 -0.09754783660173416 0.7598690390586853
0.9231728315353394 -0.04776864871382713 0.7709190249443054
0.9246835708618164 0.0015128537779673934 0.7760201096534729
0.9226304292678833 0.04938676580786705 0.7752581834793091
0.9169296622276306 0.09492269158363342 0.7686958909034729
0.9074851870536804 0.13716506958007812 0.7563766241073608
0.8941882848739624 0.1751279979944229 0.7383267879486084
0.876918613910675 0.20779219269752502 0.7145574688911438
0.8555459380149841 0.2341001331806183 0.6850682497024536
0.8299301862716675 0.2529541850090027 0.649848222732544
0.7999232411384583 0.2632136940956116 0.6088794469833374
0.7653700709342957 0.26369377970695496 0.5621381402015686
0.7261068820953369 0.25327572226524353 0.5096532106399536
0.681926429271698 0.23247671127319336 0.4522847533226013
0.632606565952301 0.20312798023223877 0.39158540964126587
0.5779569745063782 0.16716226935386658 0.32920902967453003
0.5178319215774536 0.12659473717212677 0.26689985394477844
0.45214229822158813 0.0835287943482399 0.20649021863937378
0.38086748123168945 0.04015287384390831 0.14988957345485687
0.3040701448917389 -0.0012699777726083994 0.09906814247369766
0.22190676629543304 -0.03842488303780556 0.056028496474027634
0.13463808596134186 -0.06897710263729095 0.02276991680264473
0.042636688798666 -0.09061416238546371 0.001243944512680173
-0.05360845848917961 -0.1010964959859848 -0.006696690805256367
-0.15349434316158295 -0.09831517934799194 0.0006461780285462737
-0.25630733370780945 -0.08035390824079514 0.02475803717970848
-0.3612362742424011 -0.04555053636431694 0.06685609370470047
-0.4673888087272644 0.0074442410841584206 0.1278386414051056
-0.5734184384346008 0.07891334593296051 0.20748315751552582
-0.6752113699913025 0.16377098858356476 0.29980531334877014
-0.7679969072341919 0.25507640838623047 0.3968653082847595
-0.8477043509483337 0.34660109877586365 0.4915309548377991
-0.9108348488807678 0.43284446001052856 0.5774710178375244
-0.9542688131332397 0.5089303255081177 0.6490156650543213
-0.9750343561172485 0.5704280734062195 0.700929582118988
-0.9700458645820618 0.613118588924408 0.728119432926178
-0.9357998967170715 0.632705569267273 0.7252742648124695
-0.868004322052002 0.6244605779647827 0.6864157915115356
-0.7610931396484375 0.5827669501304626 0.6043165326118469
-0.6075430512428284 0.5004922747612 0.46968764066696167
-0.3968454897403717 0.3680656850337982 0.26997634768486023
-0.11386840045452118 0.172029510140419 -0.012533395551145077
0.2639211118221283 -0.10739021003246307 -0.40391701459884644
0.7714253067970276 -0.5006111264228821 -0.9443087577819824
-0.4949609935283661 1.436079978942871 -0.43710047006607056
-0.23766987025737762 0.7635324001312256 -0.45765718817710876
-0.04439479112625122 0.26103752851486206 -0.477563738822937
0.10330450534820557 -0.11991767585277557 -0.49686330556869507
0.21723301708698273 -0.41031643748283386 -0.5154860615730286
0.3053109347820282 -0.6308684349060059 -0.5332706570625305
0.37307193875312805 -0.7959650754928589 -0.5499706864356995
0.4245312511920929 -0.9159707427024841 -0.565253496170044
0.46271705627441406 -0.998627245426178 -0.5786951780319214
0.4900124669075012 -1.0499615669250488 -0.5897735357284546
0.5083863735198975 -1.0749026536941528 -0.5978606939315796
0.519557774066925 -1.0777270793914795 -0.6022195219993591
0.5251165628433228 -1.0623944997787476 -0.6020047068595886
0.5266144275665283 -1.0328102111816406 -0.5962724089622498
0.5256316661834717 -0.9930329918861389 -0.5840039253234863
0.5238216519355774 -0.9474257826805115 -0.5641465783119202
0.5229265689849854 -0.9007377624511719 -0.5356784462928772
0.5242120623588562 -0.8565645813941956 -0.49817726016044617
0.5277236700057983 -0.8152065873146057 -0.4524548649787903
0.5333130955696106 -0.7764438390731812 -0.39957547187805176
0.5408089756965637 -0.7399945855140686 -0.34067609906196594
0.5500220060348511 -0.7055213451385498 -0.27693676948547363
0.5607506036758423 -0.6726399064064026 -0.20955461263656616
0.5727871060371399 -0.6409264802932739 -0.13971978425979614
0.5859218835830688 -0.6099247336387634 -0.06859464198350906
0.599947988986969 -0.5791530013084412 0.0027003451250493526
0.6146647930145264 -0.5481084585189819 0.07309777289628983
0.629880428314209 -0.516270637512207 0.14159038662910461
0.6454138159751892 -0.48310375213623047 0.2072320133447647
0.6610956788063049 -0.4480566084384918 0.2691361606121063
0.6767695546150208 -0.4105604887008667 0.3264719545841217
0.6922911405563354 -0.37002629041671753 0.3784545361995697
0.707526445388794 -0.32585418224334717 0.4243455231189728
0.7222834229469299 -0.27803415060043335 0.4638115465641022
0.736284077167511 -0.22734332084655762 0.4970080554485321
0.7492423057556152 -0.1746043860912323 0.5241007208824158
0.760868489742279 -0.12063657492399216 0.5452342629432678
0.7708675861358643 -0.06626049429178238 0.5605335235595703
0.7789393067359924 -0.012301763519644737 0.5701066255569458
0.7847763299942017 0.040405482053756714 0.5740458369255066
0.7880637049674988 0.09101459383964539 0.5724297761917114
0.7884778380393982 0.13866393268108368 0.5653238296508789
0.7856860756874084 0.18247352540493011 0.5527830719947815
0.7793461680412292 0.22154341638088226 0.5348522663116455
0.7691057920455933 0.25495025515556335 0.5115680694580078
0.7546016573905945 0.2817460298538208 0.4829593598842621
0.7354598641395569 0.30095598101615906 0.44904932379722595
0.711295485496521 0.31157734990119934 0.4098559319972992
0.6817219853401184 0.31267014145851135 0.365446537733078
0.6464889645576477 0.30464646220207214 0.31668031215667725
0.6054674386978149 0.28898948431015015 0.26506561040878296
0.5585573315620422 0.2672463655471802 0.21218717098236084
0.5056948065757751 0.24101121723651886 0.15969310700893402
0.44686391949653625 0.2119302749633789 0.10929223150014877
0.38210639357566833 0.18169988691806793 0.0627431869506836
0.31153392791748047 0.15206077694892883 0.021840136498212814
0.2353373020887375 0.12478358298540115 -0.011610805988311768
0.15379460155963898 0.10164918750524521 -0.03582078590989113
0.06727766990661621 0.08442186564207077 -0.04905325919389725
-0.023744316771626472 0.07481762021780014 -0.04966427758336067
-0.11870653182268143 0.07446765899658203 -0.03614553064107895
-0.21695058047771454 0.08487864583730698 -0.007169471122324467
-0.31773439049720764 0.10739277303218842 0.0383678637444973
-0.42024460434913635 0.14314913749694824 0.10130719840526581
-0.5232840776443481 0.19246655702590942 0.18150895833969116
-0.6233382225036621 0.2512572109699249 0.2736658453941345
-0.7163228392601013 0.31384268403053284 0.3706797957420349
-0.7987240552902222 0.37503811717033386 0.4661276638507843
-0.8675116300582886 0.43015843629837036 0.5542661547660828
-0.9200021624565125 0.4749394357204437 0.6299300789833069
-0.9536945819854736 0.5054018497467041 0.6883649230003357
-0.9660831093788147 0.5176705121994019 0.7250041961669922
-0.9544456005096436 0.5077500939369202 0.735200822353363
-0.9155916571617126 0.47124794125556946 0.7138966917991638
-0.8455508351325989 0.40302005410194397 0.6552082300186157
-0.7391526699066162 0.2966962158679962 0.5518750548362732
-0.5894327163696289 0.14400629699230194 0.39448365569114685
-0.3867359459400177 -0.06622792035341263 0.17030984163284302
-0.11729099601507187 -0.3496909439563751 -0.13851070404052734
0.23916147649288177 -0.7292236089706421 -0.5580126047134399
-0.11838755756616592 1.365703821182251 -0.0452580600976944
0.08311568945646286 0.7357506155967712 -0.06822984665632248
0.2362120896577835 0.25729069113731384 -0.09638278186321259
0.35392773151397705 -0.11045809090137482 -0.12853705883026123
0.4448204040527344 -0.3942957818508148 -0.16383108496665955
0.5147464275360107 -0.6125677824020386 -0.2015645056962967
0.567857027053833 -0.7782862782478333 -0.24110212922096252
0.6071940660476685 -0.9009941220283508 -0.2818088233470917
0.6350628137588501 -0.9879330396652222 -0.3230004608631134
0.6532782912254333 -1.044813871383667 -0.3639041781425476
0.6633346080780029 -1.0763471126556396 -0.4036233723163605
0.6665278077125549 -1.086628794670105 -0.44110867381095886
0.6640487909317017 -1.079429268836975 -0.47513407468795776
0.6570565104484558 -1.0584228038787842 -0.5042826533317566
0.6467344760894775 -1.0273627042770386 -0.526944637298584
0.6343346238136292 -0.9902161955833435 -0.5413364768028259
0.6212016940116882 -0.9512381553649902 -0.545547604560852
0.6084029674530029 -0.9136104583740234 -0.5383915305137634
0.5962086915969849 -0.8775617480278015 -0.5204777121543884
0.5847722887992859 -0.8428772687911987 -0.49276596307754517
0.5742401480674744 -0.8093083500862122 -0.4563157558441162
0.5647500157356262 -0.7765751481056213 -0.41226330399513245
0.5564306974411011 -0.7443709969520569 -0.36180225014686584
0.5494013428688049 -0.7123662233352661 -0.30616191029548645
0.5437714457511902 -0.6802104711532593 -0.24658946692943573
0.5396419763565063 -0.6475364565849304 -0.1843341737985611
0.5371057391166687 -0.6139618158340454 -0.12063407152891159
0.5362486839294434 -0.5790902972221375 -0.05670509487390518
0.5371514558792114 -0.5425128936767578 0.006265565752983093
0.539891242980957 -0.5038079619407654 0.06712338328361511
0.544543445110321 -0.4625389873981476 0.12474919110536575
0.5511837601661682 -0.4182538390159607 0.1780560165643692
0.5598844885826111 -0.370494544506073 0.22599829733371735
0.5704795122146606 -0.3193097710609436 0.26803040504455566
0.5824907422065735 -0.265422523021698 0.30423063039779663
0.5954214334487915 -0.20959711074829102 0.33471158146858215
0.6087762713432312 -0.15259498357772827 0.35957884788513184
0.6220601201057434 -0.09517695754766464 0.37893080711364746
0.6347774267196655 -0.0381043441593647 0.3928591012954712
0.646430492401123 0.01785985380411148 0.4014488756656647
0.6565192341804504 0.07194841653108597 0.40477898716926575
0.664539635181427 0.12338921427726746 0.4029219448566437
0.66998291015625 0.1714029163122177 0.3959442973136902
0.6723343729972839 0.21520240604877472 0.3839067816734314
0.6710725426673889 0.2539898455142975 0.36686429381370544
0.6656680107116699 0.2869560122489929 0.34486618638038635
0.6555818915367126 0.3132779598236084 0.3179561197757721
0.6402653455734253 0.33211782574653625 0.2861723303794861
0.6191768050193787 0.342694491147995 0.24959774315357208
0.5920423865318298 0.34531843662261963 0.20906215906143188
0.5588086843490601 0.34115222096443176 0.16599836945533752
0.519446074962616 0.33139505982398987 0.12189465016126633
0.4739536643028259 0.31726890802383423 0.078281931579113
0.4223683476448059 0.3000233769416809 0.036730971187353134
0.3647736608982086 0.28093573451042175 -0.0011566318571567535
0.30131015181541443 0.26130834221839905 -0.0337601862847805
0.23218253254890442 0.24246111512184143 -0.05945880711078644
0.157666876912117 0.2257198542356491 -0.076654352247715
0.07811594009399414 0.21240080893039703 -0.08379911631345749
-0.006037801504135132 0.20379136502742767 -0.07942700386047363
-0.09428288787603378 0.20112791657447815 -0.062186747789382935
-0.18602973222732544 0.20557136833667755 -0.03087731823325157
-0.2806178331375122 0.21818192303180695 0.01551865041255951
-0.37732455134391785 0.23989368975162506 0.07780320942401886
-0.47510895133018494 0.27101394534111023 0.15592491626739502
-0.5710294842720032 0.30826300382614136 0.2452247440814972
-0.6616608500480652 0.34701886773109436 0.33940887451171875
-0.7440305352210999 0.3829978108406067 0.43273574113845825
-0.8155623078346252 0.41225430369377136 0.5200287103652954
-0.8739831447601318 0.431119441986084 0.5966043472290039
-0.9172095060348511 0.43609872460365295 0.6581496596336365
-0.9432156085968018 0.4237346649169922 0.7005556225776672
-0.949889063835144 0.39043548703193665 0.7197167277336121
-0.9348610043525696 0.3322638273239136 0.7112863063812256
-0.8953063488006592 0.24467028677463531 0.670379102230072
-0.8276852369308472 0.12214221060276031 0.5911881923675537
-0.7273977398872375 -0.04227682203054428 0.4664708375930786
-0.5882889032363892 -0.25767770409584045 0.2868196964263916
-0.4019065499305725 -0.5363293886184692 0.039572227746248245
-0.15634144842624664 -0.895305871963501 -0.2928827106952667
0.18668429553508759 1.276328444480896 0.2664567232131958
0.3434637188911438 0.696520984172821 0.2462499588727951
0.46356165409088135 0.2486063539981842 0.21468596160411835
0.5560747981071472 -0.10065199434757233 0.1742066591978073
0.6271420121192932 -0.3737591505050659 0.12655751407146454
0.681052565574646 -0.5865154266357422 0.07308515906333923
0.7208954691886902 -0.750376284122467 0.014920546673238277
0.7489596605300903 -0.8739068508148193 -0.04689885675907135
0.7669921517372131 -0.9637176394462585 -0.11134058982133865
0.7763737440109253 -1.0250955820083618 -0.17730848491191864
0.7782410979270935 -1.0624443292617798 -0.24358482658863068
0.7735795378684998 -1.0796087980270386 -0.3087819218635559
0.7632935047149658 -1.080119013786316 -0.37130096554756165
0.7482655644416809 -1.0673835277557373 -0.4293014705181122
0.729403018951416 -1.0448371171951294 -0.480683296918869
0.7076780200004578 -1.0160579681396484 -0.5230902433395386
0.6841546297073364 -0.9848321676254272 -0.5539434552192688
0.6597473621368408 -0.9539597034454346 -0.5715103149414062
0.6348577737808228 -0.9236167073249817 -0.5763023495674133
0.6098211407661438 -0.8935999274253845 -0.5692415237426758
0.5849774479866028 -0.8636891841888428 -0.5513514876365662
0.560668408870697 -0.833649754524231 -0.52374267578125
0.5372341275215149 -0.8032334446907043 -0.4875991940498352
0.5150112509727478 -0.77218097448349 -0.4441632032394409
0.4943302571773529 -0.7402222156524658 -0.39472129940986633
0.47551417350769043 -0.7070783972740173 -0.34059157967567444
0.45887765288352966 -0.6724631786346436 -0.2831118106842041
0.44472596049308777 -0.6360822916030884 -0.22362837195396423
0.43335527181625366 -0.5976349115371704 -0.16348786652088165
0.4250527620315552 -0.5568134188652039 -0.10403043031692505
0.42009788751602173 -0.5133023262023926 -0.04658305644989014
0.41876304149627686 -0.4667787551879883 0.00754198944196105
0.4213062524795532 -0.4169212579727173 0.05706390365958214
0.42760759592056274 -0.36383959650993347 0.10126418620347977
0.4370582103729248 -0.3082117736339569 0.14014342427253723
0.44901564717292786 -0.2507505714893341 0.17375561594963074
0.46283766627311707 -0.1921646147966385 0.20215971767902374
0.4778823256492615 -0.13315831124782562 0.2254181206226349
0.4935089945793152 -0.07443100214004517 0.243595689535141
0.5090785622596741 -0.0166767630726099 0.2567588984966278
0.5239531397819519 0.03941456228494644 0.26497456431388855
0.5374954342842102 0.09315748512744904 0.2683088183403015
0.5490689277648926 0.14386959373950958 0.266826331615448
0.5580365061759949 0.1908712089061737 0.2605890929698944
0.5637592077255249 0.2334827035665512 0.24965566396713257
0.5655952095985413 0.27102404832839966 0.2340802103281021
0.5628975629806519 0.30281180143356323 0.21391144394874573
0.5550130009651184 0.32815787196159363 0.18919196724891663
0.5413035154342651 0.34642356634140015 0.16000428795814514
0.5214875340461731 0.3578243553638458 0.1271291971206665
0.4955662488937378 0.3632323443889618 0.09190348535776138
0.4635601043701172 0.3635362386703491 0.055702753365039825
0.42550942301750183 0.35963174700737 0.019929520785808563
0.3814833164215088 0.3524256944656372 -0.013988756574690342
0.33158624172210693 0.3428381383419037 -0.04460648447275162
0.27596747875213623 0.33180251717567444 -0.07046893239021301
0.21482667326927185 0.32026228308677673 -0.09012683480978012
0.1484203338623047 0.3091655671596527 -0.10215406864881516
0.07706619054079056 0.2994568347930908 -0.10516909509897232
0.0011464310809969902 0.2920665740966797 -0.0978589579463005
-0.07889232784509659 0.28789880871772766 -0.07900531589984894
-0.1625388264656067 0.2878168821334839 -0.04751206189393997
-0.24922198057174683 0.2926279604434967 -0.0024319880176335573
-0.3383166491985321 0.30306774377822876 0.0570075623691082
-0.4289398491382599 0.3193992078304291 0.13084028661251068
-0.5186931490898132 0.33900636434555054 0.21502083539962769
-0.6047807335853577 0.3581632971763611 0.3040204644203186
-0.6847550868988037 0.3733721971511841 0.39275315403938293
-0.7564845085144043 0.3813590705394745 0.4765923023223877
-0.8180910348892212 0.3790256679058075 0.5513224005699158
-0.8678749799728394 0.3633723556995392 0.6130505800247192
-0.9042260050773621 0.3313955068588257 0.658083975315094
-0.9255264401435852 0.27995815873146057 0.6827808022499084
-0.9300400018692017 0.2056332677602768 0.6833696365356445
-0.9157845377922058 0.10450585186481476 0.6557344198226929
-0.8803750276565552 -0.02808070369064808 0.5951440930366516
-0.8208253383636475 -0.19786326587200165 0.49590566754341125
-0.7332743406295776 -0.4121272563934326 0.35089120268821716
-0.6126010417938232 -0.6803870797157288 0.15086640417575836
-0.4518539607524872 -1.0153909921646118 -0.11649759113788605
0.42911428213119507 1.1724956035614014 0.5083221197128296
0.5504902005195618 0.6478845477104187 0.4945129454135895
0.6437793970108032 0.23547334969043732 0.46335020661354065
0.7153008580207825 -0.09097788482904434 0.41839420795440674
0.7694394588470459 -0.34979817271232605 0.3622397184371948
0.8093268871307373 -0.554202139377594 0.2968975007534027
0.8372576236724854 -0.7139954566955566 0.22403566539287567
0.8549557328224182 -0.8366612792015076 0.1451440453529358
0.8637514710426331 -0.928080141544342 0.0616522915661335
0.8647036552429199 -0.9930254220962524 -0.02497924491763115
0.8586902618408203 -1.0355170965194702 -0.11318383365869522
0.8464767932891846 -1.0590845346450806 -0.2012268751859665
0.828769862651825 -1.0669662952423096 -0.28715279698371887
0.8062648177146912 -1.0622692108154297 -0.3687441945075989
0.7796838283538818 -1.0480912923812866 -0.443493515253067
0.7498096227645874 -1.0276166200637817 -0.5085957646369934
0.7175132632255554 -1.0041764974594116 -0.5609714388847351
0.6835930943489075 -0.98021000623703 -0.5985012650489807
0.6485166549682617 -0.9558573961257935 -0.6216627359390259
0.61271733045578 -0.9309345483779907 -0.6313776969909668
0.5766426920890808 -0.9052520990371704 -0.6286590695381165
0.5407505631446838 -0.8786149621009827 -0.6146026253700256
0.5055071115493774 -0.8508239984512329 -0.5903803110122681
0.471384197473526 -0.821677029132843 -0.5572314858436584
0.4388556182384491 -0.7909687757492065 -0.5164541006088257
0.4083959758281708 -0.7584928274154663 -0.46939677000045776
0.38047733902931213 -0.7240419387817383 -0.41744932532310486
0.3555673658847809 -0.687408447265625 -0.3620341122150421
0.33412766456604004 -0.6483849883079529 -0.3045981526374817
0.3166119456291199 -0.6067656874656677 -0.24660533666610718
0.303464412689209 -0.5623449683189392 -0.1895277351140976
0.29511940479278564 -0.5149192810058594 -0.13484057784080505
0.2919878661632538 -0.4642959535121918 -0.08399990200996399
0.29400381445884705 -0.41064369678497314 -0.03786257281899452
0.3004847764968872 -0.3545991778373718 0.003495635697618127
0.3106989860534668 -0.29682657122612 0.04006672650575638
0.323909729719162 -0.23798295855522156 0.07185782492160797
0.3393787145614624 -0.17871689796447754 0.09888843446969986
0.35636886954307556 -0.11966605484485626 0.12118884921073914
0.37414634227752686 -0.06145590543746948 0.13879795372486115
0.39198216795921326 -0.004699788987636566 0.1517610251903534
0.4091527760028839 0.050001662224531174 0.16012784838676453
0.42494046688079834 0.1020595133304596 0.1639506071805954
0.43863317370414734 0.15089668333530426 0.163282111287117
0.4495231509208679 0.19594494998455048 0.15817373991012573
0.4569054841995239 0.23664401471614838 0.1486736685037613
0.4600760340690613 0.27243876457214355 0.13482509553432465
0.45832860469818115 0.3027765452861786 0.11666456609964371
0.4509795010089874 0.32714706659317017 0.09426405280828476
0.4377496838569641 0.34567949175834656 0.06834310293197632
0.41867509484291077 0.3589860200881958 0.04013071209192276
0.3938049376010895 0.3676818013191223 0.010881675407290459
0.36320069432258606 0.3723781108856201 -0.01813390664756298
0.32694366574287415 0.37368708848953247 -0.04563135653734207
0.2851404547691345 0.3722247779369354 -0.07031593471765518
0.2379309982061386 0.36861270666122437 -0.09088914841413498
0.18549372255802155 0.36347851157188416 -0.10605974495410919
0.1280508041381836 0.3574535548686981 -0.11455707252025604
0.06587257981300354 0.35117045044898987 -0.1151471883058548
-0.0007194221834652126 0.345258504152298 -0.10665172338485718
-0.07135167717933655 0.3403373956680298 -0.08796784281730652
-0.14559735357761383 0.3370102047920227 -0.058090321719646454
-0.22297929227352142 0.3358554244041443 -0.016133040189743042
-0.3029734492301941 0.337417870759964 0.03865007683634758
-0.38485288619995117 0.34189465641975403 0.10636979341506958
-0.46673130989074707 0.34722232818603516 0.18355652689933777
-0.546410858631134 0.35044360160827637 0.26540669798851013
-0.621953010559082 0.3487521708011627 0.3474632203578949
-0.6916616559028625 0.3394843637943268 0.4256350100040436
-0.7540450096130371 0.32008206844329834 0.49616575241088867
-0.807767391204834 0.28803449869155884 0.5555714964866638
-0.8515928387641907 0.24080197513103485 0.6005515456199646
-0.884323000907898 0.17572033405303955 0.6278796792030334
-0.9047266840934753 0.08988597244024277 0.6342706084251404
-0.9114621877670288 -0.019988222047686577 0.6162248253822327
-0.9029850959777832 -0.1577538549900055 0.5698357224464417
-0.8774359226226807 -0.32806259393692017 0.4905514419078827
-0.8324955701828003 -0.5366824269294739 0.3728618919849396
-0.7651882767677307 -0.7909412980079651 0.20987136662006378
-0.6716078519821167 -1.1003526449203491 -0.007297785021364689
0.6173651218414307 1.0582195520401 0.69009929895401
0.7109364867210388 0.5917021036148071 0.6848239898681641
0.7825803756713867 0.21833835542201996 0.65679532289505
0.8366978764533997 -0.08190125972032547 0.6104332804679871
0.876431405544281 -0.32346251606941223 0.5490542650222778
0.9040797352790833 -0.5170515179634094 0.4752778708934784
0.9213610291481018 -0.670807957649231 0.3912947177886963
0.9295893907546997 -0.7910793423652649 0.29905205965042114
0.929794192314148 -0.8829478621482849 0.20038989186286926
0.9228075742721558 -0.9506048560142517 0.09714588522911072
0.9093291759490967 -0.9976216554641724 -0.008758680894970894
0.8899775147438049 -1.027154803276062 -0.11524869501590729
0.8653318881988525 -1.0421044826507568 -0.2200353741645813
0.8359687924385071 -1.045239806175232 -0.32056981325149536
0.8024935126304626 -1.0392980575561523 -0.41400787234306335
0.7655685544013977 -1.0270624160766602 -0.4971960186958313
0.7259373068809509 -1.0114121437072754 -0.5666845440864563
0.6843114495277405 -0.994439959526062 -0.6200863122940063
0.6411784291267395 -0.976263701915741 -0.6578807234764099
0.5970112681388855 -0.9567283987998962 -0.6810089349746704
0.5523033738136292 -0.9356781840324402 -0.6904854774475098
0.5075671076774597 -0.9129578471183777 -0.6873970627784729
0.4633319079875946 -0.8884131908416748 -0.6729020476341248
0.42014259099960327 -0.8618926405906677 -0.6482272148132324
0.3785557448863983 -0.8332472443580627 -0.6146645545959473
0.3391384780406952 -0.8023329973220825 -0.5735682249069214
0.30246421694755554 -0.7690114378929138 -0.5263486504554749
0.26910993456840515 -0.7331502437591553 -0.47446656227111816
0.23965246975421906 -0.6946256160736084 -0.41942712664604187
0.21466509997844696 -0.6533222794532776 -0.3627720773220062
0.19471295177936554 -0.609135091304779 -0.30607032775878906
0.18034982681274414 -0.561970055103302 -0.2509104311466217
0.1721002608537674 -0.5117527842521667 -0.1988743096590042
0.16995084285736084 -0.45870542526245117 -0.15092787146568298
0.17319262027740479 -0.40342381596565247 -0.10722114890813828
0.18105334043502808 -0.34652307629585266 -0.06782570481300354
0.19274957478046417 -0.2886076271533966 -0.03278959169983864
0.2074928730726242 -0.2302687019109726 -0.0021405729930847883
0.2244950383901596 -0.1720811426639557 0.0241115503013134
0.24297265708446503 -0.11460112780332565 0.045972105115652084
0.262149840593338 -0.058365993201732635 0.0634584128856659
0.2812606990337372 -0.0038930578157305717 0.07659711688756943
0.2995504140853882 0.04831899702548981 0.08542118966579437
0.31627553701400757 0.09779040515422821 0.08996734768152237
0.33070307970046997 0.14405718445777893 0.09027304500341415
0.342108815908432 0.1866697520017624 0.08637408167123795
0.34977492690086365 0.2251899391412735 0.07830189913511276
0.3529863953590393 0.259187787771225 0.0660812258720398
0.35105544328689575 0.28826770186424255 0.04976806417107582
0.3437129259109497 0.31248247623443604 0.030014466494321823
0.33101052045822144 0.33221516013145447 0.007936259731650352
0.3130072355270386 0.3478420674800873 -0.01533510722219944
0.28976771235466003 0.3597291111946106 -0.038661353290081024
0.2613680064678192 0.3682360053062439 -0.06089641526341438
0.2279011607170105 0.37372079491615295 -0.08088922500610352
0.18948324024677277 0.3765413761138916 -0.09748750180006027
0.14625854790210724 0.37705886363983154 -0.10954564809799194
0.09840399771928787 0.37563779950141907 -0.11593437194824219
0.046133410185575485 0.37264692783355713 -0.11555315554141998
-0.010299377143383026 0.36845821142196655 -0.10734427720308304
-0.07059907168149948 0.3634457290172577 -0.09030868113040924
-0.1344267874956131 0.3579831123352051 -0.06352360546588898
-0.20140135288238525 0.3524405062198639 -0.026159783825278282
-0.2711009383201599 0.3471810817718506 0.022500768303871155
-0.3429514467716217 0.3423227071762085 0.08263489603996277
-0.4155462682247162 0.33626729249954224 0.15130946040153503
-0.48725375533103943 0.32672396302223206 0.22440485656261444
-0.5566266775131226 0.31149783730506897 0.2980659008026123
-0.6223959922790527 0.28848034143447876 0.3687223196029663
-0.6834496855735779 0.2556192874908447 0.43306952714920044
-0.7388048768043518 0.21087545156478882 0.4880262315273285
-0.7875744700431824 0.15216638147830963 0.5306708812713623
-0.8289308547973633 0.07729610055685043 0.5581628084182739
-0.8620639443397522 -0.01612744852900505 0.5676453113555908
-0.8861374855041504 -0.13079603016376495 0.5561323165893555
-0.9002386927604675 -0.26982852816581726 0.5203725099563599
-0.9033193588256836 -0.4369337856769562 0.45668187737464905
-0.8941242694854736 -0.6366226077079773 0.3607337176799774
-0.8710992932319641 -0.8744988441467285 0.2272801399230957
-0.8322684168815613 -1.157650113105774 0.04978000745177269
0.7593604326248169 0.9370058178901672 0.8208841681480408
0.8311305046081543 0.529660165309906 0.8249353170394897
0.8853021264076233 0.19760851562023163 0.8017235398292542
0.9249751567840576 -0.07387912273406982 0.7562183737754822
0.9524314999580383 -0.29577720165252686 0.6922732591629028
0.9693852066993713 -0.476453959941864 0.613009512424469
0.9771494269371033 -0.622434139251709 0.521079957485199
0.976751446723938 -0.7389207482337952 0.4188571572303772
0.9690143465995789 -0.8301618099212646 0.3085731863975525
0.954619824886322 -0.8997187614440918 0.1924305260181427
0.9341539740562439 -0.9506627917289734 0.07269132882356644
0.9081466794013977 -0.9857298731803894 -0.04824928939342499
0.8771041631698608 -1.0074387788772583 -0.1678009033203125
0.8415364623069763 -1.0181872844696045 -0.2831284999847412
0.8019840717315674 -1.0203291177749634 -0.3911149799823761
0.7590400576591492 -1.0162339210510254 -0.48834145069122314
0.7133699059486389 -1.0083292722702026 -0.5710932016372681
0.6656221151351929 -0.9983698725700378 -0.6368048787117004
0.6162710189819336 -0.9864630699157715 -0.6859757304191589
0.565787672996521 -0.9724906086921692 -0.7195720076560974
0.5146684050559998 -0.9563355445861816 -0.7386138439178467
0.46343493461608887 -0.9378842115402222 -0.7441807389259338
0.4126341640949249 -0.9170271158218384 -0.7374147772789001
0.3628363013267517 -0.8936603665351868 -0.7195241451263428
0.3146330416202545 -0.8676877021789551 -0.6917842030525208
0.26863524317741394 -0.8390218615531921 -0.6555384397506714
0.22546932101249695 -0.807586669921875 -0.6121970415115356
0.18577300012111664 -0.7733185291290283 -0.5632337331771851
0.15019099414348602 -0.7361689805984497 -0.5101818442344666
0.11936910450458527 -0.6961058378219604 -0.45462682843208313
0.09394765645265579 -0.6531149744987488 -0.39819788932800293
0.07455528527498245 -0.607202410697937 -0.3425578773021698
0.06178734451532364 -0.5584011077880859 -0.2893745005130768
0.05567632243037224 -0.5069787502288818 -0.23969803750514984
0.05552586168050766 -0.4534880220890045 -0.19375008344650269
0.06056563928723335 -0.39849233627319336 -0.15166594088077545
0.07000796496868134 -0.3425407111644745 -0.11355018615722656
0.08305641263723373 -0.2861645519733429 -0.07948005944490433
0.09891379624605179 -0.22987379133701324 -0.0495082251727581
0.11678829789161682 -0.1741543859243393 -0.023666108027100563
0.1358981728553772 -0.11946791410446167 -0.0019677358213812113
0.15547527372837067 -0.06625062227249146 0.015586982481181622
0.17476694285869598 -0.014914536848664284 0.02900831215083599
0.19303709268569946 0.03415243327617645 0.038313593715429306
0.20956510305404663 0.08058293908834457 0.04352328181266785
0.22364456951618195 0.12402884662151337 0.044657882302999496
0.23458009958267212 0.1641577184200287 0.04173452407121658
0.24168390035629272 0.20064961910247803 0.03476390615105629
0.2442978173494339 0.23321153223514557 0.02378426492214203
0.24216750264167786 0.2618299722671509 0.009378109127283096
0.2353435605764389 0.28668850660324097 -0.00745280459523201
0.22387894988059998 0.3079574406147003 -0.02569914422929287
0.20782624185085297 0.32579270005226135 -0.04435065761208534
0.18724295496940613 0.34033989906311035 -0.06239423155784607
0.162196084856987 0.3517383635044098 -0.07881443947553635
0.132767453789711 0.3601241111755371 -0.09259573370218277
0.09905801713466644 0.36563318967819214 -0.10272734612226486
0.06119222939014435 0.3684045374393463 -0.1082102507352829
0.0193216260522604 0.36858224868774414 -0.10806622356176376
-0.026371603831648827 0.36631762981414795 -0.10134858638048172
-0.07567285001277924 0.3617708384990692 -0.08715439587831497
-0.12833234667778015 0.3551119565963745 -0.06463869661092758
-0.18406513333320618 0.34652167558670044 -0.03302841633558273
-0.2425512969493866 0.33619147539138794 0.008362513966858387
-0.3033647835254669 0.3241528272628784 0.05976468697190285
-0.36554691195487976 0.3092038333415985 0.118741475045681
-0.4279991090297699 0.2896350026130676 0.1818150132894516
-0.48974645137786865 0.2637951374053955 0.24570372700691223
-0.5499373078346252 0.23007945716381073 0.3073415458202362
-0.6078336238861084 0.18690580129623413 0.3638679087162018
-0.6627984642982483 0.1326819360256195 0.41259920597076416
-0.7142781019210815 0.06576433777809143 0.4509848654270172
-0.7617849707603455 -0.015593091025948524 0.476551353931427
-0.8048757314682007 -0.11329731345176697 0.4868318736553192
-0.8431310057640076 -0.22948987782001495 0.47928526997566223
-0.8761323690414429 -0.3666357398033142 0.4511989653110504
-0.9034371972084045 -0.5276346802711487 0.39957165718078613
-0.9245498776435852 -0.715962827205658 0.32096967101097107
-0.9388891458511353 -0.9358645081520081 0.2113419622182846
-0.9457442760467529 -1.19259774684906 0.06578199565410614
0.8624133467674255 0.8118918538093567 0.9090365767478943
0.9169747233390808 0.46328112483024597 0.9220700860023499
0.9569368958473206 0.1736532747745514 0.9043942093849182
0.9845284223556519 -0.06736474484205246 0.8612199425697327
1.0014455318450928 -0.26775848865509033 0.796729564666748
1.0090020895004272 -0.4337962567806244 0.7144083976745605
1.008234977722168 -0.570493221282959 0.6172791719436646
0.9999800324440002 -0.6819409728050232 0.5080770254135132
0.9849287867546082 -0.7715476751327515 0.38938283920288086
0.9636709690093994 -0.8422172665596008 0.2637288272380829
0.9367305636405945 -0.8964862823486328 0.1336861550807953
0.9045938849449158 -0.9366312623023987 0.0019366388441994786
0.8677347302436829 -0.9647544622421265 -0.12866660952568054
0.8266366124153137 -0.982852578163147 -0.2550508379936218
0.7818127870559692 -0.99287348985672 -0.3738847076892853
0.7338244915008545 -0.9967613220214844 -0.4815562963485718
0.6832966208457947 -0.9964892268180847 -0.5741729140281677
0.6308319568634033 -0.9934801459312439 -0.6490607261657715
0.5768691897392273 -0.9878395795822144 -0.7067437171936035
0.5218475461006165 -0.9794932007789612 -0.7482103705406189
0.4662357568740845 -0.9683681130409241 -0.7744853496551514
0.41053250432014465 -0.9543946981430054 -0.7866383194923401
0.35526761412620544 -0.9375092387199402 -0.7857927083969116
0.3010009825229645 -0.9176560044288635 -0.773133397102356
0.24832096695899963 -0.8947892785072327 -0.7499119639396667
0.19784247875213623 -0.8688764572143555 -0.7174514532089233
0.1502033919095993 -0.8399006128311157 -0.6771482229232788
0.10605946183204651 -0.8078620433807373 -0.6304715871810913
0.06607922911643982 -0.7727822661399841 -0.5789613127708435
0.030936788767576218 -0.734705924987793 -0.5242228507995605
0.001303187687881291 -0.6937019228935242 -0.46791693568229675
-0.02216213196516037 -0.6498671770095825 -0.4117504358291626
-0.038835201412439346 -0.6033303141593933 -0.35744407773017883
-0.048647262156009674 -0.5543959736824036 -0.306112140417099
-0.052249398082494736 -0.5035693645477295 -0.25804415345191956
-0.050373196601867676 -0.4513581693172455 -0.21343789994716644
-0.04377320036292076 -0.39825206995010376 -0.172453835606575
-0.03321579471230507 -0.3447195589542389 -0.13521865010261536
-0.019469598308205605 -0.29120343923568726 -0.10182809084653854
-0.003297547111287713 -0.23811863362789154 -0.07235074788331985
0.014548910781741142 -0.1858517974615097 -0.046832505613565445
0.033334653824567795 -0.13476036489009857 -0.025300407782197
0.05234309285879135 -0.08517399430274963 -0.00776728056371212
0.07087799161672592 -0.03739499673247337 0.005764419212937355
0.08826247602701187 0.008298113942146301 0.015297865495085716
0.10383781045675278 0.05164916440844536 0.02083820477128029
0.11696033179759979 0.0924205407500267 0.02238835208117962
0.1269974708557129 0.13039031624794006 0.01994524896144867
0.1333470195531845 0.16535651683807373 0.013529912568628788
0.13577254116535187 0.1972493678331375 0.003656228305771947
0.13430988788604736 0.22608104348182678 -0.008786055259406567
0.1289932280778885 0.25184643268585205 -0.02290589176118374
0.1198519617319107 0.2745240032672882 -0.03781591355800629
0.10691524296998978 0.2940787672996521 -0.05262906104326248
0.09021581709384918 0.3104666769504547 -0.06645788997411728
0.06979434937238693 0.3236372172832489 -0.07841470837593079
0.04570329934358597 0.3335372507572174 -0.08761454373598099
0.018010621890425682 0.3401148319244385 -0.09317971765995026
-0.013196720741689205 0.34332275390625 -0.09424608200788498
-0.047809403389692307 0.3431224524974823 -0.08997125923633575
-0.08569355309009552 0.33948737382888794 -0.07954376190900803
-0.12668773531913757 0.3324071168899536 -0.062194399535655975
-0.17060187458992004 0.32189008593559265 -0.0372077040374279
-0.2172163426876068 0.3079671263694763 -0.003934415522962809
-0.2662477195262909 0.2905808687210083 0.03789690136909485
-0.3171535134315491 0.26886898279190063 0.08630616962909698
-0.36933496594429016 0.24163219332695007 0.13841450214385986
-0.42226818203926086 0.20770317316055298 0.19148333370685577
-0.47550687193870544 0.16593356430530548 0.24293194711208344
-0.5286811590194702 0.11517462879419327 0.2903331220149994
-0.5814938545227051 0.05425203964114189 0.33139529824256897
-0.6337152719497681 -0.018063997849822044 0.363932341337204
-0.6851786375045776 -0.10309609770774841 0.38582488894462585
-0.735772967338562 -0.20230019092559814 0.39496999979019165
-0.785438597202301 -0.31731748580932617 0.38922378420829773
-0.8341628909111023 -0.4500353932380676 0.3663322925567627
-0.8819760084152222 -0.6026631593704224 0.3238491714000702
-0.9289490580558777 -0.7778260707855225 0.2590366005897522
-0.9751942753791809 -0.9786915183067322 0.16874022781848907
-1.0208654403686523 -1.2091244459152222 0.04923365265130997
0.9332059621810913 0.6854969263076782 0.9621658325195312
0.9739519357681274 0.3939361274242401 0.9829273819923401
1.002166986465454 0.1468075066804886 0.9706655144691467
1.0195003747940063 -0.06281103938817978 0.9305608868598938
1.0272542238235474 -0.24042481184005737 0.8669233322143555
1.026473879814148 -0.39048245549201965 0.7834510803222656
1.0180155038833618 -0.5166369080543518 0.6834273934364319
1.0025941133499146 -0.621936559677124 0.5698661804199219
0.9808244705200195 -0.7089711427688599 0.4456324577331543
0.9532502293586731 -0.7799829244613647 0.31353482604026794
0.9203702807426453 -0.8369534015655518 0.1764063537120819
0.8826605081558228 -0.8816744685173035 0.037169598042964935
0.8405925035476685 -0.915804386138916 -0.10110683739185333
0.7946509718894958 -0.9409151673316956 -0.2351633757352829
0.7453490495681763 -0.958530604839325 -0.3615120053291321
0.6932427287101746 -0.970159113407135 -0.47641274333000183
0.6389424800872803 -0.9773173928260803 -0.5758693814277649
0.5830190777778625 -0.9811007380485535 -0.6571552753448486
0.5258591175079346 -0.9816198945045471 -0.7208155393600464
0.46784958243370056 -0.9788495302200317 -0.7678530812263489
0.4094097316265106 -0.972764790058136 -0.7992904782295227
0.3509918451309204 -0.9633433818817139 -0.8161839246749878
0.2930832505226135 -0.9505693316459656 -0.8196345567703247
0.23620587587356567 -0.9344360828399658 -0.8108005523681641
0.18091459572315216 -0.9149490594863892 -0.7909049391746521
0.12779583036899567 -0.8921294808387756 -0.7612437605857849
0.0774637758731842 -0.8660175800323486 -0.723190426826477
0.030555345118045807 -0.8366756439208984 -0.6781980991363525
-0.012276086956262589 -0.8041913509368896 -0.6277986168861389
-0.05036832392215729 -0.7686806321144104 -0.5735984444618225
-0.08306054025888443 -0.7302894592285156 -0.5172691345214844
-0.10970297455787659 -0.689195990562439 -0.4605364501476288
-0.12968219816684723 -0.6456139087677002 -0.40514829754829407
-0.14290322363376617 -0.5998750925064087 -0.35226473212242126
-0.14994458854198456 -0.5524322390556335 -0.30223923921585083
-0.15146762132644653 -0.5037317872047424 -0.2553289830684662
-0.14816085994243622 -0.45420029759407043 -0.21174775063991547
-0.1407277137041092 -0.40423959493637085 -0.1716693788766861
-0.1298753321170807 -0.3542236387729645 -0.13523058593273163
-0.11630575358867645 -0.3044958710670471 -0.10253512114286423
-0.10070908069610596 -0.25536900758743286 -0.0736587643623352
-0.08375813812017441 -0.20712482929229736 -0.04865383356809616
-0.0661054328083992 -0.16001540422439575 -0.02755442075431347
-0.04838128387928009 -0.11426382511854172 -0.010380977764725685
-0.031194210052490234 -0.07006780803203583 0.002854172606021166
-0.015132138505578041 -0.027601035311818123 0.012142598628997803
-0.0007652217755094171 0.012983197346329689 0.017474742606282234
0.011350328102707863 0.051549460738897324 0.018835654482245445
0.020687853917479515 0.08797634392976761 0.01623096503317356
0.02703065425157547 0.12214721739292145 0.010108656249940395
0.030389457941055298 0.15392905473709106 0.0012506617931649089
0.030770419165492058 0.18316935002803802 -0.009565088897943497
0.028172336518764496 0.20969811081886292 -0.02156781777739525
0.022589972242712975 0.23333030939102173 -0.033989544957876205
0.01401720941066742 0.2538692355155945 -0.04606308415532112
0.0024504149332642555 0.2711087763309479 -0.057020820677280426
-0.012108339928090572 0.28483760356903076 -0.06609585136175156
-0.029648207128047943 0.2948431074619293 -0.0725245475769043
-0.050146378576755524 0.30091550946235657 -0.07555080205202103
-0.07356501370668411 0.30285292863845825 -0.07443159818649292
-0.0998489186167717 0.30046650767326355 -0.06844428926706314
-0.12892234325408936 0.29358553886413574 -0.05689503252506256
-0.16068731248378754 0.2820628583431244 -0.03912823274731636
-0.19502195715904236 0.2657807469367981 -0.014536961913108826
-0.2317793220281601 0.2445933073759079 0.017178844660520554
-0.2708014249801636 0.21793076395988464 0.05445566028356552
-0.3119557201862335 0.18504275381565094 0.09496992081403732
-0.3551459014415741 0.14519259333610535 0.13649332523345947
-0.40031686425209045 0.0976441279053688 0.17690837383270264
-0.4474579691886902 0.04164523631334305 0.21420735120773315
-0.49660617113113403 -0.023591777309775352 0.24648192524909973
-0.5478483438491821 -0.0989120677113533 0.2719028890132904
-0.6013262867927551 -0.18524539470672607 0.28869399428367615
-0.6572397947311401 -0.28363364934921265 0.29509708285331726
-0.7158529758453369 -0.39526715874671936 0.28933143615722656
-0.7775026559829712 -0.5215257406234741 0.26954519748687744
-0.8426082730293274 -0.6640292406082153 0.23375777900218964
-0.9116868376731873 -0.8246999979019165 0.1797913908958435
-0.9853725433349609 -1.005845069885254 0.10518551617860794
-1.0644410848617554 -1.210254192352295 0.007093593943864107
0.9778044819831848 0.5600805878639221 0.9871573448181152
1.0071446895599365 0.32286128401756287 1.013706922531128
1.0253993272781372 0.11737395823001862 1.0060354471206665
1.0338308811187744 -0.060674164444208145 0.9690829515457153
1.0334784984588623 -0.21480686962604523 0.9071087837219238
1.0252114534378052 -0.3479529619216919 0.8238813281059265
1.0097708702087402 -0.4625774919986725 0.7228252291679382
0.9878018498420715 -0.5607827305793762 0.6071396470069885
0.9598811864852905 -0.6443865299224854 0.4798935353755951
0.9265375733375549 -0.714985191822052 0.34410426020622253
0.888271689414978 -0.7740030884742737 0.20280592143535614
0.8455710411071777 -0.8227349519729614 0.05910544469952583
0.7989252209663391 -0.8623790144920349 -0.08376816660165787
0.7488380074501038 -0.8940665125846863 -0.2224237322807312
0.6958402395248413 -0.9188855886459351 -0.3532739579677582
0.6404993534088135 -0.9379022121429443 -0.47251173853874207
0.5834292769432068 -0.9521763920783997 -0.5761029720306396
0.5251777172088623 -0.9624814987182617 -0.6613135933876038
0.46606871485710144 -0.9689377546310425 -0.7287022471427917
0.4064229726791382 -0.9715728759765625 -0.7792736887931824
0.34659507870674133 -0.9704121947288513 -0.8140403032302856
0.2869742512702942 -0.9654839038848877 -0.8340390920639038
0.227986678481102 -0.9568219184875488 -0.8403449654579163
0.17009499669075012 -0.9444699883460999 -0.8340857028961182
0.11379718780517578 -0.9284860491752625 -0.8164525032043457
0.05962510034441948 -0.9089452624320984 -0.7887101769447327
0.00814052950590849 -0.8859450817108154 -0.7522034645080566
-0.04006986692547798 -0.8596078157424927 -0.7083609104156494
-0.08440078794956207 -0.8300851583480835 -0.658695638179779
-0.12423665821552277 -0.7975601553916931 -0.6048014163970947
-0.1589621752500534 -0.7622493505477905 -0.5483434200286865
-0.18797285854816437 -0.7244047522544861 -0.4910471737384796
-0.21069909632205963 -0.6843141913414001 -0.43466493487358093
-0.2270287573337555 -0.6423273682594299 -0.38038742542266846
-0.23744508624076843 -0.5988377928733826 -0.3286260664463043
-0.24251258373260498 -0.5542261004447937 -0.27969303727149963
-0.2428261637687683 -0.5088506937026978 -0.23385106027126312
-0.23899827897548676 -0.46304410696029663 -0.19131682813167572
-0.23164717853069305 -0.41710925102233887 -0.15226389467716217
-0.22138768434524536 -0.37131810188293457 -0.11682715266942978
-0.20882359147071838 -0.32591140270233154 -0.08510854095220566
-0.19454213976860046 -0.2810983657836914 -0.05718197301030159
-0.17911039292812347 -0.23705872893333435 -0.03309948742389679
-0.16307297348976135 -0.1939428597688675 -0.012896363623440266
-0.1469523161649704 -0.1518755853176117 0.0034026154316961765
-0.13124899566173553 -0.11095722019672394 0.015778154134750366
-0.11644437164068222 -0.07126658409833908 0.024210885167121887
-0.10300374031066895 -0.032863207161426544 0.028676407411694527
-0.09136483818292618 0.004202342592179775 0.02916744165122509
-0.08172350376844406 0.03977541998028755 0.02606985904276371
-0.07410135120153427 0.0736016258597374 0.02006322517991066
-0.06852591782808304 0.105406254529953 0.011818597093224525
-0.06503321975469589 0.1348971128463745 0.001997029408812523
-0.0636654943227768 0.1617656946182251 -0.008745389990508556
-0.06446896493434906 0.1856897920370102 -0.01975438930094242
-0.06749159097671509 0.20633511245250702 -0.030375109985470772
-0.07278060913085938 0.2233591079711914 -0.0399518758058548
-0.08038009703159332 0.23641462624073029 -0.04782901704311371
-0.09032846987247467 0.24515481293201447 -0.05335337668657303
-0.10265577584505081 0.24923817813396454 -0.05587790906429291
-0.11738139390945435 0.2483348399400711 -0.05476687103509903
-0.13451111316680908 0.2421329915523529 -0.04940212517976761
-0.15403494238853455 0.2303459495306015 -0.03919067978858948
-0.17592482268810272 0.21271947026252747 -0.02357296086847782
-0.2001635581254959 0.18902218341827393 -0.0022317052353173494
-0.22694657742977142 0.15893684327602386 0.023646455258131027
-0.2565723657608032 0.12210745364427567 0.052248381078243256
-0.2893471419811249 0.07818028330802917 0.08182097226381302
-0.3255895674228668 0.026789765805006027 0.11068414151668549
-0.3656369745731354 -0.03245573863387108 0.13723182678222656
-0.4098522365093231 -0.09998960793018341 0.15992611646652222
-0.4586322009563446 -0.17630313336849213 0.17728452384471893
-0.5124180912971497 -0.261965274810791 0.18786270916461945
-0.5717062950134277 -0.35764095187187195 0.1902306228876114
-0.6370622515678406 -0.4641159474849701 0.18294459581375122
-0.7091376185417175 -0.5823239088058472 0.1645137071609497
-0.7886900305747986 -0.7133796215057373 0.13335967063903809
-0.8766080737113953 -0.8586187362670898 0.08776979893445969
-0.9739446043968201 -1.0196516513824463 0.025838416069746017
-1.0819541215896606 -1.198424220085144 -0.05460240691900253
1.0017030239105225 0.4376014769077301 0.9902287125587463
1.0212676525115967 0.25117403268814087 1.0201456546783447
1.0307995080947876 0.08562524616718292 1.0156850814819336
1.031301498413086 -0.06141665205359459 0.9814033508300781
1.0236371755599976 -0.19195500016212463 0.9213706254959106
1.008560061454773 -0.30769649147987366 0.8392975926399231
0.9867414236068726 -0.4101080000400543 0.738638699054718
0.9587896466255188 -0.5004618763923645 0.6226781010627747
0.9252687096595764 -0.5798722505569458 0.49460145831108093
0.8867120146751404 -0.6493250131607056 0.35755637288093567
0.8436371088027954 -0.7097024321556091 0.21470701694488525
0.7965564131736755 -0.7618042826652527 0.06927891820669174
0.7459879517555237 -0.8063654899597168 -0.07540053874254227
0.6924645900726318 -0.8440712094306946 -0.21586835384368896
0.6365434527397156 -0.8755699992179871 -0.34849607944488525
0.5788130760192871 -0.9014853239059448 -0.4694681167602539
0.5199000239372253 -0.9224256873130798 -0.5747726559638977
0.4603348672389984 -0.9388496279716492 -0.6617072820663452
0.40037256479263306 -0.9508892297744751 -0.7308323383331299
0.34025877714157104 -0.9586264491081238 -0.783141016960144
0.2802734375 -0.9621397852897644 -0.8196260929107666
0.22073118388652802 -0.9615086913108826 -0.8412976264953613
0.16198378801345825 -0.9568189978599548 -0.8492007851600647
0.10441924631595612 -0.94816654920578 -0.8444293737411499
0.048460640013217926 -0.9356624484062195 -0.8281400203704834
-0.005435088183730841 -0.9194372296333313 -0.8015628457069397
-0.056781135499477386 -0.8996455669403076 -0.7660098671913147
-0.10506583750247955 -0.8764692544937134 -0.7228788137435913
-0.14975880086421967 -0.8501217365264893 -0.6736558079719543
-0.1903189867734909 -0.8208498954772949 -0.6199105978012085
-0.22620530426502228 -0.788935661315918 -0.5632883310317993
-0.2568865716457367 -0.7546972632408142 -0.5054974555969238
-0.2818637490272522 -0.7184872031211853 -0.4482758343219757
-0.30101409554481506 -0.6806631684303284 -0.39282986521720886
-0.31470727920532227 -0.641553521156311 -0.33962246775627136
-0.3233892321586609 -0.601467490196228 -0.289014607667923
-0.32753902673721313 -0.5606908798217773 -0.24131187796592712
-0.3276558816432953 -0.519483745098114 -0.1967678964138031
-0.3242478370666504 -0.4780770242214203 -0.15558740496635437
-0.31782209873199463 -0.43667131662368774 -0.11793122440576553
-0.30887776613235474 -0.3954372704029083 -0.083922378718853
-0.2978994846343994 -0.35451528429985046 -0.053651854395866394
-0.28535401821136475 -0.31401753425598145 -0.027185432612895966
-0.27168726921081543 -0.2740282714366913 -0.004569397773593664
-0.2573237419128418 -0.23460674285888672 0.01416233740746975
-0.24266654253005981 -0.19578830897808075 0.02898276410996914
-0.22809907793998718 -0.15758644044399261 0.039865441620349884
-0.21398703753948212 -0.11999422311782837 0.046779051423072815
-0.2006712406873703 -0.0830000564455986 0.04970584809780121
-0.18832619488239288 -0.04678870737552643 0.04897395521402359
-0.17701011896133423 -0.011714735068380833 0.04516705498099327
-0.16678695380687714 0.02184728905558586 0.03885634243488312
-0.1577286273241043 0.05350581556558609 0.030600350350141525
-0.14991426467895508 0.08285242319107056 0.02095082402229309
-0.14342869818210602 0.10946313291788101 0.010456511750817299
-0.13836164772510529 0.13289928436279297 -0.00033342200913466513
-0.1348060518503189 0.1527107208967209 -0.010867999866604805
-0.1328565776348114 0.1684390753507614 -0.02059389092028141
-0.13260774314403534 0.17962253093719482 -0.028956329450011253
-0.13415201008319855 0.18580135703086853 -0.03540106490254402
-0.13757748901844025 0.1865241825580597 -0.03937770798802376
-0.14296573400497437 0.18135571479797363 -0.040344156324863434
-0.15038920938968658 0.16988492012023926 -0.03777223825454712
-0.1599087119102478 0.15173372626304626 -0.03115408681333065
-0.17162898182868958 0.1265897899866104 -0.02016565389931202
-0.18606756627559662 0.09435328841209412 -0.00565600348636508
-0.2039184272289276 0.05501409247517586 0.011026140302419662
-0.2258625328540802 0.008557298220694065 0.02856525406241417
-0.2525719702243805 -0.04505123570561409 0.045689161866903305
-0.28471726179122925 -0.10587785392999649 0.06117097660899162
-0.32297682762145996 -0.17403380572795868 0.0738261491060257
-0.36804860830307007 -0.24968741834163666 0.08250486105680466
-0.4206652343273163 -0.3330788016319275 0.08608099073171616
-0.4816090166568756 -0.4245312809944153 0.08343645930290222
-0.5517321825027466 -0.5244678258895874 0.07344261556863785
-0.6319798827171326 -0.6334288716316223 0.05493737384676933
-0.7234167456626892 -0.7520918250083923 0.02669813670217991
-0.8272594809532166 -0.8812968134880066 -0.012590312398970127
-0.9449187517166138 -1.0220797061920166 -0.06437548249959946
-1.0780456066131592 -1.1757079362869263 -0.13028337061405182
1.0098826885223389 0.31977710127830505 0.9770028591156006
1.0207061767578125 0.17989087104797363 1.0075645446777344
1.0223278999328613 0.051805850118398666 1.0045199394226074
1.0155749320983887 -0.0655101090669632 0.9719647169113159
1.0011909008026123 -0.17294368147850037 0.9136838912963867
0.9798540472984314 -0.27125874161720276 0.8332282900810242
0.9521921873092651 -0.36111488938331604 0.7339813113212585
0.9187958836555481 -0.4430829882621765 0.6192159652709961
0.8802291750907898 -0.5176572203636169 0.4921441078186035
0.837039589881897 -0.5852665901184082 0.35595986247062683
0.7897675633430481 -0.6462835669517517 0.21387898921966553
0.7389541864395142 -0.7010319828987122 0.06917301565408707
0.6851481795310974 -0.7497937083244324 -0.07480026036500931
0.628913164138794 -0.7928151488304138 -0.2145693600177765
0.570834219455719 -0.8303117752075195 -0.34652480483055115
0.5115228295326233 -0.8624738454818726 -0.4668998420238495
0.45162150263786316 -0.8894705176353455 -0.5717611908912659
0.3916451930999756 -0.9114561080932617 -0.6584721207618713
0.33177727460861206 -0.9285758137702942 -0.7275829315185547
0.2721840441226959 -0.940965473651886 -0.780060350894928
0.213065043091774 -0.9487566947937012 -0.8168670535087585
0.15465371310710907 -0.9520816206932068 -0.838979959487915
0.09721849858760834 -0.9510786533355713 -0.8474083542823792
0.041062287986278534 -0.9458972215652466 -0.8432095646858215
-0.013479123823344707 -0.9367031455039978 -0.8275027871131897
-0.06603825837373734 -0.9236827492713928 -0.8014805316925049
-0.11621975898742676 -0.9070484638214111 -0.766417920589447
-0.16360513865947723 -0.8870412111282349 -0.7236775755882263
-0.20775829255580902 -0.8639345169067383 -0.6747105717658997
-0.24823321402072906 -0.838036060333252 -0.6210536360740662
-0.2845834791660309 -0.8096886873245239 -0.5643196702003479
-0.31637153029441833 -0.7792698740959167 -0.5061848759651184
-0.34318679571151733 -0.7471878528594971 -0.4483558237552643
-0.36490002274513245 -0.7137994766235352 -0.3920409381389618
-0.3817530870437622 -0.6793613433837891 -0.3377465605735779
-0.3940572142601013 -0.6441055536270142 -0.2858748733997345
-0.4021592140197754 -0.6082417368888855 -0.23676711320877075
-0.4064290225505829 -0.5719544887542725 -0.19070681929588318
-0.4072493314743042 -0.5354013442993164 -0.14792345464229584
-0.4050062298774719 -0.4987121522426605 -0.10859761387109756
-0.40008193254470825 -0.4619893729686737 -0.07286808639764786
-0.3928484618663788 -0.4253079891204834 -0.04083806276321411
-0.38366350531578064 -0.3887174129486084 -0.012582732364535332
-0.3728671669960022 -0.35224148631095886 0.01184433326125145
-0.3607804775238037 -0.3158806562423706 0.03240339085459709
-0.34770467877388 -0.2796126902103424 0.04906245321035385
-0.3339212238788605 -0.2433936595916748 0.06179051473736763
-0.3196929395198822 -0.20715853571891785 0.07055141776800156
-0.3052605986595154 -0.1708410233259201 0.0753190666437149
-0.2907775044441223 -0.13464918732643127 0.07636868953704834
-0.2763400375843048 -0.09901934862136841 0.07419520616531372
-0.26204875111579895 -0.06440675258636475 0.06927763670682907
-0.2480102777481079 -0.0312824472784996 0.062080007046461105
-0.2343381643295288 -0.00013469485566020012 0.053057532757520676
-0.22115226089954376 0.028531303629279137 0.04266120865941048
-0.20857952535152435 0.05419313535094261 0.0313417874276638
-0.19675318896770477 0.07631358504295349 0.019552310928702354
-0.18581227958202362 0.09434343129396439 0.00774960033595562
-0.17590071260929108 0.10772569477558136 -0.0036051750648766756
-0.16716615855693817 0.1159011498093605 -0.014047082513570786
-0.1597582846879959 0.1183149665594101 -0.023109138011932373
-0.15382710099220276 0.1144246980547905 -0.030324913561344147
-0.14952051639556885 0.10370942950248718 -0.03523234650492668
-0.14698193967342377 0.08567988872528076 -0.037378571927547455
-0.14642910659313202 0.05994792655110359 -0.036441754549741745
-0.1486699879169464 0.02660025656223297 -0.03297260031104088
-0.15475726127624512 -0.014072003774344921 -0.027902772650122643
-0.16571682691574097 -0.06178561598062515 -0.022150447592139244
-0.1825505644083023 -0.11628033965826035 -0.01661304198205471
-0.20624400675296783 -0.17733103036880493 -0.012165158987045288
-0.23777705430984497 -0.24475835263729095 -0.009659788571298122
-0.2781379222869873 -0.31843817234039307 -0.009932450018823147
-0.328340619802475 -0.39831215143203735 -0.013808006420731544
-0.38944411277770996 -0.4843946695327759 -0.02211015112698078
-0.46257609128952026 -0.5767834186553955 -0.03567339852452278
-0.54896080493927 -0.6756691336631775 -0.05535782501101494
-0.6499506235122681 -0.7813472151756287 -0.08206675201654434
-0.7670642733573914 -0.8942315578460693 -0.1167677715420723
-0.9020349979400635 -1.0148731470108032 -0.16051892936229706
-1.056863784790039 -1.1439803838729858 -0.214498832821846
1.0068862438201904 0.20814307034015656 0.9525968432426453
1.0095630884170532 0.10994603484869003 0.9809238314628601
1.0037761926651 0.01613425277173519 0.9772136211395264
0.9902296662330627 -0.07343750447034836 0.9450801610946655
0.9695830345153809 -0.15887451171875 0.8879674673080444
0.9424610733985901 -0.2402450442314148 0.8091927170753479
0.9094622135162354 -0.3175828158855438 0.7119842171669006
0.8711661100387573 -0.3908890187740326 0.5995160937309265
0.8281394243240356 -0.46013349294662476 0.4749387204647064
0.7809432744979858 -0.5252565145492554 0.34140682220458984
0.7301375269889832 -0.5861691236495972 0.20210660994052887
0.6762874722480774 -0.6427547931671143 0.06027820706367493
0.6199673414230347 -0.6948691010475159 -0.08076145499944687
0.5617659687995911 -0.7423412203788757 -0.21759918332099915
0.5022904872894287 -0.7849733829498291 -0.34670549631118774
0.44217097759246826 -0.8225426077842712 -0.4644193649291992
0.3820626437664032 -0.8548007607460022 -0.5669391751289368
0.32246389985084534 -0.8816145062446594 -0.6517258882522583
0.2634868025779724 -0.9031413793563843 -0.7193068861961365
0.20521800220012665 -0.9195696115493774 -0.7706089615821838
0.1477755606174469 -0.9310829043388367 -0.8065541386604309
0.09130869060754776 -0.9378657341003418 -0.8280789852142334
0.03599858656525612 -0.9401097893714905 -0.8361523151397705
-0.01794266328215599 -0.9380185604095459 -0.8317906856536865
-0.07027354091405869 -0.9318134188652039 -0.8160725831985474
-0.12072453647851944 -0.9217377305030823 -0.7901505827903748
-0.1690015196800232 -0.9080615639686584 -0.7552589774131775
-0.2147899866104126 -0.8910847902297974 -0.7127194404602051
-0.2577599287033081 -0.8711395263671875 -0.6639419794082642
-0.2975722551345825 -0.8485917448997498 -0.6104208827018738
-0.3338870704174042 -0.8238401412963867 -0.5537251234054565
-0.36637139320373535 -0.7973160147666931 -0.49548548460006714
-0.3947124779224396 -0.7694747447967529 -0.43736132979393005
-0.41877514123916626 -0.7406641244888306 -0.3805493712425232
-0.4386645555496216 -0.7110627889633179 -0.32559072971343994
-0.45454710721969604 -0.6808202862739563 -0.27292025089263916
-0.4666268527507782 -0.6500656008720398 -0.22290672361850739
-0.47513535618782043 -0.618905246257782 -0.17585627734661102
-0.48032164573669434 -0.5874224305152893 -0.13201621174812317
-0.48244404792785645 -0.5556764602661133 -0.09158100187778473
-0.4817623794078827 -0.5237031579017639 -0.054699793457984924
-0.4785321056842804 -0.49151530861854553 -0.021483486518263817
-0.4729994535446167 -0.45910340547561646 0.007987149991095066
-0.46539759635925293 -0.4264357388019562 0.033654481172561646
-0.4559437930583954 -0.3934597671031952 0.05547554790973663
-0.4448379874229431 -0.3601017892360687 0.07341562956571579
-0.4322608411312103 -0.3262672424316406 0.08744089305400848
-0.4183737337589264 -0.29183971881866455 0.09751192480325699
-0.4033186137676239 -0.25670453906059265 0.10359576344490051
-0.38722822070121765 -0.2210872918367386 0.10591978579759598
-0.3702365458011627 -0.18549081683158875 0.1048983484506607
-0.3524787127971649 -0.15043488144874573 0.10092668235301971
-0.3340933918952942 -0.11645352840423584 0.09438296407461166
-0.3152241110801697 -0.08409785479307175 0.08563454449176788
-0.29602089524269104 -0.053936976939439774 0.07504300773143768
-0.27664199471473694 -0.02655957080423832 0.06296885013580322
-0.2572541832923889 -0.0025722363498061895 0.04977452754974365
-0.23803339898586273 0.017402447760105133 0.035827040672302246
-0.21916502714157104 0.03272970765829086 0.02149951085448265
-0.20084352791309357 0.04276765137910843 0.00717203738167882
-0.183271586894989 0.04687394201755524 -0.006768752820789814
-0.16665901243686676 0.04441402480006218 -0.019930507987737656
-0.15122090280056 0.03477085381746292 -0.03191740810871124
-0.13717533648014069 0.017355892807245255 -0.04233319312334061
-0.12484267354011536 -0.008289008401334286 -0.05086585506796837
-0.11528899520635605 -0.04191889613866806 -0.05780688673257828
-0.1098877415060997 -0.08298230916261673 -0.06371963024139404
-0.109977588057518 -0.1309359073638916 -0.06916772574186325
-0.11686354130506516 -0.1852603256702423 -0.07471055537462234
-0.13182440400123596 -0.24547135829925537 -0.08090157806873322
-0.1561240255832672 -0.31112951040267944 -0.08828859031200409
-0.19102641940116882 -0.3818472623825073 -0.0974157527089119
-0.23781488835811615 -0.45729684829711914 -0.10882730036973953
-0.29781389236450195 -0.5372136831283569 -0.12307273596525192
-0.372415691614151 -0.6214026212692261 -0.1407138556241989
-0.4631113111972809 -0.7097417712211609 -0.16233348846435547
-0.5715267062187195 -0.8021880984306335 -0.18854613602161407
-0.6994648575782776 -0.8987821936607361 -0.2200106680393219
-0.8489590883255005 -0.999657392501831 -0.2574467360973358
-1.022331953048706 -1.1050465106964111 -0.30165284872055054
0.9968979954719543 0.1041116863489151 0.9217184782028198
0.9917107820510864 0.042210403829813004 0.9448848366737366
0.9788038730621338 -0.02119532786309719 0.9382523894309998
0.9587907195091248 -0.08569564670324326 0.9049719572067261
0.9322665333747864 -0.15087667107582092 0.8481261134147644
0.8998122811317444 -0.21631799638271332 0.770750105381012
0.8619990348815918 -0.2815905511379242 0.6758517622947693
0.8193919062614441 -0.34625425934791565 0.5664302110671997
0.7725536227226257 -0.40985557436943054 0.44549307227134705
0.722048282623291 -0.4719260036945343 0.31607335805892944
0.6684442758560181 -0.5319793820381165 0.18124571442604065
0.6123182773590088 -0.5895099639892578 0.04414127394556999
0.5542572140693665 -0.6439910531044006 -0.09203727543354034
0.4948619306087494 -0.6948720216751099 -0.22400234639644623
0.434750497341156 -0.7415770888328552 -0.34836623072624207
0.3745603561401367 -0.7835032939910889 -0.46162915229797363
0.3149501085281372 -0.8200199604034424 -0.5601726174354553
0.2563975751399994 -0.8507297039031982 -0.6415848135948181
0.19894738495349884 -0.8758015036582947 -0.7063590884208679
0.14261047542095184 -0.8954722881317139 -0.7553693056106567
0.08742614835500717 -0.9099760055541992 -0.7894875407218933
0.03346119448542595 -0.9195485711097717 -0.8096027970314026
-0.019189756363630295 -0.9244343638420105 -0.8166378140449524
-0.07040563225746155 -0.924891471862793 -0.8115647435188293
-0.12004043161869049 -0.9211971163749695 -0.7954180240631104
-0.16792449355125427 -0.913652241230011 -0.7693057060241699
-0.2138674557209015 -0.9025847315788269 -0.7344176769256592
-0.2576617896556854 -0.8883526921272278 -0.6920287609100342
-0.29908668994903564 -0.8713454008102417 -0.6435002684593201
-0.3379129469394684 -0.8519843220710754 -0.590275228023529
-0.373909592628479 -0.8307204246520996 -0.533867597579956
-0.4068495035171509 -0.8080322742462158 -0.47584936022758484
-0.43651828169822693 -0.7844157814979553 -0.41781798005104065
-0.4627727270126343 -0.7602020502090454 -0.3609457314014435
-0.48557761311531067 -0.7354846596717834 -0.30579856038093567
-0.5049506425857544 -0.7103257179260254 -0.252835214138031
-0.5209506154060364 -0.684769332408905 -0.2024439424276352
-0.5336682796478271 -0.6588413715362549 -0.15494607388973236
-0.5432182550430298 -0.6325490474700928 -0.11060035973787308
-0.5497307777404785 -0.6058810353279114 -0.06960959732532501
-0.5533447861671448 -0.5788078308105469 -0.032128818333148956
-0.5542015433311462 -0.551281750202179 0.0017272188561037183
-0.5524390339851379 -0.5232377052307129 0.031875140964984894
-0.5481875538825989 -0.49459221959114075 0.05825548246502876
-0.5415656566619873 -0.46524402499198914 0.08082395046949387
-0.5326767563819885 -0.4350729286670685 0.09954436123371124
-0.5216066837310791 -0.4039386212825775 0.11438115686178207
-0.5084206461906433 -0.3716789782047272 0.12529243528842926
-0.49316734075546265 -0.3381357491016388 0.13223932683467865
-0.4759598970413208 -0.3035475015640259 0.1354067027568817
-0.4569675028324127 -0.2684711217880249 0.13513734936714172
-0.4363568425178528 -0.23347829282283783 0.13175231218338013
-0.41429370641708374 -0.19915249943733215 0.12555333971977234
-0.39094704389572144 -0.1660940796136856 0.11682966351509094
-0.3664909899234772 -0.13492193818092346 0.10586301237344742
-0.34110820293426514 -0.10627645999193192 0.09293264150619507
-0.3149915337562561 -0.08081899583339691 0.07831913977861404
-0.2883458435535431 -0.059230539947748184 0.06230757758021355
-0.2613891065120697 -0.04220890626311302 0.04519016295671463
-0.23435336351394653 -0.03046402707695961 0.027268003672361374
-0.20748452842235565 -0.024711603298783302 0.008852114900946617
-0.1810426414012909 -0.025664791464805603 -0.009735981933772564
-0.15530015528202057 -0.034024354070425034 -0.02816498838365078
-0.13054031133651733 -0.05046681687235832 -0.04609507694840431
-0.10717418789863586 -0.07551467418670654 -0.06323004513978958
-0.08649250119924545 -0.10879082977771759 -0.07964132726192474
-0.07015012949705124 -0.14952155947685242 -0.09557419270277023
-0.05976405367255211 -0.19693927466869354 -0.11128298193216324
-0.056912872940301895 -0.2502988278865814 -0.12702910602092743
-0.06314356625080109 -0.3088882267475128 -0.1430799812078476
-0.0799826979637146 -0.37203681468963623 -0.1597089320421219
-0.10895192623138428 -0.4391215443611145 -0.17719587683677673
-0.15158836543560028 -0.509572446346283 -0.1958290934562683
-0.2094678282737732 -0.5828734636306763 -0.2159070521593094
-0.2842337489128113 -0.6585651636123657 -0.23774206638336182
-0.3776305615901947 -0.7362445592880249 -0.26166436076164246
-0.49154290556907654 -0.8155654072761536 -0.2880273163318634
-0.6280415058135986 -0.896236777305603 -0.3172142803668976
-0.7894399762153625 -0.9780240058898926 -0.3496467173099518
-0.9783580303192139 -1.0607459545135498 -0.38579389452934265
0.9838341474533081 0.009030425921082497 0.888770580291748
0.970848798751831 -0.022488953545689583 0.9038776755332947
0.9509763717651367 -0.06001141294836998 0.8919793367385864
0.9247568249702454 -0.10279710590839386 0.8558065295219421
0.8927270174026489 -0.15010468661785126 0.7980831861495972
0.8554218411445618 -0.20118847489356995 0.7215354442596436
0.8133766651153564 -0.25529587268829346 0.6289019584655762
0.7671293020248413 -0.3116646707057953 0.5229434370994568
0.7172220945358276 -0.3695203363895416 0.40645337104797363
0.6642036437988281 -0.4280736744403839 0.282265841960907
0.6086310744285583 -0.48651793599128723 0.1532670557498932
0.5510717034339905 -0.544026255607605 0.02240327186882496
0.4921051561832428 -0.5997494459152222 -0.10730905830860138
0.43232497572898865 -0.6528127789497375 -0.23277398943901062
0.37234121561050415 -0.7023134231567383 -0.35080593824386597
0.3127819001674652 -0.7473183274269104 -0.45812052488327026
0.2542939782142639 -0.7868624925613403 -0.5513309836387634
0.19732747972011566 -0.8203182220458984 -0.6281803846359253
0.14186696708202362 -0.8478638529777527 -0.6891195774078369
0.08785606920719147 -0.8697817921638489 -0.7349581122398376
0.03526279702782631 -0.8863527774810791 -0.7665096521377563
-0.015921739861369133 -0.8978624939918518 -0.7846086621284485
-0.06568331271409988 -0.9046074748039246 -0.7901272773742676
-0.1139860525727272 -0.9068998098373413 -0.7839878797531128
-0.16077393293380737 -0.9050731062889099 -0.7671768665313721
-0.205971822142601 -0.8994855880737305 -0.7407533526420593
-0.24948769807815552 -0.8905229568481445 -0.7058568596839905
-0.29121533036231995 -0.8786003589630127 -0.6637093424797058
-0.3310369551181793 -0.8641631603240967 -0.6156154274940491
-0.36882665753364563 -0.8476850390434265 -0.5629571676254272
-0.4044550955295563 -0.8296653628349304 -0.5071825385093689
-0.43779298663139343 -0.8106250166893005 -0.4497920274734497
-0.4687153100967407 -0.7910934090614319 -0.3923075497150421
-0.4970668852329254 -0.7713780403137207 -0.33586442470550537
-0.5226747393608093 -0.7514813542366028 -0.2810436189174652
-0.5454120635986328 -0.7313722968101501 -0.22831912338733673
-0.5651967525482178 -0.7110059261322021 -0.1780909150838852
-0.5819844603538513 -0.6903241276741028 -0.13068875670433044
-0.595761239528656 -0.6692563891410828 -0.08637741953134537
-0.6065369844436646 -0.6477199196815491 -0.04536356404423714
-0.6143372654914856 -0.6256200075149536 -0.007804478518664837
-0.6191973686218262 -0.6028497815132141 0.026183709502220154
-0.6211559176445007 -0.5792902112007141 0.05651697516441345
-0.620249330997467 -0.5548084378242493 0.08313533663749695
-0.6165065169334412 -0.5292575359344482 0.10599394887685776
-0.6099442839622498 -0.5024739503860474 0.12505564093589783
-0.600562572479248 -0.4742753207683563 0.14028331637382507
-0.5883402824401855 -0.4444575011730194 0.1516326367855072
-0.5732412338256836 -0.41282209753990173 0.15905937552452087
-0.5553615093231201 -0.3796171247959137 0.16271154582500458
-0.5349013209342957 -0.34544458985328674 0.16287057101726532
-0.5120541453361511 -0.31091809272766113 0.15979377925395966
-0.4870082437992096 -0.2766607105731964 0.153717502951622
-0.45995214581489563 -0.2433113008737564 0.14486362040042877
-0.4310776889324188 -0.21152766048908234 0.1334449201822281
-0.4005850851535797 -0.181990385055542 0.119670070707798
-0.3686855435371399 -0.15540382266044617 0.10374808311462402
-0.33560433983802795 -0.13249541819095612 0.08589183539152145
-0.30158278346061707 -0.11401361972093582 0.06632144749164581
-0.2668808400630951 -0.10072427988052368 0.04526713863015175
-0.23177741467952728 -0.09340430051088333 0.022971034049987793
-0.1965717226266861 -0.09283389896154404 -0.0003107186348643154
-0.16158261895179749 -0.09978644549846649 -0.024307355284690857
-0.12714754045009613 -0.11501645296812057 -0.048733215779066086
-0.09375420957803726 -0.13910596072673798 -0.07331196218729019
-0.0628834143280983 -0.1715698540210724 -0.09793425351381302
-0.0364304818212986 -0.21144790947437286 -0.12257898598909378
-0.016254186630249023 -0.25778236985206604 -0.1472388505935669
-0.004174312110990286 -0.30963408946990967 -0.1719202846288681
-0.001977698178961873 -0.36609283089637756 -0.19664333760738373
-0.01142879668623209 -0.42628514766693115 -0.22144152224063873
-0.034285206347703934 -0.4893791079521179 -0.2463616579771042
-0.0723181664943695 -0.5545880198478699 -0.2714643180370331
-0.12733681499958038 -0.6211699843406677 -0.29682350158691406
-0.20121821761131287 -0.688427209854126 -0.32252758741378784
-0.29594242572784424 -0.7557032704353333 -0.3486800789833069
-0.41363367438316345 -0.8223791122436523 -0.3754008710384369
-0.556608259677887 -0.8878662586212158 -0.40282779932022095
-0.727435290813446 -0.9516023397445679 -0.4311196506023407
-0.92900151014328 -1.0130400657653809 -0.46045854687690735
0.9714348316192627 -0.07576096802949905 0.8579587340354919
0.9505627155303955 -0.08334998041391373 0.8621698021888733
0.9238018989562988 -0.10016371309757233 0.8426371216773987
0.891620934009552 -0.12527036666870117 0.8017218112945557
0.8544909954071045 -0.15773087739944458 0.7418019771575928
0.8128874897956848 -0.1965961903333664 0.6652798056602478
0.7672911286354065 -0.24090445041656494 0.5745890140533447
0.7181897759437561 -0.2896782159805298 0.4722009301185608
0.6660798788070679 -0.34192174673080444 0.3606323003768921
0.6114677786827087 -0.3966187536716461 0.2424512654542923
0.5548707842826843 -0.452728807926178 0.12028440088033676
0.49681955575942993 -0.5091858506202698 -0.0031762688886374235
0.43785831332206726 -0.5648946166038513 -0.12516732513904572
0.37854698300361633 -0.6187286972999573 -0.24284741282463074
0.3194624185562134 -0.6695273518562317 -0.3532894551753998
0.2611999809741974 -0.7160933613777161 -0.45347559452056885
0.20437324047088623 -0.7571927905082703 -0.5402957201004028
0.1493942141532898 -0.7920111417770386 -0.6116749048233032
0.09619861841201782 -0.8207371234893799 -0.668014407157898
0.0446760468184948 -0.8436927199363708 -0.7100509405136108
-0.005263899452984333 -0.8612028360366821 -0.738532304763794
-0.05369316413998604 -0.8736006021499634 -0.7542327046394348
-0.100665383040905 -0.8812336325645447 -0.7579677104949951
-0.14621715247631073 -0.8844678997993469 -0.7506057620048523
-0.1903693526983261 -0.8836926221847534 -0.7330794334411621
-0.2331276535987854 -0.8793230056762695 -0.7063936591148376
-0.2744840979576111 -0.8718022108078003 -0.6716310381889343
-0.3144187927246094 -0.8616015911102295 -0.6299532651901245
-0.3529011905193329 -0.8492198586463928 -0.5825997591018677
-0.3898922801017761 -0.8351806998252869 -0.5308818221092224
-0.42534714937210083 -0.8200278282165527 -0.47617021203041077
-0.45921698212623596 -0.8043192028999329 -0.4198819696903229
-0.4914487898349762 -0.7886122465133667 -0.36345112323760986
-0.5218697190284729 -0.7731839418411255 -0.3079643249511719
-0.5501793622970581 -0.757939338684082 -0.25400838255882263
-0.5761187076568604 -0.7427489757537842 -0.2020644247531891
-0.5994772911071777 -0.7274736166000366 -0.1525372415781021
-0.6200894117355347 -0.7119683027267456 -0.10575970262289047
-0.6378267407417297 -0.6960815191268921 -0.0619981475174427
-0.652592122554779 -0.6796574592590332 -0.021459918469190598
-0.6643123030662537 -0.6625352501869202 0.015697544440627098
-0.6729304790496826 -0.6445485949516296 0.04935823008418083
-0.6783998012542725 -0.6255248188972473 0.07943809032440186
-0.6806763410568237 -0.6052828431129456 0.10587692260742188
-0.6797130107879639 -0.5836310386657715 0.12862907350063324
-0.6754527688026428 -0.560364305973053 0.14765608310699463
-0.667823076248169 -0.535260021686554 0.16291871666908264
-0.6567292809486389 -0.5080740451812744 0.17436973750591278
-0.6420632600784302 -0.47857019305229187 0.18195949494838715
-0.6239057779312134 -0.447003036737442 0.18580541014671326
-0.602483868598938 -0.4140137732028961 0.18613897264003754
-0.5780122876167297 -0.38025128841400146 0.1831657588481903
-0.5506961345672607 -0.34637129306793213 0.1770688146352768
-0.5207375288009644 -0.31304362416267395 0.16801515221595764
-0.4883401393890381 -0.28095725178718567 0.1561610996723175
-0.45371460914611816 -0.2508246600627899 0.1416572630405426
-0.41708308458328247 -0.22338426113128662 0.12465327978134155
-0.3786827325820923 -0.1994006633758545 0.10530167073011398
-0.33876943588256836 -0.17966365814208984 0.08376181870698929
-0.29762089252471924 -0.16498515009880066 0.06020335853099823
-0.25553813576698303 -0.1561935544013977 0.034808967262506485
-0.21284814178943634 -0.15412653982639313 0.00777750089764595
-0.1699039489030838 -0.15962108969688416 -0.02067425847053528
-0.12708443403244019 -0.17350122332572937 -0.0503099299967289
-0.084938183426857 -0.19640468060970306 -0.08087503165006638
-0.04509977996349335 -0.2277614027261734 -0.112118661403656
-0.009662533178925514 -0.26645857095718384 -0.1438066065311432
0.019311808049678802 -0.3113803565502167 -0.1757194846868515
0.039797164499759674 -0.3614243268966675 -0.20765474438667297
0.04979816824197769 -0.4155108332633972 -0.239426851272583
0.047340553253889084 -0.47259053587913513 -0.27086758613586426
0.03045639954507351 -0.5316482186317444 -0.30182528495788574
-0.0028359992429614067 -0.5917055606842041 -0.3321647644042969
-0.054556213319301605 -0.6518186926841736 -0.3617652356624603
-0.12679196894168854 -0.7110766768455505 -0.3905196785926819
-0.22173447906970978 -0.7685952186584473 -0.4183327555656433
-0.3417205810546875 -0.8235102891921997 -0.44511958956718445
-0.48928123712539673 -0.8749677538871765 -0.470803439617157
-0.6672032475471497 -0.9221133589744568 -0.4953141510486603
-0.8785955309867859 -0.9640772938728333 -0.5185856819152832
0.9621350169181824 -0.14961238205432892 0.8319841027259827
0.9332279562950134 -0.1398630142211914 0.8226468563079834
0.899653434753418 -0.14142122864723206 0.7932455539703369
0.8617940545082092 -0.15323570370674133 0.7458048462867737
0.8200358748435974 -0.17424927651882172 0.6823651790618896
0.774770975112915 -0.2033940553665161 0.6049918532371521
0.7263985872268677 -0.2395872324705124 0.5157835483551025
0.6753272414207458 -0.2817266583442688 0.41687995195388794
0.6219764351844788 -0.32868659496307373 0.3104700446128845
0.5667776465415955 -0.3793143630027771 0.19879867136478424
0.5101768374443054 -0.43242618441581726 0.08417385816574097
0.4526350796222687 -0.48680415749549866 -0.03102715127170086
0.39463019371032715 -0.5411928296089172 -0.1443520486354828
0.33665788173675537 -0.594296932220459 -0.25326868891716003
0.27923327684402466 -0.644778311252594 -0.3551595211029053
0.2228914052248001 -0.6912540793418884 -0.44731906056404114
0.168187215924263 -0.7322975397109985 -0.5269550085067749
0.11548218131065369 -0.7669609189033508 -0.5921992659568787
0.06467683613300323 -0.7954433560371399 -0.6434003114700317
0.015623576007783413 -0.8181029558181763 -0.6812151074409485
-0.03180975466966629 -0.8353052139282227 -0.7063202857971191
-0.07774121314287186 -0.8474291563034058 -0.7194242477416992
-0.12227483838796616 -0.8548718690872192 -0.7212809324264526
-0.1655016839504242 -0.8580524921417236 -0.7126991748809814
-0.20750054717063904 -0.8574154376983643 -0.6945523619651794
-0.24833811819553375 -0.853432297706604 -0.6677845120429993
-0.28806960582733154 -0.8466019034385681 -0.6334139704704285
-0.32673969864845276 -0.837450385093689 -0.5925341248512268
-0.36438247561454773 -0.8265275359153748 -0.5463098883628845
-0.40102243423461914 -0.8144034147262573 -0.49597156047821045
-0.4366758167743683 -0.8016618490219116 -0.4428020715713501
-0.47135064005851746 -0.7888931632041931 -0.3881240785121918
-0.5050435662269592 -0.7766768336296082 -0.33327212929725647
-0.5375582575798035 -0.7652533650398254 -0.2792741060256958
-0.5684832334518433 -0.7544247508049011 -0.2267143279314041
-0.5974447727203369 -0.7439571619033813 -0.1760741025209427
-0.6241238117218018 -0.7336134910583496 -0.12775762379169464
-0.6482516527175903 -0.7231569290161133 -0.0820966511964798
-0.6696043610572815 -0.7123529314994812 -0.03935627639293671
-0.6879966259002686 -0.7009698152542114 0.0002573193924035877
-0.7032737135887146 -0.6887791156768799 0.03658747300505638
-0.7153045535087585 -0.6755537986755371 0.06951849907636642
-0.7239730954170227 -0.6610671281814575 0.09896600991487503
-0.7291714549064636 -0.6450892686843872 0.12486883252859116
-0.7307913899421692 -0.6273840665817261 0.14717957377433777
-0.7287175059318542 -0.6077051162719727 0.16585735976696014
-0.7228195667266846 -0.5857902765274048 0.1808597296476364
-0.7129440903663635 -0.5613560676574707 0.19213560223579407
-0.6989250183105469 -0.5341290235519409 0.1996292769908905
-0.6808316111564636 -0.5043692588806152 0.20343436300754547
-0.6589112877845764 -0.4727526605129242 0.20374418795108795
-0.6333951950073242 -0.4399593770503998 0.20072518289089203
-0.6045005321502686 -0.4066733121871948 0.19452020525932312
-0.5724375247955322 -0.373590350151062 0.18525463342666626
-0.5374158024787903 -0.3414248526096344 0.1730416864156723
-0.4996510148048401 -0.31091558933258057 0.15798768401145935
-0.4593691825866699 -0.28282853960990906 0.14019638299942017
-0.41681236028671265 -0.25795865058898926 0.11977346986532211
-0.37224242091178894 -0.23712974786758423 0.09683045744895935
-0.3259457051753998 -0.2211921513080597 0.0714888870716095
-0.27823513746261597 -0.21101810038089752 0.04388342797756195
-0.22945429384708405 -0.2074950933456421 0.014166026376187801
-0.17997798323631287 -0.2115161418914795 -0.017491571605205536
-0.13021329045295715 -0.22396786510944366 -0.05089506879448891
-0.08075299113988876 -0.24554084241390228 -0.08581152558326721
-0.033348970115184784 -0.275601863861084 -0.12188640236854553
0.009750500321388245 -0.3129172623157501 -0.15872500836849213
0.04632047563791275 -0.3562440872192383 -0.19594596326351166
0.07416491210460663 -0.40434566140174866 -0.23318423330783844
0.09111306071281433 -0.45600059628486633 -0.2700918912887573
0.09501125663518906 -0.5100101828575134 -0.30633896589279175
0.08370938897132874 -0.5652009844779968 -0.34161219000816345
0.055042292922735214 -0.620427131652832 -0.3756147623062134
0.0068064802326262 -0.6745672821998596 -0.4080633223056793
-0.06326878070831299 -0.7265213131904602 -0.4386860132217407
-0.15755595266819 -0.7752034068107605 -0.4672193229198456
-0.278570294380188 -0.8195320963859558 -0.4934041202068329
-0.4290173053741455 -0.8584198951721191 -0.5169816017150879
-0.6118531227111816 -0.8907575607299805 -0.5376881957054138
-0.8303487300872803 -0.9153966903686523 -0.5552496314048767
0.9556323289871216 -0.21337004005908966 0.8103966116905212
0.9186341166496277 -0.19211935997009277 0.7852902412414551
0.8784165978431702 -0.18333417177200317 0.744195282459259
0.8352493643760681 -0.18587514758110046 0.6887997984886169
0.7894060611724854 -0.1986110359430313 0.620794415473938
0.7411671876907349 -0.2204097956418991 0.541886031627655
0.690821647644043 -0.25013014674186707 0.4538085162639618
0.6386696696281433 -0.28661417961120605 0.35833412408828735
0.5850247144699097 -0.328680157661438 0.25728359818458557
0.5302146077156067 -0.3751159906387329 0.1525346338748932
0.474584698677063 -0.42467325925827026 0.046031173318624496
0.41849878430366516 -0.476062148809433 -0.06021035090088844
0.36234036087989807 -0.527946949005127 -0.16409440338611603
0.30651435256004333 -0.5789422988891602 -0.2634424567222595
0.25144824385643005 -0.627610445022583 -0.3559887707233429
0.1975923627614975 -0.6724597215652466 -0.4393797516822815
0.14541953802108765 -0.7119467854499817 -0.5111785531044006
0.0952291265130043 -0.7450428009033203 -0.5697479248046875
0.046898894011974335 -0.7719601988792419 -0.6153831481933594
0.0002595718833617866 -0.7930893301963806 -0.6486576199531555
-0.04484673961997032 -0.8088342547416687 -0.670171856880188
-0.08856785297393799 -0.8196179866790771 -0.680564820766449
-0.13104110956192017 -0.8258857727050781 -0.6805232167243958
-0.1723940074443817 -0.8281089067459106 -0.6707911491394043
-0.21274442970752716 -0.8267853260040283 -0.6521758437156677
-0.2522001266479492 -0.8224412202835083 -0.6255533695220947
-0.2908586859703064 -0.8156295418739319 -0.5918700098991394
-0.3288075029850006 -0.8069277405738831 -0.5521413087844849
-0.3661230504512787 -0.7969330549240112 -0.5074483752250671
-0.4028705060482025 -0.7862574458122253 -0.4589298963546753
-0.43910449743270874 -0.7755194902420044 -0.40777072310447693
-0.47486767172813416 -0.7653364539146423 -0.3551880717277527
-0.510185182094574 -0.7563033699989319 -0.30240678787231445
-0.5448331832885742 -0.7486187815666199 -0.25038716197013855
-0.5783047676086426 -0.7419770359992981 -0.19970400631427765
-0.6101303696632385 -0.7360362410545349 -0.15083366632461548
-0.6399006843566895 -0.7304577827453613 -0.10417567193508148
-0.6672622561454773 -0.7249108552932739 -0.06005801260471344
-0.6919137835502625 -0.7190750241279602 -0.01874295249581337
-0.7135990262031555 -0.712641716003418 0.019565073773264885
-0.7320987582206726 -0.7053130269050598 0.054710209369659424
-0.7472227215766907 -0.6968010663986206 0.08657636493444443
-0.7588008642196655 -0.6868239045143127 0.11507776379585266
-0.7666753530502319 -0.675102710723877 0.14015085995197296
-0.7706908583641052 -0.6613571047782898 0.16174514591693878
-0.7706866264343262 -0.6452990174293518 0.17981566488742828
-0.7664874792098999 -0.6266274452209473 0.19431546330451965
-0.7578942775726318 -0.6050200462341309 0.20518805086612701
-0.744695782661438 -0.5801665782928467 0.21237105131149292
-0.7269522547721863 -0.552330732345581 0.21593981981277466
-0.704927921295166 -0.5222204327583313 0.2160607874393463
-0.6788659691810608 -0.4905436038970947 0.2128726840019226
-0.6489916443824768 -0.4580082893371582 0.2064899355173111
-0.6155198216438293 -0.4253327250480652 0.19700871407985687
-0.5786624550819397 -0.3932522237300873 0.18451185524463654
-0.5386354327201843 -0.36252671480178833 0.169074147939682
-0.4956645965576172 -0.3339444398880005 0.15076659619808197
-0.4499911069869995 -0.3083249628543854 0.12966091930866241
-0.40187692642211914 -0.2865196168422699 0.1058337390422821
-0.35160988569259644 -0.2694106996059418 0.07937095314264297
-0.2995068430900574 -0.2579071819782257 0.0503711961209774
-0.24591843783855438 -0.25293925404548645 0.018950439989566803
-0.19123096764087677 -0.25544917583465576 -0.014754731208086014
-0.13586841523647308 -0.26637953519821167 -0.05058365687727928
-0.08045272529125214 -0.28647086024284363 -0.08832297474145889
-0.02681896463036537 -0.31504637002944946 -0.12754817306995392
0.02267022617161274 -0.35078099370002747 -0.16775231063365936
0.06566491723060608 -0.3923330307006836 -0.20843809843063354
0.09983455389738083 -0.4383590817451477 -0.24912182986736298
0.12286587059497833 -0.4875229299068451 -0.28933462500572205
0.13245625793933868 -0.5385014414787292 -0.3286231756210327
0.12630215287208557 -0.5899876952171326 -0.3665491044521332
0.10208240896463394 -0.6406924724578857 -0.40268805623054504
0.05743711069226265 -0.6893410682678223 -0.43662670254707336
-0.010059141553938389 -0.7346688508987427 -0.4679603576660156
-0.10292928665876389 -0.775414228439331 -0.4962884187698364
-0.22383224964141846 -0.8103082180023193 -0.5212101340293884
-0.37560728192329407 -0.838061511516571 -0.5423184037208557
-0.5613309144973755 -0.8573487401008606 -0.5591936707496643
-0.7843765020370483 -0.8667877912521362 -0.5713949203491211
0.9513009786605835 -0.267863929271698 0.7924073338508606
0.9062568545341492 -0.24021027982234955 0.7497369050979614
0.8596638441085815 -0.22540758550167084 0.6955437064170837
0.8116394281387329 -0.2222461849451065 0.6311398148536682
0.7623100876808167 -0.2295503467321396 0.5578304529190063
0.7118130326271057 -0.24616315960884094 0.4769299626350403
0.6602984070777893 -0.27093246579170227 0.38977518677711487
0.6079310774803162 -0.3026985824108124 0.29773908853530884
0.5548932552337646 -0.34028270840644836 0.20224310457706451
0.5013850927352905 -0.38247695565223694 0.10476638376712799
0.44762787222862244 -0.42803460359573364 0.006857029628008604
0.39386481046676636 -0.4756627678871155 -0.08986134082078934
0.34036287665367126 -0.5240153074264526 -0.1836828589439392
0.28741374611854553 -0.5716882348060608 -0.2728155255317688
0.23533540964126587 -0.6172154545783997 -0.35537853837013245
0.18447186052799225 -0.6590683460235596 -0.4294033348560333
0.1351929008960724 -0.6956584453582764 -0.49284133315086365
0.08772469311952591 -0.725927472114563 -0.5443094968795776
0.041932590305805206 -0.7501043081283569 -0.5840514302253723
-0.002360373502597213 -0.7686096429824829 -0.612555742263794
-0.045323532074689865 -0.7818844318389893 -0.6303443312644958
-0.0871192216873169 -0.7903938889503479 -0.6379821300506592
-0.12790198624134064 -0.7946306467056274 -0.6360846757888794
-0.16781872510910034 -0.7951157093048096 -0.6253246665000916
-0.20700830221176147 -0.7923990488052368 -0.6064367890357971
-0.24560049176216125 -0.7870587706565857 -0.5802209377288818
-0.2837153375148773 -0.7796982526779175 -0.5475426316261292
-0.32146233320236206 -0.770941972732544 -0.509330153465271
-0.35893920063972473 -0.761430025100708 -0.4665703773498535
-0.39623090624809265 -0.7518104314804077 -0.4203006327152252
-0.4334091544151306 -0.7427303791046143 -0.3715968430042267
-0.4705312252044678 -0.7348269820213318 -0.32156097888946533
-0.5076322555541992 -0.7287049889564514 -0.2712990939617157
-0.5444571375846863 -0.7245156764984131 -0.22169612348079681
-0.5804197788238525 -0.7218429446220398 -0.17331263422966003
-0.6149722933769226 -0.7202346920967102 -0.126615971326828
-0.6476317048072815 -0.7192489504814148 -0.08199882507324219
-0.6779775023460388 -0.71845942735672 -0.03978405147790909
-0.7056472301483154 -0.7174592614173889 -0.0002306504175066948
-0.7303290367126465 -0.7158617973327637 0.03645835444331169
-0.7517536282539368 -0.7132997512817383 0.07012684643268585
-0.7696855664253235 -0.7094234228134155 0.10065702348947525
-0.783913791179657 -0.7038959860801697 0.12796010076999664
-0.7942423820495605 -0.6963897347450256 0.15196846425533295
-0.8004807829856873 -0.6865796446800232 0.1726265251636505
-0.8024336695671082 -0.6741366386413574 0.18988360464572906
-0.7998921871185303 -0.6587206125259399 0.20368634164333344
-0.7926228046417236 -0.6399710178375244 0.21397137641906738
-0.7803794145584106 -0.6175408363342285 0.22066864371299744
-0.7632164359092712 -0.5916967988014221 0.22384032607078552
-0.7414116859436035 -0.56317538022995 0.22363567352294922
-0.7152174711227417 -0.5327093005180359 0.22017604112625122
-0.6848646402359009 -0.5010279417037964 0.21355833113193512
-0.650570809841156 -0.4688681960105896 0.20386053621768951
-0.6125473380088806 -0.4369826316833496 0.1911465972661972
-0.5710085034370422 -0.406148225069046 0.175471693277359
-0.5261764526367188 -0.3771708309650421 0.15688619017601013
-0.47828829288482666 -0.3508891761302948 0.1354401558637619
-0.42760205268859863 -0.3281770348548889 0.11118771880865097
-0.374401718378067 -0.30994200706481934 0.08419115841388702
-0.31900227069854736 -0.2971239984035492 0.054524995386600494
-0.26175442337989807 -0.290689080953598 0.022280490025877953
-0.20304788649082184 -0.29162201285362244 -0.012430543079972267
-0.14331397414207458 -0.3009151220321655 -0.04947184398770332
-0.08319089561700821 -0.31935566663742065 -0.08864616602659225
-0.02456590346992016 -0.34624093770980835 -0.1294884830713272
0.03012195974588394 -0.3801811933517456 -0.17142271995544434
0.07843387126922607 -0.419762521982193 -0.21387791633605957
0.11793899536132812 -0.4635608494281769 -0.25629228353500366
0.14621368050575256 -0.510150134563446 -0.2981148958206177
0.16083674132823944 -0.5581077337265015 -0.33880624175071716
0.15937985479831696 -0.6060174107551575 -0.3778381645679474
0.1393938660621643 -0.6524705290794373 -0.4146929681301117
0.0983901247382164 -0.6960628628730774 -0.44886040687561035
0.03381727263331413 -0.7353905439376831 -0.47983497381210327
-0.0569673590362072 -0.7690433859825134 -0.5071123242378235
-0.1767319142818451 -0.7955930829048157 -0.5301830768585205
-0.3284098207950592 -0.8135826587677002 -0.5485276579856873
-0.5151509046554565 -0.8215082287788391 -0.5616089701652527
-0.7403739094734192 -0.8178005814552307 -0.5688626766204834
0.9485440850257874 -0.313720703125 0.7772932648658752
0.8955985307693481 -0.2841436564922333 0.7156665325164795
0.8429873585700989 -0.2671237885951996 0.6473714709281921
0.7906254529953003 -0.261403888463974 0.5732671618461609
0.7384508848190308 -0.2657937705516815 0.4942134618759155
0.6864244937896729 -0.27914750576019287 0.41108542680740356
0.6345297694206238 -0.30034294724464417 0.32478728890419006
0.582772970199585 -0.328263521194458 0.2362646758556366
0.5311838388442993 -0.36178189516067505 0.14651593565940857
0.4798162877559662 -0.3997459411621094 0.05660204961895943
0.42874953150749207 -0.440965473651886 -0.03234390541911125
0.378089040517807 -0.4842014014720917 -0.11911020427942276
0.32796746492385864 -0.5281570553779602 -0.2024005502462387
0.2785455286502838 -0.5714707970619202 -0.2808312475681305
0.23001323640346527 -0.6127121448516846 -0.35293033719062805
0.18258948624134064 -0.6503800749778748 -0.41714051365852356
0.13652163743972778 -0.682908296585083 -0.47182875871658325
0.09195201098918915 -0.7092567682266235 -0.5158876776695251
0.04874211549758911 -0.729676365852356 -0.5495139956474304
0.006719103083014488 -0.7446168661117554 -0.5731111168861389
-0.034284863620996475 -0.7545548677444458 -0.587121307849884
-0.07443267107009888 -0.7599972486495972 -0.5920323133468628
-0.11388109624385834 -0.7614818811416626 -0.5883833765983582
-0.1527801901102066 -0.7595776319503784 -0.5767700672149658
-0.19127273559570312 -0.7548835873603821 -0.5578470826148987
-0.2294924557209015 -0.7480259537696838 -0.532329797744751
-0.2675629258155823 -0.7396539449691772 -0.5009933710098267
-0.3055965304374695 -0.7304341793060303 -0.46466925740242004
-0.3436926603317261 -0.7210427522659302 -0.4242400527000427
-0.38193631172180176 -0.7121574878692627 -0.3806314170360565
-0.4203977882862091 -0.7044471502304077 -0.3348008394241333
-0.45913049578666687 -0.6985614895820618 -0.28772619366645813
-0.4981633722782135 -0.6951081156730652 -0.24038641154766083
-0.5372080206871033 -0.6941868662834167 -0.19358550012111664
-0.5756139159202576 -0.6952704191207886 -0.14786621928215027
-0.6127706170082092 -0.6977958083152771 -0.10368507355451584
-0.6481384634971619 -0.7012176513671875 -0.06142682209610939
-0.681244969367981 -0.7050145864486694 -0.02140919677913189
-0.7116807699203491 -0.7086933255195618 0.01611131615936756
-0.7390925288200378 -0.7117893099784851 0.05093193054199219
-0.7631737589836121 -0.713866651058197 0.08289461582899094
-0.78365558385849 -0.7145135998725891 0.11187794059515
-0.8002968430519104 -0.7133393883705139 0.1377880871295929
-0.8128741383552551 -0.7099671363830566 0.16055120527744293
-0.8211708664894104 -0.7040274739265442 0.18010462820529938
-0.8249672651290894 -0.6951509118080139 0.19639000296592712
-0.824029803276062 -0.6829582452774048 0.20934560894966125
-0.8180997967720032 -0.6670511364936829 0.21889962255954742
-0.8069061040878296 -0.647046685218811 0.22497305274009705
-0.7904995083808899 -0.6232123374938965 0.2276192307472229
-0.7691689729690552 -0.5963112115859985 0.2269790768623352
-0.7431748509407043 -0.5670984983444214 0.22316588461399078
-0.7127519845962524 -0.5363216996192932 0.21626845002174377
-0.6781191825866699 -0.5047335624694824 0.2063567042350769
-0.6394869685173035 -0.4731009006500244 0.19348621368408203
-0.5970661044120789 -0.44221383333206177 0.17770318686962128
-0.5510742664337158 -0.41289204359054565 0.15904861688613892
-0.5017423629760742 -0.38598909974098206 0.13756242394447327
-0.4493219256401062 -0.36239564418792725 0.11328773200511932
-0.39409056305885315 -0.3430398404598236 0.0862751230597496
-0.33635687828063965 -0.3288860619068146 0.05658638849854469
-0.27646690607070923 -0.3209303915500641 0.024299412965774536
-0.21480755507946014 -0.320193886756897 -0.010488090105354786
-0.1518101990222931 -0.3277122378349304 -0.04765446111559868
-0.08811865001916885 -0.3443160057067871 -0.08701381087303162
-0.02564421109855175 -0.36929231882095337 -0.1280859410762787
0.033132556825876236 -0.4012112319469452 -0.170264333486557
0.08571799099445343 -0.4386110305786133 -0.21294240653514862
0.1296137124300003 -0.480011522769928 -0.2555178999900818
0.16231700778007507 -0.523921012878418 -0.2973942160606384
0.181317999958992 -0.5688413381576538 -0.3379814922809601
0.18409255146980286 -0.61327064037323 -0.3766963481903076
0.1680915206670761 -0.65570467710495 -0.4129614531993866
0.13072559237480164 -0.694634199142456 -0.4462030231952667
0.06934628635644913 -0.7285416126251221 -0.4758484959602356
-0.018778210505843163 -0.7558943033218384 -0.5013227462768555
-0.13649171590805054 -0.7751353979110718 -0.5220432281494141
-0.2867834270000458 -0.7846724987030029 -0.53741455078125
-0.4728318452835083 -0.7828625440597534 -0.5468215346336365
-0.6980483531951904 -0.767993688583374 -0.5496208071708679
0.9467746615409851 -0.35140183568000793 0.7643719911575317
0.886176586151123 -0.3238510191440582 0.6827929615974426
0.8279925584793091 -0.3079375624656677 0.5997832417488098
0.7718742489814758 -0.30239608883857727 0.5156353712081909
0.7175266146659851 -0.30606216192245483 0.43068236112594604
0.6647003293037415 -0.31784096360206604 0.3453037440776825
0.6131866574287415 -0.33668002486228943 0.25993266701698303
0.5628136396408081 -0.36154603958129883 0.17506231367588043
0.5134434103965759 -0.39140406250953674 0.09125268459320068
0.4649701714515686 -0.4251995384693146 0.00913616456091404
0.41731923818588257 -0.46184253692626953 -0.07057655602693558
0.37044623494148254 -0.5001938343048096 -0.14709246158599854
0.32433706521987915 -0.5390543341636658 -0.21953336894512177
0.2790079712867737 -0.5771564841270447 -0.2869352102279663
0.23450598120689392 -0.6131590008735657 -0.3482494354248047
0.1909085214138031 -0.6456463932991028 -0.40234845876693726
0.1483232080936432 -0.6731345057487488 -0.4480368196964264
0.10679789632558823 -0.6946470737457275 -0.4845017194747925
0.06619669497013092 -0.710462212562561 -0.5118985176086426
0.02636096626520157 -0.7210587859153748 -0.5305477976799011
-0.012864276766777039 -0.726949155330658 -0.5408111214637756
-0.05162983760237694 -0.7286799550056458 -0.5430964827537537
-0.09008072316646576 -0.7268326282501221 -0.5378624796867371
-0.1283552497625351 -0.7220215201377869 -0.5256209969520569
-0.16658397018909454 -0.714890718460083 -0.5069391131401062
-0.20488759875297546 -0.7061100006103516 -0.4824390113353729
-0.24337583780288696 -0.6963691115379333 -0.45279625058174133
-0.28214600682258606 -0.6863697171211243 -0.41873541474342346
-0.3212812840938568 -0.6768175959587097 -0.3810250461101532
-0.3608492612838745 -0.6684122085571289 -0.3404695689678192
-0.40090158581733704 -0.6618364453315735 -0.29789936542510986
-0.4414723217487335 -0.6577455997467041 -0.25416019558906555
-0.48256978392601013 -0.6567431688308716 -0.210097536444664
-0.5238709449768066 -0.65887451171875 -0.16643011569976807
-0.5646747350692749 -0.6635014414787292 -0.12368123233318329
-0.6043236255645752 -0.6699522733688354 -0.08229624480009079
-0.6422353386878967 -0.6775796413421631 -0.04265229403972626
-0.6778992414474487 -0.6857684254646301 -0.005063117481768131
-0.7108724117279053 -0.6939403414726257 0.030215740203857422
-0.7407716512680054 -0.7015548944473267 0.06297963857650757
-0.7672643661499023 -0.7081079483032227 0.09306644648313522
-0.7900586128234863 -0.713127613067627 0.12034880369901657
-0.8088924288749695 -0.716168999671936 0.14472545683383942
-0.8235234618186951 -0.7168071866035461 0.1661139875650406
-0.8337177634239197 -0.7146291732788086 0.18444250524044037
-0.8392386436462402 -0.709225058555603 0.19964276254177094
-0.8398359417915344 -0.7001771926879883 0.21164296567440033
-0.8352335691452026 -0.6870497465133667 0.22036081552505493
-0.825143039226532 -0.6694241166114807 0.22570723295211792
-0.809614360332489 -0.6475678086280823 0.22773060202598572
-0.788946270942688 -0.62226802110672 0.22657111287117004
-0.7634062170982361 -0.5942996144294739 0.22234222292900085
-0.7332324981689453 -0.5644266605377197 0.21513321995735168
-0.6986454129219055 -0.533414900302887 0.20501479506492615
-0.6598541140556335 -0.5020425915718079 0.1920434832572937
-0.6170664429664612 -0.4711102247238159 0.17626631259918213
-0.5704949498176575 -0.44144755601882935 0.15772508084774017
-0.52036452293396 -0.4139191806316376 0.13645994663238525
-0.4669189453125 -0.3894282877445221 0.11251397430896759
-0.41042792797088623 -0.36891862750053406 0.08593694120645523
-0.35119184851646423 -0.3533737063407898 0.056789107620716095
-0.2895488739013672 -0.34381404519081116 0.025145938619971275
-0.22587895393371582 -0.34129077196121216 -0.008898291736841202
-0.16060832142829895 -0.34687691926956177 -0.045226383954286575
-0.09437767416238785 -0.3614427149295807 -0.08365806192159653
-0.02909769117832184 -0.3842790722846985 -0.12371964752674103
0.032741449773311615 -0.41393786668777466 -0.16480809450149536
0.08862287551164627 -0.4489324390888214 -0.2063157558441162
0.13601168990135193 -0.4877493977546692 -0.24763408303260803
0.17235630750656128 -0.528854489326477 -0.2881551682949066
0.19508756697177887 -0.5706971287727356 -0.32727259397506714
0.2016141712665558 -0.6117134690284729 -0.3643815517425537
0.18931512534618378 -0.6503276228904724 -0.3988787829875946
0.15552861988544464 -0.684949517250061 -0.4301605224609375
0.09753766655921936 -0.7139731645584106 -0.4576207995414734
0.012551665306091309 -0.7357714176177979 -0.4806486666202545
-0.10231617093086243 -0.7486878633499146 -0.49862420558929443
-0.2500746548175812 -0.751028299331665 -0.5109138488769531
-0.43388938903808594 -0.7410477995872498 -0.5168650150299072
-0.6571162939071655 -0.7169361114501953 -0.5157991051673889
0.9453980326652527 -0.38123252987861633 0.7529794573783875
0.8775131106376648 -0.35919180512428284 0.6508591771125793
0.8142920732498169 -0.3472694456577301 0.5529091358184814
0.7550564408302307 -0.34425634145736694 0.45871201157569885
0.6992313861846924 -0.3490694463253021 0.3679766356945038
0.6463252902030945 -0.3607131242752075 0.2805239260196686
0.595915675163269 -0.37824684381484985 0.1962774693965912
0.5476378798484802 -0.40075844526290894 0.11525768786668777
0.5011763572692871 -0.4273403584957123 0.037577588111162186
0.45625829696655273 -0.45706993341445923 -0.03656011447310448
0.4126487374305725 -0.4889911115169525 -0.10686419159173965
0.37014710903167725 -0.5221002101898193 -0.17295701801776886
0.32858505845069885 -0.5553333163261414 -0.23437654972076416
0.2878248989582062 -0.5875577926635742 -0.29057979583740234
0.247759148478508 -0.617566704750061 -0.34094753861427307
0.20831021666526794 -0.6440784335136414 -0.3847927749156952
0.16943056881427765 -0.6657441854476929 -0.42137327790260315
0.13106323778629303 -0.6816923022270203 -0.4501858651638031
0.0930798128247261 -0.692234218120575 -0.4713515639305115
0.05534399300813675 -0.6978787779808044 -0.4851108193397522
0.017723485827445984 -0.699173092842102 -0.4917447566986084
-0.019909219816327095 -0.6967028379440308 -0.49157923460006714
-0.05767479166388512 -0.6910906434059143 -0.4849873483181
-0.09568601846694946 -0.682992160320282 -0.4723912477493286
-0.13404646515846252 -0.6730924248695374 -0.4542625844478607
-0.17284846305847168 -0.6620992422103882 -0.43112167716026306
-0.21217185258865356 -0.6507357358932495 -0.40353479981422424
-0.2520827651023865 -0.6397320032119751 -0.3721105456352234
-0.2926321029663086 -0.6298150420188904 -0.3374938666820526
-0.3338545560836792 -0.6216984987258911 -0.3003595471382141
-0.37576839327812195 -0.6160711646080017 -0.26140299439430237
-0.4183747172355652 -0.6135867238044739 -0.2213316112756729
-0.4616490602493286 -0.6148377656936646 -0.18085207045078278
-0.5052330493927002 -0.6198133230209351 -0.14059534668922424
-0.5483881831169128 -0.6277672648429871 -0.10106541216373444
-0.5904232263565063 -0.6379220485687256 -0.06269726902246475
-0.6307259202003479 -0.6495316624641418 -0.025862261652946472
-0.6687601804733276 -0.6618906855583191 0.009127858094871044
-0.7040603756904602 -0.6743383407592773 0.04201599955558777
-0.7362239956855774 -0.6862605810165405 0.0725930705666542
-0.7649016380310059 -0.6970869302749634 0.10069012641906738
-0.7897868156433105 -0.7062869668006897 0.12617115676403046
-0.8106046319007874 -0.7133631706237793 0.14892493188381195
-0.8271012902259827 -0.7178435325622559 0.16885806620121002
-0.8390318751335144 -0.7192720770835876 0.18588696420192719
-0.846149742603302 -0.7171991467475891 0.19993147253990173
-0.8481943011283875 -0.7111693024635315 0.21090763807296753
-0.8448787331581116 -0.7007098197937012 0.21872104704380035
-0.8359039425849915 -0.6853669285774231 0.22327111661434174
-0.8213213086128235 -0.6654069423675537 0.22460436820983887
-0.8014391660690308 -0.6416388750076294 0.22286735475063324
-0.7765312194824219 -0.6148556470870972 0.21818071603775024
-0.7468404173851013 -0.5858352780342102 0.21064171195030212
-0.7125887274742126 -0.5553549528121948 0.2003297060728073
-0.6739852428436279 -0.5242016911506653 0.18731027841567993
-0.6312355399131775 -0.493183970451355 0.1716400682926178
-0.5845481753349304 -0.46313875913619995 0.15337049961090088
-0.5341425538063049 -0.434937983751297 0.1325516700744629
-0.48025578260421753 -0.40949392318725586 0.10923629999160767
-0.4231492280960083 -0.38776126503944397 0.08348348736763
-0.36311468482017517 -0.3707379996776581 0.055362362414598465
-0.3004809617996216 -0.35946348309516907 0.02495638094842434
-0.23561903834342957 -0.3550134003162384 -0.0076332055032253265
-0.16894657909870148 -0.3584921658039093 -0.04228350892663002
-0.10109502077102661 -0.3708058297634125 -0.07881347835063934
-0.03395278751850128 -0.39126133918762207 -0.11677414923906326
0.03000893071293831 -0.41841229796409607 -0.15559567511081696
0.08827897161245346 -0.45076805353164673 -0.19469988346099854
0.1383148431777954 -0.48680320382118225 -0.23350320756435394
0.1775449812412262 -0.5249630212783813 -0.2714180648326874
0.2033693939447403 -0.5636674761772156 -0.3078538477420807
0.21315762400627136 -0.6013131737709045 -0.34221670031547546
0.20424482226371765 -0.636276364326477 -0.3739105463027954
0.17392461001873016 -0.6669110059738159 -0.4023352861404419
0.11943994462490082 -0.6915483474731445 -0.42688581347465515
0.03797076642513275 -0.7084935903549194 -0.4469505250453949
-0.07338127493858337 -0.7160205245018005 -0.46190837025642395
-0.2176104336977005 -0.7123656272888184 -0.47112593054771423
-0.3978319764137268 -0.6957190632820129 -0.47395360469818115
-0.6173040270805359 -0.6642135381698608 -0.4697205126285553
0.9437986016273499 -0.4034269154071808 0.7424529790878296
0.8691274523735046 -0.389957457780838 0.6196328997612
0.8015021681785583 -0.3845016062259674 0.5069062113761902
0.7398451566696167 -0.38599956035614014 0.40298157930374146
0.683256208896637 -0.39352262020111084 0.3068373203277588
0.6309738755226135 -0.406232088804245 0.21767137944698334
0.5823456645011902 -0.4233451783657074 0.13486289978027344
0.5368055105209351 -0.44410786032676697 0.057944584637880325
0.4938561022281647 -0.46777090430259705 -0.013418707996606827
0.453055739402771 -0.4935705065727234 -0.07944674789905548
0.4140084981918335 -0.5207105875015259 -0.14025641977787018
0.37635621428489685 -0.5483487248420715 -0.19587305188179016
0.33977338671684265 -0.5755844712257385 -0.24624000489711761
0.30396324396133423 -0.6014510989189148 -0.2912280559539795
0.2686561644077301 -0.6249108910560608 -0.3306453227996826
0.2336089015007019 -0.6448565721511841 -0.3642485439777374
0.19860568642616272 -0.6601198315620422 -0.39175719022750854
0.16347558796405792 -0.6699689030647278 -0.4129886329174042
0.12810063362121582 -0.6747548580169678 -0.42803648114204407
0.09237341582775116 -0.6750165820121765 -0.4370644688606262
0.056192442774772644 -0.671335756778717 -0.4402734339237213
0.019463269039988518 -0.6643351912498474 -0.43790486454963684
-0.017899462953209877 -0.6546751856803894 -0.43024200201034546
-0.05597075819969177 -0.6430490612983704 -0.4176109731197357
-0.09481413662433624 -0.6301766633987427 -0.4003802239894867
-0.13447979092597961 -0.6167970299720764 -0.37895965576171875
-0.17500358819961548 -0.6036598682403564 -0.3537975549697876
-0.21640644967556 -0.591515302658081 -0.32537737488746643
-0.2586931586265564 -0.5811035633087158 -0.29421237111091614
-0.30185210704803467 -0.5731441378593445 -0.2608399987220764
-0.34585583209991455 -0.568324089050293 -0.22581441700458527
-0.39066067337989807 -0.5672879815101624 -0.1896994709968567
-0.4361995756626129 -0.5706116557121277 -0.15305964648723602
-0.48207876086235046 -0.5782268047332764 -0.11643707007169724
-0.5275336503982544 -0.5892839431762695 -0.08031795918941498
-0.5718512535095215 -0.6029052734375 -0.04512927308678627
-0.6144008636474609 -0.6182509660720825 -0.011239194311201572
-0.654630720615387 -0.6345290541648865 0.021039461717009544
-0.6920624375343323 -0.6510009169578552 0.051444925367832184
-0.7262830138206482 -0.6669818758964539 0.07976055890321732
-0.7569336891174316 -0.6818381547927856 0.10580752789974213
-0.7837007641792297 -0.6949829459190369 0.12943823635578156
-0.8063026666641235 -0.7058679461479187 0.150528684258461
-0.8244801163673401 -0.7139756083488464 0.16897186636924744
-0.8379828929901123 -0.7188078761100769 0.18467023968696594
-0.8465594053268433 -0.7198762893676758 0.19752943515777588
-0.8499441146850586 -0.7166886329650879 0.20745141804218292
-0.8478448987007141 -0.7087356448173523 0.21432772278785706
-0.8399575352668762 -0.6955295205116272 0.21804505586624146
-0.8263368010520935 -0.6773338913917542 0.21865074336528778
-0.8073003888130188 -0.6549780368804932 0.21630357205867767
-0.7831297516822815 -0.6292709708213806 0.2111375778913498
-0.7540727853775024 -0.6010027527809143 0.2032644897699356
-0.7203548550605774 -0.5709601640701294 0.19277894496917725
-0.682186484336853 -0.5399375557899475 0.1797628253698349
-0.639772891998291 -0.5087489485740662 0.1642896831035614
-0.5933205485343933 -0.47823581099510193 0.14642858505249023
-0.543045163154602 -0.4492751955986023 0.12624771893024445
-0.4891785979270935 -0.42278459668159485 0.1038181483745575
-0.43197569251060486 -0.39972615242004395 0.07921751588582993
-0.37172001600265503 -0.38110777735710144 0.052533090114593506
-0.30873167514801025 -0.3679826557636261 0.023865999653935432
-0.24337200820446014 -0.3614458441734314 -0.006665762979537249
-0.17604899406433105 -0.3626272678375244 -0.03892385587096214
-0.10738054662942886 -0.37246501445770264 -0.0727197527885437
-0.039214663207530975 -0.3902922570705414 -0.10764417797327042
0.026021422818303108 -0.4146822988986969 -0.14318610727787018
0.08584821969270706 -0.4441593289375305 -0.17882360517978668
0.1377422958612442 -0.4772060811519623 -0.21402622759342194
0.17913895845413208 -0.5122681856155396 -0.24825581908226013
0.2074345350265503 -0.5477575063705444 -0.2809675335884094
0.21998663246631622 -0.5820541977882385 -0.3116099536418915
0.2141137272119522 -0.6135097146034241 -0.33962610363960266
0.1870921105146408 -0.6404462456703186 -0.3644524812698364
0.1361524760723114 -0.6611580848693848 -0.38551920652389526
0.05847372114658356 -0.6739097833633423 -0.40224894881248474
-0.04882459342479706 -0.6769345998764038 -0.41405612230300903
-0.18869103491306305 -0.6684311628341675 -0.42034509778022766
-0.3641570508480072 -0.6465592980384827 -0.4205084443092346
-0.5783467888832092 -0.6094338893890381 -0.41392430663108826
0.9413277506828308 -0.41810932755470276 0.7321161031723022
0.8605278134346008 -0.41587504744529724 0.588901937007904
0.7892374992370605 -0.41897398233413696 0.46195879578590393
0.7259119749069214 -0.4266170263290405 0.3489464223384857
0.6692877411842346 -0.43812042474746704 0.24800771474838257
0.6183118224143982 -0.4528685212135315 0.15765775740146637
0.5720922946929932 -0.4702853560447693 0.07670329511165619
0.5298588871955872 -0.48981112241744995 0.004182074684649706
0.49093449115753174 -0.5108823776245117 -0.060682833194732666
0.4547126889228821 -0.5329161882400513 -0.11851915717124939
0.42064061760902405 -0.5552948713302612 -0.1698331981897354
0.38820597529411316 -0.577355682849884 -0.21503369510173798
0.3569276034832001 -0.5983803868293762 -0.25445127487182617
0.32634875178337097 -0.6175904273986816 -0.2883560359477997
0.29603371024131775 -0.6341440677642822 -0.31697356700897217
0.26556655764579773 -0.6471392512321472 -0.3405004143714905
0.23455344140529633 -0.6556247472763062 -0.35911864042282104
0.20270176231861115 -0.6590385437011719 -0.37297138571739197
0.1699059009552002 -0.6577765941619873 -0.38213157653808594
0.13609200716018677 -0.652407705783844 -0.3866889178752899
0.10119600594043732 -0.6435468792915344 -0.3867647647857666
0.06516441702842712 -0.6318508386611938 -0.3825136423110962
0.027956580743193626 -0.6180137395858765 -0.3741246163845062
-0.01045446377247572 -0.6027607917785645 -0.3618215024471283
-0.0500810407102108 -0.5868402719497681 -0.3458625078201294
-0.09091956168413162 -0.5710153579711914 -0.32653892040252686
-0.13295014202594757 -0.5560538172721863 -0.30417320132255554
-0.1761365681886673 -0.5427175760269165 -0.27911531925201416
-0.22042609751224518 -0.531751811504364 -0.25173985958099365
-0.26574981212615967 -0.5238733887672424 -0.22244073450565338
-0.31202438473701477 -0.5197604298591614 -0.1916259080171585
-0.3591521084308624 -0.5200415849685669 -0.15971209108829498
-0.40701529383659363 -0.5252706408500671 -0.12711948156356812
-0.4551848769187927 -0.5353218913078308 -0.09430185705423355
-0.5028803944587708 -0.5492500066757202 -0.061730511486530304
-0.5493770837783813 -0.5660828948020935 -0.02982783317565918
-0.5940352082252502 -0.584893524646759 0.0010375591227784753
-0.6362961530685425 -0.6048094034194946 0.030548062175512314
-0.6756764650344849 -0.6250186562538147 0.05843359977006912
-0.7117593288421631 -0.6447703838348389 0.08446632325649261
-0.7441834807395935 -0.6633713245391846 0.10845420509576797
-0.7726330161094666 -0.6801808476448059 0.13023483753204346
-0.7968252897262573 -0.6946024298667908 0.14966854453086853
-0.8164997696876526 -0.7060744166374207 0.1666320562362671
-0.8314056992530823 -0.7140588760375977 0.1810113787651062
-0.8412905931472778 -0.7180294394493103 0.19269578158855438
-0.8458878993988037 -0.7174580693244934 0.2015710473060608
-0.8449044823646545 -0.7117999792098999 0.20751293003559113
-0.8380350470542908 -0.7005339860916138 0.21039383113384247
-0.8253405094146729 -0.6839211583137512 0.21026435494422913
-0.8071485757827759 -0.6628081202507019 0.20730029046535492
-0.7837488651275635 -0.6380184292793274 0.20165443420410156
-0.7553964853286743 -0.6103534698486328 0.19345837831497192
-0.7223221063613892 -0.5806078314781189 0.18282772600650787
-0.6847397089004517 -0.5495814085006714 0.1698664277791977
-0.642856776714325 -0.5180922150611877 0.15467141568660736
-0.5968804359436035 -0.4869846999645233 0.1373358517885208
-0.547025203704834 -0.4571380317211151 0.11795315146446228
-0.49352043867111206 -0.42947259545326233 0.096620112657547
-0.4366166591644287 -0.40495428442955017 0.07344057410955429
-0.37659168243408203 -0.3845970928668976 0.048528242856264114
-0.3137585520744324 -0.3694639801979065 0.022010432556271553
-0.24847009778022766 -0.36066383123397827 -0.005969297606498003
-0.18112507462501526 -0.3593469262123108 -0.03524812310934067
-0.11232587695121765 -0.3664788603782654 -0.06562341749668121
-0.043865401297807693 -0.38142818212509155 -0.09673776477575302
0.021894339472055435 -0.4028036892414093 -0.12816064059734344
0.08252819627523422 -0.4291612207889557 -0.15944956243038177
0.1355554759502411 -0.45900991559028625 -0.19015178084373474
0.1784430742263794 -0.4908154010772705 -0.21980495750904083
0.20860885083675385 -0.523002028465271 -0.24793782830238342
0.22342418134212494 -0.5539553165435791 -0.2740706205368042
0.2202167809009552 -0.5820248126983643 -0.2977161407470703
0.19627206027507782 -0.6055251359939575 -0.31837958097457886
0.14883480966091156 -0.6227385997772217 -0.33555930852890015
0.07510963827371597 -0.6319161057472229 -0.3487469255924225
-0.027738606557250023 -0.6312780380249023 -0.3574275076389313
-0.16258500516414642 -0.6190157532691956 -0.36107951402664185
-0.33234846591949463 -0.5932909250259399 -0.3591749966144562
-0.539990246295929 -0.5522355437278748 -0.35117873549461365
0.9372945427894592 -0.4253346920013428 0.7212673425674438
0.8512075543403625 -0.436610609292984 0.5584737062454224
0.7771078944206238 -0.4499797821044922 0.41828054189682007
0.712927520275116 -0.4650714695453644 0.2971305847167969
0.6570096611976624 -0.48155003786087036 0.1922363042831421
0.6079990267753601 -0.4990960657596588 0.10138307511806488
0.56476229429245 -0.5173909068107605 0.022787779569625854
0.5263296961784363 -0.5361038446426392 -0.04500456526875496
0.49185192584991455 -0.5548814535140991 -0.10319861024618149
0.4605664908885956 -0.5733381509780884 -0.1528087705373764
0.4317725896835327 -0.5910485982894897 -0.19470630586147308
0.4048115313053131 -0.6075402498245239 -0.22965788841247559
0.3790522515773773 -0.6222897171974182 -0.2583576738834381
0.35388121008872986 -0.6347209215164185 -0.28145450353622437
0.3286968171596527 -0.6442058682441711 -0.29957494139671326
0.30290743708610535 -0.6500710248947144 -0.3133436441421509
0.27593544125556946 -0.6516098976135254 -0.3233986496925354
0.2473611831665039 -0.6484538912773132 -0.3302081823348999
0.21709229052066803 -0.6410462856292725 -0.33382877707481384
0.18509191274642944 -0.6299855709075928 -0.3342790901660919
0.15133798122406006 -0.6159167885780334 -0.3316006064414978
0.11582428216934204 -0.5995270609855652 -0.32585880160331726
0.07856200635433197 -0.5815385580062866 -0.31714409589767456
0.03958047926425934 -0.5627017617225647 -0.30557236075401306
-0.0010727421613410115 -0.5437861680984497 -0.2912846505641937
-0.043331075459718704 -0.5255703330039978 -0.2744467556476593
-0.0871095359325409 -0.5088319778442383 -0.2552478015422821
-0.13230568170547485 -0.4943360388278961 -0.23389822244644165
-0.17880018055438995 -0.4828241169452667 -0.21062763035297394
-0.22645854949951172 -0.47500327229499817 -0.18568187952041626
-0.27513352036476135 -0.4715351164340973 -0.15931925177574158
-0.32466644048690796 -0.4730267822742462 -0.1318073272705078
-0.37488266825675964 -0.4800053536891937 -0.10342132300138474
-0.4253185987472534 -0.49228957295417786 -0.07452834397554398
-0.4751858711242676 -0.5088459253311157 -0.04558885470032692
-0.5237562656402588 -0.5286172032356262 -0.017024921253323555
-0.5703886151313782 -0.5505964159965515 0.010789931751787663
-0.6145241856575012 -0.5738378167152405 0.03752904012799263
-0.6556804180145264 -0.5974621176719666 0.06290978193283081
-0.6934420466423035 -0.6206571459770203 0.08668924868106842
-0.7274500727653503 -0.6426748037338257 0.10865850746631622
-0.7573909163475037 -0.6628239154815674 0.12863707542419434
-0.7829840779304504 -0.6804625988006592 0.1464664340019226
-0.8039719462394714 -0.6949878931045532 0.16200430691242218
-0.8201057314872742 -0.7058231830596924 0.17511776089668274
-0.8311354517936707 -0.7124062180519104 0.1856773942708969
-0.8367967009544373 -0.7141741514205933 0.19355079531669617
-0.8367982506752014 -0.7105485796928406 0.1985960602760315
-0.8308373093605042 -0.700975775718689 0.2006698101758957
-0.8189824819564819 -0.6857132315635681 0.19982749223709106
-0.8015729784965515 -0.6656240224838257 0.19626636803150177
-0.7789084315299988 -0.6415446400642395 0.1901620775461197
-0.7512533068656921 -0.6142862439155579 0.18167045712471008
-0.7188456654548645 -0.5846502184867859 0.17093266546726227
-0.6819063425064087 -0.5534412264823914 0.1580795794725418
-0.6406477689743042 -0.5214797854423523 0.14323626458644867
-0.5952809453010559 -0.48961180448532104 0.12652556598186493
-0.546022891998291 -0.4587167799472809 0.10807144641876221
-0.4931033253669739 -0.42971542477607727 0.08800254762172699
-0.4367721974849701 -0.4035749137401581 0.06645525246858597
-0.37730491161346436 -0.3813120126724243 0.0435764379799366
-0.3150102198123932 -0.3639950454235077 0.019526734948158264
-0.2502352297306061 -0.35274240374565125 -0.005517200566828251
-0.18337149918079376 -0.3487192988395691 -0.0313602015376091
-0.11500588059425354 -0.35291483998298645 -0.05777943134307861
-0.0468650758266449 -0.3647400140762329 -0.08447901904582977
0.018771475180983543 -0.3828525245189667 -0.11112675815820694
0.07955194264650345 -0.4058549702167511 -0.1373792290687561
0.13305886089801788 -0.43229958415031433 -0.16288281977176666
0.17681246995925903 -0.4606897830963135 -0.18727412819862366
0.20827503502368927 -0.48948198556900024 -0.21018058061599731
0.22485537827014923 -0.5170878171920776 -0.23122088611125946
0.22391466796398163 -0.541877031326294 -0.2500063180923462
0.20277182757854462 -0.5621800422668457 -0.26614081859588623
0.15871042013168335 -0.5762916803359985 -0.2792225182056427
0.0889856293797493 -0.5824745297431946 -0.28884440660476685
-0.009168068878352642 -0.5789636373519897 -0.2945956885814667
-0.13852807879447937 -0.563970685005188 -0.29606273770332336
-0.3018774688243866 -0.5356888175010681 -0.29283052682876587
-0.5019922256469727 -0.49229809641838074 -0.2844838500022888
0.9309599995613098 -0.42510849237442017 0.7091707587242126
0.8406402468681335 -0.4517737627029419 0.5281727313995361
0.7647164463996887 -0.4767637848854065 0.37611544132232666
0.7005581855773926 -0.5002924799919128 0.24808068573474884
0.6461026072502136 -0.5224846005439758 0.14027954638004303
0.5996915102005005 -0.5433915257453918 0.04973899573087692
0.5599581599235535 -0.5630017518997192 -0.02591612935066223
0.525745153427124 -0.5812461376190186 -0.08862047642469406
0.4960440695285797 -0.5980019569396973 -0.13998407125473022
0.46995019912719727 -0.6130945086479187 -0.18138094246387482
0.44662752747535706 -0.6262978315353394 -0.21401768922805786
0.42528241872787476 -0.6373370289802551 -0.23898962140083313
0.4051435589790344 -0.6458894610404968 -0.2573261857032776
0.3854479491710663 -0.6515891551971436 -0.27002906799316406
0.3654325008392334 -0.6540328860282898 -0.27810364961624146
0.34433189034461975 -0.652790367603302 -0.28258395195007324
0.32138362526893616 -0.6474194526672363 -0.28454887866973877
0.29603925347328186 -0.6377607583999634 -0.28478386998176575
0.26821988821029663 -0.6243062615394592 -0.28333157300949097
0.23792748153209686 -0.60768061876297 -0.2801411747932434
0.2051851600408554 -0.5885554552078247 -0.2751736342906952
0.17003799974918365 -0.56764155626297 -0.26840266585350037
0.13255411386489868 -0.5456828474998474 -0.2598159909248352
0.09282466024160385 -0.5234471559524536 -0.2494162768125534
0.05096331983804703 -0.5017161965370178 -0.2372218519449234
0.007105903699994087 -0.48127564787864685 -0.2232668101787567
-0.03859103471040726 -0.4629039168357849 -0.2076013684272766
-0.08595242351293564 -0.4473605453968048 -0.19029109179973602
-0.13478630781173706 -0.43537551164627075 -0.17141658067703247
-0.18488667905330658 -0.42763856053352356 -0.15107235312461853
-0.23603707551956177 -0.4247889220714569 -0.12936513125896454
-0.288012832403183 -0.4274069666862488 -0.10641281306743622
-0.34057801961898804 -0.4359895586967468 -0.08234614133834839
-0.3932349979877472 -0.45030245184898376 -0.05744846165180206
-0.44519421458244324 -0.46923452615737915 -0.03217427060008049
-0.495729923248291 -0.49165263772010803 -0.006950476206839085
-0.5442049503326416 -0.5164793133735657 0.01783953607082367
-0.5900654792785645 -0.5427031517028809 0.04185512289404869
-0.6328340768814087 -0.5693845152854919 0.06479667127132416
-0.6721010208129883 -0.5956563353538513 0.08640192449092865
-0.707512378692627 -0.6207195520401001 0.10644112527370453
-0.7387599349021912 -0.6438377499580383 0.12471218407154083
-0.7655683755874634 -0.6643267273902893 0.1410345882177353
-0.7876843810081482 -0.681544840335846 0.1552441120147705
-0.8048639297485352 -0.6948792338371277 0.16718624532222748
-0.8168614506721497 -0.7037338614463806 0.17671065032482147
-0.8234164714813232 -0.7075129747390747 0.18366454541683197
-0.8242422342300415 -0.7056059241294861 0.18788649141788483
-0.8190402388572693 -0.6974282264709473 0.1892157644033432
-0.807888925075531 -0.6832334399223328 0.18771392107009888
-0.791140615940094 -0.6638994812965393 0.18360280990600586
-0.7691076397895813 -0.6402746438980103 0.17708438634872437
-0.7420657873153687 -0.613179087638855 0.16834205389022827
-0.7102639675140381 -0.5834203362464905 0.15754595398902893
-0.6739329695701599 -0.5518070459365845 0.1448574811220169
-0.633293628692627 -0.5191613435745239 0.1304335594177246
-0.5885646939277649 -0.48632925748825073 0.11443043500185013
-0.5399693250656128 -0.4541897773742676 0.09700698405504227
-0.4877423644065857 -0.4236621558666229 0.07832792401313782
-0.43213680386543274 -0.39571234583854675 0.05856699496507645
-0.37342989444732666 -0.3713569939136505 0.03790925815701485
-0.31193017959594727 -0.35166633129119873 0.01655413769185543
-0.24798300862312317 -0.33776429295539856 -0.005282700527459383
-0.18197615444660187 -0.3308257460594177 -0.027367394417524338
-0.11448287963867188 -0.33185920119285583 -0.04945182800292969
-0.04715602099895477 -0.340323805809021 -0.07130914181470871
0.0178206879645586 -0.3549373745918274 -0.09271980822086334
0.07818380743265152 -0.3743623197078705 -0.11345550417900085
0.13159598410129547 -0.3972083032131195 -0.13327963650226593
0.17564918100833893 -0.42203289270401 -0.15194766223430634
0.20786987245082855 -0.44734251499176025 -0.16920752823352814
0.22572527825832367 -0.47159430384635925 -0.1848004311323166
0.22663167119026184 -0.4931991994380951 -0.19846169650554657
0.20796358585357666 -0.5105254054069519 -0.20992156863212585
0.16706572473049164 -0.5219036936759949 -0.21890652179718018
0.10126565396785736 -0.5256327986717224 -0.22514067590236664
0.007888668216764927 -0.519987165927887 -0.22834724187850952
-0.11572495847940445 -0.5032244920730591 -0.22825029492378235
-0.27220460772514343 -0.47359535098075867 -0.2245766669511795
-0.4641261100769043 -0.42935341596603394 -0.21705788373947144
0.9215337634086609 -0.41740790009498596 0.6950522065162659
0.8282775282859802 -0.4609229862689972 0.49784061312675476
0.7516560554504395 -0.4985203146934509 0.33573833107948303
0.6884652972221375 -0.5311729907989502 0.20236840844154358
0.6362422704696655 -0.5595782399177551 0.09290424734354019
0.5930410623550415 -0.5842309594154358 0.003612617263570428
0.5572795867919922 -0.6054724454879761 -0.06845788657665253
0.5276313424110413 -0.6235237121582031 -0.12569588422775269
0.502947986125946 -0.6385093331336975 -0.1700863391160965
0.48219987750053406 -0.650474488735199 -0.2033301293849945
0.46443235874176025 -0.659398078918457 -0.22693616151809692
0.44873183965682983 -0.6652044057846069 -0.24229565262794495
0.43419983983039856 -0.6677733659744263 -0.2507418096065521
0.419935017824173 -0.6669520139694214 -0.2535995841026306
0.4050222337245941 -0.6625663042068481 -0.2522253096103668
0.3885292708873749 -0.6544368267059326 -0.24803690612316132
0.3695138394832611 -0.6423963904380798 -0.2425302416086197
0.3473009765148163 -0.6265034675598145 -0.23679259419441223
0.32182547450065613 -0.6072964072227478 -0.23085235059261322
0.2931285798549652 -0.5854218006134033 -0.22458955645561218
0.26128000020980835 -0.5615704655647278 -0.21788299083709717
0.22637812793254852 -0.5364701747894287 -0.21061185002326965
0.18855032324790955 -0.5108773708343506 -0.20265741646289825
0.14795251190662384 -0.48556816577911377 -0.193904846906662
0.10476751625537872 -0.46132731437683105 -0.18424490094184875
0.059203699231147766 -0.43893787264823914 -0.17357562482357025
0.01149248331785202 -0.4191700518131256 -0.16180413961410522
-0.03811516985297203 -0.40276944637298584 -0.14884772896766663
-0.08935149759054184 -0.39044713973999023 -0.13463541865348816
-0.14193589985370636 -0.38286879658699036 -0.1191089004278183
-0.19557975232601166 -0.3806460201740265 -0.10222303867340088
-0.24998947978019714 -0.3843283951282501 -0.0839465856552124
-0.30486536026000977 -0.39437973499298096 -0.06426756829023361
-0.35967615246772766 -0.4105170667171478 -0.0433892123401165
-0.41363540291786194 -0.431562602519989 -0.021765759214758873
-0.46602413058280945 -0.45631879568099976 0.00016539385251235217
-0.5162126421928406 -0.48364758491516113 0.02200542762875557
-0.5636547207832336 -0.5124807953834534 0.04339456558227539
-0.6078808307647705 -0.5418263077735901 0.06401120126247406
-0.6484887003898621 -0.5707687735557556 0.08356925845146179
-0.6851314902305603 -0.5984644293785095 0.10181409120559692
-0.7175077199935913 -0.6241355538368225 0.1185181513428688
-0.7453482747077942 -0.6470600366592407 0.13347560167312622
-0.7684057950973511 -0.6665605902671814 0.1464971899986267
-0.78644198179245 -0.681991696357727 0.15740422904491425
-0.7992163300514221 -0.6927251219749451 0.16602283716201782
-0.8064737915992737 -0.6981348395347595 0.1721777319908142
-0.8079328536987305 -0.6975799798965454 0.17568588256835938
-0.8033007383346558 -0.6904475092887878 0.17636750638484955
-0.7926674485206604 -0.6769872903823853 0.17429105937480927
-0.7764008641242981 -0.6580904722213745 0.169705331325531
-0.754828691482544 -0.6346164345741272 0.16284102201461792
-0.7282412052154541 -0.6073938012123108 0.15391136705875397
-0.6969018578529358 -0.577235996723175 0.14311791956424713
-0.6610541939735413 -0.5449548959732056 0.1306547075510025
-0.6209322810173035 -0.511374294757843 0.1167130395770073
-0.5767664909362793 -0.47734010219573975 0.10148501396179199
-0.5287905335426331 -0.4437291920185089 0.08516686409711838
-0.477248877286911 -0.4114586114883423 0.06796225905418396
-0.42240267992019653 -0.3814913034439087 0.050085119903087616
-0.3645356297492981 -0.3548414707183838 0.031761929392814636
-0.30396121740341187 -0.33257848024368286 0.013234480284154415
-0.24102771282196045 -0.31582754850387573 -0.005238638259470463
-0.17612390220165253 -0.305769145488739 -0.023380443453788757
-0.10981300473213196 -0.3034268617630005 -0.04091383516788483
-0.04366987571120262 -0.30831196904182434 -0.05768664926290512
0.02022642455995083 -0.31921154260635376 -0.07360301911830902
0.07971164584159851 -0.3348582684993744 -0.0885622426867485
0.13254132866859436 -0.35393184423446655 -0.1024591401219368
0.1763937920331955 -0.37505823373794556 -0.1151842251420021
0.20887593924999237 -0.39680972695350647 -0.12662442028522491
0.22753070294857025 -0.41770657896995544 -0.13666343688964844
0.22984808683395386 -0.43622025847435 -0.14518287777900696
0.21327732503414154 -0.45077723264694214 -0.15206271409988403
0.17524315416812897 -0.4597657322883606 -0.15718266367912292
0.11316415667533875 -0.4615430235862732 -0.16042321920394897
0.024473804980516434 -0.4544452726840973 -0.16166695952415466
-0.09335467964410782 -0.436799019575119 -0.16079998016357422
-0.2427845150232315 -0.4069337844848633 -0.15771348774433136
-0.4261836111545563 -0.36319732666015625 -0.15230537950992584
0.9081764221191406 -0.4022054076194763 0.6780973672866821
0.8135488033294678 -0.46357297897338867 0.4673365652561188
0.7375088334083557 -0.5143928527832031 0.2974563241004944
0.6763032674789429 -0.556564450263977 0.1605922281742096
0.62710040807724 -0.5914611220359802 0.050892364233732224
0.5876973867416382 -0.6200842261314392 -0.03610682114958763
0.5563260316848755 -0.6431668996810913 -0.10389552265405655
0.5315173268318176 -0.6612429022789001 -0.15527713298797607
0.5120062232017517 -0.6746965646743774 -0.19257257878780365
0.4966600239276886 -0.6837987303733826 -0.21777208149433136
0.4844246506690979 -0.6887345910072327 -0.23265071213245392
0.47428426146507263 -0.6896270513534546 -0.23886051774024963
0.4652297794818878 -0.6865569353103638 -0.23800472915172577
0.4562368094921112 -0.679582417011261 -0.2316983938217163
0.4462520182132721 -0.6687584519386292 -0.2216162532567978
0.4341891407966614 -0.6541568040847778 -0.20952755212783813
0.41893771290779114 -0.6358876824378967 -0.19731274247169495
0.3997036814689636 -0.6142280697822571 -0.18633700907230377
0.3764355182647705 -0.5897576212882996 -0.1766112744808197
0.34921348094940186 -0.5631369352340698 -0.16794468462467194
0.31815335154533386 -0.5350677967071533 -0.1601317971944809
0.28340625762939453 -0.506284773349762 -0.1529543101787567
0.24515894055366516 -0.47754719853401184 -0.14618387818336487
0.20363175868988037 -0.44962865114212036 -0.1395847499370575
0.15907645225524902 -0.4233066439628601 -0.13291697204113007
0.11177396774291992 -0.3993520438671112 -0.1259397268295288
0.06203039363026619 -0.37851741909980774 -0.11841464787721634
0.010172652080655098 -0.36152657866477966 -0.11010925471782684
-0.04345552623271942 -0.3490643799304962 -0.10080023109912872
-0.09849868714809418 -0.34176716208457947 -0.0902765542268753
-0.1545955240726471 -0.34021425247192383 -0.07834220677614212
-0.2113829106092453 -0.34492143988609314 -0.06481867283582687
-0.2684960961341858 -0.35631752014160156 -0.04955371096730232
-0.32537102699279785 -0.37407585978507996 -0.032674893736839294
-0.3812263607978821 -0.3969647288322449 -0.014642246998846531
-0.4353519380092621 -0.42373448610305786 0.004090150818228722
-0.4871267080307007 -0.453197181224823 0.023102138191461563
-0.5360133647918701 -0.48423799872398376 0.04200921207666397
-0.581550657749176 -0.5158209800720215 0.0604625903069973
-0.6233442425727844 -0.5469894409179688 0.07814760506153107
-0.6610549092292786 -0.5768615007400513 0.09478025883436203
-0.6943877935409546 -0.6046237349510193 0.11010363698005676
-0.7230802178382874 -0.6295203566551208 0.12388291209936142
-0.7468910217285156 -0.6508430242538452 0.13590070605278015
-0.7655871510505676 -0.6679159998893738 0.1459510624408722
-0.7789337635040283 -0.6800825595855713 0.15383405983448029
-0.786681056022644 -0.6866890788078308 0.1593495011329651
-0.7885527014732361 -0.6870671510696411 0.16229061782360077
-0.7842620015144348 -0.6805778741836548 0.16245678067207336
-0.7739125490188599 -0.6674675345420837 0.15992335975170135
-0.7578904628753662 -0.6486399173736572 0.1549677699804306
-0.7365421652793884 -0.624965250492096 0.14785075187683105
-0.7101765275001526 -0.597279965877533 0.13881680369377136
-0.6790743470191956 -0.5664033889770508 0.12809988856315613
-0.6434974670410156 -0.5331514477729797 0.11592797935009003
-0.6036962866783142 -0.498349130153656 0.10252761095762253
-0.5599176287651062 -0.4628421366214752 0.08812769502401352
-0.5124109387397766 -0.4275054633617401 0.07296277582645416
-0.46143513917922974 -0.39325276017189026 0.0572764128446579
-0.40726470947265625 -0.3610430359840393 0.041323740035295486
-0.35019543766975403 -0.3318864107131958 0.02537394128739834
-0.2905513048171997 -0.30684876441955566 0.009712507016956806
-0.22868911921977997 -0.2870536148548126 -0.005357272922992706
-0.16500450670719147 -0.27368277311325073 -0.019513128325343132
-0.10005547106266022 -0.2677708566188812 -0.03244712948799133
-0.03533809632062912 -0.26888376474380493 -0.04408595338463783
0.027177779003977776 -0.2758844494819641 -0.05446520820260048
0.08543362468481064 -0.2875842750072479 -0.06362095475196838
0.1372862458229065 -0.3027428984642029 -0.07159000635147095
0.18051061034202576 -0.3200664520263672 -0.07841046154499054
0.21280597150325775 -0.33820685744285583 -0.08412222564220428
0.23180465400218964 -0.35576286911964417 -0.08876756578683853
0.23508475720882416 -0.37128332257270813 -0.09239175170660019
0.22018541395664215 -0.38327136635780334 -0.09504331648349762
0.1846267133951187 -0.3901917040348053 -0.09677466005086899
0.12593260407447815 -0.3904797434806824 -0.09764237701892853
0.041657932102680206 -0.3825531601905823 -0.09770753234624863
-0.07058071345090866 -0.3648258149623871 -0.09703587740659714
-0.21307381987571716 -0.33572348952293396 -0.09569788724184036
-0.38797977566719055 -0.29370278120040894 -0.09376881271600723
0.8900068998336792 -0.3794943392276764 0.6574574708938599
0.795863687992096 -0.4592044949531555 0.4365381896495819
0.7218449115753174 -0.523475170135498 0.2616085410118103
0.6637184619903564 -0.5752739310264587 0.12337964028120041
0.6183428168296814 -0.616732120513916 0.015045162290334702
0.5833073258399963 -0.6494066715240479 -0.06852062791585922
0.5566977262496948 -0.6744498014450073 -0.13128599524497986
0.5369364619255066 -0.6927233934402466 -0.17641547322273254
0.5226700901985168 -0.7048786878585815 -0.2065189629793167
0.512687087059021 -0.7114142775535583 -0.22383363544940948
0.5058563351631165 -0.7127206921577454 -0.2303619086742401
0.5010802745819092 -0.7091166377067566 -0.2279800921678543
0.49725860357284546 -0.7008792161941528 -0.21852567791938782
0.4932630658149719 -0.6882734298706055 -0.20386762917041779
0.4879211187362671 -0.6715773940086365 -0.1859617382287979
0.4800114631652832 -0.6511085629463196 -0.1668895035982132
0.4682741165161133 -0.6272486448287964 -0.1488741636276245
0.4518090784549713 -0.6004859209060669 -0.1335265338420868
0.4305792450904846 -0.5714326500892639 -0.12083332985639572
0.4047018885612488 -0.5407533645629883 -0.11052986234426498
0.3743368685245514 -0.5091495513916016 -0.1023232713341713
0.3396855294704437 -0.4773511588573456 -0.09589507430791855
0.30099067091941833 -0.44610825181007385 -0.09090477973222733
0.258533775806427 -0.41618067026138306 -0.08699376881122589
0.21263206005096436 -0.38832759857177734 -0.0837898701429367
0.16363520920276642 -0.3632972836494446 -0.08091241121292114
0.11192052811384201 -0.3418159782886505 -0.07797735184431076
0.05788752809166908 -0.32457777857780457 -0.07460272312164307
0.001952890306711197 -0.3122350573539734 -0.07041391730308533
-0.055455610156059265 -0.30538976192474365 -0.06504888832569122
-0.11390594393014908 -0.3045855760574341 -0.058162886649370193
-0.17296677827835083 -0.31030216813087463 -0.049432892352342606
-0.23220914602279663 -0.32293230295181274 -0.038569625467061996
-0.2910361588001251 -0.34211158752441406 -0.025629673153162003
-0.34867191314697266 -0.3665679693222046 -0.011085361242294312
-0.40441444516181946 -0.39501282572746277 0.004586104769259691
-0.45765069127082825 -0.4262203276157379 0.02093704603612423
-0.5078513026237488 -0.4590395390987396 0.037552330642938614
-0.5545623302459717 -0.49239984154701233 0.05405052378773689
-0.5973961353302002 -0.5253117084503174 0.07008319348096848
-0.6360195875167847 -0.5568619966506958 0.08533238619565964
-0.6701436042785645 -0.586207389831543 0.09950749576091766
-0.699510931968689 -0.612564206123352 0.11234094202518463
-0.7238848209381104 -0.6351968050003052 0.12358354777097702
-0.7430373430252075 -0.6534038782119751 0.13299906253814697
-0.7567377090454102 -0.6665038466453552 0.1403585821390152
-0.7647407650947571 -0.6738186478614807 0.14543449878692627
-0.7667746543884277 -0.6746561527252197 0.14799392223358154
-0.7625577449798584 -0.6683542728424072 0.14781326055526733
-0.752208948135376 -0.6551573872566223 0.1449745148420334
-0.7361370921134949 -0.6359812021255493 0.1397843211889267
-0.7147104740142822 -0.6117062568664551 0.13253389298915863
-0.6882608532905579 -0.5831777453422546 0.12349922209978104
-0.6570910811424255 -0.5512212514877319 0.11294674873352051
-0.6214849948883057 -0.5166569352149963 0.10113811492919922
-0.581714928150177 -0.4803122580051422 0.08833479136228561
-0.5380488038063049 -0.4430325925350189 0.07480189204216003
-0.4907568097114563 -0.4056916832923889 0.06081163138151169
-0.44011765718460083 -0.36919957399368286 0.04664646089076996
-0.38642504811286926 -0.33451083302497864 0.03260194510221481
-0.32999253273010254 -0.30263030529022217 0.018988914787769318
-0.2711606025695801 -0.27461856603622437 0.006135790608823299
-0.21030113101005554 -0.2515948712825775 -0.005610142834484577
-0.14782269299030304 -0.23473869264125824 -0.015881694853305817
-0.0842842236161232 -0.22509175539016724 -0.024340365082025528
-0.021105490624904633 -0.222275510430336 -0.030994614586234093
0.03985320031642914 -0.2252330780029297 -0.03601626679301262
0.09664104133844376 -0.23286013305187225 -0.039583850651979446
0.1472199559211731 -0.24400369822978973 -0.041883111000061035
0.18946713209152222 -0.2574591338634491 -0.04310784116387367
0.2211816906929016 -0.27196890115737915 -0.04346056282520294
0.24009403586387634 -0.2862229645252228 -0.04315296187996864
0.2438804805278778 -0.29886144399642944 -0.04240594431757927
0.23018068075180054 -0.3084794282913208 -0.041449420154094696
0.19662071764469147 -0.31363436579704285 -0.040521614253520966
0.14083996415138245 -0.312855988740921 -0.03986800089478493
0.06052277982234955 -0.3046591877937317 -0.03973977267742157
-0.046565379947423935 -0.2875599265098572 -0.040391817688941956
-0.18254101276397705 -0.26009252667427063 -0.042080216109752655
-0.34935760498046875 -0.22083143889904022 -0.045059315860271454
0.8661179542541504 -0.34931787848472595 0.632260262966156
0.7746163010597229 -0.44727733731269836 0.40534383058547974
0.7042232155799866 -0.5248153209686279 0.2285657525062561
0.6503479480743408 -0.5860607028007507 0.09138759970664978
0.6096286177635193 -0.6339526176452637 -0.013812009245157242
0.57951420545578 -0.6706292033195496 -0.09271240234375
0.5579960346221924 -0.6976754069328308 -0.1496741622686386
0.5434276461601257 -0.7162864208221436 -0.1881549209356308
0.534400224685669 -0.7273816466331482 -0.21099793910980225
0.5296510457992554 -0.7316858768463135 -0.220640629529953
0.5279963612556458 -0.729791522026062 -0.21927177906036377
0.5282796621322632 -0.7222079038619995 -0.20895369350910187
0.529332160949707 -0.7094026803970337 -0.19172026216983795
0.5299444794654846 -0.6918391585350037 -0.16965536773204803
0.5288491249084473 -0.6700096130371094 -0.1449538767337799
0.5247153043746948 -0.6444661021232605 -0.11996327340602875
0.5161598324775696 -0.6158468723297119 -0.09719856083393097
0.5021958351135254 -0.5848370790481567 -0.07847528159618378
0.48280149698257446 -0.5520690679550171 -0.06374602764844894
0.45812860131263733 -0.5181984305381775 -0.05266766995191574
0.42837703227996826 -0.48391351103782654 -0.044856540858745575
0.39379337430000305 -0.4499260485172272 -0.03989158570766449
0.3546704351902008 -0.41696369647979736 -0.03731878101825714
0.31134429574012756 -0.3857600688934326 -0.03665618598461151
0.2641904354095459 -0.35704442858695984 -0.037399888038635254
0.21362024545669556 -0.33153221011161804 -0.03903048858046532
0.16007499396800995 -0.3099142909049988 -0.04102008789777756
0.10402006655931473 -0.2928478419780731 -0.042839519679546356
0.045938946306705475 -0.2809469401836395 -0.04396563768386841
-0.013673681765794754 -0.27477484941482544 -0.04388832673430443
-0.07431955635547638 -0.27483686804771423 -0.04211742803454399
-0.13550245761871338 -0.28157472610473633 -0.03818875178694725
-0.19673144817352295 -0.2953447997570038 -0.031679555773735046
-0.257377028465271 -0.31575143337249756 -0.022580323740839958
-0.3166665732860565 -0.3414970934391022 -0.011382268741726875
-0.37390342354774475 -0.37126749753952026 0.001407663687132299
-0.4284799098968506 -0.4038119614124298 0.015307837165892124
-0.47987133264541626 -0.43795454502105713 0.02986629121005535
-0.5276281833648682 -0.47260016202926636 0.04466310888528824
-0.5713666677474976 -0.50673508644104 0.0593106783926487
-0.6107571721076965 -0.5394228100776672 0.07345203310251236
-0.6455137729644775 -0.5697970390319824 0.08675826340913773
-0.6753819584846497 -0.5970516204833984 0.09892474114894867
-0.7001280188560486 -0.6204296350479126 0.10966674238443375
-0.7195261120796204 -0.6392084956169128 0.11871416121721268
-0.7333481907844543 -0.652686357498169 0.12580600380897522
-0.7413516044616699 -0.6601649522781372 0.13068431615829468
-0.7432672381401062 -0.6609320640563965 0.13308751583099365
-0.7388173937797546 -0.6543077230453491 0.13276681303977966
-0.728137731552124 -0.6405347585678101 0.12980972230434418
-0.7116639018058777 -0.6205413341522217 0.12455176562070847
-0.6897919178009033 -0.5952189564704895 0.11731419712305069
-0.6628800630569458 -0.5654219388961792 0.10840367525815964
-0.6312587857246399 -0.5319836735725403 0.09811801463365555
-0.5952387452125549 -0.4957294166088104 0.0867510661482811
-0.5551189184188843 -0.45748987793922424 0.07459741085767746
-0.5111940503120422 -0.4181118607521057 0.061956409364938736
-0.46376046538352966 -0.37846800684928894 0.049135416746139526
-0.4131225049495697 -0.3394657075405121 0.0364532507956028
-0.35959869623184204 -0.3020549714565277 0.024242890998721123
-0.30352672934532166 -0.2672348618507385 0.012853787280619144
-0.24526989459991455 -0.23605941236019135 0.0026540367398411036
-0.18522152304649353 -0.20964138209819794 -0.005968249868601561
-0.12381011992692947 -0.1891549825668335 -0.012604000978171825
-0.06160232797265053 -0.17564541101455688 -0.01688685454428196
5.2958934247726575e-05 -0.16878898441791534 -0.018908873200416565
0.059401076287031174 -0.1676105260848999 -0.01897989585995674
0.11459644138813019 -0.17109310626983643 -0.01742321066558361
0.1637052446603775 -0.17817547917366028 -0.014576436951756477
0.2047077864408493 -0.18774843215942383 -0.010792781598865986
0.23550528287887573 -0.19865258038043976 -0.0064419046975672245
0.2539302706718445 -0.20967815816402435 -0.0019101009238511324
0.25776207447052 -0.21956749260425568 0.002400332596153021
0.24474658071994781 -0.2270190268754959 0.006072244606912136
0.21262140572071075 -0.23069517314434052 0.008675960823893547
0.15914633870124817 -0.2292323112487793 0.009772387333214283
0.08213847130537033 -0.22125427424907684 0.008917149156332016
-0.020487632602453232 -0.20538875460624695 0.005665727891027927
-0.15067830681800842 -0.1802861988544464 -0.0004205422883387655
-0.3101918697357178 -0.14464223384857178 -0.00976746715605259
0.835598349571228 -0.31180036067962646 0.6016289591789246
0.7491928935050964 -0.42724573612213135 0.3736744523048401
0.6841919422149658 -0.51742023229599 0.1987292468547821
0.6358180046081543 -0.5876331329345703 0.06530530750751495
0.600608766078949 -0.641635537147522 -0.03482288122177124
0.5759572386741638 -0.6821438074111938 -0.10773644596338272
0.5598220229148865 -0.7111698985099792 -0.15807780623435974
0.5505345463752747 -0.7302364110946655 -0.18951497972011566
0.5466667413711548 -0.7405250072479248 -0.20506101846694946
0.5469351410865784 -0.7429807186126709 -0.207302525639534
0.5501300692558289 -0.7383915781974792 -0.19857077300548553
0.5550614595413208 -0.7274504899978638 -0.1810738444328308
0.5605174899101257 -0.7108075022697449 -0.15700200200080872
0.565234899520874 -0.6891137957572937 -0.12861163914203644
0.5678803324699402 -0.6630623936653137 -0.09828945249319077
0.5670451521873474 -0.6334218382835388 -0.06859537214040756
0.5612574815750122 -0.6010656952857971 -0.0422758087515831
0.5494686365127563 -0.5668529868125916 -0.021301425993442535
0.5316734910011292 -0.5314205884933472 -0.00557795912027359
0.5080546140670776 -0.49540069699287415 0.005321703385561705
0.47884589433670044 -0.459452748298645 0.011875579133629799
0.4443320333957672 -0.4242560565471649 0.014608830213546753
0.4048469066619873 -0.3905017673969269 0.01408891286700964
0.36077141761779785 -0.3588840365409851 0.01091962680220604
0.3125288486480713 -0.33009037375450134 0.0057341125793755054
0.2605813443660736 -0.3047929108142853 -0.0008129151538014412
0.20542383193969727 -0.2836386561393738 -0.008053595200181007
0.14757730066776276 -0.26724058389663696 -0.015315776690840721
0.08758273720741272 -0.25616931915283203 -0.021931972354650497
0.02599354088306427 -0.2509456276893616 -0.027248242869973183
-0.03663264214992523 -0.2520338296890259 -0.03063296526670456
-0.09974031895399094 -0.2598366141319275 -0.03148460388183594
-0.1627805233001709 -0.2746737003326416 -0.029250483959913254
-0.22509098052978516 -0.29612505435943604 -0.023859761655330658
-0.28589779138565063 -0.3228824734687805 -0.01582910679280758
-0.34450486302375793 -0.35362106561660767 -0.005701923742890358
-0.40030476450920105 -0.387078195810318 0.005999526474624872
-0.4527724087238312 -0.42206501960754395 0.018780015408992767
-0.5014578104019165 -0.4574727416038513 0.032174959778785706
-0.5459766983985901 -0.4922730624675751 0.04575172811746597
-0.58599853515625 -0.5255144238471985 0.05910879001021385
-0.6212366819381714 -0.5563152432441711 0.07187391072511673
-0.6514358520507812 -0.583854079246521 0.08370066434144974
-0.6763615608215332 -0.6073582768440247 0.09426451474428177
-0.695787787437439 -0.6260900497436523 0.10325755923986435
-0.7094857692718506 -0.6393322348594666 0.11038321256637573
-0.7172125577926636 -0.6463714838027954 0.11534984409809113
-0.7186990976333618 -0.6464809775352478 0.11786427348852158
-0.7136695384979248 -0.6389670968055725 0.11764992773532867
-0.702278196811676 -0.6240746974945068 0.11479810625314713
-0.6849931478500366 -0.6027440428733826 0.10967204719781876
-0.6622431874275208 -0.5758790969848633 0.10262151807546616
-0.6344192624092102 -0.5443447828292847 0.09398185461759567
-0.6018843054771423 -0.5089831352233887 0.0840800553560257
-0.5649814009666443 -0.4706268608570099 0.07323946803808212
-0.5240424275398254 -0.4301116466522217 0.06178482249379158
-0.47939401865005493 -0.3882869780063629 0.05004594847559929
-0.43136459589004517 -0.34602609276771545 0.03836149349808693
-0.3802900016307831 -0.30423441529273987 0.02708212472498417
-0.3265199363231659 -0.2638583779335022 0.01657341606914997
-0.27042219042778015 -0.22589097917079926 0.007218177430331707
-0.21238946914672852 -0.19137923419475555 -0.0005812919698655605
-0.15284329652786255 -0.16142791509628296 -0.006401789840310812
-0.09223895519971848 -0.13720335066318512 -0.009798174723982811
-0.03115813061594963 -0.11975090950727463 -0.01038135215640068
0.029112981632351875 -0.10879931598901749 -0.008327837102115154
0.08691742271184921 -0.10345423966646194 -0.004084317944943905
0.14050813019275665 -0.10278620570898056 0.0018823748687282205
0.1880500167608261 -0.1058269739151001 0.009083892218768597
0.22762243449687958 -0.11156535148620605 0.017008604481816292
0.25722602009773254 -0.11894410103559494 0.02512071095407009
0.2747938632965088 -0.12685921788215637 0.032860320061445236
0.2782081365585327 -0.13416145741939545 0.03964493051171303
0.2653209865093231 -0.13966022431850433 0.04487194865942001
0.23398204147815704 -0.14213061332702637 0.04792295768857002
0.1820710003376007 -0.14032331109046936 0.04816940054297447
0.10753556340932846 -0.1329776793718338 0.04497995227575302
0.008434869349002838 -0.11883833259344101 0.03772943839430809
-0.11701606959104538 -0.09667398035526276 0.02580908127129078
-0.270394504070282 -0.06529977172613144 0.00863834097981453
0.7975823879241943 -0.26719045639038086 0.5647267699241638
0.7189953327178955 -0.3985964059829712 0.34147948026657104
0.6612995862960815 -0.5002862215042114 0.17252150177955627
0.6197505593299866 -0.5786728858947754 0.045839760452508926
0.5909299850463867 -0.6382645964622498 -0.047113362699747086
0.5722747445106506 -0.6823173761367798 -0.1126289889216423
0.5617809891700745 -0.7132430672645569 -0.1554969698190689
0.5578098893165588 -0.7328716516494751 -0.17949965596199036
0.5589540600776672 -0.7426325678825378 -0.18774816393852234
0.5639418959617615 -0.7436798214912415 -0.1829223781824112
0.5715668797492981 -0.7369875907897949 -0.16744914650917053
0.580633282661438 -0.7234235405921936 -0.14363934099674225
0.5899149775505066 -0.7038084864616394 -0.11379663646221161
0.5981257557868958 -0.6789684891700745 -0.08030292391777039
0.6039007902145386 -0.6497789621353149 -0.0456838496029377
0.6057919263839722 -0.6172022223472595 -0.012650705873966217
0.6022799611091614 -0.5823169350624084 0.015888670459389687
0.5922855138778687 -0.5461261868476868 0.03786618262529373
0.5758214592933655 -0.5092531442642212 0.05343785881996155
0.5530962347984314 -0.47229012846946716 0.06312061846256256
0.5243706107139587 -0.4358522295951843 0.0674896389245987
0.4899570047855377 -0.40057021379470825 0.06717443466186523
0.45021936297416687 -0.36708441376686096 0.06285396963357925
0.4055704176425934 -0.33603623509407043 0.055250268429517746
0.356467604637146 -0.3080597221851349 0.04512075334787369
0.3034099340438843 -0.2837735712528229 0.0332498662173748
0.24693188071250916 -0.26377227902412415 0.020439431071281433
0.18759697675704956 -0.24861779808998108 0.007498655468225479
0.12599128484725952 -0.23883210122585297 -0.004766248632222414
0.06271609663963318 -0.23488976061344147 -0.0155625706538558
-0.0016210281755775213 -0.23721171915531158 -0.024121662601828575
-0.06641285866498947 -0.24616029858589172 -0.029708372429013252
-0.13105808198451996 -0.26201802492141724 -0.03164343163371086
-0.19486141204833984 -0.28434762358665466 -0.029799064621329308
-0.2570410966873169 -0.31184542179107666 -0.024723686277866364
-0.3168942928314209 -0.34319084882736206 -0.017003916203975677
-0.37380650639533997 -0.37712332606315613 -0.007209395058453083
-0.42724546790122986 -0.4124537408351898 0.004114591050893068
-0.4767541289329529 -0.4480709135532379 0.01645219698548317
-0.5219410061836243 -0.48294246196746826 0.0293193981051445
-0.5624694228172302 -0.5161111354827881 0.04226411134004593
-0.5980463624000549 -0.5466886758804321 0.05486509948968887
-0.628411054611206 -0.5738457441329956 0.06672888994216919
-0.653323769569397 -0.5968013405799866 0.07748624682426453
-0.6725537180900574 -0.6148090362548828 0.08678704500198364
-0.685867965221405 -0.627142608165741 0.0942949503660202
-0.6930198073387146 -0.633080005645752 0.09968112409114838
-0.6937364339828491 -0.6318856477737427 0.10261733829975128
-0.6877405643463135 -0.6228587031364441 0.10279620438814163
-0.6752079725265503 -0.6062487959861755 0.1003105640411377
-0.6566455960273743 -0.5830102562904358 0.09554906189441681
-0.6325212121009827 -0.554060697555542 0.08888743817806244
-0.6032649874687195 -0.520277738571167 0.08068690448999405
-0.5692786574363708 -0.48251476883888245 0.07130014151334763
-0.5309441089630127 -0.4416135847568512 0.061076242476701736
-0.48863181471824646 -0.3984174430370331 0.05036555603146553
-0.442706823348999 -0.3537805676460266 0.03952361270785332
-0.3935355544090271 -0.3085784614086151 0.028914745897054672
-0.3414917290210724 -0.2637166678905487 0.018915414810180664
-0.2869621515274048 -0.2201385349035263 0.009917129762470722
-0.23035122454166412 -0.1788320541381836 0.002328905975446105
-0.1720874160528183 -0.14083677530288696 -0.003420476568862796
-0.11262697726488113 -0.10724858939647675 -0.006880812346935272
-0.05245886370539665 -0.07922407984733582 -0.007579279597848654
0.00781288929283619 -0.057805486023426056 -0.005111560225486755
0.0669541135430336 -0.04277005419135094 0.0002615652629174292
0.12339404970407486 -0.033300504088401794 0.007960757240653038
0.17547333240509033 -0.028551766648888588 0.017380377277731895
0.22144578397274017 -0.027646606788039207 0.02788669615983963
0.25948095321655273 -0.029670752584934235 0.03881567716598511
0.2876713275909424 -0.033669158816337585 0.049472030252218246
0.3040439784526825 -0.038644496351480484 0.05912976339459419
0.30657804012298584 -0.04355798289179802 0.0670347809791565
0.29322677850723267 -0.04733240231871605 0.07240882515907288
0.2619467079639435 -0.048858385533094406 0.07445613294839859
0.210731640458107 -0.0470033697783947 0.07237201929092407
0.13765281438827515 -0.040623996406793594 0.06535378843545914
0.04090433567762375 -0.02858162671327591 0.05261391028761864
-0.08115038275718689 -0.009760510176420212 0.033394843339920044
-0.2299252301454544 0.016910823062062263 0.006986021995544434
0.7519009709358215 -0.21625582873821259 0.521416962146759
0.6838951706886292 -0.3615349531173706 0.30883026123046875
0.635426938533783 -0.47327783703804016 0.15009291470050812
0.6020186543464661 -0.5588372945785522 0.033154699951410294
0.5804489254951477 -0.6233736276626587 -0.05054007098078728
0.5683009028434753 -0.67061448097229 -0.10728372633457184
0.5636799335479736 -0.703325092792511 -0.1418716013431549
0.5650291442871094 -0.7236133813858032 -0.15809975564479828
0.5710018277168274 -0.7331348657608032 -0.15910419821739197
0.5803714394569397 -0.7332379817962646 -0.14760132133960724
0.5919636487960815 -0.7250706553459167 -0.12606589496135712
0.6046059131622314 -0.7096635103225708 -0.09686770290136337
0.6170873045921326 -0.6879962086677551 -0.06237907335162163
0.6281313896179199 -0.6610535979270935 -0.025058802217245102
0.6363784670829773 -0.6298731565475464 0.012484445236623287
0.6403811573982239 -0.5955836772918701 0.04745267331600189
0.6386176347732544 -0.5594346523284912 0.0768502727150917
0.6300108432769775 -0.5225396752357483 0.09857236593961716
0.6145937442779541 -0.48549020290374756 0.1128510981798172
0.5925946831703186 -0.4488229751586914 0.12029770761728287
0.5642932653427124 -0.413093626499176 0.12158535420894623
0.5300195217132568 -0.37887078523635864 0.11744583398103714
0.49015480279922485 -0.3467307388782501 0.10866503417491913
0.4451296627521515 -0.31725040078163147 0.0960768386721611
0.3954211473464966 -0.29099979996681213 0.08055547624826431
0.34154975414276123 -0.2685350179672241 0.06300703436136246
0.28407448530197144 -0.25039055943489075 0.04435935616493225
0.2235865294933319 -0.2370712161064148 0.025551075115799904
0.1607036292552948 -0.22904513776302338 0.007520342245697975
0.096062570810318 -0.2267371267080307 -0.008807096630334854
0.03031030111014843 -0.2305220067501068 -0.022530166432261467
-0.03590298071503639 -0.24071981012821198 -0.032783687114715576
-0.10193031281232834 -0.25757497549057007 -0.038764454424381256
-0.1670433133840561 -0.2806386649608612 -0.04029100015759468
-0.2304450124502182 -0.308626651763916 -0.03794865682721138
-0.2914178669452667 -0.34023669362068176 -0.0323728546500206
-0.34933239221572876 -0.374223530292511 -0.024186598137021065
-0.4036412835121155 -0.4094102084636688 -0.013991311192512512
-0.45387282967567444 -0.44469448924064636 -0.0023602943401783705
-0.499622106552124 -0.4790504574775696 0.010164950042963028
-0.5405391454696655 -0.5115247964859009 0.02307596243917942
-0.5763192772865295 -0.541231095790863 0.03589677810668945
-0.6066904664039612 -0.567340612411499 0.04818165302276611
-0.6314032673835754 -0.5890716314315796 0.0595116913318634
-0.6502172946929932 -0.605675995349884 0.06948992609977722
-0.6628916263580322 -0.616425633430481 0.07773615419864655
-0.6691716313362122 -0.6205964088439941 0.08388037234544754
-0.6687775254249573 -0.6174509525299072 0.08755594491958618
-0.6614272594451904 -0.6062878370285034 0.0884215459227562
-0.6473206281661987 -0.5873655080795288 0.08656878769397736
-0.6270105838775635 -0.5616542100906372 0.08240912109613419
-0.6010106801986694 -0.5300872325897217 0.07634124904870987
-0.5697967410087585 -0.4935574233531952 0.0687488317489624
-0.5338160395622253 -0.4529317617416382 0.060006529092788696
-0.4934954345226288 -0.40906402468681335 0.05048483982682228
-0.44924989342689514 -0.3628069758415222 0.0405549593269825
-0.4014889597892761 -0.3150220513343811 0.030592652037739754
-0.3506229519844055 -0.2665894329547882 0.020982006564736366
-0.29706883430480957 -0.21841579675674438 0.012118659913539886
-0.24125626683235168 -0.17144308984279633 0.004412882961332798
-0.18363185226917267 -0.1266547292470932 -0.0017079736571758986
-0.12466514855623245 -0.08508304506540298 -0.005796997807919979
-0.06485280394554138 -0.04781418293714523 -0.007385945878922939
-0.004722945392131805 -0.01599307730793953 -0.005983700510114431
0.05509155988693237 0.00934393797069788 -0.0011793234152719378
0.11339740455150604 0.028376366943120956 0.006682909559458494
0.16869695484638214 0.041849877685308456 0.016896486282348633
0.21940594911575317 0.05053028091788292 0.0287235789000988
0.26385512948036194 0.05520841106772423 0.04139266908168793
0.30029296875 0.056705497205257416 0.054096050560474396
0.32689347863197327 0.0558776780962944 0.06598902493715286
0.3417681157588959 0.05361807346343994 0.0761910155415535
0.342984139919281 0.050857063382864 0.08378930389881134
0.32858723402023315 0.04855998605489731 0.08784482628107071
0.29663214087486267 0.0477222241461277 0.08740118145942688
0.24521756172180176 0.04936133325099945 0.08149628341197968
0.17252777516841888 0.05450611561536789 0.06917700916528702
0.0768790915608406 0.0641825869679451 0.04951665550470352
-0.04323255643248558 0.0793972909450531 0.0216342955827713
-0.18907751142978668 0.10111763328313828 -0.015283088199794292
0.6993039846420288 -0.16039177775382996 0.47248801589012146
0.6443919539451599 -0.31723037362098694 0.27594050765037537
0.6069040894508362 -0.43744567036628723 0.13121145963668823
0.5828391313552856 -0.5291154980659485 0.02667333371937275
0.5693084597587585 -0.5979195833206177 -0.045945100486278534
0.5641328692436218 -0.6479722857475281 -0.09274556487798691
0.5655912160873413 -0.6823384761810303 -0.11839815229177475
0.5722550749778748 -0.7033668756484985 -0.12662144005298615
0.5828752517700195 -0.71291583776474 -0.12050896137952805
0.5963000655174255 -0.7125101089477539 -0.10276080667972565
0.6114153861999512 -0.7034584283828735 -0.07585489749908447
0.6270982027053833 -0.686941921710968 -0.0421779602766037
0.6421810984611511 -0.6640849113464355 -0.004127528518438339
0.6554279327392578 -0.636014461517334 0.035808123648166656
0.6655182838439941 -0.6039084792137146 0.07499144971370697
0.6710439324378967 -0.5690353512763977 0.11059942841529846
0.6705218553543091 -0.5327805876731873 0.13961856067180634
0.6629087328910828 -0.4963364899158478 0.15996293723583221
0.6482583284378052 -0.4602469503879547 0.1719522923231125
0.6268149018287659 -0.4249812066555023 0.1762935370206833
0.5988689064979553 -0.39102381467819214 0.17375539243221283
0.5647590160369873 -0.35887083411216736 0.1651667207479477
0.5248726606369019 -0.3290250301361084 0.1514127403497696
0.4796460270881653 -0.3019901216030121 0.13343007862567902
0.4295623302459717 -0.27826449275016785 0.11219983547925949
0.375149667263031 -0.2583349645137787 0.08873944729566574
0.31697747111320496 -0.24266982078552246 0.06409283727407455
0.2556512951850891 -0.23171156644821167 0.03931906074285507
0.19180771708488464 -0.22587041556835175 0.015480456873774529
0.12610729038715363 -0.2255174070596695 -0.006370567250996828
0.059226155281066895 -0.23097829520702362 -0.02520526945590973
-0.008151090703904629 -0.24252822995185852 -0.040031783282756805
-0.07533853501081467 -0.2603713572025299 -0.04992499575018883
-0.14157527685165405 -0.2840518355369568 -0.05465167015790939
-0.20604299008846283 -0.3123166561126709 -0.054836638271808624
-0.2680025100708008 -0.34389427304267883 -0.05116751417517662
-0.3268023431301117 -0.37756621837615967 -0.044324617832899094
-0.3818734884262085 -0.41217857599258423 -0.03496985509991646
-0.4327232539653778 -0.4466484487056732 -0.023738522082567215
-0.4789265990257263 -0.4799657166004181 -0.011234327219426632
-0.5201151371002197 -0.5111899971961975 0.001973083708435297
-0.5559669733047485 -0.5394453406333923 0.015348398126661777
-0.5861945152282715 -0.5639111399650574 0.028388988226652145
-0.6105337142944336 -0.5838124752044678 0.04062201827764511
-0.628731369972229 -0.5984066724777222 0.05159967020153999
-0.6405346393585205 -0.6069706082344055 0.06089400872588158
-0.6456780433654785 -0.6087847948074341 0.0680905357003212
-0.6438720226287842 -0.603117048740387 0.0727810189127922
-0.6348274946212769 -0.5892723202705383 0.07458743453025818
-0.6187710762023926 -0.5675219297409058 0.0735977292060852
-0.5963075160980225 -0.5388537049293518 0.07024358958005905
-0.5680029988288879 -0.504219114780426 0.06494392454624176
-0.5343847274780273 -0.46452796459198 0.05810191482305527
-0.4959511458873749 -0.420663446187973 0.05011078342795372
-0.45317941904067993 -0.3734932839870453 0.041358672082424164
-0.40653446316719055 -0.32388219237327576 0.03223339840769768
-0.356474906206131 -0.272700697183609 0.02312636375427246
-0.30345940589904785 -0.2208348661661148 0.01443618256598711
-0.24795283377170563 -0.16919438540935516 0.006572021171450615
-0.19043157994747162 -0.1187203973531723 -4.3406340410001576e-05
-0.13138805329799652 -0.07039216160774231 -0.004971121903508902
-0.07133686542510986 -0.025234434753656387 -0.0077534690499305725
-0.010818359442055225 0.015677310526371002 -0.00791195873171091
0.04959655553102493 0.05121149495244026 -0.004945589695125818
0.1092420369386673 0.0803409069776535 0.0015555404825136065
0.16695597767829895 0.10320691019296646 0.011163976043462753
0.22130186855793 0.120489701628685 0.02305089496076107
0.27075883746147156 0.13288182020187378 0.03635215386748314
0.31372323632240295 0.14109331369400024 0.050165675580501556
0.3485119938850403 0.14585798978805542 0.06354865431785583
0.37337034940719604 0.14793811738491058 0.07551699131727219
0.3864848017692566 0.14812743663787842 0.08504714071750641
0.3860011696815491 0.14725232124328613 0.0910811573266983
0.37004899978637695 0.14617058634757996 0.09253422915935516
0.33677157759666443 0.145767942070961 0.08830618113279343
0.28436246514320374 0.14695167541503906 0.07729621231555939
0.21110720932483673 0.15064138174057007 0.05842100456357002
0.11543038487434387 0.15775704383850098 0.03063642606139183
-0.004056330770254135 0.16920419037342072 -0.007038971409201622
-0.148500457406044 0.18585669994354248 -0.05549701303243637
0.6406993865966797 -0.10113939642906189 0.4188764989376068
0.6010745167732239 -0.26700839400291443 0.24304404854774475
0.5761147737503052 -0.3939858376979828 0.11560571938753128
0.5624641180038452 -0.49062421917915344 0.025754231959581375
0.5576772093772888 -0.5629682540893555 -0.03424469754099846
0.5598888993263245 -0.615421712398529 -0.07013530284166336
0.5676057934761047 -0.6512859463691711 -0.08634866774082184
0.57956862449646 -0.6731100082397461 -0.08644465357065201
0.5946578979492188 -0.682925820350647 -0.07341374456882477
0.611825168132782 -0.6824150681495667 -0.04989084228873253
0.6300415992736816 -0.6730307936668396 -0.018314426764845848
0.6482588052749634 -0.6560893058776855 0.01895299181342125
0.6653799414634705 -0.6328447461128235 0.059530843049287796
0.6802374720573425 -0.604547381401062 0.10094784945249557
0.6915817260742188 -0.572493314743042 0.14058932662010193
0.6980785131454468 -0.5380619168281555 0.17566555738449097
0.6983211636543274 -0.5027416348457336 0.20320914685726166
0.6913270950317383 -0.46777281165122986 0.22120319306850433
0.6771730780601501 -0.43364039063453674 0.23006227612495422
0.6561137437820435 -0.4007369875907898 0.23058675229549408
0.6284447312355042 -0.36946913599967957 0.2236357033252716
0.5945048332214355 -0.3402535319328308 0.21012666821479797
0.5546782612800598 -0.31351330876350403 0.1910342127084732
0.5093963742256165 -0.2896738648414612 0.16738629341125488
0.45913657546043396 -0.2691567838191986 0.14025886356830597
0.4044228196144104 -0.2523750960826874 0.1107688769698143
0.34582287073135376 -0.23972643911838531 0.08006507158279419
0.28394439816474915 -0.23158705234527588 0.049316875636577606
0.21943128108978271 -0.22830504179000854 0.019702067598700523
0.15295729041099548 -0.2301940619945526 -0.007607009261846542
0.08521807193756104 -0.23752714693546295 -0.03145907074213028
0.0169243011623621 -0.25053104758262634 -0.050738751888275146
-0.05120576545596123 -0.26936671137809753 -0.064400814473629
-0.11837992072105408 -0.2935737371444702 -0.0721607431769371
-0.1837536245584488 -0.32193997502326965 -0.07468348741531372
-0.24656066298484802 -0.3532344400882721 -0.07271009683609009
-0.3061217963695526 -0.3862755298614502 -0.06698013097047806
-0.36184069514274597 -0.4199417233467102 -0.05821850895881653
-0.41319820284843445 -0.45317864418029785 -0.04712558910250664
-0.4597441554069519 -0.48500069975852966 -0.034370601177215576
-0.5010867118835449 -0.5144887566566467 -0.020588038489222527
-0.5368823409080505 -0.5407847762107849 -0.006376189645379782
-0.5668238401412964 -0.5630842447280884 0.007701741065829992
-0.5906291007995605 -0.5806260108947754 0.02111532911658287
-0.6080291867256165 -0.5926800966262817 0.033362455666065216
-0.6187564134597778 -0.598534882068634 0.043964315205812454
-0.6225321292877197 -0.597482442855835 0.05245882645249367
-0.6190547347068787 -0.5888028144836426 0.058393556624650955
-0.6080270409584045 -0.5718140602111816 0.061351366341114044
-0.5897050499916077 -0.5468043088912964 0.061414312571287155
-0.5647513270378113 -0.5147811770439148 0.05903204157948494
-0.533789336681366 -0.4767155945301056 0.05464133247733116
-0.49740326404571533 -0.4335370361804962 0.04866217449307442
-0.4561474025249481 -0.3861464560031891 0.041503578424453735
-0.41055402159690857 -0.33542773127555847 0.03356820344924927
-0.3611418604850769 -0.2822587192058563 0.025257069617509842
-0.3084222972393036 -0.22752079367637634 0.016973312944173813
-0.25290602445602417 -0.17210720479488373 0.009125887416303158
-0.1951082944869995 -0.11693118512630463 0.0021328157745301723
-0.13555502891540527 -0.0629337802529335 -0.003575768554583192
-0.07478681951761246 -0.011090081185102463 -0.007554846815764904
-0.013364977203309536 0.037583231925964355 -0.009341956116259098
0.048124562948942184 0.08202257007360458 -0.008454899303615093
0.10906685143709183 0.12111165374517441 -0.004389663692563772
0.1687607765197754 0.15383534133434296 0.0032561097759753466
0.22606749832630157 0.18030226230621338 0.013971904292702675
0.2796010971069336 0.20113371312618256 0.026810605078935623
0.32789376378059387 0.2169555276632309 0.040787048637866974
0.3693976104259491 0.22840403020381927 0.05487511307001114
0.4024883210659027 0.23613227903842926 0.06800483912229538
0.4254733622074127 0.24081555008888245 0.07906224578619003
0.43660518527030945 0.24315501749515533 0.08689195662736893
0.4340999722480774 0.2438797652721405 0.0903034508228302
0.4161616861820221 0.24374687671661377 0.08808041363954544
0.38101300597190857 0.24353916943073273 0.07899462431669235
0.3269316256046295 0.244060680270195 0.06182336062192917
0.2522920072078705 0.24612946808338165 0.035370949655771255
0.15561243891716003 0.25056764483451843 -0.001505985506810248
0.03560231998562813 0.25818923115730286 -0.049871236085891724
-0.108784519135952 0.26978522539138794 -0.11067789793014526
0.5770847201347351 -0.040127698332071304 0.3615961968898773
0.5545789003372192 -0.21228408813476562 0.21038395166397095
0.5434684753417969 -0.3441658914089203 0.10298886150121689
0.5411599278450012 -0.44452768564224243 0.029735062271356583
0.5457322001457214 -0.5196106433868408 -0.016372786834836006
0.5556917786598206 -0.5740001797676086 -0.040585726499557495
0.5698160529136658 -0.6111643314361572 -0.04700077697634697
0.5870498418807983 -0.6338046193122864 -0.0389496311545372
0.6064314246177673 -0.6440947651863098 -0.01926525868475437
0.6270406246185303 -0.6438486576080322 0.009527531452476978
0.647957980632782 -0.6346439123153687 0.045070990920066833
0.6682340502738953 -0.6179147362709045 0.08506698906421661
0.6868667602539062 -0.5950257778167725 0.12719354033470154
0.7027842998504639 -0.5673304200172424 0.16904152929782867
0.7148363590240479 -0.5362181067466736 0.20806831121444702
0.721793532371521 -0.503150999546051 0.24157121777534485
0.722358226776123 -0.4696878492832184 0.26668688654899597
0.7156331539154053 -0.4370894134044647 0.2815101444721222
0.7017170786857605 -0.4057728350162506 0.2865535318851471
0.6808719038963318 -0.37605020403862 0.2827054560184479
0.6533923745155334 -0.3482460677623749 0.2709069848060608
0.6196107268333435 -0.32269471883773804 0.25215375423431396
0.5799002051353455 -0.2997375726699829 0.22749771177768707
0.534678041934967 -0.27971869707107544 0.19804507493972778
0.48440712690353394 -0.26298096776008606 0.16495342552661896
0.4295969605445862 -0.24986067414283752 0.12942619621753693
0.37080320715904236 -0.24068230390548706 0.09270472824573517
0.30862557888031006 -0.2357523888349533 0.05605785921216011
0.24370503425598145 -0.2353534698486328 0.0207696370780468
0.17671886086463928 -0.2397380769252777 -0.01187509298324585
0.10837341845035553 -0.24912232160568237 -0.04060790315270424
0.039397843182086945 -0.2636805474758148 -0.06419338285923004
-0.029464004561305046 -0.28352633118629456 -0.08146795630455017
-0.09739040583372116 -0.3081955909729004 -0.09209562838077545
-0.16350726783275604 -0.3365243673324585 -0.09678003191947937
-0.2270171344280243 -0.36733049154281616 -0.09631511569023132
-0.28720879554748535 -0.3994770646095276 -0.09149973839521408
-0.34345418214797974 -0.4318832457065582 -0.08312280476093292
-0.39520323276519775 -0.4635309875011444 -0.07195122539997101
-0.4419764578342438 -0.49346721172332764 -0.058721814304590225
-0.483354777097702 -0.5208015441894531 -0.04413624107837677
-0.5189694166183472 -0.5447018146514893 -0.0288584902882576
-0.5484901666641235 -0.5643861293792725 -0.013515103608369827
-0.5716145634651184 -0.5791143178939819 0.001303077326156199
-0.5880546569824219 -0.5881755948066711 0.0150368707254529
-0.5975263714790344 -0.5908771753311157 0.02715391106903553
-0.5997364521026611 -0.5865292549133301 0.03714217245578766
-0.5943701863288879 -0.5744304656982422 0.04450274258852005
-0.5811213850975037 -0.5539191365242004 0.04877752810716629
-0.5602781176567078 -0.5253040790557861 0.05004076287150383
-0.532565176486969 -0.48961418867111206 0.04875801131129265
-0.4986684322357178 -0.44784194231033325 0.045381832867860794
-0.45923304557800293 -0.40093758702278137 0.04034698009490967
-0.4148731231689453 -0.34982171654701233 0.03407588601112366
-0.36617952585220337 -0.29539555311203003 0.02698330022394657
-0.3137277662754059 -0.23855164647102356 0.019480668008327484
-0.2580850124359131 -0.18018291890621185 0.011979960836470127
-0.19981570541858673 -0.1211906149983406 0.00489719258621335
-0.13948754966259003 -0.06249190866947174 -0.0013442975468933582
-0.07767707109451294 -0.005027914885431528 -0.006310857832431793
-0.014973731711506844 0.05023089051246643 -0.009555642493069172
0.0480138398706913 0.10227667540311813 -0.010616005398333073
0.11065427213907242 0.15005901455879211 -0.00901100318878889
0.17228864133358002 0.19247880578041077 -0.004239057656377554
0.23218035697937012 0.22853580117225647 0.00408947141841054
0.2892073392868042 0.25831151008605957 0.015381124801933765
0.34202539920806885 0.282375305891037 0.028573788702487946
0.3892110586166382 0.30129382014274597 0.042565762996673584
0.42926374077796936 0.31563737988471985 0.05621270090341568
0.46060970425605774 0.3259865641593933 0.0683247298002243
0.4816109240055084 0.3329380750656128 0.07766661792993546
0.4905781149864197 0.3371090590953827 0.08296126872301102
0.4857895076274872 0.33914002776145935 0.08289695531129837
0.46551552414894104 0.33969610929489136 0.07613854110240936
0.4280487298965454 0.3394661843776703 0.06134321540594101
0.37174028158187866 0.3391600549221039 0.03718037158250809
0.2950407564640045 0.33950331807136536 0.0023558959364891052
0.19654659926891327 0.3412298560142517 -0.04435943812131882
0.07504630088806152 0.3450719118118286 -0.10409966856241226
-0.07042758166790009 0.35174790024757385 -0.17786911129951477
0.509530782699585 0.020950857549905777 0.30172258615493774
0.5055842399597168 -0.1545533984899521 0.17821133136749268
0.5094006657600403 -0.2893265187740326 0.09305769205093384
0.5192090272903442 -0.39204707741737366 0.03792817145586014
0.5336598753929138 -0.4689764082431793 0.006709638983011246
0.551669180393219 -0.5247676968574524 -0.005254667717963457
0.5723170638084412 -0.5629787445068359 -0.001653535757213831
0.5947787165641785 -0.5864116549491882 0.014467195607721806
0.6182751059532166 -0.597343921661377 0.04047906771302223
0.6420372128486633 -0.5976934432983398 0.07400940358638763
0.6652770042419434 -0.5891383290290833 0.11282045394182205
0.6871668696403503 -0.5732091069221497 0.15471771359443665
0.7068228721618652 -0.5513590574264526 0.19747881591320038
0.7232931852340698 -0.5250211954116821 0.23879987001419067
0.7355527877807617 -0.49565282464027405 0.27625641226768494
0.7425035834312439 -0.46476995944976807 0.30728137493133545
0.7429853081703186 -0.4339698255062103 0.32916584610939026
0.7362045049667358 -0.40450865030288696 0.34015145897865295
0.7222829461097717 -0.3767314553260803 0.34084805846214294
0.7014844417572021 -0.35086873173713684 0.3322235643863678
0.6740986108779907 -0.3271630108356476 0.3152901232242584
0.6404455304145813 -0.3058668076992035 0.29110950231552124
0.6008812785148621 -0.28723978996276855 0.26079726219177246
0.5558024048805237 -0.2715455889701843 0.22552426159381866
0.5056493282318115 -0.25904783606529236 0.18651536107063293
0.45090949535369873 -0.2500056326389313 0.14504700899124146
0.3921184241771698 -0.24466873705387115 0.10244043171405792
0.32985901832580566 -0.24327176809310913 0.060052309185266495
0.2647610306739807 -0.2460288256406784 0.019263070076704025
0.1974969059228897 -0.2531273663043976 -0.01853790320456028
0.12877587974071503 -0.26472246646881104 -0.05197099596261978
0.05933805927634239 -0.2809312641620636 -0.07968480885028839
-0.01005316711962223 -0.3018152713775635 -0.10039963573217392
-0.07854919135570526 -0.3269060254096985 -0.11372726410627365
-0.14524443447589874 -0.3550931513309479 -0.12040721625089645
-0.20930753648281097 -0.38524919748306274 -0.12128403037786484
-0.2699924111366272 -0.4162885248661041 -0.11721457540988922
-0.32663607597351074 -0.44717779755592346 -0.1090509295463562
-0.37865447998046875 -0.4769423007965088 -0.09762665629386902
-0.4255357086658478 -0.5046682953834534 -0.0837467834353447
-0.46683043241500854 -0.5295013189315796 -0.0681813433766365
-0.5021420121192932 -0.5506415367126465 -0.051661569625139236
-0.531114935874939 -0.567336916923523 -0.034879181534051895
-0.5534238815307617 -0.5788747668266296 -0.018487323075532913
-0.568760871887207 -0.5845704674720764 -0.0031042967457324266
-0.5768238306045532 -0.5837558507919312 0.010682052001357079
-0.5773038864135742 -0.5757661461830139 0.022307923063635826
-0.5698729157447815 -0.5599254965782166 0.031226349994540215
-0.5542160868644714 -0.5355986952781677 0.03693683445453644
-0.530655562877655 -0.5031187534332275 0.03950422629714012
-0.49998238682746887 -0.46353745460510254 0.0394083671271801
-0.4629480838775635 -0.4178699553012848 0.03711589798331261
-0.42026227712631226 -0.3670886754989624 0.03307460620999336
-0.3726019859313965 -0.31213483214378357 0.027718689292669296
-0.320618599653244 -0.253927618265152 0.021473046392202377
-0.26494714617729187 -0.19337542355060577 0.014757671393454075
-0.2062116414308548 -0.13138294219970703 0.00799123477190733
-0.14503148198127747 -0.06885960698127747 0.001594513887539506
-0.08202721923589706 -0.0067267268896102905 -0.004006328526884317
-0.017826063558459282 0.054075196385383606 -0.008376795798540115
0.04693404212594032 0.11258069425821304 -0.011071235872805119
0.11159820854663849 0.1677917093038559 -0.011629987508058548
0.17549076676368713 0.21867239475250244 -0.0095768878236413
0.23791050910949707 0.2641425132751465 -0.004416716750711203
0.2980864644050598 0.3032195568084717 0.004223742987960577
0.3549084961414337 0.33596351742744446 0.015668047592043877
0.4070667326450348 0.3628992438316345 0.028741640970110893
0.4531748592853546 0.384542316198349 0.04223001003265381
0.49177300930023193 0.40140601992607117 0.05487557500600815
0.5213316082954407 0.4140075445175171 0.06537474691867828
0.5402604341506958 0.4228748679161072 0.07237861305475235
0.546921968460083 0.4285511076450348 0.07449696213006973
0.5396499037742615 0.43159881234169006 0.07030662149190903
0.5167731046676636 0.4326012432575226 0.058363884687423706
0.47664520144462585 0.43216410279273987 0.037221889942884445
0.4176799952983856 0.43091341853141785 0.0054523940198123455
0.33839115500450134 0.4294925928115845 -0.038327883929014206
0.23743702471256256 0.42855730652809143 -0.09542646259069443
0.11366535723209381 0.42876774072647095 -0.16704261302947998
-0.03383631631731987 0.43077921867370605 -0.25423017144203186
0.43916285037994385 0.08036830276250839 0.24037425220012665
0.4548078775405884 -0.09538062661886215 0.14678284525871277
0.4743725061416626 -0.2308800220489502 0.0854923203587532
0.49691057205200195 -0.3344653844833374 0.04961676895618439
0.5216571092605591 -0.4122436046600342 0.03400673717260361
0.5479549765586853 -0.46881797909736633 0.034663889557123184
0.57520592212677 -0.5077560544013977 0.048360057175159454
0.6028352975845337 -0.5319026708602905 0.0723796859383583
0.6302670240402222 -0.5435969829559326 0.1043391227722168
0.6569031476974487 -0.5448269844055176 0.14205557107925415
0.6821087598800659 -0.5373438000679016 0.18344874680042267
0.7051985859870911 -0.5227478742599487 0.22646565735340118
0.7254285216331482 -0.5025562644004822 0.26902279257774353
0.7419891953468323 -0.4782554507255554 0.3089621067047119
0.7540029287338257 -0.4513435661792755 0.34401923418045044
0.7605260610580444 -0.42336153984069824 0.37180548906326294
0.7605575919151306 -0.3959141969680786 0.38980820775032043
0.753424346446991 -0.3702319860458374 0.396444171667099
0.73926842212677 -0.34658604860305786 0.39241495728492737
0.7183528542518616 -0.3251279592514038 0.3787572979927063
0.6909576058387756 -0.30602142214775085 0.35654231905937195
0.6573860049247742 -0.2894400954246521 0.32688409090042114
0.6179723739624023 -0.27556532621383667 0.29094812273979187
0.5730880498886108 -0.2645828127861023 0.2499551922082901
0.5231454968452454 -0.25667881965637207 0.20518355071544647
0.46860405802726746 -0.25203627347946167 0.15796861052513123
0.40997302532196045 -0.25082993507385254 0.10969838500022888
0.3478120267391205 -0.2532215118408203 0.06180566921830177
0.2827325761318207 -0.2593541443347931 0.015756880864501
0.2153954654932022 -0.2693469524383545 -0.0269628893584013
0.14650598168373108 -0.28328970074653625 -0.0648694783449173
0.07680869847536087 -0.30123740434646606 -0.09650056809186935
0.007080430630594492 -0.32319435477256775 -0.12046346068382263
-0.06180630624294281 -0.3486860990524292 -0.13631702959537506
-0.1289139837026596 -0.37665891647338867 -0.14483267068862915
-0.19337628781795502 -0.4060443937778473 -0.14690186083316803
-0.2544107437133789 -0.43581318855285645 -0.14343656599521637
-0.31131765246391296 -0.46498480439186096 -0.13534997403621674
-0.36347705125808716 -0.4926338493824005 -0.12354086339473724
-0.41034284234046936 -0.5178920030593872 -0.10888179391622543
-0.451433390378952 -0.5399467945098877 -0.0922110378742218
-0.4863224923610687 -0.5580371618270874 -0.07432740926742554
-0.5146277546882629 -0.5714471340179443 -0.05598851665854454
-0.5359999537467957 -0.5794979333877563 -0.037910811603069305
-0.5501098036766052 -0.5815368890762329 -0.020772740244865417
-0.5566370487213135 -0.5769273638725281 -0.0052188122645020485
-0.5552569031715393 -0.5650354027748108 0.008134336210787296
-0.5456278920173645 -0.5452166795730591 0.018690718337893486
-0.5274274945259094 -0.5168690085411072 0.025906668975949287
-0.5010141134262085 -0.48035305738449097 0.029836561530828476
-0.4672471582889557 -0.43674376606941223 0.030973073095083237
-0.4269465208053589 -0.38708004355430603 0.02979566529393196
-0.38088831305503845 -0.33235710859298706 0.02676398865878582
-0.32981419563293457 -0.27353718876838684 0.022322729229927063
-0.274437814950943 -0.21155816316604614 0.016905849799513817
-0.21545419096946716 -0.14734385907649994 0.01094057597219944
-0.1535448580980301 -0.08181110769510269 0.00485100457444787
-0.08938409388065338 -0.01587712951004505 -0.0009386835154145956
-0.02364480122923851 0.04953310638666153 -0.006001015659421682
0.04299629107117653 0.11348006874322891 -0.009902258403599262
0.10985419154167175 0.17500433325767517 -0.012199629098176956
0.17622968554496765 0.23311872780323029 -0.01243844535201788
0.24140521883964539 0.2868030071258545 -0.010149464011192322
0.3046400845050812 0.33499768376350403 -0.00484614260494709
0.36513108015060425 0.3767402768135071 0.003825828433036804
0.42177650332450867 0.412075012922287 0.015106919221580029
0.4732951521873474 0.4414900839328766 0.02771187387406826
0.5183326005935669 0.46545901894569397 0.04031618684530258
0.555463969707489 0.48444727063179016 0.05155293643474579
0.5831994414329529 0.49891912937164307 0.06000998616218567
0.5999913811683655 0.5093446373939514 0.0642307847738266
0.6042490005493164 0.5162041783332825 0.06271899491548538
0.5943555235862732 0.5199936628341675 0.053947389125823975
0.5686913728713989 0.5212268233299255 0.03637130185961723
0.5256630182266235 0.5204373002052307 0.008446862921118736
0.4637358486652374 0.5181788802146912 -0.0313459113240242
0.38147321343421936 0.5150237679481506 -0.08447553217411041
0.2775785028934479 0.5115595459938049 -0.15232667326927185
0.15093781054019928 0.5083838105201721 -0.23616650700569153
0.0006682546809315681 0.5060970783233643 -0.3371053636074066
0.3671419322490692 0.13638785481452942 0.17869417369365692
0.40299925208091736 -0.03638492897152901 0.11635787785053253
0.43886977434158325 -0.17030750215053558 0.07995569705963135
0.47458094358444214 -0.27313244342803955 0.06405199319124222
0.509931743144989 -0.3506474494934082 0.06448111683130264
0.544688880443573 -0.4072904884815216 0.07793007045984268
0.5785822868347168 -0.446556031703949 0.10166109353303909
0.6112999320030212 -0.471270889043808 0.133320152759552
0.6424840688705444 -0.4837885797023773 0.17080055177211761
0.6717258095741272 -0.48612937331199646 0.21214282512664795
0.6985616683959961 -0.4800841808319092 0.2554585337638855
0.722468912601471 -0.4672938287258148 0.29887208342552185
0.7428632378578186 -0.4493105411529541 0.3404752314090729
0.7590968012809753 -0.4276461899280548 0.378292977809906
0.7704588174819946 -0.40381065011024475 0.4102577567100525
0.7761781215667725 -0.37934133410453796 0.4341948926448822
0.7754313349723816 -0.3558221459388733 0.4478222727775574
0.7676758170127869 -0.334437757730484 0.4497506320476532
0.7530726790428162 -0.3153879642486572 0.44076600670814514
0.7318799495697021 -0.29875048995018005 0.42196106910705566
0.7043645977973938 -0.28461581468582153 0.39445212483406067
0.6708105802536011 -0.27308449149131775 0.35939231514930725
0.6315272450447083 -0.2642645835876465 0.31798258423805237
0.5868567824363708 -0.258268266916275 0.27147960662841797
0.5371808409690857 -0.2552081346511841 0.22120089828968048
0.4829271137714386 -0.25519320368766785 0.16852730512619019
0.4245738387107849 -0.2583247125148773 0.11490068584680557
0.3626531958580017 -0.264691025018692 0.06181766465306282
0.2977531850337982 -0.2743629217147827 0.010819838382303715
0.23051756620407104 -0.28738847374916077 -0.036521438509225845
0.1616419404745102 -0.3037882149219513 -0.0786256492137909
0.09186965972185135 -0.32355040311813354 -0.11392555385828018
0.021985474973917007 -0.3466169536113739 -0.1409199982881546
-0.04711775854229927 -0.37250497937202454 -0.15911471843719482
-0.11447150260210037 -0.400218665599823 -0.16930826008319855
-0.17917492985725403 -0.4287516176700592 -0.17243432998657227
-0.24040915071964264 -0.45713409781455994 -0.16945569217205048
-0.2974373996257782 -0.48444271087646484 -0.16134323179721832
-0.34960341453552246 -0.5098059773445129 -0.14905810356140137
-0.39632588624954224 -0.5324062705039978 -0.13353829085826874
-0.4370903968811035 -0.551478385925293 -0.11568879336118698
-0.47144028544425964 -0.5663056969642639 -0.09637508541345596
-0.4989658296108246 -0.5762139558792114 -0.0764201357960701
-0.5192931890487671 -0.5805638432502747 -0.05660352483391762
-0.5320719480514526 -0.5787405371665955 -0.037663932889699936
-0.5369635224342346 -0.5701447129249573 -0.020302632823586464
-0.5336277484893799 -0.5541788935661316 -0.005189416464418173
-0.5217108726501465 -0.5302361249923706 0.007030639331787825
-0.5008835792541504 -0.4977526366710663 0.015770595520734787
-0.4715419411659241 -0.45711901783943176 0.02107371762394905
-0.43461528420448303 -0.4094342887401581 0.023444507271051407
-0.3909926414489746 -0.3557610511779785 0.023374387994408607
-0.3415175974369049 -0.2971172630786896 0.02133411169052124
-0.2869968116283417 -0.23448613286018372 0.017778269946575165
-0.2282065451145172 -0.16882386803627014 0.013149228878319263
-0.16590158641338348 -0.1010693684220314 0.007880942896008492
-0.10082034021615982 -0.03215096890926361 0.0024023379664868116
-0.03369096666574478 0.03700673580169678 -0.002859515370801091
0.034762971103191376 0.10547593235969543 -0.007476349826902151
0.10381707549095154 0.1723192036151886 -0.011015832424163818
0.17274178564548492 0.23658369481563568 -0.013038679957389832
0.24079640209674835 0.2972942888736725 -0.013095916248857975
0.3072245717048645 0.35344767570495605 -0.010726051405072212
0.37124961614608765 0.4040062427520752 -0.00545231020078063
0.43203914165496826 0.4480295181274414 0.0030595932621508837
0.48849785327911377 0.48555201292037964 0.01396667119115591
0.5393685102462769 0.5170336365699768 0.025873688980937004
0.5833244919776917 0.5429146885871887 0.03734796121716499
0.6189733743667603 0.563623309135437 0.04691603407263756
0.6448603272438049 0.5795819163322449 0.05306091532111168
0.6594780087471008 0.5912140607833862 0.054222915321588516
0.6612779498100281 0.598949670791626 0.048804547637701035
0.6486877799034119 0.6032305359840393 0.03517946973443031
0.6201338768005371 0.6045130491256714 0.011706511490046978
0.5740670561790466 0.6032714247703552 -0.023251919075846672
0.5089941024780273 0.5999990701675415 -0.07130637019872665
0.4235139489173889 0.5952081680297852 -0.13401226699352264
0.3163573443889618 0.5894284248352051 -0.21283705532550812
0.18642657995224 0.5832034349441528 -0.30912625789642334
0.03284140303730965 0.5770859718322754 -0.42406296730041504
0.2946465015411377 0.1872890442609787 0.11783292889595032
0.3509339690208435 0.020773814991116524 0.08719678223133087
0.40340203046798706 -0.1091548278927803 0.0760943740606308
0.45255398750305176 -0.20946833491325378 0.08045143634080887
0.4987030029296875 -0.2854888439178467 0.09704883396625519
0.5420170426368713 -0.3413808345794678 0.12325005233287811
0.5825485587120056 -0.38048356771469116 0.1568150371313095
0.6202531456947327 -0.4055425822734833 0.19576852023601532
0.6550019383430481 -0.41887497901916504 0.23830439150333405
0.6865902543067932 -0.422490656375885 0.28271421790122986
0.7147428393363953 -0.4181835651397705 0.327332079410553
0.7391167879104614 -0.4076010584831238 0.3704918920993805
0.7593055367469788 -0.3922988474369049 0.4104936420917511
0.7748397588729858 -0.37378376722335815 0.4455772936344147
0.7851911783218384 -0.3535483479499817 0.47390279173851013
0.7897756099700928 -0.3330976366996765 0.4935377836227417
0.7879594564437866 -0.3139674961566925 0.5024551749229431
0.7793387770652771 -0.29728060960769653 0.4994724988937378
0.7640901803970337 -0.28316959738731384 0.4854491651058197
0.742464005947113 -0.2716459035873413 0.46152010560035706
0.7147114276885986 -0.26273438334465027 0.4288334250450134
0.6810945868492126 -0.2564696967601776 0.3885672986507416
0.6418963670730591 -0.2528933882713318 0.34194472432136536
0.597428560256958 -0.2520500123500824 0.2902447283267975
0.5480399131774902 -0.25398334860801697 0.23481088876724243
0.49412453174591064 -0.2587323784828186 0.1770561933517456
0.43612778186798096 -0.266326904296875 0.11846361309289932
0.37455108761787415 -0.2767831087112427 0.060581520199775696
0.3099559545516968 -0.2900989055633545 0.005014991853386164
0.24296501278877258 -0.30624932050704956 -0.04658884182572365
0.17425982654094696 -0.32518279552459717 -0.09256212413311005
0.10457781702280045 -0.34681668877601624 -0.13124071061611176
0.03470669314265251 -0.37102603912353516 -0.16102124750614166
-0.03444425016641617 -0.39731645584106445 -0.18135711550712585
-0.10187788307666779 -0.42475029826164246 -0.1930686980485916
-0.1666606366634369 -0.45238402485847473 -0.19712629914283752
-0.22793878614902496 -0.47930991649627686 -0.19453829526901245
-0.2849397659301758 -0.5046645998954773 -0.18632838129997253
-0.336971640586853 -0.5276339054107666 -0.17351609468460083
-0.3834186792373657 -0.5474550724029541 -0.15710118412971497
-0.4237339496612549 -0.563414454460144 -0.13805240392684937
-0.457430899143219 -0.5748448371887207 -0.11729954928159714
-0.48407241702079773 -0.5811184048652649 -0.09572902321815491
-0.5032610297203064 -0.581640362739563 -0.07418208569288254
-0.5146253705024719 -0.5758391618728638 -0.053456563502550125
-0.5178091526031494 -0.5631569623947144 -0.03430955857038498
-0.5124582648277283 -0.543038547039032 -0.017463115975260735
-0.49820783734321594 -0.514919102191925 -0.003610746469348669
-0.4747236371040344 -0.4782778024673462 0.006618096958845854
-0.44243982434272766 -0.43353745341300964 0.013255509547889233
-0.40235504508018494 -0.38182029128074646 0.01681719534099102
-0.3554272949695587 -0.32421213388442993 0.01780616119503975
-0.302566796541214 -0.2617529034614563 0.01670396700501442
-0.24464471638202667 -0.19544617831707 0.01397495623677969
-0.1824987828731537 -0.1262655258178711 0.0100698908790946
-0.11694206297397614 -0.05516412481665611 0.005429529584944248
-0.048768166452646255 0.016919301822781563 0.00048780450015328825
0.02124292217195034 0.089053675532341 -0.004325138870626688
0.09231939911842346 0.16030949354171753 -0.008579992689192295
0.16369189321994781 0.22975198924541473 -0.011845454573631287
0.23458950221538544 0.2964363098144531 -0.013685458339750767
0.30423325300216675 0.35940006375312805 -0.013656392693519592
0.3718319237232208 0.41765767335891724 -0.01130425650626421
0.43657684326171875 0.47019463777542114 -0.006161834578961134
0.49761006236076355 0.5160940885543823 0.0020850286819040775
0.5538411736488342 0.5553863644599915 0.012509140186011791
0.6040341854095459 0.5885117053985596 0.023604927584528923
0.646888017654419 0.615887463092804 0.033832114189863205
0.6810396909713745 0.6379144787788391 0.041612185537815094
0.7050684094429016 0.6549849510192871 0.04532549902796745
0.71750408411026 0.6674882173538208 0.04331197589635849
0.7168379426002502 0.6758164167404175 0.033875659108161926
0.7015390396118164 0.6803699135780334 0.015293525531888008
0.6700732707977295 0.6815608739852905 -0.014170952141284943
0.6209284067153931 0.6798168420791626 -0.05624976009130478
0.5526421070098877 0.6755828261375427 -0.11264757812023163
0.4638347923755646 0.6693220734596252 -0.18501414358615875
0.3532460033893585 0.6615161895751953 -0.2749122381210327
0.21977077424526215 0.652662992477417 -0.38378408551216125
0.06250271201133728 0.6432741284370422 -0.5129112601280212
0.2228531390428543 0.2313918173313141 0.05893010273575783
0.299405574798584 0.07441169768571854 0.05955739691853523
0.3684990704059601 -0.04902465268969536 0.07353901863098145
0.43118011951446533 -0.1449623554944992 0.09799844026565552
0.4882008731365204 -0.21813863515853882 0.1305762082338333
0.540091335773468 -0.2723478674888611 0.16927041113376617
0.5872094035148621 -0.3106965720653534 0.2123243510723114
0.6297752261161804 -0.33578500151634216 0.25814443826675415
0.6678954362869263 -0.3498404920101166 0.30523917078971863
0.7015807628631592 -0.3548167943954468 0.3521721363067627
0.7307582497596741 -0.3524700105190277 0.3975251615047455
0.7552807927131653 -0.34441694617271423 0.4398687779903412
0.774933934211731 -0.3321824371814728 0.4777384102344513
0.7894414067268372 -0.3172362446784973 0.5096152424812317
0.7984693646430969 -0.30102354288101196 0.5339104533195496
0.8016307353973389 -0.28498929738998413 0.5489533543586731
0.7984904646873474 -0.2705960273742676 0.5529884696006775
0.7887864708900452 -0.25888994336128235 0.5450446605682373
0.7727084159851074 -0.24994303286075592 0.526042640209198
0.7504954934120178 -0.24370966851711273 0.49714553356170654
0.7223815321922302 -0.24015775322914124 0.4595200717449188
0.6886060237884521 -0.23926453292369843 0.41435644030570984
0.6494244933128357 -0.24101272225379944 0.3628872036933899
0.6051182746887207 -0.24538610875606537 0.3064013123512268
0.5560033321380615 -0.2523656487464905 0.2462560534477234
0.5024399161338806 -0.2619248926639557 0.1838841438293457
0.4448399543762207 -0.2740257680416107 0.12079738080501556
0.3836732804775238 -0.28861433267593384 0.05858353152871132
0.3194730281829834 -0.30561622977256775 -0.0011007089633494616
0.2528386116027832 -0.3249330222606659 -0.05654394254088402
0.18443430960178375 -0.3464389443397522 -0.1060018390417099
0.11498800665140152 -0.3699777126312256 -0.14772319793701172
0.0452861562371254 -0.39535388350486755 -0.18001089990139008
-0.023749757558107376 -0.4220585227012634 -0.20226819813251495
-0.0910976380109787 -0.4492112994194031 -0.21533164381980896
-0.1557946652173996 -0.4759313464164734 -0.22020204365253448
-0.21695518493652344 -0.5013737082481384 -0.21792741119861603
-0.27377352118492126 -0.5247368812561035 -0.2095782458782196
-0.3255244195461273 -0.5452663898468018 -0.19622676074504852
-0.37155967950820923 -0.5622569918632507 -0.17892949283123016
-0.41130149364471436 -0.5750505924224854 -0.1587146371603012
-0.44423484802246094 -0.5830324292182922 -0.1365722268819809
-0.46989691257476807 -0.5856256484985352 -0.11344882845878601
-0.4878672957420349 -0.582283616065979 -0.09024444222450256
-0.4977552592754364 -0.5724822282791138 -0.06781338155269623
-0.49918854236602783 -0.5557097792625427 -0.04696657881140709
-0.4918001592159271 -0.5314566493034363 -0.028476310893893242
-0.47521618008613586 -0.4992049038410187 -0.013082742691040039
-0.44909900426864624 -0.4584800899028778 -0.001456143450923264
-0.41392070055007935 -0.40973803400993347 0.006424914579838514
-0.37074723839759827 -0.35412293672561646 0.011087249964475632
-0.3206031322479248 -0.2927424907684326 0.01304542738944292
-0.26446333527565 -0.2266571819782257 0.012792021967470646
-0.20326094329357147 -0.1568891704082489 0.010801495984196663
-0.13789290189743042 -0.08442813903093338 0.007533513940870762
-0.06922813504934311 -0.010240151546895504 0.0034362534061074257
0.0018874509260058403 0.06472696363925934 -0.0010505692334845662
0.07462501525878906 0.1395370215177536 -0.00549284927546978
0.14816762506961823 0.21325968205928802 -0.00945921242237091
0.2217043936252594 0.28496411442756653 -0.012518356554210186
0.29442664980888367 0.3537140488624573 -0.014236243441700935
0.36552104353904724 0.4185604751110077 -0.014173398725688457
0.43416547775268555 0.47853630781173706 -0.011882083490490913
0.49952372908592224 0.5326505303382874 -0.00690340856090188
0.5607160925865173 0.5800108313560486 0.00105753552634269
0.6166567802429199 0.6206497550010681 0.010987937450408936
0.6661288738250732 0.6549962162971497 0.021270306780934334
0.7078555822372437 0.6834542751312256 0.03025594912469387
0.740502655506134 0.7064095139503479 0.03626133129000664
0.7626825571060181 0.7242346405982971 0.037564732134342194
0.7729610800743103 0.7372975945472717 0.03240643069148064
0.7698680758476257 0.7459655404090881 0.01899261400103569
0.7519098520278931 0.7506103515625 -0.004496861714869738
0.7175881266593933 0.751613438129425 -0.03989582508802414
0.6654199361801147 0.749367892742157 -0.08903535455465317
0.593963086605072 0.7442824244499207 -0.15372252464294434
0.5018450021743774 0.7367824912071228 -0.23571465909481049
0.3877947926521301 0.7273112535476685 -0.3366889953613281
0.2506757080554962 0.7163284420967102 -0.4582112729549408
0.08952398598194122 0.7043095827102661 -0.6016965508460999
0.15292052924633026 0.26707714796066284 0.003099793801084161
0.24921849370002747 0.12283714860677719 0.03369290009140968
0.3347088396549225 0.008432155475020409 0.07190586626529694
0.41082581877708435 -0.08117209374904633 0.11584308743476868
0.4786665439605713 -0.15004153549671173 0.16387830674648285
0.539069652557373 -0.20152129232883453 0.21457402408123016
0.5926715731620789 -0.2384147197008133 0.2666223347187042
0.6399468779563904 -0.2631153166294098 0.3187999129295349
0.68123859167099 -0.27770623564720154 0.36993303894996643
0.7167807221412659 -0.284036785364151 0.41887032985687256
0.7467140555381775 -0.28378114104270935 0.46445906162261963
0.7710994482040405 -0.2784862518310547 0.5055269002914429
0.7899273037910461 -0.26960960030555725 0.5408651232719421
0.8031247854232788 -0.2585507035255432 0.5692147016525269
0.8105612397193909 -0.24667711555957794 0.5892532467842102
0.8120529055595398 -0.23534688353538513 0.5995837450027466
0.8073673248291016 -0.22592537105083466 0.5987285375595093
0.7963851690292358 -0.21937011182308197 0.5859264731407166
0.7793058753013611 -0.21570011973381042 0.5621462464332581
0.7563552260398865 -0.2148226648569107 0.5285661816596985
0.7277488708496094 -0.21665827929973602 0.4863591194152832
0.693703293800354 -0.2211356908082962 0.43671560287475586
0.6544474959373474 -0.22818700969219208 0.3808664381504059
0.6102333664894104 -0.23774278163909912 0.32009997963905334
0.561345636844635 -0.24972763657569885 0.255775511264801
0.5081120729446411 -0.2640552818775177 0.18933449685573578
0.4509122371673584 -0.2806241810321808 0.1223055049777031
0.3901849091053009 -0.29931336641311646 0.05630357563495636
0.3264352083206177 -0.3199784755706787 -0.006975516211241484
0.26023802161216736 -0.3424481451511383 -0.06576871126890182
0.19223904609680176 -0.36652204394340515 -0.11826767027378082
0.12315388768911362 -0.39196914434432983 -0.16264615952968597
0.05376438423991203 -0.41852137446403503 -0.1971244513988495
-0.015000144019722939 -0.44565290212631226 -0.22105932235717773
-0.0820976123213768 -0.47253847122192383 -0.23529839515686035
-0.14654071629047394 -0.49835917353630066 -0.24086648225784302
-0.2074165791273117 -0.5223324298858643 -0.23884403705596924
-0.26389047503471375 -0.5437188148498535 -0.2303415685892105
-0.31520769000053406 -0.5618250370025635 -0.21647712588310242
-0.3606908619403839 -0.5760053396224976 -0.19835764169692993
-0.3997344970703125 -0.5856589674949646 -0.1770644187927246
-0.4317973852157593 -0.5902264714241028 -0.15364228188991547
-0.4563935399055481 -0.5891841053962708 -0.12909291684627533
-0.47308191657066345 -0.5820374488830566 -0.10437057167291641
-0.48145443201065063 -0.5683118104934692 -0.0803820788860321
-0.48112455010414124 -0.5475451350212097 -0.057988397777080536
-0.4717146158218384 -0.5192766189575195 -0.03800900653004646
-0.45284363627433777 -0.4830373525619507 -0.021227609366178513
-0.42417284846305847 -0.438402384519577 -0.008352692238986492
-0.3862106502056122 -0.38586026430130005 0.000627806643024087
-0.3400857150554657 -0.32657474279403687 0.006252105347812176
-0.2868855893611908 -0.2616727948188782 0.009046808816492558
-0.22764571011066437 -0.1922333985567093 0.009516212157905102
-0.16335758566856384 -0.11929524689912796 0.008145677857100964
-0.09497327357530594 -0.04386207461357117 0.005404757335782051
-0.02341390587389469 0.03308906406164169 0.0017502069240435958
0.05042590945959091 0.11060274392366409 -0.002371177077293396
0.12567248940467834 0.1877390295267105 -0.0065198373049497604
0.20146743953227997 0.26356789469718933 -0.01026079524308443
0.2769624590873718 0.3371632397174835 -0.013160942122340202
0.35131484270095825 0.4075978696346283 -0.014786425977945328
0.42368125915527344 0.47393667697906494 -0.01469991821795702
0.49321284890174866 0.535231351852417 -0.012457874603569508
0.5590500235557556 0.5905137658119202 -0.0076076313853263855
0.6202957034111023 0.6389174461364746 0.00012801249977201223
0.675868570804596 0.6804822087287903 0.009648559615015984
0.7245700359344482 0.7156352400779724 0.01922142691910267
0.7651470303535461 0.7447773218154907 0.027087228372693062
0.7962946891784668 0.7682892084121704 0.031455833464860916
0.8166583776473999 0.7865368723869324 0.03050227090716362
0.824840247631073 0.7998785972595215 0.022366002202033997
0.819407045841217 0.80866938829422 0.0051536643877625465
0.7989010810852051 0.8132662177085876 -0.023054972290992737
0.7618544101715088 0.8140314817428589 -0.06419631838798523
0.7068067193031311 0.8113372325897217 -0.1202089712023735
0.6323256492614746 0.8055675029754639 -0.19301532208919525
0.5370306372642517 0.7971205711364746 -0.28449898958206177
0.41962042450904846 0.7864102721214294 -0.39647775888442993
0.27890029549598694 0.7738662958145142 -0.5306756496429443
0.11381630599498749 0.7599338293075562 -0.6886865496635437
0.08597249537706375 0.2928054928779602 -0.04858511686325073
0.20117893815040588 0.1643698364496231 0.009848152287304401
0.30259233713150024 0.06152999401092529 0.07079847157001495
0.39187031984329224 -0.01971588283777237 0.13310474157333374
0.47035008668899536 -0.0827142745256424 0.19572053849697113
0.5391145348548889 -0.13030311465263367 0.2576800584793091
0.5990428924560547 -0.1649235039949417 0.3180716633796692
0.6508476734161377 -0.18870528042316437 0.3760164678096771
0.6951043009757996 -0.20353426039218903 0.43065041303634644
0.7322730422019958 -0.2111055552959442 0.48110949993133545
0.7627164721488953 -0.21296662092208862 0.5265157222747803
0.786712646484375 -0.21055276691913605 0.5659656524658203
0.8044654130935669 -0.20521652698516846 0.5985182523727417
0.8161128759384155 -0.1982533186674118 0.6231839656829834
0.8217326402664185 -0.1909233182668686 0.6389132142066956
0.8213472962379456 -0.18447153270244598 0.6445850729942322
0.8149266242980957 -0.18014399707317352 0.6389982104301453
0.8024922013282776 -0.1787988394498825 0.6215933561325073
0.7842506170272827 -0.18041038513183594 0.5933743119239807
0.7604127526283264 -0.18484903872013092 0.5555223226547241
0.7311755418777466 -0.1919974982738495 0.5092052221298218
0.6967333555221558 -0.20174501836299896 0.4556046426296234
0.6572906374931335 -0.21398138999938965 0.39594003558158875
0.6130720376968384 -0.22859163582324982 0.3314892649650574
0.5643337368965149 -0.24545089900493622 0.26360437273979187
0.5113736987113953 -0.2644191384315491 0.1937248408794403
0.4545418918132782 -0.2853366732597351 0.12338507175445557
0.3942483067512512 -0.3080199360847473 0.05421515554189682
0.3309711813926697 -0.3322577178478241 -0.012063034810125828
0.2652619481086731 -0.35780826210975647 -0.07364849001169205
0.1977471262216568 -0.38439837098121643 -0.12868325412273407
0.12912873923778534 -0.4117225110530853 -0.17528031766414642
0.06018149480223656 -0.43944019079208374 -0.21159139275550842
-0.008161867037415504 -0.467007040977478 -0.23693259060382843
-0.07484542578458786 -0.4936506748199463 -0.2521577477455139
-0.1388637274503708 -0.51861172914505 -0.2583087980747223
-0.19928258657455444 -0.5411692261695862 -0.25649136304855347
-0.2552441656589508 -0.5606451630592346 -0.24784785509109497
-0.30596938729286194 -0.5764074325561523 -0.23353421688079834
-0.3507566452026367 -0.5878700613975525 -0.21469955146312714
-0.38897690176963806 -0.5944905281066895 -0.19247081875801086
-0.4200670123100281 -0.5957660675048828 -0.16794027388095856
-0.4435209035873413 -0.5912280082702637 -0.14215785264968872
-0.4588799774646759 -0.5804344415664673 -0.11612575501203537
-0.4657215178012848 -0.5629631280899048 -0.09079775959253311
-0.46364739537239075 -0.5384025573730469 -0.06707973033189774
-0.45227164030075073 -0.5063425898551941 -0.04583347961306572
-0.43120843172073364 -0.46636494994163513 -0.02788214571774006
-0.40011969208717346 -0.41809511184692383 -0.01396858599036932
-0.3595471978187561 -0.3620528280735016 -0.004088136833161116
-0.3106765151023865 -0.2994181215763092 0.002309725619852543
-0.25465163588523865 -0.2313338667154312 0.005764578469097614
-0.192562997341156 -0.15889443457126617 0.006793471053242683
-0.12545499205589294 -0.08315225690603256 0.005893988069146872
-0.05432971939444542 -0.005122543778270483 0.0035469753202050924
0.019844574853777885 0.07420872151851654 0.00021937755809631199
0.0961293950676918 0.1538802534341812 -0.0036331505980342627
0.17361055314540863 0.23294982314109802 -0.007563668768852949
0.2513928711414337 0.310488760471344 -0.011131396517157555
0.32859477400779724 0.3855760991573334 -0.013899153098464012
0.40434396266937256 0.457294225692749 -0.015430781990289688
0.4777710735797882 0.5247217416763306 -0.0152885215356946
0.5480047464370728 0.5869283676147461 -0.013030302710831165
0.6141664981842041 0.6429691910743713 -0.00820687785744667
0.6753456592559814 0.6920028328895569 -0.00055663101375103
0.7304661870002747 0.7340823411941528 0.008729136548936367
0.778347373008728 0.7696418762207031 0.01779796928167343
0.8177605867385864 0.7990896701812744 0.0247757937759161
0.8474308252334595 0.8228119015693665 0.027762580662965775
0.8660380244255066 0.8411800265312195 0.024827145040035248
0.8722209334373474 0.8545546531677246 0.014005066826939583
0.8645828366279602 0.8632910847663879 -0.0067005339078605175
0.8417001962661743 0.8677439093589783 -0.039315495640039444
0.8021318912506104 0.8682695031166077 -0.08588697016239166
0.7444331645965576 0.8652303218841553 -0.14847315847873688
0.6671708226203918 0.8589975237846375 -0.22912907600402832
0.5689414143562317 0.8499529361724854 -0.32988885045051575
0.4483928978443146 0.838490903377533 -0.45274364948272705
0.3042450249195099 0.825018584728241 -0.5996192097663879
0.13531838357448578 0.8099572062492371 -0.7723445892333984
0.023087091743946075 0.3071298897266388 -0.09510240703821182
0.15608757734298706 0.19735676050186157 -0.011741732247173786
0.27271994948387146 0.1085609495639801 0.06981075555086136
0.3747045695781708 0.037733275443315506 0.14887650310993195
0.4635096788406372 -0.017744800075888634 0.22482210397720337
0.5403923988342285 -0.06017126142978668 0.2970453202724457
0.6064319610595703 -0.09158021211624146 0.36496344208717346
0.6625564694404602 -0.11378858983516693 0.42800235748291016
0.7095639705657959 -0.12843488156795502 0.4855867624282837
0.7481402158737183 -0.13701187074184418 0.537131130695343
0.7788724899291992 -0.1408945620059967 0.5820304751396179
0.8022613525390625 -0.14136457443237305 0.619651198387146
0.8187296986579895 -0.13963164389133453 0.6493214964866638
0.8286299705505371 -0.13685323297977448 0.6703210473060608
0.8322498798370361 -0.1341528594493866 0.6818702220916748
0.8298166394233704 -0.13263747096061707 0.6831167936325073
0.8214995861053467 -0.1334129422903061 0.6731253862380981
0.8074573278427124 -0.13722816109657288 0.6515260934829712
0.7879011631011963 -0.14402110874652863 0.6193451881408691
0.763026237487793 -0.1536351591348648 0.5777565836906433
0.7330114245414734 -0.16592440009117126 0.5279143452644348
0.6980311274528503 -0.18074701726436615 0.47098273038864136
0.6582675576210022 -0.19795863330364227 0.4081626534461975
0.6139219999313354 -0.21740612387657166 0.3407139182090759
0.5652254223823547 -0.23892217874526978 0.2699725329875946
0.5124502778053284 -0.26231956481933594 0.1973673701286316
0.45592090487480164 -0.28738638758659363 0.12442764639854431
0.3960218131542206 -0.31388187408447266 0.05278683826327324
0.33320745825767517 -0.34153279662132263 -0.01582069881260395
0.2680078148841858 -0.3700312674045563 -0.07957093417644501
0.2010313719511032 -0.3990345299243927 -0.13657237589359283
0.13296619057655334 -0.4281657636165619 -0.18489429354667664
0.06457827240228653 -0.4570140838623047 -0.22263659536838531
-0.003200703766196966 -0.485016793012619 -0.2490828037261963
-0.06930822134017944 -0.5114511251449585 -0.2650884687900543
-0.13272827863693237 -0.5356154441833496 -0.2717061936855316
-0.19251298904418945 -0.5568477511405945 -0.2700585424900055
-0.24778851866722107 -0.5745301842689514 -0.261311411857605
-0.29775843024253845 -0.5880904793739319 -0.24664899706840515
-0.34170305728912354 -0.5970015525817871 -0.22725334763526917
-0.37897542119026184 -0.6007789373397827 -0.20428739488124847
-0.40899550914764404 -0.598976194858551 -0.17888204753398895
-0.4312416613101959 -0.5911792516708374 -0.15212668478488922
-0.4452418088912964 -0.5769997239112854 -0.12506355345249176
-0.45056185126304626 -0.5560671091079712 -0.09868575632572174
-0.44679516553878784 -0.5280210375785828 -0.07393720746040344
-0.4335501790046692 -0.49250176548957825 -0.05171594023704529
-0.41043853759765625 -0.4491419494152069 -0.0328788198530674
-0.37712496519088745 -0.397616982460022 -0.018198134377598763
-0.33418017625808716 -0.33847466111183167 -0.007673752028495073
-0.28283801674842834 -0.27290675044059753 -0.0007415362051688135
-0.22429056465625763 -0.20206794142723083 0.00315252598375082
-0.15967591106891632 -0.1270638257265091 0.004539777059108019
-0.09008379280567169 -0.0489572174847126 0.003931649029254913
-0.016559921205043793 0.03122817352414131 0.0018221917562186718
0.05988648906350136 0.11249976605176926 -0.0013094632886350155
0.1382788121700287 0.19389231503009796 -0.004996588919311762
0.21766777336597443 0.27446258068084717 -0.008782436139881611
0.29712632298469543 0.3532840311527252 -0.012217855080962181
0.37574395537376404 0.4294412434101105 -0.014858778566122055
0.4526234269142151 0.5020259618759155 -0.016263797879219055
0.5268734097480774 0.570129930973053 -0.01599161885678768
0.5976043343544006 0.6328402161598206 -0.013598350808024406
0.6639227271080017 0.6892333030700684 -0.008634828962385654
0.7249083518981934 0.7384927868843079 -0.0008525329176336527
0.7794908285140991 0.7806901931762695 0.008462129160761833
0.826508104801178 0.8162764310836792 0.017330097034573555
0.8647567629814148 0.8456757664680481 0.023756885901093483
0.8929934501647949 0.869292140007019 0.025727370753884315
0.909933865070343 0.8875124454498291 0.021199418231844902
0.9142546653747559 0.900712251663208 0.008099688217043877
0.9045963287353516 0.9092592597007751 -0.01567816734313965
0.8795670866966248 0.9135167002677917 -0.05227353796362877
0.8377494215965271 0.9138476848602295 -0.10385528951883316
0.7777075171470642 0.9106168746948242 -0.1726166307926178
0.6979972124099731 0.9041938781738281 -0.26076674461364746
0.5971765518188477 0.8949543833732605 -0.3705197274684906
0.4738217890262604 0.8832834362983704 -0.5040798783302307
0.32653868198394775 0.8695749640464783 -0.6636274456977844
0.15398436784744263 0.8542333841323853 -0.8512945771217346
-0.034715719521045685 0.3087065815925598 -0.13549122214317322
0.11473029851913452 0.2201911062002182 -0.030854983255267143
0.24566496908664703 0.14781279861927032 0.06852950900793076
0.3597263693809509 0.08946167677640915 0.16223090887069702
0.4584088921546936 0.04321614280343056 0.24986253678798676
0.5430713891983032 0.007324500009417534 0.331070214509964
0.614946722984314 -0.019813116639852524 0.40552133321762085
0.6751502156257629 -0.039661917835474014 0.47289425134658813
0.7246875166893005 -0.05356917902827263 0.5328683257102966
0.7644637823104858 -0.06278018653392792 0.5851148962974548
0.7952896952629089 -0.06845352798700333 0.6292866468429565
0.8178890347480774 -0.07167597860097885 0.6650087833404541
0.8329043984413147 -0.07347709685564041 0.6918683648109436
0.84090256690979 -0.07484344393014908 0.7094034552574158
0.8423789739608765 -0.07673337310552597 0.7170900106430054
0.8377615809440613 -0.08009187132120132 0.7143288850784302
0.8274132609367371 -0.08586494624614716 0.700431764125824
0.8116234540939331 -0.09468299150466919 0.6752002835273743
0.7906067371368408 -0.10645519942045212 0.639672577381134
0.7645429372787476 -0.1210067868232727 0.5950065851211548
0.7335948348045349 -0.13817153871059418 0.5423364639282227
0.6979192495346069 -0.1577843874692917 0.4828031659126282
0.6576801538467407 -0.17967398464679718 0.4175833761692047
0.6130596399307251 -0.20365624129772186 0.34791266918182373
0.5642687082290649 -0.2295283079147339 0.2751048505306244
0.5115593075752258 -0.2570624351501465 0.20056918263435364
0.45523473620414734 -0.2860009968280792 0.12582038342952728
0.39565935730934143 -0.3160524070262909 0.05248323827981949
0.33326786756515503 -0.3468876779079437 -0.01770928129553795
0.26857224106788635 -0.3781387507915497 -0.08292626589536667
0.202164888381958 -0.40939924120903015 -0.14126065373420715
0.13472101092338562 -0.44022616744041443 -0.19075722992420197
0.06699720025062561 -0.4701434373855591 -0.22948423027992249
-8.040112879825756e-05 -0.49857139587402344 -0.2567026615142822
-0.06545110791921616 -0.5248345732688904 -0.27326610684394836
-0.12809722125530243 -0.5482856035232544 -0.2802310883998871
-0.1870661973953247 -0.5683192014694214 -0.2787291705608368
-0.24147681891918182 -0.584374725818634 -0.269939661026001
-0.29052361845970154 -0.5959375500679016 -0.2550649344921112
-0.33347657322883606 -0.6025377511978149 -0.2353089451789856
-0.36967793107032776 -0.6037465333938599 -0.211859792470932
-0.3985368311405182 -0.5991721153259277 -0.18587571382522583
-0.4195218086242676 -0.588453471660614 -0.15847544372081757
-0.4321518540382385 -0.5712538361549377 -0.13073107600212097
-0.43598583340644836 -0.5472533106803894 -0.1036657989025116
-0.43061214685440063 -0.5161408185958862 -0.07825308293104172
-0.41563642024993896 -0.4776056110858917 -0.055419255048036575
-0.3906705975532532 -0.4313291311264038 -0.03604784980416298
-0.3553836941719055 -0.3770347833633423 -0.02093430608510971
-0.3103694021701813 -0.3152940571308136 -0.010079452767968178
-0.2568988800048828 -0.2473045438528061 -0.0029035587795078754
-0.19620227813720703 -0.17422744631767273 0.001163672422990203
-0.12945500016212463 -0.09717485308647156 0.0026698808651417494
-0.05778365954756737 -0.01721586100757122 0.0021424770820885897
0.017730731517076492 0.0646204799413681 9.089444938581437e-05
0.09604537487030029 0.14733774960041046 -0.0029910581652075052
0.17615218460559845 0.22996866703033447 -0.0066229552030563354
0.25707268714904785 0.31157010793685913 -0.010335433296859264
0.337853342294693 0.39121827483177185 -0.013667892664670944
0.41756001114845276 0.46800318360328674 -0.016166212037205696
0.49527451395988464 0.5410251021385193 -0.01738031953573227
0.5700878500938416 0.6093879342079163 -0.016861800104379654
0.6410961151123047 0.6721944808959961 -0.014161290600895882
0.7073948979377747 0.7285412549972534 -0.008825897239148617
0.7680575847625732 0.777635395526886 -0.0006175474263727665
0.8220208883285522 0.8195726275444031 0.009076466783881187
0.8681414127349854 0.8548281192779541 0.018141798675060272
0.9052428603172302 0.8838536143302917 0.024455659091472626
0.9321149587631226 0.907079815864563 0.025880901142954826
0.9475112557411194 0.924920916557312 0.020257778465747833
0.9501478672027588 0.9377780556678772 0.00539720943197608
0.9387023448944092 0.9460424780845642 -0.020924599841237068
0.9118143320083618 0.9500982761383057 -0.06097059324383736
0.8680859208106995 0.9503259658813477 -0.1170448511838913
0.8060840964317322 0.9471037983894348 -0.19149407744407654
0.7243430614471436 0.9408111572265625 -0.2867071032524109
0.6213683485984802 0.9318295121192932 -0.40511298179626465
0.49564164876937866 0.9205446243286133 -0.549176037311554
0.34562551975250244 0.9073476195335388 -0.7213932871818542
0.16977326571941376 0.8926369547843933 -0.9242826700210571
-0.086481474339962 0.29630133509635925 -0.16885823011398315
0.07787012308835983 0.23132868111133575 -0.047285109758377075
0.22199764847755432 0.1775871068239212 0.06653831154108047
0.3473367989063263 0.1337294578552246 0.17222806811332703
0.45531392097473145 0.0984649583697319 0.2694917321205139
0.5473201274871826 0.07056739181280136 0.3581081032752991
0.6246930360794067 0.048879411071538925 0.43790918588638306
0.6887026429176331 0.032313067466020584 0.5087621808052063
0.7405426502227783 0.019847573712468147 0.5705539584159851
0.7813250422477722 0.010524728335440159 0.6231760382652283
0.8120772242546082 0.0034426713827997446 0.6665098667144775
0.8337417244911194 -0.0022519135382026434 0.7004144787788391
0.847177267074585 -0.007372761145234108 0.7247120141983032
0.8531603217124939 -0.012704133056104183 0.7391749024391174
0.8523885607719421 -0.019012033939361572 0.7435110211372375
0.8454831838607788 -0.0270567424595356 0.7373482584953308
0.8329917788505554 -0.03760546073317528 0.7202186584472656
0.8153281807899475 -0.05116085335612297 0.69207364320755
0.7927089333534241 -0.06760955601930618 0.6539537310600281
0.7653006315231323 -0.08676626533269882 0.6069956421852112
0.7332528233528137 -0.10845136642456055 0.5523092746734619
0.6967087984085083 -0.13248319923877716 0.49100860953330994
0.6558187007904053 -0.15866994857788086 0.4242423474788666
0.610750675201416 -0.18680304288864136 0.35321757197380066
0.5617017149925232 -0.21665051579475403 0.2792203426361084
0.5089092254638672 -0.24795088171958923 0.20363330841064453
0.45266208052635193 -0.2804078757762909 0.12794733047485352
0.39330995082855225 -0.3136863112449646 0.053766652941703796
0.3312733769416809 -0.34740906953811646 -0.01719154790043831
0.26705047488212585 -0.38115566968917847 -0.08310672640800476
0.2012212574481964 -0.41446399688720703 -0.1420758217573166
0.1344497948884964 -0.44683316349983215 -0.19214101135730743
0.06748342514038086 -0.47772976756095886 -0.23136144876480103
0.0012383381836116314 -0.5065603852272034 -0.2589881122112274
-0.06323607265949249 -0.5326941609382629 -0.2758694291114807
-0.12493057548999786 -0.555535078048706 -0.2830592691898346
-0.18289817869663239 -0.5745311379432678 -0.2816893756389618
-0.23626066744327545 -0.589175820350647 -0.2729424834251404
-0.28421303629875183 -0.5990087389945984 -0.25802740454673767
-0.3260241150856018 -0.6036131978034973 -0.23815777897834778
-0.3610336184501648 -0.602613091468811 -0.214534193277359
-0.3886474072933197 -0.5956676602363586 -0.1883297860622406
-0.40833061933517456 -0.5824658870697021 -0.16068005561828613
-0.41959911584854126 -0.5627191066741943 -0.13267526030540466
-0.42200949788093567 -0.5361545085906982 -0.10535751283168793
-0.41514909267425537 -0.5025070905685425 -0.07971940189599991
-0.3986241817474365 -0.46151161193847656 -0.05670619383454323
-0.3720494508743286 -0.4128947854042053 -0.03721948340535164
-0.33509957790374756 -0.3564239740371704 -0.02207038924098015
-0.28838422894477844 -0.2926885187625885 -0.01125615555793047
-0.23319828510284424 -0.22288501262664795 -0.004179034382104874
-0.1707969456911087 -0.14817453920841217 -0.0002500076370779425
-0.10238149762153625 -0.0696704164147377 0.0010972571326419711
-0.029104573652148247 0.011556736193597317 0.0004086775006726384
0.04792715981602669 0.09447629004716873 -0.0017882164102047682
0.127645805478096 0.1780906617641449 -0.004982094746083021
0.20901966094970703 0.26143255829811096 -0.008675736375153065
0.2910476624965668 0.3435598909854889 -0.012383881025016308
0.37275567650794983 0.4235517084598541 -0.01563105918467045
0.45319101214408875 0.5005031228065491 -0.01794939488172531
0.5314192175865173 0.5735219717025757 -0.01887633092701435
0.6065176725387573 0.6417223215103149 -0.017952388152480125
0.6775720119476318 0.7042211890220642 -0.014718697406351566
0.7436702847480774 0.7601322531700134 -0.008714538998901844
0.8038829565048218 0.8086851239204407 0.0002904167049564421
0.8571544885635376 0.8500037789344788 0.010800594463944435
0.902360737323761 0.8845973014831543 0.020555229857563972
0.9383538365364075 0.9129531979560852 0.02729332074522972
0.9639588594436646 0.9355395436286926 0.028746679425239563
0.977969229221344 0.9528076648712158 0.02262953668832779
0.9791415929794312 0.965194582939148 0.006628445815294981
0.9661914706230164 0.9731258153915405 -0.02160746231675148
0.9377885460853577 0.9770167469978333 -0.06447664648294449
0.8925518989562988 0.9772765040397644 -0.12443406879901886
0.8290450572967529 0.9743080139160156 -0.20400141179561615
0.7457707524299622 0.9685115814208984 -0.3057764172554016
0.641166090965271 0.9602859020233154 -0.43244311213493347
0.5135974884033203 0.9500303268432617 -0.5867805480957031
0.36135268211364746 0.9381462931632996 -0.7716764807701111
0.18263833224773407 0.9250398874282837 -0.99013352394104
-0.1313270926475525 0.26879215240478516 -0.19438186287879944
0.04623915255069733 0.22930459678173065 -0.0608430877327919
0.20227788388729095 0.1962202787399292 0.0634218156337738
0.3379344046115875 0.16879059374332428 0.17792582511901855
0.4544898569583893 0.14626066386699677 0.2823430299758911
0.5533047914505005 0.12788429856300354 0.3764791488647461
0.6357731223106384 0.11293484270572662 0.46024289727211
0.7032843232154846 0.10071202367544174 0.533618152141571
0.7571943402290344 0.09054554998874664 0.5966389179229736
0.798804521560669 0.08179578930139542 0.6493656635284424
0.8293458223342896 0.07385201752185822 0.6918641924858093
0.8499693274497986 0.06612879782915115 0.724186360836029
0.8617408871650696 0.058060530573129654 0.7463518381118774
0.8656381964683533 0.04909443482756615 0.7583312392234802
0.8625514507293701 0.03868221119046211 0.7600283622741699
0.8532852530479431 0.026269935071468353 0.7512628436088562
0.8385602235794067 0.011287425644695759 0.7317522764205933
0.8189066052436829 -0.006630535237491131 0.701572060585022
0.7945446968078613 -0.027352558448910713 0.6617582440376282
0.7656307816505432 -0.050688594579696655 0.6134234070777893
0.7323044538497925 -0.07645107060670853 0.5576509237289429
0.694701075553894 -0.10444699972867966 0.4955262839794159
0.6529626250267029 -0.13446956872940063 0.42816826701164246
0.607249915599823 -0.1662912368774414 0.35675284266471863
0.5577523708343506 -0.19965721666812897 0.2825337052345276
0.5047001838684082 -0.23427888751029968 0.2068607211112976
0.44837459921836853 -0.26982855796813965 0.13119198381900787
0.38911762833595276 -0.3059357702732086 0.05709933862090111
0.3273417055606842 -0.34218379855155945 -0.013730655424296856
0.2635369598865509 -0.37810948491096497 -0.07950606197118759
0.19827498495578766 -0.4132051467895508 -0.1383490115404129
0.1322116106748581 -0.44692274928092957 -0.18832308053970337
0.06608578562736511 -0.47868192195892334 -0.22750341892242432
0.0007991640013642609 -0.5078809857368469 -0.25514522194862366
-0.06262049823999405 -0.5339312553405762 -0.2720889449119568
-0.12318391352891922 -0.5562850832939148 -0.279379278421402
-0.17996129393577576 -0.5744398832321167 -0.2781391441822052
-0.23208868503570557 -0.5879389643669128 -0.2695433497428894
-0.27877283096313477 -0.596371591091156 -0.25479501485824585
-0.3192916810512543 -0.5993700623512268 -0.23510369658470154
-0.3529919683933258 -0.5966058969497681 -0.21166841685771942
-0.37928494811058044 -0.587784469127655 -0.1856628805398941
-0.39763975143432617 -0.5726393461227417 -0.15822526812553406
-0.4075757563114166 -0.5509252548217773 -0.13045036792755127
-0.4086526334285736 -0.5224111080169678 -0.10338631272315979
-0.4004612863063812 -0.4868727922439575 -0.07803286612033844
-0.3826122283935547 -0.4440852701663971 -0.05534308776259422
-0.3547254800796509 -0.39381518959999084 -0.036226674914360046
-0.3164827823638916 -0.3358681797981262 -0.021501602604985237
-0.26850083470344543 -0.2708440124988556 -0.011156270280480385
-0.21208231151103973 -0.19993002712726593 -0.004571820143610239
-0.14849252998828888 -0.12428002804517746 -0.0011377105256542563
-0.07894501090049744 -0.045002151280641556 -0.0002659771707840264
-0.00460568955168128 0.03683657571673393 -0.0013891374692320824
0.07340414077043533 0.12020803987979889 -0.00395840173587203
0.15400177240371704 0.2041165977716446 -0.0074415626004338264
0.23614007234573364 0.28759661316871643 -0.011321035213768482
0.3188033699989319 0.3697081506252289 -0.015091858804225922
0.4010031223297119 0.44953298568725586 -0.018259700387716293
0.4817735552787781 0.5261706113815308 -0.020338797941803932
0.5601688623428345 0.5987347364425659 -0.020849868655204773
0.635256826877594 0.6663475632667542 -0.0193179901689291
0.7061159014701843 0.7281374931335449 -0.015270399861037731
0.7718304991722107 0.7832329273223877 -0.008234253153204918
0.8314709067344666 0.8308836817741394 0.0020156269893050194
0.8839898109436035 0.8712469935417175 0.013866022229194641
0.9282828569412231 0.9048734307289124 0.02489609271287918
0.9632314443588257 0.932295024394989 0.032694291323423386
0.9876983761787415 0.954026460647583 0.034850411117076874
1.0005182027816772 0.9705655574798584 0.02894236147403717
1.000489592552185 0.9823947548866272 0.01252217497676611
0.9863670468330383 0.9899832606315613 -0.016899293288588524
0.956849217414856 0.9937884211540222 -0.061869606375694275
0.91056889295578 0.9942570924758911 -0.12501230835914612
0.8460804224014282 0.991828441619873 -0.20904779434204102
0.7618458867073059 0.9869353771209717 -0.31681588292121887
0.6562190651893616 0.980006754398346 -0.4513011574745178
0.5274291038513184 0.9714699387550354 -0.6156604886054993
0.37355709075927734 0.9617535471916199 -0.8132593631744385
0.1925164759159088 0.9512899518013 -1.0477036237716675
-0.16851958632469177 0.22533567249774933 -0.21134842932224274
0.02046114206314087 0.2128990888595581 -0.07135896384716034
0.18698365986347198 0.20224174857139587 0.058799438178539276
0.33185067772865295 0.1930372714996338 0.1784433275461197
0.4561418890953064 0.1849527508020401 0.287119597196579
0.5611352324485779 0.17765586078166962 0.3845706582069397
0.6482356190681458 0.17081964015960693 0.4706975221633911
0.7189143896102905 0.164125457406044 0.5455231666564941
0.774660050868988 0.1572641283273697 0.609157145023346
0.8169386982917786 0.14993534982204437 0.6617640852928162
0.8471659421920776 0.14184582233428955 0.7035338878631592
0.8666847944259644 0.13270601630210876 0.7346553206443787
0.8767538666725159 0.12222614139318466 0.7552933692932129
0.8785386681556702 0.11011061817407608 0.7655670046806335
0.8731091022491455 0.0960519090294838 0.7655289769172668
0.86143958568573 0.07972262799739838 0.7551460266113281
0.8444117903709412 0.06076730787754059 0.7342792749404907
0.8226631283760071 0.03896850720047951 0.7030982375144958
0.7964203357696533 0.014473246410489082 0.6626294255256653
0.7658339738845825 -0.012527410872280598 0.6139608025550842
0.731039822101593 -0.041841670870780945 0.5581489205360413
0.6921709179878235 -0.07326900213956833 0.4962514638900757
0.6493685245513916 -0.1065918356180191 0.42935675382614136
0.6027926802635193 -0.1415686011314392 0.3586074709892273
0.5526334643363953 -0.17792712152004242 0.28522178530693054
0.4991214871406555 -0.21535810828208923 0.21051086485385895
0.4425383508205414 -0.2535102069377899 0.13589142262935638
0.3832259178161621 -0.29198604822158813 0.06289144605398178
0.32159578800201416 -0.33033958077430725 -0.006848870776593685
0.25813591480255127 -0.3680759072303772 -0.07158490270376205
0.1934145987033844 -0.4046538770198822 -0.12948645651340485
0.12808264791965485 -0.4394911229610443 -0.17866364121437073
0.06287207454442978 -0.4719739258289337 -0.21723513305187225
-0.0013346676714718342 -0.5014989972114563 -0.24447545409202576
-0.0635429099202156 -0.5275181531906128 -0.2612144649028778
-0.12279565632343292 -0.5495283603668213 -0.26848071813583374
-0.17819291353225708 -0.5670721530914307 -0.2673788368701935
-0.2288978099822998 -0.5797382593154907 -0.25906437635421753
-0.2741406261920929 -0.587160050868988 -0.24472080171108246
-0.3132201135158539 -0.5890129208564758 -0.22553938627243042
-0.3455004394054413 -0.5850098133087158 -0.20270204544067383
-0.37040770053863525 -0.5748957991600037 -0.17736750841140747
-0.3874236047267914 -0.5584425330162048 -0.15066103637218475
-0.3960780203342438 -0.5354411602020264 -0.12366694957017899
-0.39594003558158875 -0.5056955814361572 -0.09742502868175507
-0.386608749628067 -0.4690157175064087 -0.07292870432138443
-0.3677029311656952 -0.42520952224731445 -0.05112643912434578
-0.33885085582733154 -0.3740764856338501 -0.03292474150657654
-0.29974257946014404 -0.31545335054397583 -0.019138643518090248
-0.25099149346351624 -0.24994155764579773 -0.009741554036736488
-0.19389013946056366 -0.17871004343032837 -0.004090092144906521
-0.1296970099210739 -0.1028972640633583 -0.001548756379634142
-0.05962187796831131 -0.023599257692694664 -0.001504526473581791
0.015169951133430004 0.058126308023929596 -0.0033648854587227106
0.09355546534061432 0.1412583440542221 -0.006555999629199505
0.17444823682308197 0.2248062938451767 -0.010520833544433117
0.2567955553531647 0.30780816078186035 -0.01471723709255457
0.3395754098892212 0.3893269896507263 -0.018616199493408203
0.4217919707298279 0.46844735741615295 -0.021699942648410797
0.5024724006652832 0.5442714095115662 -0.0234601441770792
0.5806642770767212 0.6159171462059021 -0.023395992815494537
0.6554301977157593 0.6825127005577087 -0.02101239748299122
0.7258449792861938 0.7431944608688354 -0.01581805944442749
0.7909927368164062 0.7971028685569763 -0.007323547266423702
0.8499463200569153 0.8435053825378418 0.004693416878581047
0.9016668200492859 0.882596492767334 0.018490541726350784
0.9450688362121582 0.9149757027626038 0.03147060051560402
0.9790647029876709 0.9412280321121216 0.04105696082115173
1.0025551319122314 0.9619227051734924 0.044684357941150665
1.0144177675247192 0.9776124954223633 0.039782699197530746
1.0134947299957275 0.9888337850570679 0.02375798299908638
0.9985790252685547 0.9961085319519043 -0.006029439624398947
0.9683974385261536 0.9999438524246216 -0.05229077488183975
0.9215943217277527 1.000835657119751 -0.11783714592456818
0.8567091226577759 0.9992693662643433 -0.2056136429309845
0.7721543312072754 0.9957231283187866 -0.3187381625175476
0.6661864519119263 0.9906705617904663 -0.46054700016975403
0.536875307559967 0.9845849275588989 -0.634647011756897
0.38206255435943604 0.9779430627822876 -0.8449826240539551
0.19931919872760773 0.9712298512458801 -1.0959054231643677
-0.1985258013010025 0.16766798496246338 -0.2196248322725296
7.04388294252567e-05 0.1832510381937027 -0.07867821305990219
0.1756046712398529 0.1962992250919342 0.052736975252628326
0.32851487398147583 0.2067381888628006 0.17370611429214478
0.4596444070339203 0.21453584730625153 0.2835961580276489
0.5701473951339722 0.21969354152679443 0.38202205300331116
0.6613995432853699 0.22223682701587677 0.4688072204589844
0.7349170446395874 0.22220644354820251 0.5439411401748657
0.7922878861427307 0.21965013444423676 0.6075375080108643
0.8351156115531921 0.2146148383617401 0.6597951650619507
0.8649755716323853 0.20714013278484344 0.7009608745574951
0.8833828568458557 0.19725193083286285 0.73129802942276
0.8917703628540039 0.18495701253414154 0.7510567307472229
0.8914752006530762 0.17023763060569763 0.7604488134384155
0.883732259273529 0.15304629504680634 0.7596238851547241
0.8696718215942383 0.13329987227916718 0.7486470341682434
0.8503222465515137 0.11087354272603989 0.7274782657623291
0.8264209628105164 0.08570795506238937 0.6963506937026978
0.7982041835784912 0.05796504020690918 0.656277596950531
0.7658224105834961 0.02783476561307907 0.6083226799964905
0.7294139266014099 -0.004489102866500616 0.553517758846283
0.6891156435012817 -0.03880126029253006 0.49289292097091675
0.6450746059417725 -0.07487660646438599 0.4275059700012207
0.5974578261375427 -0.11246354132890701 0.35846564173698425
0.5464627742767334 -0.1512775868177414 0.28695148229599
0.492328017950058 -0.190994992852211 0.21423093974590302
0.4353424608707428 -0.23124802112579346 0.14167135953903198
0.3758547306060791 -0.27162137627601624 0.07074578106403351
0.3142814636230469 -0.3116498589515686 0.00303407059982419
0.2511141002178192 -0.3508182466030121 -0.059784211218357086
0.1869213730096817 -0.3885651230812073 -0.11594752222299576
0.12235172837972641 -0.4242875874042511 -0.16363626718521118
0.05813111737370491 -0.4573528468608856 -0.20103809237480164
-0.004881964065134525 -0.48716363310813904 -0.2274615317583084
-0.0657365694642067 -0.5132102966308594 -0.24372297525405884
-0.12351948022842407 -0.535030722618103 -0.2508286237716675
-0.17737223207950592 -0.5522085428237915 -0.2498559206724167
-0.22649627923965454 -0.5643719434738159 -0.24193009734153748
-0.2701568603515625 -0.5711929202079773 -0.2282027006149292
-0.30768364667892456 -0.5723831057548523 -0.2098328173160553
-0.33846789598464966 -0.5676900148391724 -0.1879708617925644
-0.3619592785835266 -0.5568913221359253 -0.16374588012695312
-0.3776594400405884 -0.5397889614105225 -0.13825564086437225
-0.38511547446250916 -0.5162028670310974 -0.11255953460931778
-0.38391104340553284 -0.4859645664691925 -0.08767521381378174
-0.37365809082984924 -0.4489096999168396 -0.06457697600126266
-0.3539868891239166 -0.4048719108104706 -0.0441967211663723
-0.3245364725589752 -0.3536756634712219 -0.027426956221461296
-0.28500598669052124 -0.2951805591583252 -0.015070084482431412
-0.23599551618099213 -0.22998155653476715 -0.007078818045556545
-0.17876975238323212 -0.1592208445072174 -0.0027817669324576855
-0.11456357687711716 -0.08401414752006531 -0.0015151394763961434
-0.04456768557429314 -0.00543901277706027 -0.002637408208101988
0.030067427083849907 0.07546137273311615 -0.0055273124016821384
0.10822977870702744 0.1576768457889557 -0.009582167491316795
0.18884006142616272 0.24022458493709564 -0.014215945266187191
0.2708500027656555 0.3221479058265686 -0.018857652321457863
0.3532392382621765 0.4025132656097412 -0.022949695587158203
0.4350118339061737 0.4804072976112366 -0.02594621293246746
0.5151938199996948 0.5549337863922119 -0.027311645448207855
0.592831015586853 0.6252128481864929 -0.026519054546952248
0.6669847369194031 0.690375566482544 -0.023048752918839455
0.7367300391197205 0.7495638728141785 -0.016386747360229492
0.8011533617973328 0.8019266724586487 -0.006023308262228966
0.8593331575393677 0.8467471599578857 0.008262347429990768
0.910237193107605 0.8842611908912659 0.024587493389844894
0.9527982473373413 0.9151253700256348 0.04016296565532684
0.9859578013420105 0.939985454082489 0.052233513444662094
1.008655071258545 0.9594733715057373 0.05806751921772957
1.0198103189468384 0.9742047786712646 0.05493701621890068
1.0183088779449463 0.9847784042358398 0.04009305685758591
1.0029815435409546 0.991776168346405 0.010735982097685337
0.9725818634033203 0.9957653284072876 -0.036020636558532715
0.9257616400718689 0.9972993731498718 -0.10319125652313232
0.8610413670539856 0.9969223737716675 -0.19396844506263733
0.776775062084198 0.9951714873313904 -0.31178218126296997
0.6711091995239258 0.9925829768180847 -0.46037033200263977
0.5419341325759888 0.989698052406311 -0.6438639163970947
0.3868198096752167 0.9870696663856506 -0.8668944835662842
0.2029450684785843 0.985272228717804 -1.134718656539917
-0.22270019352436066 0.09943179041147232 -0.21951700747013092
-0.016224415972828865 0.14328856766223907 -0.08266380429267883
0.16686874628067017 0.18068213760852814 0.04564516618847847
0.32665374875068665 0.21163956820964813 0.1642773151397705
0.46371856331825256 0.23631271719932556 0.27240562438964844
0.5790639519691467 0.25495100021362305 0.3694829046726227
0.6740015745162964 0.26787424087524414 0.4552053213119507
0.7500571608543396 0.2754471004009247 0.5294705033302307
0.8088847398757935 0.27805623412132263 0.5923324823379517
0.8521949052810669 0.27609115839004517 0.643958568572998
0.8816964626312256 0.26992833614349365 0.6845880746841431
0.8990529179573059 0.25991883873939514 0.7144952416419983
0.9058514833450317 0.24637901782989502 0.7339562773704529
0.9035830497741699 0.22958320379257202 0.7432196736335754
0.8936311602592468 0.20975835621356964 0.7424797415733337
0.8772680163383484 0.1870795041322708 0.7318522334098816
0.8556556701660156 0.16166594624519348 0.711351752281189
0.8296236991882324 0.13362529873847961 0.6812459230422974
0.7994216680526733 0.10313472896814346 0.64253169298172
0.7652060985565186 0.07038196176290512 0.5962496995925903
0.7271232008934021 0.0355612188577652 0.5434074401855469
0.6853199005126953 -0.0011193922255188227 0.4850083589553833
0.6399547457695007 -0.03943001478910446 0.4220800995826721
0.5912076234817505 -0.07911264151334763 0.3556962311267853
0.5392894744873047 -0.11987506598234177 0.2869948446750641
0.4844520390033722 -0.1613849252462387 0.2171952724456787
0.42699724435806274 -0.20326517522335052 0.14760856330394745
0.3672851622104645 -0.24509119987487793 0.0796436071395874
0.30574172735214233 -0.2863883972167969 0.014807837083935738
0.24286465346813202 -0.32663294672966003 -0.045299168676137924
0.1792255938053131 -0.3652554750442505 -0.099001944065094
0.1154714897274971 -0.4016462564468384 -0.14457109570503235
0.05232153460383415 -0.4351673424243927 -0.18028448522090912
-0.009394141845405102 -0.4652348458766937 -0.20549644529819489
-0.06877704709768295 -0.4913753569126129 -0.22100761532783508
-0.12496689707040787 -0.5131639242172241 -0.22779613733291626
-0.1771557629108429 -0.5302200317382812 -0.2269047051668167
-0.22459235787391663 -0.5422061681747437 -0.21941916644573212
-0.2665851414203644 -0.5488260388374329 -0.20644883811473846
-0.30250251293182373 -0.5498210787773132 -0.1891091912984848
-0.3317700922489166 -0.5449658632278442 -0.16850751638412476
-0.3538673520088196 -0.5340629816055298 -0.14573080837726593
-0.3683214783668518 -0.5169373154640198 -0.12183716893196106
-0.3747014105319977 -0.4934298098087311 -0.0978492721915245
-0.37260952591896057 -0.46339133381843567 -0.07475137710571289
-0.36167338490486145 -0.4266760051250458 -0.05348765850067139
-0.3415372967720032 -0.3831350803375244 -0.03496357053518295
-0.3118526041507721 -0.33261042833328247 -0.020048391073942184
-0.2723279297351837 -0.2749768793582916 -0.009523941203951836
-0.22354094684123993 -0.21081583201885223 -0.0033172478433698416
-0.1667134165763855 -0.14123669266700745 -0.0007261049468070269
-0.103041872382164 -0.06732691079378128 -0.001055472414009273
-0.033684320747852325 0.009858984500169754 -0.003632165025919676
0.040236108005046844 0.08929598331451416 -0.007802813779562712
0.11762943863868713 0.16998745501041412 -0.01293214876204729
0.19743378460407257 0.25096026062965393 -0.018401307985186577
0.27861401438713074 0.3312637209892273 -0.023606305941939354
0.36015889048576355 0.40996766090393066 -0.02795666828751564
0.44107910990715027 0.4861598312854767 -0.030874215066432953
0.5204048156738281 0.5589443445205688 -0.03179190680384636
0.5971846580505371 0.6274405121803284 -0.030152643099427223
0.6704825758934021 0.690780758857727 -0.02540847845375538
0.7393773198127747 0.7481092214584351 -0.017019592225551605
0.8029605150222778 0.7985805869102478 -0.004453484434634447
0.8603179454803467 0.8414918184280396 0.012509419582784176
0.9104224443435669 0.8771260976791382 0.031836625188589096
0.9522207379341125 0.9062056541442871 0.05053504928946495
0.9846816658973694 0.9294460415840149 0.0656612440943718
1.006779432296753 0.9475502371788025 0.07431002706289291
1.0174754858016968 0.9612047076225281 0.07359042018651962
1.0156958103179932 0.9710779190063477 0.06059453263878822
1.000306248664856 0.9778209924697876 0.032358646392822266
0.9700843095779419 0.9820694923400879 -0.01418445073068142
0.9236859083175659 0.9844456315040588 -0.08226192742586136
0.8596059679985046 0.9855643510818481 -0.17533008754253387
0.7761332392692566 0.9860389828681946 -0.2971577048301697
0.6712924838066101 0.9864893555641174 -0.4519282281398773
0.5427759885787964 0.9875524044036865 -0.6443654298782349
0.38785263895988464 0.9898948669433594 -0.8798959255218506
0.2032599002122879 0.9942294955253601 -1.1648468971252441
-0.2424059808254242 0.024245131760835648 -0.2113741636276245
-0.029735172167420387 0.09598793089389801 -0.08320211619138718
0.159478560090065 0.1577657163143158 0.03794686868786812
0.324965238571167 0.20958442986011505 0.15076884627342224
0.4670533835887909 0.251675546169281 0.2542590796947479
0.5865708589553833 0.28445306420326233 0.34769880771636963
0.6847366094589233 0.3084678649902344 0.43062812089920044
0.7630528211593628 0.32436373829841614 0.5028087496757507
0.8232067227363586 0.3328375220298767 0.5641820430755615
0.8669835925102234 0.33460479974746704 0.6148253679275513
0.8961966037750244 0.3303723633289337 0.6549097895622253
0.9126318097114563 0.3208167254924774 0.6846603751182556
0.9180082678794861 0.3065685033798218 0.7043208479881287
0.9139506220817566 0.2882015109062195 0.7141213417053223
0.9019743204116821 0.2662264406681061 0.714249849319458
0.8834784030914307 0.24108614027500153 0.7048252820968628
0.8597453832626343 0.2131541222333908 0.6858742833137512
0.8316894769668579 0.1827121526002884 0.6576704382896423
0.7995784282684326 0.14995333552360535 0.6211904883384705
0.7635797262191772 0.11506257951259613 0.5774524807929993
0.7238529920578003 0.07823352515697479 0.5274401307106018
0.6805605292320251 0.03967536613345146 0.4721306562423706
0.633877694606781 -0.0003797023673541844 0.4125208854675293
0.5840020775794983 -0.04167068377137184 0.3496476709842682
0.5311621427536011 -0.08390210568904877 0.28460532426834106
0.4756273627281189 -0.126738503575325 0.21856071054935455
0.41771602630615234 -0.16980060935020447 0.15276290476322174
0.35780230164527893 -0.2126624435186386 0.08854860067367554
0.2963238060474396 -0.25484979152679443 0.02734307385981083
0.23378579318523407 -0.29584091901779175 -0.029346153140068054
0.17076298594474792 -0.3350704610347748 -0.07994363456964493
0.107899971306324 -0.37193483114242554 -0.12282579392194748
0.04590743035078049 -0.4058040976524353 -0.15637736022472382
-0.014417321421205997 -0.43611425161361694 -0.18000754714012146
-0.0722348615527153 -0.46242526173591614 -0.19449838995933533
-0.12674453854560852 -0.484345018863678 -0.20079514384269714
-0.17719538509845734 -0.501523494720459 -0.1998995840549469
-0.22288945317268372 -0.5136511921882629 -0.19285085797309875
-0.26318415999412537 -0.5204571485519409 -0.1807076334953308
-0.2974918782711029 -0.5217053294181824 -0.1645330786705017
-0.325277179479599 -0.517190158367157 -0.14538180828094482
-0.3460533916950226 -0.5067314505577087 -0.12428949773311615
-0.3593769073486328 -0.49016931653022766 -0.1022651270031929
-0.364841490983963 -0.467357873916626 -0.08028531819581985
-0.362070232629776 -0.4381597936153412 -0.05929194763302803
-0.3507087528705597 -0.4024401903152466 -0.040190719068050385
-0.3304162323474884 -0.3600603938102722 -0.023852640762925148
-0.30085739493370056 -0.31087204813957214 -0.011116476729512215
-0.26175010204315186 -0.2547585070133209 -0.0027369472663849592
-0.21364232897758484 -0.19228191673755646 0.0013884183717891574
-0.15769970417022705 -0.12451490759849548 0.001994896912947297
-0.09506821632385254 -0.052513476461172104 -0.00018873187946155667
-0.026861589401960373 0.022693881765007973 -0.0044548590667545795
0.04583524540066719 0.1001024916768074 -0.010114827193319798
0.12196434289216995 0.17873093485832214 -0.016497375443577766
0.20049002766609192 0.25761643052101135 -0.02294701337814331
0.2803981304168701 0.33581456542015076 -0.02882280759513378
0.36069393157958984 0.4123978316783905 -0.033497463911771774
0.44040051102638245 0.48645398020744324 -0.0363563634455204
0.5185573697090149 0.5570856332778931 -0.03679715842008591
0.594220757484436 0.623410165309906 -0.0342290922999382
0.6664609909057617 0.6845577359199524 -0.028072955086827278
0.7343635559082031 0.7396728992462158 -0.01776076853275299
0.7970284223556519 0.7879136204719543 -0.002735924208536744
0.8535505533218384 0.8285893797874451 0.017219385132193565
0.902904212474823 0.8620375990867615 0.03991585224866867
0.9440446496009827 0.8890560865402222 0.06214826554059982
0.9759622812271118 0.9104398488998413 0.08077941834926605
0.9976630210876465 0.9269712567329407 0.0927276462316513
1.008144497871399 0.9394158720970154 0.09493837505578995
1.0063694715499878 0.9485199451446533 0.08434557169675827
0.9912350177764893 0.9550118446350098 0.05782284960150719
0.9615373611450195 0.9596042633056641 0.01212221197783947
0.9159318208694458 0.9629999399185181 -0.0561993382871151
0.8528830409049988 0.965898871421814 -0.15087094902992249
0.7706065773963928 0.969009280204773 -0.2760199010372162
0.6669946908950806 0.9730596542358398 -0.436311274766922
0.5395248532295227 0.9788175821304321 -0.6371241807937622
0.38513627648353577 0.9871096611022949 -0.8847846984863281
0.2000758945941925 0.9988522529602051 -1.18686044216156
-0.2589804232120514 -0.05437687411904335 -0.19557230174541473
-0.04175925999879837 0.04429797828197479 -0.08020307868719101
0.15214484930038452 0.12994486093521118 0.030064059421420097
0.3221505582332611 0.20245766639709473 0.13382044434547424
0.46833574771881104 0.26206234097480774 0.22992144525051117
0.5913454294204712 0.30926206707954407 0.3174884617328644
0.6922835111618042 0.34477585554122925 0.3958945572376251
0.7725995182991028 0.36947697401046753 0.46473750472068787
0.8339802622795105 0.3843351900577545 0.5238045454025269
0.8782534599304199 0.39036667346954346 0.5730338096618652
0.9073054790496826 0.38859185576438904 0.6124735474586487
0.9230166673660278 0.38000378012657166 0.6422443389892578
0.9272123575210571 0.3655438721179962 0.6625022292137146
0.9216299653053284 0.3460862338542938 0.6734060645103455
0.9078975915908813 0.3224281966686249 0.6750873923301697
0.8875253796577454 0.29528576135635376 0.6676227450370789
0.8619018793106079 0.26529255509376526 0.6510084867477417
0.8320193886756897 0.23290963470935822 0.6254953742027283
0.7981671094894409 0.19834665954113007 0.5920363068580627
0.7605292201042175 0.16178534924983978 0.5516257882118225
0.7192838788032532 0.12341783940792084 0.5052233934402466
0.6746135950088501 0.08345284312963486 0.4537791907787323
0.6267142295837402 0.042122311890125275 0.398258239030838
0.5758047103881836 -0.0003130169934593141 0.3396587669849396
0.52213454246521 -0.043558817356824875 0.27902865409851074
0.465993195772171 -0.08728208392858505 0.21747823059558868
0.40771713852882385 -0.13110777735710144 0.15618963539600372
0.3476960062980652 -0.17461664974689484 0.09642118960618973
0.28637900948524475 -0.21734380722045898 0.03950798138976097
0.2242785096168518 -0.25877973437309265 -0.01314348541200161
0.16197066009044647 -0.29837432503700256 -0.06006799265742302
0.10009551048278809 -0.3355417251586914 -0.09975941479206085
0.03935208171606064 -0.3696722090244293 -0.130721315741539
-0.019499121233820915 -0.4002271294593811 -0.1524238884449005
-0.07568233460187912 -0.4267963171005249 -0.16562770307064056
-0.12846067547798157 -0.4490153193473816 -0.17124079167842865
-0.17714408040046692 -0.46655893325805664 -0.17021900415420532
-0.2210913598537445 -0.4791392683982849 -0.16354891657829285
-0.2597119212150574 -0.48650383949279785 -0.15223264694213867
-0.29246482253074646 -0.48843181133270264 -0.13727439939975739
-0.31885579228401184 -0.48472994565963745 -0.11966948956251144
-0.33843404054641724 -0.4752280116081238 -0.1003953218460083
-0.3507867455482483 -0.45977362990379333 -0.08040506392717361
-0.35553351044654846 -0.4382266700267792 -0.06062254682183266
-0.3523195683956146 -0.4104543626308441 -0.04194085672497749
-0.3408087491989136 -0.3763252794742584 -0.025221044197678566
-0.32067573070526123 -0.3357038199901581 -0.01129384059458971
-0.29159876704216003 -0.28844478726387024 -0.0009621130884625018
-0.25330448150634766 -0.23443293571472168 0.005051410291343927
-0.20630477368831635 -0.1742076277732849 0.006881474982947111
-0.1516990065574646 -0.10880306363105774 0.005298064090311527
-0.0905725508928299 -0.03924217075109482 0.001065669464878738
-0.023985009640455246 0.03347354754805565 -0.005071236286312342
0.04702592268586159 0.10836070030927658 -0.012385869398713112
0.1214427724480629 0.1844533383846283 -0.020167788490653038
0.19826413691043854 0.2607990801334381 -0.027721326798200607
0.2765040993690491 0.3364592492580414 -0.034364938735961914
0.35519087314605713 0.4105079770088196 -0.03943058103322983
0.43336570262908936 0.4820318818092346 -0.042263541370630264
0.5100827813148499 0.5501302480697632 -0.04222262278199196
0.5844100117683411 0.6139161586761475 -0.03868034482002258
0.6554282903671265 0.6725163459777832 -0.031023742631077766
0.72223299741745 0.7250729203224182 -0.01865524612367153
0.7839356660842896 0.7707453966140747 -0.0009936342248693109
0.8396421670913696 0.8088555932044983 0.0221759881824255
0.8883225917816162 0.8398027420043945 0.04850286245346069
0.9289339184761047 0.8644726276397705 0.07456564158201218
0.960480809211731 0.8837487697601318 0.09703187644481659
0.9819942116737366 0.8985025882720947 0.11264479905366898
0.9925016760826111 0.9095867872238159 0.11818994581699371
0.9909965991973877 0.9178335070610046 0.11044874787330627
0.9764015078544617 0.9240564703941345 0.0861383005976677
0.9475260972976685 0.9290549755096436 0.04183549806475639
0.90301913022995 0.9336240291595459 -0.02611546404659748
0.8413086533546448 0.9385644793510437 -0.1217188760638237
0.7605298757553101 0.9447005391120911 -0.2494719922542572
0.6584324836730957 0.9528995752334595 -0.41454920172691345
0.5322625041007996 0.9641000032424927 -0.6230390071868896
0.37860140204429626 0.9793476462364197 -0.8822646141052246
0.1931544989347458 0.9998435378074646 -1.201204776763916
-0.2737244665622711 -0.13304628431797028 -0.1725088506937027
-0.05356735363602638 -0.008888394571840763 -0.07360035926103592
0.14360050857067108 0.09960764646530151 0.022413117811083794
0.3169296979904175 0.19216595590114594 0.11409343034029007
0.4662667214870453 0.2689438462257385 0.2002072036266327
0.5920729637145996 0.3304709494113922 0.2797429859638214
0.6953216791152954 0.3775765001773834 0.3519119322299957
0.7773839831352234 0.4113124907016754 0.4161339998245239
0.8399156332015991 0.4328796863555908 0.4720141291618347
0.8847533464431763 0.44356125593185425 0.5193119049072266
0.9138241410255432 0.44466695189476013 0.5579072833061218
0.9290721416473389 0.4374885559082031 0.5877665877342224
0.9324019551277161 0.4232670068740845 0.6089076995849609
0.9256396293640137 0.4031701385974884 0.6213687658309937
0.9105057120323181 0.3782791197299957 0.6251774430274963
0.8886035084724426 0.3495829105377197 0.6203232407569885
0.8614130020141602 0.3179769217967987 0.6067312359809875
0.8299959301948547 0.2841034531593323 0.584601104259491
0.79466712474823 0.2481890171766281 0.5548563599586487
0.7556325793266296 0.210411936044693 0.5184661746025085
0.7130931615829468 0.1709616333246231 0.4763639271259308
0.667254626750946 0.13004449009895325 0.4294712245464325
0.6183372735977173 0.08788973838090897 0.37871888279914856
0.5665836930274963 0.04475429281592369 0.32506462931632996
0.5122660994529724 0.0009269040310755372 0.2695064842700958
0.45569509267807007 -0.043267298489809036 0.213095024228096
0.3972252905368805 -0.08746401965618134 0.15694107115268707
0.33726122975349426 -0.13125811517238617 0.10221949964761734
0.27626222372055054 -0.17420241236686707 0.050169847905635834
0.21474546194076538 -0.21580904722213745 0.002091263420879841
0.15328554809093475 -0.25555309653282166 -0.040668316185474396
0.09251438081264496 -0.2928772568702698 -0.0767272338271141
0.03311525285243988 -0.3272024989128113 -0.1047157347202301
-0.024191683158278465 -0.35801997780799866 -0.12416799366474152
-0.07869670540094376 -0.3849449157714844 -0.13582028448581696
-0.1297284960746765 -0.4076349437236786 -0.14053991436958313
-0.17665909230709076 -0.42578333616256714 -0.13923279941082
-0.2189049869775772 -0.4391172528266907 -0.1328289806842804
-0.25592803955078125 -0.4473954737186432 -0.12226983904838562
-0.2872343063354492 -0.4504052698612213 -0.10849641263484955
-0.31237077713012695 -0.4479585289955139 -0.09244048595428467
-0.33092236518859863 -0.4398873746395111 -0.07501702755689621
-0.3425067067146301 -0.42603975534439087 -0.05711899697780609
-0.3467691242694855 -0.40627428889274597 -0.03961353749036789
-0.3433762788772583 -0.38045552372932434 -0.023340698331594467
-0.3320099413394928 -0.348448783159256 -0.009113030508160591
-0.31235966086387634 -0.3101147413253784 0.002282698405906558
-0.2841165065765381 -0.2653047740459442 0.0100831538438797
-0.24701523780822754 -0.21389925479888916 0.01360077504068613
-0.2015267312526703 -0.15641216933727264 0.01300434023141861
-0.14867641031742096 -0.09384004026651382 0.00909957941621542
-0.08948095887899399 -0.02717301808297634 0.0026881350204348564
-0.024938181042671204 0.04261372983455658 -0.005446656607091427
0.04396883770823479 0.11455750465393066 -0.014537440612912178
0.11627069115638733 0.1877070665359497 -0.023831678554415703
0.19100695848464966 0.26111939549446106 -0.0325903594493866
0.2672264873981476 0.3338603079319 -0.040087852627038956
0.3439863920211792 0.4050043821334839 -0.04561183601617813
0.42035192251205444 0.4736354947090149 -0.048464108258485794
0.4953966736793518 0.5388476848602295 -0.04796144738793373
0.5682050585746765 0.5997481346130371 -0.043437033891677856
0.6378722786903381 0.6554579734802246 -0.03424234315752983
0.7035074234008789 0.7051158547401428 -0.019749175757169724
0.7642362713813782 0.7478809952735901 0.0006479099974967539
0.8191772103309631 0.7830873131752014 0.027159227058291435
0.8672900795936584 0.811206579208374 0.05727101489901543
0.9075230360031128 0.8332241773605347 0.08734606951475143
0.938886821269989 0.850124180316925 0.11385951191186905
0.9604281187057495 0.8628764152526855 0.13338503241539001
0.9711965918540955 0.8724290132522583 0.14255636930465698
0.9702087044715881 0.8797080516815186 0.13801243901252747
0.9564046859741211 0.8856205344200134 0.11632464826107025
0.9286011457443237 0.8910630345344543 0.07390563935041428
0.8854333758354187 0.8969346880912781 0.006895887199789286
0.825286328792572 0.9041547775268555 -0.08897923678159714
0.7462066411972046 0.9136871099472046 -0.21859019994735718
0.6457911729812622 0.9265719056129456 -0.387638121843338
0.5210380554199219 0.9439677596092224 -0.6029643416404724
0.3681410849094391 0.9672093987464905 -0.8729764819145203
0.18221014738082886 0.9978854656219482 -1.2082293033599854
-0.2878941595554352 -0.20852439105510712 -0.14259597659111023
-0.06639190763235092 -0.06076197326183319 -0.06335055083036423
0.13261406123638153 0.06910901516675949 0.015400269068777561
0.30805671215057373 0.18061590194702148 0.09226316958665848
0.4595785140991211 0.2738078832626343 0.16597263514995575
0.5874648690223694 0.34919416904449463 0.23542135953903198
0.692549467086792 0.40766456723213196 0.2996757924556732
0.776103675365448 0.4504014551639557 0.3579773008823395
0.8397241830825806 0.47879278659820557 0.409732848405838
0.8852243423461914 0.4943506121635437 0.45449578762054443
0.9145383834838867 0.4986422061920166 0.49194151163101196
0.9296426773071289 0.4932333528995514 0.5218403339385986
0.9324917793273926 0.47964558005332947 0.5440278053283691
0.9249739050865173 0.459326833486557 0.558376133441925
0.908879816532135 0.4336329400539398 0.5647652745246887
0.8858863115310669 0.40381982922554016 0.563055157661438
0.8575484752655029 0.3710414469242096 0.553059995174408
0.824988067150116 0.3361199200153351 0.5349003076553345
0.7885493040084839 0.29929858446121216 0.5094632506370544
0.748462975025177 0.26075103878974915 0.47768935561180115
0.7049565315246582 0.22066298127174377 0.4404829740524292
0.6582620143890381 0.17923609912395477 0.3987339437007904
0.6086255311965942 0.13669399917125702 0.3533364236354828
0.5563147068023682 0.09328605234622955 0.30520421266555786
0.5016248226165771 0.04929091036319733 0.2552826404571533
0.44488686323165894 0.005020459182560444 0.20455917716026306
0.3864724040031433 -0.039177969098091125 0.15407003462314606
0.32679852843284607 -0.08292035758495331 0.10490307211875916
0.2663317620754242 -0.12578515708446503 0.058198604732751846
0.20559026300907135 -0.16731438040733337 0.015145083889365196
0.14514298737049103 -0.20701731741428375 -0.02303040213882923
0.0856088325381279 -0.24437427520751953 -0.05507433041930199
0.02765081636607647 -0.27884626388549805 -0.07974688708782196
-0.028054237365722656 -0.3099570572376251 -0.09664683043956757
-0.08086271584033966 -0.3373425304889679 -0.10648352652788162
-0.13016821444034576 -0.36067599058151245 -0.11008048057556152
-0.1754036843776703 -0.37966275215148926 -0.10829123854637146
-0.216041699051857 -0.39403796195983887 -0.10198705643415451
-0.25159481167793274 -0.4035646915435791 -0.09204623103141785
-0.2816139757633209 -0.408031165599823 -0.0793447270989418
-0.30568546056747437 -0.40724706649780273 -0.06474891304969788
-0.3234279751777649 -0.40104010701179504 -0.049109455198049545
-0.33448752760887146 -0.3892514407634735 -0.033257465809583664
-0.3385334014892578 -0.3717314600944519 -0.01800146885216236
-0.33525189757347107 -0.34833553433418274 -0.004126876126974821
-0.32434093952178955 -0.31891918182373047 0.007604015525430441
-0.3055039644241333 -0.28333330154418945 0.01645026169717312
-0.27844324707984924 -0.24141943454742432 0.021689672023057938
-0.24290035665035248 -0.193047896027565 0.022671647369861603
-0.19930177927017212 -0.13870663940906525 0.01959970034658909
-0.1485932469367981 -0.079356849193573 0.01331560779362917
-0.09171716868877411 -0.015958670526742935 0.004659160040318966
-0.02960381470620632 0.0505373515188694 -0.005545987747609615
0.03682458773255348 0.11918675154447556 -0.016489926725625992
0.10665234178304672 0.18905122578144073 -0.027375534176826477
0.17896614968776703 0.2591952085494995 -0.0374177023768425
0.252855509519577 0.3286871314048767 -0.04584360495209694
0.32741206884384155 0.3965999484062195 -0.05189364030957222
0.4017299711704254 0.46201273798942566 -0.054823026061058044
0.4749077260494232 0.5240128636360168 -0.05390387773513794
0.546050488948822 0.581699788570404 -0.04842790588736534
0.6142719388008118 0.6341872811317444 -0.03770964592695236
0.6786983609199524 0.6806090474128723 -0.021090000867843628
0.7384728193283081 0.7201232314109802 0.0020597924012690783
0.7927277088165283 0.7520768046379089 0.0319436714053154
0.8404046297073364 0.7770252823829651 0.06588651984930038
0.8804313540458679 0.7960682511329651 0.10004013776779175
0.9118129014968872 0.8103023171424866 0.13069462776184082
0.9336019158363342 0.8208059668540955 0.15426409244537354
0.94486004114151 0.8286320567131042 0.16724272072315216
0.9446172118186951 0.8348082900047302 0.1661408543586731
0.9318231344223022 0.8403438925743103 0.14739973843097687
0.9052926898002625 0.8462425470352173 0.10728331655263901
0.8636401891708374 0.8535208702087402 0.04174318164587021
0.8051994442939758 0.863235354423523 -0.05375336483120918
0.727920413017273 0.8765165209770203 -0.18444418907165527
0.6292353272438049 0.8946159482002258 -0.35656359791755676
0.5058761239051819 0.9189689755439758 -0.5777348875999451
0.353617399930954 0.951282799243927 -0.8575225472450256
0.1669134944677353 0.9936596751213074 -1.2082103490829468
-0.3026932179927826 -0.2777353823184967 -0.10625694692134857
-0.0814165472984314 -0.1086193099617958 -0.04943309351801872
0.11800333857536316 0.04074593260884285 0.009417298249900341
0.2943357527256012 0.16969162225723267 0.06901189684867859
0.44705331325531006 0.27814188599586487 0.12810847163200378
0.5762795209884644 0.366555392742157 0.18554508686065674
0.6827057600021362 0.43584367632865906 0.24026893079280853
0.7674891352653503 0.4872772693634033 0.2913532853126526
0.8321411609649658 0.5223873853683472 0.3380022644996643
0.8784217238426208 0.5428749322891235 0.3795469105243683
0.9082399010658264 0.5505279302597046 0.415432333946228
0.9235711097717285 0.5471552610397339 0.445200115442276
0.9263891577720642 0.5345333218574524 0.46846655011177063
0.9186163544654846 0.5143696665763855 0.48489856719970703
0.9020888209342957 0.4882792532444 0.494188517332077
0.8785355091094971 0.4577729105949402 0.4960278570652008
0.8495683073997498 0.42425453662872314 0.4900822639465332
0.8163588047027588 0.388720840215683 0.47636544704437256
0.779280960559845 0.3514302372932434 0.4557201564311981
0.7385942935943604 0.3125508725643158 0.42905327677726746
0.694554328918457 0.2722620666027069 0.3972359001636505
0.6474208831787109 0.23075848817825317 0.3611220717430115
0.5974664688110352 0.18825465440750122 0.3215656280517578
0.5449831485748291 0.14498834311962128 0.27943292260169983
0.4902883768081665 0.10122344642877579 0.23561352491378784
0.433731347322464 0.057253237813711166 0.1910289078950882
0.3756977915763855 0.013402065262198448 0.1466379165649414
0.3166135549545288 -0.029973717406392097 0.10343965888023376
0.2569480538368225 -0.07248511910438538 0.062473613768815994
0.19721555709838867 -0.11371161043643951 0.024816371500492096
0.13797412812709808 -0.15320426225662231 -0.008426124230027199
0.07982449978590012 -0.19048893451690674 -0.03612843155860901
0.023404063656926155 -0.22507412731647491 -0.05718037486076355
-0.030655676499009132 -0.2565186023712158 -0.07124398648738861
-0.08177506178617477 -0.2844725549221039 -0.07899899780750275
-0.1294095367193222 -0.3086187541484833 -0.08122340589761734
-0.17304936051368713 -0.3286675214767456 -0.07871708273887634
-0.21221940219402313 -0.34435510635375977 -0.07229180634021759
-0.2464788258075714 -0.3554418385028839 -0.06276260316371918
-0.2754195034503937 -0.3617097735404968 -0.05094049125909805
-0.2986631989479065 -0.3629598021507263 -0.037626706063747406
-0.3158583641052246 -0.35900795459747314 -0.023608138784766197
-0.3266761898994446 -0.3496822118759155 -0.009654516354203224
-0.3308064341545105 -0.3348183333873749 0.0034837627317756414
-0.32795214653015137 -0.31425607204437256 0.01507550198584795
-0.31782492995262146 -0.28783491253852844 0.02440846711397171
-0.30013933777809143 -0.2553898096084595 0.030787313356995583
-0.27460694313049316 -0.216746985912323 0.033531103283166885
-0.2409742921590805 -0.1717611402273178 0.03202630206942558
-0.19962096214294434 -0.12089459598064423 0.02651091292500496
-0.15140974521636963 -0.06507774442434311 0.017862556502223015
-0.09720510244369507 -0.005244733300060034 0.006959440186619759
-0.037865571677684784 0.057674210518598557 -0.005333509761840105
0.025751739740371704 0.12274990975856781 -0.018162377178668976
0.09278973191976547 0.18905344605445862 -0.03068365715444088
0.1623871922492981 0.2556537985801697 -0.042063821107149124
0.2336791604757309 0.3216192126274109 -0.05148044601082802
0.30579695105552673 0.38601863384246826 -0.05812405049800873
0.37786903977394104 0.4479239881038666 -0.06120089069008827
0.4490230977535248 0.5064136981964111 -0.05993633344769478
0.5183897614479065 0.5605776309967041 -0.05357898026704788
0.5851051807403564 0.6095209717750549 -0.04140567407011986
0.6483164429664612 0.6523714065551758 -0.022726623341441154
0.7071870565414429 0.6882852911949158 0.0031088143587112427
0.7608641982078552 0.7166240811347961 0.036296430975198746
0.8082617521286011 0.7380400896072388 0.07400518655776978
0.8482735753059387 0.7537637948989868 0.11218585819005966
0.8798861503601074 0.7650178074836731 0.146955668926239
0.9021455645561218 0.7730005383491516 0.17458325624465942
0.9141137599945068 0.7788782715797424 0.1914394646883011
0.9148237705230713 0.7837895154953003 0.19392426311969757
0.9032246470451355 0.7888547778129578 0.17836801707744598
0.8781198263168335 0.7951949834823608 0.14090637862682343
0.8380942344665527 0.8039593696594238 0.07732254266738892
0.7814211845397949 0.8163612484931946 -0.017155105248093605
0.7059439420700073 0.8337273597717285 -0.1481160968542099
0.6089167594909668 0.8575642704963684 -0.32232123613357544
0.48678499460220337 0.8896493911743164 -0.5481884479522705
0.33486780524253845 0.9321609139442444 -0.8364911675453186
0.1468961089849472 0.9878658056259155 -1.2013721466064453
-0.31926706433296204 -0.3377798795700073 -0.06392009556293488
-0.09976714104413986 -0.14988456666469574 -0.03184877336025238
0.09864693880081177 0.016733253374695778 0.0048375846818089485
0.27463600039482117 0.16123199462890625 0.0450204499065876
0.42754045128822327 0.28341418504714966 0.08752940595149994
0.5573421716690063 0.383674293756485 0.13118836283683777
0.6645942330360413 0.4629194438457489 0.17485521733760834
0.7503283023834229 0.5224724411964417 0.21745242178440094
0.8159511685371399 0.5639686584472656 0.25798720121383667
0.8631412982940674 0.5892562866210938 0.29556241631507874
0.8937510848045349 0.6003053188323975 0.32937750220298767
0.9097222685813904 0.5991313457489014 0.3587225675582886
0.9130162596702576 0.5877345204353333 0.3829658031463623
0.9055598974227905 0.5680553317070007 0.401536762714386
0.889207661151886 0.54194575548172 0.41390562057495117
0.8657174110412598 0.5111535787582397 0.4195604920387268
0.8367372155189514 0.47731801867485046 0.4179835915565491
0.8034753799438477 0.4416007399559021 0.40905556082725525
0.7663366198539734 0.4042729437351227 0.3935655951499939
0.725609302520752 0.3654945492744446 0.3723806142807007
0.6815775036811829 0.32543614506721497 0.34633293747901917
0.6345284581184387 0.284281849861145 0.31623607873916626
0.5847601294517517 0.24223321676254272 0.28289905190467834
0.5325872302055359 0.19951213896274567 0.24713721871376038
0.4783460795879364 0.15636281669139862 0.20978105068206787
0.4224010109901428 0.11305447667837143 0.171683669090271
0.36514753103256226 0.06988286226987839 0.13372525572776794
0.30701544880867004 0.027170566841959953 0.09681523591279984
0.2484714388847351 -0.014732275158166885 0.06189272925257683
0.190020352602005 -0.05544895678758621 0.029923876747488976
0.13220340013504028 -0.09457886219024658 0.0018957352731376886
0.07559740543365479 -0.1316998451948166 -0.02119116671383381
0.020808881148695946 -0.1663743406534195 -0.03835276886820793
-0.03157709911465645 -0.1981966346502304 -0.049311090260744095
-0.08104046434164047 -0.2268253117799759 -0.05471444129943848
-0.1270930916070938 -0.2519455552101135 -0.055294573307037354
-0.1692768782377243 -0.2732658088207245 -0.051797859370708466
-0.20716294646263123 -0.29051628708839417 -0.04497754946351051
-0.24035122990608215 -0.3034479022026062 -0.0355871357023716
-0.2684687077999115 -0.3118297755718231 -0.02437465637922287
-0.29116687178611755 -0.3154470920562744 -0.01207868941128254
-0.3081188499927521 -0.3140980303287506 0.0005751016433350742
-0.31901589035987854 -0.3075908422470093 0.012875832617282867
-0.32356366515159607 -0.2957402467727661 0.02412862703204155
-0.32147789001464844 -0.2783644497394562 0.03365423530340195
-0.31248003244400024 -0.2552809417247772 0.040788233280181885
-0.29629218578338623 -0.22630290687084198 0.04487907141447067
-0.27263253927230835 -0.19123528897762299 0.0452854298055172
-0.24124988913536072 -0.14991211891174316 0.04142953082919121
-0.20247510075569153 -0.1027715802192688 0.033582620322704315
-0.1570870727300644 -0.050719551742076874 0.022657379508018494
-0.10587044060230255 0.005329898092895746 0.009570148773491383
-0.049609579145908356 0.06446171551942825 -0.004772640299052
0.010906481184065342 0.12575660645961761 -0.019472328945994377
0.07488272339105606 0.18829087913036346 -0.033637817949056625
0.14151398837566376 0.25113368034362793 -0.04638565331697464
0.20998519659042358 0.31334954500198364 -0.05684215575456619
0.2794717848300934 0.37399983406066895 -0.06414613872766495
0.34914106130599976 0.43214666843414307 -0.06745322793722153
0.4181544780731201 0.4868567883968353 -0.06594058871269226
0.4856722950935364 0.5372084975242615 -0.05881287530064583
0.5508571267127991 0.5822969675064087 -0.045309022068977356
0.612880527973175 0.6212428212165833 -0.02470930479466915
0.6709291338920593 0.6532001495361328 0.003657075110822916
0.7241652607917786 0.67754727602005 0.0399763397872448
0.7714643478393555 0.695048451423645 0.0812709629535675
0.8116708993911743 0.7070831656455994 0.12330635637044907
0.8437384366989136 0.7150157690048218 0.16204366087913513
0.8666918873786926 0.7201759815216064 0.19362476468086243
0.8795815110206604 0.7238547801971436 0.2143174558877945
0.8814305067062378 0.7273098230361938 0.22043277323246002
0.8711762428283691 0.7317821979522705 0.20821340382099152
0.8476008176803589 0.7385222911834717 0.17369133234024048
0.8092489242553711 0.7488268613815308 0.11250711232423782
0.7543230056762695 0.7640881538391113 0.019677089527249336
0.680547833442688 0.7858616709709167 -0.11071427911520004
0.5849834680557251 0.8159573674201965 -0.28593331575393677
0.46376460790634155 0.8565682172775269 -0.5151848793029785
0.3117126524448395 0.9104573130607605 -0.8104763627052307
0.12175668030977249 0.9812377095222473 -1.1879078149795532
-0.33869895339012146 -0.3859434425830841 -0.01601501554250717
-0.1225043460726738 -0.18212713301181793 -0.010618790984153748
0.07349523901939392 -0.0008186709019355476 0.002012325916439295
0.24790574610233307 0.15700794756412506 0.020959844812750816
0.3999750316143036 0.2910539209842682 0.04516281560063362
0.5295675992965698 0.40165141224861145 0.07346631586551666
0.6371071338653564 0.48968854546546936 0.10466872155666351
0.7234954237937927 0.5565140247344971 0.13756373524665833
0.7900184988975525 0.603832483291626 0.17097465693950653
0.8382495641708374 0.6336004137992859 0.2037796676158905
0.8699553608894348 0.6479294896125793 0.2349272072315216
0.8870126008987427 0.6490029096603394 0.2634425163269043
0.8913378119468689 0.6390084624290466 0.2884262800216675
0.884831964969635 0.6200875639915466 0.3090460002422333
0.8693398237228394 0.5943009257316589 0.32452207803726196
0.8466222286224365 0.5636096596717834 0.3341090679168701
0.8183407187461853 0.5298671722412109 0.33707526326179504
0.7857259511947632 0.49438634514808655 0.33314332365989685
0.7492098808288574 0.4574466049671173 0.3230392336845398
0.7091094255447388 0.4191969335079193 0.3075829744338989
0.6657353043556213 0.3797951340675354 0.28756168484687805
0.6193997263908386 0.3394107222557068 0.2637428939342499
0.5704230070114136 0.2982279360294342 0.23688599467277527
0.5191388726234436 0.25644785165786743 0.20775149762630463
0.4658987522125244 0.21428988873958588 0.17710815370082855
0.41107672452926636 0.17199400067329407 0.1457388699054718
0.3550725281238556 0.1298218071460724 0.11444459855556488
0.2983138859272003 0.08805657178163528 0.08404592424631119
0.2412588745355606 0.04700404405593872 0.05538371577858925
0.1843964010477066 0.006991637870669365 0.02931714430451393
0.12824466824531555 -0.031633783131837845 0.006719197612255812
0.07335072010755539 -0.06850726902484894 -0.011528954841196537
0.0202848631888628 -0.10325022041797638 -0.02456286922097206
-0.030414240434765816 -0.1354925036430359 -0.03216024115681648
-0.07827955484390259 -0.1648944765329361 -0.03493700176477432
-0.12287192791700363 -0.1911367028951645 -0.03357904404401779
-0.1637771725654602 -0.21391882002353668 -0.028780991211533546
-0.20060496032238007 -0.23295845091342926 -0.021240180358290672
-0.23298825323581696 -0.24799007177352905 -0.011651887558400631
-0.2605817914009094 -0.25876352190971375 -0.0007052163709886372
-0.28305962681770325 -0.26504188776016235 0.010919647291302681
-0.30011293292045593 -0.2665991187095642 0.022553851827979088
-0.3114466071128845 -0.2632175385951996 0.033540837466716766
-0.31677669286727905 -0.25468501448631287 0.04323691129684448
-0.31582602858543396 -0.24079187214374542 0.05101052671670914
-0.3083208501338959 -0.22132781147956848 0.05624126270413399
-0.2939866781234741 -0.19607830047607422 0.058317750692367554
-0.27254390716552734 -0.16482125222682953 0.05663517117500305
-0.243740051984787 -0.12736478447914124 0.050648707896471024
-0.20785681903362274 -0.0841253399848938 0.040660880506038666
-0.16558937728405 -0.03599195182323456 0.02761782333254814
-0.11764246225357056 0.01613370142877102 0.012473108246922493
-0.06472568213939667 0.07134474068880081 -0.0038257623091340065
-0.007558150216937065 0.12872552871704102 -0.020335430279374123
0.053129326552152634 0.18735146522521973 -0.036116912961006165
0.1165904626250267 0.24628663063049316 -0.05023627728223801
0.1820635050535202 0.304586797952652 -0.06176767125725746
0.24877189099788666 0.3613017201423645 -0.06979750096797943
0.3159254193305969 0.41547954082489014 -0.07342986017465591
0.3827236294746399 0.4661726951599121 -0.0717933252453804
0.4483603537082672 0.512445330619812 -0.06404844671487808
0.5120283365249634 0.5533808469772339 -0.04939672350883484
0.5729264616966248 0.5880917310714722 -0.027089659124612808
0.6302668452262878 0.6157296895980835 0.0035616152454167604
0.6832273006439209 0.6356922388076782 0.04273293912410736
0.7306324243545532 0.6488732695579529 0.08731454610824585
0.7712603211402893 0.6568220257759094 0.13290777802467346
0.804015040397644 0.6610613465309143 0.17533990740776062
0.8278858065605164 0.6630665063858032 0.21064896881580353
0.8418962955474854 0.6642635464668274 0.23502367734909058
0.8450475335121155 0.6660399436950684 0.2447112649679184
0.8362525701522827 0.6697675585746765 0.23589317500591278
0.8142604231834412 0.6768382787704468 0.2045261114835739
0.7775638699531555 0.6887129545211792 0.14613917469978333
0.7242826223373413 0.7069867253303528 0.05557035282254219
0.6520078182220459 0.7334791421890259 -0.07338528335094452
0.5575869679450989 0.770357072353363 -0.2484624832868576
0.43681418895721436 0.8203117847442627 -0.47962263226509094
0.28396332263946533 0.8868221044540405 -0.7800984978675842
0.09106914699077606 0.974557638168335 -1.1679986715316772
-0.36200666427612305 -0.4197014570236206 0.03703175485134125
-0.15061749517917633 -0.20307591557502747 0.014216813258826733
0.041579555720090866 -0.00992369744926691 0.0012674377067014575
0.21318525075912476 0.15870103240013123 -0.002516741631552577
0.3633943498134613 0.3024316132068634 0.0019366824999451637
0.4919804632663727 0.421551913022995 0.013520610518753529
0.5992512106895447 0.5169280171394348 0.031000077724456787
0.6859789490699768 0.5899170637130737 0.053063057363033295
0.7533183693885803 0.6422644257545471 0.07836634665727615
0.8027177453041077 0.6759991645812988 0.10557425767183304
0.8358322978019714 0.6933348178863525 0.13338743150234222
0.854444146156311 0.696582019329071 0.16056254506111145
0.8603943586349487 0.6880765557289124 0.18592208623886108
0.8555269241333008 0.670123815536499 0.2083556354045868
0.841646671295166 0.6449601650238037 0.22681306302547455
0.8204909563064575 0.6147300004959106 0.24029181897640228
0.7937095761299133 0.581474244594574 0.24782021343708038
0.7625380754470825 0.546638011932373 0.24894137680530548
0.7274311780929565 0.5105036497116089 0.24430827796459198
0.6887294054031372 0.47320419549942017 0.23468650877475739
0.6467664837837219 0.4348803162574768 0.22081150114536285
0.6018752455711365 0.3956820070743561 0.2033988982439041
0.5543934106826782 0.355771005153656 0.18315400183200836
0.5046682953834534 0.31532230973243713 0.16077880561351776
0.4530603587627411 0.2745252549648285 0.13697795569896698
0.3999471962451935 0.23358537256717682 0.1124633401632309
0.34572628140449524 0.19272463023662567 0.08795711398124695
0.2908165752887726 0.15218210220336914 0.0641932561993599
0.2356605976819992 0.11221422255039215 0.04191814735531807
0.18072471022605896 0.0730944499373436 0.021889321506023407
0.12649792432785034 0.03511151671409607 0.004872392397373915
0.07349151372909546 -0.001431079930625856 -0.008362841792404652
0.022234635427594185 -0.03621773421764374 -0.01706325076520443
-0.0267795417457819 -0.06891322135925293 -0.021056847646832466
-0.0731283575296402 -0.09917296469211578 -0.020927228033542633
-0.11641237139701843 -0.12666605412960052 -0.017316428944468498
-0.15625189244747162 -0.15107664465904236 -0.010870316065847874
-0.19228574633598328 -0.17210298776626587 -0.0022346540354192257
-0.22417090833187103 -0.18945695459842682 0.007948496378958225
-0.251581072807312 -0.20286279916763306 0.0190433319658041
-0.27420446276664734 -0.21205522119998932 0.030422139912843704
-0.29174232482910156 -0.21677792072296143 0.04146663472056389
-0.3039058446884155 -0.21678127348423004 0.051568347960710526
-0.3104141354560852 -0.2118200659751892 0.06012878194451332
-0.3109906017780304 -0.20165085792541504 0.06655820459127426
-0.3053603768348694 -0.18602938950061798 0.07027469575405121
-0.293246328830719 -0.16470739245414734 0.07070191204547882
-0.27436596155166626 -0.1374296098947525 0.06726688146591187
-0.24846090376377106 -0.10397280007600784 0.059453681111335754
-0.21576306223869324 -0.064734548330307 0.047592949122190475
-0.17688605189323425 -0.020596543326973915 0.032662343233823776
-0.13245625793933868 0.027543136849999428 0.015650954097509384
-0.08310891687870026 0.0787772387266159 -0.002453907858580351
-0.029493242502212524 0.13218583166599274 -0.020665207877755165
0.027725359424948692 0.1868358999490738 -0.03799666091799736
0.0878610610961914 0.2417798489332199 -0.05346428230404854
0.15020790696144104 0.29605844616889954 -0.06609051674604416
0.21403995156288147 0.3487042784690857 -0.07490955293178558
0.2786130905151367 0.39874717593193054 -0.0789744108915329
0.3431679308414459 0.445220947265625 -0.07736553251743317
0.40693533420562744 0.4871727228164673 -0.06920021772384644
0.4691411256790161 0.5236719846725464 -0.05364372581243515
0.529013991355896 0.5538219213485718 -0.0299204234033823
0.585793673992157 0.5767715573310852 0.002674482297152281
0.6386725306510925 0.5919402837753296 0.04430655390024185
0.6864107847213745 0.600371241569519 0.09175291657447815
0.7277019023895264 0.6038076281547546 0.14047862589359283
0.7613829970359802 0.6039493680000305 0.18620459735393524
0.7863911986351013 0.6024328470230103 0.22489245235919952
0.8017088174819946 0.6008318066596985 0.2526792585849762
0.8063005208969116 0.600674033164978 0.26577654480934143
0.7990421652793884 0.6034740209579468 0.26033422350883484
0.778636634349823 0.6107783913612366 0.2322656214237213
0.743511974811554 0.624229907989502 0.17702393233776093
0.6916905641555786 0.6456527709960938 0.08931010216474533
0.6206130385398865 0.6771684288978577 -0.037322789430618286
0.5268903970718384 0.7213594913482666 -0.21102389693260193
0.4059412181377411 0.7815072536468506 -0.44245386123657227
0.2514319121837616 0.8619529604911804 -0.7460218071937561
0.054394159466028214 0.9686673879623413 -1.1418362855911255
-0.39014050364494324 -0.4367204010486603 0.09479977935552597
-0.18501931428909302 -0.21063001453876495 0.042600616812705994
0.002020179759711027 -0.008736819960176945 0.002900956431403756
0.16961808502674103 0.167883962392807 -0.024781696498394012
0.31695303320884705 0.31883934140205383 -0.0412328727543354
0.44373515248298645 0.44438886642456055 -0.04749634489417076
0.5501717329025269 0.5453828573226929 -0.04482091963291168
0.6369107365608215 0.6231776475906372 -0.03460368886590004
0.7049693465232849 0.6795374155044556 -0.01833524741232395
0.7556565403938293 0.7165324091911316 0.0024502784945070744
0.7904938459396362 0.7364404201507568 0.026216017082333565
0.8111428618431091 0.7416588664054871 0.051454395055770874
0.8193391561508179 0.7346304655075073 0.07670794427394867
0.8168397545814514 0.7177841067314148 0.10058071464300156
0.8053799867630005 0.6934937238693237 0.12173963338136673
0.7866441607475281 0.6640516519546509 0.13890820741653442
0.7622446417808533 0.6316540837287903 0.1508549153804779
0.7334017753601074 0.5978549122810364 0.15692555904388428
0.7005841732025146 0.5629315376281738 0.15769115090370178
0.6641501188278198 0.5269956588745117 0.1538558006286621
0.6244494915008545 0.4901653528213501 0.14609697461128235
0.5818284749984741 0.45256495475769043 0.13507317006587982
0.5366356372833252 0.41432803869247437 0.12143123149871826
0.4892244040966034 0.3755979537963867 0.10581187158823013
0.43995678424835205 0.3365282714366913 0.08885396271944046
0.3892066180706024 0.2972846031188965 0.07119840383529663
0.33736157417297363 0.25804460048675537 0.053490348160266876
0.28482452034950256 0.2189982533454895 0.03638068586587906
0.2320152074098587 0.1803484410047531 0.020526492968201637
0.17937080562114716 0.14231067895889282 0.006590637378394604
0.1273447573184967 0.10511203110218048 -0.004760358482599258
0.07640711218118668 0.06899098306894302 -0.012858510948717594
0.027040917426347733 0.03419692441821098 -0.01705179736018181
-0.020304128527641296 0.0010312024969607592 -0.017212918028235435
-0.06523951143026352 -0.030150173231959343 -0.013894465751945972
-0.10739453881978989 -0.05899808928370476 -0.007697780150920153
-0.14641320705413818 -0.08517476916313171 0.0007753271493129432
-0.18195298314094543 -0.10835303366184235 0.010925089940428734
-0.21368445456027985 -0.1282159686088562 0.022156037390232086
-0.24129033088684082 -0.14445611834526062 0.03387856110930443
-0.26446372270584106 -0.15677404403686523 0.04550984129309654
-0.28290659189224243 -0.1648770272731781 0.05647444352507591
-0.2963278591632843 -0.16847747564315796 0.06620430946350098
-0.3044414520263672 -0.16729091107845306 0.07413837313652039
-0.30696365237236023 -0.16103394329547882 0.07972140610218048
-0.30361059308052063 -0.1494218409061432 0.08240287005901337
-0.2940957248210907 -0.13216613233089447 0.08163483440876007
-0.27812668681144714 -0.10897190123796463 0.07686997950077057
-0.25543320178985596 -0.07957842946052551 0.06761575490236282
-0.22619697451591492 -0.04436808452010155 0.05422699451446533
-0.1909535974264145 -0.004225553944706917 0.0377100445330143
-0.15025386214256287 0.039944179356098175 0.019087230786681175
-0.10466060042381287 0.08722352981567383 -0.0006166183156892657
-0.05475416034460068 0.13667868077754974 -0.020372556522488594
-0.0011350390268489718 0.18735945224761963 -0.039148960262537
0.05557211861014366 0.23829805850982666 -0.05591347813606262
0.1147182360291481 0.28851285576820374 -0.06963841617107391
0.17562977969646454 0.3370124101638794 -0.07930736988782883
0.23761069774627686 0.3828023076057434 -0.08392397314310074
0.29994523525238037 0.4248930513858795 -0.08252226561307907
0.36190348863601685 0.4623108506202698 -0.07417821139097214
0.42274653911590576 0.49410825967788696 -0.05802268907427788
0.4817348122596741 0.5193777680397034 -0.03325516730546951
0.5381361842155457 0.537264883518219 0.0008430715533904731
0.5911562442779541 0.547214150428772 0.044428400695323944
0.639476478099823 0.5504401326179504 0.09418974071741104
0.6816861629486084 0.5489065051078796 0.1454901248216629
0.7165371775627136 0.5445119738578796 0.1939772367477417
0.742897629737854 0.5390710234642029 0.23556801676750183
0.7596928477287292 0.5343191623687744 0.2663789391517639
0.7658366560935974 0.5319376587867737 0.28261688351631165
0.7601537108421326 0.5335954427719116 0.2804320156574249
0.7412869334220886 0.5410090684890747 0.2557295262813568
0.7075852155685425 0.5560228824615479 0.20392709970474243
0.6569569110870361 0.5807172656059265 0.11963623017072678
0.5866715908050537 0.6175575852394104 -0.0037730198819190264
0.4930761158466339 0.6696056127548218 -0.17479237914085388
0.3711702823638916 0.7408325672149658 -0.40469494462013245
0.21394279599189758 0.8366063237190247 -0.708970308303833
0.01129436120390892 0.964475691318512 -1.109642744064331
-0.42398351430892944 -0.434857577085495 0.1568787544965744
-0.2265440821647644 -0.20286692678928375 0.0744599774479866
-0.04596883803606033 0.004431744571775198 0.007180902175605297
0.11645907908678055 0.18600264191627502 -0.045240771025419235
0.2599349319934845 0.3414728343486786 -0.08345531672239304
0.38413140177726746 0.47110727429389954 -0.10844030231237411
0.48917296528816223 0.5757536888122559 -0.12144777923822403
0.5755908489227295 0.656765341758728 -0.12394435703754425
0.6442633271217346 0.7159093022346497 -0.11755016446113586
0.6963498592376709 0.7552706003189087 -0.10398033261299133
0.7332214713096619 0.7771567702293396 -0.08499415963888168
0.7563954591751099 0.784012496471405 -0.06235262006521225
0.7674762010574341 0.7783448100090027 -0.03778700530529022
0.7681041955947876 0.7626640200614929 -0.012978149577975273
0.7599161267280579 0.7394397854804993 0.010453536175191402
0.7445144653320312 0.7110725045204163 0.030948463827371597
0.72344571352005 0.679875910282135 0.047002311795949936
0.6978927850723267 0.6474846601486206 0.05775065720081329
0.6683277487754822 0.6141623258590698 0.06367536634206772
0.6351161599159241 0.579992413520813 0.06541331857442856
0.5986146926879883 0.5450631976127625 0.06357860565185547
0.5591743588447571 0.5094672441482544 0.05876835808157921
0.5171447992324829 0.47330352663993835 0.05156770721077919
0.4728769063949585 0.43667715787887573 0.0425540916621685
0.4267255663871765 0.3997006118297577 0.03230038285255432
0.3790522813796997 0.3624940812587738 0.021377619355916977
0.3302266001701355 0.32518598437309265 0.010357018560171127
0.28062760829925537 0.28791293501853943 -0.0001889588893391192
0.23064500093460083 0.2508203387260437 -0.009685896337032318
0.18067999184131622 0.21406231820583344 -0.017557473853230476
0.1311444789171219 0.17780114710330963 -0.023226479068398476
0.08246171474456787 0.14220742881298065 -0.026116011664271355
0.035064078867435455 0.10746150463819504 -0.02566383220255375
-0.01063957717269659 0.07383192330598831 -0.021781453862786293
-0.05428313836455345 0.04169236868619919 -0.014993052929639816
-0.09551259130239487 0.011416350491344929 -0.005863875150680542
-0.13398370146751404 -0.016630444675683975 0.0050424071960151196
-0.1693609356880188 -0.04208952188491821 0.01716492883861065
-0.20131748914718628 -0.06460949778556824 0.029946979135274887
-0.22953420877456665 -0.08384549617767334 0.042836666107177734
-0.2536984384059906 -0.09945797175168991 0.055287133902311325
-0.27350297570228577 -0.11111198365688324 0.0667567029595375
-0.28864458203315735 -0.11847559362649918 0.07670847326517105
-0.29882246255874634 -0.12121880054473877 0.08460979163646698
-0.3037363886833191 -0.11901139467954636 0.08993100374937057
-0.3030848205089569 -0.11152148246765137 0.09214433282613754
-0.2965628206729889 -0.09841319173574448 0.09072210639715195
-0.28385964035987854 -0.07934455573558807 0.08513496816158295
-0.26468533277511597 -0.054010841995477676 0.07490666210651398
-0.23917092382907867 -0.022782789543271065 0.06041133403778076
-0.20777848362922668 0.01344012189656496 0.042680524289608
-0.17098702490329742 0.05373433232307434 0.02276649698615074
-0.12929031252861023 0.09716041386127472 0.001728641102090478
-0.0832023173570633 0.14275966584682465 -0.01936543732881546
-0.0332600362598896 0.18955403566360474 -0.03944162279367447
0.019972095265984535 0.23654581606388092 -0.05742235109210014
0.07590160518884659 0.282721608877182 -0.07223284989595413
0.13390782475471497 0.3270578980445862 -0.08280925452709198
0.19334350526332855 0.36852872371673584 -0.08810889720916748
0.25353744626045227 0.40611517429351807 -0.08712250739336014
0.3138003349304199 0.43881770968437195 -0.07888765633106232
0.37342920899391174 0.46566855907440186 -0.06250379979610443
0.4317167401313782 0.48574697971343994 -0.037147827446460724
0.48795923590660095 0.49819397926330566 -0.002089207526296377
0.5413722991943359 0.5024821162223816 0.04282180592417717
0.5905439257621765 0.5000225305557251 0.09421663731336594
0.6339388489723206 0.4930286407470703 0.14739766716957092
0.6702048778533936 0.48362281918525696 0.19797809422016144
0.6981244087219238 0.473816841840744 0.24186648428440094
0.7165494561195374 0.46552425622940063 0.27519285678863525
0.7243282794952393 0.46059367060661316 0.29419276118278503
0.7202198505401611 0.46086302399635315 0.29505136609077454
0.702792227268219 0.4682348370552063 0.2737032473087311
0.6702988147735596 0.4847763776779175 0.22557468712329865
0.6205154657363892 0.5128543376922607 0.14524246752262115
0.5505168437957764 0.5553223490715027 0.025963135063648224
0.45635196566581726 0.6157894730567932 -0.14100676774978638
0.33255207538604736 0.6990257501602173 -0.36743491888046265
0.1713452935218811 0.811604380607605 -0.6697419881820679
-0.038646940141916275 0.9629612565040588 -1.071694016456604
-0.4643506407737732 -0.4121570885181427 0.2228696048259735
-0.27594417333602905 -0.17804671823978424 0.10970816761255264
-0.10307411849498749 0.031105222180485725 0.014343773014843464
0.05308234319090843 0.2143612951040268 -0.06333906948566437
0.1917644739151001 0.37141475081443787 -0.12387710809707642
0.31263017654418945 0.5025679469108582 -0.16819186508655548
0.41573816537857056 0.6086834669113159 -0.19753845036029816
0.5015124678611755 0.6911140084266663 -0.21344465017318726
0.5706945657730103 0.7516191005706787 -0.2176460474729538
0.6242883205413818 0.7922762036323547 -0.2120218724012375
0.6635014414787292 0.8153913617134094 -0.19853651523590088
0.6896886825561523 0.823418915271759 -0.17918866872787476
0.7042990922927856 0.8188885450363159 -0.15597110986709595
0.7088310718536377 0.8043481111526489 -0.13084132969379425
0.7047942876815796 0.7823187112808228 -0.10570371896028519
0.6936802268028259 0.7552649974822998 -0.08240202069282532
0.676941454410553 0.7255762815475464 -0.06271906197071075
0.6556997895240784 0.6949361562728882 -0.04773661494255066
0.6304159164428711 0.6635834574699402 -0.03706622123718262
0.60145103931427 0.6315659880638123 -0.030142132192850113
0.5691564679145813 0.5989343523979187 -0.026416949927806854
0.533876359462738 0.565742015838623 -0.02535771019756794
0.4959505796432495 0.5320459604263306 -0.026442477479577065
0.45571717619895935 0.4979073107242584 -0.02915753424167633
0.41351401805877686 0.4633907675743103 -0.032995037734508514
0.3696807026863098 0.428566038608551 -0.03745100647211075
0.3245600759983063 0.39350730180740356 -0.04202393814921379
0.27849921584129333 0.35829368233680725 -0.04621371626853943
0.2318504899740219 0.3230094611644745 -0.04952087625861168
0.18497250974178314 0.28774428367614746 -0.051446303725242615
0.13822956383228302 0.25259268283843994 -0.051491498947143555
0.09199289232492447 0.21765494346618652 -0.049158867448568344
0.04663950204849243 0.1830393671989441 -0.04396374896168709
0.0025405941996723413 0.14898273348808289 -0.035850707441568375
-0.0399475172162056 0.1158820390701294 -0.02531919628381729
-0.08047451078891754 0.08414089679718018 -0.012904278934001923
-0.11869540065526962 0.0541582927107811 0.0008613815298303962
-0.15426959097385406 0.02632935345172882 0.015447706915438175
-0.1868607997894287 0.0010453282156959176 0.030327681452035904
-0.216136634349823 -0.02130597084760666 0.044977448880672455
-0.24176740646362305 -0.04033922776579857 0.058876074850559235
-0.2634256184101105 -0.05567105486989021 0.07150524109601974
-0.2807847857475281 -0.06691891700029373 0.08234868198633194
-0.2935188114643097 -0.07370028644800186 0.09089165925979614
-0.301300048828125 -0.0756310299038887 0.09661965072154999
-0.3037985563278198 -0.07232437282800674 0.09901759028434753
-0.3006803095340729 -0.06338905543088913 0.09756823629140854
-0.29160580039024353 -0.04842795804142952 0.09175079315900803
-0.2762552797794342 -0.02708466351032257 0.08109680563211441
-0.2547082006931305 0.0002778663474600762 0.06599356234073639
-0.22735832631587982 0.032732684165239334 0.047493476420640945
-0.1946181058883667 0.06932459771633148 0.026674630120396614
-0.15691640973091125 0.10907937586307526 0.004626747686415911
-0.11470441520214081 0.1510007083415985 -0.017548026517033577
-0.06845885515213013 0.1940704584121704 -0.038737595081329346
-0.01868644915521145 0.2372492551803589 -0.05782357230782509
0.03407527878880501 0.27948126196861267 -0.07368878275156021
0.0892571285367012 0.3197009861469269 -0.08522658050060272
0.14625969529151917 0.35684213042259216 -0.09135270118713379
0.2044558823108673 0.38984909653663635 -0.09101904928684235
0.26319602131843567 0.41769057512283325 -0.08322902023792267
0.3218129873275757 0.43937405943870544 -0.06705430895090103
0.3796303868293762 0.4539622366428375 -0.041652075946331024
0.4359714686870575 0.4605899155139923 -0.006281815469264984
0.4900585412979126 0.45876070857048035 0.039203811436891556
0.5403696298599243 0.4501090347766876 0.09141553193330765
0.5852251648902893 0.4371321499347687 0.14564384520053864
0.623150646686554 0.4222027063369751 0.19751203060150146
0.6528248190879822 0.4075522720813751 0.2429606169462204
0.6730111241340637 0.3952902555465698 0.27817052602767944
0.6824770569801331 0.38744908571243286 0.29944178462028503
0.6799007654190063 0.3860517144203186 0.30303069949150085
0.6637601852416992 0.39320501685142517 0.2849414050579071
0.6321955323219299 0.411222368478775 0.24065665900707245
0.5828291177749634 0.44278931617736816 0.16477903723716736
0.512512743473053 0.4911946952342987 0.0505317747592926
0.4169595539569855 0.5606673955917358 -0.11097074300050735
0.29017433524131775 0.6568921208381653 -0.33184024691581726
0.12352965772151947 0.7878397703170776 -0.6292209625244141
-0.09580037742853165 0.9651702046394348 -1.0283433198928833
-0.5119906067848206 -0.3668449819087982 0.2923874855041504
-0.333890438079834 -0.13461430370807648 0.14824652671813965
-0.16988153755664825 0.07263297587633133 0.024593614041805267
-0.021014979109168053 0.25411054491996765 -0.07856719940900803
0.11201246082782745 0.4096207320690155 -0.16169437766075134
0.22886230051517487 0.539534330368042 -0.22567622363567352
0.32954221963882446 0.644746720790863 -0.2717815935611725
0.41437897086143494 0.7266154885292053 -0.3015996515750885
0.4839812219142914 0.7868849039077759 -0.3169732391834259
0.5391947627067566 0.8276062607765198 -0.3199315667152405
0.581055223941803 0.8510567545890808 -0.31262683868408203
0.6107403039932251 0.8596642017364502 -0.29727715253829956
0.6295250058174133 0.8559409976005554 -0.2761198580265045
0.6387420296669006 0.8424279689788818 -0.2513747215270996
0.6397478580474854 0.8216519951820374 -0.2252195179462433
0.6338962912559509 0.7960960865020752 -0.19977571070194244
0.6225169897079468 0.7681787014007568 -0.17710235714912415
0.6066465973854065 0.7395980358123779 -0.15849943459033966
0.5867179036140442 0.710555911064148 -0.1436726450920105
0.563072681427002 0.6810557246208191 -0.1321282684803009
0.536043107509613 0.6511023640632629 -0.12338640540838242
0.5059529542922974 0.6207017302513123 -0.11697851866483688
0.4731202721595764 0.5898619294166565 -0.11244542896747589
0.43785834312438965 0.5585924983024597 -0.10933547466993332
0.4004768133163452 0.5269047617912292 -0.10720294713973999
0.3612837493419647 0.4948120415210724 -0.10560674220323563
0.32058611512184143 0.46232983469963074 -0.1041092500090599
0.2786905765533447 0.4294753670692444 -0.10227534174919128
0.23590481281280518 0.3962683379650116 -0.09967170655727386
0.19253811240196228 0.36273080110549927 -0.09586618095636368
0.1489012986421585 0.32888680696487427 -0.09042748063802719
0.10530810058116913 0.2947632968425751 -0.08292492479085922
0.06207531318068504 0.2603939473628998 -0.07293850928544998
0.019539546221494675 0.22598396241664886 -0.06044017896056175
-0.02193949744105339 0.1919587254524231 -0.04590954631567001
-0.06200193613767624 0.15875676274299622 -0.029858246445655823
-0.10028919577598572 0.12681518495082855 -0.012796055525541306
-0.1364431530237198 0.09657055139541626 0.004768626298755407
-0.1701059192419052 0.06845889985561371 0.022328581660985947
-0.2009197324514389 0.04291625693440437 0.03937742859125137
-0.22852589190006256 0.02037948928773403 0.055408913642168045
-0.25256460905075073 0.001286537037231028 0.06991665810346603
-0.27267417311668396 -0.01392256747931242 0.08239325135946274
-0.2884906530380249 -0.024805424734950066 0.0923299565911293
-0.2996467351913452 -0.030915947631001472 0.09921551495790482
-0.30577126145362854 -0.031803909689188004 0.10253571718931198
-0.3064883053302765 -0.02701374515891075 0.10177221149206161
-0.3014163672924042 -0.0160837285220623 0.09640171378850937
-0.29019370675086975 0.0014028367586433887 0.08595303446054459
-0.2728461027145386 0.025087114423513412 0.070819191634655
-0.24970516562461853 0.05400090292096138 0.05206819623708725
-0.22112248837947845 0.08714304119348526 0.030798733234405518
-0.18746758997440338 0.12349002808332443 0.008125508204102516
-0.14913398027420044 0.16199350357055664 -0.014820344746112823
-0.10654263943433762 0.2015812247991562 -0.03689439967274666
-0.06014662981033325 0.24115869402885437 -0.05694355443120003
-0.010432474315166473 0.27961501479148865 -0.07381439954042435
0.042078860104084015 0.31583118438720703 -0.08636387437582016
0.09683288633823395 0.34869059920310974 -0.09347237646579742
0.15324364602565765 0.37709203362464905 -0.09405896812677383
0.21069873869419098 0.3999651372432709 -0.08709822595119476
0.26856401562690735 0.4162870943546295 -0.07163864374160767
0.3261915445327759 0.42510002851486206 -0.046820733696222305
0.38292840123176575 0.425529807806015 -0.011895443312823772
0.43799853324890137 0.41711339354515076 0.03328772261738777
0.48975419998168945 0.40173858404159546 0.08536230772733688
0.5363519191741943 0.38222309947013855 0.1396629512310028
0.5761764049530029 0.3612203299999237 0.1918732225894928
0.6077867746353149 0.34120625257492065 0.23801058530807495
0.6298421621322632 0.3245071470737457 0.27434685826301575
0.6410143375396729 0.31335747241973877 0.2972842752933502
0.6398857235908508 0.3099838197231293 0.30318835377693176
0.6248272061347961 0.3167177736759186 0.2881748676300049
0.5938475131988525 0.33614444732666016 0.24783381819725037
0.5443914532661438 0.37130266427993774 0.1768595576286316
0.47305768728256226 0.425966739654541 0.06853257119655609
0.3751799464225769 0.505061686038971 -0.08604767918586731
0.2441713511943817 0.6153074502944946 -0.29915326833724976
0.07044359296560287 0.7662750482559204 -0.5883846282958984
-0.16046205163002014 0.9722063541412354 -0.9800450801849365
-0.567587673664093 -0.2973220944404602 0.3650634288787842
-0.400972455739975 -0.07119842618703842 0.18996639549732208
-0.2468753606081009 0.13018551468849182 0.0381016731262207
-0.10621098428964615 0.30623865127563477 -0.09046576172113419
0.020399773493409157 0.45690834522247314 -0.1961633414030075
0.13263429701328278 0.5826603770256042 -0.2798803150653839
0.23046018183231354 0.6844390630722046 -0.3429208993911743
0.3141155540943146 0.7636110782623291 -0.38694480061531067
0.3840804398059845 0.8218998908996582 -0.4139009416103363
0.4410431683063507 0.8613141775131226 -0.4259592592716217
0.48586171865463257 0.8840763568878174 -0.4254443049430847
0.5195263624191284 0.8925554752349854 -0.41477516293525696
0.5431225299835205 0.8892064690589905 -0.3964138627052307
0.5577982068061829 0.8765201568603516 -0.3728236258029938
0.5647340416908264 0.8569827079772949 -0.34643882513046265
0.56512051820755 0.8330476880073547 -0.31964534521102905
0.560138463973999 0.8071149587631226 -0.2947688102722168
0.5507141947746277 0.7808595895767212 -0.273321270942688
0.5372347235679626 0.7544341683387756 -0.255099356174469
0.5200062990188599 0.7277882695198059 -0.23967871069908142
0.4993261694908142 0.7008718848228455 -0.2266443371772766
0.47548362612724304 0.6736355423927307 -0.21558953821659088
0.44876086711883545 0.6460303068161011 -0.20611463487148285
0.41943395137786865 0.6180073618888855 -0.197826087474823
0.38777318596839905 0.5895181894302368 -0.19033537805080414
0.3540443480014801 0.5605143308639526 -0.183258056640625
0.3185091018676758 0.5309473276138306 -0.1762130856513977
0.2814252972602844 0.5007686614990234 -0.16882164776325226
0.24304841458797455 0.46992960572242737 -0.16070665419101715
0.20363159477710724 0.4383813440799713 -0.15149174630641937
0.1634259670972824 0.40607449412345886 -0.14080069959163666
0.12268191576004028 0.3729594647884369 -0.12825661897659302
0.08165045827627182 0.33899179100990295 -0.11349070072174072
0.040636301040649414 0.30434492230415344 -0.09649662673473358
1.5541440006927587e-05 0.26947638392448425 -0.07773970067501068
-0.03982925042510033 0.23486386239528656 -0.057715777307748795
-0.07851331681013107 0.2009865641593933 -0.03692041337490082
-0.11564851552248001 0.16832661628723145 -0.01584998331964016
-0.15084318816661835 0.13736943900585175 0.0049974857829511166
-0.18370185792446136 0.10860426723957062 0.025121795013546944
-0.21382424235343933 0.08252517133951187 0.04401949793100357
-0.24080534279346466 0.05963118374347687 0.061183471232652664
-0.2642347812652588 0.040427032858133316 0.07610228657722473
-0.28369706869125366 0.025423185899853706 0.08825985342264175
-0.29877060651779175 0.01513652689754963 0.09713471680879593
-0.30902808904647827 0.010090445168316364 0.10219985991716385
-0.31403619050979614 0.010815141722559929 0.10292237997055054
-0.31335535645484924 0.01784750446677208 0.09876322746276855
-0.3065665662288666 0.03167463839054108 0.08923595398664474
-0.2936386466026306 0.051938071846961975 0.07473022490739822
-0.2748475670814514 0.07761364430189133 0.056323081254959106
-0.25049057602882385 0.10763850808143616 0.03512732312083244
-0.2208845019340515 0.14092378318309784 0.012276068329811096
-0.1863716095685959 0.17635290324687958 -0.011077350936830044
-0.1473235934972763 0.21278353035449982 -0.03376343846321106
-0.10414601862430573 0.24905069172382355 -0.05460190400481224
-0.05728032439947128 0.28397417068481445 -0.07241091877222061
-0.007205062545835972 0.3163681626319885 -0.08601893484592438
0.045564599335193634 0.34505394101142883 -0.0942787230014801
0.10047867894172668 0.368874728679657 -0.09608396142721176
0.1569569706916809 0.3867127597332001 -0.09038694202899933
0.21439334750175476 0.3975079357624054 -0.07621805369853973
0.2721635103225708 0.40027692914009094 -0.05270469933748245
0.3296336531639099 0.3941330015659332 -0.019090251997113228
0.38602304458618164 0.378648042678833 0.02478623576462269
0.4395427405834198 0.3559957444667816 0.07563123106956482
0.48816677927970886 0.329354465007782 0.12888668477535248
0.5301222205162048 0.3016917407512665 0.18035265803337097
0.5638327598571777 0.27575555443763733 0.2261720895767212
0.5878385901451111 0.25411269068717957 0.2627509534358978
0.6007014513015747 0.23922085762023926 0.2866329848766327
0.6008921265602112 0.23353104293346405 0.2943325638771057
0.5866584777832031 0.23962263762950897 0.2821207642555237
0.5558565258979797 0.260380357503891 0.2457481324672699
0.5057289004325867 0.29923340678215027 0.18007217347621918
0.4325874149799347 0.36049413681030273 0.07852970063686371
0.33133891224861145 0.44986221194267273 -0.06765048205852509
0.1947340965270996 0.575217068195343 -0.27068591117858887
0.01211067009717226 0.7479363679885864 -0.5483055710792542
-0.23281949758529663 0.9852112531661987 -0.9273762106895447
-0.6314076781272888 -0.2031356394290924 0.44042232632637024
-0.4772520363330841 0.01256762444972992 0.23463581502437592
-0.3339199423789978 0.20406973361968994 0.05490712448954582
-0.2021881490945816 0.37100815773010254 -0.09870707243680954
-0.08259772509336472 0.5135018825531006 -0.22666104137897491
0.02455093525350094 0.6321308016777039 -0.32989048957824707
0.1191926971077919 0.7278990745544434 -0.40976682305336
0.20148411393165588 0.8021854162216187 -0.46803945302963257
0.27178245782852173 0.8566856384277344 -0.5067704916000366
0.33062076568603516 0.8933508992195129 -0.5282673239707947
0.37867873907089233 0.9143254160881042 -0.5350160002708435
0.41675397753715515 0.9218884110450745 -0.5296198725700378
0.4457332491874695 0.9184017777442932 -0.5147456526756287
0.4665657579898834 0.9062645435333252 -0.49307888746261597
0.4802394211292267 0.8878778219223022 -0.46728962659835815
0.4877612590789795 0.8656184673309326 -0.4400094151496887
0.49014049768447876 0.8418200016021729 -0.41381439566612244
0.4881711006164551 0.8180969953536987 -0.39041709899902344
0.4821765124797821 0.7945403456687927 -0.36969682574272156
0.4724103510379791 0.771036684513092 -0.35129186511039734
0.45911937952041626 0.7474729418754578 -0.3348460793495178
0.44254302978515625 0.7237356901168823 -0.32000839710235596
0.4229143261909485 0.6997119188308716 -0.3064325451850891
0.4004591703414917 0.6752875447273254 -0.29377618432044983
0.37539687752723694 0.6503481268882751 -0.2817007005214691
0.34794050455093384 0.624778151512146 -0.2698700726032257
0.31829705834388733 0.598460853099823 -0.25795063376426697
0.28666722774505615 0.5712775588035583 -0.245609849691391
0.2532464563846588 0.5431076884269714 -0.23251572251319885
0.21822485327720642 0.5138281583786011 -0.21833567321300507
0.18178729712963104 0.4833128750324249 -0.20273549854755402
0.14411433041095734 0.45143231749534607 -0.18537846207618713
0.10538477450609207 0.41805994510650635 -0.165932759642601
0.06587295234203339 0.3833361864089966 -0.14440791308879852
0.025983024388551712 0.34775370359420776 -0.12126081436872482
-0.013868014328181744 0.3118320107460022 -0.09697918593883514
-0.053257860243320465 0.27609533071517944 -0.07205294072628021
-0.09175720810890198 0.2410746067762375 -0.04697622358798981
-0.12892936170101166 0.20730844140052795 -0.022248316556215286
-0.16432936489582062 0.17534376680850983 0.0016252128407359123
-0.1975031942129135 0.14573729038238525 0.024131404235959053
-0.22798775136470795 0.11905550211668015 0.04474945738911629
-0.2553100883960724 0.0958753451704979 0.0629500299692154
-0.278988242149353 0.07678376883268356 0.07819538563489914
-0.2985306978225708 0.06237834319472313 0.08993888646364212
-0.3134370744228363 0.05326602980494499 0.09762562811374664
-0.3231987953186035 0.05006302893161774 0.10069260001182556
-0.3273000419139862 0.05339331924915314 0.0985698327422142
-0.32524606585502625 0.06382524967193604 0.09074089676141739
-0.31694427132606506 0.08099740743637085 0.07758123427629471
-0.30262112617492676 0.103814497590065 0.06016906723380089
-0.28252631425857544 0.13113515079021454 0.03962353616952896
-0.256931334733963 0.16178779304027557 0.01708848774433136
-0.22613482177257538 0.194569930434227 -0.006268683355301619
-0.1904667168855667 0.22825199365615845 -0.02926175855100155
-0.1502932459115982 0.26158177852630615 -0.05069195479154587
-0.10601872205734253 0.29329395294189453 -0.06935806572437286
-0.05808719992637634 0.3221217691898346 -0.08406904339790344
-0.006982245948165655 0.3468116223812103 -0.09365901350975037
0.04677455872297287 0.36614006757736206 -0.09700442105531693
0.10262797772884369 0.3789328932762146 -0.09304250031709671
0.15999305248260498 0.38408520817756653 -0.08079104125499725
0.21826277673244476 0.38058245182037354 -0.05936770886182785
0.2768162786960602 0.36752039194107056 -0.02800876460969448
0.33486151695251465 0.34450647234916687 0.013466277159750462
0.39045414328575134 0.3140329420566559 0.06189143285155296
0.44136932492256165 0.2796800434589386 0.11288481205701828
0.4856618642807007 0.24476397037506104 0.16242270171642303
0.5216061472892761 0.212333545088768 0.2068246752023697
0.5476100444793701 0.18522082269191742 0.2426747828722
0.5621110200881958 0.16612929105758667 0.2666984498500824
0.5634543299674988 0.1577567309141159 0.27559831738471985
0.5497469305992126 0.162954181432724 0.26584482192993164
0.5186727046966553 0.1849345564842224 0.2334035038948059
0.4672456383705139 0.22755439579486847 0.1733684092760086
0.3914563059806824 0.2957150638103485 0.07943814992904663
0.28573670983314514 0.39596614241600037 -0.05687251687049866
0.14210474491119385 0.5374635457992554 -0.24748647212982178
-0.05128705874085426 0.7335860729217529 -0.5098822116851807
-0.31274595856666565 1.004818081855774 -0.8708722591400146
-0.7011423707008362 -0.09097355604171753 0.5171772241592407
-0.5595490336418152 0.11101271957159042 0.2812226116657257
-0.42711201310157776 0.289559006690979 0.07431583106517792
-0.3044721782207489 0.4445533752441406 -0.10358212888240814
-0.19208642840385437 0.57630455493927 -0.2530279755592346
-0.09022361040115356 0.6855193972587585 -0.3750658333301544
0.0010320558212697506 0.7732698321342468 -0.47118210792541504
0.08177158236503601 0.8409487009048462 -0.5432489514350891
0.15224668383598328 0.8902198076248169 -0.5934617519378662
0.21285194158554077 0.9229673147201538 -0.6242733001708984
0.2641037106513977 0.9412412047386169 -0.6383290886878967
0.306619256734848 0.9472100734710693 -0.6384071707725525
0.3410949110984802 0.943115770816803 -0.6273638010025024
0.3682863116264343 0.9312354922294617 -0.6080882549285889
0.38898932933807373 0.9138518571853638 -0.583467423915863
0.40402495861053467 0.8932297229766846 -0.5563594102859497
0.41422489285469055 0.8715984225273132 -0.5295739769935608
0.42024093866348267 0.850483775138855 -0.5050093531608582
0.4223175644874573 0.829906165599823 -0.48261594772338867
0.42064082622528076 0.8096833229064941 -0.462083637714386
0.4153924584388733 0.7896333932876587 -0.443105012178421
0.40674889087677 0.7695743441581726 -0.4253750145435333
0.39488112926483154 0.7493241429328918 -0.4085908830165863
0.37995389103889465 0.7286998629570007 -0.3924518823623657
0.36212533712387085 0.7075176239013672 -0.3766590654850006
0.3415466248989105 0.685591995716095 -0.36091434955596924
0.318361759185791 0.662735641002655 -0.34492039680480957
0.2927071750164032 0.6387580633163452 -0.32837921380996704
0.2647116780281067 0.6134651899337769 -0.31099146604537964
0.23449641466140747 0.5866585969924927 -0.29245543479919434
0.20217406749725342 0.5581338405609131 -0.2724652886390686
0.1678496152162552 0.5276800394058228 -0.25071024894714355
0.1316235214471817 0.4950864315032959 -0.2268809825181961
0.09373878687620163 0.4604593813419342 -0.2009962797164917
0.05463338643312454 0.42432701587677 -0.17350926995277405
0.014764240942895412 0.3872513473033905 -0.14490559697151184
-0.025403805077075958 0.3498021364212036 -0.11567658931016922
-0.06539543718099594 0.31256014108657837 -0.08632174134254456
-0.10472378879785538 0.2761183977127075 -0.0573502853512764
-0.1428890973329544 0.24108368158340454 -0.02928244322538376
-0.1793774515390396 0.20807835459709167 -0.0026509251911193132
-0.21366046369075775 0.1777404546737671 0.021998653188347816
-0.24519458413124084 0.150724396109581 0.04410715401172638
-0.2734220325946808 0.1277000457048416 0.06310242414474487
-0.2977704703807831 0.10935309529304504 0.07839923352003098
-0.31765469908714294 0.09638290852308273 0.08940071612596512
-0.33247753977775574 0.08950105309486389 0.09549938887357712
-0.3416326940059662 0.08942867815494537 0.0960797369480133
-0.3445351719856262 0.09682489931583405 0.09058113396167755
-0.3410260081291199 0.11132289469242096 0.07935435324907303
-0.3312847912311554 0.13174355030059814 0.06347109377384186
-0.3155175447463989 0.1568530648946762 0.044049590826034546
-0.29395437240600586 0.18538248538970947 0.022237081080675125
-0.2668549418449402 0.21602849662303925 -0.0007923434022814035
-0.23451252281665802 0.24745935201644897 -0.02384337969124317
-0.19725914299488068 0.27832168340682983 -0.045706573873758316
-0.155467227101326 0.30725184082984924 -0.06516926735639572
-0.10955146700143814 0.33289024233818054 -0.08102887123823166
-0.059968966990709305 0.3538978695869446 -0.0921083316206932
-0.007217555306851864 0.36897560954093933 -0.09727364778518677
0.04816817119717598 0.3768848478794098 -0.09545252472162247
0.10562068969011307 0.3764694333076477 -0.08565403521060944
0.16454696655273438 0.3666774034500122 -0.06698757410049438
0.22433634102344513 0.34658169746398926 -0.038681186735630035
0.2841825783252716 0.31582316756248474 -0.0005253225099295378
0.3419784903526306 0.2772313952445984 0.04449103772640228
0.39529094099998474 0.2348133772611618 0.09222153574228287
0.44199272990226746 0.19225457310676575 0.13886918127536774
0.48019939661026 0.15292184054851532 0.18097174167633057
0.5081762075424194 0.11992717534303665 0.21532632410526276
0.5242259502410889 0.09623326361179352 0.23887087404727936
0.5265563726425171 0.08479708433151245 0.24852712452411652
0.5131205320358276 0.08875448256731033 0.2409997284412384
0.4814147353172302 0.11166130751371384 0.2125152349472046
0.4282059669494629 0.1578192561864853 0.15846873819828033
0.3491401970386505 0.23274271190166473 0.07291696220636368
0.23814432322978973 0.3438660204410553 -0.052190523594617844
0.08646019548177719 0.5016767382621765 -0.2282455414533615
-0.11900943517684937 0.7216496467590332 -0.4720880687236786
-0.39869892597198486 1.0277413129806519 -0.8098160028457642
-0.7736575603485107 0.030014969408512115 0.5939231514930725
-0.6436342597007751 0.2163880169391632 0.32850080728530884
-0.5213292837142944 0.3801962435245514 0.09539470076560974
-0.40724673867225647 0.5215921401977539 -0.10564175993204117
-0.30175039172172546 0.6410843729972839 -0.27536541223526
-0.20506075024604797 0.7395151257514954 -0.4150100648403168
-0.11725769937038422 0.8180289268493652 -0.5262420177459717
-0.03828701004385948 0.878034770488739 -0.61110520362854
0.03202951326966286 0.9211646914482117 -0.6719614863395691
0.09398195892572403 0.9492306709289551 -0.7114289402961731
0.14795738458633423 0.9641819000244141 -0.7323207259178162
0.19442516565322876 0.9680649638175964 -0.7375878691673279
0.2339216023683548 0.9629880785942078 -0.7302683591842651
0.2670353651046753 0.9510900974273682 -0.7134427428245544
0.2943936884403229 0.934515655040741 -0.6901989579200745
0.3166506886482239 0.9153965711593628 -0.6636060476303101
0.3344763219356537 0.895836353302002 -0.6366922855377197
0.3483859896659851 0.8772549033164978 -0.6115280985832214
0.3585348427295685 0.8595982193946838 -0.5881190299987793
0.3650289475917816 0.842613697052002 -0.5661926865577698
0.36797308921813965 0.8260492086410522 -0.5454763770103455
0.3674696385860443 0.8096527457237244 -0.5256978273391724
0.36361727118492126 0.793172299861908 -0.5065849423408508
0.35650983452796936 0.7763555645942688 -0.4878658056259155
0.34623584151268005 0.7589490413665771 -0.4692682921886444
0.33287692070007324 0.7406980395317078 -0.4505195915699005
0.3165074586868286 0.7213449478149414 -0.4313456118106842
0.2971932590007782 0.7006281018257141 -0.4114694595336914
0.2749912738800049 0.6782815456390381 -0.39061105251312256
0.2499484419822693 0.6540322303771973 -0.3684855103492737
0.22210076451301575 0.6275987029075623 -0.34480130672454834
0.19147267937660217 0.598689615726471 -0.31925877928733826
0.1580812782049179 0.5670101642608643 -0.29155638813972473
0.12213482707738876 0.5326324105262756 -0.26171526312828064
0.08410416543483734 0.4961189031600952 -0.2301880568265915
0.04448457062244415 0.45807284116744995 -0.1974632740020752
0.003781244857236743 0.4191082715988159 -0.1640385240316391
-0.03748700022697449 0.3798544704914093 -0.13042443990707397
-0.07878558337688446 0.3409581482410431 -0.09714623540639877
-0.11956222355365753 0.3030858337879181 -0.06474562734365463
-0.15924477577209473 0.2669259309768677 -0.03378259018063545
-0.1972406804561615 0.23318928480148315 -0.004835800733417273
-0.2329358458518982 0.2026100903749466 0.02149677276611328
-0.2656957805156708 0.17594470083713531 0.04459879547357559
-0.29486513137817383 0.1539711356163025 0.06383582204580307
-0.31977006793022156 0.13748642802238464 0.07855772972106934
-0.33972057700157166 0.12730374932289124 0.08810091763734818
-0.3540136516094208 0.12424779683351517 0.09179215133190155
-0.3619678318500519 0.12907452881336212 0.08901479095220566
-0.3633536994457245 0.14141002297401428 0.08008617907762527
-0.35830286145210266 0.15998254716396332 0.0660654753446579
-0.3469771146774292 0.18345607817173004 0.04806439206004143
-0.32956475019454956 0.2104535549879074 0.027227891609072685
-0.30628669261932373 0.2395603358745575 0.004731133114546537
-0.27740001678466797 0.2693323791027069 -0.01822725683450699
-0.24320238828659058 0.2983051538467407 -0.0404328927397728
-0.2040347307920456 0.3250080645084381 -0.06066756695508957
-0.16028226912021637 0.3479806184768677 -0.07772265374660492
-0.11237496882677078 0.36579135060310364 -0.0904151201248169
-0.0607859343290329 0.37705928087234497 -0.09760492295026779
-0.0060274540446698666 0.3804757297039032 -0.09821346402168274
0.051352523267269135 0.3748275935649872 -0.09124258160591125
0.11077767610549927 0.3590196371078491 -0.07579318434000015
0.17165078222751617 0.3320954740047455 -0.051082152873277664
0.23315486311912537 0.2937222719192505 -0.016861598938703537
0.2930217981338501 0.24706557393074036 0.02409403957426548
0.34860941767692566 0.1965595930814743 0.06791828572750092
0.3976057171821594 0.14625945687294006 0.1110759899020195
0.43796202540397644 0.09985063225030899 0.1503509134054184
0.46779489517211914 0.06072571873664856 0.18277497589588165
0.4852651059627533 0.032106898725032806 0.2055177241563797
0.48843497037887573 0.017209885641932487 0.21573913097381592
0.47509562969207764 0.019452979788184166 0.2104019969701767
0.4425477385520935 0.04272964596748352 0.18602725863456726
0.3873046338558197 0.09177723526954651 0.13836216926574707
0.3046622574329376 0.1727072149515152 0.06190228462219238
0.18803910911083221 0.2938131093978882 -0.05083828419446945
0.027903852984309196 0.4668748676776886 -0.21050570905208588
-0.19007840752601624 0.7094033360481262 -0.4329362213611603
-0.4884393513202667 1.0487385988235474 -0.7428640127182007
-0.846217930316925 0.1515761911869049 0.6695619821548462
-0.7257667183876038 0.3217083811759949 0.3754502236843109
-0.6120187044143677 0.47016555070877075 0.11732363700866699
-0.5053332448005676 0.5973721742630005 -0.10541322082281113
-0.4059636890888214 0.7040423154830933 -0.2938387095928192
-0.31405606865882874 0.7911566495895386 -0.4494780898094177
-0.2296520620584488 0.8599352240562439 -0.5742587447166443
-0.15269368886947632 0.9118056893348694 -0.670458972454071
-0.08303070068359375 0.9483689069747925 -0.7406522035598755
-0.020428849384188652 0.9713662266731262 -0.7876515984535217
0.03541984036564827 0.9826449155807495 -0.8144544363021851
0.08488708734512329 0.9841279983520508 -0.8241913914680481
0.12839782238006592 0.9777870178222656 -0.8200803399085999
0.166420117020607 0.9656174182891846 -0.8053853511810303
0.19945552945137024 0.9496198892593384 -0.7833850979804993
0.22803087532520294 0.9317860007286072 -0.7573479413986206
0.25268998742103577 0.9140849709510803 -0.7305090427398682
0.2738328278064728 0.8978251218795776 -0.7050979137420654
0.29151979088783264 0.8828790187835693 -0.6811584234237671
0.30576780438423157 0.8689261078834534 -0.6584379076957703
0.3165956735610962 0.8556459546089172 -0.6366820931434631
0.3240226209163666 0.8427183628082275 -0.6156352162361145
0.3280666470527649 0.8298242092132568 -0.5950402617454529
0.328743040561676 0.8166437745094299 -0.5746386647224426
0.3260630667209625 0.8028567433357239 -0.5541702508926392
0.32003235816955566 0.7881415486335754 -0.5333721041679382
0.31064948439598083 0.7721731662750244 -0.5119786262512207
0.2979046106338501 0.7546223998069763 -0.48971956968307495
0.2817777991294861 0.7351536154747009 -0.46631917357444763
0.2622376084327698 0.7134227752685547 -0.44149452447891235
0.2392391860485077 0.6890744566917419 -0.4149533808231354
0.21272261440753937 0.6617394089698792 -0.3863924443721771
0.18261750042438507 0.6310420632362366 -0.3555029034614563
0.14909248054027557 0.5970204472541809 -0.32230091094970703
0.11264507472515106 0.5602700114250183 -0.2872423529624939
0.07380176335573196 0.5214331746101379 -0.2508222460746765
0.033100370317697525 0.48116618394851685 -0.21354897320270538
-0.00890499446541071 0.44014498591423035 -0.17594848573207855
-0.05164068564772606 0.399068146944046 -0.1385667473077774
-0.09451062232255936 0.3586604595184326 -0.10197179764509201
-0.13689325749874115 0.319675087928772 -0.06675620377063751
-0.1781402826309204 0.28289544582366943 -0.03353743627667427
-0.21757523715496063 0.24913528561592102 -0.0029586353339254856
-0.2544942796230316 0.21923799812793732 0.024312665686011314
-0.2881658673286438 0.19407543540000916 0.04758540168404579
-0.317833811044693 0.17454394698143005 0.06614813208580017
-0.3427198827266693 0.161560520529747 0.07927258312702179
-0.3620288074016571 0.15605585277080536 0.08621899038553238
-0.37498563528060913 0.15888488292694092 0.08630597591400146
-0.3812892735004425 0.16966454684734344 0.07981161028146744
-0.3810189962387085 0.18702512979507446 0.06777887791395187
-0.3742879331111908 0.2095220983028412 0.051309581845998764
-0.3612389862537384 0.2356640100479126 0.031543053686618805
-0.34204959869384766 0.2639186978340149 0.009652109816670418
-0.3169359564781189 0.2927236557006836 -0.013164693489670753
-0.2861568033695221 0.32049837708473206 -0.03569181263446808
-0.25001588463783264 0.3456605076789856 -0.05670889839529991
-0.2088630646467209 0.3666446805000305 -0.07500481605529785
-0.16309435665607452 0.3819236159324646 -0.08939346671104431
-0.1131506934762001 0.39003050327301025 -0.09873104840517044
-0.059513915330171585 0.38958269357681274 -0.10193393379449844
-0.0027034725062549114 0.3793051540851593 -0.09799683839082718
0.05673035979270935 0.358053058385849 -0.08601029217243195
0.11821367591619492 0.32483208179473877 -0.06517671048641205
0.1809290200471878 0.27932387590408325 -0.03520174324512482
0.2424592226743698 0.22500655055046082 0.0013804270420223475
0.29996153712272644 0.16671743988990784 0.04101087898015976
0.35094210505485535 0.10886183381080627 0.08043733239173889
0.3931880295276642 0.055428627878427505 0.11670416593551636
0.424663782119751 0.010078704915940762 0.14708878099918365
0.4433835446834564 -0.02371736615896225 0.16900090873241425
0.4472596049308777 -0.042497776448726654 0.17984828352928162
0.43391817808151245 -0.04257825016975403 0.17686580121517181
0.40046441555023193 -0.019752055406570435 0.1568915843963623
0.3431623876094818 0.031116701662540436 0.11606328189373016
0.25697192549705505 0.11667940765619278 0.04937922582030296
0.13483206927776337 0.24599933624267578 -0.049973953515291214
-0.03350711986422539 0.43200626969337463 -0.1917121410369873
-0.26351529359817505 0.6940134167671204 -0.3903425633907318
-0.5796245336532593 1.0623453855514526 -0.6686375141143799
-0.9164429903030396 0.26624244451522827 0.7432668805122375
-0.8026343584060669 0.4206777513027191 0.4212362766265869
-0.6951335072517395 0.554243266582489 0.1393929272890091
-0.5941315293312073 0.6676406264305115 -0.1033855751156807
-0.4997395873069763 0.7617917656898499 -0.3086484968662262
-0.41199013590812683 0.8378176093101501 -0.4783342778682709
-0.33083999156951904 0.8970158100128174 -0.6147291660308838
-0.25617432594299316 0.9408348202705383 -0.7204201817512512
-0.18781264126300812 0.9708490371704102 -0.7982473969459534
-0.12551453709602356 0.9887332916259766 -0.8512564301490784
-0.06898703426122665 0.9962392449378967 -0.8826528191566467
-0.017891142517328262 0.9951723217964172 -0.8957587480545044
0.028151068836450577 0.9873729944229126 -0.8939751982688904
0.06954987347126007 0.974699854850769 -0.8807483315467834
0.10674144327640533 0.9590147733688354 -0.859541654586792
0.14018243551254272 0.942173957824707 -0.8338149189949036
0.17034435272216797 0.9260167479515076 -0.8070037364959717
0.1975470781326294 0.9117443561553955 -0.781486451625824
0.2217555046081543 0.8991615176200867 -0.7573260068893433
0.2428915947675705 0.8878846764564514 -0.7342705726623535
0.2608817219734192 0.8775304555892944 -0.7120649814605713
0.2756553888320923 0.8677161335945129 -0.6904516220092773
0.2871432304382324 0.8580595254898071 -0.6691703200340271
0.29527539014816284 0.8481788635253906 -0.6479588150978088
0.2999797463417053 0.8376917243003845 -0.6265511512756348
0.3011799156665802 0.8262141346931458 -0.6046783328056335
0.2987935245037079 0.8133588433265686 -0.5820664763450623
0.2927297055721283 0.7987327575683594 -0.558435320854187
0.2828875482082367 0.7819361686706543 -0.5334979295730591
0.2691531479358673 0.762558102607727 -0.5069575309753418
0.2513973116874695 0.7401740550994873 -0.47850555181503296
0.2294728010892868 0.7143419981002808 -0.44781941175460815
0.20321886241436005 0.6846098899841309 -0.41456782817840576
0.17275869846343994 0.650983989238739 -0.3787550926208496
0.1386062502861023 0.6140916347503662 -0.34084418416023254
0.1013079509139061 0.5746123194694519 -0.30134117603302
0.06142231822013855 0.5332430601119995 -0.2607693076133728
0.019526002928614616 0.4907044470310211 -0.21967388689517975
-0.023781828582286835 0.44774529337882996 -0.17862534523010254
-0.0678754448890686 0.4051465094089508 -0.13822200894355774
-0.11209872364997864 0.3637244999408722 -0.09909269213676453
-0.15576308965682983 0.3243330121040344 -0.06189751625061035
-0.19814549386501312 0.28786391019821167 -0.027328798547387123
-0.23848876357078552 0.2552455961704254 0.0038907851558178663
-0.2760014832019806 0.22744198143482208 0.031009135767817497
-0.30986109375953674 0.20544715225696564 0.05324907600879669
-0.33921730518341064 0.1902797520160675 0.06981300562620163
-0.36319804191589355 0.18297427892684937 0.07988996803760529
-0.3809492886066437 0.18448181450366974 0.082729272544384
-0.3921007215976715 0.19440753757953644 0.07856757938861847
-0.39667263627052307 0.21128098666667938 0.06843157112598419
-0.39472243189811707 0.233546644449234 0.05341274291276932
-0.386339008808136 0.2595962584018707 0.034644387662410736
-0.3716479539871216 0.2877781093120575 0.013296224176883698
-0.3508152663707733 0.31641051173210144 -0.009434395469725132
-0.3240501880645752 0.34379589557647705 -0.0323319137096405
-0.2916080057621002 0.36824023723602295 -0.05417534336447716
-0.2537907361984253 0.3880734443664551 -0.07375233620405197
-0.2109471559524536 0.4016718566417694 -0.0898749828338623
-0.16347159445285797 0.4074818789958954 -0.10139641165733337
-0.11180023849010468 0.4040442109107971 -0.10722789168357849
-0.05640821158885956 0.3900171220302582 -0.1063559502363205
0.0021967643406242132 0.3641986548900604 -0.09785865247249603
0.06348071247339249 0.32554617524147034 -0.08092018961906433
0.12664327025413513 0.2737378776073456 -0.05519387125968933
0.18914036452770233 0.2125190645456314 -0.022960541769862175
0.24794630706310272 0.14708063006401062 0.012540288269519806
0.3003954291343689 0.08213850110769272 0.04834629222750664
0.34411439299583435 0.021954376250505447 0.08176560699939728
0.37691551446914673 -0.029567059129476547 0.11032155901193619
0.39666467905044556 -0.0687292292714119 0.13166387379169464
0.40112289786338806 -0.0918477401137352 0.14344967901706696
0.38775312900543213 -0.0950026884675026 0.14319126307964325
0.35347238183021545 -0.07371695339679718 0.12805692851543427
0.2943137288093567 -0.02252025157213211 0.09460049122571945
0.2049349546432495 0.06567983329296112 0.0383697934448719
0.07785844057798386 0.20056140422821045 -0.04669269546866417
-0.09777218848466873 0.3959547281265259 -0.16922543942928314
-0.3383577764034271 0.6725588440895081 -0.34213870763778687
-0.6698471307754517 1.0629531145095825 -0.5857348442077637
-0.9822319746017456 0.36711639165878296 0.8144397139549255
-0.8712525367736816 0.5075275897979736 0.4651811420917511
-0.7670174241065979 0.6276775598526001 0.16099102795124054
-0.6694991588592529 0.7285541892051697 -0.10000403225421906
-0.5786125659942627 0.8112919926643372 -0.320005863904953
-0.4942173659801483 0.8771558403968811 -0.5015115737915039
-0.41612187027931213 0.9275243878364563 -0.6472789645195007
-0.34408706426620483 0.9638729095458984 -0.7602890133857727
-0.277831107378006 0.987756609916687 -0.8437110185623169
-0.2170335054397583 1.0007939338684082 -0.9008671045303345
-0.16134017705917358 1.0046523809432983 -0.9351986646652222
-0.11036786437034607 1.0010336637496948 -0.9502364993095398
-0.06370848417282104 0.9916619658470154 -0.9495729207992554
-0.020933175459504128 0.978273332118988 -0.9368379712104797
0.018403589725494385 0.9626074433326721 -0.9156793355941772
0.05476105585694313 0.9464005827903748 -0.8897461891174316
0.08860830217599869 0.9313778877258301 -0.8626722693443298
0.12023340165615082 0.9186469912528992 -0.8369783163070679
0.14951001107692719 0.9079543948173523 -0.8127274513244629
0.17626219987869263 0.8988613486289978 -0.7896469831466675
0.2003203183412552 0.890929639339447 -0.7674610018730164
0.22151972353458405 0.8837213516235352 -0.7458898425102234
0.23969882726669312 0.8767992854118347 -0.7246509790420532
0.2546972930431366 0.8697258830070496 -0.7034584879875183
0.26635438203811646 0.8620633482933044 -0.682022750377655
0.2745065689086914 0.8533718585968018 -0.6600494384765625
0.2789853513240814 0.8432074189186096 -0.6372388005256653
0.27961447834968567 0.8311202526092529 -0.6132835149765015
0.27620750665664673 0.8166512250900269 -0.5878675580024719
0.2685646712779999 0.7993291616439819 -0.560663640499115
0.2564694285392761 0.7786665558815002 -0.5313304662704468
0.2396848052740097 0.7541552186012268 -0.49950990080833435
0.21795828640460968 0.725273609161377 -0.4648323059082031
0.19136127829551697 0.6920003294944763 -0.4272838234901428
0.16041052341461182 0.6549932360649109 -0.38733935356140137
0.12565799057483673 0.6149687170982361 -0.345521479845047
0.0876675620675087 0.5726638436317444 -0.3023732900619507
0.04702206328511238 0.5288427472114563 -0.2584638297557831
0.00432876031845808 0.4843032956123352 -0.21439194679260254
-0.0397760272026062 0.4398810565471649 -0.17078952491283417
-0.08462177217006683 0.3964535892009735 -0.12832456827163696
-0.12950149178504944 0.354942262172699 -0.0877022072672844
-0.17366857826709747 0.3163137137889862 -0.04966568574309349
-0.21633735299110413 0.28157752752304077 -0.014994286932051182
-0.25668227672576904 0.2517847418785095 0.015497947111725807
-0.29384124279022217 0.22802132368087769 0.04096753150224686
-0.32691943645477295 0.2114010900259018 0.06054738909006119
-0.3549961745738983 0.2030547559261322 0.0733555480837822
-0.37716493010520935 0.20402133464813232 0.07857266068458557
-0.39299336075782776 0.21389013528823853 0.07639673352241516
-0.40243425965309143 0.23109003901481628 0.06784214079380035
-0.4054785966873169 0.2539551556110382 0.05399348586797714
-0.4021500051021576 0.28076228499412537 0.035980891436338425
-0.3925091624259949 0.30974310636520386 0.014973125420510769
-0.37665677070617676 0.33910003304481506 -0.007832042872905731
-0.3547370433807373 0.3670233190059662 -0.03121812269091606
-0.3269391655921936 0.39171159267425537 -0.05396287888288498
-0.2934983968734741 0.41139402985572815 -0.0748526006937027
-0.25469616055488586 0.4243537187576294 -0.09269728511571884
-0.21085883677005768 0.42895156145095825 -0.10634657740592957
-0.16235481202602386 0.4236503541469574 -0.11470592021942139
-0.10959190875291824 0.4070371389389038 -0.11675215512514114
-0.05301203206181526 0.37784427404403687 -0.11154855787754059
0.006914169993251562 0.3349679708480835 -0.09825786203145981
0.06942825764417648 0.278059184551239 -0.07647725194692612
0.1318921148777008 0.21106208860874176 -0.048234015703201294
0.19112464785575867 0.139445498585701 -0.01645159348845482
0.24430565536022186 0.06817596405744553 0.016191575676202774
0.2889101803302765 0.0017412473680451512 0.0472598597407341
0.32260197401046753 -0.05574783682823181 0.07451421767473221
0.34310001134872437 -0.10040181130170822 0.09583679586648941
0.34801653027534485 -0.12834900617599487 0.10912828147411346
0.3346582055091858 -0.13547773659229279 0.11217616498470306
0.299769788980484 -0.1171019896864891 0.1024826169013977
0.23918449878692627 -0.0675082802772522 0.07703055441379547
0.1473146378993988 0.020696982741355896 0.03194613382220268
0.016364384442567825 0.1575872153043747 -0.038017552345991135
-0.16495656967163086 0.3575383424758911 -0.14031842350959778
-0.41367146372795105 0.6420401334762573 -0.28607600927352905
-0.7566679120063782 1.044874668121338 -0.49274322390556335
-1.0416687726974487 0.4475823938846588 0.8826669454574585
-0.9288334846496582 0.5767988562583923 0.5067287087440491
-0.8242571353912354 0.68602454662323 0.18158617615699768
-0.7275980114936829 0.776555597782135 -0.09566914290189743
-0.6384838819503784 0.8497536778450012 -0.3281138837337494
-0.5565146803855896 0.907039225101471 -0.5189741253852844
-0.4812650978565216 0.949883222579956 -0.6716077327728271
-0.4122869074344635 0.9797993302345276 -0.7894852161407471
-0.34911206364631653 0.9983370900154114 -0.876172661781311
-0.2912544906139374 1.0070754289627075 -0.9353158473968506
-0.23821309208869934 1.0076159238815308 -0.9706237316131592
-0.18947356939315796 1.0015769004821777 -0.9858548045158386
-0.14451061189174652 0.990588903427124 -0.9848042130470276
-0.10278981924057007 0.9762903451919556 -0.9712924361228943
-0.06376942247152328 0.9603220820426941 -0.9491544365882874
-0.026901748031377792 0.9443264007568359 -0.9222323298454285
0.00836449209600687 0.9299401640892029 -0.8943625092506409
0.042346008121967316 0.9181995391845703 -0.8682060241699219
0.074833944439888 0.9088044166564941 -0.8438071012496948
0.10555490106344223 0.9012724757194519 -0.8208516836166382
0.13424216210842133 0.8951208591461182 -0.7990211844444275
0.1606348305940628 0.8898661732673645 -0.7779934406280518
0.1844760626554489 0.8850250840187073 -0.7574424743652344
0.20551148056983948 0.8801137804985046 -0.7370389699935913
0.22348760068416595 0.8746470212936401 -0.716448962688446
0.2381492704153061 0.8681371212005615 -0.6953336596488953
0.24923720955848694 0.8600908517837524 -0.6733477711677551
0.25648558139801025 0.8500086665153503 -0.6501378417015076
0.25961852073669434 0.8373799324035645 -0.6253403425216675
0.2583468556404114 0.8216806650161743 -0.598579466342926
0.2523641884326935 0.8023679852485657 -0.5694631338119507
0.24134233593940735 0.7788756489753723 -0.5375803709030151
0.22493647038936615 0.7506226897239685 -0.5025069713592529
0.20315925776958466 0.71756511926651 -0.46420443058013916
0.17651382088661194 0.6803925037384033 -0.4231662154197693
0.14553992450237274 0.6398585438728333 -0.3799382150173187
0.11078843474388123 0.5967403650283813 -0.3350895047187805
0.07282872498035431 0.5518470406532288 -0.2892182767391205
0.03225473314523697 0.5060246586799622 -0.24295634031295776
-0.010309592820703983 0.46016278862953186 -0.1969725638628006
-0.054204922169446945 0.4151979088783264 -0.1519765704870224
-0.09873350709676743 0.37211599946022034 -0.10871978849172592
-0.1431557536125183 0.33195334672927856 -0.06799633800983429
-0.18669022619724274 0.29579442739486694 -0.030640993267297745
-0.2285124957561493 0.2647691071033478 0.002472822554409504
-0.2677585184574127 0.24004535377025604 0.030439097434282303
-0.3035282790660858 0.22282041609287262 0.052326053380966187
-0.33489298820495605 0.21430760622024536 0.06718651950359344
-0.3609330952167511 0.21561971306800842 0.07413899898529053
-0.3811660408973694 0.22632430493831635 0.07335131615400314
-0.3954663872718811 0.24475188553333282 0.0658341720700264
-0.40374553203582764 0.26913073658943176 0.05267312750220299
-0.40594610571861267 0.29762881994247437 0.03500141575932503
-0.40204623341560364 0.3283691704273224 0.0139920674264431
-0.3920621871948242 0.35944730043411255 -0.009152790531516075
-0.3760510981082916 0.38895073533058167 -0.03321271389722824
-0.35411280393600464 0.41498038172721863 -0.056962188333272934
-0.32639095187187195 0.435673326253891 -0.07918460667133331
-0.2930731177330017 0.4492262005805969 -0.09868676215410233
-0.2543902099132538 0.4539184272289276 -0.11431374400854111
-0.21061423420906067 0.44813498854637146 -0.1249639019370079
-0.16205647587776184 0.43038755655288696 -0.12960286438465118
-0.10906344652175903 0.3993338346481323 -0.12727680802345276
-0.052012693136930466 0.3537939488887787 -0.11712414771318436
0.008410953916609287 0.2933627665042877 -0.09868399798870087
0.06951935589313507 0.22209125757217407 -0.07374196499586105
0.1280146688222885 0.14562317728996277 -0.044923633337020874
0.18094772100448608 0.06909354031085968 -0.014641380868852139
0.22565725445747375 -0.0028484929352998734 0.014907960779964924
0.2596672773361206 -0.06593797355890274 0.041706882417201996
0.2805558443069458 -0.11613903194665909 0.06385515630245209
0.28579357266426086 -0.14944064617156982 0.07948419451713562
0.27254408597946167 -0.1615981012582779 0.08664703369140625
0.23740531504154205 -0.1477968841791153 0.083173468708992
0.17605634033679962 -0.10219869762659073 0.06647515296936035
0.08274327963590622 -0.01728842779994011 0.033264726400375366
-0.05051223561167717 0.11712172627449036 -0.020870525389909744
-0.23520131409168243 0.31550151109695435 -0.10215716809034348
-0.4885573387145996 0.5993755459785461 -0.21981948614120483
-0.8376455903053284 1.0023987293243408 -0.3882458508014679
-1.092910885810852 0.5009456276893616 0.9476809501647949
-0.972633957862854 0.6230736374855042 0.5454099774360657
-0.8635082840919495 0.724947452545166 0.2007056325674057
-0.7647109627723694 0.8082221746444702 -0.09074051678180695
-0.6754382252693176 0.8745251297950745 -0.3331516683101654
-0.5949029922485352 0.9254608154296875 -0.5306834578514099
-0.5223316550254822 0.9626171588897705 -0.6874382495880127
-0.4569609761238098 0.9875699877738953 -0.8074792623519897
-0.3980371057987213 1.001887559890747 -0.8948416113853455
-0.34481218457221985 1.0071338415145874 -0.9535431265830994
-0.2965436279773712 1.004870891571045 -0.9875921607017517
-0.25249239802360535 0.9966630935668945 -1.0009963512420654
-0.21192173659801483 0.9840773940086365 -0.99776691198349
-0.17409645020961761 0.9686849117279053 -0.9819239377975464
-0.1382824033498764 0.95206218957901 -0.9574986100196838
-0.10374607890844345 0.9357910752296448 -0.9285349249839783
-0.0697559267282486 0.9214551448822021 -0.8990834951400757
-0.03589428961277008 0.9100480675697327 -0.8719505071640015
-0.0024394006468355656 0.9012389183044434 -0.8471434712409973
0.03024151735007763 0.8945146799087524 -0.8242859244346619
0.0617867112159729 0.8893600702285767 -0.8029959201812744
0.09183969348669052 0.8852583765983582 -0.7828876376152039
0.1200476735830307 0.881691575050354 -0.7635710835456848
0.146060511469841 0.8781399726867676 -0.7446520924568176
0.16952931880950928 0.8740811944007874 -0.7257317304611206
0.1901039481163025 0.868988573551178 -0.7064056396484375
0.207430899143219 0.8623295426368713 -0.686262309551239
0.22115084528923035 0.8535631895065308 -0.6648818254470825
0.23089496791362762 0.842136800289154 -0.6418331265449524
0.23628148436546326 0.8274819850921631 -0.616671621799469
0.23691190779209137 0.8090109825134277 -0.5889354348182678
0.23236581683158875 0.7861101627349854 -0.5581418871879578
0.22220632433891296 0.7581506371498108 -0.5237942934036255
0.20637953281402588 0.7250744700431824 -0.4858233332633972
0.18535439670085907 0.6876049041748047 -0.44474902749061584
0.1596372127532959 0.6465349197387695 -0.40114888548851013
0.12974373996257782 0.6026843190193176 -0.35562554001808167
0.09620640426874161 0.5569078922271729 -0.30881306529045105
0.05958043411374092 0.5101016163825989 -0.2613813579082489
0.020449606701731682 0.46320807933807373 -0.21404032409191132
-0.02056865580379963 0.41722068190574646 -0.16754338145256042
-0.06281965970993042 0.3731854557991028 -0.12268837541341782
-0.1056080311536789 0.33220186829566956 -0.08031870424747467
-0.148197203874588 0.2954196631908417 -0.041320525109767914
-0.18980823457241058 0.26403534412384033 -0.006620536558330059
-0.229622483253479 0.2392839789390564 0.022820930927991867
-0.2667848765850067 0.22242826223373413 0.04601767286658287
-0.3004106879234314 0.21474453806877136 0.061969030648469925
-0.32961809635162354 0.21739839017391205 0.06974448263645172
-0.3538901209831238 0.2299278974533081 0.06949584931135178
-0.37300974130630493 0.25057029724121094 0.062244217842817307
-0.38679173588752747 0.27745622396469116 0.04908761382102966
-0.39507853984832764 0.30865612626075745 0.0311722531914711
-0.3977434039115906 0.34219732880592346 0.009683146141469479
-0.39469394087791443 0.3760838806629181 -0.014167184941470623
-0.38587382435798645 0.4083157777786255 -0.03914996236562729
-0.37126532196998596 0.4369111657142639 -0.06403319537639618
-0.35089054703712463 0.459928959608078 -0.08759493380784988
-0.3248119354248047 0.4754900634288788 -0.10863716155290604
-0.2931324243545532 0.4817999303340912 -0.12599889934062958
-0.2559942305088043 0.47716838121414185 -0.1385698765516281
-0.21357795596122742 0.46002912521362305 -0.1453024297952652
-0.16609995067119598 0.42895594239234924 -0.14522318542003632
-0.11380978673696518 0.3826776146888733 -0.13744275271892548
-0.05728054419159889 0.32069912552833557 -0.12144134193658829
0.0008051908225752413 0.24706271290779114 -0.09878573566675186
0.0570840984582901 0.1674553006887436 -0.07183512300252914
0.10851436853408813 0.0870734378695488 -0.04276490956544876
0.15232285857200623 0.010641786269843578 -0.013559583574533463
0.18591028451919556 -0.057491179555654526 0.013960637152194977
0.20672652125358582 -0.11320590227842331 0.038091111928224564
0.21211500465869904 -0.15241602063179016 0.057173896580934525
0.19911804795265198 -0.1708197146654129 0.06950876116752625
0.16422328352928162 -0.16357551515102386 0.0732359066605568
0.10301729291677475 -0.12486577779054642 0.0661792978644371
0.009683368727564812 -0.04727135971188545 0.04562312364578247
-0.12376686930656433 0.07917404174804688 0.007975667715072632
-0.308733731508255 0.2685004472732544 -0.05176730826497078
-0.5621559023857117 0.5413870811462402 -0.1409347504377365
-0.9103615880012512 0.9298377633094788 -0.2708277404308319
-1.1340587139129639 0.5199753046035767 1.009324073791504
-0.9997745752334595 0.6406461596488953 0.5808064341545105
-0.8812934160232544 0.7399768233299255 0.21791121363639832
-0.7770336866378784 0.8200912475585938 -0.08554311096668243
-0.6855365037918091 0.8829612731933594 -0.33526256680488586
-0.6054449081420898 0.930438220500946 -0.5365667939186096
-0.5354838371276855 0.9642770886421204 -0.6944659352302551
-0.4744444191455841 0.9861587882041931 -0.8137252330780029
-0.4211704432964325 0.997709333896637 -0.8989225625991821
-0.374546080827713 1.0005148649215698 -0.954495370388031
-0.3334866762161255 0.9961364269256592 -0.984783411026001
-0.29692983627319336 0.9861202239990234 -0.9940625429153442
-0.26382896304130554 0.9720075726509094 -0.9865750670433044
-0.23314765095710754 0.9553424119949341 -0.9665531516075134
-0.20385585725307465 0.9376768469810486 -0.938237190246582
-0.17492693662643433 0.920573890209198 -0.9058894515037537
-0.14533807337284088 0.9056077599525452 -0.8737953305244446
-0.11448635160923004 0.893765926361084 -0.8449181914329529
-0.08270155638456345 0.8847042918205261 -0.8192138075828552
-0.05043746531009674 0.8778942227363586 -0.7962238192558289
-0.018145078793168068 0.872802734375 -0.7754837274551392
0.01372743584215641 0.8688936233520508 -0.7565235495567322
0.04473387822508812 0.8656277060508728 -0.738868772983551
0.07442925125360489 0.8624616861343384 -0.7220393419265747
0.10236897319555283 0.8588482737541199 -0.7055501937866211
0.12810659408569336 0.8542336225509644 -0.6889093518257141
0.15119223296642303 0.8480568528175354 -0.6716175675392151
0.1711701601743698 0.8397467732429504 -0.6531659364700317
0.18757563829421997 0.8287192583084106 -0.6330338716506958
0.19993175566196442 0.8143742084503174 -0.6106861233711243
0.20774565637111664 0.7960901260375977 -0.5855693817138672
0.2105036824941635 0.7732208371162415 -0.5571085214614868
0.2076774388551712 0.7451047301292419 -0.5247142910957336
0.19913619756698608 0.7116813063621521 -0.48828038573265076
0.18528886139392853 0.6737104058265686 -0.4483616054058075
0.16658161580562592 0.6320282220840454 -0.4055771827697754
0.1434674859046936 0.5875003337860107 -0.3605717718601227
0.11641324311494827 0.5410303473472595 -0.3140229880809784
0.0859045758843422 0.49356502294540405 -0.2666448950767517
0.05245149880647659 0.4460991322994232 -0.21919243037700653
0.01659308560192585 0.3996797502040863 -0.17246423661708832
-0.021099146455526352 0.3554067015647888 -0.12730392813682556
-0.06001798063516617 0.3144325017929077 -0.08460003137588501
-0.09951971471309662 0.27795878052711487 -0.04528319090604782
-0.13892266154289246 0.2472314089536667 -0.010323177091777325
-0.17750908434391022 0.2235310673713684 0.019278407096862793
-0.21452775597572327 0.20816199481487274 0.04249674081802368
-0.24919892847537994 0.20243610441684723 0.05829567089676857
-0.2807382643222809 0.20754435658454895 0.06571479886770248
-0.30861136317253113 0.2229861319065094 0.06491008400917053
-0.3324923813343048 0.24691319465637207 0.056931037455797195
-0.35207828879356384 0.2773715555667877 0.04290362074971199
-0.3670872151851654 0.3123508393764496 0.023999104276299477
-0.3772619664669037 0.34980249404907227 0.0014241052558645606
-0.3823729157447815 0.38766005635261536 -0.023591328412294388
-0.38222062587738037 0.4238584041595459 -0.04980475828051567
-0.3766384720802307 0.4563545882701874 -0.07597384601831436
-0.3654940724372864 0.4831480383872986 -0.10086881369352341
-0.348690927028656 0.5023008584976196 -0.12328438460826874
-0.32616907358169556 0.5119560956954956 -0.1420516073703766
-0.297904908657074 0.5103549361228943 -0.15604908764362335
-0.26391172409057617 0.4958531856536865 -0.16421294212341309
-0.22423791885375977 0.46693411469459534 -0.1655462682247162
-0.17896626889705658 0.4222203493118286 -0.15912680327892303
-0.1285145878791809 0.3610908091068268 -0.14437399804592133
-0.07549241185188293 0.28744035959243774 -0.12266730517148972
-0.02326270379126072 0.20683635771274567 -0.09614314138889313
0.025090575218200684 0.12440067529678345 -0.0667790025472641
0.06671981513500214 0.04482126981019974 -0.03638270124793053
0.09893053025007248 -0.027564430609345436 -0.00660972623154521
0.11906842887401581 -0.08863848447799683 0.02100032940506935
0.12437503784894943 -0.1343248188495636 0.04497055336833
0.11180481314659119 -0.1603623628616333 0.06381753087043762
0.07778553664684296 -0.1620078831911087 0.0759599506855011
0.017891334369778633 -0.13363800942897797 0.07959819585084915
-0.07362869381904602 -0.06818243116140366 0.0725443959236145
-0.20456431806087494 0.04372332990169525 0.051971662789583206
-0.3858826160430908 0.21507908403873444 0.014019979164004326
-0.6336485147476196 0.4647696912288666 -0.04686080291867256
-0.9724409580230713 0.8215577006340027 -0.139074444770813
-1.1629879474639893 0.49630457162857056 1.0675160884857178
-1.0070117712020874 0.623104989528656 0.6125091910362244
-0.8737543225288391 0.7262170910835266 0.23277190327644348
-0.7604264616966248 0.8084473609924316 -0.08037618547677994
-0.6645759344100952 0.8722708821296692 -0.3345423936843872
-0.5840159058570862 0.9199026823043823 -0.5364875197410583
-0.5167678594589233 0.953356921672821 -0.6923101544380188
-0.46101537346839905 0.9744936227798462 -0.8075936436653137
-0.41506636142730713 0.9850589036941528 -0.8875306248664856
-0.3773215413093567 0.9867162704467773 -0.937023401260376
-0.3462493121623993 0.9810751676559448 -0.9607696533203125
-0.32036423683166504 0.969711422920227 -0.9633325338363647
-0.29821011424064636 0.9541879296302795 -0.9491996169090271
-0.27834653854370117 0.9360672831535339 -0.9228299260139465
-0.2593387961387634 0.9169243574142456 -0.8886914849281311
-0.23975101113319397 0.8983532786369324 -0.8512888550758362
-0.2181451916694641 0.8819694519042969 -0.8151736855506897
-0.19363607466220856 0.8687977194786072 -0.7834887504577637
-0.16658176481723785 0.858501136302948 -0.7561267018318176
-0.1375107318162918 0.850551962852478 -0.7325312495231628
-0.10695304721593857 0.8444164395332336 -0.7121376991271973
-0.07543981075286865 0.8395553827285767 -0.6943743228912354
-0.04350385069847107 0.8354237079620361 -0.6786625385284424
-0.011679792776703835 0.8314700126647949 -0.6644166707992554
0.019495250657200813 0.8271365165710449 -0.6510438919067383
0.049480367451906204 0.8218569159507751 -0.637942910194397
0.07772942632436752 0.815055787563324 -0.6245032548904419
0.10368946194648743 0.8061458468437195 -0.6101033091545105
0.12679816782474518 0.7945268154144287 -0.5941086411476135
0.14648102223873138 0.7795807123184204 -0.5758686065673828
0.1621488332748413 0.7606701850891113 -0.5547140836715698
0.17319327592849731 0.7371338605880737 -0.5299534201622009
0.1789938509464264 0.7082984447479248 -0.5008827447891235
0.17932826280593872 0.6741154193878174 -0.4673497974872589
0.17451123893260956 0.6353863477706909 -0.42995378375053406
0.16489337384700775 0.5929946303367615 -0.38936474919319153
0.15082921087741852 0.5478559136390686 -0.3462790846824646
0.1326826959848404 0.5009245276451111 -0.30142518877983093
0.11083141714334488 0.45319855213165283 -0.255567342042923
0.08567056804895401 0.40572258830070496 -0.20950856804847717
0.05761711671948433 0.3595908284187317 -0.16409336030483246
0.027112437412142754 0.31594645977020264 -0.1202075406908989
-0.0053747883066535 0.2759804129600525 -0.07877811789512634
-0.039347581565380096 0.24092639982700348 -0.040769435465335846
-0.07427890598773956 0.21205544471740723 -0.007179800886660814
-0.10961262881755829 0.19066552817821503 0.0209661778062582
-0.1447647213935852 0.17806993424892426 0.042626265436410904
-0.1791260987520218 0.17558184266090393 0.056752316653728485
-0.21207325160503387 0.18438337743282318 0.062378790229558945
-0.2430698424577713 0.20392464101314545 0.05969032272696495
-0.2716572880744934 0.2322843372821808 0.0497860461473465
-0.2973882555961609 0.2674421966075897 0.03383683040738106
-0.319828599691391 0.3073302209377289 0.01305242720991373
-0.33856087923049927 0.34985071420669556 -0.011328978464007378
-0.353188157081604 0.3928956687450409 -0.03805242478847504
-0.3633367121219635 0.4343641996383667 -0.06585665792226791
-0.3686589002609253 0.4721806049346924 -0.09348531067371368
-0.36883559823036194 0.5043119192123413 -0.11969753354787827
-0.3635781407356262 0.5287838578224182 -0.14327821135520935
-0.3526296615600586 0.543694794178009 -0.16304703056812286
-0.3357659876346588 0.5472304224967957 -0.17786751687526703
-0.31279635429382324 0.5376735329627991 -0.18665410578250885
-0.2835634648799896 0.5134149789810181 -0.18837913870811462
-0.24794302880764008 0.4729609191417694 -0.18207837641239166
-0.20615053176879883 0.41552817821502686 -0.1671050637960434
-0.160642609000206 0.3447032868862152 -0.14468878507614136
-0.1146988645195961 0.26573818922042847 -0.1167960911989212
-0.0713767260313034 0.18350982666015625 -0.08525513857603073
-0.03354236111044884 0.10252324491739273 -0.051741667091846466
-0.0039391410537064075 0.026976751163601875 -0.01778884418308735
0.01471563521772623 -0.03913014754652977 0.015187207609415054
0.01960369385778904 -0.09184754639863968 0.04584807530045509
0.007642362732440233 -0.12708254158496857 0.07288157194852829
-0.024731110781431198 -0.14034487307071686 0.09493305534124374
-0.0818532258272171 -0.1264088898897171 0.11051688343286514
-0.16925394535064697 -0.07883639633655548 0.11789356172084808
-0.29428309202194214 0.010725965723395348 0.11489252746105194
-0.4670918881893158 0.15363696217536926 0.09864102303981781
-0.7022528052330017 0.3660496473312378 0.06512374430894852
-1.0215646028518677 0.6720002889633179 0.008425962179899216
-1.1771342754364014 0.4196009635925293 1.1222279071807861
-0.9904488325119019 0.5627856254577637 0.6400774717330933
-0.8363445997238159 0.6779751181602478 0.24483248591423035
-0.7101153135299683 0.7690690159797668 -0.07552369683980942
-0.607807993888855 0.8393363356590271 -0.3310281038284302
-0.5260420441627502 0.8915690779685974 -0.530211865901947
-0.4618698060512543 0.9281988739967346 -0.6804622411727905
-0.41266903281211853 0.9513865113258362 -0.7883002758026123
-0.3760598301887512 0.9630947709083557 -0.8596018552780151
-0.3498367369174957 0.9651437997817993 -0.8997724056243896
-0.33191564679145813 0.9592588543891907 -0.9138891100883484
-0.32029029726982117 0.9471060633659363 -0.9068163633346558
-0.3129979372024536 0.9303249716758728 -0.8832996487617493
-0.30809178948402405 0.9105513095855713 -0.8480415940284729
-0.30362120270729065 0.8894368410110474 -0.8057621717453003
-0.29761719703674316 0.8686630129814148 -0.7612417340278625
-0.288088858127594 0.8499454855918884 -0.719342827796936
-0.2737569510936737 0.8343963027000427 -0.6834232211112976
-0.25497835874557495 0.821708083152771 -0.6533076167106628
-0.23233874142169952 0.8113733530044556 -0.6283290386199951
-0.20643047988414764 0.802876353263855 -0.6078100800514221
-0.1778525710105896 0.7956933379173279 -0.5910627245903015
-0.14721107482910156 0.7892926335334778 -0.5773885250091553
-0.11511901766061783 0.7831330299377441 -0.5660780668258667
-0.08219677209854126 0.7766647338867188 -0.5564109086990356
-0.049073148518800735 0.7693274617195129 -0.5476545095443726
-0.016386015340685844 0.760549783706665 -0.5390633344650269
0.015216657891869545 0.7497476935386658 -0.5298773646354675
0.045075200498104095 0.7363235354423523 -0.5193211436271667
0.07251640409231186 0.7196635007858276 -0.5066009759902954
0.09685216844081879 0.6991361379623413 -0.490903377532959
0.11737651377916336 0.6740903258323669 -0.47139209508895874
0.13337361812591553 0.6438685655593872 -0.4472220838069916
0.14450696110725403 0.6084532737731934 -0.41818365454673767
0.15094934403896332 0.5686937570571899 -0.38492727279663086
0.1529064178466797 0.5255247354507446 -0.3481823205947876
0.1505853533744812 0.4799143970012665 -0.3087041676044464
0.14419759809970856 0.43286845088005066 -0.2672783434391022
0.1339622139930725 0.3854328691959381 -0.22472277283668518
0.12010826170444489 0.33869469165802 -0.1818895787000656
0.1028776615858078 0.2937832474708557 -0.13966597616672516
0.08252725005149841 0.25186753273010254 -0.09897338598966599
0.05933116003870964 0.2141539305448532 -0.06076601892709732
0.0335819236934185 0.181879922747612 -0.026026466861367226
0.005592349451035261 0.15630820393562317 0.0042379070073366165
-0.02430407889187336 0.13871647417545319 0.029002720490098
-0.05575289577245712 0.130386620759964 0.04723441228270531
-0.08837916702032089 0.13259071111679077 0.05790068954229355
-0.12178095430135727 0.14646220207214355 0.06005919724702835
-0.15542808175086975 0.17139209806919098 0.05394962057471275
-0.1886969953775406 0.205403670668602 0.040742624551057816
-0.22096320986747742 0.24643589556217194 0.021670425310730934
-0.25160783529281616 0.2923940420150757 -0.0020065230783075094
-0.28002187609672546 0.34116604924201965 -0.029009871184825897
-0.30561062693595886 0.39063942432403564 -0.05805378034710884
-0.32779642939567566 0.43871521949768066 -0.08785389363765717
-0.3460220992565155 0.4833221137523651 -0.11713643372058868
-0.3597535490989685 0.5224290490150452 -0.14464633166790009
-0.3684816360473633 0.5540565252304077 -0.16915449500083923
-0.3717239797115326 0.5762855410575867 -0.18946413695812225
-0.36902591586112976 0.5872660875320435 -0.20441631972789764
-0.3599611222743988 0.5852228999137878 -0.21289408206939697
-0.34413179755210876 0.5684608221054077 -0.21382617950439453
-0.3211686611175537 0.5353677868843079 -0.20618970692157745
-0.29103657603263855 0.4849671423435211 -0.18925894796848297
-0.25594815611839294 0.4203571081161499 -0.16415254771709442
-0.2189968079328537 0.3462429344654083 -0.13272660970687866
-0.1831211894750595 0.2670457363128662 -0.09671618044376373
-0.15112416446208954 0.1868964433670044 -0.05771905928850174
-0.12572509050369263 0.10968081653118134 -0.01720045693218708
-0.10963643342256546 0.03911720588803291 0.023490507155656815
-0.105667844414711 -0.021130820736289024 0.06309295445680618
-0.11686250567436218 -0.06730728596448898 0.10039719194173813
-0.14667829871177673 -0.09536773711442947 0.1341945230960846
-0.19923339784145355 -0.10072068870067596 0.16321420669555664
-0.2796534299850464 -0.07786687463521957 0.18603754043579102
-0.3945794701576233 -0.019879378378391266 0.20097754895687103
-0.5529443621635437 0.08238238096237183 0.20590123534202576
-0.7672171592712402 0.24152229726314545 0.19795207679271698
-1.055478811264038 0.47568652033805847 0.17309091985225677
-1.1731771230697632 0.2763386070728302 1.1734557151794434
-0.9451248049736023 0.449997216463089 0.6629813313484192
-0.7634161114692688 0.5882629156112671 0.2535736858844757
-0.6203045845031738 0.6968969106674194 -0.07126768678426743
-0.5095870494842529 0.7804896235466003 -0.3246852457523346
-0.42618244886398315 0.8427799344062805 -0.5173729062080383
-0.36582762002944946 0.8868817687034607 -0.658227801322937
-0.32485541701316833 0.9154520630836487 -0.754828929901123
-0.30002719163894653 0.9308161735534668 -0.8137956857681274
-0.2884044647216797 0.9350647926330566 -0.8410646915435791
-0.2872488498687744 0.9301294684410095 -0.8421043753623962
-0.29394277930259705 0.9178431034088135 -0.8220875859260559
-0.30592721700668335 0.89998859167099 -0.7860280275344849
-0.3206518590450287 0.878336489200592 -0.7388898134231567
-0.3355383276939392 0.8546769618988037 -0.6856741905212402
-0.34795403480529785 0.8308405876159668 -0.6314830183982849
-0.35520267486572266 0.8087112307548523 -0.5815518498420715
-0.35548222064971924 0.7895448803901672 -0.5395064353942871
-0.3491106927394867 0.7730887532234192 -0.5051057934761047
-0.3367054760456085 0.7588760256767273 -0.4775679409503937
-0.31889617443084717 0.7464306950569153 -0.456096351146698
-0.29632505774497986 0.7352669835090637 -0.43987876176834106
-0.26964816451072693 0.7248887419700623 -0.42808622121810913
-0.23953616619110107 0.7147889733314514 -0.4198721647262573
-0.20667456090450287 0.7044496536254883 -0.41437166929244995
-0.1717650592327118 0.693341076374054 -0.41070041060447693
-0.1355258673429489 0.6809212565422058 -0.4079541265964508
-0.09869221597909927 0.6666361689567566 -0.4052075445652008
-0.06201721727848053 0.6499186754226685 -0.40151408314704895
-0.026272615417838097 0.6301891207695007 -0.3959048092365265
0.007751538418233395 0.6068540811538696 -0.3873881697654724
0.03924551606178284 0.579306960105896 -0.37494948506355286
0.06738901138305664 0.5469445586204529 -0.35756975412368774
0.0916951596736908 0.50980544090271 -0.33496466279029846
0.1121252030134201 0.46879127621650696 -0.3078373074531555
0.1286689192056656 0.4248899519443512 -0.2769794762134552
0.141315758228302 0.3791203498840332 -0.24320828914642334
0.15005624294281006 0.33253392577171326 -0.20736746490001678
0.154883474111557 0.28621333837509155 -0.17032727599143982
0.1557946801185608 0.24127155542373657 -0.13298389315605164
0.15279290080070496 0.1988498717546463 -0.09625871479511261
0.1458885222673416 0.16011406481266022 -0.06109582260251045
0.1351011097431183 0.12625057995319366 -0.02845950983464718
0.120460644364357 0.09846024960279465 0.0006704588304273784
0.102009616792202 0.07795239239931107 0.025302601978182793
0.07980423420667648 0.06593649089336395 0.044440217316150665
0.053915902972221375 0.06361351162195206 0.05708764120936394
0.024432532489299774 0.07216580957174301 0.06225818023085594
-0.00851470697671175 0.09263397753238678 0.05906146764755249
-0.04439747706055641 0.12434328347444534 0.047816962003707886
-0.08238402754068375 0.1652875542640686 0.029785240069031715
-0.12163251638412476 0.21339890360832214 0.006272783037275076
-0.1613037884235382 0.2665959298610687 -0.0214010551571846
-0.20056575536727905 0.3227958679199219 -0.05191242694854736
-0.2385985106229782 0.37992826104164124 -0.08394171297550201
-0.274596244096756 0.43594256043434143 -0.11617900431156158
-0.30777087807655334 0.4888179898262024 -0.1473306268453598
-0.33735376596450806 0.5365698337554932 -0.17612344026565552
-0.36259710788726807 0.5772548317909241 -0.2013087123632431
-0.38277438282966614 0.6089739203453064 -0.22166432440280914
-0.3971807658672333 0.6298743486404419 -0.23599651455879211
-0.40513232350349426 0.6381504535675049 -0.24314028024673462
-0.40596500039100647 0.6320412755012512 -0.24195894598960876
-0.39903315901756287 0.6098296046257019 -0.2313431352376938
-0.38400620222091675 0.5703262686729431 -0.21046236157417297
-0.36275210976600647 0.5159461498260498 -0.18035870790481567
-0.3380538523197174 0.4505806565284729 -0.14283955097198486
-0.31260931491851807 0.37793537974357605 -0.09960801899433136
-0.28904128074645996 0.3015190660953522 -0.05224805325269699
-0.26993346214294434 0.22466671466827393 -0.002225809032097459
-0.25788527727127075 0.15058685839176178 0.04909973964095116
-0.25558891892433167 0.08243151009082794 0.10045698285102844
-0.26593178510665894 0.023389970883727074 0.15063557028770447
-0.29213306307792664 -0.023184185847640038 0.19844895601272583
-0.3379284739494324 -0.05360759049654007 0.24268922209739685
-0.4078259766101837 -0.06363996863365173 0.282065212726593
-0.5074715614318848 -0.048165664076805115 0.3151196539402008
-0.6441887617111206 -0.0007290634093806148 0.34011033177375793
-0.8278099298477173 0.08717256784439087 0.35483434796333313
-1.0719952583312988 0.227208212018013 0.3563513159751892
-1.14655601978302 0.04787500947713852 1.221193552017212
-0.8644137978553772 0.27187684178352356 0.6805289387702942
-0.6476327776908875 0.44809219241142273 0.2583598792552948
-0.48365142941474915 0.5855868458747864 -0.06790453940629959
-0.3629094660282135 0.6912181973457336 -0.31539005041122437
-0.2779256999492645 0.7703057527542114 -0.4974236786365509
-0.22267626225948334 0.8270822167396545 -0.6246551275253296
-0.1921624094247818 0.8650068044662476 -0.7058360576629639
-0.1821008324623108 0.88698810338974 -0.7483766674995422
-0.18869458138942719 0.8955488204956055 -0.7587563395500183
-0.20845988392829895 0.8929505348205566 -0.7428336143493652
-0.23809176683425903 0.8812885284423828 -0.7060860395431519
-0.27435892820358276 0.8625690340995789 -0.6537997722625732
-0.3140206038951874 0.838768482208252 -0.5912184119224548
-0.35376304388046265 0.8118821978569031 -0.523661732673645
-0.39015424251556396 0.783960223197937 -0.4566117227077484
-0.41962340474128723 0.7571297287940979 -0.3957616090774536
-0.43969568610191345 0.7328550815582275 -0.34508082270622253
-0.4506024420261383 0.7109648585319519 -0.3042776584625244
-0.4529571533203125 0.6910564303398132 -0.2724609076976776
-0.44738873839378357 0.6727179288864136 -0.24871933460235596
-0.434544175863266 0.6555278897285461 -0.2321186065673828
-0.4150920510292053 0.639054536819458 -0.22169829905033112
-0.38972458243370056 0.622855007648468 -0.21646927297115326
-0.35915979743003845 0.6064754724502563 -0.21541176736354828
-0.3241438865661621 0.5894509553909302 -0.2174738496541977
-0.2854522466659546 0.5713059902191162 -0.221570685505867
-0.24389027059078217 0.5515546202659607 -0.22658422589302063
-0.2002943903207779 0.5297024250030518 -0.23136408627033234
-0.15553191304206848 0.5052469372749329 -0.23472854495048523
-0.11049935221672058 0.4776800274848938 -0.23546728491783142
-0.06612224876880646 0.4464900493621826 -0.23234446346759796
-0.023345202207565308 0.41118019819259644 -0.22412508726119995
0.017135195434093475 0.3718782961368561 -0.21042199432849884
0.05496392771601677 0.32953906059265137 -0.19197998940944672
0.08980914205312729 0.28519725799560547 -0.16964532434940338
0.12134046107530594 0.23991091549396515 -0.14428861439228058
0.14922980964183807 0.19475790858268738 -0.11680223047733307
0.17315317690372467 0.15083184838294983 -0.08809682726860046
0.19279181957244873 0.10923739522695541 -0.059097882360219955
0.20783357322216034 0.07108689099550247 -0.03074273280799389
0.21797430515289307 0.037495553493499756 -0.003976353909820318
0.2229190319776535 0.009577147662639618 0.02025175467133522
0.2223833203315735 -0.011560969986021519 0.04099207744002342
0.21609441936016083 -0.024821331724524498 0.057298045605421066
0.20379243791103363 -0.02912171557545662 0.0682305321097374
0.1852312535047531 -0.023398922756314278 0.07286111265420914
0.16017983853816986 -0.00661337748169899 0.07027614116668701
0.12846995890140533 0.022138604894280434 0.059661317616701126
0.09065084904432297 0.062116559594869614 0.04143400490283966
0.047818515449762344 0.11132178455591202 0.016955358907580376
0.0010790033265948296 0.16772498190402985 -0.01238886546343565
-0.04847085475921631 0.22930821776390076 -0.04521896690130234
-0.09974725544452667 0.29407209157943726 -0.0801665186882019
-0.15168365836143494 0.3600434958934784 -0.11587905138731003
-0.20323139429092407 0.42527705430984497 -0.1510217785835266
-0.2533614933490753 0.48785847425460815 -0.18427932262420654
-0.3010648787021637 0.5459046959877014 -0.21435603499412537
-0.3453511595726013 0.5975617170333862 -0.23997466266155243
-0.38524678349494934 0.6410020589828491 -0.25987422466278076
-0.41979312896728516 0.6744197010993958 -0.2728066146373749
-0.4480419456958771 0.6960232853889465 -0.2775322198867798
-0.46905195713043213 0.7040284276008606 -0.2728142738342285
-0.4818834364414215 0.6966484785079956 -0.25741255283355713
-0.4858758747577667 0.6724849939346313 -0.23034627735614777
-0.4824473261833191 0.6330687999725342 -0.19260329008102417
-0.4739246368408203 0.5811753273010254 -0.14599856734275818
-0.4626077115535736 0.5194793939590454 -0.0922657772898674
-0.45077624917030334 0.45054444670677185 -0.03304729610681534
-0.44071176648139954 0.3768293857574463 0.030102873221039772
-0.4347324073314667 0.30070745944976807 0.09571047872304916
-0.4352417290210724 0.22449596226215363 0.16236528754234314
-0.44479304552078247 0.15049660205841064 0.2287006378173828
-0.46617591381073 0.08105239272117615 0.2933630347251892
-0.5025306940078735 0.018619105219841003 0.3549762964248657
-0.5575031042098999 -0.034137796610593796 0.41209185123443604
-0.6354579329490662 -0.07421272248029709 0.46312451362609863
-0.7417789697647095 -0.09807880222797394 0.5062626004219055
-0.8833069801330566 -0.10142949968576431 0.5393427610397339
-1.0689877271652222 -0.07879547029733658 0.5596641302108765
-1.0906764268875122 -0.2927470803260803 1.2654045820236206
-0.7390836477279663 0.010594969615340233 0.6917568445205688
-0.47910037636756897 0.2454264760017395 0.25836411118507385
-0.2905171811580658 0.4268741309642792 -0.06576745212078094
-0.15878179669380188 0.5657638907432556 -0.3029053509235382
-0.07305511087179184 0.6700827479362488 -0.46957603096961975
-0.024986840784549713 0.7458956241607666 -0.5784424543380737
-0.007913880981504917 0.7979435324668884 -0.639531135559082
-0.016313428059220314 0.830048680305481 -0.6610673666000366
-0.04541653394699097 0.8453977704048157 -0.6500616669654846
-0.09092411398887634 0.8467481732368469 -0.6127400994300842
-0.14879237115383148 0.8365814089775085 -0.5548669099807739
-0.21506527066230774 0.8172231316566467 -0.4819953441619873
-0.28574302792549133 0.7909358143806458 -0.3996649980545044
-0.3566783368587494 0.7599942088127136 -0.3135569393634796
-0.4235013723373413 0.7267438173294067 -0.22961004078388214
-0.48157912492752075 0.6936385631561279 -0.15408770740032196
-0.5275887250900269 0.6624250411987305 -0.09141131490468979
-0.5616134405136108 0.6330417394638062 -0.04127007722854614
-0.5842125415802002 0.6051745414733887 -0.0026847179979085922
-0.5959582924842834 0.5785043835639954 0.025348961353302002
-0.5974440574645996 0.5527064800262451 0.043868232518434525
-0.5892902612686157 0.5274497866630554 0.053949810564517975
-0.572151243686676 0.5023965239524841 0.05671588331460953
-0.5467215180397034 0.4772021472454071 0.05333873629570007
-0.5137406587600708 0.45151636004447937 0.04504408314824104
-0.4739982485771179 0.4249840974807739 0.03311288356781006
-0.4283367693424225 0.39724692702293396 0.018881238996982574
-0.37765470147132874 0.3679455816745758 0.0037383679300546646
-0.322907030582428 0.3367224335670471 -0.010877525433897972
-0.26510417461395264 0.30322498083114624 -0.02348640002310276
-0.20531006157398224 0.2671096622943878 -0.03257519006729126
-0.14463354647159576 0.22806072235107422 -0.036635104566812515
-0.08407963067293167 0.18633483350276947 -0.035127315670251846
-0.02448084019124508 0.1429295390844345 -0.028803609311580658
0.03334841504693031 0.09890355169773102 -0.01853342354297638
0.08860597014427185 0.05531984195113182 -0.005211022682487965
0.14050595462322235 0.01323845237493515 0.010252217762172222
0.18828341364860535 -0.026290683075785637 0.026935523375868797
0.23119747638702393 -0.06223363056778908 0.04391535744071007
0.26853272318840027 -0.09357639402151108 0.0602710098028183
0.2996009588241577 -0.1193285584449768 0.07508958876132965
0.32374098896980286 -0.13852523267269135 0.08746960014104843
0.34031835198402405 -0.1502281129360199 0.09652409702539444
0.34872329235076904 -0.15352502465248108 0.10138201713562012
0.34836912155151367 -0.1475287675857544 0.10118929296731949
0.3386887311935425 -0.13137471675872803 0.09510841965675354
0.31913161277770996 -0.10421783477067947 0.08231766521930695
0.28923189640045166 -0.06533016264438629 0.06209193170070648
0.2496052235364914 -0.015505177900195122 0.034951310604810715
0.20168080925941467 0.04331812635064125 0.002354722935706377
0.14688080549240112 0.10920770466327667 -0.034239500761032104
0.08659638464450836 0.18027134239673615 -0.073400117456913
0.02218606509268284 0.2546575963497162 -0.11372251063585281
-0.04502566531300545 0.3305559456348419 -0.15382833778858185
-0.1137453094124794 0.4061921238899231 -0.1923614889383316
-0.18270878493785858 0.47982460260391235 -0.22798451781272888
-0.25067776441574097 0.549738347530365 -0.2593730390071869
-0.3164348602294922 0.6142365336418152 -0.285209059715271
-0.3787769079208374 0.6716309189796448 -0.3041726350784302
-0.43650904297828674 0.7202313542366028 -0.3149324655532837
-0.4884348511695862 0.7583311796188354 -0.3161349594593048
-0.5333474278450012 0.7841935753822327 -0.3063914179801941
-0.5700179934501648 0.7960330843925476 -0.2842637300491333
-0.5974418520927429 0.7922818064689636 -0.24854706227779388
-0.6164869070053101 0.7733942866325378 -0.20017383992671967
-0.6288596987724304 0.7406989336013794 -0.14100758731365204
-0.6362670063972473 0.6954634189605713 -0.07286811619997025
-0.6404229998588562 0.6388894319534302 0.0024659582413733006
-0.6430652737617493 0.5721130967140198 0.08324579149484634
-0.6459737420082092 0.4962071478366852 0.16773824393749237
-0.6509952545166016 0.41218340396881104 0.25420743227005005
-0.6600741744041443 0.32099488377571106 0.3408948481082916
-0.6752898097038269 0.22354184091091156 0.4259893298149109
-0.6989046335220337 0.12067538499832153 0.5075955986976624
-0.7334253787994385 0.013203534297645092 0.5836906433105469
-0.78168123960495 -0.09810221940279007 0.6520702838897705
-0.846925675868988 -0.21249811351299286 0.7102790474891663
-0.9329735040664673 -0.3292609751224518 0.7555191516876221
-1.0443814992904663 -0.4476727545261383 0.7845266461372375
-0.9955011606216431 -0.7864823937416077 1.3059767484664917
-0.5557305812835693 -0.35963237285614014 0.6952537894248962
-0.2439928948879242 -0.0364709235727787 0.25245365500450134
-0.027836104854941368 0.20961278676986694 -0.06525694578886032
0.11469931900501251 0.39653804898262024 -0.2868425250053406
0.19910813868045807 0.5368393063545227 -0.43271148204803467
0.23676660656929016 0.6395865678787231 -0.5178090333938599
0.23637303709983826 0.7115567922592163 -0.5535125136375427
0.20487596094608307 0.7579813003540039 -0.5488486289978027
0.14810022711753845 0.7830442190170288 -0.5113138556480408
0.0711914673447609 0.7902268767356873 -0.4474491477012634
-0.02105654776096344 0.7825568914413452 -0.36326390504837036
-0.12394838780164719 0.762795627117157 -0.26455867290496826
-0.2326868623495102 0.7335828542709351 -0.1571788489818573
-0.3422122597694397 0.6975535154342651 -0.04721645265817642
-0.4470801055431366 0.6574292778968811 0.058836791664361954
-0.541388213634491 0.6160848140716553 0.15399634838104248
-0.6207588315010071 0.575630784034729 0.23323805630207062
-0.6850481629371643 0.5361445546150208 0.2968355417251587
-0.7346910834312439 0.49742674827575684 0.3458103537559509
-0.7701224684715271 0.4592841863632202 0.38121187686920166
-0.7917912006378174 0.4215283691883087 0.40413299202919006
-0.8001744747161865 0.3839770555496216 0.41572305560112
-0.795791745185852 0.34645429253578186 0.41720080375671387
-0.7792180776596069 0.3087908923625946 0.4098641574382782
-0.7510978579521179 0.27082622051239014 0.39509841799736023
-0.7121570706367493 0.2324099987745285 0.3743814527988434
-0.6632137894630432 0.1934034824371338 0.3492845594882965
-0.6051870584487915 0.15368252992630005 0.32147011160850525
-0.5391038060188293 0.11313987523317337 0.29268401861190796
-0.4661000370979309 0.0716872587800026 0.26474234461784363
-0.38742130994796753 0.029258791357278824 0.23951350152492523
-0.30441704392433167 -0.014175738207995892 0.21886584162712097
-0.21856743097305298 -0.058185167610645294 0.20357729494571686
-0.13143737614154816 -0.10176640748977661 0.19297169148921967
-0.04457291588187218 -0.1438976228237152 0.1862328052520752
0.04052434489130974 -0.1835886687040329 0.18251295387744904
0.12241189926862717 -0.2198895663022995 0.18094708025455475
0.19971853494644165 -0.2518969178199768 0.1806648075580597
0.27115166187286377 -0.27875709533691406 0.18080028891563416
0.335499107837677 -0.2996664047241211 0.1805000901222229
0.3916291892528534 -0.3138693869113922 0.1789284646511078
0.438485324382782 -0.3206545412540436 0.17527079582214355
0.4750805199146271 -0.31934845447540283 0.16873463988304138
0.5004857778549194 -0.30930814146995544 0.15854890644550323
0.5138198137283325 -0.2899125814437866 0.1439613550901413
0.5142351984977722 -0.2605520188808441 0.12423422187566757
0.5009037256240845 -0.2206178605556488 0.09863871335983276
0.47310084104537964 -0.1695822775363922 0.06653234362602234
0.43157950043678284 -0.10825973004102707 0.028522208333015442
0.3781815469264984 -0.03845679387450218 -0.013856584206223488
0.31469976902008057 0.03806651756167412 -0.05909605324268341
0.24285143613815308 0.11961913108825684 -0.1057344302535057
0.16428367793560028 0.20457209646701813 -0.1523490995168686
0.0805773064494133 0.2913523316383362 -0.197548970580101
-0.006743024103343487 0.3784315884113312 -0.2399640828371048
-0.09620219469070435 0.46431705355644226 -0.2782351076602936
-0.18636468052864075 0.5475398898124695 -0.31100136041641235
-0.27582353353500366 0.6266424655914307 -0.336887001991272
-0.36318841576576233 0.7001628875732422 -0.3544858396053314
-0.4470730423927307 0.7666206359863281 -0.36234337091445923
-0.5260778069496155 0.8244954943656921 -0.3589368164539337
-0.5987741947174072 0.8722081184387207 -0.34265199303627014
-0.6636841893196106 0.9080951809883118 -0.3117564022541046
-0.7194807529449463 0.9305152893066406 -0.26470842957496643
-0.7664002776145935 0.9386850595474243 -0.2023450881242752
-0.8053582906723022 0.9321410655975342 -0.12658900022506714
-0.8372344970703125 0.9103047251701355 -0.03938096761703491
-0.8628858923912048 0.8724862933158875 0.057289864867925644
-0.8831614851951599 0.8178896903991699 0.1613522171974182
-0.8989161849021912 0.7456173896789551 0.2706194221973419
-0.9110236167907715 0.6546793580055237 0.38275694847106934
-0.9203881621360779 0.543998658657074 0.49525418877601624
-0.9279555678367615 0.4124261140823364 0.605391800403595
-0.934723973274231 0.25875258445739746 0.7102179527282715
-0.9417522549629211 0.08172841370105743 0.806523323059082
-0.9501677751541138 -0.11991354078054428 0.8908231258392334
-0.9611718058586121 -0.3474273085594177 0.9593435525894165
-0.9760429263114929 -0.6020229458808899 1.0080199241638184
-0.9961363673210144 -0.8848176002502441 1.03249990940094
-0.8448856472969055 -1.499070644378662 1.3426494598388672
-0.2940368056297302 -0.877781331539154 0.6888555288314819
0.07770783454179764 -0.42175307869911194 0.23900319635868073
0.3226499557495117 -0.08171947300434113 -0.06688782572746277
0.473723441362381 0.17324930429458618 -0.26660510897636414
0.5527973175048828 0.3635587990283966 -0.3852522373199463
0.5750992298126221 0.5032407641410828 -0.44031357765197754
0.5517372488975525 0.6023035049438477 -0.44453877210617065
0.4912277162075043 0.668140709400177 -0.4076869487762451
0.40047338604927063 0.7064177989959717 -0.33764076232910156
0.2854311168193817 0.7216567397117615 -0.24116110801696777
0.15159080922603607 0.7176409363746643 -0.12442597001791
0.004342499189078808 0.6977104544639587 0.006561684887856245
-0.15073063969612122 0.664986252784729 0.14565345644950867
-0.30761125683784485 0.6225486397743225 0.2862948775291443
-0.45965591073036194 0.5735810995101929 0.421322226524353
-0.5994663834571838 0.5214796662330627 0.5428304672241211
-0.7213648557662964 0.4688110053539276 0.6449819803237915
-0.8248808979988098 0.4158182442188263 0.7279219627380371
-0.9102275967597961 0.36244258284568787 0.7926312685012817
-0.9775837659835815 0.3086529076099396 0.8401144742965698
-1.027117133140564 0.254447340965271 0.871425449848175
-1.0590101480484009 0.19985783100128174 0.8876931667327881
-1.0734868049621582 0.14495208859443665 0.8901457786560059
-1.0708413124084473 0.08983613550662994 0.8801326751708984
-1.0514671802520752 0.034657273441553116 0.8591423630714417
-1.0158872604370117 -0.020394690334796906 0.8288164734840393
-0.9647811055183411 -0.07508733123540878 0.7909574508666992
-0.8990111947059631 -0.12914583086967468 0.7475273609161377
-0.8196440935134888 -0.18225571513175964 0.7006393671035767
-0.7279636859893799 -0.2340683788061142 0.6525360345840454
-0.6254785060882568 -0.28420668840408325 0.6055589914321899
-0.5139240026473999 -0.33226850628852844 0.5620749592781067
-0.3955432176589966 -0.37760788202285767 0.5232648253440857
-0.2730466425418854 -0.4193146824836731 0.4887056052684784
-0.14910398423671722 -0.45654287934303284 0.4577963352203369
-0.026259053498506546 -0.4885388910770416 0.42988064885139465
0.09310753643512726 -0.5146419405937195 0.40426576137542725
0.2068047821521759 -0.534280002117157 0.38023841381073
0.31284284591674805 -0.5469616651535034 0.35707831382751465
0.40943026542663574 -0.5522646903991699 0.33406850695610046
0.4949653446674347 -0.5498229265213013 0.31050166487693787
0.568015992641449 -0.5393112897872925 0.2856842279434204
0.627297043800354 -0.5204305052757263 0.25893643498420715
0.671639621257782 -0.49289143085479736 0.22959096729755402
0.6999610662460327 -0.45639941096305847 0.19698835909366608
0.7112306952476501 -0.41063785552978516 0.16047056019306183
0.7044344544410706 -0.35525259375572205 0.11937250196933746
0.6786704659461975 -0.28991466760635376 0.07309805601835251
0.6349228024482727 -0.215397909283638 0.022297093644738197
0.5755314230918884 -0.1332794576883316 -0.031465236097574234
0.5027119517326355 -0.04505354166030884 -0.08667287230491638
0.418531209230423 0.04787853732705116 -0.14186927676200867
0.32492610812187195 0.14419516921043396 -0.19564177095890045
0.2237173169851303 0.24264344573020935 -0.24660681188106537
0.11662892997264862 0.3420230746269226 -0.29339104890823364
0.005304064601659775 0.4411742389202118 -0.33461466431617737
-0.10867799073457718 0.5389637351036072 -0.36887088418006897
-0.22378331422805786 0.6342695951461792 -0.39470478892326355
-0.33850398659706116 0.7259642481803894 -0.4105879068374634
-0.4513382613658905 0.8128985166549683 -0.41489025950431824
-0.5607659816741943 0.8938789963722229 -0.40584713220596313
-0.6652235388755798 0.9676454663276672 -0.38151901960372925
-0.7630733847618103 1.032844066619873 -0.3397449851036072
-0.8527443408966064 1.08794105052948 -0.27848169207572937
-0.9338057637214661 1.1308175325393677 -0.1983732134103775
-1.0062243938446045 1.1588859558105469 -0.10135620832443237
-1.0697916746139526 1.1692320108413696 0.010515565983951092
-1.1241378784179688 1.158614158630371 0.1349898725748062
-1.168745756149292 1.123476505279541 0.2695312201976776
-1.2029705047607422 1.0599877834320068 0.4112406373023987
-1.2260630130767822 0.9641095399856567 0.5567849278450012
-1.237204670906067 0.8317012190818787 0.7023458480834961
-1.2355488538742065 0.6586739420890808 0.8435870409011841
-1.2202775478363037 0.4411892890930176 0.9756636619567871
-1.190667748451233 0.17590823769569397 1.0932750701904297
-1.1461700201034546 -0.1397179365158081 1.1907771825790405
-1.0864934921264648 -0.5071302652359009 1.2623597383499146
-1.0116890668869019 -0.9263561964035034 1.3022922277450562
-0.9222268462181091 -1.3957220315933228 1.3052254915237427
